/*--------------------------------*- C++ -*----------------------------------*\
  =========                 |
  \\      /  F ield         | OpenFOAM: The Open Source CFD Toolbox
   \\    /   O peration     | Website:  https://openfoam.org
    \\  /    A nd           | Version:  dev
     \\/     M anipulation  |
\*---------------------------------------------------------------------------*/
FoamFile
{
    format      ascii;
    class       faceList;
    location    "1/polyMesh";
    object      faces;
}
// * * * * * * * * * * * * * * * * * * * * * * * * * * * * * * * * * * * * * //


33223
(
3(3240 8331 3239)
3(12210 12890 1815)
4(12890 3239 8331 1815)
4(8331 3240 12210 1815)
3(3242 8335 3241)
3(12220 12891 1816)
4(12891 3241 8335 1816)
4(8335 3242 12220 1816)
3(3244 8339 3243)
3(12230 12892 1817)
4(12892 3243 8339 1817)
4(8339 3244 12230 1817)
3(3246 8343 3245)
3(12240 12893 1818)
4(12893 3245 8343 1818)
4(8343 3246 12240 1818)
3(3248 8347 3247)
3(12250 12895 1819)
4(12895 3247 8347 1819)
4(8347 3248 12250 1819)
3(3250 8351 3249)
3(12260 12897 1820)
4(12897 3249 8351 1820)
4(8351 3250 12260 1820)
3(3252 8355 3251)
3(12270 12899 1821)
4(12899 3251 8355 1821)
4(8355 3252 12270 1821)
3(3254 8359 3253)
3(12280 12901 1822)
4(12901 3253 8359 1822)
4(8359 3254 12280 1822)
3(3256 8363 3255)
3(12290 12903 1823)
4(12903 3255 8363 1823)
4(8363 3256 12290 1823)
3(3258 8367 3257)
3(12300 12904 1824)
4(12904 3257 8367 1824)
4(8367 3258 12300 1824)
3(3260 8371 3259)
3(12310 12905 1825)
4(12905 3259 8371 1825)
4(8371 3260 12310 1825)
3(3262 8375 3261)
3(12320 12906 1826)
4(12906 3261 8375 1826)
4(8375 3262 12320 1826)
3(3264 8379 3263)
3(12330 12907 1827)
4(12907 3263 8379 1827)
4(8379 3264 12330 1827)
3(3266 8383 3265)
3(12340 12908 1828)
4(12908 3265 8383 1828)
4(8383 3266 12340 1828)
3(3268 8387 3267)
3(12350 12909 1829)
4(12909 3267 8387 1829)
4(8387 3268 12350 1829)
4(0 3272 8391 3271)
4(12360 3270 12910 1830)
4(12910 3271 8391 1830)
4(8391 3272 12360 1830)
3(3275 8395 3274)
4(12911 3274 8395 1831)
4(8395 3275 12370 1831)
4(2 3284 8400 3286)
4(2 3286 8401 3285)
4(8400 3284 12894 1832)
4(8401 3286 8400 1832)
4(3 3289 8404 3291)
4(3 3291 8405 3290)
4(8404 3289 12896 1833)
4(8405 3291 8404 1833)
4(4 3294 8408 3296)
4(4 3296 8409 3295)
4(8408 3294 12898 1834)
4(8409 3296 8408 1834)
4(5 3299 8412 3301)
4(5 3301 8413 3300)
4(8412 3299 12900 1835)
4(8413 3301 8412 1835)
4(6 3304 8416 3306)
4(6 3306 8417 3305)
4(8416 3304 12902 1836)
4(8417 3306 8416 1836)
4(9 3323 8425 3322)
4(9 3324 8426 3323)
4(12211 3322 8425 1837)
4(8425 3323 8426 1837)
4(8426 3324 12211 1837)
4(10 3328 8430 3327)
4(10 3329 8431 3328)
4(12221 3327 8430 1838)
4(8430 3328 8431 1838)
4(8431 3329 12221 1838)
4(11 3333 8435 3332)
4(11 3334 8436 3333)
4(12231 3332 8435 1839)
4(8435 3333 8436 1839)
4(8436 3334 12231 1839)
4(12 3338 8440 3337)
4(12 3339 8441 3338)
4(12241 3337 8440 1840)
4(8440 3338 8441 1840)
4(8441 3339 12241 1840)
4(13 3343 8445 3342)
4(13 3344 8446 3343)
4(12251 3342 8445 1841)
4(8445 3343 8446 1841)
4(8446 3344 12251 1841)
4(14 3348 8450 3347)
4(14 3349 8451 3348)
4(12261 3347 8450 1842)
4(8450 3348 8451 1842)
4(8451 3349 12261 1842)
4(15 3353 8455 3352)
4(15 3354 8456 3353)
4(12271 3352 8455 1843)
4(8455 3353 8456 1843)
4(8456 3354 12271 1843)
4(16 3358 8460 3357)
4(16 3359 8461 3358)
4(12281 3357 8460 1844)
4(8460 3358 8461 1844)
4(8461 3359 12281 1844)
4(17 3363 8465 3362)
4(17 3364 8466 3363)
4(12291 3362 8465 1845)
4(8465 3363 8466 1845)
4(8466 3364 12291 1845)
4(18 3368 8470 3367)
4(18 3369 8471 3368)
4(12301 3367 8470 1846)
4(8470 3368 8471 1846)
4(8471 3369 12301 1846)
4(19 3373 8475 3372)
4(19 3374 8476 3373)
4(12311 3372 8475 1847)
4(8475 3373 8476 1847)
4(8476 3374 12311 1847)
4(20 3378 8480 3377)
4(20 3379 8481 3378)
4(12321 3377 8480 1848)
4(8480 3378 8481 1848)
4(8481 3379 12321 1848)
4(21 3383 8485 3382)
4(21 3384 8486 3383)
4(12331 3382 8485 1849)
4(8485 3383 8486 1849)
4(8486 3384 12331 1849)
4(22 3388 8490 3387)
4(22 3389 8491 3388)
4(12341 3387 8490 1850)
4(8490 3388 8491 1850)
4(8491 3389 12341 1850)
4(23 3393 8495 3392)
4(23 3394 8496 3393)
4(12351 3392 8495 1851)
4(8495 3393 8496 1851)
4(8496 3394 12351 1851)
4(24 3398 8500 3397)
4(24 3399 8501 3398)
4(12361 3397 8500 1852)
4(8500 3398 8501 1852)
4(8501 3399 12361 1852)
4(25 3403 8505 3402)
4(25 3404 8506 3403)
4(8505 3403 8506 1853)
4(8506 3404 12371 1853)
4(28 3419 8510 3418)
4(28 3418 8511 3420)
4(28 3420 8512 3419)
4(8511 3418 8510 1854)
4(8512 3420 8511 1854)
4(29 3425 8515 3424)
4(29 3424 8516 3426)
4(29 3426 8517 3425)
4(8516 3424 8515 1855)
4(8517 3426 8516 1855)
4(30 3431 8520 3430)
4(30 3430 8521 3432)
4(30 3432 8522 3431)
4(8521 3430 8520 1856)
4(8522 3432 8521 1856)
4(31 3437 8525 3436)
4(31 3436 8526 3438)
4(31 3438 8527 3437)
4(8526 3436 8525 1857)
4(8527 3438 8526 1857)
4(32 3443 8530 3442)
4(32 3442 8531 3444)
4(32 3444 8532 3443)
4(8531 3442 8530 1858)
4(8532 3444 8531 1858)
4(37 3470 8540 3469)
4(37 3471 8541 3470)
4(12212 3469 8540 1859)
4(8540 3470 8541 1859)
4(8541 3471 12212 1859)
4(38 3475 8545 3474)
4(38 3476 8546 3475)
4(12222 3474 8545 1860)
4(8545 3475 8546 1860)
4(8546 3476 12222 1860)
4(39 3480 8550 3479)
4(39 3481 8551 3480)
4(12232 3479 8550 1861)
4(8550 3480 8551 1861)
4(8551 3481 12232 1861)
4(40 3485 8555 3484)
4(40 3486 8556 3485)
4(12242 3484 8555 1862)
4(8555 3485 8556 1862)
4(8556 3486 12242 1862)
4(41 3490 8560 3489)
4(41 3491 8561 3490)
4(12252 3489 8560 1863)
4(8560 3490 8561 1863)
4(8561 3491 12252 1863)
4(42 3495 8565 3494)
4(42 3496 8566 3495)
4(12262 3494 8565 1864)
4(8565 3495 8566 1864)
4(8566 3496 12262 1864)
4(43 3500 8570 3499)
4(43 3501 8571 3500)
4(12272 3499 8570 1865)
4(8570 3500 8571 1865)
4(8571 3501 12272 1865)
4(44 3505 8575 3504)
4(44 3506 8576 3505)
4(12282 3504 8575 1866)
4(8575 3505 8576 1866)
4(8576 3506 12282 1866)
4(45 3510 8580 3509)
4(45 3511 8581 3510)
4(12292 3509 8580 1867)
4(8580 3510 8581 1867)
4(8581 3511 12292 1867)
4(46 3515 8585 3514)
4(46 3516 8586 3515)
4(12302 3514 8585 1868)
4(8585 3515 8586 1868)
4(8586 3516 12302 1868)
4(47 3520 8590 3519)
4(47 3521 8591 3520)
4(12312 3519 8590 1869)
4(8590 3520 8591 1869)
4(8591 3521 12312 1869)
4(48 3525 8595 3524)
4(48 3526 8596 3525)
4(12322 3524 8595 1870)
4(8595 3525 8596 1870)
4(8596 3526 12322 1870)
4(49 3530 8600 3529)
4(49 3531 8601 3530)
4(12332 3529 8600 1871)
4(8600 3530 8601 1871)
4(8601 3531 12332 1871)
4(50 3535 8605 3534)
4(50 3536 8606 3535)
4(12342 3534 8605 1872)
4(8605 3535 8606 1872)
4(8606 3536 12342 1872)
4(51 3540 8610 3539)
4(51 3541 8611 3540)
4(12352 3539 8610 1873)
4(8610 3540 8611 1873)
4(8611 3541 12352 1873)
4(52 3545 8615 3544)
4(52 3546 8616 3545)
4(12362 3544 8615 1874)
4(8615 3545 8616 1874)
4(8616 3546 12362 1874)
4(53 3550 8620 3549)
4(53 3551 8621 3550)
4(8620 3550 8621 1875)
4(8621 3551 12372 1875)
4(56 3566 8625 3565)
4(56 3565 8626 3567)
4(56 3567 8627 3566)
4(8626 3565 8625 1876)
4(8627 3567 8626 1876)
4(57 3572 8630 3571)
4(57 3571 8631 3573)
4(57 3573 8632 3572)
4(8631 3571 8630 1877)
4(8632 3573 8631 1877)
4(58 3578 8635 3577)
4(58 3577 8636 3579)
4(58 3579 8637 3578)
4(8636 3577 8635 1878)
4(8637 3579 8636 1878)
4(59 3584 8640 3583)
4(59 3583 8641 3585)
4(59 3585 8642 3584)
4(8641 3583 8640 1879)
4(8642 3585 8641 1879)
4(60 3590 8645 3589)
4(60 3589 8646 3591)
4(60 3591 8647 3590)
4(8646 3589 8645 1880)
4(8647 3591 8646 1880)
4(65 3617 8655 3616)
4(65 3618 8656 3617)
4(12213 3616 8655 1881)
4(8655 3617 8656 1881)
4(8656 3618 12213 1881)
4(66 3622 8660 3621)
4(66 3623 8661 3622)
4(12223 3621 8660 1882)
4(8660 3622 8661 1882)
4(8661 3623 12223 1882)
4(67 3627 8665 3626)
4(67 3628 8666 3627)
4(12233 3626 8665 1883)
4(8665 3627 8666 1883)
4(8666 3628 12233 1883)
4(68 3632 8670 3631)
4(68 3633 8671 3632)
4(12243 3631 8670 1884)
4(8670 3632 8671 1884)
4(8671 3633 12243 1884)
4(69 3637 8675 3636)
4(69 3638 8676 3637)
4(12253 3636 8675 1885)
4(8675 3637 8676 1885)
4(8676 3638 12253 1885)
4(70 3642 8680 3641)
4(70 3643 8681 3642)
4(12263 3641 8680 1886)
4(8680 3642 8681 1886)
4(8681 3643 12263 1886)
4(71 3647 8685 3646)
4(71 3648 8686 3647)
4(12273 3646 8685 1887)
4(8685 3647 8686 1887)
4(8686 3648 12273 1887)
4(72 3652 8690 3651)
4(72 3653 8691 3652)
4(12283 3651 8690 1888)
4(8690 3652 8691 1888)
4(8691 3653 12283 1888)
4(73 3657 8695 3656)
4(73 3658 8696 3657)
4(12293 3656 8695 1889)
4(8695 3657 8696 1889)
4(8696 3658 12293 1889)
4(74 3662 8700 3661)
4(74 3663 8701 3662)
4(12303 3661 8700 1890)
4(8700 3662 8701 1890)
4(8701 3663 12303 1890)
4(75 3667 8705 3666)
4(75 3668 8706 3667)
4(12313 3666 8705 1891)
4(8705 3667 8706 1891)
4(8706 3668 12313 1891)
4(76 3672 8710 3671)
4(76 3673 8711 3672)
4(12323 3671 8710 1892)
4(8710 3672 8711 1892)
4(8711 3673 12323 1892)
4(77 3677 8715 3676)
4(77 3678 8716 3677)
4(12333 3676 8715 1893)
4(8715 3677 8716 1893)
4(8716 3678 12333 1893)
4(78 3682 8720 3681)
4(78 3683 8721 3682)
4(12343 3681 8720 1894)
4(8720 3682 8721 1894)
4(8721 3683 12343 1894)
4(79 3687 8725 3686)
4(79 3688 8726 3687)
4(12353 3686 8725 1895)
4(8725 3687 8726 1895)
4(8726 3688 12353 1895)
4(80 3692 8730 3691)
4(80 3693 8731 3692)
4(12363 3691 8730 1896)
4(8730 3692 8731 1896)
4(8731 3693 12363 1896)
4(81 3697 8735 3696)
4(81 3698 8736 3697)
4(8735 3697 8736 1897)
4(8736 3698 12373 1897)
4(84 3713 8740 3712)
4(84 3712 8741 3714)
4(84 3714 8742 3713)
4(8741 3712 8740 1898)
4(8742 3714 8741 1898)
4(85 3719 8745 3718)
4(85 3718 8746 3720)
4(85 3720 8747 3719)
4(8746 3718 8745 1899)
4(8747 3720 8746 1899)
4(86 3725 8750 3724)
4(86 3724 8751 3726)
4(86 3726 8752 3725)
4(8751 3724 8750 1900)
4(8752 3726 8751 1900)
4(87 3731 8755 3730)
4(87 3730 8756 3732)
4(87 3732 8757 3731)
4(8756 3730 8755 1901)
4(8757 3732 8756 1901)
4(88 3737 8760 3736)
4(88 3736 8761 3738)
4(88 3738 8762 3737)
4(8761 3736 8760 1902)
4(8762 3738 8761 1902)
4(93 3764 8770 3763)
4(93 3765 8771 3764)
4(12214 3763 8770 1903)
4(8770 3764 8771 1903)
4(8771 3765 12214 1903)
4(94 3769 8775 3768)
4(94 3770 8776 3769)
4(12224 3768 8775 1904)
4(8775 3769 8776 1904)
4(8776 3770 12224 1904)
4(95 3774 8780 3773)
4(95 3775 8781 3774)
4(12234 3773 8780 1905)
4(8780 3774 8781 1905)
4(8781 3775 12234 1905)
4(96 3779 8785 3778)
4(96 3780 8786 3779)
4(12244 3778 8785 1906)
4(8785 3779 8786 1906)
4(8786 3780 12244 1906)
4(97 3784 8790 3783)
4(97 3785 8791 3784)
4(12254 3783 8790 1907)
4(8790 3784 8791 1907)
4(8791 3785 12254 1907)
4(98 3789 8795 3788)
4(98 3790 8796 3789)
4(12264 3788 8795 1908)
4(8795 3789 8796 1908)
4(8796 3790 12264 1908)
4(99 3794 8800 3793)
4(99 3795 8801 3794)
4(12274 3793 8800 1909)
4(8800 3794 8801 1909)
4(8801 3795 12274 1909)
4(100 3799 8805 3798)
4(100 3800 8806 3799)
4(12284 3798 8805 1910)
4(8805 3799 8806 1910)
4(8806 3800 12284 1910)
4(101 3804 8810 3803)
4(101 3805 8811 3804)
4(12294 3803 8810 1911)
4(8810 3804 8811 1911)
4(8811 3805 12294 1911)
4(102 3809 8815 3808)
4(102 3810 8816 3809)
4(12304 3808 8815 1912)
4(8815 3809 8816 1912)
4(8816 3810 12304 1912)
4(103 3814 8820 3813)
4(103 3815 8821 3814)
4(12314 3813 8820 1913)
4(8820 3814 8821 1913)
4(8821 3815 12314 1913)
4(104 3819 8825 3818)
4(104 3820 8826 3819)
4(12324 3818 8825 1914)
4(8825 3819 8826 1914)
4(8826 3820 12324 1914)
4(105 3824 8830 3823)
4(105 3825 8831 3824)
4(12334 3823 8830 1915)
4(8830 3824 8831 1915)
4(8831 3825 12334 1915)
4(106 3829 8835 3828)
4(106 3830 8836 3829)
4(12344 3828 8835 1916)
4(8835 3829 8836 1916)
4(8836 3830 12344 1916)
4(107 3834 8840 3833)
4(107 3835 8841 3834)
4(12354 3833 8840 1917)
4(8840 3834 8841 1917)
4(8841 3835 12354 1917)
4(108 3839 8845 3838)
4(108 3840 8846 3839)
4(12364 3838 8845 1918)
4(8845 3839 8846 1918)
4(8846 3840 12364 1918)
4(109 3844 8850 3843)
4(109 3845 8851 3844)
4(8850 3844 8851 1919)
4(8851 3845 12374 1919)
4(112 3860 8855 3859)
4(112 3859 8856 3861)
4(112 3861 8857 3860)
4(8856 3859 8855 1920)
4(8857 3861 8856 1920)
4(113 3866 8860 3865)
4(113 3865 8861 3867)
4(113 3867 8862 3866)
4(8861 3865 8860 1921)
4(8862 3867 8861 1921)
4(114 3872 8865 3871)
4(114 3871 8866 3873)
4(114 3873 8867 3872)
4(8866 3871 8865 1922)
4(8867 3873 8866 1922)
4(115 3878 8870 3877)
4(115 3877 8871 3879)
4(115 3879 8872 3878)
4(8871 3877 8870 1923)
4(8872 3879 8871 1923)
4(116 3884 8875 3883)
4(116 3883 8876 3885)
4(116 3885 8877 3884)
4(8876 3883 8875 1924)
4(8877 3885 8876 1924)
4(121 3911 8885 3910)
4(121 3912 8886 3911)
4(12215 3910 8885 1925)
4(8885 3911 8886 1925)
4(8886 3912 12215 1925)
4(122 3916 8890 3915)
4(122 3917 8891 3916)
4(12225 3915 8890 1926)
4(8890 3916 8891 1926)
4(8891 3917 12225 1926)
4(123 3921 8895 3920)
4(123 3922 8896 3921)
4(12235 3920 8895 1927)
4(8895 3921 8896 1927)
4(8896 3922 12235 1927)
4(124 3926 8900 3925)
4(124 3927 8901 3926)
4(12245 3925 8900 1928)
4(8900 3926 8901 1928)
4(8901 3927 12245 1928)
4(125 3931 8905 3930)
4(125 3932 8906 3931)
4(12255 3930 8905 1929)
4(8905 3931 8906 1929)
4(8906 3932 12255 1929)
4(126 3936 8910 3935)
4(126 3937 8911 3936)
4(12265 3935 8910 1930)
4(8910 3936 8911 1930)
4(8911 3937 12265 1930)
4(127 3941 8915 3940)
4(127 3942 8916 3941)
4(12275 3940 8915 1931)
4(8915 3941 8916 1931)
4(8916 3942 12275 1931)
4(128 3946 8920 3945)
4(128 3947 8921 3946)
4(12285 3945 8920 1932)
4(8920 3946 8921 1932)
4(8921 3947 12285 1932)
4(129 3951 8925 3950)
4(129 3952 8926 3951)
4(12295 3950 8925 1933)
4(8925 3951 8926 1933)
4(8926 3952 12295 1933)
4(130 3956 8930 3955)
4(130 3957 8931 3956)
4(12305 3955 8930 1934)
4(8930 3956 8931 1934)
4(8931 3957 12305 1934)
4(131 3961 8935 3960)
4(131 3962 8936 3961)
4(12315 3960 8935 1935)
4(8935 3961 8936 1935)
4(8936 3962 12315 1935)
4(132 3966 8940 3965)
4(132 3967 8941 3966)
4(12325 3965 8940 1936)
4(8940 3966 8941 1936)
4(8941 3967 12325 1936)
4(133 3971 8945 3970)
4(133 3972 8946 3971)
4(12335 3970 8945 1937)
4(8945 3971 8946 1937)
4(8946 3972 12335 1937)
4(134 3976 8950 3975)
4(134 3977 8951 3976)
4(12345 3975 8950 1938)
4(8950 3976 8951 1938)
4(8951 3977 12345 1938)
4(135 3981 8955 3980)
4(135 3982 8956 3981)
4(12355 3980 8955 1939)
4(8955 3981 8956 1939)
4(8956 3982 12355 1939)
4(136 3986 8960 3985)
4(136 3987 8961 3986)
4(12365 3985 8960 1940)
4(8960 3986 8961 1940)
4(8961 3987 12365 1940)
4(137 3991 8965 3990)
4(137 3992 8966 3991)
4(8965 3991 8966 1941)
4(8966 3992 12375 1941)
4(140 4007 8970 4006)
4(140 4006 8971 4008)
4(140 4008 8972 4007)
4(8971 4006 8970 1942)
4(8972 4008 8971 1942)
4(141 4013 8975 4012)
4(141 4012 8976 4014)
4(141 4014 8977 4013)
4(8976 4012 8975 1943)
4(8977 4014 8976 1943)
4(142 4019 8980 4018)
4(142 4018 8981 4020)
4(142 4020 8982 4019)
4(8981 4018 8980 1944)
4(8982 4020 8981 1944)
4(143 4025 8985 4024)
4(143 4024 8986 4026)
4(143 4026 8987 4025)
4(8986 4024 8985 1945)
4(8987 4026 8986 1945)
4(144 4031 8990 4030)
4(144 4030 8991 4032)
4(144 4032 8992 4031)
4(8991 4030 8990 1946)
4(8992 4032 8991 1946)
4(149 4058 9000 4057)
4(149 4059 9001 4058)
4(12216 4057 9000 1947)
4(9000 4058 9001 1947)
4(9001 4059 12216 1947)
4(150 4063 9005 4062)
4(150 4064 9006 4063)
4(12226 4062 9005 1948)
4(9005 4063 9006 1948)
4(9006 4064 12226 1948)
4(151 4068 9010 4067)
4(151 4069 9011 4068)
4(12236 4067 9010 1949)
4(9010 4068 9011 1949)
4(9011 4069 12236 1949)
4(152 4073 9015 4072)
4(152 4074 9016 4073)
4(12246 4072 9015 1950)
4(9015 4073 9016 1950)
4(9016 4074 12246 1950)
4(153 4078 9020 4077)
4(153 4079 9021 4078)
4(12256 4077 9020 1951)
4(9020 4078 9021 1951)
4(9021 4079 12256 1951)
4(154 4083 9025 4082)
4(154 4084 9026 4083)
4(12266 4082 9025 1952)
4(9025 4083 9026 1952)
4(9026 4084 12266 1952)
4(155 4088 9030 4087)
4(155 4089 9031 4088)
4(12276 4087 9030 1953)
4(9030 4088 9031 1953)
4(9031 4089 12276 1953)
4(156 4093 9035 4092)
4(156 4094 9036 4093)
4(12286 4092 9035 1954)
4(9035 4093 9036 1954)
4(9036 4094 12286 1954)
4(157 4098 9040 4097)
4(157 4099 9041 4098)
4(12296 4097 9040 1955)
4(9040 4098 9041 1955)
4(9041 4099 12296 1955)
4(158 4103 9045 4102)
4(158 4104 9046 4103)
4(12306 4102 9045 1956)
4(9045 4103 9046 1956)
4(9046 4104 12306 1956)
4(159 4108 9050 4107)
4(159 4109 9051 4108)
4(12316 4107 9050 1957)
4(9050 4108 9051 1957)
4(9051 4109 12316 1957)
4(160 4113 9055 4112)
4(160 4114 9056 4113)
4(12326 4112 9055 1958)
4(9055 4113 9056 1958)
4(9056 4114 12326 1958)
4(161 4118 9060 4117)
4(161 4119 9061 4118)
4(12336 4117 9060 1959)
4(9060 4118 9061 1959)
4(9061 4119 12336 1959)
4(162 4123 9065 4122)
4(162 4124 9066 4123)
4(12346 4122 9065 1960)
4(9065 4123 9066 1960)
4(9066 4124 12346 1960)
4(163 4128 9070 4127)
4(163 4129 9071 4128)
4(12356 4127 9070 1961)
4(9070 4128 9071 1961)
4(9071 4129 12356 1961)
4(164 4133 9075 4132)
4(164 4134 9076 4133)
4(12366 4132 9075 1962)
4(9075 4133 9076 1962)
4(9076 4134 12366 1962)
4(165 4138 9080 4137)
4(165 4139 9081 4138)
4(9080 4138 9081 1963)
4(9081 4139 12376 1963)
4(168 4154 9085 4153)
4(168 4153 9086 4155)
4(168 4155 9087 4154)
4(9086 4153 9085 1964)
4(9087 4155 9086 1964)
4(169 4160 9090 4159)
4(169 4159 9091 4161)
4(169 4161 9092 4160)
4(9091 4159 9090 1965)
4(9092 4161 9091 1965)
4(170 4166 9095 4165)
4(170 4165 9096 4167)
4(170 4167 9097 4166)
4(9096 4165 9095 1966)
4(9097 4167 9096 1966)
4(171 4172 9100 4171)
4(171 4171 9101 4173)
4(171 4173 9102 4172)
4(9101 4171 9100 1967)
4(9102 4173 9101 1967)
4(172 4178 9105 4177)
4(172 4177 9106 4179)
4(172 4179 9107 4178)
4(9106 4177 9105 1968)
4(9107 4179 9106 1968)
4(177 4205 9115 4204)
4(177 4206 9116 4205)
4(12217 4204 9115 1969)
4(9115 4205 9116 1969)
4(9116 4206 12217 1969)
4(178 4210 9120 4209)
4(178 4211 9121 4210)
4(12227 4209 9120 1970)
4(9120 4210 9121 1970)
4(9121 4211 12227 1970)
4(179 4215 9125 4214)
4(179 4216 9126 4215)
4(12237 4214 9125 1971)
4(9125 4215 9126 1971)
4(9126 4216 12237 1971)
4(180 4220 9130 4219)
4(180 4221 9131 4220)
4(12247 4219 9130 1972)
4(9130 4220 9131 1972)
4(9131 4221 12247 1972)
4(181 4225 9135 4224)
4(181 4226 9136 4225)
4(12257 4224 9135 1973)
4(9135 4225 9136 1973)
4(9136 4226 12257 1973)
4(182 4230 9140 4229)
4(182 4231 9141 4230)
4(12267 4229 9140 1974)
4(9140 4230 9141 1974)
4(9141 4231 12267 1974)
4(183 4235 9145 4234)
4(183 4236 9146 4235)
4(12277 4234 9145 1975)
4(9145 4235 9146 1975)
4(9146 4236 12277 1975)
4(184 4240 9150 4239)
4(184 4241 9151 4240)
4(12287 4239 9150 1976)
4(9150 4240 9151 1976)
4(9151 4241 12287 1976)
4(185 4245 9155 4244)
4(185 4246 9156 4245)
4(12297 4244 9155 1977)
4(9155 4245 9156 1977)
4(9156 4246 12297 1977)
4(186 4250 9160 4249)
4(186 4251 9161 4250)
4(12307 4249 9160 1978)
4(9160 4250 9161 1978)
4(9161 4251 12307 1978)
4(187 4255 9165 4254)
4(187 4256 9166 4255)
4(12317 4254 9165 1979)
4(9165 4255 9166 1979)
4(9166 4256 12317 1979)
4(188 4260 9170 4259)
4(188 4261 9171 4260)
4(12327 4259 9170 1980)
4(9170 4260 9171 1980)
4(9171 4261 12327 1980)
4(189 4265 9175 4264)
4(189 4266 9176 4265)
4(12337 4264 9175 1981)
4(9175 4265 9176 1981)
4(9176 4266 12337 1981)
4(190 4270 9180 4269)
4(190 4271 9181 4270)
4(12347 4269 9180 1982)
4(9180 4270 9181 1982)
4(9181 4271 12347 1982)
4(191 4275 9185 4274)
4(191 4276 9186 4275)
4(12357 4274 9185 1983)
4(9185 4275 9186 1983)
4(9186 4276 12357 1983)
4(192 4280 9190 4279)
4(192 4281 9191 4280)
4(12367 4279 9190 1984)
4(9190 4280 9191 1984)
4(9191 4281 12367 1984)
4(193 4285 9195 4284)
4(193 4286 9196 4285)
4(9195 4285 9196 1985)
4(9196 4286 12377 1985)
4(196 4301 9200 4300)
4(196 4300 9201 4302)
4(196 4302 9202 4301)
4(9201 4300 9200 1986)
4(9202 4302 9201 1986)
4(197 4307 9205 4306)
4(197 4306 9206 4308)
4(197 4308 9207 4307)
4(9206 4306 9205 1987)
4(9207 4308 9206 1987)
4(198 4313 9210 4312)
4(198 4312 9211 4314)
4(198 4314 9212 4313)
4(9211 4312 9210 1988)
4(9212 4314 9211 1988)
4(199 4319 9215 4318)
4(199 4318 9216 4320)
4(199 4320 9217 4319)
4(9216 4318 9215 1989)
4(9217 4320 9216 1989)
4(200 4325 9220 4324)
4(200 4324 9221 4326)
4(200 4326 9222 4325)
4(9221 4324 9220 1990)
4(9222 4326 9221 1990)
4(205 4352 9230 4351)
4(205 4353 9231 4352)
4(12218 4351 9230 1991)
4(9230 4352 9231 1991)
4(9231 4353 12218 1991)
4(206 4357 9235 4356)
4(206 4358 9236 4357)
4(12228 4356 9235 1992)
4(9235 4357 9236 1992)
4(9236 4358 12228 1992)
4(207 4362 9240 4361)
4(207 4363 9241 4362)
4(12238 4361 9240 1993)
4(9240 4362 9241 1993)
4(9241 4363 12238 1993)
4(208 4367 9245 4366)
4(208 4368 9246 4367)
4(12248 4366 9245 1994)
4(9245 4367 9246 1994)
4(9246 4368 12248 1994)
4(209 4372 9250 4371)
4(209 4373 9251 4372)
4(12258 4371 9250 1995)
4(9250 4372 9251 1995)
4(9251 4373 12258 1995)
4(210 4377 9255 4376)
4(210 4378 9256 4377)
4(12268 4376 9255 1996)
4(9255 4377 9256 1996)
4(9256 4378 12268 1996)
4(211 4382 9260 4381)
4(211 4383 9261 4382)
4(12278 4381 9260 1997)
4(9260 4382 9261 1997)
4(9261 4383 12278 1997)
4(212 4387 9265 4386)
4(212 4388 9266 4387)
4(12288 4386 9265 1998)
4(9265 4387 9266 1998)
4(9266 4388 12288 1998)
4(213 4392 9270 4391)
4(213 4393 9271 4392)
4(12298 4391 9270 1999)
4(9270 4392 9271 1999)
4(9271 4393 12298 1999)
4(214 4397 9275 4396)
4(214 4398 9276 4397)
4(12308 4396 9275 2000)
4(9275 4397 9276 2000)
4(9276 4398 12308 2000)
4(215 4402 9280 4401)
4(215 4403 9281 4402)
4(12318 4401 9280 2001)
4(9280 4402 9281 2001)
4(9281 4403 12318 2001)
4(216 4407 9285 4406)
4(216 4408 9286 4407)
4(12328 4406 9285 2002)
4(9285 4407 9286 2002)
4(9286 4408 12328 2002)
4(217 4412 9290 4411)
4(217 4413 9291 4412)
4(12338 4411 9290 2003)
4(9290 4412 9291 2003)
4(9291 4413 12338 2003)
4(218 4417 9295 4416)
4(218 4418 9296 4417)
4(12348 4416 9295 2004)
4(9295 4417 9296 2004)
4(9296 4418 12348 2004)
4(219 4422 9300 4421)
4(219 4423 9301 4422)
4(12358 4421 9300 2005)
4(9300 4422 9301 2005)
4(9301 4423 12358 2005)
4(220 4427 9305 4426)
4(220 4428 9306 4427)
4(12368 4426 9305 2006)
4(9305 4427 9306 2006)
4(9306 4428 12368 2006)
4(221 4432 9310 4431)
4(221 4433 9311 4432)
4(9310 4432 9311 2007)
4(9311 4433 12378 2007)
4(224 4448 9315 4447)
4(224 4447 9316 4449)
4(224 4449 9317 4448)
4(9316 4447 9315 2008)
4(9317 4449 9316 2008)
4(225 4454 9320 4453)
4(225 4453 9321 4455)
4(225 4455 9322 4454)
4(9321 4453 9320 2009)
4(9322 4455 9321 2009)
4(226 4460 9325 4459)
4(226 4459 9326 4461)
4(226 4461 9327 4460)
4(9326 4459 9325 2010)
4(9327 4461 9326 2010)
4(227 4466 9330 4465)
4(227 4465 9331 4467)
4(227 4467 9332 4466)
4(9331 4465 9330 2011)
4(9332 4467 9331 2011)
4(228 4472 9335 4471)
4(228 4471 9336 4473)
4(228 4473 9337 4472)
4(9336 4471 9335 2012)
4(9337 4473 9336 2012)
4(233 4499 9345 4498)
4(233 4500 9346 4499)
4(12219 4498 9345 2013)
4(9345 4499 9346 2013)
4(9346 4500 12219 2013)
4(234 4504 9350 4503)
4(234 4505 9351 4504)
4(12229 4503 9350 2014)
4(9350 4504 9351 2014)
4(9351 4505 12229 2014)
4(235 4509 9355 4508)
4(235 4510 9356 4509)
4(12239 4508 9355 2015)
4(9355 4509 9356 2015)
4(9356 4510 12239 2015)
4(236 4514 9360 4513)
4(236 4515 9361 4514)
4(12249 4513 9360 2016)
4(9360 4514 9361 2016)
4(9361 4515 12249 2016)
4(237 4519 9365 4518)
4(237 4520 9366 4519)
4(12259 4518 9365 2017)
4(9365 4519 9366 2017)
4(9366 4520 12259 2017)
4(238 4524 9370 4523)
4(238 4525 9371 4524)
4(12269 4523 9370 2018)
4(9370 4524 9371 2018)
4(9371 4525 12269 2018)
4(239 4529 9375 4528)
4(239 4530 9376 4529)
4(12279 4528 9375 2019)
4(9375 4529 9376 2019)
4(9376 4530 12279 2019)
4(240 4534 9380 4533)
4(240 4535 9381 4534)
4(12289 4533 9380 2020)
4(9380 4534 9381 2020)
4(9381 4535 12289 2020)
4(241 4539 9385 4538)
4(241 4540 9386 4539)
4(12299 4538 9385 2021)
4(9385 4539 9386 2021)
4(9386 4540 12299 2021)
4(242 4544 9390 4543)
4(242 4545 9391 4544)
4(12309 4543 9390 2022)
4(9390 4544 9391 2022)
4(9391 4545 12309 2022)
4(243 4549 9395 4548)
4(243 4550 9396 4549)
4(12319 4548 9395 2023)
4(9395 4549 9396 2023)
4(9396 4550 12319 2023)
4(244 4554 9400 4553)
4(244 4555 9401 4554)
4(12329 4553 9400 2024)
4(9400 4554 9401 2024)
4(9401 4555 12329 2024)
4(245 4559 9405 4558)
4(245 4560 9406 4559)
4(12339 4558 9405 2025)
4(9405 4559 9406 2025)
4(9406 4560 12339 2025)
4(246 4564 9410 4563)
4(246 4565 9411 4564)
4(12349 4563 9410 2026)
4(9410 4564 9411 2026)
4(9411 4565 12349 2026)
4(247 4569 9415 4568)
4(247 4570 9416 4569)
4(12359 4568 9415 2027)
4(9415 4569 9416 2027)
4(9416 4570 12359 2027)
4(248 4574 9420 4573)
4(248 4575 9421 4574)
4(12369 4573 9420 2028)
4(9420 4574 9421 2028)
4(9421 4575 12369 2028)
4(249 4579 9425 4578)
4(249 4580 9426 4579)
4(9425 4579 9426 2029)
4(9426 4580 12379 2029)
4(252 4595 9431 4594)
4(252 4594 9432 4596)
4(252 4596 9433 4595)
4(9432 4594 9431 2030)
4(9433 4596 9432 2030)
4(253 4601 9436 4600)
4(253 4600 9437 4602)
4(253 4602 9438 4601)
4(9437 4600 9436 2031)
4(9438 4602 9437 2031)
4(254 4607 9441 4606)
4(254 4606 9442 4608)
4(254 4608 9443 4607)
4(9442 4606 9441 2032)
4(9443 4608 9442 2032)
4(255 4613 9446 4612)
4(255 4612 9447 4614)
4(255 4614 9448 4613)
4(9447 4612 9446 2033)
4(9448 4614 9447 2033)
4(256 4619 9451 4618)
4(256 4618 9452 4620)
4(256 4620 9453 4619)
4(9452 4618 9451 2034)
4(9453 4620 9452 2034)
3(12912 12380 2035)
4(8331 3239 12912 2035)
4(12380 3240 8331 2035)
4(9 3320 9465 3323)
4(9 3323 9466 3321)
4(9465 3320 12381 2036)
4(12381 3321 9466 2036)
4(9466 3323 9465 2036)
3(12915 12400 2037)
4(8335 3241 12915 2037)
4(12400 3242 8335 2037)
4(1 3279 9473 3277)
4(12914 3277 9473 2039)
4(9473 3279 9474 2039)
4(12402 3320 9465 2040)
4(8425 3322 12402 2040)
4(9465 3323 8425 2040)
4(10 3325 9478 3328)
4(10 3328 9479 3326)
4(9478 3325 12401 2041)
4(12401 3326 9479 2041)
4(9479 3328 9478 2041)
4(26 3407 9482 3406)
3(26 9483 3407)
3(3406 9482 2043)
4(9482 3407 9483 2043)
3(12918 12430 2044)
4(8339 3243 12918 2044)
4(12430 3244 8339 2044)
4(9473 3277 12916 2045)
4(12916 3278 8398 2045)
4(8398 3279 9473 2045)
3(3281 9489 3280)
4(12917 3280 9489 2046)
3(9490 12917 2046)
4(9489 3281 9490 2046)
4(12432 3325 9478 2047)
4(8430 3327 12432 2047)
4(9478 3328 8430 2047)
4(11 3330 9494 3333)
4(11 3333 9495 3331)
4(9494 3330 12431 2048)
4(12431 3331 9495 2048)
4(9495 3333 9494 2048)
4(26 3407 9498 3408)
4(9482 3406 9497 2049)
4(9498 3407 9482 2049)
4(9497 3408 9498 2049)
4(27 3411 9499 3410)
4(27 3412 9501 3411)
4(9500 3410 9499 2050)
4(9499 3411 9501 2050)
4(9501 3412 9500 2050)
3(12921 12460 2051)
4(8343 3245 12921 2051)
4(12460 3246 8343 2051)
4(9489 3280 12919 2052)
3(12919 8399 2052)
4(8399 3281 9489 2052)
4(2 3286 9507 3282)
4(2 3283 9508 3286)
4(12920 3282 9507 2053)
4(9508 3283 12920 2053)
4(9507 3286 9508 2053)
4(12462 3330 9494 2054)
4(8435 3332 12462 2054)
4(9494 3333 8435 2054)
4(12 3335 9512 3338)
4(12 3338 9513 3336)
4(9512 3335 12461 2055)
4(12461 3336 9513 2055)
4(9513 3338 9512 2055)
4(27 3411 9516 3413)
4(9499 3410 9515 2056)
4(9516 3411 9499 2056)
4(9515 3413 9516 2056)
4(28 3416 9517 3415)
4(28 3415 9518 3417)
4(28 3417 9519 3416)
4(9518 3415 9517 2057)
4(9517 3416 9519 2057)
4(9519 3417 9518 2057)
3(12925 12490 2058)
4(8347 3247 12925 2058)
4(12490 3248 8347 2058)
4(9507 3282 12923 2059)
4(12923 3284 8400 2059)
4(8400 3286 9507 2059)
4(3 3291 9525 3287)
4(3 3288 9526 3291)
4(12924 3287 9525 2060)
4(9526 3288 12924 2060)
4(9525 3291 9526 2060)
4(12492 3335 9512 2061)
4(8440 3337 12492 2061)
4(9512 3338 8440 2061)
4(13 3340 9530 3343)
4(13 3343 9531 3341)
4(9530 3340 12491 2062)
4(12491 3341 9531 2062)
4(9531 3343 9530 2062)
4(28 3418 9533 3415)
4(28 3416 9534 3418)
4(9517 3415 9533 2063)
4(9534 3416 9517 2063)
4(9533 3418 9534 2063)
4(29 3422 9535 3421)
4(29 3421 9536 3423)
4(29 3423 9537 3422)
4(9536 3421 9535 2064)
4(9535 3422 9537 2064)
4(9537 3423 9536 2064)
3(12929 12520 2065)
4(8351 3249 12929 2065)
4(12520 3250 8351 2065)
4(9525 3287 12927 2066)
4(12927 3289 8404 2066)
4(8404 3291 9525 2066)
4(4 3296 9543 3292)
4(4 3293 9544 3296)
4(12928 3292 9543 2067)
4(9544 3293 12928 2067)
4(9543 3296 9544 2067)
4(12522 3340 9530 2068)
4(8445 3342 12522 2068)
4(9530 3343 8445 2068)
4(14 3345 9548 3348)
4(14 3348 9549 3346)
4(9548 3345 12521 2069)
4(12521 3346 9549 2069)
4(9549 3348 9548 2069)
4(29 3424 9551 3421)
4(29 3422 9552 3424)
4(9535 3421 9551 2070)
4(9552 3422 9535 2070)
4(9551 3424 9552 2070)
4(30 3428 9553 3427)
4(30 3427 9554 3429)
4(30 3429 9555 3428)
4(9554 3427 9553 2071)
4(9553 3428 9555 2071)
4(9555 3429 9554 2071)
3(12933 12550 2072)
4(8355 3251 12933 2072)
4(12550 3252 8355 2072)
4(9543 3292 12931 2073)
4(12931 3294 8408 2073)
4(8408 3296 9543 2073)
4(5 3301 9561 3297)
4(5 3298 9562 3301)
4(12932 3297 9561 2074)
4(9562 3298 12932 2074)
4(9561 3301 9562 2074)
4(12552 3345 9548 2075)
4(8450 3347 12552 2075)
4(9548 3348 8450 2075)
4(15 3350 9566 3353)
4(15 3353 9567 3351)
4(9566 3350 12551 2076)
4(12551 3351 9567 2076)
4(9567 3353 9566 2076)
4(30 3430 9569 3427)
4(30 3428 9570 3430)
4(9553 3427 9569 2077)
4(9570 3428 9553 2077)
4(9569 3430 9570 2077)
4(31 3434 9571 3433)
4(31 3433 9572 3435)
4(31 3435 9573 3434)
4(9572 3433 9571 2078)
4(9571 3434 9573 2078)
4(9573 3435 9572 2078)
3(12937 12580 2079)
4(8359 3253 12937 2079)
4(12580 3254 8359 2079)
4(9561 3297 12935 2080)
4(12935 3299 8412 2080)
4(8412 3301 9561 2080)
4(6 3306 9579 3302)
4(6 3303 9580 3306)
4(12936 3302 9579 2081)
4(9580 3303 12936 2081)
4(9579 3306 9580 2081)
4(12582 3350 9566 2082)
4(8455 3352 12582 2082)
4(9566 3353 8455 2082)
4(16 3355 9584 3358)
4(16 3358 9585 3356)
4(9584 3355 12581 2083)
4(12581 3356 9585 2083)
4(9585 3358 9584 2083)
4(31 3436 9587 3433)
4(31 3434 9588 3436)
4(9571 3433 9587 2084)
4(9588 3434 9571 2084)
4(9587 3436 9588 2084)
4(32 3440 9589 3439)
4(32 3439 9590 3441)
4(32 3441 9591 3440)
4(9590 3439 9589 2085)
4(9589 3440 9591 2085)
4(9591 3441 9590 2085)
3(12941 12610 2086)
4(8363 3255 12941 2086)
4(12610 3256 8363 2086)
4(9579 3302 12939 2087)
4(12939 3304 8416 2087)
4(8416 3306 9579 2087)
3(3309 9597 3307)
4(12940 3307 9597 2088)
4(9598 3308 12940 2088)
4(9597 3309 9598 2088)
4(12612 3355 9584 2089)
4(8460 3357 12612 2089)
4(9584 3358 8460 2089)
4(17 3360 9602 3363)
4(17 3363 9603 3361)
4(9602 3360 12611 2090)
4(12611 3361 9603 2090)
4(9603 3363 9602 2090)
4(32 3442 9605 3439)
4(32 3440 9606 3442)
4(9589 3439 9605 2091)
4(9606 3440 9589 2091)
4(9605 3442 9606 2091)
4(33 3446 9607 3445)
4(33 3447 9609 3446)
4(9608 3445 9607 2092)
4(9607 3446 9609 2092)
4(9609 3447 9608 2092)
3(12945 12640 2093)
4(8367 3257 12945 2093)
4(12640 3258 8367 2093)
4(9597 3307 12943 2094)
3(12943 8420 2094)
4(8420 3309 9597 2094)
3(3311 9615 3310)
4(12944 3310 9615 2095)
3(9616 12944 2095)
4(9615 3311 9616 2095)
4(12642 3360 9602 2096)
4(8465 3362 12642 2096)
4(9602 3363 8465 2096)
4(18 3365 9620 3368)
4(18 3368 9621 3366)
4(9620 3365 12641 2097)
4(12641 3366 9621 2097)
4(9621 3368 9620 2097)
4(33 3446 9624 3448)
4(9607 3445 9623 2098)
4(9624 3446 9607 2098)
4(9623 3448 9624 2098)
4(34 3451 9625 3450)
4(34 3452 9627 3451)
4(9626 3450 9625 2099)
4(9625 3451 9627 2099)
4(9627 3452 9626 2099)
3(12948 12670 2100)
4(8371 3259 12948 2100)
4(12670 3260 8371 2100)
4(9615 3310 12946 2101)
3(12946 8421 2101)
4(8421 3311 9615 2101)
4(7 3314 9633 3312)
4(12947 3312 9633 2102)
3(9634 12947 2102)
4(9633 3314 9634 2102)
4(12672 3365 9620 2103)
4(8470 3367 12672 2103)
4(9620 3368 8470 2103)
4(19 3370 9638 3373)
4(19 3373 9639 3371)
4(9638 3370 12671 2104)
4(12671 3371 9639 2104)
4(9639 3373 9638 2104)
4(34 3451 9642 3453)
4(9625 3450 9641 2105)
4(9642 3451 9625 2105)
4(9641 3453 9642 2105)
4(35 3456 9643 3455)
4(35 3457 9645 3456)
4(9644 3455 9643 2106)
4(9643 3456 9645 2106)
4(9645 3457 9644 2106)
3(12951 12700 2107)
4(8375 3261 12951 2107)
4(12700 3262 8375 2107)
4(9633 3312 12949 2108)
4(12949 3313 8422 2108)
4(8422 3314 9633 2108)
4(8 3318 9651 3315)
4(12950 3315 9651 2109)
4(9652 3316 12950 2109)
4(9651 3318 9652 2109)
4(12702 3370 9638 2110)
4(8475 3372 12702 2110)
4(9638 3373 8475 2110)
4(20 3375 9656 3378)
4(20 3378 9657 3376)
4(9656 3375 12701 2111)
4(12701 3376 9657 2111)
4(9657 3378 9656 2111)
4(35 3456 9660 3458)
4(9643 3455 9659 2112)
4(9660 3456 9643 2112)
4(9659 3458 9660 2112)
4(36 3461 9661 3460)
4(36 3462 9663 3461)
4(9662 3460 9661 2113)
4(9661 3461 9663 2113)
4(9663 3462 9662 2113)
3(12953 12730 2114)
4(8379 3263 12953 2114)
4(12730 3264 8379 2114)
4(9651 3315 12952 2115)
4(12952 3317 8423 2115)
4(8423 3318 9651 2115)
4(12732 3375 9656 2117)
4(8480 3377 12732 2117)
4(9656 3378 8480 2117)
4(21 3380 9673 3383)
4(21 3383 9674 3381)
4(9673 3380 12731 2118)
4(12731 3381 9674 2118)
4(9674 3383 9673 2118)
4(36 3461 9677 3463)
4(9661 3460 9676 2119)
4(9677 3461 9661 2119)
4(9676 3463 9677 2119)
3(12954 12760 2121)
4(8383 3265 12954 2121)
4(12760 3266 8383 2121)
4(12762 3380 9673 2124)
4(8485 3382 12762 2124)
4(9673 3383 8485 2124)
4(22 3385 9689 3388)
4(22 3388 9690 3386)
4(9689 3385 12761 2125)
4(12761 3386 9690 2125)
4(9690 3388 9689 2125)
3(12957 12790 2128)
4(8387 3267 12957 2128)
4(12790 3268 8387 2128)
4(12792 3385 9689 2131)
4(8490 3387 12792 2131)
4(9689 3388 8490 2131)
4(23 3390 9704 3393)
4(23 3393 9705 3391)
4(9704 3390 12791 2132)
4(12791 3391 9705 2132)
4(9705 3393 9704 2132)
4(12958 3269 12820 2135)
4(8391 3271 12958 2135)
4(12820 3272 8391 2135)
4(12822 3390 9704 2136)
4(8495 3392 12822 2136)
4(9704 3393 8495 2136)
4(24 3395 9714 3398)
4(24 3398 9715 3396)
4(9714 3395 12821 2137)
4(12821 3396 9715 2137)
4(9715 3398 9714 2137)
4(12959 3273 12850 2138)
4(8395 3274 12959 2138)
4(12850 3275 8395 2138)
4(12852 3395 9714 2139)
4(8500 3397 12852 2139)
4(9714 3398 8500 2139)
4(25 3400 9721 3403)
4(25 3403 9722 3401)
4(9721 3400 12851 2140)
4(12851 3401 9722 2140)
4(9722 3403 9721 2140)
4(12880 3400 9721 2141)
4(9721 3403 8505 2141)
4(9508 3286 8401 2142)
4(28 3415 9725 3419)
3(28 3419 3417)
3(9725 3415 9518)
4(12926 3288 9526 2143)
4(9526 3291 8405 2143)
4(9533 3415 9725 2144)
4(8510 3418 9533 2144)
4(29 3421 9728 3425)
4(29 3425 9729 3423)
4(9728 3421 9536 2145)
4(9536 3423 9729 2145)
4(12930 3293 9544 2146)
4(9544 3296 8409 2146)
4(9551 3421 9728 2147)
4(8515 3424 9551 2147)
4(30 3427 9732 3431)
4(30 3431 9733 3429)
4(9732 3427 9554 2148)
4(9554 3429 9733 2148)
4(12934 3298 9562 2149)
4(9562 3301 8413 2149)
4(9569 3427 9732 2150)
4(8520 3430 9569 2150)
4(31 3433 9736 3437)
4(31 3437 9737 3435)
4(9736 3433 9572 2151)
4(9572 3435 9737 2151)
4(12938 3303 9580 2152)
4(9580 3306 8417 2152)
4(9587 3433 9736 2153)
4(8525 3436 9587 2153)
4(32 3439 9740 3443)
4(32 3443 9741 3441)
4(9740 3439 9590 2154)
4(9590 3441 9741 2154)
4(9605 3439 9740 2156)
4(8530 3442 9605 2156)
4(9466 3321 12382 2157)
4(8426 3323 9466 2157)
4(12382 3324 8426 2157)
4(37 3467 9749 3470)
4(37 3470 9750 3468)
4(9749 3467 12383 2158)
4(12383 3468 9750 2158)
4(9750 3470 9749 2158)
4(9479 3326 12403 2159)
4(8431 3328 9479 2159)
4(12403 3329 8431 2159)
4(26 3409 9757 3407)
4(9483 3407 9757 2161)
3(9757 3409 2161)
4(12405 3467 9749 2162)
4(8540 3469 12405 2162)
4(9749 3470 8540 2162)
4(38 3472 9761 3475)
4(38 3475 9762 3473)
4(9761 3472 12404 2163)
4(12404 3473 9762 2163)
4(9762 3475 9761 2163)
4(54 3554 9765 3553)
3(54 9766 3554)
3(3553 9765 2165)
4(9765 3554 9766 2165)
4(9495 3331 12433 2166)
4(8436 3333 9495 2166)
4(12433 3334 8436 2166)
4(9757 3407 9498 2167)
4(9498 3408 8508 2167)
4(8508 3409 9757 2167)
4(27 3414 9772 3411)
4(9501 3411 9772 2168)
4(9773 3412 9501 2168)
4(9772 3414 9773 2168)
4(12435 3472 9761 2169)
4(8545 3474 12435 2169)
4(9761 3475 8545 2169)
4(39 3477 9777 3480)
4(39 3480 9778 3478)
4(9777 3477 12434 2170)
4(12434 3478 9778 2170)
4(9778 3480 9777 2170)
4(54 3554 9781 3555)
4(9765 3553 9780 2171)
4(9781 3554 9765 2171)
4(9780 3555 9781 2171)
4(55 3558 9782 3557)
4(55 3559 9784 3558)
4(9783 3557 9782 2172)
4(9782 3558 9784 2172)
4(9784 3559 9783 2172)
4(9513 3336 12463 2173)
4(8441 3338 9513 2173)
4(12463 3339 8441 2173)
4(9772 3411 9516 2174)
4(9516 3413 8509 2174)
4(8509 3414 9772 2174)
4(28 3420 9790 3416)
4(28 3417 9791 3420)
4(9519 3416 9790 2175)
4(9791 3417 9519 2175)
4(9790 3420 9791 2175)
4(12465 3477 9777 2176)
4(8550 3479 12465 2176)
4(9777 3480 8550 2176)
4(40 3482 9795 3485)
4(40 3485 9796 3483)
4(9795 3482 12464 2177)
4(12464 3483 9796 2177)
4(9796 3485 9795 2177)
4(55 3558 9799 3560)
4(9782 3557 9798 2178)
4(9799 3558 9782 2178)
4(9798 3560 9799 2178)
4(56 3563 9800 3562)
4(56 3562 9801 3564)
4(56 3564 9802 3563)
4(9801 3562 9800 2179)
4(9800 3563 9802 2179)
4(9802 3564 9801 2179)
4(9531 3341 12493 2180)
4(8446 3343 9531 2180)
4(12493 3344 8446 2180)
4(9790 3416 9534 2181)
4(9534 3418 8511 2181)
4(8511 3420 9790 2181)
4(29 3426 9808 3422)
4(29 3423 9809 3426)
4(9537 3422 9808 2182)
4(9809 3423 9537 2182)
4(9808 3426 9809 2182)
4(12495 3482 9795 2183)
4(8555 3484 12495 2183)
4(9795 3485 8555 2183)
4(41 3487 9813 3490)
4(41 3490 9814 3488)
4(9813 3487 12494 2184)
4(12494 3488 9814 2184)
4(9814 3490 9813 2184)
4(56 3565 9816 3562)
4(56 3563 9817 3565)
4(9800 3562 9816 2185)
4(9817 3563 9800 2185)
4(9816 3565 9817 2185)
4(57 3569 9818 3568)
4(57 3568 9819 3570)
4(57 3570 9820 3569)
4(9819 3568 9818 2186)
4(9818 3569 9820 2186)
4(9820 3570 9819 2186)
4(9549 3346 12523 2187)
4(8451 3348 9549 2187)
4(12523 3349 8451 2187)
4(9808 3422 9552 2188)
4(9552 3424 8516 2188)
4(8516 3426 9808 2188)
4(30 3432 9826 3428)
4(30 3429 9827 3432)
4(9555 3428 9826 2189)
4(9827 3429 9555 2189)
4(9826 3432 9827 2189)
4(12525 3487 9813 2190)
4(8560 3489 12525 2190)
4(9813 3490 8560 2190)
4(42 3492 9831 3495)
4(42 3495 9832 3493)
4(9831 3492 12524 2191)
4(12524 3493 9832 2191)
4(9832 3495 9831 2191)
4(57 3571 9834 3568)
4(57 3569 9835 3571)
4(9818 3568 9834 2192)
4(9835 3569 9818 2192)
4(9834 3571 9835 2192)
4(58 3575 9836 3574)
4(58 3574 9837 3576)
4(58 3576 9838 3575)
4(9837 3574 9836 2193)
4(9836 3575 9838 2193)
4(9838 3576 9837 2193)
4(9567 3351 12553 2194)
4(8456 3353 9567 2194)
4(12553 3354 8456 2194)
4(9826 3428 9570 2195)
4(9570 3430 8521 2195)
4(8521 3432 9826 2195)
4(31 3438 9844 3434)
4(31 3435 9845 3438)
4(9573 3434 9844 2196)
4(9845 3435 9573 2196)
4(9844 3438 9845 2196)
4(12555 3492 9831 2197)
4(8565 3494 12555 2197)
4(9831 3495 8565 2197)
4(43 3497 9849 3500)
4(43 3500 9850 3498)
4(9849 3497 12554 2198)
4(12554 3498 9850 2198)
4(9850 3500 9849 2198)
4(58 3577 9852 3574)
4(58 3575 9853 3577)
4(9836 3574 9852 2199)
4(9853 3575 9836 2199)
4(9852 3577 9853 2199)
4(59 3581 9854 3580)
4(59 3580 9855 3582)
4(59 3582 9856 3581)
4(9855 3580 9854 2200)
4(9854 3581 9856 2200)
4(9856 3582 9855 2200)
4(9585 3356 12583 2201)
4(8461 3358 9585 2201)
4(12583 3359 8461 2201)
4(9844 3434 9588 2202)
4(9588 3436 8526 2202)
4(8526 3438 9844 2202)
4(32 3444 9862 3440)
4(32 3441 9863 3444)
4(9591 3440 9862 2203)
4(9863 3441 9591 2203)
4(9862 3444 9863 2203)
4(12585 3497 9849 2204)
4(8570 3499 12585 2204)
4(9849 3500 8570 2204)
4(44 3502 9867 3505)
4(44 3505 9868 3503)
4(9867 3502 12584 2205)
4(12584 3503 9868 2205)
4(9868 3505 9867 2205)
4(59 3583 9870 3580)
4(59 3581 9871 3583)
4(9854 3580 9870 2206)
4(9871 3581 9854 2206)
4(9870 3583 9871 2206)
4(60 3587 9872 3586)
4(60 3586 9873 3588)
4(60 3588 9874 3587)
4(9873 3586 9872 2207)
4(9872 3587 9874 2207)
4(9874 3588 9873 2207)
4(9603 3361 12613 2208)
4(8466 3363 9603 2208)
4(12613 3364 8466 2208)
4(9862 3440 9606 2209)
4(9606 3442 8531 2209)
4(8531 3444 9862 2209)
4(33 3449 9880 3446)
4(9609 3446 9880 2210)
4(9881 3447 9609 2210)
4(9880 3449 9881 2210)
4(12615 3502 9867 2211)
4(8575 3504 12615 2211)
4(9867 3505 8575 2211)
4(45 3507 9885 3510)
4(45 3510 9886 3508)
4(9885 3507 12614 2212)
4(12614 3508 9886 2212)
4(9886 3510 9885 2212)
4(60 3589 9888 3586)
4(60 3587 9889 3589)
4(9872 3586 9888 2213)
4(9889 3587 9872 2213)
4(9888 3589 9889 2213)
4(61 3593 9890 3592)
4(61 3594 9892 3593)
4(9891 3592 9890 2214)
4(9890 3593 9892 2214)
4(9892 3594 9891 2214)
4(9621 3366 12643 2215)
4(8471 3368 9621 2215)
4(12643 3369 8471 2215)
4(9880 3446 9624 2216)
4(9624 3448 8535 2216)
4(8535 3449 9880 2216)
4(34 3454 9898 3451)
4(9627 3451 9898 2217)
4(9899 3452 9627 2217)
4(9898 3454 9899 2217)
4(12645 3507 9885 2218)
4(8580 3509 12645 2218)
4(9885 3510 8580 2218)
4(46 3512 9903 3515)
4(46 3515 9904 3513)
4(9903 3512 12644 2219)
4(12644 3513 9904 2219)
4(9904 3515 9903 2219)
4(61 3593 9907 3595)
4(9890 3592 9906 2220)
4(9907 3593 9890 2220)
4(9906 3595 9907 2220)
4(62 3598 9908 3597)
4(62 3599 9910 3598)
4(9909 3597 9908 2221)
4(9908 3598 9910 2221)
4(9910 3599 9909 2221)
4(9639 3371 12673 2222)
4(8476 3373 9639 2222)
4(12673 3374 8476 2222)
4(9898 3451 9642 2223)
4(9642 3453 8536 2223)
4(8536 3454 9898 2223)
4(35 3459 9916 3456)
4(9645 3456 9916 2224)
4(9917 3457 9645 2224)
4(9916 3459 9917 2224)
4(12675 3512 9903 2225)
4(8585 3514 12675 2225)
4(9903 3515 8585 2225)
4(47 3517 9921 3520)
4(47 3520 9922 3518)
4(9921 3517 12674 2226)
4(12674 3518 9922 2226)
4(9922 3520 9921 2226)
4(62 3598 9925 3600)
4(9908 3597 9924 2227)
4(9925 3598 9908 2227)
4(9924 3600 9925 2227)
4(63 3603 9926 3602)
4(63 3604 9928 3603)
4(9927 3602 9926 2228)
4(9926 3603 9928 2228)
4(9928 3604 9927 2228)
4(9657 3376 12703 2229)
4(8481 3378 9657 2229)
4(12703 3379 8481 2229)
4(9916 3456 9660 2230)
4(9660 3458 8537 2230)
4(8537 3459 9916 2230)
4(36 3464 9934 3461)
4(9663 3461 9934 2231)
4(9935 3462 9663 2231)
4(9934 3464 9935 2231)
4(12705 3517 9921 2232)
4(8590 3519 12705 2232)
4(9921 3520 8590 2232)
4(48 3522 9939 3525)
4(48 3525 9940 3523)
4(9939 3522 12704 2233)
4(12704 3523 9940 2233)
4(9940 3525 9939 2233)
4(63 3603 9943 3605)
4(9926 3602 9942 2234)
4(9943 3603 9926 2234)
4(9942 3605 9943 2234)
4(64 3608 9944 3607)
4(64 3609 9946 3608)
4(9945 3607 9944 2235)
4(9944 3608 9946 2235)
4(9946 3609 9945 2235)
4(9674 3381 12733 2236)
4(8486 3383 9674 2236)
4(12733 3384 8486 2236)
4(9934 3461 9677 2237)
4(9677 3463 8538 2237)
4(8538 3464 9934 2237)
4(12735 3522 9939 2239)
4(8595 3524 12735 2239)
4(9939 3525 8595 2239)
4(49 3527 9956 3530)
4(49 3530 9957 3528)
4(9956 3527 12734 2240)
4(12734 3528 9957 2240)
4(9957 3530 9956 2240)
4(64 3608 9960 3610)
4(9944 3607 9959 2241)
4(9960 3608 9944 2241)
4(9959 3610 9960 2241)
4(9690 3386 12763 2243)
4(8491 3388 9690 2243)
4(12763 3389 8491 2243)
4(12765 3527 9956 2246)
4(8600 3529 12765 2246)
4(9956 3530 8600 2246)
4(50 3532 9972 3535)
4(50 3535 9973 3533)
4(9972 3532 12764 2247)
4(12764 3533 9973 2247)
4(9973 3535 9972 2247)
4(9705 3391 12793 2250)
4(8496 3393 9705 2250)
4(12793 3394 8496 2250)
4(12795 3532 9972 2253)
4(8605 3534 12795 2253)
4(9972 3535 8605 2253)
4(51 3537 9986 3540)
4(51 3540 9987 3538)
4(9986 3537 12794 2254)
4(12794 3538 9987 2254)
4(9987 3540 9986 2254)
4(9715 3396 12823 2257)
4(8501 3398 9715 2257)
4(12823 3399 8501 2257)
4(12825 3537 9986 2258)
4(8610 3539 12825 2258)
4(9986 3540 8610 2258)
4(52 3542 9996 3545)
4(52 3545 9997 3543)
4(9996 3542 12824 2259)
4(12824 3543 9997 2259)
4(9997 3545 9996 2259)
4(9722 3401 12853 2260)
4(8506 3403 9722 2260)
4(12853 3404 8506 2260)
4(12855 3542 9996 2261)
4(8615 3544 12855 2261)
4(9996 3545 8615 2261)
4(53 3547 10003 3550)
4(53 3550 10004 3548)
4(10003 3547 12854 2262)
4(12854 3548 10004 2262)
4(10004 3550 10003 2262)
4(12881 3547 10003 2263)
4(10003 3550 8620 2263)
3(9791 3420 8512)
4(56 3562 10005 3566)
3(56 3566 3564)
3(10005 3562 9801)
4(9729 3423 9809 2264)
4(9809 3426 8517 2264)
4(9816 3562 10005 2265)
4(8625 3565 9816 2265)
4(57 3568 10008 3572)
4(57 3572 10009 3570)
4(10008 3568 9819 2266)
4(9819 3570 10009 2266)
4(9733 3429 9827 2267)
4(9827 3432 8522 2267)
4(9834 3568 10008 2268)
4(8630 3571 9834 2268)
4(58 3574 10012 3578)
4(58 3578 10013 3576)
4(10012 3574 9837 2269)
4(9837 3576 10013 2269)
4(9737 3435 9845 2270)
4(9845 3438 8527 2270)
4(9852 3574 10012 2271)
4(8635 3577 9852 2271)
4(59 3580 10016 3584)
4(59 3584 10017 3582)
4(10016 3580 9855 2272)
4(9855 3582 10017 2272)
4(9741 3441 9863 2273)
4(9863 3444 8532 2273)
4(9870 3580 10016 2274)
4(8640 3583 9870 2274)
4(60 3586 10020 3590)
4(60 3590 10021 3588)
4(10020 3586 9873 2275)
4(9873 3588 10021 2275)
4(9888 3586 10020 2276)
4(8645 3589 9888 2276)
4(9750 3468 12384 2277)
4(8541 3470 9750 2277)
4(12384 3471 8541 2277)
4(65 3614 10028 3617)
4(65 3617 10029 3615)
4(10028 3614 12385 2278)
4(12385 3615 10029 2278)
4(10029 3617 10028 2278)
4(9762 3473 12406 2279)
4(8546 3475 9762 2279)
4(12406 3476 8546 2279)
4(54 3556 10036 3554)
4(9766 3554 10036 2281)
3(10036 3556 2281)
4(12408 3614 10028 2282)
4(8655 3616 12408 2282)
4(10028 3617 8655 2282)
4(66 3619 10040 3622)
4(66 3622 10041 3620)
4(10040 3619 12407 2283)
4(12407 3620 10041 2283)
4(10041 3622 10040 2283)
4(82 3701 10044 3700)
3(82 10045 3701)
3(3700 10044 2285)
4(10044 3701 10045 2285)
4(9778 3478 12436 2286)
4(8551 3480 9778 2286)
4(12436 3481 8551 2286)
4(10036 3554 9781 2287)
4(9781 3555 8623 2287)
4(8623 3556 10036 2287)
4(55 3561 10051 3558)
4(9784 3558 10051 2288)
4(10052 3559 9784 2288)
4(10051 3561 10052 2288)
4(12438 3619 10040 2289)
4(8660 3621 12438 2289)
4(10040 3622 8660 2289)
4(67 3624 10056 3627)
4(67 3627 10057 3625)
4(10056 3624 12437 2290)
4(12437 3625 10057 2290)
4(10057 3627 10056 2290)
4(82 3701 10060 3702)
4(10044 3700 10059 2291)
4(10060 3701 10044 2291)
4(10059 3702 10060 2291)
4(83 3705 10061 3704)
4(83 3706 10063 3705)
4(10062 3704 10061 2292)
4(10061 3705 10063 2292)
4(10063 3706 10062 2292)
4(9796 3483 12466 2293)
4(8556 3485 9796 2293)
4(12466 3486 8556 2293)
4(10051 3558 9799 2294)
4(9799 3560 8624 2294)
4(8624 3561 10051 2294)
4(56 3567 10069 3563)
4(56 3564 10070 3567)
4(9802 3563 10069 2295)
4(10070 3564 9802 2295)
4(10069 3567 10070 2295)
4(12468 3624 10056 2296)
4(8665 3626 12468 2296)
4(10056 3627 8665 2296)
4(68 3629 10074 3632)
4(68 3632 10075 3630)
4(10074 3629 12467 2297)
4(12467 3630 10075 2297)
4(10075 3632 10074 2297)
4(83 3705 10078 3707)
4(10061 3704 10077 2298)
4(10078 3705 10061 2298)
4(10077 3707 10078 2298)
4(84 3710 10079 3709)
4(84 3709 10080 3711)
4(84 3711 10081 3710)
4(10080 3709 10079 2299)
4(10079 3710 10081 2299)
4(10081 3711 10080 2299)
4(9814 3488 12496 2300)
4(8561 3490 9814 2300)
4(12496 3491 8561 2300)
4(10069 3563 9817 2301)
4(9817 3565 8626 2301)
4(8626 3567 10069 2301)
4(57 3573 10087 3569)
4(57 3570 10088 3573)
4(9820 3569 10087 2302)
4(10088 3570 9820 2302)
4(10087 3573 10088 2302)
4(12498 3629 10074 2303)
4(8670 3631 12498 2303)
4(10074 3632 8670 2303)
4(69 3634 10092 3637)
4(69 3637 10093 3635)
4(10092 3634 12497 2304)
4(12497 3635 10093 2304)
4(10093 3637 10092 2304)
4(84 3712 10095 3709)
4(84 3710 10096 3712)
4(10079 3709 10095 2305)
4(10096 3710 10079 2305)
4(10095 3712 10096 2305)
4(85 3716 10097 3715)
4(85 3715 10098 3717)
4(85 3717 10099 3716)
4(10098 3715 10097 2306)
4(10097 3716 10099 2306)
4(10099 3717 10098 2306)
4(9832 3493 12526 2307)
4(8566 3495 9832 2307)
4(12526 3496 8566 2307)
4(10087 3569 9835 2308)
4(9835 3571 8631 2308)
4(8631 3573 10087 2308)
4(58 3579 10105 3575)
4(58 3576 10106 3579)
4(9838 3575 10105 2309)
4(10106 3576 9838 2309)
4(10105 3579 10106 2309)
4(12528 3634 10092 2310)
4(8675 3636 12528 2310)
4(10092 3637 8675 2310)
4(70 3639 10110 3642)
4(70 3642 10111 3640)
4(10110 3639 12527 2311)
4(12527 3640 10111 2311)
4(10111 3642 10110 2311)
4(85 3718 10113 3715)
4(85 3716 10114 3718)
4(10097 3715 10113 2312)
4(10114 3716 10097 2312)
4(10113 3718 10114 2312)
4(86 3722 10115 3721)
4(86 3721 10116 3723)
4(86 3723 10117 3722)
4(10116 3721 10115 2313)
4(10115 3722 10117 2313)
4(10117 3723 10116 2313)
4(9850 3498 12556 2314)
4(8571 3500 9850 2314)
4(12556 3501 8571 2314)
4(10105 3575 9853 2315)
4(9853 3577 8636 2315)
4(8636 3579 10105 2315)
4(59 3585 10123 3581)
4(59 3582 10124 3585)
4(9856 3581 10123 2316)
4(10124 3582 9856 2316)
4(10123 3585 10124 2316)
4(12558 3639 10110 2317)
4(8680 3641 12558 2317)
4(10110 3642 8680 2317)
4(71 3644 10128 3647)
4(71 3647 10129 3645)
4(10128 3644 12557 2318)
4(12557 3645 10129 2318)
4(10129 3647 10128 2318)
4(86 3724 10131 3721)
4(86 3722 10132 3724)
4(10115 3721 10131 2319)
4(10132 3722 10115 2319)
4(10131 3724 10132 2319)
4(87 3728 10133 3727)
4(87 3727 10134 3729)
4(87 3729 10135 3728)
4(10134 3727 10133 2320)
4(10133 3728 10135 2320)
4(10135 3729 10134 2320)
4(9868 3503 12586 2321)
4(8576 3505 9868 2321)
4(12586 3506 8576 2321)
4(10123 3581 9871 2322)
4(9871 3583 8641 2322)
4(8641 3585 10123 2322)
4(60 3591 10141 3587)
4(60 3588 10142 3591)
4(9874 3587 10141 2323)
4(10142 3588 9874 2323)
4(10141 3591 10142 2323)
4(12588 3644 10128 2324)
4(8685 3646 12588 2324)
4(10128 3647 8685 2324)
4(72 3649 10146 3652)
4(72 3652 10147 3650)
4(10146 3649 12587 2325)
4(12587 3650 10147 2325)
4(10147 3652 10146 2325)
4(87 3730 10149 3727)
4(87 3728 10150 3730)
4(10133 3727 10149 2326)
4(10150 3728 10133 2326)
4(10149 3730 10150 2326)
4(88 3734 10151 3733)
4(88 3733 10152 3735)
4(88 3735 10153 3734)
4(10152 3733 10151 2327)
4(10151 3734 10153 2327)
4(10153 3735 10152 2327)
4(9886 3508 12616 2328)
4(8581 3510 9886 2328)
4(12616 3511 8581 2328)
4(10141 3587 9889 2329)
4(9889 3589 8646 2329)
4(8646 3591 10141 2329)
4(61 3596 10159 3593)
4(9892 3593 10159 2330)
4(10160 3594 9892 2330)
4(10159 3596 10160 2330)
4(12618 3649 10146 2331)
4(8690 3651 12618 2331)
4(10146 3652 8690 2331)
4(73 3654 10164 3657)
4(73 3657 10165 3655)
4(10164 3654 12617 2332)
4(12617 3655 10165 2332)
4(10165 3657 10164 2332)
4(88 3736 10167 3733)
4(88 3734 10168 3736)
4(10151 3733 10167 2333)
4(10168 3734 10151 2333)
4(10167 3736 10168 2333)
4(89 3740 10169 3739)
4(89 3741 10171 3740)
4(10170 3739 10169 2334)
4(10169 3740 10171 2334)
4(10171 3741 10170 2334)
4(9904 3513 12646 2335)
4(8586 3515 9904 2335)
4(12646 3516 8586 2335)
4(10159 3593 9907 2336)
4(9907 3595 8650 2336)
4(8650 3596 10159 2336)
4(62 3601 10177 3598)
4(9910 3598 10177 2337)
4(10178 3599 9910 2337)
4(10177 3601 10178 2337)
4(12648 3654 10164 2338)
4(8695 3656 12648 2338)
4(10164 3657 8695 2338)
4(74 3659 10182 3662)
4(74 3662 10183 3660)
4(10182 3659 12647 2339)
4(12647 3660 10183 2339)
4(10183 3662 10182 2339)
4(89 3740 10186 3742)
4(10169 3739 10185 2340)
4(10186 3740 10169 2340)
4(10185 3742 10186 2340)
4(90 3745 10187 3744)
4(90 3746 10189 3745)
4(10188 3744 10187 2341)
4(10187 3745 10189 2341)
4(10189 3746 10188 2341)
4(9922 3518 12676 2342)
4(8591 3520 9922 2342)
4(12676 3521 8591 2342)
4(10177 3598 9925 2343)
4(9925 3600 8651 2343)
4(8651 3601 10177 2343)
4(63 3606 10195 3603)
4(9928 3603 10195 2344)
4(10196 3604 9928 2344)
4(10195 3606 10196 2344)
4(12678 3659 10182 2345)
4(8700 3661 12678 2345)
4(10182 3662 8700 2345)
4(75 3664 10200 3667)
4(75 3667 10201 3665)
4(10200 3664 12677 2346)
4(12677 3665 10201 2346)
4(10201 3667 10200 2346)
4(90 3745 10204 3747)
4(10187 3744 10203 2347)
4(10204 3745 10187 2347)
4(10203 3747 10204 2347)
4(91 3750 10205 3749)
4(91 3751 10207 3750)
4(10206 3749 10205 2348)
4(10205 3750 10207 2348)
4(10207 3751 10206 2348)
4(9940 3523 12706 2349)
4(8596 3525 9940 2349)
4(12706 3526 8596 2349)
4(10195 3603 9943 2350)
4(9943 3605 8652 2350)
4(8652 3606 10195 2350)
4(64 3611 10213 3608)
4(9946 3608 10213 2351)
4(10214 3609 9946 2351)
4(10213 3611 10214 2351)
4(12708 3664 10200 2352)
4(8705 3666 12708 2352)
4(10200 3667 8705 2352)
4(76 3669 10218 3672)
4(76 3672 10219 3670)
4(10218 3669 12707 2353)
4(12707 3670 10219 2353)
4(10219 3672 10218 2353)
4(91 3750 10222 3752)
4(10205 3749 10221 2354)
4(10222 3750 10205 2354)
4(10221 3752 10222 2354)
4(92 3755 10223 3754)
4(92 3756 10225 3755)
4(10224 3754 10223 2355)
4(10223 3755 10225 2355)
4(10225 3756 10224 2355)
4(9957 3528 12736 2356)
4(8601 3530 9957 2356)
4(12736 3531 8601 2356)
4(10213 3608 9960 2357)
4(9960 3610 8653 2357)
4(8653 3611 10213 2357)
4(12738 3669 10218 2359)
4(8710 3671 12738 2359)
4(10218 3672 8710 2359)
4(77 3674 10235 3677)
4(77 3677 10236 3675)
4(10235 3674 12737 2360)
4(12737 3675 10236 2360)
4(10236 3677 10235 2360)
4(92 3755 10239 3757)
4(10223 3754 10238 2361)
4(10239 3755 10223 2361)
4(10238 3757 10239 2361)
4(9973 3533 12766 2363)
4(8606 3535 9973 2363)
4(12766 3536 8606 2363)
4(12768 3674 10235 2366)
4(8715 3676 12768 2366)
4(10235 3677 8715 2366)
4(78 3679 10251 3682)
4(78 3682 10252 3680)
4(10251 3679 12767 2367)
4(12767 3680 10252 2367)
4(10252 3682 10251 2367)
4(9987 3538 12796 2370)
4(8611 3540 9987 2370)
4(12796 3541 8611 2370)
4(12798 3679 10251 2373)
4(8720 3681 12798 2373)
4(10251 3682 8720 2373)
4(79 3684 10265 3687)
4(79 3687 10266 3685)
4(10265 3684 12797 2374)
4(12797 3685 10266 2374)
4(10266 3687 10265 2374)
4(9997 3543 12826 2377)
4(8616 3545 9997 2377)
4(12826 3546 8616 2377)
4(12828 3684 10265 2378)
4(8725 3686 12828 2378)
4(10265 3687 8725 2378)
4(80 3689 10275 3692)
4(80 3692 10276 3690)
4(10275 3689 12827 2379)
4(12827 3690 10276 2379)
4(10276 3692 10275 2379)
4(10004 3548 12856 2380)
4(8621 3550 10004 2380)
4(12856 3551 8621 2380)
4(12858 3689 10275 2381)
4(8730 3691 12858 2381)
4(10275 3692 8730 2381)
4(81 3694 10282 3697)
4(81 3697 10283 3695)
4(10282 3694 12857 2382)
4(12857 3695 10283 2382)
4(10283 3697 10282 2382)
4(12882 3694 10282 2383)
4(10282 3697 8735 2383)
3(10070 3567 8627)
4(84 3709 10284 3713)
3(84 3713 3711)
3(10284 3709 10080)
4(10009 3570 10088 2384)
4(10088 3573 8632 2384)
4(10095 3709 10284 2385)
4(8740 3712 10095 2385)
4(85 3715 10287 3719)
4(85 3719 10288 3717)
4(10287 3715 10098 2386)
4(10098 3717 10288 2386)
4(10013 3576 10106 2387)
4(10106 3579 8637 2387)
4(10113 3715 10287 2388)
4(8745 3718 10113 2388)
4(86 3721 10291 3725)
4(86 3725 10292 3723)
4(10291 3721 10116 2389)
4(10116 3723 10292 2389)
4(10017 3582 10124 2390)
4(10124 3585 8642 2390)
4(10131 3721 10291 2391)
4(8750 3724 10131 2391)
4(87 3727 10295 3731)
4(87 3731 10296 3729)
4(10295 3727 10134 2392)
4(10134 3729 10296 2392)
4(10021 3588 10142 2393)
4(10142 3591 8647 2393)
4(10149 3727 10295 2394)
4(8755 3730 10149 2394)
4(88 3733 10299 3737)
4(88 3737 10300 3735)
4(10299 3733 10152 2395)
4(10152 3735 10300 2395)
4(10167 3733 10299 2396)
4(8760 3736 10167 2396)
4(10029 3615 12386 2397)
4(8656 3617 10029 2397)
4(12386 3618 8656 2397)
4(93 3761 10307 3764)
4(93 3764 10308 3762)
4(10307 3761 12387 2398)
4(12387 3762 10308 2398)
4(10308 3764 10307 2398)
4(10041 3620 12409 2399)
4(8661 3622 10041 2399)
4(12409 3623 8661 2399)
4(82 3703 10315 3701)
4(10045 3701 10315 2401)
3(10315 3703 2401)
4(12411 3761 10307 2402)
4(8770 3763 12411 2402)
4(10307 3764 8770 2402)
4(94 3766 10319 3769)
4(94 3769 10320 3767)
4(10319 3766 12410 2403)
4(12410 3767 10320 2403)
4(10320 3769 10319 2403)
4(110 3848 10323 3847)
3(110 10324 3848)
3(3847 10323 2405)
4(10323 3848 10324 2405)
4(10057 3625 12439 2406)
4(8666 3627 10057 2406)
4(12439 3628 8666 2406)
4(10315 3701 10060 2407)
4(10060 3702 8738 2407)
4(8738 3703 10315 2407)
4(83 3708 10330 3705)
4(10063 3705 10330 2408)
4(10331 3706 10063 2408)
4(10330 3708 10331 2408)
4(12441 3766 10319 2409)
4(8775 3768 12441 2409)
4(10319 3769 8775 2409)
4(95 3771 10335 3774)
4(95 3774 10336 3772)
4(10335 3771 12440 2410)
4(12440 3772 10336 2410)
4(10336 3774 10335 2410)
4(110 3848 10339 3849)
4(10323 3847 10338 2411)
4(10339 3848 10323 2411)
4(10338 3849 10339 2411)
4(111 3852 10340 3851)
4(111 3853 10342 3852)
4(10341 3851 10340 2412)
4(10340 3852 10342 2412)
4(10342 3853 10341 2412)
4(10075 3630 12469 2413)
4(8671 3632 10075 2413)
4(12469 3633 8671 2413)
4(10330 3705 10078 2414)
4(10078 3707 8739 2414)
4(8739 3708 10330 2414)
4(84 3714 10348 3710)
4(84 3711 10349 3714)
4(10081 3710 10348 2415)
4(10349 3711 10081 2415)
4(10348 3714 10349 2415)
4(12471 3771 10335 2416)
4(8780 3773 12471 2416)
4(10335 3774 8780 2416)
4(96 3776 10353 3779)
4(96 3779 10354 3777)
4(10353 3776 12470 2417)
4(12470 3777 10354 2417)
4(10354 3779 10353 2417)
4(111 3852 10357 3854)
4(10340 3851 10356 2418)
4(10357 3852 10340 2418)
4(10356 3854 10357 2418)
4(112 3857 10358 3856)
4(112 3856 10359 3858)
4(112 3858 10360 3857)
4(10359 3856 10358 2419)
4(10358 3857 10360 2419)
4(10360 3858 10359 2419)
4(10093 3635 12499 2420)
4(8676 3637 10093 2420)
4(12499 3638 8676 2420)
4(10348 3710 10096 2421)
4(10096 3712 8741 2421)
4(8741 3714 10348 2421)
4(85 3720 10366 3716)
4(85 3717 10367 3720)
4(10099 3716 10366 2422)
4(10367 3717 10099 2422)
4(10366 3720 10367 2422)
4(12501 3776 10353 2423)
4(8785 3778 12501 2423)
4(10353 3779 8785 2423)
4(97 3781 10371 3784)
4(97 3784 10372 3782)
4(10371 3781 12500 2424)
4(12500 3782 10372 2424)
4(10372 3784 10371 2424)
4(112 3859 10374 3856)
4(112 3857 10375 3859)
4(10358 3856 10374 2425)
4(10375 3857 10358 2425)
4(10374 3859 10375 2425)
4(113 3863 10376 3862)
4(113 3862 10377 3864)
4(113 3864 10378 3863)
4(10377 3862 10376 2426)
4(10376 3863 10378 2426)
4(10378 3864 10377 2426)
4(10111 3640 12529 2427)
4(8681 3642 10111 2427)
4(12529 3643 8681 2427)
4(10366 3716 10114 2428)
4(10114 3718 8746 2428)
4(8746 3720 10366 2428)
4(86 3726 10384 3722)
4(86 3723 10385 3726)
4(10117 3722 10384 2429)
4(10385 3723 10117 2429)
4(10384 3726 10385 2429)
4(12531 3781 10371 2430)
4(8790 3783 12531 2430)
4(10371 3784 8790 2430)
4(98 3786 10389 3789)
4(98 3789 10390 3787)
4(10389 3786 12530 2431)
4(12530 3787 10390 2431)
4(10390 3789 10389 2431)
4(113 3865 10392 3862)
4(113 3863 10393 3865)
4(10376 3862 10392 2432)
4(10393 3863 10376 2432)
4(10392 3865 10393 2432)
4(114 3869 10394 3868)
4(114 3868 10395 3870)
4(114 3870 10396 3869)
4(10395 3868 10394 2433)
4(10394 3869 10396 2433)
4(10396 3870 10395 2433)
4(10129 3645 12559 2434)
4(8686 3647 10129 2434)
4(12559 3648 8686 2434)
4(10384 3722 10132 2435)
4(10132 3724 8751 2435)
4(8751 3726 10384 2435)
4(87 3732 10402 3728)
4(87 3729 10403 3732)
4(10135 3728 10402 2436)
4(10403 3729 10135 2436)
4(10402 3732 10403 2436)
4(12561 3786 10389 2437)
4(8795 3788 12561 2437)
4(10389 3789 8795 2437)
4(99 3791 10407 3794)
4(99 3794 10408 3792)
4(10407 3791 12560 2438)
4(12560 3792 10408 2438)
4(10408 3794 10407 2438)
4(114 3871 10410 3868)
4(114 3869 10411 3871)
4(10394 3868 10410 2439)
4(10411 3869 10394 2439)
4(10410 3871 10411 2439)
4(115 3875 10412 3874)
4(115 3874 10413 3876)
4(115 3876 10414 3875)
4(10413 3874 10412 2440)
4(10412 3875 10414 2440)
4(10414 3876 10413 2440)
4(10147 3650 12589 2441)
4(8691 3652 10147 2441)
4(12589 3653 8691 2441)
4(10402 3728 10150 2442)
4(10150 3730 8756 2442)
4(8756 3732 10402 2442)
4(88 3738 10420 3734)
4(88 3735 10421 3738)
4(10153 3734 10420 2443)
4(10421 3735 10153 2443)
4(10420 3738 10421 2443)
4(12591 3791 10407 2444)
4(8800 3793 12591 2444)
4(10407 3794 8800 2444)
4(100 3796 10425 3799)
4(100 3799 10426 3797)
4(10425 3796 12590 2445)
4(12590 3797 10426 2445)
4(10426 3799 10425 2445)
4(115 3877 10428 3874)
4(115 3875 10429 3877)
4(10412 3874 10428 2446)
4(10429 3875 10412 2446)
4(10428 3877 10429 2446)
4(116 3881 10430 3880)
4(116 3880 10431 3882)
4(116 3882 10432 3881)
4(10431 3880 10430 2447)
4(10430 3881 10432 2447)
4(10432 3882 10431 2447)
4(10165 3655 12619 2448)
4(8696 3657 10165 2448)
4(12619 3658 8696 2448)
4(10420 3734 10168 2449)
4(10168 3736 8761 2449)
4(8761 3738 10420 2449)
4(89 3743 10438 3740)
4(10171 3740 10438 2450)
4(10439 3741 10171 2450)
4(10438 3743 10439 2450)
4(12621 3796 10425 2451)
4(8805 3798 12621 2451)
4(10425 3799 8805 2451)
4(101 3801 10443 3804)
4(101 3804 10444 3802)
4(10443 3801 12620 2452)
4(12620 3802 10444 2452)
4(10444 3804 10443 2452)
4(116 3883 10446 3880)
4(116 3881 10447 3883)
4(10430 3880 10446 2453)
4(10447 3881 10430 2453)
4(10446 3883 10447 2453)
4(117 3887 10448 3886)
4(117 3888 10450 3887)
4(10449 3886 10448 2454)
4(10448 3887 10450 2454)
4(10450 3888 10449 2454)
4(10183 3660 12649 2455)
4(8701 3662 10183 2455)
4(12649 3663 8701 2455)
4(10438 3740 10186 2456)
4(10186 3742 8765 2456)
4(8765 3743 10438 2456)
4(90 3748 10456 3745)
4(10189 3745 10456 2457)
4(10457 3746 10189 2457)
4(10456 3748 10457 2457)
4(12651 3801 10443 2458)
4(8810 3803 12651 2458)
4(10443 3804 8810 2458)
4(102 3806 10461 3809)
4(102 3809 10462 3807)
4(10461 3806 12650 2459)
4(12650 3807 10462 2459)
4(10462 3809 10461 2459)
4(117 3887 10465 3889)
4(10448 3886 10464 2460)
4(10465 3887 10448 2460)
4(10464 3889 10465 2460)
4(118 3892 10466 3891)
4(118 3893 10468 3892)
4(10467 3891 10466 2461)
4(10466 3892 10468 2461)
4(10468 3893 10467 2461)
4(10201 3665 12679 2462)
4(8706 3667 10201 2462)
4(12679 3668 8706 2462)
4(10456 3745 10204 2463)
4(10204 3747 8766 2463)
4(8766 3748 10456 2463)
4(91 3753 10474 3750)
4(10207 3750 10474 2464)
4(10475 3751 10207 2464)
4(10474 3753 10475 2464)
4(12681 3806 10461 2465)
4(8815 3808 12681 2465)
4(10461 3809 8815 2465)
4(103 3811 10479 3814)
4(103 3814 10480 3812)
4(10479 3811 12680 2466)
4(12680 3812 10480 2466)
4(10480 3814 10479 2466)
4(118 3892 10483 3894)
4(10466 3891 10482 2467)
4(10483 3892 10466 2467)
4(10482 3894 10483 2467)
4(119 3897 10484 3896)
4(119 3898 10486 3897)
4(10485 3896 10484 2468)
4(10484 3897 10486 2468)
4(10486 3898 10485 2468)
4(10219 3670 12709 2469)
4(8711 3672 10219 2469)
4(12709 3673 8711 2469)
4(10474 3750 10222 2470)
4(10222 3752 8767 2470)
4(8767 3753 10474 2470)
4(92 3758 10492 3755)
4(10225 3755 10492 2471)
4(10493 3756 10225 2471)
4(10492 3758 10493 2471)
4(12711 3811 10479 2472)
4(8820 3813 12711 2472)
4(10479 3814 8820 2472)
4(104 3816 10497 3819)
4(104 3819 10498 3817)
4(10497 3816 12710 2473)
4(12710 3817 10498 2473)
4(10498 3819 10497 2473)
4(119 3897 10501 3899)
4(10484 3896 10500 2474)
4(10501 3897 10484 2474)
4(10500 3899 10501 2474)
4(120 3902 10502 3901)
4(120 3903 10504 3902)
4(10503 3901 10502 2475)
4(10502 3902 10504 2475)
4(10504 3903 10503 2475)
4(10236 3675 12739 2476)
4(8716 3677 10236 2476)
4(12739 3678 8716 2476)
4(10492 3755 10239 2477)
4(10239 3757 8768 2477)
4(8768 3758 10492 2477)
4(12741 3816 10497 2479)
4(8825 3818 12741 2479)
4(10497 3819 8825 2479)
4(105 3821 10514 3824)
4(105 3824 10515 3822)
4(10514 3821 12740 2480)
4(12740 3822 10515 2480)
4(10515 3824 10514 2480)
4(120 3902 10518 3904)
4(10502 3901 10517 2481)
4(10518 3902 10502 2481)
4(10517 3904 10518 2481)
4(10252 3680 12769 2483)
4(8721 3682 10252 2483)
4(12769 3683 8721 2483)
4(12771 3821 10514 2486)
4(8830 3823 12771 2486)
4(10514 3824 8830 2486)
4(106 3826 10530 3829)
4(106 3829 10531 3827)
4(10530 3826 12770 2487)
4(12770 3827 10531 2487)
4(10531 3829 10530 2487)
4(10266 3685 12799 2490)
4(8726 3687 10266 2490)
4(12799 3688 8726 2490)
4(12801 3826 10530 2493)
4(8835 3828 12801 2493)
4(10530 3829 8835 2493)
4(107 3831 10544 3834)
4(107 3834 10545 3832)
4(10544 3831 12800 2494)
4(12800 3832 10545 2494)
4(10545 3834 10544 2494)
4(10276 3690 12829 2497)
4(8731 3692 10276 2497)
4(12829 3693 8731 2497)
4(12831 3831 10544 2498)
4(8840 3833 12831 2498)
4(10544 3834 8840 2498)
4(108 3836 10554 3839)
4(108 3839 10555 3837)
4(10554 3836 12830 2499)
4(12830 3837 10555 2499)
4(10555 3839 10554 2499)
4(10283 3695 12859 2500)
4(8736 3697 10283 2500)
4(12859 3698 8736 2500)
4(12861 3836 10554 2501)
4(8845 3838 12861 2501)
4(10554 3839 8845 2501)
4(109 3841 10561 3844)
4(109 3844 10562 3842)
4(10561 3841 12860 2502)
4(12860 3842 10562 2502)
4(10562 3844 10561 2502)
4(12883 3841 10561 2503)
4(10561 3844 8850 2503)
3(10349 3714 8742)
4(112 3856 10563 3860)
3(112 3860 3858)
3(10563 3856 10359)
4(10288 3717 10367 2504)
4(10367 3720 8747 2504)
4(10374 3856 10563 2505)
4(8855 3859 10374 2505)
4(113 3862 10566 3866)
4(113 3866 10567 3864)
4(10566 3862 10377 2506)
4(10377 3864 10567 2506)
4(10292 3723 10385 2507)
4(10385 3726 8752 2507)
4(10392 3862 10566 2508)
4(8860 3865 10392 2508)
4(114 3868 10570 3872)
4(114 3872 10571 3870)
4(10570 3868 10395 2509)
4(10395 3870 10571 2509)
4(10296 3729 10403 2510)
4(10403 3732 8757 2510)
4(10410 3868 10570 2511)
4(8865 3871 10410 2511)
4(115 3874 10574 3878)
4(115 3878 10575 3876)
4(10574 3874 10413 2512)
4(10413 3876 10575 2512)
4(10300 3735 10421 2513)
4(10421 3738 8762 2513)
4(10428 3874 10574 2514)
4(8870 3877 10428 2514)
4(116 3880 10578 3884)
4(116 3884 10579 3882)
4(10578 3880 10431 2515)
4(10431 3882 10579 2515)
4(10446 3880 10578 2516)
4(8875 3883 10446 2516)
4(10308 3762 12388 2517)
4(8771 3764 10308 2517)
4(12388 3765 8771 2517)
4(121 3908 10586 3911)
4(121 3911 10587 3909)
4(10586 3908 12389 2518)
4(12389 3909 10587 2518)
4(10587 3911 10586 2518)
4(10320 3767 12412 2519)
4(8776 3769 10320 2519)
4(12412 3770 8776 2519)
4(110 3850 10594 3848)
4(10324 3848 10594 2521)
3(10594 3850 2521)
4(12414 3908 10586 2522)
4(8885 3910 12414 2522)
4(10586 3911 8885 2522)
4(122 3913 10598 3916)
4(122 3916 10599 3914)
4(10598 3913 12413 2523)
4(12413 3914 10599 2523)
4(10599 3916 10598 2523)
4(138 3995 10602 3994)
3(138 10603 3995)
3(3994 10602 2525)
4(10602 3995 10603 2525)
4(10336 3772 12442 2526)
4(8781 3774 10336 2526)
4(12442 3775 8781 2526)
4(10594 3848 10339 2527)
4(10339 3849 8853 2527)
4(8853 3850 10594 2527)
4(111 3855 10609 3852)
4(10342 3852 10609 2528)
4(10610 3853 10342 2528)
4(10609 3855 10610 2528)
4(12444 3913 10598 2529)
4(8890 3915 12444 2529)
4(10598 3916 8890 2529)
4(123 3918 10614 3921)
4(123 3921 10615 3919)
4(10614 3918 12443 2530)
4(12443 3919 10615 2530)
4(10615 3921 10614 2530)
4(138 3995 10618 3996)
4(10602 3994 10617 2531)
4(10618 3995 10602 2531)
4(10617 3996 10618 2531)
4(139 3999 10619 3998)
4(139 4000 10621 3999)
4(10620 3998 10619 2532)
4(10619 3999 10621 2532)
4(10621 4000 10620 2532)
4(10354 3777 12472 2533)
4(8786 3779 10354 2533)
4(12472 3780 8786 2533)
4(10609 3852 10357 2534)
4(10357 3854 8854 2534)
4(8854 3855 10609 2534)
4(112 3861 10627 3857)
4(112 3858 10628 3861)
4(10360 3857 10627 2535)
4(10628 3858 10360 2535)
4(10627 3861 10628 2535)
4(12474 3918 10614 2536)
4(8895 3920 12474 2536)
4(10614 3921 8895 2536)
4(124 3923 10632 3926)
4(124 3926 10633 3924)
4(10632 3923 12473 2537)
4(12473 3924 10633 2537)
4(10633 3926 10632 2537)
4(139 3999 10636 4001)
4(10619 3998 10635 2538)
4(10636 3999 10619 2538)
4(10635 4001 10636 2538)
4(140 4004 10637 4003)
4(140 4003 10638 4005)
4(140 4005 10639 4004)
4(10638 4003 10637 2539)
4(10637 4004 10639 2539)
4(10639 4005 10638 2539)
4(10372 3782 12502 2540)
4(8791 3784 10372 2540)
4(12502 3785 8791 2540)
4(10627 3857 10375 2541)
4(10375 3859 8856 2541)
4(8856 3861 10627 2541)
4(113 3867 10645 3863)
4(113 3864 10646 3867)
4(10378 3863 10645 2542)
4(10646 3864 10378 2542)
4(10645 3867 10646 2542)
4(12504 3923 10632 2543)
4(8900 3925 12504 2543)
4(10632 3926 8900 2543)
4(125 3928 10650 3931)
4(125 3931 10651 3929)
4(10650 3928 12503 2544)
4(12503 3929 10651 2544)
4(10651 3931 10650 2544)
4(140 4006 10653 4003)
4(140 4004 10654 4006)
4(10637 4003 10653 2545)
4(10654 4004 10637 2545)
4(10653 4006 10654 2545)
4(141 4010 10655 4009)
4(141 4009 10656 4011)
4(141 4011 10657 4010)
4(10656 4009 10655 2546)
4(10655 4010 10657 2546)
4(10657 4011 10656 2546)
4(10390 3787 12532 2547)
4(8796 3789 10390 2547)
4(12532 3790 8796 2547)
4(10645 3863 10393 2548)
4(10393 3865 8861 2548)
4(8861 3867 10645 2548)
4(114 3873 10663 3869)
4(114 3870 10664 3873)
4(10396 3869 10663 2549)
4(10664 3870 10396 2549)
4(10663 3873 10664 2549)
4(12534 3928 10650 2550)
4(8905 3930 12534 2550)
4(10650 3931 8905 2550)
4(126 3933 10668 3936)
4(126 3936 10669 3934)
4(10668 3933 12533 2551)
4(12533 3934 10669 2551)
4(10669 3936 10668 2551)
4(141 4012 10671 4009)
4(141 4010 10672 4012)
4(10655 4009 10671 2552)
4(10672 4010 10655 2552)
4(10671 4012 10672 2552)
4(142 4016 10673 4015)
4(142 4015 10674 4017)
4(142 4017 10675 4016)
4(10674 4015 10673 2553)
4(10673 4016 10675 2553)
4(10675 4017 10674 2553)
4(10408 3792 12562 2554)
4(8801 3794 10408 2554)
4(12562 3795 8801 2554)
4(10663 3869 10411 2555)
4(10411 3871 8866 2555)
4(8866 3873 10663 2555)
4(115 3879 10681 3875)
4(115 3876 10682 3879)
4(10414 3875 10681 2556)
4(10682 3876 10414 2556)
4(10681 3879 10682 2556)
4(12564 3933 10668 2557)
4(8910 3935 12564 2557)
4(10668 3936 8910 2557)
4(127 3938 10686 3941)
4(127 3941 10687 3939)
4(10686 3938 12563 2558)
4(12563 3939 10687 2558)
4(10687 3941 10686 2558)
4(142 4018 10689 4015)
4(142 4016 10690 4018)
4(10673 4015 10689 2559)
4(10690 4016 10673 2559)
4(10689 4018 10690 2559)
4(143 4022 10691 4021)
4(143 4021 10692 4023)
4(143 4023 10693 4022)
4(10692 4021 10691 2560)
4(10691 4022 10693 2560)
4(10693 4023 10692 2560)
4(10426 3797 12592 2561)
4(8806 3799 10426 2561)
4(12592 3800 8806 2561)
4(10681 3875 10429 2562)
4(10429 3877 8871 2562)
4(8871 3879 10681 2562)
4(116 3885 10699 3881)
4(116 3882 10700 3885)
4(10432 3881 10699 2563)
4(10700 3882 10432 2563)
4(10699 3885 10700 2563)
4(12594 3938 10686 2564)
4(8915 3940 12594 2564)
4(10686 3941 8915 2564)
4(128 3943 10704 3946)
4(128 3946 10705 3944)
4(10704 3943 12593 2565)
4(12593 3944 10705 2565)
4(10705 3946 10704 2565)
4(143 4024 10707 4021)
4(143 4022 10708 4024)
4(10691 4021 10707 2566)
4(10708 4022 10691 2566)
4(10707 4024 10708 2566)
4(144 4028 10709 4027)
4(144 4027 10710 4029)
4(144 4029 10711 4028)
4(10710 4027 10709 2567)
4(10709 4028 10711 2567)
4(10711 4029 10710 2567)
4(10444 3802 12622 2568)
4(8811 3804 10444 2568)
4(12622 3805 8811 2568)
4(10699 3881 10447 2569)
4(10447 3883 8876 2569)
4(8876 3885 10699 2569)
4(117 3890 10717 3887)
4(10450 3887 10717 2570)
4(10718 3888 10450 2570)
4(10717 3890 10718 2570)
4(12624 3943 10704 2571)
4(8920 3945 12624 2571)
4(10704 3946 8920 2571)
4(129 3948 10722 3951)
4(129 3951 10723 3949)
4(10722 3948 12623 2572)
4(12623 3949 10723 2572)
4(10723 3951 10722 2572)
4(144 4030 10725 4027)
4(144 4028 10726 4030)
4(10709 4027 10725 2573)
4(10726 4028 10709 2573)
4(10725 4030 10726 2573)
4(145 4034 10727 4033)
4(145 4035 10729 4034)
4(10728 4033 10727 2574)
4(10727 4034 10729 2574)
4(10729 4035 10728 2574)
4(10462 3807 12652 2575)
4(8816 3809 10462 2575)
4(12652 3810 8816 2575)
4(10717 3887 10465 2576)
4(10465 3889 8880 2576)
4(8880 3890 10717 2576)
4(118 3895 10735 3892)
4(10468 3892 10735 2577)
4(10736 3893 10468 2577)
4(10735 3895 10736 2577)
4(12654 3948 10722 2578)
4(8925 3950 12654 2578)
4(10722 3951 8925 2578)
4(130 3953 10740 3956)
4(130 3956 10741 3954)
4(10740 3953 12653 2579)
4(12653 3954 10741 2579)
4(10741 3956 10740 2579)
4(145 4034 10744 4036)
4(10727 4033 10743 2580)
4(10744 4034 10727 2580)
4(10743 4036 10744 2580)
4(146 4039 10745 4038)
4(146 4040 10747 4039)
4(10746 4038 10745 2581)
4(10745 4039 10747 2581)
4(10747 4040 10746 2581)
4(10480 3812 12682 2582)
4(8821 3814 10480 2582)
4(12682 3815 8821 2582)
4(10735 3892 10483 2583)
4(10483 3894 8881 2583)
4(8881 3895 10735 2583)
4(119 3900 10753 3897)
4(10486 3897 10753 2584)
4(10754 3898 10486 2584)
4(10753 3900 10754 2584)
4(12684 3953 10740 2585)
4(8930 3955 12684 2585)
4(10740 3956 8930 2585)
4(131 3958 10758 3961)
4(131 3961 10759 3959)
4(10758 3958 12683 2586)
4(12683 3959 10759 2586)
4(10759 3961 10758 2586)
4(146 4039 10762 4041)
4(10745 4038 10761 2587)
4(10762 4039 10745 2587)
4(10761 4041 10762 2587)
4(147 4044 10763 4043)
4(147 4045 10765 4044)
4(10764 4043 10763 2588)
4(10763 4044 10765 2588)
4(10765 4045 10764 2588)
4(10498 3817 12712 2589)
4(8826 3819 10498 2589)
4(12712 3820 8826 2589)
4(10753 3897 10501 2590)
4(10501 3899 8882 2590)
4(8882 3900 10753 2590)
4(120 3905 10771 3902)
4(10504 3902 10771 2591)
4(10772 3903 10504 2591)
4(10771 3905 10772 2591)
4(12714 3958 10758 2592)
4(8935 3960 12714 2592)
4(10758 3961 8935 2592)
4(132 3963 10776 3966)
4(132 3966 10777 3964)
4(10776 3963 12713 2593)
4(12713 3964 10777 2593)
4(10777 3966 10776 2593)
4(147 4044 10780 4046)
4(10763 4043 10779 2594)
4(10780 4044 10763 2594)
4(10779 4046 10780 2594)
4(148 4049 10781 4048)
4(148 4050 10783 4049)
4(10782 4048 10781 2595)
4(10781 4049 10783 2595)
4(10783 4050 10782 2595)
4(10515 3822 12742 2596)
4(8831 3824 10515 2596)
4(12742 3825 8831 2596)
4(10771 3902 10518 2597)
4(10518 3904 8883 2597)
4(8883 3905 10771 2597)
4(12744 3963 10776 2599)
4(8940 3965 12744 2599)
4(10776 3966 8940 2599)
4(133 3968 10793 3971)
4(133 3971 10794 3969)
4(10793 3968 12743 2600)
4(12743 3969 10794 2600)
4(10794 3971 10793 2600)
4(148 4049 10797 4051)
4(10781 4048 10796 2601)
4(10797 4049 10781 2601)
4(10796 4051 10797 2601)
4(10531 3827 12772 2603)
4(8836 3829 10531 2603)
4(12772 3830 8836 2603)
4(12774 3968 10793 2606)
4(8945 3970 12774 2606)
4(10793 3971 8945 2606)
4(134 3973 10809 3976)
4(134 3976 10810 3974)
4(10809 3973 12773 2607)
4(12773 3974 10810 2607)
4(10810 3976 10809 2607)
4(10545 3832 12802 2610)
4(8841 3834 10545 2610)
4(12802 3835 8841 2610)
4(12804 3973 10809 2613)
4(8950 3975 12804 2613)
4(10809 3976 8950 2613)
4(135 3978 10823 3981)
4(135 3981 10824 3979)
4(10823 3978 12803 2614)
4(12803 3979 10824 2614)
4(10824 3981 10823 2614)
4(10555 3837 12832 2617)
4(8846 3839 10555 2617)
4(12832 3840 8846 2617)
4(12834 3978 10823 2618)
4(8955 3980 12834 2618)
4(10823 3981 8955 2618)
4(136 3983 10833 3986)
4(136 3986 10834 3984)
4(10833 3983 12833 2619)
4(12833 3984 10834 2619)
4(10834 3986 10833 2619)
4(10562 3842 12862 2620)
4(8851 3844 10562 2620)
4(12862 3845 8851 2620)
4(12864 3983 10833 2621)
4(8960 3985 12864 2621)
4(10833 3986 8960 2621)
4(137 3988 10840 3991)
4(137 3991 10841 3989)
4(10840 3988 12863 2622)
4(12863 3989 10841 2622)
4(10841 3991 10840 2622)
4(12884 3988 10840 2623)
4(10840 3991 8965 2623)
3(10628 3861 8857)
4(140 4003 10842 4007)
3(140 4007 4005)
3(10842 4003 10638)
4(10567 3864 10646 2624)
4(10646 3867 8862 2624)
4(10653 4003 10842 2625)
4(8970 4006 10653 2625)
4(141 4009 10845 4013)
4(141 4013 10846 4011)
4(10845 4009 10656 2626)
4(10656 4011 10846 2626)
4(10571 3870 10664 2627)
4(10664 3873 8867 2627)
4(10671 4009 10845 2628)
4(8975 4012 10671 2628)
4(142 4015 10849 4019)
4(142 4019 10850 4017)
4(10849 4015 10674 2629)
4(10674 4017 10850 2629)
4(10575 3876 10682 2630)
4(10682 3879 8872 2630)
4(10689 4015 10849 2631)
4(8980 4018 10689 2631)
4(143 4021 10853 4025)
4(143 4025 10854 4023)
4(10853 4021 10692 2632)
4(10692 4023 10854 2632)
4(10579 3882 10700 2633)
4(10700 3885 8877 2633)
4(10707 4021 10853 2634)
4(8985 4024 10707 2634)
4(144 4027 10857 4031)
4(144 4031 10858 4029)
4(10857 4027 10710 2635)
4(10710 4029 10858 2635)
4(10725 4027 10857 2636)
4(8990 4030 10725 2636)
4(10587 3909 12390 2637)
4(8886 3911 10587 2637)
4(12390 3912 8886 2637)
4(149 4055 10865 4058)
4(149 4058 10866 4056)
4(10865 4055 12391 2638)
4(12391 4056 10866 2638)
4(10866 4058 10865 2638)
4(10599 3914 12415 2639)
4(8891 3916 10599 2639)
4(12415 3917 8891 2639)
4(138 3997 10873 3995)
4(10603 3995 10873 2641)
3(10873 3997 2641)
4(12417 4055 10865 2642)
4(9000 4057 12417 2642)
4(10865 4058 9000 2642)
4(150 4060 10877 4063)
4(150 4063 10878 4061)
4(10877 4060 12416 2643)
4(12416 4061 10878 2643)
4(10878 4063 10877 2643)
4(166 4142 10881 4141)
3(166 10882 4142)
3(4141 10881 2645)
4(10881 4142 10882 2645)
4(10615 3919 12445 2646)
4(8896 3921 10615 2646)
4(12445 3922 8896 2646)
4(10873 3995 10618 2647)
4(10618 3996 8968 2647)
4(8968 3997 10873 2647)
4(139 4002 10888 3999)
4(10621 3999 10888 2648)
4(10889 4000 10621 2648)
4(10888 4002 10889 2648)
4(12447 4060 10877 2649)
4(9005 4062 12447 2649)
4(10877 4063 9005 2649)
4(151 4065 10893 4068)
4(151 4068 10894 4066)
4(10893 4065 12446 2650)
4(12446 4066 10894 2650)
4(10894 4068 10893 2650)
4(166 4142 10897 4143)
4(10881 4141 10896 2651)
4(10897 4142 10881 2651)
4(10896 4143 10897 2651)
4(167 4146 10898 4145)
4(167 4147 10900 4146)
4(10899 4145 10898 2652)
4(10898 4146 10900 2652)
4(10900 4147 10899 2652)
4(10633 3924 12475 2653)
4(8901 3926 10633 2653)
4(12475 3927 8901 2653)
4(10888 3999 10636 2654)
4(10636 4001 8969 2654)
4(8969 4002 10888 2654)
4(140 4008 10906 4004)
4(140 4005 10907 4008)
4(10639 4004 10906 2655)
4(10907 4005 10639 2655)
4(10906 4008 10907 2655)
4(12477 4065 10893 2656)
4(9010 4067 12477 2656)
4(10893 4068 9010 2656)
4(152 4070 10911 4073)
4(152 4073 10912 4071)
4(10911 4070 12476 2657)
4(12476 4071 10912 2657)
4(10912 4073 10911 2657)
4(167 4146 10915 4148)
4(10898 4145 10914 2658)
4(10915 4146 10898 2658)
4(10914 4148 10915 2658)
4(168 4151 10916 4150)
4(168 4150 10917 4152)
4(168 4152 10918 4151)
4(10917 4150 10916 2659)
4(10916 4151 10918 2659)
4(10918 4152 10917 2659)
4(10651 3929 12505 2660)
4(8906 3931 10651 2660)
4(12505 3932 8906 2660)
4(10906 4004 10654 2661)
4(10654 4006 8971 2661)
4(8971 4008 10906 2661)
4(141 4014 10924 4010)
4(141 4011 10925 4014)
4(10657 4010 10924 2662)
4(10925 4011 10657 2662)
4(10924 4014 10925 2662)
4(12507 4070 10911 2663)
4(9015 4072 12507 2663)
4(10911 4073 9015 2663)
4(153 4075 10929 4078)
4(153 4078 10930 4076)
4(10929 4075 12506 2664)
4(12506 4076 10930 2664)
4(10930 4078 10929 2664)
4(168 4153 10932 4150)
4(168 4151 10933 4153)
4(10916 4150 10932 2665)
4(10933 4151 10916 2665)
4(10932 4153 10933 2665)
4(169 4157 10934 4156)
4(169 4156 10935 4158)
4(169 4158 10936 4157)
4(10935 4156 10934 2666)
4(10934 4157 10936 2666)
4(10936 4158 10935 2666)
4(10669 3934 12535 2667)
4(8911 3936 10669 2667)
4(12535 3937 8911 2667)
4(10924 4010 10672 2668)
4(10672 4012 8976 2668)
4(8976 4014 10924 2668)
4(142 4020 10942 4016)
4(142 4017 10943 4020)
4(10675 4016 10942 2669)
4(10943 4017 10675 2669)
4(10942 4020 10943 2669)
4(12537 4075 10929 2670)
4(9020 4077 12537 2670)
4(10929 4078 9020 2670)
4(154 4080 10947 4083)
4(154 4083 10948 4081)
4(10947 4080 12536 2671)
4(12536 4081 10948 2671)
4(10948 4083 10947 2671)
4(169 4159 10950 4156)
4(169 4157 10951 4159)
4(10934 4156 10950 2672)
4(10951 4157 10934 2672)
4(10950 4159 10951 2672)
4(170 4163 10952 4162)
4(170 4162 10953 4164)
4(170 4164 10954 4163)
4(10953 4162 10952 2673)
4(10952 4163 10954 2673)
4(10954 4164 10953 2673)
4(10687 3939 12565 2674)
4(8916 3941 10687 2674)
4(12565 3942 8916 2674)
4(10942 4016 10690 2675)
4(10690 4018 8981 2675)
4(8981 4020 10942 2675)
4(143 4026 10960 4022)
4(143 4023 10961 4026)
4(10693 4022 10960 2676)
4(10961 4023 10693 2676)
4(10960 4026 10961 2676)
4(12567 4080 10947 2677)
4(9025 4082 12567 2677)
4(10947 4083 9025 2677)
4(155 4085 10965 4088)
4(155 4088 10966 4086)
4(10965 4085 12566 2678)
4(12566 4086 10966 2678)
4(10966 4088 10965 2678)
4(170 4165 10968 4162)
4(170 4163 10969 4165)
4(10952 4162 10968 2679)
4(10969 4163 10952 2679)
4(10968 4165 10969 2679)
4(171 4169 10970 4168)
4(171 4168 10971 4170)
4(171 4170 10972 4169)
4(10971 4168 10970 2680)
4(10970 4169 10972 2680)
4(10972 4170 10971 2680)
4(10705 3944 12595 2681)
4(8921 3946 10705 2681)
4(12595 3947 8921 2681)
4(10960 4022 10708 2682)
4(10708 4024 8986 2682)
4(8986 4026 10960 2682)
4(144 4032 10978 4028)
4(144 4029 10979 4032)
4(10711 4028 10978 2683)
4(10979 4029 10711 2683)
4(10978 4032 10979 2683)
4(12597 4085 10965 2684)
4(9030 4087 12597 2684)
4(10965 4088 9030 2684)
4(156 4090 10983 4093)
4(156 4093 10984 4091)
4(10983 4090 12596 2685)
4(12596 4091 10984 2685)
4(10984 4093 10983 2685)
4(171 4171 10986 4168)
4(171 4169 10987 4171)
4(10970 4168 10986 2686)
4(10987 4169 10970 2686)
4(10986 4171 10987 2686)
4(172 4175 10988 4174)
4(172 4174 10989 4176)
4(172 4176 10990 4175)
4(10989 4174 10988 2687)
4(10988 4175 10990 2687)
4(10990 4176 10989 2687)
4(10723 3949 12625 2688)
4(8926 3951 10723 2688)
4(12625 3952 8926 2688)
4(10978 4028 10726 2689)
4(10726 4030 8991 2689)
4(8991 4032 10978 2689)
4(145 4037 10996 4034)
4(10729 4034 10996 2690)
4(10997 4035 10729 2690)
4(10996 4037 10997 2690)
4(12627 4090 10983 2691)
4(9035 4092 12627 2691)
4(10983 4093 9035 2691)
4(157 4095 11001 4098)
4(157 4098 11002 4096)
4(11001 4095 12626 2692)
4(12626 4096 11002 2692)
4(11002 4098 11001 2692)
4(172 4177 11004 4174)
4(172 4175 11005 4177)
4(10988 4174 11004 2693)
4(11005 4175 10988 2693)
4(11004 4177 11005 2693)
4(173 4181 11006 4180)
4(173 4182 11008 4181)
4(11007 4180 11006 2694)
4(11006 4181 11008 2694)
4(11008 4182 11007 2694)
4(10741 3954 12655 2695)
4(8931 3956 10741 2695)
4(12655 3957 8931 2695)
4(10996 4034 10744 2696)
4(10744 4036 8995 2696)
4(8995 4037 10996 2696)
4(146 4042 11014 4039)
4(10747 4039 11014 2697)
4(11015 4040 10747 2697)
4(11014 4042 11015 2697)
4(12657 4095 11001 2698)
4(9040 4097 12657 2698)
4(11001 4098 9040 2698)
4(158 4100 11019 4103)
4(158 4103 11020 4101)
4(11019 4100 12656 2699)
4(12656 4101 11020 2699)
4(11020 4103 11019 2699)
4(173 4181 11023 4183)
4(11006 4180 11022 2700)
4(11023 4181 11006 2700)
4(11022 4183 11023 2700)
4(174 4186 11024 4185)
4(174 4187 11026 4186)
4(11025 4185 11024 2701)
4(11024 4186 11026 2701)
4(11026 4187 11025 2701)
4(10759 3959 12685 2702)
4(8936 3961 10759 2702)
4(12685 3962 8936 2702)
4(11014 4039 10762 2703)
4(10762 4041 8996 2703)
4(8996 4042 11014 2703)
4(147 4047 11032 4044)
4(10765 4044 11032 2704)
4(11033 4045 10765 2704)
4(11032 4047 11033 2704)
4(12687 4100 11019 2705)
4(9045 4102 12687 2705)
4(11019 4103 9045 2705)
4(159 4105 11037 4108)
4(159 4108 11038 4106)
4(11037 4105 12686 2706)
4(12686 4106 11038 2706)
4(11038 4108 11037 2706)
4(174 4186 11041 4188)
4(11024 4185 11040 2707)
4(11041 4186 11024 2707)
4(11040 4188 11041 2707)
4(175 4191 11042 4190)
4(175 4192 11044 4191)
4(11043 4190 11042 2708)
4(11042 4191 11044 2708)
4(11044 4192 11043 2708)
4(10777 3964 12715 2709)
4(8941 3966 10777 2709)
4(12715 3967 8941 2709)
4(11032 4044 10780 2710)
4(10780 4046 8997 2710)
4(8997 4047 11032 2710)
4(148 4052 11050 4049)
4(10783 4049 11050 2711)
4(11051 4050 10783 2711)
4(11050 4052 11051 2711)
4(12717 4105 11037 2712)
4(9050 4107 12717 2712)
4(11037 4108 9050 2712)
4(160 4110 11055 4113)
4(160 4113 11056 4111)
4(11055 4110 12716 2713)
4(12716 4111 11056 2713)
4(11056 4113 11055 2713)
4(175 4191 11059 4193)
4(11042 4190 11058 2714)
4(11059 4191 11042 2714)
4(11058 4193 11059 2714)
4(176 4196 11060 4195)
4(176 4197 11062 4196)
4(11061 4195 11060 2715)
4(11060 4196 11062 2715)
4(11062 4197 11061 2715)
4(10794 3969 12745 2716)
4(8946 3971 10794 2716)
4(12745 3972 8946 2716)
4(11050 4049 10797 2717)
4(10797 4051 8998 2717)
4(8998 4052 11050 2717)
4(12747 4110 11055 2719)
4(9055 4112 12747 2719)
4(11055 4113 9055 2719)
4(161 4115 11072 4118)
4(161 4118 11073 4116)
4(11072 4115 12746 2720)
4(12746 4116 11073 2720)
4(11073 4118 11072 2720)
4(176 4196 11076 4198)
4(11060 4195 11075 2721)
4(11076 4196 11060 2721)
4(11075 4198 11076 2721)
4(10810 3974 12775 2723)
4(8951 3976 10810 2723)
4(12775 3977 8951 2723)
4(12777 4115 11072 2726)
4(9060 4117 12777 2726)
4(11072 4118 9060 2726)
4(162 4120 11088 4123)
4(162 4123 11089 4121)
4(11088 4120 12776 2727)
4(12776 4121 11089 2727)
4(11089 4123 11088 2727)
4(10824 3979 12805 2730)
4(8956 3981 10824 2730)
4(12805 3982 8956 2730)
4(12807 4120 11088 2733)
4(9065 4122 12807 2733)
4(11088 4123 9065 2733)
4(163 4125 11102 4128)
4(163 4128 11103 4126)
4(11102 4125 12806 2734)
4(12806 4126 11103 2734)
4(11103 4128 11102 2734)
4(10834 3984 12835 2737)
4(8961 3986 10834 2737)
4(12835 3987 8961 2737)
4(12837 4125 11102 2738)
4(9070 4127 12837 2738)
4(11102 4128 9070 2738)
4(164 4130 11112 4133)
4(164 4133 11113 4131)
4(11112 4130 12836 2739)
4(12836 4131 11113 2739)
4(11113 4133 11112 2739)
4(10841 3989 12865 2740)
4(8966 3991 10841 2740)
4(12865 3992 8966 2740)
4(12867 4130 11112 2741)
4(9075 4132 12867 2741)
4(11112 4133 9075 2741)
4(165 4135 11119 4138)
4(165 4138 11120 4136)
4(11119 4135 12866 2742)
4(12866 4136 11120 2742)
4(11120 4138 11119 2742)
4(12885 4135 11119 2743)
4(11119 4138 9080 2743)
3(10907 4008 8972)
4(168 4150 11121 4154)
3(168 4154 4152)
3(11121 4150 10917)
4(10846 4011 10925 2744)
4(10925 4014 8977 2744)
4(10932 4150 11121 2745)
4(9085 4153 10932 2745)
4(169 4156 11124 4160)
4(169 4160 11125 4158)
4(11124 4156 10935 2746)
4(10935 4158 11125 2746)
4(10850 4017 10943 2747)
4(10943 4020 8982 2747)
4(10950 4156 11124 2748)
4(9090 4159 10950 2748)
4(170 4162 11128 4166)
4(170 4166 11129 4164)
4(11128 4162 10953 2749)
4(10953 4164 11129 2749)
4(10854 4023 10961 2750)
4(10961 4026 8987 2750)
4(10968 4162 11128 2751)
4(9095 4165 10968 2751)
4(171 4168 11132 4172)
4(171 4172 11133 4170)
4(11132 4168 10971 2752)
4(10971 4170 11133 2752)
4(10858 4029 10979 2753)
4(10979 4032 8992 2753)
4(10986 4168 11132 2754)
4(9100 4171 10986 2754)
4(172 4174 11136 4178)
4(172 4178 11137 4176)
4(11136 4174 10989 2755)
4(10989 4176 11137 2755)
4(11004 4174 11136 2756)
4(9105 4177 11004 2756)
4(10866 4056 12392 2757)
4(9001 4058 10866 2757)
4(12392 4059 9001 2757)
4(177 4202 11144 4205)
4(177 4205 11145 4203)
4(11144 4202 12393 2758)
4(12393 4203 11145 2758)
4(11145 4205 11144 2758)
4(10878 4061 12418 2759)
4(9006 4063 10878 2759)
4(12418 4064 9006 2759)
4(166 4144 11152 4142)
4(10882 4142 11152 2761)
3(11152 4144 2761)
4(12420 4202 11144 2762)
4(9115 4204 12420 2762)
4(11144 4205 9115 2762)
4(178 4207 11156 4210)
4(178 4210 11157 4208)
4(11156 4207 12419 2763)
4(12419 4208 11157 2763)
4(11157 4210 11156 2763)
4(194 4289 11160 4288)
3(194 11161 4289)
3(4288 11160 2765)
4(11160 4289 11161 2765)
4(10894 4066 12448 2766)
4(9011 4068 10894 2766)
4(12448 4069 9011 2766)
4(11152 4142 10897 2767)
4(10897 4143 9083 2767)
4(9083 4144 11152 2767)
4(167 4149 11167 4146)
4(10900 4146 11167 2768)
4(11168 4147 10900 2768)
4(11167 4149 11168 2768)
4(12450 4207 11156 2769)
4(9120 4209 12450 2769)
4(11156 4210 9120 2769)
4(179 4212 11172 4215)
4(179 4215 11173 4213)
4(11172 4212 12449 2770)
4(12449 4213 11173 2770)
4(11173 4215 11172 2770)
4(194 4289 11176 4290)
4(11160 4288 11175 2771)
4(11176 4289 11160 2771)
4(11175 4290 11176 2771)
4(195 4293 11177 4292)
4(195 4294 11179 4293)
4(11178 4292 11177 2772)
4(11177 4293 11179 2772)
4(11179 4294 11178 2772)
4(10912 4071 12478 2773)
4(9016 4073 10912 2773)
4(12478 4074 9016 2773)
4(11167 4146 10915 2774)
4(10915 4148 9084 2774)
4(9084 4149 11167 2774)
4(168 4155 11185 4151)
4(168 4152 11186 4155)
4(10918 4151 11185 2775)
4(11186 4152 10918 2775)
4(11185 4155 11186 2775)
4(12480 4212 11172 2776)
4(9125 4214 12480 2776)
4(11172 4215 9125 2776)
4(180 4217 11190 4220)
4(180 4220 11191 4218)
4(11190 4217 12479 2777)
4(12479 4218 11191 2777)
4(11191 4220 11190 2777)
4(195 4293 11194 4295)
4(11177 4292 11193 2778)
4(11194 4293 11177 2778)
4(11193 4295 11194 2778)
4(196 4298 11195 4297)
4(196 4297 11196 4299)
4(196 4299 11197 4298)
4(11196 4297 11195 2779)
4(11195 4298 11197 2779)
4(11197 4299 11196 2779)
4(10930 4076 12508 2780)
4(9021 4078 10930 2780)
4(12508 4079 9021 2780)
4(11185 4151 10933 2781)
4(10933 4153 9086 2781)
4(9086 4155 11185 2781)
4(169 4161 11203 4157)
4(169 4158 11204 4161)
4(10936 4157 11203 2782)
4(11204 4158 10936 2782)
4(11203 4161 11204 2782)
4(12510 4217 11190 2783)
4(9130 4219 12510 2783)
4(11190 4220 9130 2783)
4(181 4222 11208 4225)
4(181 4225 11209 4223)
4(11208 4222 12509 2784)
4(12509 4223 11209 2784)
4(11209 4225 11208 2784)
4(196 4300 11211 4297)
4(196 4298 11212 4300)
4(11195 4297 11211 2785)
4(11212 4298 11195 2785)
4(11211 4300 11212 2785)
4(197 4304 11213 4303)
4(197 4303 11214 4305)
4(197 4305 11215 4304)
4(11214 4303 11213 2786)
4(11213 4304 11215 2786)
4(11215 4305 11214 2786)
4(10948 4081 12538 2787)
4(9026 4083 10948 2787)
4(12538 4084 9026 2787)
4(11203 4157 10951 2788)
4(10951 4159 9091 2788)
4(9091 4161 11203 2788)
4(170 4167 11221 4163)
4(170 4164 11222 4167)
4(10954 4163 11221 2789)
4(11222 4164 10954 2789)
4(11221 4167 11222 2789)
4(12540 4222 11208 2790)
4(9135 4224 12540 2790)
4(11208 4225 9135 2790)
4(182 4227 11226 4230)
4(182 4230 11227 4228)
4(11226 4227 12539 2791)
4(12539 4228 11227 2791)
4(11227 4230 11226 2791)
4(197 4306 11229 4303)
4(197 4304 11230 4306)
4(11213 4303 11229 2792)
4(11230 4304 11213 2792)
4(11229 4306 11230 2792)
4(198 4310 11231 4309)
4(198 4309 11232 4311)
4(198 4311 11233 4310)
4(11232 4309 11231 2793)
4(11231 4310 11233 2793)
4(11233 4311 11232 2793)
4(10966 4086 12568 2794)
4(9031 4088 10966 2794)
4(12568 4089 9031 2794)
4(11221 4163 10969 2795)
4(10969 4165 9096 2795)
4(9096 4167 11221 2795)
4(171 4173 11239 4169)
4(171 4170 11240 4173)
4(10972 4169 11239 2796)
4(11240 4170 10972 2796)
4(11239 4173 11240 2796)
4(12570 4227 11226 2797)
4(9140 4229 12570 2797)
4(11226 4230 9140 2797)
4(183 4232 11244 4235)
4(183 4235 11245 4233)
4(11244 4232 12569 2798)
4(12569 4233 11245 2798)
4(11245 4235 11244 2798)
4(198 4312 11247 4309)
4(198 4310 11248 4312)
4(11231 4309 11247 2799)
4(11248 4310 11231 2799)
4(11247 4312 11248 2799)
4(199 4316 11249 4315)
4(199 4315 11250 4317)
4(199 4317 11251 4316)
4(11250 4315 11249 2800)
4(11249 4316 11251 2800)
4(11251 4317 11250 2800)
4(10984 4091 12598 2801)
4(9036 4093 10984 2801)
4(12598 4094 9036 2801)
4(11239 4169 10987 2802)
4(10987 4171 9101 2802)
4(9101 4173 11239 2802)
4(172 4179 11257 4175)
4(172 4176 11258 4179)
4(10990 4175 11257 2803)
4(11258 4176 10990 2803)
4(11257 4179 11258 2803)
4(12600 4232 11244 2804)
4(9145 4234 12600 2804)
4(11244 4235 9145 2804)
4(184 4237 11262 4240)
4(184 4240 11263 4238)
4(11262 4237 12599 2805)
4(12599 4238 11263 2805)
4(11263 4240 11262 2805)
4(199 4318 11265 4315)
4(199 4316 11266 4318)
4(11249 4315 11265 2806)
4(11266 4316 11249 2806)
4(11265 4318 11266 2806)
4(200 4322 11267 4321)
4(200 4321 11268 4323)
4(200 4323 11269 4322)
4(11268 4321 11267 2807)
4(11267 4322 11269 2807)
4(11269 4323 11268 2807)
4(11002 4096 12628 2808)
4(9041 4098 11002 2808)
4(12628 4099 9041 2808)
4(11257 4175 11005 2809)
4(11005 4177 9106 2809)
4(9106 4179 11257 2809)
4(173 4184 11275 4181)
4(11008 4181 11275 2810)
4(11276 4182 11008 2810)
4(11275 4184 11276 2810)
4(12630 4237 11262 2811)
4(9150 4239 12630 2811)
4(11262 4240 9150 2811)
4(185 4242 11280 4245)
4(185 4245 11281 4243)
4(11280 4242 12629 2812)
4(12629 4243 11281 2812)
4(11281 4245 11280 2812)
4(200 4324 11283 4321)
4(200 4322 11284 4324)
4(11267 4321 11283 2813)
4(11284 4322 11267 2813)
4(11283 4324 11284 2813)
4(201 4328 11285 4327)
4(201 4329 11287 4328)
4(11286 4327 11285 2814)
4(11285 4328 11287 2814)
4(11287 4329 11286 2814)
4(11020 4101 12658 2815)
4(9046 4103 11020 2815)
4(12658 4104 9046 2815)
4(11275 4181 11023 2816)
4(11023 4183 9110 2816)
4(9110 4184 11275 2816)
4(174 4189 11293 4186)
4(11026 4186 11293 2817)
4(11294 4187 11026 2817)
4(11293 4189 11294 2817)
4(12660 4242 11280 2818)
4(9155 4244 12660 2818)
4(11280 4245 9155 2818)
4(186 4247 11298 4250)
4(186 4250 11299 4248)
4(11298 4247 12659 2819)
4(12659 4248 11299 2819)
4(11299 4250 11298 2819)
4(201 4328 11302 4330)
4(11285 4327 11301 2820)
4(11302 4328 11285 2820)
4(11301 4330 11302 2820)
4(202 4333 11303 4332)
4(202 4334 11305 4333)
4(11304 4332 11303 2821)
4(11303 4333 11305 2821)
4(11305 4334 11304 2821)
4(11038 4106 12688 2822)
4(9051 4108 11038 2822)
4(12688 4109 9051 2822)
4(11293 4186 11041 2823)
4(11041 4188 9111 2823)
4(9111 4189 11293 2823)
4(175 4194 11311 4191)
4(11044 4191 11311 2824)
4(11312 4192 11044 2824)
4(11311 4194 11312 2824)
4(12690 4247 11298 2825)
4(9160 4249 12690 2825)
4(11298 4250 9160 2825)
4(187 4252 11316 4255)
4(187 4255 11317 4253)
4(11316 4252 12689 2826)
4(12689 4253 11317 2826)
4(11317 4255 11316 2826)
4(202 4333 11320 4335)
4(11303 4332 11319 2827)
4(11320 4333 11303 2827)
4(11319 4335 11320 2827)
4(203 4338 11321 4337)
4(203 4339 11323 4338)
4(11322 4337 11321 2828)
4(11321 4338 11323 2828)
4(11323 4339 11322 2828)
4(11056 4111 12718 2829)
4(9056 4113 11056 2829)
4(12718 4114 9056 2829)
4(11311 4191 11059 2830)
4(11059 4193 9112 2830)
4(9112 4194 11311 2830)
4(176 4199 11329 4196)
4(11062 4196 11329 2831)
4(11330 4197 11062 2831)
4(11329 4199 11330 2831)
4(12720 4252 11316 2832)
4(9165 4254 12720 2832)
4(11316 4255 9165 2832)
4(188 4257 11334 4260)
4(188 4260 11335 4258)
4(11334 4257 12719 2833)
4(12719 4258 11335 2833)
4(11335 4260 11334 2833)
4(203 4338 11338 4340)
4(11321 4337 11337 2834)
4(11338 4338 11321 2834)
4(11337 4340 11338 2834)
4(204 4343 11339 4342)
4(204 4344 11341 4343)
4(11340 4342 11339 2835)
4(11339 4343 11341 2835)
4(11341 4344 11340 2835)
4(11073 4116 12748 2836)
4(9061 4118 11073 2836)
4(12748 4119 9061 2836)
4(11329 4196 11076 2837)
4(11076 4198 9113 2837)
4(9113 4199 11329 2837)
4(12750 4257 11334 2839)
4(9170 4259 12750 2839)
4(11334 4260 9170 2839)
4(189 4262 11351 4265)
4(189 4265 11352 4263)
4(11351 4262 12749 2840)
4(12749 4263 11352 2840)
4(11352 4265 11351 2840)
4(204 4343 11355 4345)
4(11339 4342 11354 2841)
4(11355 4343 11339 2841)
4(11354 4345 11355 2841)
4(11089 4121 12778 2843)
4(9066 4123 11089 2843)
4(12778 4124 9066 2843)
4(12780 4262 11351 2846)
4(9175 4264 12780 2846)
4(11351 4265 9175 2846)
4(190 4267 11367 4270)
4(190 4270 11368 4268)
4(11367 4267 12779 2847)
4(12779 4268 11368 2847)
4(11368 4270 11367 2847)
4(11103 4126 12808 2850)
4(9071 4128 11103 2850)
4(12808 4129 9071 2850)
4(12810 4267 11367 2853)
4(9180 4269 12810 2853)
4(11367 4270 9180 2853)
4(191 4272 11381 4275)
4(191 4275 11382 4273)
4(11381 4272 12809 2854)
4(12809 4273 11382 2854)
4(11382 4275 11381 2854)
4(11113 4131 12838 2857)
4(9076 4133 11113 2857)
4(12838 4134 9076 2857)
4(12840 4272 11381 2858)
4(9185 4274 12840 2858)
4(11381 4275 9185 2858)
4(192 4277 11391 4280)
4(192 4280 11392 4278)
4(11391 4277 12839 2859)
4(12839 4278 11392 2859)
4(11392 4280 11391 2859)
4(11120 4136 12868 2860)
4(9081 4138 11120 2860)
4(12868 4139 9081 2860)
4(12870 4277 11391 2861)
4(9190 4279 12870 2861)
4(11391 4280 9190 2861)
4(193 4282 11398 4285)
4(193 4285 11399 4283)
4(11398 4282 12869 2862)
4(12869 4283 11399 2862)
4(11399 4285 11398 2862)
4(12886 4282 11398 2863)
4(11398 4285 9195 2863)
3(11186 4155 9087)
4(196 4297 11400 4301)
3(196 4301 4299)
3(11400 4297 11196)
4(11125 4158 11204 2864)
4(11204 4161 9092 2864)
4(11211 4297 11400 2865)
4(9200 4300 11211 2865)
4(197 4303 11403 4307)
4(197 4307 11404 4305)
4(11403 4303 11214 2866)
4(11214 4305 11404 2866)
4(11129 4164 11222 2867)
4(11222 4167 9097 2867)
4(11229 4303 11403 2868)
4(9205 4306 11229 2868)
4(198 4309 11407 4313)
4(198 4313 11408 4311)
4(11407 4309 11232 2869)
4(11232 4311 11408 2869)
4(11133 4170 11240 2870)
4(11240 4173 9102 2870)
4(11247 4309 11407 2871)
4(9210 4312 11247 2871)
4(199 4315 11411 4319)
4(199 4319 11412 4317)
4(11411 4315 11250 2872)
4(11250 4317 11412 2872)
4(11137 4176 11258 2873)
4(11258 4179 9107 2873)
4(11265 4315 11411 2874)
4(9215 4318 11265 2874)
4(200 4321 11415 4325)
4(200 4325 11416 4323)
4(11415 4321 11268 2875)
4(11268 4323 11416 2875)
4(11283 4321 11415 2876)
4(9220 4324 11283 2876)
4(11145 4203 12394 2877)
4(9116 4205 11145 2877)
4(12394 4206 9116 2877)
4(205 4349 11423 4352)
4(205 4352 11424 4350)
4(11423 4349 12395 2878)
4(12395 4350 11424 2878)
4(11424 4352 11423 2878)
4(11157 4208 12421 2879)
4(9121 4210 11157 2879)
4(12421 4211 9121 2879)
4(194 4291 11431 4289)
4(11161 4289 11431 2881)
3(11431 4291 2881)
4(12423 4349 11423 2882)
4(9230 4351 12423 2882)
4(11423 4352 9230 2882)
4(206 4354 11435 4357)
4(206 4357 11436 4355)
4(11435 4354 12422 2883)
4(12422 4355 11436 2883)
4(11436 4357 11435 2883)
4(222 4436 11439 4435)
3(222 11440 4436)
3(4435 11439 2885)
4(11439 4436 11440 2885)
4(11173 4213 12451 2886)
4(9126 4215 11173 2886)
4(12451 4216 9126 2886)
4(11431 4289 11176 2887)
4(11176 4290 9198 2887)
4(9198 4291 11431 2887)
4(195 4296 11446 4293)
4(11179 4293 11446 2888)
4(11447 4294 11179 2888)
4(11446 4296 11447 2888)
4(12453 4354 11435 2889)
4(9235 4356 12453 2889)
4(11435 4357 9235 2889)
4(207 4359 11451 4362)
4(207 4362 11452 4360)
4(11451 4359 12452 2890)
4(12452 4360 11452 2890)
4(11452 4362 11451 2890)
4(222 4436 11455 4437)
4(11439 4435 11454 2891)
4(11455 4436 11439 2891)
4(11454 4437 11455 2891)
4(223 4440 11456 4439)
4(223 4441 11458 4440)
4(11457 4439 11456 2892)
4(11456 4440 11458 2892)
4(11458 4441 11457 2892)
4(11191 4218 12481 2893)
4(9131 4220 11191 2893)
4(12481 4221 9131 2893)
4(11446 4293 11194 2894)
4(11194 4295 9199 2894)
4(9199 4296 11446 2894)
4(196 4302 11464 4298)
4(196 4299 11465 4302)
4(11197 4298 11464 2895)
4(11465 4299 11197 2895)
4(11464 4302 11465 2895)
4(12483 4359 11451 2896)
4(9240 4361 12483 2896)
4(11451 4362 9240 2896)
4(208 4364 11469 4367)
4(208 4367 11470 4365)
4(11469 4364 12482 2897)
4(12482 4365 11470 2897)
4(11470 4367 11469 2897)
4(223 4440 11473 4442)
4(11456 4439 11472 2898)
4(11473 4440 11456 2898)
4(11472 4442 11473 2898)
4(224 4445 11474 4444)
4(224 4444 11475 4446)
4(224 4446 11476 4445)
4(11475 4444 11474 2899)
4(11474 4445 11476 2899)
4(11476 4446 11475 2899)
4(11209 4223 12511 2900)
4(9136 4225 11209 2900)
4(12511 4226 9136 2900)
4(11464 4298 11212 2901)
4(11212 4300 9201 2901)
4(9201 4302 11464 2901)
4(197 4308 11482 4304)
4(197 4305 11483 4308)
4(11215 4304 11482 2902)
4(11483 4305 11215 2902)
4(11482 4308 11483 2902)
4(12513 4364 11469 2903)
4(9245 4366 12513 2903)
4(11469 4367 9245 2903)
4(209 4369 11487 4372)
4(209 4372 11488 4370)
4(11487 4369 12512 2904)
4(12512 4370 11488 2904)
4(11488 4372 11487 2904)
4(224 4447 11490 4444)
4(224 4445 11491 4447)
4(11474 4444 11490 2905)
4(11491 4445 11474 2905)
4(11490 4447 11491 2905)
4(225 4451 11492 4450)
4(225 4450 11493 4452)
4(225 4452 11494 4451)
4(11493 4450 11492 2906)
4(11492 4451 11494 2906)
4(11494 4452 11493 2906)
4(11227 4228 12541 2907)
4(9141 4230 11227 2907)
4(12541 4231 9141 2907)
4(11482 4304 11230 2908)
4(11230 4306 9206 2908)
4(9206 4308 11482 2908)
4(198 4314 11500 4310)
4(198 4311 11501 4314)
4(11233 4310 11500 2909)
4(11501 4311 11233 2909)
4(11500 4314 11501 2909)
4(12543 4369 11487 2910)
4(9250 4371 12543 2910)
4(11487 4372 9250 2910)
4(210 4374 11505 4377)
4(210 4377 11506 4375)
4(11505 4374 12542 2911)
4(12542 4375 11506 2911)
4(11506 4377 11505 2911)
4(225 4453 11508 4450)
4(225 4451 11509 4453)
4(11492 4450 11508 2912)
4(11509 4451 11492 2912)
4(11508 4453 11509 2912)
4(226 4457 11510 4456)
4(226 4456 11511 4458)
4(226 4458 11512 4457)
4(11511 4456 11510 2913)
4(11510 4457 11512 2913)
4(11512 4458 11511 2913)
4(11245 4233 12571 2914)
4(9146 4235 11245 2914)
4(12571 4236 9146 2914)
4(11500 4310 11248 2915)
4(11248 4312 9211 2915)
4(9211 4314 11500 2915)
4(199 4320 11518 4316)
4(199 4317 11519 4320)
4(11251 4316 11518 2916)
4(11519 4317 11251 2916)
4(11518 4320 11519 2916)
4(12573 4374 11505 2917)
4(9255 4376 12573 2917)
4(11505 4377 9255 2917)
4(211 4379 11523 4382)
4(211 4382 11524 4380)
4(11523 4379 12572 2918)
4(12572 4380 11524 2918)
4(11524 4382 11523 2918)
4(226 4459 11526 4456)
4(226 4457 11527 4459)
4(11510 4456 11526 2919)
4(11527 4457 11510 2919)
4(11526 4459 11527 2919)
4(227 4463 11528 4462)
4(227 4462 11529 4464)
4(227 4464 11530 4463)
4(11529 4462 11528 2920)
4(11528 4463 11530 2920)
4(11530 4464 11529 2920)
4(11263 4238 12601 2921)
4(9151 4240 11263 2921)
4(12601 4241 9151 2921)
4(11518 4316 11266 2922)
4(11266 4318 9216 2922)
4(9216 4320 11518 2922)
4(200 4326 11536 4322)
4(200 4323 11537 4326)
4(11269 4322 11536 2923)
4(11537 4323 11269 2923)
4(11536 4326 11537 2923)
4(12603 4379 11523 2924)
4(9260 4381 12603 2924)
4(11523 4382 9260 2924)
4(212 4384 11541 4387)
4(212 4387 11542 4385)
4(11541 4384 12602 2925)
4(12602 4385 11542 2925)
4(11542 4387 11541 2925)
4(227 4465 11544 4462)
4(227 4463 11545 4465)
4(11528 4462 11544 2926)
4(11545 4463 11528 2926)
4(11544 4465 11545 2926)
4(228 4469 11546 4468)
4(228 4468 11547 4470)
4(228 4470 11548 4469)
4(11547 4468 11546 2927)
4(11546 4469 11548 2927)
4(11548 4470 11547 2927)
4(11281 4243 12631 2928)
4(9156 4245 11281 2928)
4(12631 4246 9156 2928)
4(11536 4322 11284 2929)
4(11284 4324 9221 2929)
4(9221 4326 11536 2929)
4(201 4331 11554 4328)
4(11287 4328 11554 2930)
4(11555 4329 11287 2930)
4(11554 4331 11555 2930)
4(12633 4384 11541 2931)
4(9265 4386 12633 2931)
4(11541 4387 9265 2931)
4(213 4389 11559 4392)
4(213 4392 11560 4390)
4(11559 4389 12632 2932)
4(12632 4390 11560 2932)
4(11560 4392 11559 2932)
4(228 4471 11562 4468)
4(228 4469 11563 4471)
4(11546 4468 11562 2933)
4(11563 4469 11546 2933)
4(11562 4471 11563 2933)
4(229 4475 11564 4474)
4(229 4476 11566 4475)
4(11565 4474 11564 2934)
4(11564 4475 11566 2934)
4(11566 4476 11565 2934)
4(11299 4248 12661 2935)
4(9161 4250 11299 2935)
4(12661 4251 9161 2935)
4(11554 4328 11302 2936)
4(11302 4330 9225 2936)
4(9225 4331 11554 2936)
4(202 4336 11572 4333)
4(11305 4333 11572 2937)
4(11573 4334 11305 2937)
4(11572 4336 11573 2937)
4(12663 4389 11559 2938)
4(9270 4391 12663 2938)
4(11559 4392 9270 2938)
4(214 4394 11577 4397)
4(214 4397 11578 4395)
4(11577 4394 12662 2939)
4(12662 4395 11578 2939)
4(11578 4397 11577 2939)
4(229 4475 11581 4477)
4(11564 4474 11580 2940)
4(11581 4475 11564 2940)
4(11580 4477 11581 2940)
4(230 4480 11582 4479)
4(230 4481 11584 4480)
4(11583 4479 11582 2941)
4(11582 4480 11584 2941)
4(11584 4481 11583 2941)
4(11317 4253 12691 2942)
4(9166 4255 11317 2942)
4(12691 4256 9166 2942)
4(11572 4333 11320 2943)
4(11320 4335 9226 2943)
4(9226 4336 11572 2943)
4(203 4341 11590 4338)
4(11323 4338 11590 2944)
4(11591 4339 11323 2944)
4(11590 4341 11591 2944)
4(12693 4394 11577 2945)
4(9275 4396 12693 2945)
4(11577 4397 9275 2945)
4(215 4399 11595 4402)
4(215 4402 11596 4400)
4(11595 4399 12692 2946)
4(12692 4400 11596 2946)
4(11596 4402 11595 2946)
4(230 4480 11599 4482)
4(11582 4479 11598 2947)
4(11599 4480 11582 2947)
4(11598 4482 11599 2947)
4(231 4485 11600 4484)
4(231 4486 11602 4485)
4(11601 4484 11600 2948)
4(11600 4485 11602 2948)
4(11602 4486 11601 2948)
4(11335 4258 12721 2949)
4(9171 4260 11335 2949)
4(12721 4261 9171 2949)
4(11590 4338 11338 2950)
4(11338 4340 9227 2950)
4(9227 4341 11590 2950)
4(204 4346 11608 4343)
4(11341 4343 11608 2951)
4(11609 4344 11341 2951)
4(11608 4346 11609 2951)
4(12723 4399 11595 2952)
4(9280 4401 12723 2952)
4(11595 4402 9280 2952)
4(216 4404 11613 4407)
4(216 4407 11614 4405)
4(11613 4404 12722 2953)
4(12722 4405 11614 2953)
4(11614 4407 11613 2953)
4(231 4485 11617 4487)
4(11600 4484 11616 2954)
4(11617 4485 11600 2954)
4(11616 4487 11617 2954)
4(232 4490 11618 4489)
4(232 4491 11620 4490)
4(11619 4489 11618 2955)
4(11618 4490 11620 2955)
4(11620 4491 11619 2955)
4(11352 4263 12751 2956)
4(9176 4265 11352 2956)
4(12751 4266 9176 2956)
4(11608 4343 11355 2957)
4(11355 4345 9228 2957)
4(9228 4346 11608 2957)
4(12753 4404 11613 2959)
4(9285 4406 12753 2959)
4(11613 4407 9285 2959)
4(217 4409 11630 4412)
4(217 4412 11631 4410)
4(11630 4409 12752 2960)
4(12752 4410 11631 2960)
4(11631 4412 11630 2960)
4(232 4490 11634 4492)
4(11618 4489 11633 2961)
4(11634 4490 11618 2961)
4(11633 4492 11634 2961)
4(11368 4268 12781 2963)
4(9181 4270 11368 2963)
4(12781 4271 9181 2963)
4(12783 4409 11630 2966)
4(9290 4411 12783 2966)
4(11630 4412 9290 2966)
4(218 4414 11646 4417)
4(218 4417 11647 4415)
4(11646 4414 12782 2967)
4(12782 4415 11647 2967)
4(11647 4417 11646 2967)
4(11382 4273 12811 2970)
4(9186 4275 11382 2970)
4(12811 4276 9186 2970)
4(12813 4414 11646 2973)
4(9295 4416 12813 2973)
4(11646 4417 9295 2973)
4(219 4419 11660 4422)
4(219 4422 11661 4420)
4(11660 4419 12812 2974)
4(12812 4420 11661 2974)
4(11661 4422 11660 2974)
4(11392 4278 12841 2977)
4(9191 4280 11392 2977)
4(12841 4281 9191 2977)
4(12843 4419 11660 2978)
4(9300 4421 12843 2978)
4(11660 4422 9300 2978)
4(220 4424 11670 4427)
4(220 4427 11671 4425)
4(11670 4424 12842 2979)
4(12842 4425 11671 2979)
4(11671 4427 11670 2979)
4(11399 4283 12871 2980)
4(9196 4285 11399 2980)
4(12871 4286 9196 2980)
4(12873 4424 11670 2981)
4(9305 4426 12873 2981)
4(11670 4427 9305 2981)
4(221 4429 11677 4432)
4(221 4432 11678 4430)
4(11677 4429 12872 2982)
4(12872 4430 11678 2982)
4(11678 4432 11677 2982)
4(12887 4429 11677 2983)
4(11677 4432 9310 2983)
3(11465 4302 9202)
4(224 4444 11679 4448)
3(224 4448 4446)
3(11679 4444 11475)
4(11404 4305 11483 2984)
4(11483 4308 9207 2984)
4(11490 4444 11679 2985)
4(9315 4447 11490 2985)
4(225 4450 11682 4454)
4(225 4454 11683 4452)
4(11682 4450 11493 2986)
4(11493 4452 11683 2986)
4(11408 4311 11501 2987)
4(11501 4314 9212 2987)
4(11508 4450 11682 2988)
4(9320 4453 11508 2988)
4(226 4456 11686 4460)
4(226 4460 11687 4458)
4(11686 4456 11511 2989)
4(11511 4458 11687 2989)
4(11412 4317 11519 2990)
4(11519 4320 9217 2990)
4(11526 4456 11686 2991)
4(9325 4459 11526 2991)
4(227 4462 11690 4466)
4(227 4466 11691 4464)
4(11690 4462 11529 2992)
4(11529 4464 11691 2992)
4(11416 4323 11537 2993)
4(11537 4326 9222 2993)
4(11544 4462 11690 2994)
4(9330 4465 11544 2994)
4(228 4468 11694 4472)
4(228 4472 11695 4470)
4(11694 4468 11547 2995)
4(11547 4470 11695 2995)
4(11562 4468 11694 2996)
4(9335 4471 11562 2996)
4(11424 4350 12396 2997)
4(9231 4352 11424 2997)
4(12396 4353 9231 2997)
4(233 4496 11702 4499)
4(233 4499 11703 4497)
4(11702 4496 12397 2998)
4(12397 4497 11703 2998)
4(11703 4499 11702 2998)
4(11436 4355 12424 2999)
4(9236 4357 11436 2999)
4(12424 4358 9236 2999)
4(222 4438 11710 4436)
4(11440 4436 11710 3001)
3(11710 4438 3001)
4(12426 4496 11702 3002)
4(9345 4498 12426 3002)
4(11702 4499 9345 3002)
4(234 4501 11714 4504)
4(234 4504 11715 4502)
4(11714 4501 12425 3003)
4(12425 4502 11715 3003)
4(11715 4504 11714 3003)
4(250 4583 11718 4582)
3(250 11719 4583)
3(4582 11718 3005)
4(11718 4583 11719 3005)
4(11452 4360 12454 3006)
4(9241 4362 11452 3006)
4(12454 4363 9241 3006)
4(11710 4436 11455 3007)
4(11455 4437 9313 3007)
4(9313 4438 11710 3007)
4(223 4443 11725 4440)
4(11458 4440 11725 3008)
4(11726 4441 11458 3008)
4(11725 4443 11726 3008)
4(12456 4501 11714 3009)
4(9350 4503 12456 3009)
4(11714 4504 9350 3009)
4(235 4506 11730 4509)
4(235 4509 11731 4507)
4(11730 4506 12455 3010)
4(12455 4507 11731 3010)
4(11731 4509 11730 3010)
4(250 4583 11734 4584)
4(11718 4582 11733 3011)
4(11734 4583 11718 3011)
4(11733 4584 11734 3011)
4(251 4587 11735 4586)
4(251 4588 11737 4587)
4(11736 4586 11735 3012)
4(11735 4587 11737 3012)
4(11737 4588 11736 3012)
4(11470 4365 12484 3013)
4(9246 4367 11470 3013)
4(12484 4368 9246 3013)
4(11725 4440 11473 3014)
4(11473 4442 9314 3014)
4(9314 4443 11725 3014)
4(224 4449 11743 4445)
4(224 4446 11744 4449)
4(11476 4445 11743 3015)
4(11744 4446 11476 3015)
4(11743 4449 11744 3015)
4(12486 4506 11730 3016)
4(9355 4508 12486 3016)
4(11730 4509 9355 3016)
4(236 4511 11748 4514)
4(236 4514 11749 4512)
4(11748 4511 12485 3017)
4(12485 4512 11749 3017)
4(11749 4514 11748 3017)
4(251 4587 11752 4589)
4(11735 4586 11751 3018)
4(11752 4587 11735 3018)
4(11751 4589 11752 3018)
4(252 4592 11753 4591)
4(252 4591 11754 4593)
4(252 4593 11755 4592)
4(11754 4591 11753 3019)
4(11753 4592 11755 3019)
4(11755 4593 11754 3019)
4(11488 4370 12514 3020)
4(9251 4372 11488 3020)
4(12514 4373 9251 3020)
4(11743 4445 11491 3021)
4(11491 4447 9316 3021)
4(9316 4449 11743 3021)
4(225 4455 11761 4451)
4(225 4452 11762 4455)
4(11494 4451 11761 3022)
4(11762 4452 11494 3022)
4(11761 4455 11762 3022)
4(12516 4511 11748 3023)
4(9360 4513 12516 3023)
4(11748 4514 9360 3023)
4(237 4516 11766 4519)
4(237 4519 11767 4517)
4(11766 4516 12515 3024)
4(12515 4517 11767 3024)
4(11767 4519 11766 3024)
4(252 4594 11769 4591)
4(252 4592 11770 4594)
4(11753 4591 11769 3025)
4(11770 4592 11753 3025)
4(11769 4594 11770 3025)
4(253 4598 11771 4597)
4(253 4597 11772 4599)
4(253 4599 11773 4598)
4(11772 4597 11771 3026)
4(11771 4598 11773 3026)
4(11773 4599 11772 3026)
4(11506 4375 12544 3027)
4(9256 4377 11506 3027)
4(12544 4378 9256 3027)
4(11761 4451 11509 3028)
4(11509 4453 9321 3028)
4(9321 4455 11761 3028)
4(226 4461 11779 4457)
4(226 4458 11780 4461)
4(11512 4457 11779 3029)
4(11780 4458 11512 3029)
4(11779 4461 11780 3029)
4(12546 4516 11766 3030)
4(9365 4518 12546 3030)
4(11766 4519 9365 3030)
4(238 4521 11784 4524)
4(238 4524 11785 4522)
4(11784 4521 12545 3031)
4(12545 4522 11785 3031)
4(11785 4524 11784 3031)
4(253 4600 11787 4597)
4(253 4598 11788 4600)
4(11771 4597 11787 3032)
4(11788 4598 11771 3032)
4(11787 4600 11788 3032)
4(254 4604 11789 4603)
4(254 4603 11790 4605)
4(254 4605 11791 4604)
4(11790 4603 11789 3033)
4(11789 4604 11791 3033)
4(11791 4605 11790 3033)
4(11524 4380 12574 3034)
4(9261 4382 11524 3034)
4(12574 4383 9261 3034)
4(11779 4457 11527 3035)
4(11527 4459 9326 3035)
4(9326 4461 11779 3035)
4(227 4467 11797 4463)
4(227 4464 11798 4467)
4(11530 4463 11797 3036)
4(11798 4464 11530 3036)
4(11797 4467 11798 3036)
4(12576 4521 11784 3037)
4(9370 4523 12576 3037)
4(11784 4524 9370 3037)
4(239 4526 11802 4529)
4(239 4529 11803 4527)
4(11802 4526 12575 3038)
4(12575 4527 11803 3038)
4(11803 4529 11802 3038)
4(254 4606 11805 4603)
4(254 4604 11806 4606)
4(11789 4603 11805 3039)
4(11806 4604 11789 3039)
4(11805 4606 11806 3039)
4(255 4610 11807 4609)
4(255 4609 11808 4611)
4(255 4611 11809 4610)
4(11808 4609 11807 3040)
4(11807 4610 11809 3040)
4(11809 4611 11808 3040)
4(11542 4385 12604 3041)
4(9266 4387 11542 3041)
4(12604 4388 9266 3041)
4(11797 4463 11545 3042)
4(11545 4465 9331 3042)
4(9331 4467 11797 3042)
4(228 4473 11815 4469)
4(228 4470 11816 4473)
4(11548 4469 11815 3043)
4(11816 4470 11548 3043)
4(11815 4473 11816 3043)
4(12606 4526 11802 3044)
4(9375 4528 12606 3044)
4(11802 4529 9375 3044)
4(240 4531 11820 4534)
4(240 4534 11821 4532)
4(11820 4531 12605 3045)
4(12605 4532 11821 3045)
4(11821 4534 11820 3045)
4(255 4612 11823 4609)
4(255 4610 11824 4612)
4(11807 4609 11823 3046)
4(11824 4610 11807 3046)
4(11823 4612 11824 3046)
4(256 4616 11825 4615)
4(256 4615 11826 4617)
4(256 4617 11827 4616)
4(11826 4615 11825 3047)
4(11825 4616 11827 3047)
4(11827 4617 11826 3047)
4(11560 4390 12634 3048)
4(9271 4392 11560 3048)
4(12634 4393 9271 3048)
4(11815 4469 11563 3049)
4(11563 4471 9336 3049)
4(9336 4473 11815 3049)
4(229 4478 11833 4475)
4(11566 4475 11833 3050)
4(11834 4476 11566 3050)
4(11833 4478 11834 3050)
4(12636 4531 11820 3051)
4(9380 4533 12636 3051)
4(11820 4534 9380 3051)
4(241 4536 11838 4539)
4(241 4539 11839 4537)
4(11838 4536 12635 3052)
4(12635 4537 11839 3052)
4(11839 4539 11838 3052)
4(256 4618 11841 4615)
4(256 4616 11842 4618)
4(11825 4615 11841 3053)
4(11842 4616 11825 3053)
4(11841 4618 11842 3053)
4(257 4622 11843 4621)
4(257 4623 11845 4622)
4(11844 4621 11843 3054)
4(11843 4622 11845 3054)
4(11845 4623 11844 3054)
4(11578 4395 12664 3055)
4(9276 4397 11578 3055)
4(12664 4398 9276 3055)
4(11833 4475 11581 3056)
4(11581 4477 9340 3056)
4(9340 4478 11833 3056)
4(230 4483 11851 4480)
4(11584 4480 11851 3057)
4(11852 4481 11584 3057)
4(11851 4483 11852 3057)
4(12666 4536 11838 3058)
4(9385 4538 12666 3058)
4(11838 4539 9385 3058)
4(242 4541 11856 4544)
4(242 4544 11857 4542)
4(11856 4541 12665 3059)
4(12665 4542 11857 3059)
4(11857 4544 11856 3059)
4(257 4622 11860 4624)
4(11843 4621 11859 3060)
4(11860 4622 11843 3060)
4(11859 4624 11860 3060)
4(258 4627 11861 4626)
4(258 4628 11863 4627)
4(11862 4626 11861 3061)
4(11861 4627 11863 3061)
4(11863 4628 11862 3061)
4(11596 4400 12694 3062)
4(9281 4402 11596 3062)
4(12694 4403 9281 3062)
4(11851 4480 11599 3063)
4(11599 4482 9341 3063)
4(9341 4483 11851 3063)
4(231 4488 11869 4485)
4(11602 4485 11869 3064)
4(11870 4486 11602 3064)
4(11869 4488 11870 3064)
4(12696 4541 11856 3065)
4(9390 4543 12696 3065)
4(11856 4544 9390 3065)
4(243 4546 11874 4549)
4(243 4549 11875 4547)
4(11874 4546 12695 3066)
4(12695 4547 11875 3066)
4(11875 4549 11874 3066)
4(258 4627 11878 4629)
4(11861 4626 11877 3067)
4(11878 4627 11861 3067)
4(11877 4629 11878 3067)
4(259 4632 11879 4631)
4(259 4633 11881 4632)
4(11880 4631 11879 3068)
4(11879 4632 11881 3068)
4(11881 4633 11880 3068)
4(11614 4405 12724 3069)
4(9286 4407 11614 3069)
4(12724 4408 9286 3069)
4(11869 4485 11617 3070)
4(11617 4487 9342 3070)
4(9342 4488 11869 3070)
4(232 4493 11887 4490)
4(11620 4490 11887 3071)
4(11888 4491 11620 3071)
4(11887 4493 11888 3071)
4(12726 4546 11874 3072)
4(9395 4548 12726 3072)
4(11874 4549 9395 3072)
4(244 4551 11892 4554)
4(244 4554 11893 4552)
4(11892 4551 12725 3073)
4(12725 4552 11893 3073)
4(11893 4554 11892 3073)
4(259 4632 11896 4634)
4(11879 4631 11895 3074)
4(11896 4632 11879 3074)
4(11895 4634 11896 3074)
4(260 4637 11897 4636)
4(260 4638 11899 4637)
4(11898 4636 11897 3075)
4(11897 4637 11899 3075)
4(11899 4638 11898 3075)
4(11631 4410 12754 3076)
4(9291 4412 11631 3076)
4(12754 4413 9291 3076)
4(11887 4490 11634 3077)
4(11634 4492 9343 3077)
4(9343 4493 11887 3077)
4(12756 4551 11892 3079)
4(9400 4553 12756 3079)
4(11892 4554 9400 3079)
4(245 4556 11909 4559)
4(245 4559 11910 4557)
4(11909 4556 12755 3080)
4(12755 4557 11910 3080)
4(11910 4559 11909 3080)
4(260 4637 11913 4639)
4(11897 4636 11912 3081)
4(11913 4637 11897 3081)
4(11912 4639 11913 3081)
4(11647 4415 12784 3083)
4(9296 4417 11647 3083)
4(12784 4418 9296 3083)
4(12786 4556 11909 3086)
4(9405 4558 12786 3086)
4(11909 4559 9405 3086)
4(246 4561 11925 4564)
4(246 4564 11926 4562)
4(11925 4561 12785 3087)
4(12785 4562 11926 3087)
4(11926 4564 11925 3087)
4(11661 4420 12814 3090)
4(9301 4422 11661 3090)
4(12814 4423 9301 3090)
4(12816 4561 11925 3093)
4(9410 4563 12816 3093)
4(11925 4564 9410 3093)
4(247 4566 11939 4569)
4(247 4569 11940 4567)
4(11939 4566 12815 3094)
4(12815 4567 11940 3094)
4(11940 4569 11939 3094)
4(11671 4425 12844 3097)
4(9306 4427 11671 3097)
4(12844 4428 9306 3097)
4(12846 4566 11939 3098)
4(9415 4568 12846 3098)
4(11939 4569 9415 3098)
4(248 4571 11949 4574)
4(248 4574 11950 4572)
4(11949 4571 12845 3099)
4(12845 4572 11950 3099)
4(11950 4574 11949 3099)
4(11678 4430 12874 3100)
4(9311 4432 11678 3100)
4(12874 4433 9311 3100)
4(12876 4571 11949 3101)
4(9420 4573 12876 3101)
4(11949 4574 9420 3101)
4(249 4576 11956 4579)
4(249 4579 11957 4577)
4(11956 4576 12875 3102)
4(12875 4577 11957 3102)
4(11957 4579 11956 3102)
4(12888 4576 11956 3103)
4(11956 4579 9425 3103)
3(11744 4449 9317)
4(252 4591 11958 4595)
3(252 4595 4593)
3(11958 4591 11754)
4(11683 4452 11762 3104)
4(11762 4455 9322 3104)
4(11769 4591 11958 3105)
4(9431 4594 11769 3105)
4(253 4597 11961 4601)
4(253 4601 11962 4599)
4(11961 4597 11772 3106)
4(11772 4599 11962 3106)
4(11687 4458 11780 3107)
4(11780 4461 9327 3107)
4(11787 4597 11961 3108)
4(9436 4600 11787 3108)
4(254 4603 11965 4607)
4(254 4607 11966 4605)
4(11965 4603 11790 3109)
4(11790 4605 11966 3109)
4(11691 4464 11798 3110)
4(11798 4467 9332 3110)
4(11805 4603 11965 3111)
4(9441 4606 11805 3111)
4(255 4609 11969 4613)
4(255 4613 11970 4611)
4(11969 4609 11808 3112)
4(11808 4611 11970 3112)
4(11695 4470 11816 3113)
4(11816 4473 9337 3113)
4(11823 4609 11969 3114)
4(9446 4612 11823 3114)
4(256 4615 11973 4619)
4(256 4619 11974 4617)
4(11973 4615 11826 3115)
4(11826 4617 11974 3115)
4(11841 4615 11973 3116)
4(9451 4618 11841 3116)
4(11703 4497 12398 3117)
4(9346 4499 11703 3117)
4(12398 4500 9346 3117)
4(261 4643 11981 4646)
4(11981 4643 12399 3118)
4(12399 4644 12982 3118)
4(12982 4646 11981 3118)
4(11715 4502 12427 3119)
4(9351 4504 11715 3119)
4(12427 4505 9351 3119)
4(250 4585 11988 4583)
4(11719 4583 11988 3121)
3(11988 4585 3121)
4(12429 4643 11981 3122)
4(12960 4645 12429 3122)
4(11981 4646 12960 3122)
4(262 4647 11992 4650)
4(11992 4647 12428 3123)
4(12428 4648 12983 3123)
4(12983 4650 11992 3123)
4(278 4713 11994 4712)
4(11995 4712 11994 3125)
4(11994 4713 12984 3125)
4(11731 4507 12457 3126)
4(9356 4509 11731 3126)
4(12457 4510 9356 3126)
4(11988 4583 11734 3127)
4(11734 4584 9429 3127)
4(9429 4585 11988 3127)
4(251 4590 12001 4587)
4(11737 4587 12001 3128)
4(12002 4588 11737 3128)
4(12001 4590 12002 3128)
4(12459 4647 11992 3129)
4(12961 4649 12459 3129)
4(11992 4650 12961 3129)
4(263 4651 12006 4654)
4(12006 4651 12458 3130)
4(12458 4652 12986 3130)
4(12986 4654 12006 3130)
4(11994 4712 12008 3131)
4(12988 4713 11994 3131)
4(12008 4714 12988 3131)
4(279 4716 12009 4715)
4(12010 4715 12009 3132)
4(12009 4716 12987 3132)
4(12987 4717 12010 3132)
4(11749 4512 12487 3133)
4(9361 4514 11749 3133)
4(12487 4515 9361 3133)
4(12001 4587 11752 3134)
4(11752 4589 9430 3134)
4(9430 4590 12001 3134)
4(252 4596 12016 4592)
4(252 4593 12017 4596)
4(11755 4592 12016 3135)
4(12017 4593 11755 3135)
4(12016 4596 12017 3135)
4(12489 4651 12006 3136)
4(12962 4653 12489 3136)
4(12006 4654 12962 3136)
4(264 4655 12021 4658)
4(12021 4655 12488 3137)
4(12488 4656 12989 3137)
4(12989 4658 12021 3137)
4(12009 4715 12023 3138)
4(12991 4716 12009 3138)
4(12023 4718 12991 3138)
4(280 4720 12024 4719)
4(280 4719 12025 4721)
4(12025 4719 12024 3139)
4(12024 4720 12990 3139)
4(12990 4721 12025 3139)
4(11767 4517 12517 3140)
4(9366 4519 11767 3140)
4(12517 4520 9366 3140)
4(12016 4592 11770 3141)
4(11770 4594 9432 3141)
4(9432 4596 12016 3141)
4(253 4602 12031 4598)
4(253 4599 12032 4602)
4(11773 4598 12031 3142)
4(12032 4599 11773 3142)
4(12031 4602 12032 3142)
4(12519 4655 12021 3143)
4(12963 4657 12519 3143)
4(12021 4658 12963 3143)
4(265 4659 12036 4662)
4(12036 4659 12518 3144)
4(12518 4660 12992 3144)
4(12992 4662 12036 3144)
4(280 4722 12038 4719)
4(12024 4719 12038 3145)
4(12994 4720 12024 3145)
4(12038 4722 12994 3145)
4(281 4725 12039 4724)
4(281 4724 12040 4726)
4(12040 4724 12039 3146)
4(12039 4725 12993 3146)
4(12993 4726 12040 3146)
4(11785 4522 12547 3147)
4(9371 4524 11785 3147)
4(12547 4525 9371 3147)
4(12031 4598 11788 3148)
4(11788 4600 9437 3148)
4(9437 4602 12031 3148)
4(254 4608 12046 4604)
4(254 4605 12047 4608)
4(11791 4604 12046 3149)
4(12047 4605 11791 3149)
4(12046 4608 12047 3149)
4(12549 4659 12036 3150)
4(12965 4661 12549 3150)
4(12036 4662 12965 3150)
4(266 4663 12051 4666)
4(12051 4663 12548 3151)
4(12548 4664 12996 3151)
4(12996 4666 12051 3151)
4(281 4727 12053 4724)
4(12039 4724 12053 3152)
4(12998 4725 12039 3152)
4(12053 4727 12998 3152)
4(282 4730 12054 4729)
4(282 4729 12055 4731)
4(12055 4729 12054 3153)
4(12054 4730 12997 3153)
4(12997 4731 12055 3153)
4(11803 4527 12577 3154)
4(9376 4529 11803 3154)
4(12577 4530 9376 3154)
4(12046 4604 11806 3155)
4(11806 4606 9442 3155)
4(9442 4608 12046 3155)
4(255 4614 12061 4610)
4(255 4611 12062 4614)
4(11809 4610 12061 3156)
4(12062 4611 11809 3156)
4(12061 4614 12062 3156)
4(12579 4663 12051 3157)
4(12967 4665 12579 3157)
4(12051 4666 12967 3157)
4(267 4667 12066 4670)
4(12066 4667 12578 3158)
4(12578 4668 13000 3158)
4(13000 4670 12066 3158)
4(282 4732 12068 4729)
4(12054 4729 12068 3159)
4(13002 4730 12054 3159)
4(12068 4732 13002 3159)
4(283 4735 12069 4734)
4(283 4734 12070 4736)
4(12070 4734 12069 3160)
4(12069 4735 13001 3160)
4(13001 4736 12070 3160)
4(11821 4532 12607 3161)
4(9381 4534 11821 3161)
4(12607 4535 9381 3161)
4(12061 4610 11824 3162)
4(11824 4612 9447 3162)
4(9447 4614 12061 3162)
4(256 4620 12076 4616)
4(256 4617 12077 4620)
4(11827 4616 12076 3163)
4(12077 4617 11827 3163)
4(12076 4620 12077 3163)
4(12609 4667 12066 3164)
4(12969 4669 12609 3164)
4(12066 4670 12969 3164)
4(268 4671 12081 4674)
4(12081 4671 12608 3165)
4(12608 4672 13004 3165)
4(13004 4674 12081 3165)
4(283 4737 12083 4734)
4(12069 4734 12083 3166)
4(13006 4735 12069 3166)
4(12083 4737 13006 3166)
4(284 4740 12084 4739)
4(284 4739 12085 4741)
4(12085 4739 12084 3167)
4(12084 4740 13005 3167)
4(13005 4741 12085 3167)
4(11839 4537 12637 3168)
4(9386 4539 11839 3168)
4(12637 4540 9386 3168)
4(12076 4616 11842 3169)
4(11842 4618 9452 3169)
4(9452 4620 12076 3169)
4(257 4625 12091 4622)
4(11845 4622 12091 3170)
4(12092 4623 11845 3170)
4(12091 4625 12092 3170)
4(12639 4671 12081 3171)
4(12971 4673 12639 3171)
4(12081 4674 12971 3171)
4(269 4675 12096 4678)
4(12096 4675 12638 3172)
4(12638 4676 13008 3172)
4(13008 4678 12096 3172)
4(284 4742 12098 4739)
4(12084 4739 12098 3173)
4(13010 4740 12084 3173)
4(12098 4742 13010 3173)
4(285 4745 12099 4744)
4(12100 4744 12099 3174)
4(12099 4745 13009 3174)
4(13009 4746 12100 3174)
4(11857 4542 12667 3175)
4(9391 4544 11857 3175)
4(12667 4545 9391 3175)
4(12091 4622 11860 3176)
4(11860 4624 9456 3176)
4(9456 4625 12091 3176)
4(258 4630 12106 4627)
4(11863 4627 12106 3177)
4(12107 4628 11863 3177)
4(12106 4630 12107 3177)
4(12669 4675 12096 3178)
4(12973 4677 12669 3178)
4(12096 4678 12973 3178)
4(270 4679 12111 4682)
4(12111 4679 12668 3179)
4(12668 4680 13011 3179)
4(13011 4682 12111 3179)
4(12099 4744 12113 3180)
4(13013 4745 12099 3180)
4(12113 4747 13013 3180)
4(286 4749 12114 4748)
4(12115 4748 12114 3181)
4(12114 4749 13012 3181)
4(13012 4750 12115 3181)
4(11875 4547 12697 3182)
4(9396 4549 11875 3182)
4(12697 4550 9396 3182)
4(12106 4627 11878 3183)
4(11878 4629 9457 3183)
4(9457 4630 12106 3183)
4(259 4635 12121 4632)
4(11881 4632 12121 3184)
4(12122 4633 11881 3184)
4(12121 4635 12122 3184)
4(12699 4679 12111 3185)
4(12974 4681 12699 3185)
4(12111 4682 12974 3185)
4(271 4683 12126 4686)
4(12126 4683 12698 3186)
4(12698 4684 13014 3186)
4(13014 4686 12126 3186)
4(12114 4748 12128 3187)
4(13016 4749 12114 3187)
4(12128 4751 13016 3187)
4(287 4753 12129 4752)
4(12130 4752 12129 3188)
4(12129 4753 13015 3188)
4(13015 4754 12130 3188)
4(11893 4552 12727 3189)
4(9401 4554 11893 3189)
4(12727 4555 9401 3189)
4(12121 4632 11896 3190)
4(11896 4634 9458 3190)
4(9458 4635 12121 3190)
4(260 4640 12136 4637)
4(11899 4637 12136 3191)
4(12137 4638 11899 3191)
4(12136 4640 12137 3191)
4(12729 4683 12126 3192)
4(12975 4685 12729 3192)
4(12126 4686 12975 3192)
4(272 4687 12141 4690)
4(12141 4687 12728 3193)
4(12728 4688 13017 3193)
4(13017 4690 12141 3193)
4(12129 4752 12143 3194)
4(13019 4753 12129 3194)
4(12143 4755 13019 3194)
4(288 4757 12144 4756)
4(12145 4756 12144 3195)
4(12144 4757 13018 3195)
4(13018 4758 12145 3195)
4(11910 4557 12757 3196)
4(9406 4559 11910 3196)
4(12757 4560 9406 3196)
4(12136 4637 11913 3197)
4(11913 4639 9459 3197)
4(9459 4640 12136 3197)
4(12759 4687 12141 3199)
4(12976 4689 12759 3199)
4(12141 4690 12976 3199)
4(273 4691 12155 4694)
4(12155 4691 12758 3200)
4(12758 4692 13020 3200)
4(13020 4694 12155 3200)
4(12144 4756 12157 3201)
4(13022 4757 12144 3201)
4(12157 4759 13022 3201)
4(11926 4562 12787 3203)
4(9411 4564 11926 3203)
4(12787 4565 9411 3203)
4(12789 4691 12155 3206)
4(12977 4693 12789 3206)
4(12155 4694 12977 3206)
4(274 4695 12168 4698)
4(12168 4695 12788 3207)
4(12788 4696 13023 3207)
4(13023 4698 12168 3207)
4(11940 4567 12817 3210)
4(9416 4569 11940 3210)
4(12817 4570 9416 3210)
4(12819 4695 12168 3213)
4(12978 4697 12819 3213)
4(12168 4698 12978 3213)
4(275 4699 12179 4702)
4(12179 4699 12818 3214)
4(12818 4700 13026 3214)
4(13026 4702 12179 3214)
4(11950 4572 12847 3217)
4(9421 4574 11950 3217)
4(12847 4575 9421 3217)
4(12849 4699 12179 3218)
4(12979 4701 12849 3218)
4(12179 4702 12979 3218)
4(276 4703 12186 4706)
4(12186 4703 12848 3219)
4(12848 4704 13029 3219)
4(13029 4706 12186 3219)
4(11957 4577 12877 3220)
4(9426 4579 11957 3220)
4(12877 4580 9426 3220)
4(12879 4703 12186 3221)
4(12980 4705 12879 3221)
4(12186 4706 12980 3221)
4(277 4707 12192 4710)
4(12192 4707 12878 3222)
4(12878 4708 13030 3222)
4(13030 4710 12192 3222)
4(12889 4707 12192 3223)
4(12192 4710 12981 3223)
3(12017 4596 9433)
4(280 4719 12195 4723)
4(12195 4719 12025 3224)
4(11962 4599 12032 3225)
4(12032 4602 9438 3225)
4(12038 4719 12195 3226)
4(12964 4722 12038 3226)
4(281 4724 12198 4728)
4(12198 4724 12040 3227)
4(12040 4726 12995 3227)
4(11966 4605 12047 3228)
4(12047 4608 9443 3228)
4(12053 4724 12198 3229)
4(12966 4727 12053 3229)
4(282 4729 12201 4733)
4(12201 4729 12055 3230)
4(12055 4731 12999 3230)
4(11970 4611 12062 3231)
4(12062 4614 9448 3231)
4(12068 4729 12201 3232)
4(12968 4732 12068 3232)
4(283 4734 12204 4738)
4(12204 4734 12070 3233)
4(12070 4736 13003 3233)
4(11974 4617 12077 3234)
4(12077 4620 9453 3234)
4(12083 4734 12204 3235)
4(12970 4737 12083 3235)
4(284 4739 12207 4743)
4(12207 4739 12085 3236)
4(12085 4741 13007 3236)
4(12098 4739 12207 3237)
4(12972 4742 12098 3237)
4(8333 1815 8334 4765)
4(8334 1815 8332 4769)
4(8332 1815 8333 4770)
4(290 4769 8332 4770)
4(290 4770 8333 4765)
4(290 4765 8334 4769)
4(12210 5780 8332 1815)
4(12890 1815 8332 5781)
3(5781 8332 5780)
4(8333 5782 8331 1815)
4(12890 5784 8333 1815)
4(451 3239 8331 5782)
4(451 5782 8333 5784)
4(8334 1815 8331 5785)
4(12210 1815 8334 5787)
4(452 5785 8331 3240)
4(452 5787 8334 5785)
4(1196 5782 8331 5785)
4(1196 4765 8333 5782)
4(1196 5785 8334 4765)
4(1624 5780 8332 4769)
4(1624 4769 8334 5787)
4(1784 4770 8332 5781)
4(1784 5784 8333 4770)
4(8337 1816 8338 4771)
4(8338 1816 8336 4775)
4(8336 1816 8337 4776)
4(291 4775 8336 4776)
4(291 4776 8337 4771)
4(291 4771 8338 4775)
4(12220 5788 8336 1816)
4(12891 1816 8336 5789)
3(5789 8336 5788)
4(8337 5790 8335 1816)
4(12891 5792 8337 1816)
4(453 3241 8335 5790)
4(453 5790 8337 5792)
4(8338 1816 8335 5793)
4(12220 1816 8338 5795)
4(454 5793 8335 3242)
4(454 5795 8338 5793)
4(1198 5790 8335 5793)
4(1198 4771 8337 5790)
4(1198 5793 8338 4771)
4(1634 5788 8336 4775)
4(1634 4775 8338 5795)
4(1785 4776 8336 5789)
4(1785 5792 8337 4776)
4(8341 1817 8342 4777)
4(8342 1817 8340 4781)
4(8340 1817 8341 4782)
4(292 4781 8340 4782)
4(292 4782 8341 4777)
4(292 4777 8342 4781)
4(12230 5796 8340 1817)
4(12892 1817 8340 5797)
3(5797 8340 5796)
4(8341 5798 8339 1817)
4(12892 5800 8341 1817)
4(455 3243 8339 5798)
4(455 5798 8341 5800)
4(8342 1817 8339 5801)
4(12230 1817 8342 5803)
4(456 5801 8339 3244)
4(456 5803 8342 5801)
4(1200 5798 8339 5801)
4(1200 4777 8341 5798)
4(1200 5801 8342 4777)
4(1644 5796 8340 4781)
4(1644 4781 8342 5803)
4(1786 4782 8340 5797)
4(1786 5800 8341 4782)
4(8345 1818 8346 4783)
4(8346 1818 8344 4787)
4(8344 1818 8345 4788)
4(293 4787 8344 4788)
4(293 4788 8345 4783)
4(293 4783 8346 4787)
4(12240 5804 8344 1818)
4(12893 1818 8344 5805)
3(5805 8344 5804)
4(8345 5806 8343 1818)
4(12893 5808 8345 1818)
4(457 3245 8343 5806)
4(457 5806 8345 5808)
4(8346 1818 8343 5809)
4(12240 1818 8346 5811)
4(458 5809 8343 3246)
4(458 5811 8346 5809)
4(1203 5806 8343 5809)
4(1203 4783 8345 5806)
4(1203 5809 8346 4783)
4(1654 5804 8344 4787)
4(1654 4787 8346 5811)
4(1787 4788 8344 5805)
4(1787 5808 8345 4788)
4(8349 1819 8350 4789)
4(8350 1819 8348 4793)
4(8348 1819 8349 4794)
4(294 4793 8348 4794)
4(294 4794 8349 4789)
4(294 4789 8350 4793)
4(12250 5812 8348 1819)
4(12895 1819 8348 5813)
3(5813 8348 5812)
4(8349 5814 8347 1819)
4(12895 5816 8349 1819)
4(459 3247 8347 5814)
4(459 5814 8349 5816)
4(8350 1819 8347 5817)
4(12250 1819 8350 5819)
4(460 5817 8347 3248)
4(460 5819 8350 5817)
4(1206 5814 8347 5817)
4(1206 4789 8349 5814)
4(1206 5817 8350 4789)
4(1664 5812 8348 4793)
4(1664 4793 8350 5819)
4(1788 4794 8348 5813)
4(1788 5816 8349 4794)
4(8353 1820 8354 4795)
4(8354 1820 8352 4799)
4(8352 1820 8353 4800)
4(295 4799 8352 4800)
4(295 4800 8353 4795)
4(295 4795 8354 4799)
4(12260 5820 8352 1820)
4(12897 1820 8352 5821)
3(5821 8352 5820)
4(8353 5822 8351 1820)
4(12897 5824 8353 1820)
4(461 3249 8351 5822)
4(461 5822 8353 5824)
4(8354 1820 8351 5825)
4(12260 1820 8354 5827)
4(462 5825 8351 3250)
4(462 5827 8354 5825)
4(1209 5822 8351 5825)
4(1209 4795 8353 5822)
4(1209 5825 8354 4795)
4(1674 5820 8352 4799)
4(1674 4799 8354 5827)
4(1789 4800 8352 5821)
4(1789 5824 8353 4800)
4(8357 1821 8358 4801)
4(8358 1821 8356 4805)
4(8356 1821 8357 4806)
4(296 4805 8356 4806)
4(296 4806 8357 4801)
4(296 4801 8358 4805)
4(12270 5828 8356 1821)
4(12899 1821 8356 5829)
3(5829 8356 5828)
4(8357 5830 8355 1821)
4(12899 5832 8357 1821)
4(463 3251 8355 5830)
4(463 5830 8357 5832)
4(8358 1821 8355 5833)
4(12270 1821 8358 5835)
4(464 5833 8355 3252)
4(464 5835 8358 5833)
4(1212 5830 8355 5833)
4(1212 4801 8357 5830)
4(1212 5833 8358 4801)
4(1684 5828 8356 4805)
4(1684 4805 8358 5835)
4(1790 4806 8356 5829)
4(1790 5832 8357 4806)
4(8361 1822 8362 4807)
4(8362 1822 8360 4811)
4(8360 1822 8361 4812)
4(297 4811 8360 4812)
4(297 4812 8361 4807)
4(297 4807 8362 4811)
4(12280 5836 8360 1822)
4(12901 1822 8360 5837)
3(5837 8360 5836)
4(8361 5838 8359 1822)
4(12901 5840 8361 1822)
4(465 3253 8359 5838)
4(465 5838 8361 5840)
4(8362 1822 8359 5841)
4(12280 1822 8362 5843)
4(466 5841 8359 3254)
4(466 5843 8362 5841)
4(1215 5838 8359 5841)
4(1215 4807 8361 5838)
4(1215 5841 8362 4807)
4(1694 5836 8360 4811)
4(1694 4811 8362 5843)
4(1791 4812 8360 5837)
4(1791 5840 8361 4812)
4(8365 1823 8366 4813)
4(8366 1823 8364 4817)
4(8364 1823 8365 4818)
4(298 4817 8364 4818)
4(298 4818 8365 4813)
4(298 4813 8366 4817)
4(12290 5844 8364 1823)
4(12903 1823 8364 5845)
3(5845 8364 5844)
4(8365 5846 8363 1823)
4(12903 5848 8365 1823)
4(467 3255 8363 5846)
4(467 5846 8365 5848)
4(8366 1823 8363 5849)
4(12290 1823 8366 5851)
4(468 5849 8363 3256)
4(468 5851 8366 5849)
4(1218 5846 8363 5849)
4(1218 4813 8365 5846)
4(1218 5849 8366 4813)
4(1704 5844 8364 4817)
4(1704 4817 8366 5851)
4(1792 4818 8364 5845)
4(1792 5848 8365 4818)
4(8369 1824 8370 4819)
4(8370 1824 8368 4823)
4(8368 1824 8369 4824)
4(299 4823 8368 4824)
4(299 4824 8369 4819)
4(299 4819 8370 4823)
4(12300 5852 8368 1824)
4(12904 1824 8368 5853)
3(5853 8368 5852)
4(8369 5854 8367 1824)
4(12904 5856 8369 1824)
4(469 3257 8367 5854)
4(469 5854 8369 5856)
4(8370 1824 8367 5857)
4(12300 1824 8370 5859)
4(470 5857 8367 3258)
4(470 5859 8370 5857)
4(1221 5854 8367 5857)
4(1221 4819 8369 5854)
4(1221 5857 8370 4819)
4(1714 5852 8368 4823)
4(1714 4823 8370 5859)
4(1793 4824 8368 5853)
4(1793 5856 8369 4824)
4(8373 1825 8374 4825)
4(8374 1825 8372 4829)
4(8372 1825 8373 4830)
4(300 4829 8372 4830)
4(300 4830 8373 4825)
4(300 4825 8374 4829)
4(12310 5860 8372 1825)
4(12905 1825 8372 5861)
3(5861 8372 5860)
4(8373 5862 8371 1825)
4(12905 5864 8373 1825)
4(471 3259 8371 5862)
4(471 5862 8373 5864)
4(8374 1825 8371 5865)
4(12310 1825 8374 5867)
4(472 5865 8371 3260)
4(472 5867 8374 5865)
4(1224 5862 8371 5865)
4(1224 4825 8373 5862)
4(1224 5865 8374 4825)
4(1724 5860 8372 4829)
4(1724 4829 8374 5867)
4(1794 4830 8372 5861)
4(1794 5864 8373 4830)
4(8377 1826 8378 4831)
4(8378 1826 8376 4835)
4(8376 1826 8377 4836)
4(301 4835 8376 4836)
4(301 4836 8377 4831)
4(301 4831 8378 4835)
4(12320 5868 8376 1826)
4(12906 1826 8376 5869)
3(5869 8376 5868)
4(8377 5870 8375 1826)
4(12906 5872 8377 1826)
4(473 3261 8375 5870)
4(473 5870 8377 5872)
4(8378 1826 8375 5873)
4(12320 1826 8378 5875)
4(474 5873 8375 3262)
4(474 5875 8378 5873)
4(1227 5870 8375 5873)
4(1227 4831 8377 5870)
4(1227 5873 8378 4831)
4(1734 5868 8376 4835)
4(1734 4835 8378 5875)
4(1795 4836 8376 5869)
4(1795 5872 8377 4836)
4(8381 1827 8382 4837)
4(8382 1827 8380 4841)
4(8380 1827 8381 4842)
4(302 4841 8380 4842)
4(302 4842 8381 4837)
4(302 4837 8382 4841)
4(12330 5876 8380 1827)
4(12907 1827 8380 5877)
3(5877 8380 5876)
4(8381 5878 8379 1827)
4(12907 5880 8381 1827)
4(475 3263 8379 5878)
4(475 5878 8381 5880)
4(8382 1827 8379 5881)
4(12330 1827 8382 5883)
4(476 5881 8379 3264)
4(476 5883 8382 5881)
4(1230 5878 8379 5881)
4(1230 4837 8381 5878)
4(1230 5881 8382 4837)
4(1744 5876 8380 4841)
4(1744 4841 8382 5883)
4(1796 4842 8380 5877)
4(1796 5880 8381 4842)
4(8385 1828 8386 4843)
4(8386 1828 8384 4847)
4(8384 1828 8385 4848)
4(303 4847 8384 4848)
4(303 4848 8385 4843)
4(303 4843 8386 4847)
4(12340 5884 8384 1828)
4(12908 1828 8384 5885)
3(5885 8384 5884)
4(8385 5886 8383 1828)
4(12908 5888 8385 1828)
4(477 3265 8383 5886)
4(477 5886 8385 5888)
4(8386 1828 8383 5889)
4(12340 1828 8386 5891)
4(478 5889 8383 3266)
4(478 5891 8386 5889)
4(1233 5886 8383 5889)
4(1233 4843 8385 5886)
4(1233 5889 8386 4843)
4(1754 5884 8384 4847)
4(1754 4847 8386 5891)
4(1797 4848 8384 5885)
4(1797 5888 8385 4848)
4(8389 1829 8390 4849)
4(8390 1829 8388 4852)
4(8388 1829 8389 4853)
4(304 4852 8388 4853)
4(304 4849 8390 4852)
4(12350 5892 8388 1829)
4(12909 1829 8388 5893)
4(479 5893 8388 5892)
4(8389 5894 8387 1829)
3(12909 8389 1829)
4(480 3267 8387 5894)
4(8390 1829 8387 5896)
4(12350 1829 8390 5898)
4(481 5896 8387 3268)
4(481 5898 8390 5896)
4(1235 5894 8387 5896)
4(1235 5896 8390 4849)
4(1764 5892 8388 4852)
4(1764 4852 8390 5898)
3(4853 8388 5893)
4(8393 1830 8394 4854)
4(8394 1830 8392 4857)
4(8392 1830 8393 4858)
4(305 4857 8392 4858)
4(305 4854 8394 4857)
4(12360 5899 8392 1830)
4(12910 1830 8392 5900)
4(482 5900 8392 5899)
4(8393 5901 8391 1830)
4(12910 5902 8393 1830)
3(3271 8391 5901)
4(8394 1830 8391 5903)
4(12360 1830 8394 5905)
4(483 5903 8391 3272)
4(483 5905 8394 5903)
4(1237 5901 8391 5903)
4(1237 5903 8394 4854)
4(1774 5899 8392 4857)
4(1774 4857 8394 5905)
4(1798 4858 8392 5900)
4(8396 5906 8395 1831)
4(484 3274 8395 5906)
4(8397 1831 8395 5909)
4(485 5909 8395 3275)
4(485 5911 8397 5909)
4(1239 5906 8395 5909)
4(1239 5909 8397 4859)
4(8402 1832 8400 5923)
4(488 5923 8400 3284)
4(488 5925 8402 5923)
4(8403 5928 8400 1832)
4(489 3286 8400 5928)
4(489 5929 8401 3286)
4(489 5928 8403 5929)
4(1207 5928 8400 5923)
4(1207 5923 8402 4860)
4(1207 4860 8403 5928)
4(8406 1833 8404 5930)
4(490 5930 8404 3289)
4(490 5932 8406 5930)
4(8407 5935 8404 1833)
4(491 3291 8404 5935)
4(491 5936 8405 3291)
4(491 5935 8407 5936)
4(1210 5935 8404 5930)
4(1210 5930 8406 4861)
4(1210 4861 8407 5935)
4(8410 1834 8408 5937)
4(492 5937 8408 3294)
4(492 5939 8410 5937)
4(8411 5942 8408 1834)
4(493 3296 8408 5942)
4(493 5943 8409 3296)
4(493 5942 8411 5943)
4(1213 5942 8408 5937)
4(1213 5937 8410 4862)
4(1213 4862 8411 5942)
4(8414 1835 8412 5944)
4(494 5944 8412 3299)
4(494 5946 8414 5944)
4(8415 5949 8412 1835)
4(495 3301 8412 5949)
4(495 5950 8413 3301)
4(495 5949 8415 5950)
4(1216 5949 8412 5944)
4(1216 5944 8414 4863)
4(1216 4863 8415 5949)
4(8418 1836 8416 5951)
4(496 5951 8416 3304)
4(496 5953 8418 5951)
4(8419 5956 8416 1836)
4(497 3306 8416 5956)
4(497 5957 8417 3306)
4(497 5956 8419 5957)
4(1219 5956 8416 5951)
4(1219 5951 8418 4864)
4(1219 4864 8419 5956)
4(8427 1837 8428 4868)
4(8428 1837 8429 4869)
4(8429 1837 8427 4873)
4(306 4873 8427 4868)
4(306 4868 8428 4869)
4(306 4869 8429 4873)
4(8427 5985 8425 1837)
4(12211 5987 8427 1837)
4(505 3322 8425 5985)
4(505 5985 8427 5987)
4(8428 1837 8425 5990)
4(8428 5991 8426 1837)
4(506 5990 8425 3323)
4(506 3323 8426 5991)
4(506 5991 8428 5990)
4(8429 1837 8426 5992)
4(12211 1837 8429 5994)
4(507 5992 8426 3324)
4(507 5994 8429 5992)
4(1199 5985 8425 5990)
4(1199 4868 8427 5985)
4(1199 5990 8428 4868)
4(1241 5991 8426 5992)
4(1241 4869 8428 5991)
4(1241 5992 8429 4869)
4(1625 5987 8427 4873)
4(1625 4873 8429 5994)
4(8432 1838 8433 4874)
4(8433 1838 8434 4875)
4(8434 1838 8432 4879)
4(307 4879 8432 4874)
4(307 4874 8433 4875)
4(307 4875 8434 4879)
4(8432 5995 8430 1838)
4(12221 5997 8432 1838)
4(508 3327 8430 5995)
4(508 5995 8432 5997)
4(8433 1838 8430 6000)
4(8433 6001 8431 1838)
4(509 6000 8430 3328)
4(509 3328 8431 6001)
4(509 6001 8433 6000)
4(8434 1838 8431 6002)
4(12221 1838 8434 6004)
4(510 6002 8431 3329)
4(510 6004 8434 6002)
4(1202 5995 8430 6000)
4(1202 4874 8432 5995)
4(1202 6000 8433 4874)
4(1242 6001 8431 6002)
4(1242 4875 8433 6001)
4(1242 6002 8434 4875)
4(1635 5997 8432 4879)
4(1635 4879 8434 6004)
4(8437 1839 8438 4880)
4(8438 1839 8439 4881)
4(8439 1839 8437 4885)
4(308 4885 8437 4880)
4(308 4880 8438 4881)
4(308 4881 8439 4885)
4(8437 6005 8435 1839)
4(12231 6007 8437 1839)
4(511 3332 8435 6005)
4(511 6005 8437 6007)
4(8438 1839 8435 6010)
4(8438 6011 8436 1839)
4(512 6010 8435 3333)
4(512 3333 8436 6011)
4(512 6011 8438 6010)
4(8439 1839 8436 6012)
4(12231 1839 8439 6014)
4(513 6012 8436 3334)
4(513 6014 8439 6012)
4(1205 6005 8435 6010)
4(1205 4880 8437 6005)
4(1205 6010 8438 4880)
4(1244 6011 8436 6012)
4(1244 4881 8438 6011)
4(1244 6012 8439 4881)
4(1645 6007 8437 4885)
4(1645 4885 8439 6014)
4(8442 1840 8443 4886)
4(8443 1840 8444 4887)
4(8444 1840 8442 4891)
4(309 4891 8442 4886)
4(309 4886 8443 4887)
4(309 4887 8444 4891)
4(8442 6015 8440 1840)
4(12241 6017 8442 1840)
4(514 3337 8440 6015)
4(514 6015 8442 6017)
4(8443 1840 8440 6020)
4(8443 6021 8441 1840)
4(515 6020 8440 3338)
4(515 3338 8441 6021)
4(515 6021 8443 6020)
4(8444 1840 8441 6022)
4(12241 1840 8444 6024)
4(516 6022 8441 3339)
4(516 6024 8444 6022)
4(1208 6015 8440 6020)
4(1208 4886 8442 6015)
4(1208 6020 8443 4886)
4(1247 6021 8441 6022)
4(1247 4887 8443 6021)
4(1247 6022 8444 4887)
4(1655 6017 8442 4891)
4(1655 4891 8444 6024)
4(8447 1841 8448 4892)
4(8448 1841 8449 4893)
4(8449 1841 8447 4897)
4(310 4897 8447 4892)
4(310 4892 8448 4893)
4(310 4893 8449 4897)
4(8447 6025 8445 1841)
4(12251 6027 8447 1841)
4(517 3342 8445 6025)
4(517 6025 8447 6027)
4(8448 1841 8445 6030)
4(8448 6031 8446 1841)
4(518 6030 8445 3343)
4(518 3343 8446 6031)
4(518 6031 8448 6030)
4(8449 1841 8446 6032)
4(12251 1841 8449 6034)
4(519 6032 8446 3344)
4(519 6034 8449 6032)
4(1211 6025 8445 6030)
4(1211 4892 8447 6025)
4(1211 6030 8448 4892)
4(1250 6031 8446 6032)
4(1250 4893 8448 6031)
4(1250 6032 8449 4893)
4(1665 6027 8447 4897)
4(1665 4897 8449 6034)
4(8452 1842 8453 4898)
4(8453 1842 8454 4899)
4(8454 1842 8452 4903)
4(311 4903 8452 4898)
4(311 4898 8453 4899)
4(311 4899 8454 4903)
4(8452 6035 8450 1842)
4(12261 6037 8452 1842)
4(520 3347 8450 6035)
4(520 6035 8452 6037)
4(8453 1842 8450 6040)
4(8453 6041 8451 1842)
4(521 6040 8450 3348)
4(521 3348 8451 6041)
4(521 6041 8453 6040)
4(8454 1842 8451 6042)
4(12261 1842 8454 6044)
4(522 6042 8451 3349)
4(522 6044 8454 6042)
4(1214 6035 8450 6040)
4(1214 4898 8452 6035)
4(1214 6040 8453 4898)
4(1253 6041 8451 6042)
4(1253 4899 8453 6041)
4(1253 6042 8454 4899)
4(1675 6037 8452 4903)
4(1675 4903 8454 6044)
4(8457 1843 8458 4904)
4(8458 1843 8459 4905)
4(8459 1843 8457 4909)
4(312 4909 8457 4904)
4(312 4904 8458 4905)
4(312 4905 8459 4909)
4(8457 6045 8455 1843)
4(12271 6047 8457 1843)
4(523 3352 8455 6045)
4(523 6045 8457 6047)
4(8458 1843 8455 6050)
4(8458 6051 8456 1843)
4(524 6050 8455 3353)
4(524 3353 8456 6051)
4(524 6051 8458 6050)
4(8459 1843 8456 6052)
4(12271 1843 8459 6054)
4(525 6052 8456 3354)
4(525 6054 8459 6052)
4(1217 6045 8455 6050)
4(1217 4904 8457 6045)
4(1217 6050 8458 4904)
4(1256 6051 8456 6052)
4(1256 4905 8458 6051)
4(1256 6052 8459 4905)
4(1685 6047 8457 4909)
4(1685 4909 8459 6054)
4(8462 1844 8463 4910)
4(8463 1844 8464 4911)
4(8464 1844 8462 4915)
4(313 4915 8462 4910)
4(313 4910 8463 4911)
4(313 4911 8464 4915)
4(8462 6055 8460 1844)
4(12281 6057 8462 1844)
4(526 3357 8460 6055)
4(526 6055 8462 6057)
4(8463 1844 8460 6060)
4(8463 6061 8461 1844)
4(527 6060 8460 3358)
4(527 3358 8461 6061)
4(527 6061 8463 6060)
4(8464 1844 8461 6062)
4(12281 1844 8464 6064)
4(528 6062 8461 3359)
4(528 6064 8464 6062)
4(1220 6055 8460 6060)
4(1220 4910 8462 6055)
4(1220 6060 8463 4910)
4(1259 6061 8461 6062)
4(1259 4911 8463 6061)
4(1259 6062 8464 4911)
4(1695 6057 8462 4915)
4(1695 4915 8464 6064)
4(8467 1845 8468 4916)
4(8468 1845 8469 4917)
4(8469 1845 8467 4921)
4(314 4921 8467 4916)
4(314 4916 8468 4917)
4(314 4917 8469 4921)
4(8467 6065 8465 1845)
4(12291 6067 8467 1845)
4(529 3362 8465 6065)
4(529 6065 8467 6067)
4(8468 1845 8465 6070)
4(8468 6071 8466 1845)
4(530 6070 8465 3363)
4(530 3363 8466 6071)
4(530 6071 8468 6070)
4(8469 1845 8466 6072)
4(12291 1845 8469 6074)
4(531 6072 8466 3364)
4(531 6074 8469 6072)
4(1223 6065 8465 6070)
4(1223 4916 8467 6065)
4(1223 6070 8468 4916)
4(1262 6071 8466 6072)
4(1262 4917 8468 6071)
4(1262 6072 8469 4917)
4(1705 6067 8467 4921)
4(1705 4921 8469 6074)
4(8472 1846 8473 4922)
4(8473 1846 8474 4923)
4(8474 1846 8472 4927)
4(315 4927 8472 4922)
4(315 4922 8473 4923)
4(315 4923 8474 4927)
4(8472 6075 8470 1846)
4(12301 6077 8472 1846)
4(532 3367 8470 6075)
4(532 6075 8472 6077)
4(8473 1846 8470 6080)
4(8473 6081 8471 1846)
4(533 6080 8470 3368)
4(533 3368 8471 6081)
4(533 6081 8473 6080)
4(8474 1846 8471 6082)
4(12301 1846 8474 6084)
4(534 6082 8471 3369)
4(534 6084 8474 6082)
4(1226 6075 8470 6080)
4(1226 4922 8472 6075)
4(1226 6080 8473 4922)
4(1265 6081 8471 6082)
4(1265 4923 8473 6081)
4(1265 6082 8474 4923)
4(1715 6077 8472 4927)
4(1715 4927 8474 6084)
4(8477 1847 8478 4928)
4(8478 1847 8479 4929)
4(8479 1847 8477 4933)
4(316 4933 8477 4928)
4(316 4928 8478 4929)
4(316 4929 8479 4933)
4(8477 6085 8475 1847)
4(12311 6087 8477 1847)
4(535 3372 8475 6085)
4(535 6085 8477 6087)
4(8478 1847 8475 6090)
4(8478 6091 8476 1847)
4(536 6090 8475 3373)
4(536 3373 8476 6091)
4(536 6091 8478 6090)
4(8479 1847 8476 6092)
4(12311 1847 8479 6094)
4(537 6092 8476 3374)
4(537 6094 8479 6092)
4(1229 6085 8475 6090)
4(1229 4928 8477 6085)
4(1229 6090 8478 4928)
4(1268 6091 8476 6092)
4(1268 4929 8478 6091)
4(1268 6092 8479 4929)
4(1725 6087 8477 4933)
4(1725 4933 8479 6094)
4(8482 1848 8483 4934)
4(8483 1848 8484 4935)
4(8484 1848 8482 4939)
4(317 4939 8482 4934)
4(317 4934 8483 4935)
4(317 4935 8484 4939)
4(8482 6095 8480 1848)
4(12321 6097 8482 1848)
4(538 3377 8480 6095)
4(538 6095 8482 6097)
4(8483 1848 8480 6100)
4(8483 6101 8481 1848)
4(539 6100 8480 3378)
4(539 3378 8481 6101)
4(539 6101 8483 6100)
4(8484 1848 8481 6102)
4(12321 1848 8484 6104)
4(540 6102 8481 3379)
4(540 6104 8484 6102)
4(1232 6095 8480 6100)
4(1232 4934 8482 6095)
4(1232 6100 8483 4934)
4(1271 6101 8481 6102)
4(1271 4935 8483 6101)
4(1271 6102 8484 4935)
4(1735 6097 8482 4939)
4(1735 4939 8484 6104)
4(8487 1849 8488 4940)
4(8488 1849 8489 4941)
4(8489 1849 8487 4945)
4(318 4945 8487 4940)
4(318 4940 8488 4941)
4(318 4941 8489 4945)
4(8487 6105 8485 1849)
4(12331 6107 8487 1849)
4(541 3382 8485 6105)
4(541 6105 8487 6107)
4(8488 1849 8485 6110)
4(8488 6111 8486 1849)
4(542 6110 8485 3383)
4(542 3383 8486 6111)
4(542 6111 8488 6110)
4(8489 1849 8486 6112)
4(12331 1849 8489 6114)
4(543 6112 8486 3384)
4(543 6114 8489 6112)
4(1234 6105 8485 6110)
4(1234 4940 8487 6105)
4(1234 6110 8488 4940)
4(1274 6111 8486 6112)
4(1274 4941 8488 6111)
4(1274 6112 8489 4941)
4(1745 6107 8487 4945)
4(1745 4945 8489 6114)
4(8492 1850 8493 4946)
4(8493 1850 8494 4947)
4(8494 1850 8492 4951)
4(319 4951 8492 4946)
4(319 4946 8493 4947)
4(319 4947 8494 4951)
4(8492 6115 8490 1850)
4(12341 6117 8492 1850)
4(544 3387 8490 6115)
4(544 6115 8492 6117)
4(8493 1850 8490 6120)
4(8493 6121 8491 1850)
4(545 6120 8490 3388)
4(545 3388 8491 6121)
4(545 6121 8493 6120)
4(8494 1850 8491 6122)
4(12341 1850 8494 6124)
4(546 6122 8491 3389)
4(546 6124 8494 6122)
4(1236 6115 8490 6120)
4(1236 4946 8492 6115)
4(1236 6120 8493 4946)
4(1276 6121 8491 6122)
4(1276 4947 8493 6121)
4(1276 6122 8494 4947)
4(1755 6117 8492 4951)
4(1755 4951 8494 6124)
4(8497 1851 8498 4952)
4(8498 1851 8499 4953)
4(8499 1851 8497 4956)
4(320 4956 8497 4952)
4(320 4953 8499 4956)
4(8497 6125 8495 1851)
4(12351 6127 8497 1851)
4(547 3392 8495 6125)
4(547 6125 8497 6127)
4(8498 1851 8495 6130)
4(8498 6131 8496 1851)
4(548 6130 8495 3393)
4(548 3393 8496 6131)
4(8499 1851 8496 6132)
4(12351 1851 8499 6134)
4(549 6132 8496 3394)
4(549 6134 8499 6132)
4(1238 6125 8495 6130)
4(1238 4952 8497 6125)
4(1278 6131 8496 6132)
4(1278 6132 8499 4953)
4(1765 6127 8497 4956)
4(1765 4956 8499 6134)
4(8502 1852 8503 4957)
4(8503 1852 8504 4958)
4(8504 1852 8502 4961)
4(321 4961 8502 4957)
4(321 4958 8504 4961)
4(8502 6135 8500 1852)
4(12361 6137 8502 1852)
4(550 3397 8500 6135)
4(550 6135 8502 6137)
4(8503 1852 8500 6140)
4(8503 6141 8501 1852)
4(551 6140 8500 3398)
4(551 3398 8501 6141)
4(8504 1852 8501 6142)
4(12361 1852 8504 6144)
4(552 6142 8501 3399)
4(552 6144 8504 6142)
4(1240 6135 8500 6140)
4(1240 4957 8502 6135)
4(1280 6141 8501 6142)
4(1280 6142 8504 4958)
4(1775 6137 8502 4961)
4(1775 4961 8504 6144)
3(6147 8506 1853)
3(553 8505 3403)
4(553 3403 8506 6147)
4(8507 1853 8506 6148)
4(554 6148 8506 3404)
4(554 6150 8507 6148)
4(1282 6147 8506 6148)
3(1282 6148 8507)
4(8513 1854 8511 6167)
4(559 3418 8510 6166)
4(559 6167 8511 3418)
4(559 6166 8513 6167)
4(8514 6170 8511 1854)
4(560 3420 8511 6170)
4(560 6171 8512 3420)
4(560 6170 8514 6171)
4(1251 6170 8511 6167)
4(1251 6167 8513 4962)
4(1251 4962 8514 6170)
4(8518 1855 8516 6175)
4(561 3424 8515 6174)
4(561 6175 8516 3424)
4(561 6174 8518 6175)
4(8519 6178 8516 1855)
4(562 3426 8516 6178)
4(562 6179 8517 3426)
4(562 6178 8519 6179)
4(1254 6178 8516 6175)
4(1254 6175 8518 4963)
4(1254 4963 8519 6178)
4(8523 1856 8521 6183)
4(563 3430 8520 6182)
4(563 6183 8521 3430)
4(563 6182 8523 6183)
4(8524 6186 8521 1856)
4(564 3432 8521 6186)
4(564 6187 8522 3432)
4(564 6186 8524 6187)
4(1257 6186 8521 6183)
4(1257 6183 8523 4964)
4(1257 4964 8524 6186)
4(8528 1857 8526 6191)
4(565 3436 8525 6190)
4(565 6191 8526 3436)
4(565 6190 8528 6191)
4(8529 6194 8526 1857)
4(566 3438 8526 6194)
4(566 6195 8527 3438)
4(566 6194 8529 6195)
4(1260 6194 8526 6191)
4(1260 6191 8528 4965)
4(1260 4965 8529 6194)
4(8533 1858 8531 6199)
4(567 3442 8530 6198)
4(567 6199 8531 3442)
4(567 6198 8533 6199)
4(8534 6202 8531 1858)
4(568 3444 8531 6202)
4(568 6203 8532 3444)
4(568 6202 8534 6203)
4(1263 6202 8531 6199)
4(1263 6199 8533 4966)
4(1263 4966 8534 6202)
4(8542 1859 8543 4969)
4(8543 1859 8544 4970)
4(8544 1859 8542 4974)
4(322 4974 8542 4969)
4(322 4969 8543 4970)
4(322 4970 8544 4974)
4(8542 6233 8540 1859)
4(12212 6235 8542 1859)
4(577 3469 8540 6233)
4(577 6233 8542 6235)
4(8543 1859 8540 6238)
4(8543 6239 8541 1859)
4(578 6238 8540 3470)
4(578 3470 8541 6239)
4(578 6239 8543 6238)
4(8544 1859 8541 6240)
4(12212 1859 8544 6242)
4(579 6240 8541 3471)
4(579 6242 8544 6240)
4(1243 6233 8540 6238)
4(1243 4969 8542 6233)
4(1243 6238 8543 4969)
4(1284 6239 8541 6240)
4(1284 4970 8543 6239)
4(1284 6240 8544 4970)
4(1626 6235 8542 4974)
4(1626 4974 8544 6242)
4(8547 1860 8548 4975)
4(8548 1860 8549 4976)
4(8549 1860 8547 4980)
4(323 4980 8547 4975)
4(323 4975 8548 4976)
4(323 4976 8549 4980)
4(8547 6243 8545 1860)
4(12222 6245 8547 1860)
4(580 3474 8545 6243)
4(580 6243 8547 6245)
4(8548 1860 8545 6248)
4(8548 6249 8546 1860)
4(581 6248 8545 3475)
4(581 3475 8546 6249)
4(581 6249 8548 6248)
4(8549 1860 8546 6250)
4(12222 1860 8549 6252)
4(582 6250 8546 3476)
4(582 6252 8549 6250)
4(1246 6243 8545 6248)
4(1246 4975 8547 6243)
4(1246 6248 8548 4975)
4(1285 6249 8546 6250)
4(1285 4976 8548 6249)
4(1285 6250 8549 4976)
4(1636 6245 8547 4980)
4(1636 4980 8549 6252)
4(8552 1861 8553 4981)
4(8553 1861 8554 4982)
4(8554 1861 8552 4986)
4(324 4986 8552 4981)
4(324 4981 8553 4982)
4(324 4982 8554 4986)
4(8552 6253 8550 1861)
4(12232 6255 8552 1861)
4(583 3479 8550 6253)
4(583 6253 8552 6255)
4(8553 1861 8550 6258)
4(8553 6259 8551 1861)
4(584 6258 8550 3480)
4(584 3480 8551 6259)
4(584 6259 8553 6258)
4(8554 1861 8551 6260)
4(12232 1861 8554 6262)
4(585 6260 8551 3481)
4(585 6262 8554 6260)
4(1249 6253 8550 6258)
4(1249 4981 8552 6253)
4(1249 6258 8553 4981)
4(1287 6259 8551 6260)
4(1287 4982 8553 6259)
4(1287 6260 8554 4982)
4(1646 6255 8552 4986)
4(1646 4986 8554 6262)
4(8557 1862 8558 4987)
4(8558 1862 8559 4988)
4(8559 1862 8557 4992)
4(325 4992 8557 4987)
4(325 4987 8558 4988)
4(325 4988 8559 4992)
4(8557 6263 8555 1862)
4(12242 6265 8557 1862)
4(586 3484 8555 6263)
4(586 6263 8557 6265)
4(8558 1862 8555 6268)
4(8558 6269 8556 1862)
4(587 6268 8555 3485)
4(587 3485 8556 6269)
4(587 6269 8558 6268)
4(8559 1862 8556 6270)
4(12242 1862 8559 6272)
4(588 6270 8556 3486)
4(588 6272 8559 6270)
4(1252 6263 8555 6268)
4(1252 4987 8557 6263)
4(1252 6268 8558 4987)
4(1290 6269 8556 6270)
4(1290 4988 8558 6269)
4(1290 6270 8559 4988)
4(1656 6265 8557 4992)
4(1656 4992 8559 6272)
4(8562 1863 8563 4993)
4(8563 1863 8564 4994)
4(8564 1863 8562 4998)
4(326 4998 8562 4993)
4(326 4993 8563 4994)
4(326 4994 8564 4998)
4(8562 6273 8560 1863)
4(12252 6275 8562 1863)
4(589 3489 8560 6273)
4(589 6273 8562 6275)
4(8563 1863 8560 6278)
4(8563 6279 8561 1863)
4(590 6278 8560 3490)
4(590 3490 8561 6279)
4(590 6279 8563 6278)
4(8564 1863 8561 6280)
4(12252 1863 8564 6282)
4(591 6280 8561 3491)
4(591 6282 8564 6280)
4(1255 6273 8560 6278)
4(1255 4993 8562 6273)
4(1255 6278 8563 4993)
4(1293 6279 8561 6280)
4(1293 4994 8563 6279)
4(1293 6280 8564 4994)
4(1666 6275 8562 4998)
4(1666 4998 8564 6282)
4(8567 1864 8568 4999)
4(8568 1864 8569 5000)
4(8569 1864 8567 5004)
4(327 5004 8567 4999)
4(327 4999 8568 5000)
4(327 5000 8569 5004)
4(8567 6283 8565 1864)
4(12262 6285 8567 1864)
4(592 3494 8565 6283)
4(592 6283 8567 6285)
4(8568 1864 8565 6288)
4(8568 6289 8566 1864)
4(593 6288 8565 3495)
4(593 3495 8566 6289)
4(593 6289 8568 6288)
4(8569 1864 8566 6290)
4(12262 1864 8569 6292)
4(594 6290 8566 3496)
4(594 6292 8569 6290)
4(1258 6283 8565 6288)
4(1258 4999 8567 6283)
4(1258 6288 8568 4999)
4(1296 6289 8566 6290)
4(1296 5000 8568 6289)
4(1296 6290 8569 5000)
4(1676 6285 8567 5004)
4(1676 5004 8569 6292)
4(8572 1865 8573 5005)
4(8573 1865 8574 5006)
4(8574 1865 8572 5010)
4(328 5010 8572 5005)
4(328 5005 8573 5006)
4(328 5006 8574 5010)
4(8572 6293 8570 1865)
4(12272 6295 8572 1865)
4(595 3499 8570 6293)
4(595 6293 8572 6295)
4(8573 1865 8570 6298)
4(8573 6299 8571 1865)
4(596 6298 8570 3500)
4(596 3500 8571 6299)
4(596 6299 8573 6298)
4(8574 1865 8571 6300)
4(12272 1865 8574 6302)
4(597 6300 8571 3501)
4(597 6302 8574 6300)
4(1261 6293 8570 6298)
4(1261 5005 8572 6293)
4(1261 6298 8573 5005)
4(1299 6299 8571 6300)
4(1299 5006 8573 6299)
4(1299 6300 8574 5006)
4(1686 6295 8572 5010)
4(1686 5010 8574 6302)
4(8577 1866 8578 5011)
4(8578 1866 8579 5012)
4(8579 1866 8577 5016)
4(329 5016 8577 5011)
4(329 5011 8578 5012)
4(329 5012 8579 5016)
4(8577 6303 8575 1866)
4(12282 6305 8577 1866)
4(598 3504 8575 6303)
4(598 6303 8577 6305)
4(8578 1866 8575 6308)
4(8578 6309 8576 1866)
4(599 6308 8575 3505)
4(599 3505 8576 6309)
4(599 6309 8578 6308)
4(8579 1866 8576 6310)
4(12282 1866 8579 6312)
4(600 6310 8576 3506)
4(600 6312 8579 6310)
4(1264 6303 8575 6308)
4(1264 5011 8577 6303)
4(1264 6308 8578 5011)
4(1302 6309 8576 6310)
4(1302 5012 8578 6309)
4(1302 6310 8579 5012)
4(1696 6305 8577 5016)
4(1696 5016 8579 6312)
4(8582 1867 8583 5017)
4(8583 1867 8584 5018)
4(8584 1867 8582 5022)
4(330 5022 8582 5017)
4(330 5017 8583 5018)
4(330 5018 8584 5022)
4(8582 6313 8580 1867)
4(12292 6315 8582 1867)
4(601 3509 8580 6313)
4(601 6313 8582 6315)
4(8583 1867 8580 6318)
4(8583 6319 8581 1867)
4(602 6318 8580 3510)
4(602 3510 8581 6319)
4(602 6319 8583 6318)
4(8584 1867 8581 6320)
4(12292 1867 8584 6322)
4(603 6320 8581 3511)
4(603 6322 8584 6320)
4(1267 6313 8580 6318)
4(1267 5017 8582 6313)
4(1267 6318 8583 5017)
4(1305 6319 8581 6320)
4(1305 5018 8583 6319)
4(1305 6320 8584 5018)
4(1706 6315 8582 5022)
4(1706 5022 8584 6322)
4(8587 1868 8588 5023)
4(8588 1868 8589 5024)
4(8589 1868 8587 5028)
4(331 5028 8587 5023)
4(331 5023 8588 5024)
4(331 5024 8589 5028)
4(8587 6323 8585 1868)
4(12302 6325 8587 1868)
4(604 3514 8585 6323)
4(604 6323 8587 6325)
4(8588 1868 8585 6328)
4(8588 6329 8586 1868)
4(605 6328 8585 3515)
4(605 3515 8586 6329)
4(605 6329 8588 6328)
4(8589 1868 8586 6330)
4(12302 1868 8589 6332)
4(606 6330 8586 3516)
4(606 6332 8589 6330)
4(1270 6323 8585 6328)
4(1270 5023 8587 6323)
4(1270 6328 8588 5023)
4(1308 6329 8586 6330)
4(1308 5024 8588 6329)
4(1308 6330 8589 5024)
4(1716 6325 8587 5028)
4(1716 5028 8589 6332)
4(8592 1869 8593 5029)
4(8593 1869 8594 5030)
4(8594 1869 8592 5034)
4(332 5034 8592 5029)
4(332 5029 8593 5030)
4(332 5030 8594 5034)
4(8592 6333 8590 1869)
4(12312 6335 8592 1869)
4(607 3519 8590 6333)
4(607 6333 8592 6335)
4(8593 1869 8590 6338)
4(8593 6339 8591 1869)
4(608 6338 8590 3520)
4(608 3520 8591 6339)
4(608 6339 8593 6338)
4(8594 1869 8591 6340)
4(12312 1869 8594 6342)
4(609 6340 8591 3521)
4(609 6342 8594 6340)
4(1273 6333 8590 6338)
4(1273 5029 8592 6333)
4(1273 6338 8593 5029)
4(1311 6339 8591 6340)
4(1311 5030 8593 6339)
4(1311 6340 8594 5030)
4(1726 6335 8592 5034)
4(1726 5034 8594 6342)
4(8597 1870 8598 5035)
4(8598 1870 8599 5036)
4(8599 1870 8597 5040)
4(333 5040 8597 5035)
4(333 5035 8598 5036)
4(333 5036 8599 5040)
4(8597 6343 8595 1870)
4(12322 6345 8597 1870)
4(610 3524 8595 6343)
4(610 6343 8597 6345)
4(8598 1870 8595 6348)
4(8598 6349 8596 1870)
4(611 6348 8595 3525)
4(611 3525 8596 6349)
4(611 6349 8598 6348)
4(8599 1870 8596 6350)
4(12322 1870 8599 6352)
4(612 6350 8596 3526)
4(612 6352 8599 6350)
4(1275 6343 8595 6348)
4(1275 5035 8597 6343)
4(1275 6348 8598 5035)
4(1314 6349 8596 6350)
4(1314 5036 8598 6349)
4(1314 6350 8599 5036)
4(1736 6345 8597 5040)
4(1736 5040 8599 6352)
4(8602 1871 8603 5041)
4(8603 1871 8604 5042)
4(8604 1871 8602 5046)
4(334 5046 8602 5041)
4(334 5041 8603 5042)
4(334 5042 8604 5046)
4(8602 6353 8600 1871)
4(12332 6355 8602 1871)
4(613 3529 8600 6353)
4(613 6353 8602 6355)
4(8603 1871 8600 6358)
4(8603 6359 8601 1871)
4(614 6358 8600 3530)
4(614 3530 8601 6359)
4(614 6359 8603 6358)
4(8604 1871 8601 6360)
4(12332 1871 8604 6362)
4(615 6360 8601 3531)
4(615 6362 8604 6360)
4(1277 6353 8600 6358)
4(1277 5041 8602 6353)
4(1277 6358 8603 5041)
4(1317 6359 8601 6360)
4(1317 5042 8603 6359)
4(1317 6360 8604 5042)
4(1746 6355 8602 5046)
4(1746 5046 8604 6362)
4(8607 1872 8608 5047)
4(8608 1872 8609 5048)
4(8609 1872 8607 5052)
4(335 5052 8607 5047)
4(335 5047 8608 5048)
4(335 5048 8609 5052)
4(8607 6363 8605 1872)
4(12342 6365 8607 1872)
4(616 3534 8605 6363)
4(616 6363 8607 6365)
4(8608 1872 8605 6368)
4(8608 6369 8606 1872)
4(617 6368 8605 3535)
4(617 3535 8606 6369)
4(617 6369 8608 6368)
4(8609 1872 8606 6370)
4(12342 1872 8609 6372)
4(618 6370 8606 3536)
4(618 6372 8609 6370)
4(1279 6363 8605 6368)
4(1279 5047 8607 6363)
4(1279 6368 8608 5047)
4(1319 6369 8606 6370)
4(1319 5048 8608 6369)
4(1319 6370 8609 5048)
4(1756 6365 8607 5052)
4(1756 5052 8609 6372)
4(8612 1873 8613 5053)
4(8613 1873 8614 5054)
4(8614 1873 8612 5057)
4(336 5057 8612 5053)
4(336 5054 8614 5057)
4(8612 6373 8610 1873)
4(12352 6375 8612 1873)
4(619 3539 8610 6373)
4(619 6373 8612 6375)
4(8613 1873 8610 6378)
4(8613 6379 8611 1873)
4(620 6378 8610 3540)
4(620 3540 8611 6379)
4(8614 1873 8611 6380)
4(12352 1873 8614 6382)
4(621 6380 8611 3541)
4(621 6382 8614 6380)
4(1281 6373 8610 6378)
4(1281 5053 8612 6373)
4(1321 6379 8611 6380)
4(1321 6380 8614 5054)
4(1766 6375 8612 5057)
4(1766 5057 8614 6382)
4(8617 1874 8618 5058)
4(8618 1874 8619 5059)
4(8619 1874 8617 5062)
4(337 5062 8617 5058)
4(337 5059 8619 5062)
4(8617 6383 8615 1874)
4(12362 6385 8617 1874)
4(622 3544 8615 6383)
4(622 6383 8617 6385)
4(8618 1874 8615 6388)
4(8618 6389 8616 1874)
4(623 6388 8615 3545)
4(623 3545 8616 6389)
4(8619 1874 8616 6390)
4(12362 1874 8619 6392)
4(624 6390 8616 3546)
4(624 6392 8619 6390)
4(1283 6383 8615 6388)
4(1283 5058 8617 6383)
4(1323 6389 8616 6390)
4(1323 6390 8619 5059)
4(1776 6385 8617 5062)
4(1776 5062 8619 6392)
3(6395 8621 1875)
3(625 8620 3550)
4(625 3550 8621 6395)
4(8622 1875 8621 6396)
4(626 6396 8621 3551)
4(626 6398 8622 6396)
4(1325 6395 8621 6396)
3(1325 6396 8622)
4(8628 1876 8626 6415)
4(631 3565 8625 6414)
4(631 6415 8626 3565)
4(631 6414 8628 6415)
4(8629 6418 8626 1876)
4(632 3567 8626 6418)
4(632 6419 8627 3567)
4(632 6418 8629 6419)
4(1294 6418 8626 6415)
4(1294 6415 8628 5063)
4(1294 5063 8629 6418)
4(8633 1877 8631 6423)
4(633 3571 8630 6422)
4(633 6423 8631 3571)
4(633 6422 8633 6423)
4(8634 6426 8631 1877)
4(634 3573 8631 6426)
4(634 6427 8632 3573)
4(634 6426 8634 6427)
4(1297 6426 8631 6423)
4(1297 6423 8633 5064)
4(1297 5064 8634 6426)
4(8638 1878 8636 6431)
4(635 3577 8635 6430)
4(635 6431 8636 3577)
4(635 6430 8638 6431)
4(8639 6434 8636 1878)
4(636 3579 8636 6434)
4(636 6435 8637 3579)
4(636 6434 8639 6435)
4(1300 6434 8636 6431)
4(1300 6431 8638 5065)
4(1300 5065 8639 6434)
4(8643 1879 8641 6439)
4(637 3583 8640 6438)
4(637 6439 8641 3583)
4(637 6438 8643 6439)
4(8644 6442 8641 1879)
4(638 3585 8641 6442)
4(638 6443 8642 3585)
4(638 6442 8644 6443)
4(1303 6442 8641 6439)
4(1303 6439 8643 5066)
4(1303 5066 8644 6442)
4(8648 1880 8646 6447)
4(639 3589 8645 6446)
4(639 6447 8646 3589)
4(639 6446 8648 6447)
4(8649 6450 8646 1880)
4(640 3591 8646 6450)
4(640 6451 8647 3591)
4(640 6450 8649 6451)
4(1306 6450 8646 6447)
4(1306 6447 8648 5067)
4(1306 5067 8649 6450)
4(8657 1881 8658 5070)
4(8658 1881 8659 5071)
4(8659 1881 8657 5075)
4(338 5075 8657 5070)
4(338 5070 8658 5071)
4(338 5071 8659 5075)
4(8657 6481 8655 1881)
4(12213 6483 8657 1881)
4(649 3616 8655 6481)
4(649 6481 8657 6483)
4(8658 1881 8655 6486)
4(8658 6487 8656 1881)
4(650 6486 8655 3617)
4(650 3617 8656 6487)
4(650 6487 8658 6486)
4(8659 1881 8656 6488)
4(12213 1881 8659 6490)
4(651 6488 8656 3618)
4(651 6490 8659 6488)
4(1286 6481 8655 6486)
4(1286 5070 8657 6481)
4(1286 6486 8658 5070)
4(1327 6487 8656 6488)
4(1327 5071 8658 6487)
4(1327 6488 8659 5071)
4(1627 6483 8657 5075)
4(1627 5075 8659 6490)
4(8662 1882 8663 5076)
4(8663 1882 8664 5077)
4(8664 1882 8662 5081)
4(339 5081 8662 5076)
4(339 5076 8663 5077)
4(339 5077 8664 5081)
4(8662 6491 8660 1882)
4(12223 6493 8662 1882)
4(652 3621 8660 6491)
4(652 6491 8662 6493)
4(8663 1882 8660 6496)
4(8663 6497 8661 1882)
4(653 6496 8660 3622)
4(653 3622 8661 6497)
4(653 6497 8663 6496)
4(8664 1882 8661 6498)
4(12223 1882 8664 6500)
4(654 6498 8661 3623)
4(654 6500 8664 6498)
4(1289 6491 8660 6496)
4(1289 5076 8662 6491)
4(1289 6496 8663 5076)
4(1328 6497 8661 6498)
4(1328 5077 8663 6497)
4(1328 6498 8664 5077)
4(1637 6493 8662 5081)
4(1637 5081 8664 6500)
4(8667 1883 8668 5082)
4(8668 1883 8669 5083)
4(8669 1883 8667 5087)
4(340 5087 8667 5082)
4(340 5082 8668 5083)
4(340 5083 8669 5087)
4(8667 6501 8665 1883)
4(12233 6503 8667 1883)
4(655 3626 8665 6501)
4(655 6501 8667 6503)
4(8668 1883 8665 6506)
4(8668 6507 8666 1883)
4(656 6506 8665 3627)
4(656 3627 8666 6507)
4(656 6507 8668 6506)
4(8669 1883 8666 6508)
4(12233 1883 8669 6510)
4(657 6508 8666 3628)
4(657 6510 8669 6508)
4(1292 6501 8665 6506)
4(1292 5082 8667 6501)
4(1292 6506 8668 5082)
4(1330 6507 8666 6508)
4(1330 5083 8668 6507)
4(1330 6508 8669 5083)
4(1647 6503 8667 5087)
4(1647 5087 8669 6510)
4(8672 1884 8673 5088)
4(8673 1884 8674 5089)
4(8674 1884 8672 5093)
4(341 5093 8672 5088)
4(341 5088 8673 5089)
4(341 5089 8674 5093)
4(8672 6511 8670 1884)
4(12243 6513 8672 1884)
4(658 3631 8670 6511)
4(658 6511 8672 6513)
4(8673 1884 8670 6516)
4(8673 6517 8671 1884)
4(659 6516 8670 3632)
4(659 3632 8671 6517)
4(659 6517 8673 6516)
4(8674 1884 8671 6518)
4(12243 1884 8674 6520)
4(660 6518 8671 3633)
4(660 6520 8674 6518)
4(1295 6511 8670 6516)
4(1295 5088 8672 6511)
4(1295 6516 8673 5088)
4(1333 6517 8671 6518)
4(1333 5089 8673 6517)
4(1333 6518 8674 5089)
4(1657 6513 8672 5093)
4(1657 5093 8674 6520)
4(8677 1885 8678 5094)
4(8678 1885 8679 5095)
4(8679 1885 8677 5099)
4(342 5099 8677 5094)
4(342 5094 8678 5095)
4(342 5095 8679 5099)
4(8677 6521 8675 1885)
4(12253 6523 8677 1885)
4(661 3636 8675 6521)
4(661 6521 8677 6523)
4(8678 1885 8675 6526)
4(8678 6527 8676 1885)
4(662 6526 8675 3637)
4(662 3637 8676 6527)
4(662 6527 8678 6526)
4(8679 1885 8676 6528)
4(12253 1885 8679 6530)
4(663 6528 8676 3638)
4(663 6530 8679 6528)
4(1298 6521 8675 6526)
4(1298 5094 8677 6521)
4(1298 6526 8678 5094)
4(1336 6527 8676 6528)
4(1336 5095 8678 6527)
4(1336 6528 8679 5095)
4(1667 6523 8677 5099)
4(1667 5099 8679 6530)
4(8682 1886 8683 5100)
4(8683 1886 8684 5101)
4(8684 1886 8682 5105)
4(343 5105 8682 5100)
4(343 5100 8683 5101)
4(343 5101 8684 5105)
4(8682 6531 8680 1886)
4(12263 6533 8682 1886)
4(664 3641 8680 6531)
4(664 6531 8682 6533)
4(8683 1886 8680 6536)
4(8683 6537 8681 1886)
4(665 6536 8680 3642)
4(665 3642 8681 6537)
4(665 6537 8683 6536)
4(8684 1886 8681 6538)
4(12263 1886 8684 6540)
4(666 6538 8681 3643)
4(666 6540 8684 6538)
4(1301 6531 8680 6536)
4(1301 5100 8682 6531)
4(1301 6536 8683 5100)
4(1339 6537 8681 6538)
4(1339 5101 8683 6537)
4(1339 6538 8684 5101)
4(1677 6533 8682 5105)
4(1677 5105 8684 6540)
4(8687 1887 8688 5106)
4(8688 1887 8689 5107)
4(8689 1887 8687 5111)
4(344 5111 8687 5106)
4(344 5106 8688 5107)
4(344 5107 8689 5111)
4(8687 6541 8685 1887)
4(12273 6543 8687 1887)
4(667 3646 8685 6541)
4(667 6541 8687 6543)
4(8688 1887 8685 6546)
4(8688 6547 8686 1887)
4(668 6546 8685 3647)
4(668 3647 8686 6547)
4(668 6547 8688 6546)
4(8689 1887 8686 6548)
4(12273 1887 8689 6550)
4(669 6548 8686 3648)
4(669 6550 8689 6548)
4(1304 6541 8685 6546)
4(1304 5106 8687 6541)
4(1304 6546 8688 5106)
4(1342 6547 8686 6548)
4(1342 5107 8688 6547)
4(1342 6548 8689 5107)
4(1687 6543 8687 5111)
4(1687 5111 8689 6550)
4(8692 1888 8693 5112)
4(8693 1888 8694 5113)
4(8694 1888 8692 5117)
4(345 5117 8692 5112)
4(345 5112 8693 5113)
4(345 5113 8694 5117)
4(8692 6551 8690 1888)
4(12283 6553 8692 1888)
4(670 3651 8690 6551)
4(670 6551 8692 6553)
4(8693 1888 8690 6556)
4(8693 6557 8691 1888)
4(671 6556 8690 3652)
4(671 3652 8691 6557)
4(671 6557 8693 6556)
4(8694 1888 8691 6558)
4(12283 1888 8694 6560)
4(672 6558 8691 3653)
4(672 6560 8694 6558)
4(1307 6551 8690 6556)
4(1307 5112 8692 6551)
4(1307 6556 8693 5112)
4(1345 6557 8691 6558)
4(1345 5113 8693 6557)
4(1345 6558 8694 5113)
4(1697 6553 8692 5117)
4(1697 5117 8694 6560)
4(8697 1889 8698 5118)
4(8698 1889 8699 5119)
4(8699 1889 8697 5123)
4(346 5123 8697 5118)
4(346 5118 8698 5119)
4(346 5119 8699 5123)
4(8697 6561 8695 1889)
4(12293 6563 8697 1889)
4(673 3656 8695 6561)
4(673 6561 8697 6563)
4(8698 1889 8695 6566)
4(8698 6567 8696 1889)
4(674 6566 8695 3657)
4(674 3657 8696 6567)
4(674 6567 8698 6566)
4(8699 1889 8696 6568)
4(12293 1889 8699 6570)
4(675 6568 8696 3658)
4(675 6570 8699 6568)
4(1310 6561 8695 6566)
4(1310 5118 8697 6561)
4(1310 6566 8698 5118)
4(1348 6567 8696 6568)
4(1348 5119 8698 6567)
4(1348 6568 8699 5119)
4(1707 6563 8697 5123)
4(1707 5123 8699 6570)
4(8702 1890 8703 5124)
4(8703 1890 8704 5125)
4(8704 1890 8702 5129)
4(347 5129 8702 5124)
4(347 5124 8703 5125)
4(347 5125 8704 5129)
4(8702 6571 8700 1890)
4(12303 6573 8702 1890)
4(676 3661 8700 6571)
4(676 6571 8702 6573)
4(8703 1890 8700 6576)
4(8703 6577 8701 1890)
4(677 6576 8700 3662)
4(677 3662 8701 6577)
4(677 6577 8703 6576)
4(8704 1890 8701 6578)
4(12303 1890 8704 6580)
4(678 6578 8701 3663)
4(678 6580 8704 6578)
4(1313 6571 8700 6576)
4(1313 5124 8702 6571)
4(1313 6576 8703 5124)
4(1351 6577 8701 6578)
4(1351 5125 8703 6577)
4(1351 6578 8704 5125)
4(1717 6573 8702 5129)
4(1717 5129 8704 6580)
4(8707 1891 8708 5130)
4(8708 1891 8709 5131)
4(8709 1891 8707 5135)
4(348 5135 8707 5130)
4(348 5130 8708 5131)
4(348 5131 8709 5135)
4(8707 6581 8705 1891)
4(12313 6583 8707 1891)
4(679 3666 8705 6581)
4(679 6581 8707 6583)
4(8708 1891 8705 6586)
4(8708 6587 8706 1891)
4(680 6586 8705 3667)
4(680 3667 8706 6587)
4(680 6587 8708 6586)
4(8709 1891 8706 6588)
4(12313 1891 8709 6590)
4(681 6588 8706 3668)
4(681 6590 8709 6588)
4(1316 6581 8705 6586)
4(1316 5130 8707 6581)
4(1316 6586 8708 5130)
4(1354 6587 8706 6588)
4(1354 5131 8708 6587)
4(1354 6588 8709 5131)
4(1727 6583 8707 5135)
4(1727 5135 8709 6590)
4(8712 1892 8713 5136)
4(8713 1892 8714 5137)
4(8714 1892 8712 5141)
4(349 5141 8712 5136)
4(349 5136 8713 5137)
4(349 5137 8714 5141)
4(8712 6591 8710 1892)
4(12323 6593 8712 1892)
4(682 3671 8710 6591)
4(682 6591 8712 6593)
4(8713 1892 8710 6596)
4(8713 6597 8711 1892)
4(683 6596 8710 3672)
4(683 3672 8711 6597)
4(683 6597 8713 6596)
4(8714 1892 8711 6598)
4(12323 1892 8714 6600)
4(684 6598 8711 3673)
4(684 6600 8714 6598)
4(1318 6591 8710 6596)
4(1318 5136 8712 6591)
4(1318 6596 8713 5136)
4(1357 6597 8711 6598)
4(1357 5137 8713 6597)
4(1357 6598 8714 5137)
4(1737 6593 8712 5141)
4(1737 5141 8714 6600)
4(8717 1893 8718 5142)
4(8718 1893 8719 5143)
4(8719 1893 8717 5147)
4(350 5147 8717 5142)
4(350 5142 8718 5143)
4(350 5143 8719 5147)
4(8717 6601 8715 1893)
4(12333 6603 8717 1893)
4(685 3676 8715 6601)
4(685 6601 8717 6603)
4(8718 1893 8715 6606)
4(8718 6607 8716 1893)
4(686 6606 8715 3677)
4(686 3677 8716 6607)
4(686 6607 8718 6606)
4(8719 1893 8716 6608)
4(12333 1893 8719 6610)
4(687 6608 8716 3678)
4(687 6610 8719 6608)
4(1320 6601 8715 6606)
4(1320 5142 8717 6601)
4(1320 6606 8718 5142)
4(1360 6607 8716 6608)
4(1360 5143 8718 6607)
4(1360 6608 8719 5143)
4(1747 6603 8717 5147)
4(1747 5147 8719 6610)
4(8722 1894 8723 5148)
4(8723 1894 8724 5149)
4(8724 1894 8722 5153)
4(351 5153 8722 5148)
4(351 5148 8723 5149)
4(351 5149 8724 5153)
4(8722 6611 8720 1894)
4(12343 6613 8722 1894)
4(688 3681 8720 6611)
4(688 6611 8722 6613)
4(8723 1894 8720 6616)
4(8723 6617 8721 1894)
4(689 6616 8720 3682)
4(689 3682 8721 6617)
4(689 6617 8723 6616)
4(8724 1894 8721 6618)
4(12343 1894 8724 6620)
4(690 6618 8721 3683)
4(690 6620 8724 6618)
4(1322 6611 8720 6616)
4(1322 5148 8722 6611)
4(1322 6616 8723 5148)
4(1362 6617 8721 6618)
4(1362 5149 8723 6617)
4(1362 6618 8724 5149)
4(1757 6613 8722 5153)
4(1757 5153 8724 6620)
4(8727 1895 8728 5154)
4(8728 1895 8729 5155)
4(8729 1895 8727 5158)
4(352 5158 8727 5154)
4(352 5155 8729 5158)
4(8727 6621 8725 1895)
4(12353 6623 8727 1895)
4(691 3686 8725 6621)
4(691 6621 8727 6623)
4(8728 1895 8725 6626)
4(8728 6627 8726 1895)
4(692 6626 8725 3687)
4(692 3687 8726 6627)
4(8729 1895 8726 6628)
4(12353 1895 8729 6630)
4(693 6628 8726 3688)
4(693 6630 8729 6628)
4(1324 6621 8725 6626)
4(1324 5154 8727 6621)
4(1364 6627 8726 6628)
4(1364 6628 8729 5155)
4(1767 6623 8727 5158)
4(1767 5158 8729 6630)
4(8732 1896 8733 5159)
4(8733 1896 8734 5160)
4(8734 1896 8732 5163)
4(353 5163 8732 5159)
4(353 5160 8734 5163)
4(8732 6631 8730 1896)
4(12363 6633 8732 1896)
4(694 3691 8730 6631)
4(694 6631 8732 6633)
4(8733 1896 8730 6636)
4(8733 6637 8731 1896)
4(695 6636 8730 3692)
4(695 3692 8731 6637)
4(8734 1896 8731 6638)
4(12363 1896 8734 6640)
4(696 6638 8731 3693)
4(696 6640 8734 6638)
4(1326 6631 8730 6636)
4(1326 5159 8732 6631)
4(1366 6637 8731 6638)
4(1366 6638 8734 5160)
4(1777 6633 8732 5163)
4(1777 5163 8734 6640)
3(6643 8736 1897)
3(697 8735 3697)
4(697 3697 8736 6643)
4(8737 1897 8736 6644)
4(698 6644 8736 3698)
4(698 6646 8737 6644)
4(1368 6643 8736 6644)
3(1368 6644 8737)
4(8743 1898 8741 6663)
4(703 3712 8740 6662)
4(703 6663 8741 3712)
4(703 6662 8743 6663)
4(8744 6666 8741 1898)
4(704 3714 8741 6666)
4(704 6667 8742 3714)
4(704 6666 8744 6667)
4(1337 6666 8741 6663)
4(1337 6663 8743 5164)
4(1337 5164 8744 6666)
4(8748 1899 8746 6671)
4(705 3718 8745 6670)
4(705 6671 8746 3718)
4(705 6670 8748 6671)
4(8749 6674 8746 1899)
4(706 3720 8746 6674)
4(706 6675 8747 3720)
4(706 6674 8749 6675)
4(1340 6674 8746 6671)
4(1340 6671 8748 5165)
4(1340 5165 8749 6674)
4(8753 1900 8751 6679)
4(707 3724 8750 6678)
4(707 6679 8751 3724)
4(707 6678 8753 6679)
4(8754 6682 8751 1900)
4(708 3726 8751 6682)
4(708 6683 8752 3726)
4(708 6682 8754 6683)
4(1343 6682 8751 6679)
4(1343 6679 8753 5166)
4(1343 5166 8754 6682)
4(8758 1901 8756 6687)
4(709 3730 8755 6686)
4(709 6687 8756 3730)
4(709 6686 8758 6687)
4(8759 6690 8756 1901)
4(710 3732 8756 6690)
4(710 6691 8757 3732)
4(710 6690 8759 6691)
4(1346 6690 8756 6687)
4(1346 6687 8758 5167)
4(1346 5167 8759 6690)
4(8763 1902 8761 6695)
4(711 3736 8760 6694)
4(711 6695 8761 3736)
4(711 6694 8763 6695)
4(8764 6698 8761 1902)
4(712 3738 8761 6698)
4(712 6699 8762 3738)
4(712 6698 8764 6699)
4(1349 6698 8761 6695)
4(1349 6695 8763 5168)
4(1349 5168 8764 6698)
4(8772 1903 8773 5171)
4(8773 1903 8774 5172)
4(8774 1903 8772 5176)
4(354 5176 8772 5171)
4(354 5171 8773 5172)
4(354 5172 8774 5176)
4(8772 6729 8770 1903)
4(12214 6731 8772 1903)
4(721 3763 8770 6729)
4(721 6729 8772 6731)
4(8773 1903 8770 6734)
4(8773 6735 8771 1903)
4(722 6734 8770 3764)
4(722 3764 8771 6735)
4(722 6735 8773 6734)
4(8774 1903 8771 6736)
4(12214 1903 8774 6738)
4(723 6736 8771 3765)
4(723 6738 8774 6736)
4(1329 6729 8770 6734)
4(1329 5171 8772 6729)
4(1329 6734 8773 5171)
4(1370 6735 8771 6736)
4(1370 5172 8773 6735)
4(1370 6736 8774 5172)
4(1628 6731 8772 5176)
4(1628 5176 8774 6738)
4(8777 1904 8778 5177)
4(8778 1904 8779 5178)
4(8779 1904 8777 5182)
4(355 5182 8777 5177)
4(355 5177 8778 5178)
4(355 5178 8779 5182)
4(8777 6739 8775 1904)
4(12224 6741 8777 1904)
4(724 3768 8775 6739)
4(724 6739 8777 6741)
4(8778 1904 8775 6744)
4(8778 6745 8776 1904)
4(725 6744 8775 3769)
4(725 3769 8776 6745)
4(725 6745 8778 6744)
4(8779 1904 8776 6746)
4(12224 1904 8779 6748)
4(726 6746 8776 3770)
4(726 6748 8779 6746)
4(1332 6739 8775 6744)
4(1332 5177 8777 6739)
4(1332 6744 8778 5177)
4(1371 6745 8776 6746)
4(1371 5178 8778 6745)
4(1371 6746 8779 5178)
4(1638 6741 8777 5182)
4(1638 5182 8779 6748)
4(8782 1905 8783 5183)
4(8783 1905 8784 5184)
4(8784 1905 8782 5188)
4(356 5188 8782 5183)
4(356 5183 8783 5184)
4(356 5184 8784 5188)
4(8782 6749 8780 1905)
4(12234 6751 8782 1905)
4(727 3773 8780 6749)
4(727 6749 8782 6751)
4(8783 1905 8780 6754)
4(8783 6755 8781 1905)
4(728 6754 8780 3774)
4(728 3774 8781 6755)
4(728 6755 8783 6754)
4(8784 1905 8781 6756)
4(12234 1905 8784 6758)
4(729 6756 8781 3775)
4(729 6758 8784 6756)
4(1335 6749 8780 6754)
4(1335 5183 8782 6749)
4(1335 6754 8783 5183)
4(1373 6755 8781 6756)
4(1373 5184 8783 6755)
4(1373 6756 8784 5184)
4(1648 6751 8782 5188)
4(1648 5188 8784 6758)
4(8787 1906 8788 5189)
4(8788 1906 8789 5190)
4(8789 1906 8787 5194)
4(357 5194 8787 5189)
4(357 5189 8788 5190)
4(357 5190 8789 5194)
4(8787 6759 8785 1906)
4(12244 6761 8787 1906)
4(730 3778 8785 6759)
4(730 6759 8787 6761)
4(8788 1906 8785 6764)
4(8788 6765 8786 1906)
4(731 6764 8785 3779)
4(731 3779 8786 6765)
4(731 6765 8788 6764)
4(8789 1906 8786 6766)
4(12244 1906 8789 6768)
4(732 6766 8786 3780)
4(732 6768 8789 6766)
4(1338 6759 8785 6764)
4(1338 5189 8787 6759)
4(1338 6764 8788 5189)
4(1376 6765 8786 6766)
4(1376 5190 8788 6765)
4(1376 6766 8789 5190)
4(1658 6761 8787 5194)
4(1658 5194 8789 6768)
4(8792 1907 8793 5195)
4(8793 1907 8794 5196)
4(8794 1907 8792 5200)
4(358 5200 8792 5195)
4(358 5195 8793 5196)
4(358 5196 8794 5200)
4(8792 6769 8790 1907)
4(12254 6771 8792 1907)
4(733 3783 8790 6769)
4(733 6769 8792 6771)
4(8793 1907 8790 6774)
4(8793 6775 8791 1907)
4(734 6774 8790 3784)
4(734 3784 8791 6775)
4(734 6775 8793 6774)
4(8794 1907 8791 6776)
4(12254 1907 8794 6778)
4(735 6776 8791 3785)
4(735 6778 8794 6776)
4(1341 6769 8790 6774)
4(1341 5195 8792 6769)
4(1341 6774 8793 5195)
4(1379 6775 8791 6776)
4(1379 5196 8793 6775)
4(1379 6776 8794 5196)
4(1668 6771 8792 5200)
4(1668 5200 8794 6778)
4(8797 1908 8798 5201)
4(8798 1908 8799 5202)
4(8799 1908 8797 5206)
4(359 5206 8797 5201)
4(359 5201 8798 5202)
4(359 5202 8799 5206)
4(8797 6779 8795 1908)
4(12264 6781 8797 1908)
4(736 3788 8795 6779)
4(736 6779 8797 6781)
4(8798 1908 8795 6784)
4(8798 6785 8796 1908)
4(737 6784 8795 3789)
4(737 3789 8796 6785)
4(737 6785 8798 6784)
4(8799 1908 8796 6786)
4(12264 1908 8799 6788)
4(738 6786 8796 3790)
4(738 6788 8799 6786)
4(1344 6779 8795 6784)
4(1344 5201 8797 6779)
4(1344 6784 8798 5201)
4(1382 6785 8796 6786)
4(1382 5202 8798 6785)
4(1382 6786 8799 5202)
4(1678 6781 8797 5206)
4(1678 5206 8799 6788)
4(8802 1909 8803 5207)
4(8803 1909 8804 5208)
4(8804 1909 8802 5212)
4(360 5212 8802 5207)
4(360 5207 8803 5208)
4(360 5208 8804 5212)
4(8802 6789 8800 1909)
4(12274 6791 8802 1909)
4(739 3793 8800 6789)
4(739 6789 8802 6791)
4(8803 1909 8800 6794)
4(8803 6795 8801 1909)
4(740 6794 8800 3794)
4(740 3794 8801 6795)
4(740 6795 8803 6794)
4(8804 1909 8801 6796)
4(12274 1909 8804 6798)
4(741 6796 8801 3795)
4(741 6798 8804 6796)
4(1347 6789 8800 6794)
4(1347 5207 8802 6789)
4(1347 6794 8803 5207)
4(1385 6795 8801 6796)
4(1385 5208 8803 6795)
4(1385 6796 8804 5208)
4(1688 6791 8802 5212)
4(1688 5212 8804 6798)
4(8807 1910 8808 5213)
4(8808 1910 8809 5214)
4(8809 1910 8807 5218)
4(361 5218 8807 5213)
4(361 5213 8808 5214)
4(361 5214 8809 5218)
4(8807 6799 8805 1910)
4(12284 6801 8807 1910)
4(742 3798 8805 6799)
4(742 6799 8807 6801)
4(8808 1910 8805 6804)
4(8808 6805 8806 1910)
4(743 6804 8805 3799)
4(743 3799 8806 6805)
4(743 6805 8808 6804)
4(8809 1910 8806 6806)
4(12284 1910 8809 6808)
4(744 6806 8806 3800)
4(744 6808 8809 6806)
4(1350 6799 8805 6804)
4(1350 5213 8807 6799)
4(1350 6804 8808 5213)
4(1388 6805 8806 6806)
4(1388 5214 8808 6805)
4(1388 6806 8809 5214)
4(1698 6801 8807 5218)
4(1698 5218 8809 6808)
4(8812 1911 8813 5219)
4(8813 1911 8814 5220)
4(8814 1911 8812 5224)
4(362 5224 8812 5219)
4(362 5219 8813 5220)
4(362 5220 8814 5224)
4(8812 6809 8810 1911)
4(12294 6811 8812 1911)
4(745 3803 8810 6809)
4(745 6809 8812 6811)
4(8813 1911 8810 6814)
4(8813 6815 8811 1911)
4(746 6814 8810 3804)
4(746 3804 8811 6815)
4(746 6815 8813 6814)
4(8814 1911 8811 6816)
4(12294 1911 8814 6818)
4(747 6816 8811 3805)
4(747 6818 8814 6816)
4(1353 6809 8810 6814)
4(1353 5219 8812 6809)
4(1353 6814 8813 5219)
4(1391 6815 8811 6816)
4(1391 5220 8813 6815)
4(1391 6816 8814 5220)
4(1708 6811 8812 5224)
4(1708 5224 8814 6818)
4(8817 1912 8818 5225)
4(8818 1912 8819 5226)
4(8819 1912 8817 5230)
4(363 5230 8817 5225)
4(363 5225 8818 5226)
4(363 5226 8819 5230)
4(8817 6819 8815 1912)
4(12304 6821 8817 1912)
4(748 3808 8815 6819)
4(748 6819 8817 6821)
4(8818 1912 8815 6824)
4(8818 6825 8816 1912)
4(749 6824 8815 3809)
4(749 3809 8816 6825)
4(749 6825 8818 6824)
4(8819 1912 8816 6826)
4(12304 1912 8819 6828)
4(750 6826 8816 3810)
4(750 6828 8819 6826)
4(1356 6819 8815 6824)
4(1356 5225 8817 6819)
4(1356 6824 8818 5225)
4(1394 6825 8816 6826)
4(1394 5226 8818 6825)
4(1394 6826 8819 5226)
4(1718 6821 8817 5230)
4(1718 5230 8819 6828)
4(8822 1913 8823 5231)
4(8823 1913 8824 5232)
4(8824 1913 8822 5236)
4(364 5236 8822 5231)
4(364 5231 8823 5232)
4(364 5232 8824 5236)
4(8822 6829 8820 1913)
4(12314 6831 8822 1913)
4(751 3813 8820 6829)
4(751 6829 8822 6831)
4(8823 1913 8820 6834)
4(8823 6835 8821 1913)
4(752 6834 8820 3814)
4(752 3814 8821 6835)
4(752 6835 8823 6834)
4(8824 1913 8821 6836)
4(12314 1913 8824 6838)
4(753 6836 8821 3815)
4(753 6838 8824 6836)
4(1359 6829 8820 6834)
4(1359 5231 8822 6829)
4(1359 6834 8823 5231)
4(1397 6835 8821 6836)
4(1397 5232 8823 6835)
4(1397 6836 8824 5232)
4(1728 6831 8822 5236)
4(1728 5236 8824 6838)
4(8827 1914 8828 5237)
4(8828 1914 8829 5238)
4(8829 1914 8827 5242)
4(365 5242 8827 5237)
4(365 5237 8828 5238)
4(365 5238 8829 5242)
4(8827 6839 8825 1914)
4(12324 6841 8827 1914)
4(754 3818 8825 6839)
4(754 6839 8827 6841)
4(8828 1914 8825 6844)
4(8828 6845 8826 1914)
4(755 6844 8825 3819)
4(755 3819 8826 6845)
4(755 6845 8828 6844)
4(8829 1914 8826 6846)
4(12324 1914 8829 6848)
4(756 6846 8826 3820)
4(756 6848 8829 6846)
4(1361 6839 8825 6844)
4(1361 5237 8827 6839)
4(1361 6844 8828 5237)
4(1400 6845 8826 6846)
4(1400 5238 8828 6845)
4(1400 6846 8829 5238)
4(1738 6841 8827 5242)
4(1738 5242 8829 6848)
4(8832 1915 8833 5243)
4(8833 1915 8834 5244)
4(8834 1915 8832 5248)
4(366 5248 8832 5243)
4(366 5243 8833 5244)
4(366 5244 8834 5248)
4(8832 6849 8830 1915)
4(12334 6851 8832 1915)
4(757 3823 8830 6849)
4(757 6849 8832 6851)
4(8833 1915 8830 6854)
4(8833 6855 8831 1915)
4(758 6854 8830 3824)
4(758 3824 8831 6855)
4(758 6855 8833 6854)
4(8834 1915 8831 6856)
4(12334 1915 8834 6858)
4(759 6856 8831 3825)
4(759 6858 8834 6856)
4(1363 6849 8830 6854)
4(1363 5243 8832 6849)
4(1363 6854 8833 5243)
4(1403 6855 8831 6856)
4(1403 5244 8833 6855)
4(1403 6856 8834 5244)
4(1748 6851 8832 5248)
4(1748 5248 8834 6858)
4(8837 1916 8838 5249)
4(8838 1916 8839 5250)
4(8839 1916 8837 5254)
4(367 5254 8837 5249)
4(367 5249 8838 5250)
4(367 5250 8839 5254)
4(8837 6859 8835 1916)
4(12344 6861 8837 1916)
4(760 3828 8835 6859)
4(760 6859 8837 6861)
4(8838 1916 8835 6864)
4(8838 6865 8836 1916)
4(761 6864 8835 3829)
4(761 3829 8836 6865)
4(761 6865 8838 6864)
4(8839 1916 8836 6866)
4(12344 1916 8839 6868)
4(762 6866 8836 3830)
4(762 6868 8839 6866)
4(1365 6859 8835 6864)
4(1365 5249 8837 6859)
4(1365 6864 8838 5249)
4(1405 6865 8836 6866)
4(1405 5250 8838 6865)
4(1405 6866 8839 5250)
4(1758 6861 8837 5254)
4(1758 5254 8839 6868)
4(8842 1917 8843 5255)
4(8843 1917 8844 5256)
4(8844 1917 8842 5259)
4(368 5259 8842 5255)
4(368 5256 8844 5259)
4(8842 6869 8840 1917)
4(12354 6871 8842 1917)
4(763 3833 8840 6869)
4(763 6869 8842 6871)
4(8843 1917 8840 6874)
4(8843 6875 8841 1917)
4(764 6874 8840 3834)
4(764 3834 8841 6875)
4(8844 1917 8841 6876)
4(12354 1917 8844 6878)
4(765 6876 8841 3835)
4(765 6878 8844 6876)
4(1367 6869 8840 6874)
4(1367 5255 8842 6869)
4(1407 6875 8841 6876)
4(1407 6876 8844 5256)
4(1768 6871 8842 5259)
4(1768 5259 8844 6878)
4(8847 1918 8848 5260)
4(8848 1918 8849 5261)
4(8849 1918 8847 5264)
4(369 5264 8847 5260)
4(369 5261 8849 5264)
4(8847 6879 8845 1918)
4(12364 6881 8847 1918)
4(766 3838 8845 6879)
4(766 6879 8847 6881)
4(8848 1918 8845 6884)
4(8848 6885 8846 1918)
4(767 6884 8845 3839)
4(767 3839 8846 6885)
4(8849 1918 8846 6886)
4(12364 1918 8849 6888)
4(768 6886 8846 3840)
4(768 6888 8849 6886)
4(1369 6879 8845 6884)
4(1369 5260 8847 6879)
4(1409 6885 8846 6886)
4(1409 6886 8849 5261)
4(1778 6881 8847 5264)
4(1778 5264 8849 6888)
3(6891 8851 1919)
3(769 8850 3844)
4(769 3844 8851 6891)
4(8852 1919 8851 6892)
4(770 6892 8851 3845)
4(770 6894 8852 6892)
4(1411 6891 8851 6892)
3(1411 6892 8852)
4(8858 1920 8856 6911)
4(775 3859 8855 6910)
4(775 6911 8856 3859)
4(775 6910 8858 6911)
4(8859 6914 8856 1920)
4(776 3861 8856 6914)
4(776 6915 8857 3861)
4(776 6914 8859 6915)
4(1380 6914 8856 6911)
4(1380 6911 8858 5265)
4(1380 5265 8859 6914)
4(8863 1921 8861 6919)
4(777 3865 8860 6918)
4(777 6919 8861 3865)
4(777 6918 8863 6919)
4(8864 6922 8861 1921)
4(778 3867 8861 6922)
4(778 6923 8862 3867)
4(778 6922 8864 6923)
4(1383 6922 8861 6919)
4(1383 6919 8863 5266)
4(1383 5266 8864 6922)
4(8868 1922 8866 6927)
4(779 3871 8865 6926)
4(779 6927 8866 3871)
4(779 6926 8868 6927)
4(8869 6930 8866 1922)
4(780 3873 8866 6930)
4(780 6931 8867 3873)
4(780 6930 8869 6931)
4(1386 6930 8866 6927)
4(1386 6927 8868 5267)
4(1386 5267 8869 6930)
4(8873 1923 8871 6935)
4(781 3877 8870 6934)
4(781 6935 8871 3877)
4(781 6934 8873 6935)
4(8874 6938 8871 1923)
4(782 3879 8871 6938)
4(782 6939 8872 3879)
4(782 6938 8874 6939)
4(1389 6938 8871 6935)
4(1389 6935 8873 5268)
4(1389 5268 8874 6938)
4(8878 1924 8876 6943)
4(783 3883 8875 6942)
4(783 6943 8876 3883)
4(783 6942 8878 6943)
4(8879 6946 8876 1924)
4(784 3885 8876 6946)
4(784 6947 8877 3885)
4(784 6946 8879 6947)
4(1392 6946 8876 6943)
4(1392 6943 8878 5269)
4(1392 5269 8879 6946)
4(8887 1925 8888 5272)
4(8888 1925 8889 5273)
4(8889 1925 8887 5277)
4(370 5277 8887 5272)
4(370 5272 8888 5273)
4(370 5273 8889 5277)
4(8887 6977 8885 1925)
4(12215 6979 8887 1925)
4(793 3910 8885 6977)
4(793 6977 8887 6979)
4(8888 1925 8885 6982)
4(8888 6983 8886 1925)
4(794 6982 8885 3911)
4(794 3911 8886 6983)
4(794 6983 8888 6982)
4(8889 1925 8886 6984)
4(12215 1925 8889 6986)
4(795 6984 8886 3912)
4(795 6986 8889 6984)
4(1372 6977 8885 6982)
4(1372 5272 8887 6977)
4(1372 6982 8888 5272)
4(1413 6983 8886 6984)
4(1413 5273 8888 6983)
4(1413 6984 8889 5273)
4(1629 6979 8887 5277)
4(1629 5277 8889 6986)
4(8892 1926 8893 5278)
4(8893 1926 8894 5279)
4(8894 1926 8892 5283)
4(371 5283 8892 5278)
4(371 5278 8893 5279)
4(371 5279 8894 5283)
4(8892 6987 8890 1926)
4(12225 6989 8892 1926)
4(796 3915 8890 6987)
4(796 6987 8892 6989)
4(8893 1926 8890 6992)
4(8893 6993 8891 1926)
4(797 6992 8890 3916)
4(797 3916 8891 6993)
4(797 6993 8893 6992)
4(8894 1926 8891 6994)
4(12225 1926 8894 6996)
4(798 6994 8891 3917)
4(798 6996 8894 6994)
4(1375 6987 8890 6992)
4(1375 5278 8892 6987)
4(1375 6992 8893 5278)
4(1414 6993 8891 6994)
4(1414 5279 8893 6993)
4(1414 6994 8894 5279)
4(1639 6989 8892 5283)
4(1639 5283 8894 6996)
4(8897 1927 8898 5284)
4(8898 1927 8899 5285)
4(8899 1927 8897 5289)
4(372 5289 8897 5284)
4(372 5284 8898 5285)
4(372 5285 8899 5289)
4(8897 6997 8895 1927)
4(12235 6999 8897 1927)
4(799 3920 8895 6997)
4(799 6997 8897 6999)
4(8898 1927 8895 7002)
4(8898 7003 8896 1927)
4(800 7002 8895 3921)
4(800 3921 8896 7003)
4(800 7003 8898 7002)
4(8899 1927 8896 7004)
4(12235 1927 8899 7006)
4(801 7004 8896 3922)
4(801 7006 8899 7004)
4(1378 6997 8895 7002)
4(1378 5284 8897 6997)
4(1378 7002 8898 5284)
4(1416 7003 8896 7004)
4(1416 5285 8898 7003)
4(1416 7004 8899 5285)
4(1649 6999 8897 5289)
4(1649 5289 8899 7006)
4(8902 1928 8903 5290)
4(8903 1928 8904 5291)
4(8904 1928 8902 5295)
4(373 5295 8902 5290)
4(373 5290 8903 5291)
4(373 5291 8904 5295)
4(8902 7007 8900 1928)
4(12245 7009 8902 1928)
4(802 3925 8900 7007)
4(802 7007 8902 7009)
4(8903 1928 8900 7012)
4(8903 7013 8901 1928)
4(803 7012 8900 3926)
4(803 3926 8901 7013)
4(803 7013 8903 7012)
4(8904 1928 8901 7014)
4(12245 1928 8904 7016)
4(804 7014 8901 3927)
4(804 7016 8904 7014)
4(1381 7007 8900 7012)
4(1381 5290 8902 7007)
4(1381 7012 8903 5290)
4(1419 7013 8901 7014)
4(1419 5291 8903 7013)
4(1419 7014 8904 5291)
4(1659 7009 8902 5295)
4(1659 5295 8904 7016)
4(8907 1929 8908 5296)
4(8908 1929 8909 5297)
4(8909 1929 8907 5301)
4(374 5301 8907 5296)
4(374 5296 8908 5297)
4(374 5297 8909 5301)
4(8907 7017 8905 1929)
4(12255 7019 8907 1929)
4(805 3930 8905 7017)
4(805 7017 8907 7019)
4(8908 1929 8905 7022)
4(8908 7023 8906 1929)
4(806 7022 8905 3931)
4(806 3931 8906 7023)
4(806 7023 8908 7022)
4(8909 1929 8906 7024)
4(12255 1929 8909 7026)
4(807 7024 8906 3932)
4(807 7026 8909 7024)
4(1384 7017 8905 7022)
4(1384 5296 8907 7017)
4(1384 7022 8908 5296)
4(1422 7023 8906 7024)
4(1422 5297 8908 7023)
4(1422 7024 8909 5297)
4(1669 7019 8907 5301)
4(1669 5301 8909 7026)
4(8912 1930 8913 5302)
4(8913 1930 8914 5303)
4(8914 1930 8912 5307)
4(375 5307 8912 5302)
4(375 5302 8913 5303)
4(375 5303 8914 5307)
4(8912 7027 8910 1930)
4(12265 7029 8912 1930)
4(808 3935 8910 7027)
4(808 7027 8912 7029)
4(8913 1930 8910 7032)
4(8913 7033 8911 1930)
4(809 7032 8910 3936)
4(809 3936 8911 7033)
4(809 7033 8913 7032)
4(8914 1930 8911 7034)
4(12265 1930 8914 7036)
4(810 7034 8911 3937)
4(810 7036 8914 7034)
4(1387 7027 8910 7032)
4(1387 5302 8912 7027)
4(1387 7032 8913 5302)
4(1425 7033 8911 7034)
4(1425 5303 8913 7033)
4(1425 7034 8914 5303)
4(1679 7029 8912 5307)
4(1679 5307 8914 7036)
4(8917 1931 8918 5308)
4(8918 1931 8919 5309)
4(8919 1931 8917 5313)
4(376 5313 8917 5308)
4(376 5308 8918 5309)
4(376 5309 8919 5313)
4(8917 7037 8915 1931)
4(12275 7039 8917 1931)
4(811 3940 8915 7037)
4(811 7037 8917 7039)
4(8918 1931 8915 7042)
4(8918 7043 8916 1931)
4(812 7042 8915 3941)
4(812 3941 8916 7043)
4(812 7043 8918 7042)
4(8919 1931 8916 7044)
4(12275 1931 8919 7046)
4(813 7044 8916 3942)
4(813 7046 8919 7044)
4(1390 7037 8915 7042)
4(1390 5308 8917 7037)
4(1390 7042 8918 5308)
4(1428 7043 8916 7044)
4(1428 5309 8918 7043)
4(1428 7044 8919 5309)
4(1689 7039 8917 5313)
4(1689 5313 8919 7046)
4(8922 1932 8923 5314)
4(8923 1932 8924 5315)
4(8924 1932 8922 5319)
4(377 5319 8922 5314)
4(377 5314 8923 5315)
4(377 5315 8924 5319)
4(8922 7047 8920 1932)
4(12285 7049 8922 1932)
4(814 3945 8920 7047)
4(814 7047 8922 7049)
4(8923 1932 8920 7052)
4(8923 7053 8921 1932)
4(815 7052 8920 3946)
4(815 3946 8921 7053)
4(815 7053 8923 7052)
4(8924 1932 8921 7054)
4(12285 1932 8924 7056)
4(816 7054 8921 3947)
4(816 7056 8924 7054)
4(1393 7047 8920 7052)
4(1393 5314 8922 7047)
4(1393 7052 8923 5314)
4(1431 7053 8921 7054)
4(1431 5315 8923 7053)
4(1431 7054 8924 5315)
4(1699 7049 8922 5319)
4(1699 5319 8924 7056)
4(8927 1933 8928 5320)
4(8928 1933 8929 5321)
4(8929 1933 8927 5325)
4(378 5325 8927 5320)
4(378 5320 8928 5321)
4(378 5321 8929 5325)
4(8927 7057 8925 1933)
4(12295 7059 8927 1933)
4(817 3950 8925 7057)
4(817 7057 8927 7059)
4(8928 1933 8925 7062)
4(8928 7063 8926 1933)
4(818 7062 8925 3951)
4(818 3951 8926 7063)
4(818 7063 8928 7062)
4(8929 1933 8926 7064)
4(12295 1933 8929 7066)
4(819 7064 8926 3952)
4(819 7066 8929 7064)
4(1396 7057 8925 7062)
4(1396 5320 8927 7057)
4(1396 7062 8928 5320)
4(1434 7063 8926 7064)
4(1434 5321 8928 7063)
4(1434 7064 8929 5321)
4(1709 7059 8927 5325)
4(1709 5325 8929 7066)
4(8932 1934 8933 5326)
4(8933 1934 8934 5327)
4(8934 1934 8932 5331)
4(379 5331 8932 5326)
4(379 5326 8933 5327)
4(379 5327 8934 5331)
4(8932 7067 8930 1934)
4(12305 7069 8932 1934)
4(820 3955 8930 7067)
4(820 7067 8932 7069)
4(8933 1934 8930 7072)
4(8933 7073 8931 1934)
4(821 7072 8930 3956)
4(821 3956 8931 7073)
4(821 7073 8933 7072)
4(8934 1934 8931 7074)
4(12305 1934 8934 7076)
4(822 7074 8931 3957)
4(822 7076 8934 7074)
4(1399 7067 8930 7072)
4(1399 5326 8932 7067)
4(1399 7072 8933 5326)
4(1437 7073 8931 7074)
4(1437 5327 8933 7073)
4(1437 7074 8934 5327)
4(1719 7069 8932 5331)
4(1719 5331 8934 7076)
4(8937 1935 8938 5332)
4(8938 1935 8939 5333)
4(8939 1935 8937 5337)
4(380 5337 8937 5332)
4(380 5332 8938 5333)
4(380 5333 8939 5337)
4(8937 7077 8935 1935)
4(12315 7079 8937 1935)
4(823 3960 8935 7077)
4(823 7077 8937 7079)
4(8938 1935 8935 7082)
4(8938 7083 8936 1935)
4(824 7082 8935 3961)
4(824 3961 8936 7083)
4(824 7083 8938 7082)
4(8939 1935 8936 7084)
4(12315 1935 8939 7086)
4(825 7084 8936 3962)
4(825 7086 8939 7084)
4(1402 7077 8935 7082)
4(1402 5332 8937 7077)
4(1402 7082 8938 5332)
4(1440 7083 8936 7084)
4(1440 5333 8938 7083)
4(1440 7084 8939 5333)
4(1729 7079 8937 5337)
4(1729 5337 8939 7086)
4(8942 1936 8943 5338)
4(8943 1936 8944 5339)
4(8944 1936 8942 5343)
4(381 5343 8942 5338)
4(381 5338 8943 5339)
4(381 5339 8944 5343)
4(8942 7087 8940 1936)
4(12325 7089 8942 1936)
4(826 3965 8940 7087)
4(826 7087 8942 7089)
4(8943 1936 8940 7092)
4(8943 7093 8941 1936)
4(827 7092 8940 3966)
4(827 3966 8941 7093)
4(827 7093 8943 7092)
4(8944 1936 8941 7094)
4(12325 1936 8944 7096)
4(828 7094 8941 3967)
4(828 7096 8944 7094)
4(1404 7087 8940 7092)
4(1404 5338 8942 7087)
4(1404 7092 8943 5338)
4(1443 7093 8941 7094)
4(1443 5339 8943 7093)
4(1443 7094 8944 5339)
4(1739 7089 8942 5343)
4(1739 5343 8944 7096)
4(8947 1937 8948 5344)
4(8948 1937 8949 5345)
4(8949 1937 8947 5349)
4(382 5349 8947 5344)
4(382 5344 8948 5345)
4(382 5345 8949 5349)
4(8947 7097 8945 1937)
4(12335 7099 8947 1937)
4(829 3970 8945 7097)
4(829 7097 8947 7099)
4(8948 1937 8945 7102)
4(8948 7103 8946 1937)
4(830 7102 8945 3971)
4(830 3971 8946 7103)
4(830 7103 8948 7102)
4(8949 1937 8946 7104)
4(12335 1937 8949 7106)
4(831 7104 8946 3972)
4(831 7106 8949 7104)
4(1406 7097 8945 7102)
4(1406 5344 8947 7097)
4(1406 7102 8948 5344)
4(1446 7103 8946 7104)
4(1446 5345 8948 7103)
4(1446 7104 8949 5345)
4(1749 7099 8947 5349)
4(1749 5349 8949 7106)
4(8952 1938 8953 5350)
4(8953 1938 8954 5351)
4(8954 1938 8952 5355)
4(383 5355 8952 5350)
4(383 5350 8953 5351)
4(383 5351 8954 5355)
4(8952 7107 8950 1938)
4(12345 7109 8952 1938)
4(832 3975 8950 7107)
4(832 7107 8952 7109)
4(8953 1938 8950 7112)
4(8953 7113 8951 1938)
4(833 7112 8950 3976)
4(833 3976 8951 7113)
4(833 7113 8953 7112)
4(8954 1938 8951 7114)
4(12345 1938 8954 7116)
4(834 7114 8951 3977)
4(834 7116 8954 7114)
4(1408 7107 8950 7112)
4(1408 5350 8952 7107)
4(1408 7112 8953 5350)
4(1448 7113 8951 7114)
4(1448 5351 8953 7113)
4(1448 7114 8954 5351)
4(1759 7109 8952 5355)
4(1759 5355 8954 7116)
4(8957 1939 8958 5356)
4(8958 1939 8959 5357)
4(8959 1939 8957 5360)
4(384 5360 8957 5356)
4(384 5357 8959 5360)
4(8957 7117 8955 1939)
4(12355 7119 8957 1939)
4(835 3980 8955 7117)
4(835 7117 8957 7119)
4(8958 1939 8955 7122)
4(8958 7123 8956 1939)
4(836 7122 8955 3981)
4(836 3981 8956 7123)
4(8959 1939 8956 7124)
4(12355 1939 8959 7126)
4(837 7124 8956 3982)
4(837 7126 8959 7124)
4(1410 7117 8955 7122)
4(1410 5356 8957 7117)
4(1450 7123 8956 7124)
4(1450 7124 8959 5357)
4(1769 7119 8957 5360)
4(1769 5360 8959 7126)
4(8962 1940 8963 5361)
4(8963 1940 8964 5362)
4(8964 1940 8962 5365)
4(385 5365 8962 5361)
4(385 5362 8964 5365)
4(8962 7127 8960 1940)
4(12365 7129 8962 1940)
4(838 3985 8960 7127)
4(838 7127 8962 7129)
4(8963 1940 8960 7132)
4(8963 7133 8961 1940)
4(839 7132 8960 3986)
4(839 3986 8961 7133)
4(8964 1940 8961 7134)
4(12365 1940 8964 7136)
4(840 7134 8961 3987)
4(840 7136 8964 7134)
4(1412 7127 8960 7132)
4(1412 5361 8962 7127)
4(1452 7133 8961 7134)
4(1452 7134 8964 5362)
4(1779 7129 8962 5365)
4(1779 5365 8964 7136)
3(7139 8966 1941)
3(841 8965 3991)
4(841 3991 8966 7139)
4(8967 1941 8966 7140)
4(842 7140 8966 3992)
4(842 7142 8967 7140)
4(1454 7139 8966 7140)
3(1454 7140 8967)
4(8973 1942 8971 7159)
4(847 4006 8970 7158)
4(847 7159 8971 4006)
4(847 7158 8973 7159)
4(8974 7162 8971 1942)
4(848 4008 8971 7162)
4(848 7163 8972 4008)
4(848 7162 8974 7163)
4(1423 7162 8971 7159)
4(1423 7159 8973 5366)
4(1423 5366 8974 7162)
4(8978 1943 8976 7167)
4(849 4012 8975 7166)
4(849 7167 8976 4012)
4(849 7166 8978 7167)
4(8979 7170 8976 1943)
4(850 4014 8976 7170)
4(850 7171 8977 4014)
4(850 7170 8979 7171)
4(1426 7170 8976 7167)
4(1426 7167 8978 5367)
4(1426 5367 8979 7170)
4(8983 1944 8981 7175)
4(851 4018 8980 7174)
4(851 7175 8981 4018)
4(851 7174 8983 7175)
4(8984 7178 8981 1944)
4(852 4020 8981 7178)
4(852 7179 8982 4020)
4(852 7178 8984 7179)
4(1429 7178 8981 7175)
4(1429 7175 8983 5368)
4(1429 5368 8984 7178)
4(8988 1945 8986 7183)
4(853 4024 8985 7182)
4(853 7183 8986 4024)
4(853 7182 8988 7183)
4(8989 7186 8986 1945)
4(854 4026 8986 7186)
4(854 7187 8987 4026)
4(854 7186 8989 7187)
4(1432 7186 8986 7183)
4(1432 7183 8988 5369)
4(1432 5369 8989 7186)
4(8993 1946 8991 7191)
4(855 4030 8990 7190)
4(855 7191 8991 4030)
4(855 7190 8993 7191)
4(8994 7194 8991 1946)
4(856 4032 8991 7194)
4(856 7195 8992 4032)
4(856 7194 8994 7195)
4(1435 7194 8991 7191)
4(1435 7191 8993 5370)
4(1435 5370 8994 7194)
4(9002 1947 9003 5373)
4(9003 1947 9004 5374)
4(9004 1947 9002 5378)
4(386 5378 9002 5373)
4(386 5373 9003 5374)
4(386 5374 9004 5378)
4(9002 7225 9000 1947)
4(12216 7227 9002 1947)
4(865 4057 9000 7225)
4(865 7225 9002 7227)
4(9003 1947 9000 7230)
4(9003 7231 9001 1947)
4(866 7230 9000 4058)
4(866 4058 9001 7231)
4(866 7231 9003 7230)
4(9004 1947 9001 7232)
4(12216 1947 9004 7234)
4(867 7232 9001 4059)
4(867 7234 9004 7232)
4(1415 7225 9000 7230)
4(1415 5373 9002 7225)
4(1415 7230 9003 5373)
4(1456 7231 9001 7232)
4(1456 5374 9003 7231)
4(1456 7232 9004 5374)
4(1630 7227 9002 5378)
4(1630 5378 9004 7234)
4(9007 1948 9008 5379)
4(9008 1948 9009 5380)
4(9009 1948 9007 5384)
4(387 5384 9007 5379)
4(387 5379 9008 5380)
4(387 5380 9009 5384)
4(9007 7235 9005 1948)
4(12226 7237 9007 1948)
4(868 4062 9005 7235)
4(868 7235 9007 7237)
4(9008 1948 9005 7240)
4(9008 7241 9006 1948)
4(869 7240 9005 4063)
4(869 4063 9006 7241)
4(869 7241 9008 7240)
4(9009 1948 9006 7242)
4(12226 1948 9009 7244)
4(870 7242 9006 4064)
4(870 7244 9009 7242)
4(1418 7235 9005 7240)
4(1418 5379 9007 7235)
4(1418 7240 9008 5379)
4(1457 7241 9006 7242)
4(1457 5380 9008 7241)
4(1457 7242 9009 5380)
4(1640 7237 9007 5384)
4(1640 5384 9009 7244)
4(9012 1949 9013 5385)
4(9013 1949 9014 5386)
4(9014 1949 9012 5390)
4(388 5390 9012 5385)
4(388 5385 9013 5386)
4(388 5386 9014 5390)
4(9012 7245 9010 1949)
4(12236 7247 9012 1949)
4(871 4067 9010 7245)
4(871 7245 9012 7247)
4(9013 1949 9010 7250)
4(9013 7251 9011 1949)
4(872 7250 9010 4068)
4(872 4068 9011 7251)
4(872 7251 9013 7250)
4(9014 1949 9011 7252)
4(12236 1949 9014 7254)
4(873 7252 9011 4069)
4(873 7254 9014 7252)
4(1421 7245 9010 7250)
4(1421 5385 9012 7245)
4(1421 7250 9013 5385)
4(1459 7251 9011 7252)
4(1459 5386 9013 7251)
4(1459 7252 9014 5386)
4(1650 7247 9012 5390)
4(1650 5390 9014 7254)
4(9017 1950 9018 5391)
4(9018 1950 9019 5392)
4(9019 1950 9017 5396)
4(389 5396 9017 5391)
4(389 5391 9018 5392)
4(389 5392 9019 5396)
4(9017 7255 9015 1950)
4(12246 7257 9017 1950)
4(874 4072 9015 7255)
4(874 7255 9017 7257)
4(9018 1950 9015 7260)
4(9018 7261 9016 1950)
4(875 7260 9015 4073)
4(875 4073 9016 7261)
4(875 7261 9018 7260)
4(9019 1950 9016 7262)
4(12246 1950 9019 7264)
4(876 7262 9016 4074)
4(876 7264 9019 7262)
4(1424 7255 9015 7260)
4(1424 5391 9017 7255)
4(1424 7260 9018 5391)
4(1462 7261 9016 7262)
4(1462 5392 9018 7261)
4(1462 7262 9019 5392)
4(1660 7257 9017 5396)
4(1660 5396 9019 7264)
4(9022 1951 9023 5397)
4(9023 1951 9024 5398)
4(9024 1951 9022 5402)
4(390 5402 9022 5397)
4(390 5397 9023 5398)
4(390 5398 9024 5402)
4(9022 7265 9020 1951)
4(12256 7267 9022 1951)
4(877 4077 9020 7265)
4(877 7265 9022 7267)
4(9023 1951 9020 7270)
4(9023 7271 9021 1951)
4(878 7270 9020 4078)
4(878 4078 9021 7271)
4(878 7271 9023 7270)
4(9024 1951 9021 7272)
4(12256 1951 9024 7274)
4(879 7272 9021 4079)
4(879 7274 9024 7272)
4(1427 7265 9020 7270)
4(1427 5397 9022 7265)
4(1427 7270 9023 5397)
4(1465 7271 9021 7272)
4(1465 5398 9023 7271)
4(1465 7272 9024 5398)
4(1670 7267 9022 5402)
4(1670 5402 9024 7274)
4(9027 1952 9028 5403)
4(9028 1952 9029 5404)
4(9029 1952 9027 5408)
4(391 5408 9027 5403)
4(391 5403 9028 5404)
4(391 5404 9029 5408)
4(9027 7275 9025 1952)
4(12266 7277 9027 1952)
4(880 4082 9025 7275)
4(880 7275 9027 7277)
4(9028 1952 9025 7280)
4(9028 7281 9026 1952)
4(881 7280 9025 4083)
4(881 4083 9026 7281)
4(881 7281 9028 7280)
4(9029 1952 9026 7282)
4(12266 1952 9029 7284)
4(882 7282 9026 4084)
4(882 7284 9029 7282)
4(1430 7275 9025 7280)
4(1430 5403 9027 7275)
4(1430 7280 9028 5403)
4(1468 7281 9026 7282)
4(1468 5404 9028 7281)
4(1468 7282 9029 5404)
4(1680 7277 9027 5408)
4(1680 5408 9029 7284)
4(9032 1953 9033 5409)
4(9033 1953 9034 5410)
4(9034 1953 9032 5414)
4(392 5414 9032 5409)
4(392 5409 9033 5410)
4(392 5410 9034 5414)
4(9032 7285 9030 1953)
4(12276 7287 9032 1953)
4(883 4087 9030 7285)
4(883 7285 9032 7287)
4(9033 1953 9030 7290)
4(9033 7291 9031 1953)
4(884 7290 9030 4088)
4(884 4088 9031 7291)
4(884 7291 9033 7290)
4(9034 1953 9031 7292)
4(12276 1953 9034 7294)
4(885 7292 9031 4089)
4(885 7294 9034 7292)
4(1433 7285 9030 7290)
4(1433 5409 9032 7285)
4(1433 7290 9033 5409)
4(1471 7291 9031 7292)
4(1471 5410 9033 7291)
4(1471 7292 9034 5410)
4(1690 7287 9032 5414)
4(1690 5414 9034 7294)
4(9037 1954 9038 5415)
4(9038 1954 9039 5416)
4(9039 1954 9037 5420)
4(393 5420 9037 5415)
4(393 5415 9038 5416)
4(393 5416 9039 5420)
4(9037 7295 9035 1954)
4(12286 7297 9037 1954)
4(886 4092 9035 7295)
4(886 7295 9037 7297)
4(9038 1954 9035 7300)
4(9038 7301 9036 1954)
4(887 7300 9035 4093)
4(887 4093 9036 7301)
4(887 7301 9038 7300)
4(9039 1954 9036 7302)
4(12286 1954 9039 7304)
4(888 7302 9036 4094)
4(888 7304 9039 7302)
4(1436 7295 9035 7300)
4(1436 5415 9037 7295)
4(1436 7300 9038 5415)
4(1474 7301 9036 7302)
4(1474 5416 9038 7301)
4(1474 7302 9039 5416)
4(1700 7297 9037 5420)
4(1700 5420 9039 7304)
4(9042 1955 9043 5421)
4(9043 1955 9044 5422)
4(9044 1955 9042 5426)
4(394 5426 9042 5421)
4(394 5421 9043 5422)
4(394 5422 9044 5426)
4(9042 7305 9040 1955)
4(12296 7307 9042 1955)
4(889 4097 9040 7305)
4(889 7305 9042 7307)
4(9043 1955 9040 7310)
4(9043 7311 9041 1955)
4(890 7310 9040 4098)
4(890 4098 9041 7311)
4(890 7311 9043 7310)
4(9044 1955 9041 7312)
4(12296 1955 9044 7314)
4(891 7312 9041 4099)
4(891 7314 9044 7312)
4(1439 7305 9040 7310)
4(1439 5421 9042 7305)
4(1439 7310 9043 5421)
4(1477 7311 9041 7312)
4(1477 5422 9043 7311)
4(1477 7312 9044 5422)
4(1710 7307 9042 5426)
4(1710 5426 9044 7314)
4(9047 1956 9048 5427)
4(9048 1956 9049 5428)
4(9049 1956 9047 5432)
4(395 5432 9047 5427)
4(395 5427 9048 5428)
4(395 5428 9049 5432)
4(9047 7315 9045 1956)
4(12306 7317 9047 1956)
4(892 4102 9045 7315)
4(892 7315 9047 7317)
4(9048 1956 9045 7320)
4(9048 7321 9046 1956)
4(893 7320 9045 4103)
4(893 4103 9046 7321)
4(893 7321 9048 7320)
4(9049 1956 9046 7322)
4(12306 1956 9049 7324)
4(894 7322 9046 4104)
4(894 7324 9049 7322)
4(1442 7315 9045 7320)
4(1442 5427 9047 7315)
4(1442 7320 9048 5427)
4(1480 7321 9046 7322)
4(1480 5428 9048 7321)
4(1480 7322 9049 5428)
4(1720 7317 9047 5432)
4(1720 5432 9049 7324)
4(9052 1957 9053 5433)
4(9053 1957 9054 5434)
4(9054 1957 9052 5438)
4(396 5438 9052 5433)
4(396 5433 9053 5434)
4(396 5434 9054 5438)
4(9052 7325 9050 1957)
4(12316 7327 9052 1957)
4(895 4107 9050 7325)
4(895 7325 9052 7327)
4(9053 1957 9050 7330)
4(9053 7331 9051 1957)
4(896 7330 9050 4108)
4(896 4108 9051 7331)
4(896 7331 9053 7330)
4(9054 1957 9051 7332)
4(12316 1957 9054 7334)
4(897 7332 9051 4109)
4(897 7334 9054 7332)
4(1445 7325 9050 7330)
4(1445 5433 9052 7325)
4(1445 7330 9053 5433)
4(1483 7331 9051 7332)
4(1483 5434 9053 7331)
4(1483 7332 9054 5434)
4(1730 7327 9052 5438)
4(1730 5438 9054 7334)
4(9057 1958 9058 5439)
4(9058 1958 9059 5440)
4(9059 1958 9057 5444)
4(397 5444 9057 5439)
4(397 5439 9058 5440)
4(397 5440 9059 5444)
4(9057 7335 9055 1958)
4(12326 7337 9057 1958)
4(898 4112 9055 7335)
4(898 7335 9057 7337)
4(9058 1958 9055 7340)
4(9058 7341 9056 1958)
4(899 7340 9055 4113)
4(899 4113 9056 7341)
4(899 7341 9058 7340)
4(9059 1958 9056 7342)
4(12326 1958 9059 7344)
4(900 7342 9056 4114)
4(900 7344 9059 7342)
4(1447 7335 9055 7340)
4(1447 5439 9057 7335)
4(1447 7340 9058 5439)
4(1486 7341 9056 7342)
4(1486 5440 9058 7341)
4(1486 7342 9059 5440)
4(1740 7337 9057 5444)
4(1740 5444 9059 7344)
4(9062 1959 9063 5445)
4(9063 1959 9064 5446)
4(9064 1959 9062 5450)
4(398 5450 9062 5445)
4(398 5445 9063 5446)
4(398 5446 9064 5450)
4(9062 7345 9060 1959)
4(12336 7347 9062 1959)
4(901 4117 9060 7345)
4(901 7345 9062 7347)
4(9063 1959 9060 7350)
4(9063 7351 9061 1959)
4(902 7350 9060 4118)
4(902 4118 9061 7351)
4(902 7351 9063 7350)
4(9064 1959 9061 7352)
4(12336 1959 9064 7354)
4(903 7352 9061 4119)
4(903 7354 9064 7352)
4(1449 7345 9060 7350)
4(1449 5445 9062 7345)
4(1449 7350 9063 5445)
4(1489 7351 9061 7352)
4(1489 5446 9063 7351)
4(1489 7352 9064 5446)
4(1750 7347 9062 5450)
4(1750 5450 9064 7354)
4(9067 1960 9068 5451)
4(9068 1960 9069 5452)
4(9069 1960 9067 5456)
4(399 5456 9067 5451)
4(399 5451 9068 5452)
4(399 5452 9069 5456)
4(9067 7355 9065 1960)
4(12346 7357 9067 1960)
4(904 4122 9065 7355)
4(904 7355 9067 7357)
4(9068 1960 9065 7360)
4(9068 7361 9066 1960)
4(905 7360 9065 4123)
4(905 4123 9066 7361)
4(905 7361 9068 7360)
4(9069 1960 9066 7362)
4(12346 1960 9069 7364)
4(906 7362 9066 4124)
4(906 7364 9069 7362)
4(1451 7355 9065 7360)
4(1451 5451 9067 7355)
4(1451 7360 9068 5451)
4(1491 7361 9066 7362)
4(1491 5452 9068 7361)
4(1491 7362 9069 5452)
4(1760 7357 9067 5456)
4(1760 5456 9069 7364)
4(9072 1961 9073 5457)
4(9073 1961 9074 5458)
4(9074 1961 9072 5461)
4(400 5461 9072 5457)
4(400 5458 9074 5461)
4(9072 7365 9070 1961)
4(12356 7367 9072 1961)
4(907 4127 9070 7365)
4(907 7365 9072 7367)
4(9073 1961 9070 7370)
4(9073 7371 9071 1961)
4(908 7370 9070 4128)
4(908 4128 9071 7371)
4(9074 1961 9071 7372)
4(12356 1961 9074 7374)
4(909 7372 9071 4129)
4(909 7374 9074 7372)
4(1453 7365 9070 7370)
4(1453 5457 9072 7365)
4(1493 7371 9071 7372)
4(1493 7372 9074 5458)
4(1770 7367 9072 5461)
4(1770 5461 9074 7374)
4(9077 1962 9078 5462)
4(9078 1962 9079 5463)
4(9079 1962 9077 5466)
4(401 5466 9077 5462)
4(401 5463 9079 5466)
4(9077 7375 9075 1962)
4(12366 7377 9077 1962)
4(910 4132 9075 7375)
4(910 7375 9077 7377)
4(9078 1962 9075 7380)
4(9078 7381 9076 1962)
4(911 7380 9075 4133)
4(911 4133 9076 7381)
4(9079 1962 9076 7382)
4(12366 1962 9079 7384)
4(912 7382 9076 4134)
4(912 7384 9079 7382)
4(1455 7375 9075 7380)
4(1455 5462 9077 7375)
4(1495 7381 9076 7382)
4(1495 7382 9079 5463)
4(1780 7377 9077 5466)
4(1780 5466 9079 7384)
3(7387 9081 1963)
3(913 9080 4138)
4(913 4138 9081 7387)
4(9082 1963 9081 7388)
4(914 7388 9081 4139)
4(914 7390 9082 7388)
4(1497 7387 9081 7388)
3(1497 7388 9082)
4(9088 1964 9086 7407)
4(919 4153 9085 7406)
4(919 7407 9086 4153)
4(919 7406 9088 7407)
4(9089 7410 9086 1964)
4(920 4155 9086 7410)
4(920 7411 9087 4155)
4(920 7410 9089 7411)
4(1466 7410 9086 7407)
4(1466 7407 9088 5467)
4(1466 5467 9089 7410)
4(9093 1965 9091 7415)
4(921 4159 9090 7414)
4(921 7415 9091 4159)
4(921 7414 9093 7415)
4(9094 7418 9091 1965)
4(922 4161 9091 7418)
4(922 7419 9092 4161)
4(922 7418 9094 7419)
4(1469 7418 9091 7415)
4(1469 7415 9093 5468)
4(1469 5468 9094 7418)
4(9098 1966 9096 7423)
4(923 4165 9095 7422)
4(923 7423 9096 4165)
4(923 7422 9098 7423)
4(9099 7426 9096 1966)
4(924 4167 9096 7426)
4(924 7427 9097 4167)
4(924 7426 9099 7427)
4(1472 7426 9096 7423)
4(1472 7423 9098 5469)
4(1472 5469 9099 7426)
4(9103 1967 9101 7431)
4(925 4171 9100 7430)
4(925 7431 9101 4171)
4(925 7430 9103 7431)
4(9104 7434 9101 1967)
4(926 4173 9101 7434)
4(926 7435 9102 4173)
4(926 7434 9104 7435)
4(1475 7434 9101 7431)
4(1475 7431 9103 5470)
4(1475 5470 9104 7434)
4(9108 1968 9106 7439)
4(927 4177 9105 7438)
4(927 7439 9106 4177)
4(927 7438 9108 7439)
4(9109 7442 9106 1968)
4(928 4179 9106 7442)
4(928 7443 9107 4179)
4(928 7442 9109 7443)
4(1478 7442 9106 7439)
4(1478 7439 9108 5471)
4(1478 5471 9109 7442)
4(9117 1969 9118 5474)
4(9118 1969 9119 5475)
4(9119 1969 9117 5479)
4(402 5479 9117 5474)
4(402 5474 9118 5475)
4(402 5475 9119 5479)
4(9117 7473 9115 1969)
4(12217 7475 9117 1969)
4(937 4204 9115 7473)
4(937 7473 9117 7475)
4(9118 1969 9115 7478)
4(9118 7479 9116 1969)
4(938 7478 9115 4205)
4(938 4205 9116 7479)
4(938 7479 9118 7478)
4(9119 1969 9116 7480)
4(12217 1969 9119 7482)
4(939 7480 9116 4206)
4(939 7482 9119 7480)
4(1458 7473 9115 7478)
4(1458 5474 9117 7473)
4(1458 7478 9118 5474)
4(1499 7479 9116 7480)
4(1499 5475 9118 7479)
4(1499 7480 9119 5475)
4(1631 7475 9117 5479)
4(1631 5479 9119 7482)
4(9122 1970 9123 5480)
4(9123 1970 9124 5481)
4(9124 1970 9122 5485)
4(403 5485 9122 5480)
4(403 5480 9123 5481)
4(403 5481 9124 5485)
4(9122 7483 9120 1970)
4(12227 7485 9122 1970)
4(940 4209 9120 7483)
4(940 7483 9122 7485)
4(9123 1970 9120 7488)
4(9123 7489 9121 1970)
4(941 7488 9120 4210)
4(941 4210 9121 7489)
4(941 7489 9123 7488)
4(9124 1970 9121 7490)
4(12227 1970 9124 7492)
4(942 7490 9121 4211)
4(942 7492 9124 7490)
4(1461 7483 9120 7488)
4(1461 5480 9122 7483)
4(1461 7488 9123 5480)
4(1500 7489 9121 7490)
4(1500 5481 9123 7489)
4(1500 7490 9124 5481)
4(1641 7485 9122 5485)
4(1641 5485 9124 7492)
4(9127 1971 9128 5486)
4(9128 1971 9129 5487)
4(9129 1971 9127 5491)
4(404 5491 9127 5486)
4(404 5486 9128 5487)
4(404 5487 9129 5491)
4(9127 7493 9125 1971)
4(12237 7495 9127 1971)
4(943 4214 9125 7493)
4(943 7493 9127 7495)
4(9128 1971 9125 7498)
4(9128 7499 9126 1971)
4(944 7498 9125 4215)
4(944 4215 9126 7499)
4(944 7499 9128 7498)
4(9129 1971 9126 7500)
4(12237 1971 9129 7502)
4(945 7500 9126 4216)
4(945 7502 9129 7500)
4(1464 7493 9125 7498)
4(1464 5486 9127 7493)
4(1464 7498 9128 5486)
4(1502 7499 9126 7500)
4(1502 5487 9128 7499)
4(1502 7500 9129 5487)
4(1651 7495 9127 5491)
4(1651 5491 9129 7502)
4(9132 1972 9133 5492)
4(9133 1972 9134 5493)
4(9134 1972 9132 5497)
4(405 5497 9132 5492)
4(405 5492 9133 5493)
4(405 5493 9134 5497)
4(9132 7503 9130 1972)
4(12247 7505 9132 1972)
4(946 4219 9130 7503)
4(946 7503 9132 7505)
4(9133 1972 9130 7508)
4(9133 7509 9131 1972)
4(947 7508 9130 4220)
4(947 4220 9131 7509)
4(947 7509 9133 7508)
4(9134 1972 9131 7510)
4(12247 1972 9134 7512)
4(948 7510 9131 4221)
4(948 7512 9134 7510)
4(1467 7503 9130 7508)
4(1467 5492 9132 7503)
4(1467 7508 9133 5492)
4(1505 7509 9131 7510)
4(1505 5493 9133 7509)
4(1505 7510 9134 5493)
4(1661 7505 9132 5497)
4(1661 5497 9134 7512)
4(9137 1973 9138 5498)
4(9138 1973 9139 5499)
4(9139 1973 9137 5503)
4(406 5503 9137 5498)
4(406 5498 9138 5499)
4(406 5499 9139 5503)
4(9137 7513 9135 1973)
4(12257 7515 9137 1973)
4(949 4224 9135 7513)
4(949 7513 9137 7515)
4(9138 1973 9135 7518)
4(9138 7519 9136 1973)
4(950 7518 9135 4225)
4(950 4225 9136 7519)
4(950 7519 9138 7518)
4(9139 1973 9136 7520)
4(12257 1973 9139 7522)
4(951 7520 9136 4226)
4(951 7522 9139 7520)
4(1470 7513 9135 7518)
4(1470 5498 9137 7513)
4(1470 7518 9138 5498)
4(1508 7519 9136 7520)
4(1508 5499 9138 7519)
4(1508 7520 9139 5499)
4(1671 7515 9137 5503)
4(1671 5503 9139 7522)
4(9142 1974 9143 5504)
4(9143 1974 9144 5505)
4(9144 1974 9142 5509)
4(407 5509 9142 5504)
4(407 5504 9143 5505)
4(407 5505 9144 5509)
4(9142 7523 9140 1974)
4(12267 7525 9142 1974)
4(952 4229 9140 7523)
4(952 7523 9142 7525)
4(9143 1974 9140 7528)
4(9143 7529 9141 1974)
4(953 7528 9140 4230)
4(953 4230 9141 7529)
4(953 7529 9143 7528)
4(9144 1974 9141 7530)
4(12267 1974 9144 7532)
4(954 7530 9141 4231)
4(954 7532 9144 7530)
4(1473 7523 9140 7528)
4(1473 5504 9142 7523)
4(1473 7528 9143 5504)
4(1511 7529 9141 7530)
4(1511 5505 9143 7529)
4(1511 7530 9144 5505)
4(1681 7525 9142 5509)
4(1681 5509 9144 7532)
4(9147 1975 9148 5510)
4(9148 1975 9149 5511)
4(9149 1975 9147 5515)
4(408 5515 9147 5510)
4(408 5510 9148 5511)
4(408 5511 9149 5515)
4(9147 7533 9145 1975)
4(12277 7535 9147 1975)
4(955 4234 9145 7533)
4(955 7533 9147 7535)
4(9148 1975 9145 7538)
4(9148 7539 9146 1975)
4(956 7538 9145 4235)
4(956 4235 9146 7539)
4(956 7539 9148 7538)
4(9149 1975 9146 7540)
4(12277 1975 9149 7542)
4(957 7540 9146 4236)
4(957 7542 9149 7540)
4(1476 7533 9145 7538)
4(1476 5510 9147 7533)
4(1476 7538 9148 5510)
4(1514 7539 9146 7540)
4(1514 5511 9148 7539)
4(1514 7540 9149 5511)
4(1691 7535 9147 5515)
4(1691 5515 9149 7542)
4(9152 1976 9153 5516)
4(9153 1976 9154 5517)
4(9154 1976 9152 5521)
4(409 5521 9152 5516)
4(409 5516 9153 5517)
4(409 5517 9154 5521)
4(9152 7543 9150 1976)
4(12287 7545 9152 1976)
4(958 4239 9150 7543)
4(958 7543 9152 7545)
4(9153 1976 9150 7548)
4(9153 7549 9151 1976)
4(959 7548 9150 4240)
4(959 4240 9151 7549)
4(959 7549 9153 7548)
4(9154 1976 9151 7550)
4(12287 1976 9154 7552)
4(960 7550 9151 4241)
4(960 7552 9154 7550)
4(1479 7543 9150 7548)
4(1479 5516 9152 7543)
4(1479 7548 9153 5516)
4(1517 7549 9151 7550)
4(1517 5517 9153 7549)
4(1517 7550 9154 5517)
4(1701 7545 9152 5521)
4(1701 5521 9154 7552)
4(9157 1977 9158 5522)
4(9158 1977 9159 5523)
4(9159 1977 9157 5527)
4(410 5527 9157 5522)
4(410 5522 9158 5523)
4(410 5523 9159 5527)
4(9157 7553 9155 1977)
4(12297 7555 9157 1977)
4(961 4244 9155 7553)
4(961 7553 9157 7555)
4(9158 1977 9155 7558)
4(9158 7559 9156 1977)
4(962 7558 9155 4245)
4(962 4245 9156 7559)
4(962 7559 9158 7558)
4(9159 1977 9156 7560)
4(12297 1977 9159 7562)
4(963 7560 9156 4246)
4(963 7562 9159 7560)
4(1482 7553 9155 7558)
4(1482 5522 9157 7553)
4(1482 7558 9158 5522)
4(1520 7559 9156 7560)
4(1520 5523 9158 7559)
4(1520 7560 9159 5523)
4(1711 7555 9157 5527)
4(1711 5527 9159 7562)
4(9162 1978 9163 5528)
4(9163 1978 9164 5529)
4(9164 1978 9162 5533)
4(411 5533 9162 5528)
4(411 5528 9163 5529)
4(411 5529 9164 5533)
4(9162 7563 9160 1978)
4(12307 7565 9162 1978)
4(964 4249 9160 7563)
4(964 7563 9162 7565)
4(9163 1978 9160 7568)
4(9163 7569 9161 1978)
4(965 7568 9160 4250)
4(965 4250 9161 7569)
4(965 7569 9163 7568)
4(9164 1978 9161 7570)
4(12307 1978 9164 7572)
4(966 7570 9161 4251)
4(966 7572 9164 7570)
4(1485 7563 9160 7568)
4(1485 5528 9162 7563)
4(1485 7568 9163 5528)
4(1523 7569 9161 7570)
4(1523 5529 9163 7569)
4(1523 7570 9164 5529)
4(1721 7565 9162 5533)
4(1721 5533 9164 7572)
4(9167 1979 9168 5534)
4(9168 1979 9169 5535)
4(9169 1979 9167 5539)
4(412 5539 9167 5534)
4(412 5534 9168 5535)
4(412 5535 9169 5539)
4(9167 7573 9165 1979)
4(12317 7575 9167 1979)
4(967 4254 9165 7573)
4(967 7573 9167 7575)
4(9168 1979 9165 7578)
4(9168 7579 9166 1979)
4(968 7578 9165 4255)
4(968 4255 9166 7579)
4(968 7579 9168 7578)
4(9169 1979 9166 7580)
4(12317 1979 9169 7582)
4(969 7580 9166 4256)
4(969 7582 9169 7580)
4(1488 7573 9165 7578)
4(1488 5534 9167 7573)
4(1488 7578 9168 5534)
4(1526 7579 9166 7580)
4(1526 5535 9168 7579)
4(1526 7580 9169 5535)
4(1731 7575 9167 5539)
4(1731 5539 9169 7582)
4(9172 1980 9173 5540)
4(9173 1980 9174 5541)
4(9174 1980 9172 5545)
4(413 5545 9172 5540)
4(413 5540 9173 5541)
4(413 5541 9174 5545)
4(9172 7583 9170 1980)
4(12327 7585 9172 1980)
4(970 4259 9170 7583)
4(970 7583 9172 7585)
4(9173 1980 9170 7588)
4(9173 7589 9171 1980)
4(971 7588 9170 4260)
4(971 4260 9171 7589)
4(971 7589 9173 7588)
4(9174 1980 9171 7590)
4(12327 1980 9174 7592)
4(972 7590 9171 4261)
4(972 7592 9174 7590)
4(1490 7583 9170 7588)
4(1490 5540 9172 7583)
4(1490 7588 9173 5540)
4(1529 7589 9171 7590)
4(1529 5541 9173 7589)
4(1529 7590 9174 5541)
4(1741 7585 9172 5545)
4(1741 5545 9174 7592)
4(9177 1981 9178 5546)
4(9178 1981 9179 5547)
4(9179 1981 9177 5551)
4(414 5551 9177 5546)
4(414 5546 9178 5547)
4(414 5547 9179 5551)
4(9177 7593 9175 1981)
4(12337 7595 9177 1981)
4(973 4264 9175 7593)
4(973 7593 9177 7595)
4(9178 1981 9175 7598)
4(9178 7599 9176 1981)
4(974 7598 9175 4265)
4(974 4265 9176 7599)
4(974 7599 9178 7598)
4(9179 1981 9176 7600)
4(12337 1981 9179 7602)
4(975 7600 9176 4266)
4(975 7602 9179 7600)
4(1492 7593 9175 7598)
4(1492 5546 9177 7593)
4(1492 7598 9178 5546)
4(1532 7599 9176 7600)
4(1532 5547 9178 7599)
4(1532 7600 9179 5547)
4(1751 7595 9177 5551)
4(1751 5551 9179 7602)
4(9182 1982 9183 5552)
4(9183 1982 9184 5553)
4(9184 1982 9182 5557)
4(415 5557 9182 5552)
4(415 5552 9183 5553)
4(415 5553 9184 5557)
4(9182 7603 9180 1982)
4(12347 7605 9182 1982)
4(976 4269 9180 7603)
4(976 7603 9182 7605)
4(9183 1982 9180 7608)
4(9183 7609 9181 1982)
4(977 7608 9180 4270)
4(977 4270 9181 7609)
4(977 7609 9183 7608)
4(9184 1982 9181 7610)
4(12347 1982 9184 7612)
4(978 7610 9181 4271)
4(978 7612 9184 7610)
4(1494 7603 9180 7608)
4(1494 5552 9182 7603)
4(1494 7608 9183 5552)
4(1534 7609 9181 7610)
4(1534 5553 9183 7609)
4(1534 7610 9184 5553)
4(1761 7605 9182 5557)
4(1761 5557 9184 7612)
4(9187 1983 9188 5558)
4(9188 1983 9189 5559)
4(9189 1983 9187 5562)
4(416 5562 9187 5558)
4(416 5559 9189 5562)
4(9187 7613 9185 1983)
4(12357 7615 9187 1983)
4(979 4274 9185 7613)
4(979 7613 9187 7615)
4(9188 1983 9185 7618)
4(9188 7619 9186 1983)
4(980 7618 9185 4275)
4(980 4275 9186 7619)
4(9189 1983 9186 7620)
4(12357 1983 9189 7622)
4(981 7620 9186 4276)
4(981 7622 9189 7620)
4(1496 7613 9185 7618)
4(1496 5558 9187 7613)
4(1536 7619 9186 7620)
4(1536 7620 9189 5559)
4(1771 7615 9187 5562)
4(1771 5562 9189 7622)
4(9192 1984 9193 5563)
4(9193 1984 9194 5564)
4(9194 1984 9192 5567)
4(417 5567 9192 5563)
4(417 5564 9194 5567)
4(9192 7623 9190 1984)
4(12367 7625 9192 1984)
4(982 4279 9190 7623)
4(982 7623 9192 7625)
4(9193 1984 9190 7628)
4(9193 7629 9191 1984)
4(983 7628 9190 4280)
4(983 4280 9191 7629)
4(9194 1984 9191 7630)
4(12367 1984 9194 7632)
4(984 7630 9191 4281)
4(984 7632 9194 7630)
4(1498 7623 9190 7628)
4(1498 5563 9192 7623)
4(1538 7629 9191 7630)
4(1538 7630 9194 5564)
4(1781 7625 9192 5567)
4(1781 5567 9194 7632)
3(7635 9196 1985)
3(985 9195 4285)
4(985 4285 9196 7635)
4(9197 1985 9196 7636)
4(986 7636 9196 4286)
4(986 7638 9197 7636)
4(1540 7635 9196 7636)
3(1540 7636 9197)
4(9203 1986 9201 7655)
4(991 4300 9200 7654)
4(991 7655 9201 4300)
4(991 7654 9203 7655)
4(9204 7658 9201 1986)
4(992 4302 9201 7658)
4(992 7659 9202 4302)
4(992 7658 9204 7659)
4(1509 7658 9201 7655)
4(1509 7655 9203 5568)
4(1509 5568 9204 7658)
4(9208 1987 9206 7663)
4(993 4306 9205 7662)
4(993 7663 9206 4306)
4(993 7662 9208 7663)
4(9209 7666 9206 1987)
4(994 4308 9206 7666)
4(994 7667 9207 4308)
4(994 7666 9209 7667)
4(1512 7666 9206 7663)
4(1512 7663 9208 5569)
4(1512 5569 9209 7666)
4(9213 1988 9211 7671)
4(995 4312 9210 7670)
4(995 7671 9211 4312)
4(995 7670 9213 7671)
4(9214 7674 9211 1988)
4(996 4314 9211 7674)
4(996 7675 9212 4314)
4(996 7674 9214 7675)
4(1515 7674 9211 7671)
4(1515 7671 9213 5570)
4(1515 5570 9214 7674)
4(9218 1989 9216 7679)
4(997 4318 9215 7678)
4(997 7679 9216 4318)
4(997 7678 9218 7679)
4(9219 7682 9216 1989)
4(998 4320 9216 7682)
4(998 7683 9217 4320)
4(998 7682 9219 7683)
4(1518 7682 9216 7679)
4(1518 7679 9218 5571)
4(1518 5571 9219 7682)
4(9223 1990 9221 7687)
4(999 4324 9220 7686)
4(999 7687 9221 4324)
4(999 7686 9223 7687)
4(9224 7690 9221 1990)
4(1000 4326 9221 7690)
4(1000 7691 9222 4326)
4(1000 7690 9224 7691)
4(1521 7690 9221 7687)
4(1521 7687 9223 5572)
4(1521 5572 9224 7690)
4(9232 1991 9233 5576)
4(9233 1991 9234 5577)
4(9234 1991 9232 5581)
4(418 5581 9232 5576)
4(418 5576 9233 5577)
4(418 5577 9234 5581)
4(9232 7721 9230 1991)
4(12218 7723 9232 1991)
4(1009 4351 9230 7721)
4(1009 7721 9232 7723)
4(9233 1991 9230 7726)
4(9233 7727 9231 1991)
4(1010 7726 9230 4352)
4(1010 4352 9231 7727)
4(1010 7727 9233 7726)
4(9234 1991 9231 7728)
4(12218 1991 9234 7730)
4(1011 7728 9231 4353)
4(1011 7730 9234 7728)
4(1501 7721 9230 7726)
4(1501 5576 9232 7721)
4(1501 7726 9233 5576)
4(1542 7727 9231 7728)
4(1542 5577 9233 7727)
4(1542 7728 9234 5577)
4(1632 7723 9232 5581)
4(1632 5581 9234 7730)
4(9237 1992 9238 5582)
4(9238 1992 9239 5583)
4(9239 1992 9237 5587)
4(419 5587 9237 5582)
4(419 5582 9238 5583)
4(419 5583 9239 5587)
4(9237 7731 9235 1992)
4(12228 7733 9237 1992)
4(1012 4356 9235 7731)
4(1012 7731 9237 7733)
4(9238 1992 9235 7736)
4(9238 7737 9236 1992)
4(1013 7736 9235 4357)
4(1013 4357 9236 7737)
4(1013 7737 9238 7736)
4(9239 1992 9236 7738)
4(12228 1992 9239 7740)
4(1014 7738 9236 4358)
4(1014 7740 9239 7738)
4(1504 7731 9235 7736)
4(1504 5582 9237 7731)
4(1504 7736 9238 5582)
4(1544 7737 9236 7738)
4(1544 5583 9238 7737)
4(1544 7738 9239 5583)
4(1642 7733 9237 5587)
4(1642 5587 9239 7740)
4(9242 1993 9243 5588)
4(9243 1993 9244 5589)
4(9244 1993 9242 5593)
4(420 5593 9242 5588)
4(420 5588 9243 5589)
4(420 5589 9244 5593)
4(9242 7741 9240 1993)
4(12238 7743 9242 1993)
4(1015 4361 9240 7741)
4(1015 7741 9242 7743)
4(9243 1993 9240 7746)
4(9243 7747 9241 1993)
4(1016 7746 9240 4362)
4(1016 4362 9241 7747)
4(1016 7747 9243 7746)
4(9244 1993 9241 7748)
4(12238 1993 9244 7750)
4(1017 7748 9241 4363)
4(1017 7750 9244 7748)
4(1507 7741 9240 7746)
4(1507 5588 9242 7741)
4(1507 7746 9243 5588)
4(1546 7747 9241 7748)
4(1546 5589 9243 7747)
4(1546 7748 9244 5589)
4(1652 7743 9242 5593)
4(1652 5593 9244 7750)
4(9247 1994 9248 5594)
4(9248 1994 9249 5595)
4(9249 1994 9247 5599)
4(421 5599 9247 5594)
4(421 5594 9248 5595)
4(421 5595 9249 5599)
4(9247 7751 9245 1994)
4(12248 7753 9247 1994)
4(1018 4366 9245 7751)
4(1018 7751 9247 7753)
4(9248 1994 9245 7756)
4(9248 7757 9246 1994)
4(1019 7756 9245 4367)
4(1019 4367 9246 7757)
4(1019 7757 9248 7756)
4(9249 1994 9246 7758)
4(12248 1994 9249 7760)
4(1020 7758 9246 4368)
4(1020 7760 9249 7758)
4(1510 7751 9245 7756)
4(1510 5594 9247 7751)
4(1510 7756 9248 5594)
4(1549 7757 9246 7758)
4(1549 5595 9248 7757)
4(1549 7758 9249 5595)
4(1662 7753 9247 5599)
4(1662 5599 9249 7760)
4(9252 1995 9253 5600)
4(9253 1995 9254 5601)
4(9254 1995 9252 5605)
4(422 5605 9252 5600)
4(422 5600 9253 5601)
4(422 5601 9254 5605)
4(9252 7761 9250 1995)
4(12258 7763 9252 1995)
4(1021 4371 9250 7761)
4(1021 7761 9252 7763)
4(9253 1995 9250 7766)
4(9253 7767 9251 1995)
4(1022 7766 9250 4372)
4(1022 4372 9251 7767)
4(1022 7767 9253 7766)
4(9254 1995 9251 7768)
4(12258 1995 9254 7770)
4(1023 7768 9251 4373)
4(1023 7770 9254 7768)
4(1513 7761 9250 7766)
4(1513 5600 9252 7761)
4(1513 7766 9253 5600)
4(1552 7767 9251 7768)
4(1552 5601 9253 7767)
4(1552 7768 9254 5601)
4(1672 7763 9252 5605)
4(1672 5605 9254 7770)
4(9257 1996 9258 5606)
4(9258 1996 9259 5607)
4(9259 1996 9257 5611)
4(423 5611 9257 5606)
4(423 5606 9258 5607)
4(423 5607 9259 5611)
4(9257 7771 9255 1996)
4(12268 7773 9257 1996)
4(1024 4376 9255 7771)
4(1024 7771 9257 7773)
4(9258 1996 9255 7776)
4(9258 7777 9256 1996)
4(1025 7776 9255 4377)
4(1025 4377 9256 7777)
4(1025 7777 9258 7776)
4(9259 1996 9256 7778)
4(12268 1996 9259 7780)
4(1026 7778 9256 4378)
4(1026 7780 9259 7778)
4(1516 7771 9255 7776)
4(1516 5606 9257 7771)
4(1516 7776 9258 5606)
4(1555 7777 9256 7778)
4(1555 5607 9258 7777)
4(1555 7778 9259 5607)
4(1682 7773 9257 5611)
4(1682 5611 9259 7780)
4(9262 1997 9263 5612)
4(9263 1997 9264 5613)
4(9264 1997 9262 5617)
4(424 5617 9262 5612)
4(424 5612 9263 5613)
4(424 5613 9264 5617)
4(9262 7781 9260 1997)
4(12278 7783 9262 1997)
4(1027 4381 9260 7781)
4(1027 7781 9262 7783)
4(9263 1997 9260 7786)
4(9263 7787 9261 1997)
4(1028 7786 9260 4382)
4(1028 4382 9261 7787)
4(1028 7787 9263 7786)
4(9264 1997 9261 7788)
4(12278 1997 9264 7790)
4(1029 7788 9261 4383)
4(1029 7790 9264 7788)
4(1519 7781 9260 7786)
4(1519 5612 9262 7781)
4(1519 7786 9263 5612)
4(1558 7787 9261 7788)
4(1558 5613 9263 7787)
4(1558 7788 9264 5613)
4(1692 7783 9262 5617)
4(1692 5617 9264 7790)
4(9267 1998 9268 5618)
4(9268 1998 9269 5619)
4(9269 1998 9267 5623)
4(425 5623 9267 5618)
4(425 5618 9268 5619)
4(425 5619 9269 5623)
4(9267 7791 9265 1998)
4(12288 7793 9267 1998)
4(1030 4386 9265 7791)
4(1030 7791 9267 7793)
4(9268 1998 9265 7796)
4(9268 7797 9266 1998)
4(1031 7796 9265 4387)
4(1031 4387 9266 7797)
4(1031 7797 9268 7796)
4(9269 1998 9266 7798)
4(12288 1998 9269 7800)
4(1032 7798 9266 4388)
4(1032 7800 9269 7798)
4(1522 7791 9265 7796)
4(1522 5618 9267 7791)
4(1522 7796 9268 5618)
4(1561 7797 9266 7798)
4(1561 5619 9268 7797)
4(1561 7798 9269 5619)
4(1702 7793 9267 5623)
4(1702 5623 9269 7800)
4(9272 1999 9273 5624)
4(9273 1999 9274 5625)
4(9274 1999 9272 5629)
4(426 5629 9272 5624)
4(426 5624 9273 5625)
4(426 5625 9274 5629)
4(9272 7801 9270 1999)
4(12298 7803 9272 1999)
4(1033 4391 9270 7801)
4(1033 7801 9272 7803)
4(9273 1999 9270 7806)
4(9273 7807 9271 1999)
4(1034 7806 9270 4392)
4(1034 4392 9271 7807)
4(1034 7807 9273 7806)
4(9274 1999 9271 7808)
4(12298 1999 9274 7810)
4(1035 7808 9271 4393)
4(1035 7810 9274 7808)
4(1525 7801 9270 7806)
4(1525 5624 9272 7801)
4(1525 7806 9273 5624)
4(1564 7807 9271 7808)
4(1564 5625 9273 7807)
4(1564 7808 9274 5625)
4(1712 7803 9272 5629)
4(1712 5629 9274 7810)
4(9277 2000 9278 5630)
4(9278 2000 9279 5631)
4(9279 2000 9277 5635)
4(427 5635 9277 5630)
4(427 5630 9278 5631)
4(427 5631 9279 5635)
4(9277 7811 9275 2000)
4(12308 7813 9277 2000)
4(1036 4396 9275 7811)
4(1036 7811 9277 7813)
4(9278 2000 9275 7816)
4(9278 7817 9276 2000)
4(1037 7816 9275 4397)
4(1037 4397 9276 7817)
4(1037 7817 9278 7816)
4(9279 2000 9276 7818)
4(12308 2000 9279 7820)
4(1038 7818 9276 4398)
4(1038 7820 9279 7818)
4(1528 7811 9275 7816)
4(1528 5630 9277 7811)
4(1528 7816 9278 5630)
4(1567 7817 9276 7818)
4(1567 5631 9278 7817)
4(1567 7818 9279 5631)
4(1722 7813 9277 5635)
4(1722 5635 9279 7820)
4(9282 2001 9283 5636)
4(9283 2001 9284 5637)
4(9284 2001 9282 5641)
4(428 5641 9282 5636)
4(428 5636 9283 5637)
4(428 5637 9284 5641)
4(9282 7821 9280 2001)
4(12318 7823 9282 2001)
4(1039 4401 9280 7821)
4(1039 7821 9282 7823)
4(9283 2001 9280 7826)
4(9283 7827 9281 2001)
4(1040 7826 9280 4402)
4(1040 4402 9281 7827)
4(1040 7827 9283 7826)
4(9284 2001 9281 7828)
4(12318 2001 9284 7830)
4(1041 7828 9281 4403)
4(1041 7830 9284 7828)
4(1531 7821 9280 7826)
4(1531 5636 9282 7821)
4(1531 7826 9283 5636)
4(1570 7827 9281 7828)
4(1570 5637 9283 7827)
4(1570 7828 9284 5637)
4(1732 7823 9282 5641)
4(1732 5641 9284 7830)
4(9287 2002 9288 5642)
4(9288 2002 9289 5643)
4(9289 2002 9287 5647)
4(429 5647 9287 5642)
4(429 5642 9288 5643)
4(429 5643 9289 5647)
4(9287 7831 9285 2002)
4(12328 7833 9287 2002)
4(1042 4406 9285 7831)
4(1042 7831 9287 7833)
4(9288 2002 9285 7836)
4(9288 7837 9286 2002)
4(1043 7836 9285 4407)
4(1043 4407 9286 7837)
4(1043 7837 9288 7836)
4(9289 2002 9286 7838)
4(12328 2002 9289 7840)
4(1044 7838 9286 4408)
4(1044 7840 9289 7838)
4(1533 7831 9285 7836)
4(1533 5642 9287 7831)
4(1533 7836 9288 5642)
4(1573 7837 9286 7838)
4(1573 5643 9288 7837)
4(1573 7838 9289 5643)
4(1742 7833 9287 5647)
4(1742 5647 9289 7840)
4(9292 2003 9293 5648)
4(9293 2003 9294 5649)
4(9294 2003 9292 5653)
4(430 5653 9292 5648)
4(430 5648 9293 5649)
4(430 5649 9294 5653)
4(9292 7841 9290 2003)
4(12338 7843 9292 2003)
4(1045 4411 9290 7841)
4(1045 7841 9292 7843)
4(9293 2003 9290 7846)
4(9293 7847 9291 2003)
4(1046 7846 9290 4412)
4(1046 4412 9291 7847)
4(1046 7847 9293 7846)
4(9294 2003 9291 7848)
4(12338 2003 9294 7850)
4(1047 7848 9291 4413)
4(1047 7850 9294 7848)
4(1535 7841 9290 7846)
4(1535 5648 9292 7841)
4(1535 7846 9293 5648)
4(1576 7847 9291 7848)
4(1576 5649 9293 7847)
4(1576 7848 9294 5649)
4(1752 7843 9292 5653)
4(1752 5653 9294 7850)
4(9297 2004 9298 5654)
4(9298 2004 9299 5655)
4(9299 2004 9297 5659)
4(431 5659 9297 5654)
4(431 5654 9298 5655)
4(431 5655 9299 5659)
4(9297 7851 9295 2004)
4(12348 7853 9297 2004)
4(1048 4416 9295 7851)
4(1048 7851 9297 7853)
4(9298 2004 9295 7856)
4(9298 7857 9296 2004)
4(1049 7856 9295 4417)
4(1049 4417 9296 7857)
4(1049 7857 9298 7856)
4(9299 2004 9296 7858)
4(12348 2004 9299 7860)
4(1050 7858 9296 4418)
4(1050 7860 9299 7858)
4(1537 7851 9295 7856)
4(1537 5654 9297 7851)
4(1537 7856 9298 5654)
4(1578 7857 9296 7858)
4(1578 5655 9298 7857)
4(1578 7858 9299 5655)
4(1762 7853 9297 5659)
4(1762 5659 9299 7860)
4(9302 2005 9303 5660)
4(9303 2005 9304 5661)
4(9304 2005 9302 5664)
4(432 5664 9302 5660)
4(432 5661 9304 5664)
4(9302 7861 9300 2005)
4(12358 7863 9302 2005)
4(1051 4421 9300 7861)
4(1051 7861 9302 7863)
4(9303 2005 9300 7866)
4(9303 7867 9301 2005)
4(1052 7866 9300 4422)
4(1052 4422 9301 7867)
4(9304 2005 9301 7868)
4(12358 2005 9304 7870)
4(1053 7868 9301 4423)
4(1053 7870 9304 7868)
4(1539 7861 9300 7866)
4(1539 5660 9302 7861)
4(1580 7867 9301 7868)
4(1580 7868 9304 5661)
4(1772 7863 9302 5664)
4(1772 5664 9304 7870)
4(9307 2006 9308 5665)
4(9308 2006 9309 5666)
4(9309 2006 9307 5669)
4(433 5669 9307 5665)
4(433 5666 9309 5669)
4(9307 7871 9305 2006)
4(12368 7873 9307 2006)
4(1054 4426 9305 7871)
4(1054 7871 9307 7873)
4(9308 2006 9305 7876)
4(9308 7877 9306 2006)
4(1055 7876 9305 4427)
4(1055 4427 9306 7877)
4(9309 2006 9306 7878)
4(12368 2006 9309 7880)
4(1056 7878 9306 4428)
4(1056 7880 9309 7878)
4(1541 7871 9305 7876)
4(1541 5665 9307 7871)
4(1582 7877 9306 7878)
4(1582 7878 9309 5666)
4(1782 7873 9307 5669)
4(1782 5669 9309 7880)
3(7883 9311 2007)
3(1057 9310 4432)
4(1057 4432 9311 7883)
4(9312 2007 9311 7884)
4(1058 7884 9311 4433)
4(1058 7886 9312 7884)
4(1584 7883 9311 7884)
3(1584 7884 9312)
4(9318 2008 9316 7903)
4(1063 4447 9315 7902)
4(1063 7903 9316 4447)
4(1063 7902 9318 7903)
4(9319 7906 9316 2008)
4(1064 4449 9316 7906)
4(1064 7907 9317 4449)
4(1064 7906 9319 7907)
4(1553 7906 9316 7903)
4(1553 7903 9318 5670)
4(1553 5670 9319 7906)
4(9323 2009 9321 7911)
4(1065 4453 9320 7910)
4(1065 7911 9321 4453)
4(1065 7910 9323 7911)
4(9324 7914 9321 2009)
4(1066 4455 9321 7914)
4(1066 7915 9322 4455)
4(1066 7914 9324 7915)
4(1556 7914 9321 7911)
4(1556 7911 9323 5671)
4(1556 5671 9324 7914)
4(9328 2010 9326 7919)
4(1067 4459 9325 7918)
4(1067 7919 9326 4459)
4(1067 7918 9328 7919)
4(9329 7922 9326 2010)
4(1068 4461 9326 7922)
4(1068 7923 9327 4461)
4(1068 7922 9329 7923)
4(1559 7922 9326 7919)
4(1559 7919 9328 5672)
4(1559 5672 9329 7922)
4(9333 2011 9331 7927)
4(1069 4465 9330 7926)
4(1069 7927 9331 4465)
4(1069 7926 9333 7927)
4(9334 7930 9331 2011)
4(1070 4467 9331 7930)
4(1070 7931 9332 4467)
4(1070 7930 9334 7931)
4(1562 7930 9331 7927)
4(1562 7927 9333 5673)
4(1562 5673 9334 7930)
4(9338 2012 9336 7935)
4(1071 4471 9335 7934)
4(1071 7935 9336 4471)
4(1071 7934 9338 7935)
4(9339 7938 9336 2012)
4(1072 4473 9336 7938)
4(1072 7939 9337 4473)
4(1072 7938 9339 7939)
4(1565 7938 9336 7935)
4(1565 7935 9338 5674)
4(1565 5674 9339 7938)
4(9347 2013 9348 5679)
4(9348 2013 9349 5680)
4(9349 2013 9347 5683)
4(435 5683 9347 5679)
4(435 5679 9348 5680)
4(435 5680 9349 5683)
4(9347 7969 9345 2013)
4(12219 7971 9347 2013)
4(1081 4498 9345 7969)
4(1081 7969 9347 7971)
4(9348 2013 9345 7974)
4(9348 7975 9346 2013)
4(1082 7974 9345 4499)
4(1082 4499 9346 7975)
4(1082 7975 9348 7974)
4(9349 2013 9346 7976)
4(12219 2013 9349 7978)
4(1083 7976 9346 4500)
4(1083 7978 9349 7976)
4(1545 7969 9345 7974)
4(1545 5679 9347 7969)
4(1545 7974 9348 5679)
4(1586 7975 9346 7976)
4(1586 5680 9348 7975)
4(1586 7976 9349 5680)
4(1633 7971 9347 5683)
4(1633 5683 9349 7978)
4(9352 2014 9353 5685)
4(9353 2014 9354 5686)
4(9354 2014 9352 5689)
4(436 5689 9352 5685)
4(436 5685 9353 5686)
4(436 5686 9354 5689)
4(9352 7979 9350 2014)
4(12229 7981 9352 2014)
4(1084 4503 9350 7979)
4(1084 7979 9352 7981)
4(9353 2014 9350 7984)
4(9353 7985 9351 2014)
4(1085 7984 9350 4504)
4(1085 4504 9351 7985)
4(1085 7985 9353 7984)
4(9354 2014 9351 7986)
4(12229 2014 9354 7988)
4(1086 7986 9351 4505)
4(1086 7988 9354 7986)
4(1548 7979 9350 7984)
4(1548 5685 9352 7979)
4(1548 7984 9353 5685)
4(1587 7985 9351 7986)
4(1587 5686 9353 7985)
4(1587 7986 9354 5686)
4(1643 7981 9352 5689)
4(1643 5689 9354 7988)
4(9357 2015 9358 5691)
4(9358 2015 9359 5692)
4(9359 2015 9357 5695)
4(437 5695 9357 5691)
4(437 5691 9358 5692)
4(437 5692 9359 5695)
4(9357 7989 9355 2015)
4(12239 7991 9357 2015)
4(1087 4508 9355 7989)
4(1087 7989 9357 7991)
4(9358 2015 9355 7994)
4(9358 7995 9356 2015)
4(1088 7994 9355 4509)
4(1088 4509 9356 7995)
4(1088 7995 9358 7994)
4(9359 2015 9356 7996)
4(12239 2015 9359 7998)
4(1089 7996 9356 4510)
4(1089 7998 9359 7996)
4(1551 7989 9355 7994)
4(1551 5691 9357 7989)
4(1551 7994 9358 5691)
4(1588 7995 9356 7996)
4(1588 5692 9358 7995)
4(1588 7996 9359 5692)
4(1653 7991 9357 5695)
4(1653 5695 9359 7998)
4(9362 2016 9363 5697)
4(9363 2016 9364 5698)
4(9364 2016 9362 5701)
4(438 5701 9362 5697)
4(438 5697 9363 5698)
4(438 5698 9364 5701)
4(9362 7999 9360 2016)
4(12249 8001 9362 2016)
4(1090 4513 9360 7999)
4(1090 7999 9362 8001)
4(9363 2016 9360 8004)
4(9363 8005 9361 2016)
4(1091 8004 9360 4514)
4(1091 4514 9361 8005)
4(1091 8005 9363 8004)
4(9364 2016 9361 8006)
4(12249 2016 9364 8008)
4(1092 8006 9361 4515)
4(1092 8008 9364 8006)
4(1554 7999 9360 8004)
4(1554 5697 9362 7999)
4(1554 8004 9363 5697)
4(1590 8005 9361 8006)
4(1590 5698 9363 8005)
4(1590 8006 9364 5698)
4(1663 8001 9362 5701)
4(1663 5701 9364 8008)
4(9367 2017 9368 5703)
4(9368 2017 9369 5704)
4(9369 2017 9367 5707)
4(439 5707 9367 5703)
4(439 5703 9368 5704)
4(439 5704 9369 5707)
4(9367 8009 9365 2017)
4(12259 8011 9367 2017)
4(1093 4518 9365 8009)
4(1093 8009 9367 8011)
4(9368 2017 9365 8014)
4(9368 8015 9366 2017)
4(1094 8014 9365 4519)
4(1094 4519 9366 8015)
4(1094 8015 9368 8014)
4(9369 2017 9366 8016)
4(12259 2017 9369 8018)
4(1095 8016 9366 4520)
4(1095 8018 9369 8016)
4(1557 8009 9365 8014)
4(1557 5703 9367 8009)
4(1557 8014 9368 5703)
4(1592 8015 9366 8016)
4(1592 5704 9368 8015)
4(1592 8016 9369 5704)
4(1673 8011 9367 5707)
4(1673 5707 9369 8018)
4(9372 2018 9373 5709)
4(9373 2018 9374 5710)
4(9374 2018 9372 5713)
4(440 5713 9372 5709)
4(440 5709 9373 5710)
4(440 5710 9374 5713)
4(9372 8019 9370 2018)
4(12269 8021 9372 2018)
4(1096 4523 9370 8019)
4(1096 8019 9372 8021)
4(9373 2018 9370 8024)
4(9373 8025 9371 2018)
4(1097 8024 9370 4524)
4(1097 4524 9371 8025)
4(1097 8025 9373 8024)
4(9374 2018 9371 8026)
4(12269 2018 9374 8028)
4(1098 8026 9371 4525)
4(1098 8028 9374 8026)
4(1560 8019 9370 8024)
4(1560 5709 9372 8019)
4(1560 8024 9373 5709)
4(1594 8025 9371 8026)
4(1594 5710 9373 8025)
4(1594 8026 9374 5710)
4(1683 8021 9372 5713)
4(1683 5713 9374 8028)
4(9377 2019 9378 5715)
4(9378 2019 9379 5716)
4(9379 2019 9377 5719)
4(441 5719 9377 5715)
4(441 5715 9378 5716)
4(441 5716 9379 5719)
4(9377 8029 9375 2019)
4(12279 8031 9377 2019)
4(1099 4528 9375 8029)
4(1099 8029 9377 8031)
4(9378 2019 9375 8034)
4(9378 8035 9376 2019)
4(1100 8034 9375 4529)
4(1100 4529 9376 8035)
4(1100 8035 9378 8034)
4(9379 2019 9376 8036)
4(12279 2019 9379 8038)
4(1101 8036 9376 4530)
4(1101 8038 9379 8036)
4(1563 8029 9375 8034)
4(1563 5715 9377 8029)
4(1563 8034 9378 5715)
4(1596 8035 9376 8036)
4(1596 5716 9378 8035)
4(1596 8036 9379 5716)
4(1693 8031 9377 5719)
4(1693 5719 9379 8038)
4(9382 2020 9383 5721)
4(9383 2020 9384 5722)
4(9384 2020 9382 5725)
4(442 5725 9382 5721)
4(442 5721 9383 5722)
4(442 5722 9384 5725)
4(9382 8039 9380 2020)
4(12289 8041 9382 2020)
4(1102 4533 9380 8039)
4(1102 8039 9382 8041)
4(9383 2020 9380 8044)
4(9383 8045 9381 2020)
4(1103 8044 9380 4534)
4(1103 4534 9381 8045)
4(1103 8045 9383 8044)
4(9384 2020 9381 8046)
4(12289 2020 9384 8048)
4(1104 8046 9381 4535)
4(1104 8048 9384 8046)
4(1566 8039 9380 8044)
4(1566 5721 9382 8039)
4(1566 8044 9383 5721)
4(1598 8045 9381 8046)
4(1598 5722 9383 8045)
4(1598 8046 9384 5722)
4(1703 8041 9382 5725)
4(1703 5725 9384 8048)
4(9387 2021 9388 5727)
4(9388 2021 9389 5728)
4(9389 2021 9387 5731)
4(443 5731 9387 5727)
4(443 5727 9388 5728)
4(443 5728 9389 5731)
4(9387 8049 9385 2021)
4(12299 8051 9387 2021)
4(1105 4538 9385 8049)
4(1105 8049 9387 8051)
4(9388 2021 9385 8054)
4(9388 8055 9386 2021)
4(1106 8054 9385 4539)
4(1106 4539 9386 8055)
4(1106 8055 9388 8054)
4(9389 2021 9386 8056)
4(12299 2021 9389 8058)
4(1107 8056 9386 4540)
4(1107 8058 9389 8056)
4(1569 8049 9385 8054)
4(1569 5727 9387 8049)
4(1569 8054 9388 5727)
4(1600 8055 9386 8056)
4(1600 5728 9388 8055)
4(1600 8056 9389 5728)
4(1713 8051 9387 5731)
4(1713 5731 9389 8058)
4(9392 2022 9393 5733)
4(9393 2022 9394 5734)
4(9394 2022 9392 5737)
4(444 5737 9392 5733)
4(444 5733 9393 5734)
4(444 5734 9394 5737)
4(9392 8059 9390 2022)
4(12309 8061 9392 2022)
4(1108 4543 9390 8059)
4(1108 8059 9392 8061)
4(9393 2022 9390 8064)
4(9393 8065 9391 2022)
4(1109 8064 9390 4544)
4(1109 4544 9391 8065)
4(1109 8065 9393 8064)
4(9394 2022 9391 8066)
4(12309 2022 9394 8068)
4(1110 8066 9391 4545)
4(1110 8068 9394 8066)
4(1572 8059 9390 8064)
4(1572 5733 9392 8059)
4(1572 8064 9393 5733)
4(1602 8065 9391 8066)
4(1602 5734 9393 8065)
4(1602 8066 9394 5734)
4(1723 8061 9392 5737)
4(1723 5737 9394 8068)
4(9397 2023 9398 5739)
4(9398 2023 9399 5740)
4(9399 2023 9397 5743)
4(445 5743 9397 5739)
4(445 5739 9398 5740)
4(445 5740 9399 5743)
4(9397 8069 9395 2023)
4(12319 8071 9397 2023)
4(1111 4548 9395 8069)
4(1111 8069 9397 8071)
4(9398 2023 9395 8074)
4(9398 8075 9396 2023)
4(1112 8074 9395 4549)
4(1112 4549 9396 8075)
4(1112 8075 9398 8074)
4(9399 2023 9396 8076)
4(12319 2023 9399 8078)
4(1113 8076 9396 4550)
4(1113 8078 9399 8076)
4(1575 8069 9395 8074)
4(1575 5739 9397 8069)
4(1575 8074 9398 5739)
4(1604 8075 9396 8076)
4(1604 5740 9398 8075)
4(1604 8076 9399 5740)
4(1733 8071 9397 5743)
4(1733 5743 9399 8078)
4(9402 2024 9403 5745)
4(9403 2024 9404 5746)
4(9404 2024 9402 5749)
4(446 5749 9402 5745)
4(446 5745 9403 5746)
4(446 5746 9404 5749)
4(9402 8079 9400 2024)
4(12329 8081 9402 2024)
4(1114 4553 9400 8079)
4(1114 8079 9402 8081)
4(9403 2024 9400 8084)
4(9403 8085 9401 2024)
4(1115 8084 9400 4554)
4(1115 4554 9401 8085)
4(1115 8085 9403 8084)
4(9404 2024 9401 8086)
4(12329 2024 9404 8088)
4(1116 8086 9401 4555)
4(1116 8088 9404 8086)
4(1577 8079 9400 8084)
4(1577 5745 9402 8079)
4(1577 8084 9403 5745)
4(1606 8085 9401 8086)
4(1606 5746 9403 8085)
4(1606 8086 9404 5746)
4(1743 8081 9402 5749)
4(1743 5749 9404 8088)
4(9407 2025 9408 5751)
4(9408 2025 9409 5752)
4(9409 2025 9407 5755)
4(447 5755 9407 5751)
4(447 5751 9408 5752)
4(447 5752 9409 5755)
4(9407 8089 9405 2025)
4(12339 8091 9407 2025)
4(1117 4558 9405 8089)
4(1117 8089 9407 8091)
4(9408 2025 9405 8094)
4(9408 8095 9406 2025)
4(1118 8094 9405 4559)
4(1118 4559 9406 8095)
4(1118 8095 9408 8094)
4(9409 2025 9406 8096)
4(12339 2025 9409 8098)
4(1119 8096 9406 4560)
4(1119 8098 9409 8096)
4(1579 8089 9405 8094)
4(1579 5751 9407 8089)
4(1579 8094 9408 5751)
4(1608 8095 9406 8096)
4(1608 5752 9408 8095)
4(1608 8096 9409 5752)
4(1753 8091 9407 5755)
4(1753 5755 9409 8098)
4(9412 2026 9413 5757)
4(9413 2026 9414 5758)
4(9414 2026 9412 5761)
4(448 5761 9412 5757)
4(448 5757 9413 5758)
4(448 5758 9414 5761)
4(9412 8099 9410 2026)
4(12349 8101 9412 2026)
4(1120 4563 9410 8099)
4(1120 8099 9412 8101)
4(9413 2026 9410 8104)
4(9413 8105 9411 2026)
4(1121 8104 9410 4564)
4(1121 4564 9411 8105)
4(1121 8105 9413 8104)
4(9414 2026 9411 8106)
4(12349 2026 9414 8108)
4(1122 8106 9411 4565)
4(1122 8108 9414 8106)
4(1581 8099 9410 8104)
4(1581 5757 9412 8099)
4(1581 8104 9413 5757)
4(1610 8105 9411 8106)
4(1610 5758 9413 8105)
4(1610 8106 9414 5758)
4(1763 8101 9412 5761)
4(1763 5761 9414 8108)
4(9417 2027 9418 5763)
4(9418 2027 9419 5764)
4(9419 2027 9417 5766)
4(449 5766 9417 5763)
4(449 5764 9419 5766)
4(9417 8109 9415 2027)
4(12359 8111 9417 2027)
4(1123 4568 9415 8109)
4(1123 8109 9417 8111)
4(9418 2027 9415 8114)
4(9418 8115 9416 2027)
4(1124 8114 9415 4569)
4(1124 4569 9416 8115)
4(9419 2027 9416 8116)
4(12359 2027 9419 8118)
4(1125 8116 9416 4570)
4(1125 8118 9419 8116)
4(1583 8109 9415 8114)
4(1583 5763 9417 8109)
4(1611 8115 9416 8116)
4(1611 8116 9419 5764)
4(1773 8111 9417 5766)
4(1773 5766 9419 8118)
4(9422 2028 9423 5768)
4(9423 2028 9424 5769)
4(9424 2028 9422 5771)
4(450 5771 9422 5768)
4(450 5769 9424 5771)
4(9422 8119 9420 2028)
4(12369 8121 9422 2028)
4(1126 4573 9420 8119)
4(1126 8119 9422 8121)
4(9423 2028 9420 8124)
4(9423 8125 9421 2028)
4(1127 8124 9420 4574)
4(1127 4574 9421 8125)
4(9424 2028 9421 8126)
4(12369 2028 9424 8128)
4(1128 8126 9421 4575)
4(1128 8128 9424 8126)
4(1585 8119 9420 8124)
4(1585 5768 9422 8119)
4(1612 8125 9421 8126)
4(1612 8126 9424 5769)
4(1783 8121 9422 5771)
4(1783 5771 9424 8128)
4(9427 8131 9426 2029)
3(1129 9425 4579)
4(1129 4579 9426 8131)
4(9428 2029 9426 8132)
4(1130 8132 9426 4580)
4(1130 8134 9428 8132)
4(1613 8131 9426 8132)
4(1613 8132 9428 5773)
4(9434 2030 9432 8152)
4(1135 4594 9431 8151)
4(1135 8152 9432 4594)
4(1135 8151 9434 8152)
4(9435 8155 9432 2030)
4(1136 4596 9432 8155)
4(1136 8156 9433 4596)
4(1136 8155 9435 8156)
4(1593 8155 9432 8152)
4(1593 8152 9434 5774)
4(1593 5774 9435 8155)
4(9439 2031 9437 8160)
4(1137 4600 9436 8159)
4(1137 8160 9437 4600)
4(1137 8159 9439 8160)
4(9440 8163 9437 2031)
4(1138 4602 9437 8163)
4(1138 8164 9438 4602)
4(1138 8163 9440 8164)
4(1595 8163 9437 8160)
4(1595 8160 9439 5775)
4(1595 5775 9440 8163)
4(9444 2032 9442 8168)
4(1139 4606 9441 8167)
4(1139 8168 9442 4606)
4(1139 8167 9444 8168)
4(9445 8171 9442 2032)
4(1140 4608 9442 8171)
4(1140 8172 9443 4608)
4(1140 8171 9445 8172)
4(1597 8171 9442 8168)
4(1597 8168 9444 5776)
4(1597 5776 9445 8171)
4(9449 2033 9447 8176)
4(1141 4612 9446 8175)
4(1141 8176 9447 4612)
4(1141 8175 9449 8176)
4(9450 8179 9447 2033)
4(1142 4614 9447 8179)
4(1142 8180 9448 4614)
4(1142 8179 9450 8180)
4(1599 8179 9447 8176)
4(1599 8176 9449 5777)
4(1599 5777 9450 8179)
4(9454 2034 9452 8184)
4(1143 4618 9451 8183)
4(1143 8184 9452 4618)
4(1143 8183 9454 8184)
4(9455 8187 9452 2034)
4(1144 4620 9452 8187)
4(1144 8188 9453 4620)
4(1144 8187 9455 8188)
4(1601 8187 9452 8184)
4(1601 8184 9454 5778)
4(1601 5778 9455 8187)
4(9461 2035 9460 4762)
4(8330 2035 9461 4764)
3(9460 2035 8330)
4(289 4764 9461 4762)
4(12380 2035 8330 5779)
3(12912 8330 2035)
4(9460 2035 8331 5782)
4(12912 2035 9460 5783)
4(451 5783 9460 5782)
4(9461 5785 8331 2035)
4(12380 5786 9461 2035)
4(452 5785 9461 5786)
4(1196 5782 9460 4762)
4(1196 4762 9461 5785)
4(1614 5786 9461 4764)
3(9462 9460 5782)
4(451 3276 9462 5782)
3(1196 5912 4762)
4(1196 5782 9462 5912)
4(9464 2036 9461 4762)
4(9464 4763 9463 2036)
4(9461 2036 9463 4764)
4(9465 5785 9461 2036)
4(12381 2036 9461 5786)
4(452 5785 9465 3320)
4(9466 2036 9463 5982)
4(9463 2036 12381 5983)
4(504 3321 9466 5982)
4(9465 2036 9464 5988)
4(9466 5989 9464 2036)
4(506 5988 9464 5989)
4(506 3323 9465 5988)
4(506 5989 9466 3323)
4(1196 4762 9464 5988)
4(1196 5988 9465 5785)
4(1197 5982 9466 5989)
3(9467 5988 9464)
4(506 5988 9467 3405)
3(506 3405 5989)
4(1196 5912 9467 5988)
4(9469 2037 9468 4766)
4(8332 2037 9469 4769)
4(9468 2037 8332 4770)
4(290 4766 9468 4770)
4(290 4769 9469 4766)
4(12400 2037 8332 5780)
4(12915 5781 8332 2037)
4(9468 2037 8335 5790)
4(12915 2037 9468 5791)
4(453 5791 9468 5790)
4(9469 5793 8335 2037)
4(12400 5794 9469 2037)
4(454 5793 9469 5794)
4(1198 5790 9468 4766)
4(1198 4766 9469 5793)
4(1624 5794 9469 4769)
4(1784 4770 9468 5791)
4(9471 2038 8333 4765)
4(8333 2038 9470 4770)
4(290 4770 9470 4767)
4(290 4767 9471 4765)
4(8333 2038 9462 5782)
4(12913 2038 8333 5784)
4(1196 4765 9471 5912)
3(1784 9470 4770)
4(9472 4766 9468 2039)
4(9470 2039 9468 4770)
4(290 4766 9472 4767)
4(9473 2039 9468 5790)
4(9468 2039 12914 5791)
4(453 3277 9473 5790)
4(9473 5915 9472 2039)
4(486 5916 9472 5915)
4(486 5915 9473 3279)
4(1198 5915 9472 4766)
4(1198 5790 9473 5915)
4(8334 2040 9476 4765)
4(9476 2040 9475 4768)
4(9475 2040 8334 4769)
4(290 4768 9475 4769)
4(290 4765 9476 4768)
4(8334 5785 9465 2040)
4(12402 5787 8334 2040)
4(9475 2040 8425 5985)
4(12402 2040 9475 5986)
4(505 5986 9475 5985)
4(9476 2040 9465 5988)
4(9476 5990 8425 2040)
4(506 5990 9476 5988)
4(1196 5988 9476 4765)
4(1199 5985 9475 4768)
4(1199 4768 9476 5990)
4(1624 4769 9475 5986)
4(9477 2041 9469 4766)
4(9477 4768 9475 2041)
4(9469 2041 9475 4769)
4(290 4768 9477 4766)
4(9478 5793 9469 2041)
4(12401 2041 9469 5794)
4(454 5793 9478 3325)
4(9479 2041 9475 5985)
4(9475 2041 12401 5986)
4(505 3326 9479 5985)
4(9478 2041 9477 5998)
4(9479 5999 9477 2041)
4(509 5998 9477 5999)
4(509 3328 9478 5998)
4(509 5999 9479 3328)
4(1198 4766 9477 5998)
4(1198 5998 9478 5793)
4(1199 5999 9477 4768)
4(1199 5985 9479 5999)
4(9471 4765 9476 2042)
4(9480 2042 9476 4768)
4(290 4767 9480 4768)
4(9467 2042 9476 5988)
4(9476 2042 9481 5990)
4(506 5990 9481 3405)
4(1199 4768 9480 6151)
4(1199 6151 9481 5990)
4(9472 2043 9477 4766)
4(9477 2043 9480 4768)
4(9482 2043 9472 5915)
4(486 3406 9482 5915)
4(9482 5998 9477 2043)
4(9483 2043 9477 5999)
4(509 5998 9482 3407)
4(509 3407 9483 5999)
4(1198 5915 9482 5998)
4(1199 5999 9483 6151)
4(9485 2044 9484 4772)
4(8336 2044 9485 4775)
4(9484 2044 8336 4776)
4(291 4772 9484 4776)
4(291 4775 9485 4772)
4(12430 2044 8336 5788)
4(12918 5789 8336 2044)
4(9484 2044 8339 5798)
4(12918 2044 9484 5799)
4(455 5799 9484 5798)
4(9485 5801 8339 2044)
4(12430 5802 9485 2044)
4(456 5801 9485 5802)
4(1200 5798 9484 4772)
4(1200 4772 9485 5801)
4(1634 5802 9485 4775)
4(1785 4776 9484 5799)
4(9487 2045 8337 4771)
4(9486 2045 9487 4773)
4(8337 2045 9486 4776)
4(291 4776 9486 4773)
4(291 4773 9487 4771)
4(8337 2045 9473 5790)
4(12916 2045 8337 5792)
4(9486 5913 8398 2045)
4(12916 5914 9486 2045)
3(5913 9486 5914)
4(9487 5915 9473 2045)
4(9487 2045 8398 5917)
4(486 5915 9487 5917)
4(1198 4771 9487 5915)
4(1201 4773 9486 5913)
4(1201 5917 9487 4773)
4(1785 5914 9486 4776)
4(9488 4772 9484 2046)
4(9488 2046 9486 4773)
4(9486 2046 9484 4776)
4(291 4772 9488 4773)
4(9489 2046 9484 5798)
4(9484 2046 12917 5799)
4(455 3280 9489 5798)
4(9490 5913 9486 2046)
4(12917 2046 9486 5914)
4(9489 5920 9488 2046)
4(9490 2046 9488 5921)
4(487 5921 9488 5920)
4(487 5920 9489 3281)
4(1200 5920 9488 4772)
4(1200 5798 9489 5920)
4(1201 4773 9488 5921)
4(8338 2047 9492 4771)
4(9492 2047 9491 4774)
4(9491 2047 8338 4775)
4(291 4774 9491 4775)
4(291 4771 9492 4774)
4(8338 5793 9478 2047)
4(12432 5795 8338 2047)
4(9491 2047 8430 5995)
4(12432 2047 9491 5996)
4(508 5996 9491 5995)
4(9492 2047 9478 5998)
4(9492 6000 8430 2047)
4(509 6000 9492 5998)
4(1198 5998 9492 4771)
4(1202 5995 9491 4774)
4(1202 4774 9492 6000)
4(1634 4775 9491 5996)
4(9493 2048 9485 4772)
4(9493 4774 9491 2048)
4(9485 2048 9491 4775)
4(291 4774 9493 4772)
4(9494 5801 9485 2048)
4(12431 2048 9485 5802)
4(456 5801 9494 3330)
4(9495 2048 9491 5995)
4(9491 2048 12431 5996)
4(508 3331 9495 5995)
4(9494 2048 9493 6008)
4(9495 6009 9493 2048)
4(512 6008 9493 6009)
4(512 3333 9494 6008)
4(512 6009 9495 3333)
4(1200 4772 9493 6008)
4(1200 6008 9494 5801)
4(1202 6009 9493 4774)
4(1202 5995 9495 6009)
4(9487 4771 9492 2049)
4(9487 2049 9496 4773)
4(9496 2049 9492 4774)
4(291 4773 9496 4774)
4(9482 5915 9487 2049)
4(9497 2049 9487 5917)
4(9482 2049 9492 5998)
4(9492 2049 9498 6000)
4(509 6000 9498 3407)
4(9497 6153 9496 2049)
4(9498 2049 9496 6154)
4(555 6154 9496 6153)
4(555 3408 9498 6154)
4(1201 6153 9496 4773)
4(1202 4774 9496 6154)
4(1202 6154 9498 6000)
4(9488 2050 9493 4772)
4(9488 4773 9496 2050)
4(9493 2050 9496 4774)
4(9499 2050 9488 5920)
4(9488 2050 9500 5921)
4(487 3410 9499 5920)
4(9499 6008 9493 2050)
4(9501 2050 9493 6009)
4(512 6008 9499 3411)
4(512 3411 9501 6009)
4(9500 2050 9496 6153)
4(9496 2050 9501 6154)
4(555 6154 9501 3412)
4(1200 5920 9499 6008)
4(1202 6009 9501 6154)
4(9503 2051 9502 4778)
4(8340 2051 9503 4781)
4(9502 2051 8340 4782)
4(292 4778 9502 4782)
4(292 4781 9503 4778)
4(12460 2051 8340 5796)
4(12921 5797 8340 2051)
4(9502 2051 8343 5806)
4(12921 2051 9502 5807)
4(457 5807 9502 5806)
4(9503 5809 8343 2051)
4(12460 5810 9503 2051)
4(458 5809 9503 5810)
4(1203 5806 9502 4778)
4(1203 4778 9503 5809)
4(1644 5810 9503 4781)
4(1786 4782 9502 5807)
4(9505 2052 8341 4777)
4(9504 2052 9505 4779)
4(8341 2052 9504 4782)
4(292 4782 9504 4779)
4(292 4779 9505 4777)
4(8341 2052 9489 5798)
4(12919 2052 8341 5800)
4(9504 5918 8399 2052)
4(12919 5919 9504 2052)
3(5918 9504 5919)
4(9505 5920 9489 2052)
4(9505 2052 8399 5922)
4(487 5920 9505 5922)
4(1200 4777 9505 5920)
4(1204 4779 9504 5918)
4(1204 5922 9505 4779)
4(1786 5919 9504 4782)
4(9506 4778 9502 2053)
4(9506 2053 9504 4779)
4(9504 2053 9502 4782)
4(292 4778 9506 4779)
4(9507 2053 9502 5806)
4(9502 2053 12920 5807)
4(457 3282 9507 5806)
4(9508 5918 9504 2053)
4(12920 2053 9504 5919)
4(9507 5926 9506 2053)
4(9508 2053 9506 5927)
4(489 5927 9506 5926)
4(489 5926 9507 3286)
4(489 3286 9508 5927)
4(1203 5926 9506 4778)
4(1203 5806 9507 5926)
4(1204 4779 9506 5927)
4(8342 2054 9510 4777)
4(9510 2054 9509 4780)
4(9509 2054 8342 4781)
4(292 4780 9509 4781)
4(292 4777 9510 4780)
4(8342 5801 9494 2054)
4(12462 5803 8342 2054)
4(9509 2054 8435 6005)
4(12462 2054 9509 6006)
4(511 6006 9509 6005)
4(9510 2054 9494 6008)
4(9510 6010 8435 2054)
4(512 6010 9510 6008)
4(1200 6008 9510 4777)
4(1205 6005 9509 4780)
4(1205 4780 9510 6010)
4(1644 4781 9509 6006)
4(9511 2055 9503 4778)
4(9511 4780 9509 2055)
4(9503 2055 9509 4781)
4(292 4780 9511 4778)
4(9512 5809 9503 2055)
4(12461 2055 9503 5810)
4(458 5809 9512 3335)
4(9513 2055 9509 6005)
4(9509 2055 12461 6006)
4(511 3336 9513 6005)
4(9512 2055 9511 6018)
4(9513 6019 9511 2055)
4(515 6018 9511 6019)
4(515 3338 9512 6018)
4(515 6019 9513 3338)
4(1203 4778 9511 6018)
4(1203 6018 9512 5809)
4(1205 6019 9511 4780)
4(1205 6005 9513 6019)
4(9505 4777 9510 2056)
4(9505 2056 9514 4779)
4(9514 2056 9510 4780)
4(292 4779 9514 4780)
4(9499 5920 9505 2056)
4(9515 2056 9505 5922)
4(9499 2056 9510 6008)
4(9510 2056 9516 6010)
4(512 6010 9516 3411)
4(9515 6158 9514 2056)
4(9516 2056 9514 6159)
4(557 6159 9514 6158)
4(557 3413 9516 6159)
4(1204 6158 9514 4779)
4(1205 4780 9514 6159)
4(1205 6159 9516 6010)
4(9506 2057 9511 4778)
4(9506 4779 9514 2057)
4(9511 2057 9514 4780)
4(9517 2057 9506 5926)
4(9506 2057 9518 5927)
4(489 3415 9517 5926)
4(489 5927 9518 3415)
4(9517 6018 9511 2057)
4(9519 2057 9511 6019)
4(515 6018 9517 3416)
4(515 3416 9519 6019)
4(9518 2057 9514 6158)
4(9514 2057 9519 6159)
4(557 6159 9519 3417)
4(1203 5926 9517 6018)
4(1205 6019 9519 6159)
4(9521 2058 9520 4784)
4(8344 2058 9521 4787)
4(9520 2058 8344 4788)
4(293 4784 9520 4788)
4(293 4787 9521 4784)
4(12490 2058 8344 5804)
4(12925 5805 8344 2058)
4(9520 2058 8347 5814)
4(12925 2058 9520 5815)
4(459 5815 9520 5814)
4(9521 5817 8347 2058)
4(12490 5818 9521 2058)
4(460 5817 9521 5818)
4(1206 5814 9520 4784)
4(1206 4784 9521 5817)
4(1654 5818 9521 4787)
4(1787 4788 9520 5815)
4(9523 2059 8345 4783)
4(9522 2059 9523 4785)
4(8345 2059 9522 4788)
4(293 4788 9522 4785)
4(293 4785 9523 4783)
4(8345 2059 9507 5806)
4(12923 2059 8345 5808)
4(9522 5923 8400 2059)
4(12923 5924 9522 2059)
4(488 5923 9522 5924)
4(9523 5926 9507 2059)
4(9523 2059 8400 5928)
4(489 5926 9523 5928)
4(1203 4783 9523 5926)
4(1207 4785 9522 5923)
4(1207 5928 9523 4785)
4(1787 5924 9522 4788)
4(9524 4784 9520 2060)
4(9524 2060 9522 4785)
4(9522 2060 9520 4788)
4(293 4784 9524 4785)
4(9525 2060 9520 5814)
4(9520 2060 12924 5815)
4(459 3287 9525 5814)
4(9526 5923 9522 2060)
4(12924 2060 9522 5924)
4(488 5923 9526 3288)
4(9525 5933 9524 2060)
4(9526 2060 9524 5934)
4(491 5934 9524 5933)
4(491 5933 9525 3291)
4(491 3291 9526 5934)
4(1206 5933 9524 4784)
4(1206 5814 9525 5933)
4(1207 4785 9524 5934)
4(1207 5934 9526 5923)
4(8346 2061 9528 4783)
4(9528 2061 9527 4786)
4(9527 2061 8346 4787)
4(293 4786 9527 4787)
4(293 4783 9528 4786)
4(8346 5809 9512 2061)
4(12492 5811 8346 2061)
4(9527 2061 8440 6015)
4(12492 2061 9527 6016)
4(514 6016 9527 6015)
4(9528 2061 9512 6018)
4(9528 6020 8440 2061)
4(515 6020 9528 6018)
4(1203 6018 9528 4783)
4(1208 6015 9527 4786)
4(1208 4786 9528 6020)
4(1654 4787 9527 6016)
4(9529 2062 9521 4784)
4(9529 4786 9527 2062)
4(9521 2062 9527 4787)
4(293 4786 9529 4784)
4(9530 5817 9521 2062)
4(12491 2062 9521 5818)
4(460 5817 9530 3340)
4(9531 2062 9527 6015)
4(9527 2062 12491 6016)
4(514 3341 9531 6015)
4(9530 2062 9529 6028)
4(9531 6029 9529 2062)
4(518 6028 9529 6029)
4(518 3343 9530 6028)
4(518 6029 9531 3343)
4(1206 4784 9529 6028)
4(1206 6028 9530 5817)
4(1208 6029 9529 4786)
4(1208 6015 9531 6029)
4(9523 4783 9528 2063)
4(9523 2063 9532 4785)
4(9532 2063 9528 4786)
4(293 4785 9532 4786)
4(9517 5926 9523 2063)
4(9533 2063 9523 5928)
4(489 3415 9533 5928)
4(9517 2063 9528 6018)
4(9528 2063 9534 6020)
4(515 6020 9534 3416)
4(9533 6164 9532 2063)
4(9534 2063 9532 6165)
4(559 6165 9532 6164)
4(559 6164 9533 3418)
4(559 3418 9534 6165)
4(1207 6164 9532 4785)
4(1207 5928 9533 6164)
4(1208 4786 9532 6165)
4(1208 6165 9534 6020)
4(9524 2064 9529 4784)
4(9524 4785 9532 2064)
4(9529 2064 9532 4786)
4(9535 2064 9524 5933)
4(9524 2064 9536 5934)
4(491 3421 9535 5933)
4(491 5934 9536 3421)
4(9535 6028 9529 2064)
4(9537 2064 9529 6029)
4(518 6028 9535 3422)
4(518 3422 9537 6029)
4(9536 2064 9532 6164)
4(9532 2064 9537 6165)
4(559 3423 9536 6164)
4(559 6165 9537 3423)
4(1206 5933 9535 6028)
4(1207 6164 9536 5934)
4(1208 6029 9537 6165)
4(9539 2065 9538 4790)
4(8348 2065 9539 4793)
4(9538 2065 8348 4794)
4(294 4790 9538 4794)
4(294 4793 9539 4790)
4(12520 2065 8348 5812)
4(12929 5813 8348 2065)
4(9538 2065 8351 5822)
4(12929 2065 9538 5823)
4(461 5823 9538 5822)
4(9539 5825 8351 2065)
4(12520 5826 9539 2065)
4(462 5825 9539 5826)
4(1209 5822 9538 4790)
4(1209 4790 9539 5825)
4(1664 5826 9539 4793)
4(1788 4794 9538 5823)
4(9541 2066 8349 4789)
4(9540 2066 9541 4791)
4(8349 2066 9540 4794)
4(294 4794 9540 4791)
4(294 4791 9541 4789)
4(8349 2066 9525 5814)
4(12927 2066 8349 5816)
4(9540 5930 8404 2066)
4(12927 5931 9540 2066)
4(490 5930 9540 5931)
4(9541 5933 9525 2066)
4(9541 2066 8404 5935)
4(491 5933 9541 5935)
4(1206 4789 9541 5933)
4(1210 4791 9540 5930)
4(1210 5935 9541 4791)
4(1788 5931 9540 4794)
4(9542 4790 9538 2067)
4(9542 2067 9540 4791)
4(9540 2067 9538 4794)
4(294 4790 9542 4791)
4(9543 2067 9538 5822)
4(9538 2067 12928 5823)
4(461 3292 9543 5822)
4(9544 5930 9540 2067)
4(12928 2067 9540 5931)
4(490 5930 9544 3293)
4(9543 5940 9542 2067)
4(9544 2067 9542 5941)
4(493 5941 9542 5940)
4(493 5940 9543 3296)
4(493 3296 9544 5941)
4(1209 5940 9542 4790)
4(1209 5822 9543 5940)
4(1210 4791 9542 5941)
4(1210 5941 9544 5930)
4(8350 2068 9546 4789)
4(9546 2068 9545 4792)
4(9545 2068 8350 4793)
4(294 4792 9545 4793)
4(294 4789 9546 4792)
4(8350 5817 9530 2068)
4(12522 5819 8350 2068)
4(9545 2068 8445 6025)
4(12522 2068 9545 6026)
4(517 6026 9545 6025)
4(9546 2068 9530 6028)
4(9546 6030 8445 2068)
4(518 6030 9546 6028)
4(1206 6028 9546 4789)
4(1211 6025 9545 4792)
4(1211 4792 9546 6030)
4(1664 4793 9545 6026)
4(9547 2069 9539 4790)
4(9547 4792 9545 2069)
4(9539 2069 9545 4793)
4(294 4792 9547 4790)
4(9548 5825 9539 2069)
4(12521 2069 9539 5826)
4(462 5825 9548 3345)
4(9549 2069 9545 6025)
4(9545 2069 12521 6026)
4(517 3346 9549 6025)
4(9548 2069 9547 6038)
4(9549 6039 9547 2069)
4(521 6038 9547 6039)
4(521 3348 9548 6038)
4(521 6039 9549 3348)
4(1209 4790 9547 6038)
4(1209 6038 9548 5825)
4(1211 6039 9547 4792)
4(1211 6025 9549 6039)
4(9541 4789 9546 2070)
4(9541 2070 9550 4791)
4(9550 2070 9546 4792)
4(294 4791 9550 4792)
4(9535 5933 9541 2070)
4(9551 2070 9541 5935)
4(491 3421 9551 5935)
4(9535 2070 9546 6028)
4(9546 2070 9552 6030)
4(518 6030 9552 3422)
4(9551 6172 9550 2070)
4(9552 2070 9550 6173)
4(561 6173 9550 6172)
4(561 6172 9551 3424)
4(561 3424 9552 6173)
4(1210 6172 9550 4791)
4(1210 5935 9551 6172)
4(1211 4792 9550 6173)
4(1211 6173 9552 6030)
4(9542 2071 9547 4790)
4(9542 4791 9550 2071)
4(9547 2071 9550 4792)
4(9553 2071 9542 5940)
4(9542 2071 9554 5941)
4(493 3427 9553 5940)
4(493 5941 9554 3427)
4(9553 6038 9547 2071)
4(9555 2071 9547 6039)
4(521 6038 9553 3428)
4(521 3428 9555 6039)
4(9554 2071 9550 6172)
4(9550 2071 9555 6173)
4(561 3429 9554 6172)
4(561 6173 9555 3429)
4(1209 5940 9553 6038)
4(1210 6172 9554 5941)
4(1211 6039 9555 6173)
4(9557 2072 9556 4796)
4(8352 2072 9557 4799)
4(9556 2072 8352 4800)
4(295 4796 9556 4800)
4(295 4799 9557 4796)
4(12550 2072 8352 5820)
4(12933 5821 8352 2072)
4(9556 2072 8355 5830)
4(12933 2072 9556 5831)
4(463 5831 9556 5830)
4(9557 5833 8355 2072)
4(12550 5834 9557 2072)
4(464 5833 9557 5834)
4(1212 5830 9556 4796)
4(1212 4796 9557 5833)
4(1674 5834 9557 4799)
4(1789 4800 9556 5831)
4(9559 2073 8353 4795)
4(9558 2073 9559 4797)
4(8353 2073 9558 4800)
4(295 4800 9558 4797)
4(295 4797 9559 4795)
4(8353 2073 9543 5822)
4(12931 2073 8353 5824)
4(9558 5937 8408 2073)
4(12931 5938 9558 2073)
4(492 5937 9558 5938)
4(9559 5940 9543 2073)
4(9559 2073 8408 5942)
4(493 5940 9559 5942)
4(1209 4795 9559 5940)
4(1213 4797 9558 5937)
4(1213 5942 9559 4797)
4(1789 5938 9558 4800)
4(9560 4796 9556 2074)
4(9560 2074 9558 4797)
4(9558 2074 9556 4800)
4(295 4796 9560 4797)
4(9561 2074 9556 5830)
4(9556 2074 12932 5831)
4(463 3297 9561 5830)
4(9562 5937 9558 2074)
4(12932 2074 9558 5938)
4(492 5937 9562 3298)
4(9561 5947 9560 2074)
4(9562 2074 9560 5948)
4(495 5948 9560 5947)
4(495 5947 9561 3301)
4(495 3301 9562 5948)
4(1212 5947 9560 4796)
4(1212 5830 9561 5947)
4(1213 4797 9560 5948)
4(1213 5948 9562 5937)
4(8354 2075 9564 4795)
4(9564 2075 9563 4798)
4(9563 2075 8354 4799)
4(295 4798 9563 4799)
4(295 4795 9564 4798)
4(8354 5825 9548 2075)
4(12552 5827 8354 2075)
4(9563 2075 8450 6035)
4(12552 2075 9563 6036)
4(520 6036 9563 6035)
4(9564 2075 9548 6038)
4(9564 6040 8450 2075)
4(521 6040 9564 6038)
4(1209 6038 9564 4795)
4(1214 6035 9563 4798)
4(1214 4798 9564 6040)
4(1674 4799 9563 6036)
4(9565 2076 9557 4796)
4(9565 4798 9563 2076)
4(9557 2076 9563 4799)
4(295 4798 9565 4796)
4(9566 5833 9557 2076)
4(12551 2076 9557 5834)
4(464 5833 9566 3350)
4(9567 2076 9563 6035)
4(9563 2076 12551 6036)
4(520 3351 9567 6035)
4(9566 2076 9565 6048)
4(9567 6049 9565 2076)
4(524 6048 9565 6049)
4(524 3353 9566 6048)
4(524 6049 9567 3353)
4(1212 4796 9565 6048)
4(1212 6048 9566 5833)
4(1214 6049 9565 4798)
4(1214 6035 9567 6049)
4(9559 4795 9564 2077)
4(9559 2077 9568 4797)
4(9568 2077 9564 4798)
4(295 4797 9568 4798)
4(9553 5940 9559 2077)
4(9569 2077 9559 5942)
4(493 3427 9569 5942)
4(9553 2077 9564 6038)
4(9564 2077 9570 6040)
4(521 6040 9570 3428)
4(9569 6180 9568 2077)
4(9570 2077 9568 6181)
4(563 6181 9568 6180)
4(563 6180 9569 3430)
4(563 3430 9570 6181)
4(1213 6180 9568 4797)
4(1213 5942 9569 6180)
4(1214 4798 9568 6181)
4(1214 6181 9570 6040)
4(9560 2078 9565 4796)
4(9560 4797 9568 2078)
4(9565 2078 9568 4798)
4(9571 2078 9560 5947)
4(9560 2078 9572 5948)
4(495 3433 9571 5947)
4(495 5948 9572 3433)
4(9571 6048 9565 2078)
4(9573 2078 9565 6049)
4(524 6048 9571 3434)
4(524 3434 9573 6049)
4(9572 2078 9568 6180)
4(9568 2078 9573 6181)
4(563 3435 9572 6180)
4(563 6181 9573 3435)
4(1212 5947 9571 6048)
4(1213 6180 9572 5948)
4(1214 6049 9573 6181)
4(9575 2079 9574 4802)
4(8356 2079 9575 4805)
4(9574 2079 8356 4806)
4(296 4802 9574 4806)
4(296 4805 9575 4802)
4(12580 2079 8356 5828)
4(12937 5829 8356 2079)
4(9574 2079 8359 5838)
4(12937 2079 9574 5839)
4(465 5839 9574 5838)
4(9575 5841 8359 2079)
4(12580 5842 9575 2079)
4(466 5841 9575 5842)
4(1215 5838 9574 4802)
4(1215 4802 9575 5841)
4(1684 5842 9575 4805)
4(1790 4806 9574 5839)
4(9577 2080 8357 4801)
4(9576 2080 9577 4803)
4(8357 2080 9576 4806)
4(296 4806 9576 4803)
4(296 4803 9577 4801)
4(8357 2080 9561 5830)
4(12935 2080 8357 5832)
4(9576 5944 8412 2080)
4(12935 5945 9576 2080)
4(494 5944 9576 5945)
4(9577 5947 9561 2080)
4(9577 2080 8412 5949)
4(495 5947 9577 5949)
4(1212 4801 9577 5947)
4(1216 4803 9576 5944)
4(1216 5949 9577 4803)
4(1790 5945 9576 4806)
4(9578 4802 9574 2081)
4(9578 2081 9576 4803)
4(9576 2081 9574 4806)
4(296 4802 9578 4803)
4(9579 2081 9574 5838)
4(9574 2081 12936 5839)
4(465 3302 9579 5838)
4(9580 5944 9576 2081)
4(12936 2081 9576 5945)
4(494 5944 9580 3303)
4(9579 5954 9578 2081)
4(9580 2081 9578 5955)
4(497 5955 9578 5954)
4(497 5954 9579 3306)
4(497 3306 9580 5955)
4(1215 5954 9578 4802)
4(1215 5838 9579 5954)
4(1216 4803 9578 5955)
4(1216 5955 9580 5944)
4(8358 2082 9582 4801)
4(9582 2082 9581 4804)
4(9581 2082 8358 4805)
4(296 4804 9581 4805)
4(296 4801 9582 4804)
4(8358 5833 9566 2082)
4(12582 5835 8358 2082)
4(9581 2082 8455 6045)
4(12582 2082 9581 6046)
4(523 6046 9581 6045)
4(9582 2082 9566 6048)
4(9582 6050 8455 2082)
4(524 6050 9582 6048)
4(1212 6048 9582 4801)
4(1217 6045 9581 4804)
4(1217 4804 9582 6050)
4(1684 4805 9581 6046)
4(9583 2083 9575 4802)
4(9583 4804 9581 2083)
4(9575 2083 9581 4805)
4(296 4804 9583 4802)
4(9584 5841 9575 2083)
4(12581 2083 9575 5842)
4(466 5841 9584 3355)
4(9585 2083 9581 6045)
4(9581 2083 12581 6046)
4(523 3356 9585 6045)
4(9584 2083 9583 6058)
4(9585 6059 9583 2083)
4(527 6058 9583 6059)
4(527 3358 9584 6058)
4(527 6059 9585 3358)
4(1215 4802 9583 6058)
4(1215 6058 9584 5841)
4(1217 6059 9583 4804)
4(1217 6045 9585 6059)
4(9577 4801 9582 2084)
4(9577 2084 9586 4803)
4(9586 2084 9582 4804)
4(296 4803 9586 4804)
4(9571 5947 9577 2084)
4(9587 2084 9577 5949)
4(495 3433 9587 5949)
4(9571 2084 9582 6048)
4(9582 2084 9588 6050)
4(524 6050 9588 3434)
4(9587 6188 9586 2084)
4(9588 2084 9586 6189)
4(565 6189 9586 6188)
4(565 6188 9587 3436)
4(565 3436 9588 6189)
4(1216 6188 9586 4803)
4(1216 5949 9587 6188)
4(1217 4804 9586 6189)
4(1217 6189 9588 6050)
4(9578 2085 9583 4802)
4(9578 4803 9586 2085)
4(9583 2085 9586 4804)
4(9589 2085 9578 5954)
4(9578 2085 9590 5955)
4(497 3439 9589 5954)
4(497 5955 9590 3439)
4(9589 6058 9583 2085)
4(9591 2085 9583 6059)
4(527 6058 9589 3440)
4(527 3440 9591 6059)
4(9590 2085 9586 6188)
4(9586 2085 9591 6189)
4(565 3441 9590 6188)
4(565 6189 9591 3441)
4(1215 5954 9589 6058)
4(1216 6188 9590 5955)
4(1217 6059 9591 6189)
4(9593 2086 9592 4808)
4(8360 2086 9593 4811)
4(9592 2086 8360 4812)
4(297 4808 9592 4812)
4(297 4811 9593 4808)
4(12610 2086 8360 5836)
4(12941 5837 8360 2086)
4(9592 2086 8363 5846)
4(12941 2086 9592 5847)
4(467 5847 9592 5846)
4(9593 5849 8363 2086)
4(12610 5850 9593 2086)
4(468 5849 9593 5850)
4(1218 5846 9592 4808)
4(1218 4808 9593 5849)
4(1694 5850 9593 4811)
4(1791 4812 9592 5847)
4(9595 2087 8361 4807)
4(9594 2087 9595 4809)
4(8361 2087 9594 4812)
4(297 4812 9594 4809)
4(297 4809 9595 4807)
4(8361 2087 9579 5838)
4(12939 2087 8361 5840)
4(9594 5951 8416 2087)
4(12939 5952 9594 2087)
4(496 5951 9594 5952)
4(9595 5954 9579 2087)
4(9595 2087 8416 5956)
4(497 5954 9595 5956)
4(1215 4807 9595 5954)
4(1219 4809 9594 5951)
4(1219 5956 9595 4809)
4(1791 5952 9594 4812)
4(9596 4808 9592 2088)
4(9596 2088 9594 4809)
4(9594 2088 9592 4812)
4(297 4808 9596 4809)
4(9597 2088 9592 5846)
4(9592 2088 12940 5847)
4(467 3307 9597 5846)
4(9598 5951 9594 2088)
4(12940 2088 9594 5952)
4(496 5951 9598 3308)
4(9597 5960 9596 2088)
4(9598 2088 9596 5961)
4(498 5961 9596 5960)
4(498 5960 9597 3309)
4(1218 5960 9596 4808)
4(1218 5846 9597 5960)
4(1219 4809 9596 5961)
4(1219 5961 9598 5951)
4(8362 2089 9600 4807)
4(9600 2089 9599 4810)
4(9599 2089 8362 4811)
4(297 4810 9599 4811)
4(297 4807 9600 4810)
4(8362 5841 9584 2089)
4(12612 5843 8362 2089)
4(9599 2089 8460 6055)
4(12612 2089 9599 6056)
4(526 6056 9599 6055)
4(9600 2089 9584 6058)
4(9600 6060 8460 2089)
4(527 6060 9600 6058)
4(1215 6058 9600 4807)
4(1220 6055 9599 4810)
4(1220 4810 9600 6060)
4(1694 4811 9599 6056)
4(9601 2090 9593 4808)
4(9601 4810 9599 2090)
4(9593 2090 9599 4811)
4(297 4810 9601 4808)
4(9602 5849 9593 2090)
4(12611 2090 9593 5850)
4(468 5849 9602 3360)
4(9603 2090 9599 6055)
4(9599 2090 12611 6056)
4(526 3361 9603 6055)
4(9602 2090 9601 6068)
4(9603 6069 9601 2090)
4(530 6068 9601 6069)
4(530 3363 9602 6068)
4(530 6069 9603 3363)
4(1218 4808 9601 6068)
4(1218 6068 9602 5849)
4(1220 6069 9601 4810)
4(1220 6055 9603 6069)
4(9595 4807 9600 2091)
4(9595 2091 9604 4809)
4(9604 2091 9600 4810)
4(297 4809 9604 4810)
4(9589 5954 9595 2091)
4(9605 2091 9595 5956)
4(497 3439 9605 5956)
4(9589 2091 9600 6058)
4(9600 2091 9606 6060)
4(527 6060 9606 3440)
4(9605 6196 9604 2091)
4(9606 2091 9604 6197)
4(567 6197 9604 6196)
4(567 6196 9605 3442)
4(567 3442 9606 6197)
4(1219 6196 9604 4809)
4(1219 5956 9605 6196)
4(1220 4810 9604 6197)
4(1220 6197 9606 6060)
4(9596 2092 9601 4808)
4(9596 4809 9604 2092)
4(9601 2092 9604 4810)
4(9607 2092 9596 5960)
4(9596 2092 9608 5961)
4(498 3445 9607 5960)
4(9607 6068 9601 2092)
4(9609 2092 9601 6069)
4(530 6068 9607 3446)
4(530 3446 9609 6069)
4(9608 2092 9604 6196)
4(9604 2092 9609 6197)
4(567 3447 9608 6196)
4(567 6197 9609 3447)
4(1218 5960 9607 6068)
4(1219 6196 9608 5961)
4(1220 6069 9609 6197)
4(9611 2093 9610 4814)
4(8364 2093 9611 4817)
4(9610 2093 8364 4818)
4(298 4814 9610 4818)
4(298 4817 9611 4814)
4(12640 2093 8364 5844)
4(12945 5845 8364 2093)
4(9610 2093 8367 5854)
4(12945 2093 9610 5855)
4(469 5855 9610 5854)
4(9611 5857 8367 2093)
4(12640 5858 9611 2093)
4(470 5857 9611 5858)
4(1221 5854 9610 4814)
4(1221 4814 9611 5857)
4(1704 5858 9611 4817)
4(1792 4818 9610 5855)
4(9613 2094 8365 4813)
4(9612 2094 9613 4815)
4(8365 2094 9612 4818)
4(298 4818 9612 4815)
4(298 4815 9613 4813)
4(8365 2094 9597 5846)
4(12943 2094 8365 5848)
4(9612 5958 8420 2094)
4(12943 5959 9612 2094)
3(5958 9612 5959)
4(9613 5960 9597 2094)
4(9613 2094 8420 5962)
4(498 5960 9613 5962)
4(1218 4813 9613 5960)
4(1222 4815 9612 5958)
4(1222 5962 9613 4815)
4(1792 5959 9612 4818)
4(9614 4814 9610 2095)
4(9614 2095 9612 4815)
4(9612 2095 9610 4818)
4(298 4814 9614 4815)
4(9615 2095 9610 5854)
4(9610 2095 12944 5855)
4(469 3310 9615 5854)
4(9616 5958 9612 2095)
4(12944 2095 9612 5959)
4(9615 5965 9614 2095)
4(9616 2095 9614 5966)
4(499 5966 9614 5965)
4(499 5965 9615 3311)
4(1221 5965 9614 4814)
4(1221 5854 9615 5965)
4(1222 4815 9614 5966)
4(8366 2096 9618 4813)
4(9618 2096 9617 4816)
4(9617 2096 8366 4817)
4(298 4816 9617 4817)
4(298 4813 9618 4816)
4(8366 5849 9602 2096)
4(12642 5851 8366 2096)
4(9617 2096 8465 6065)
4(12642 2096 9617 6066)
4(529 6066 9617 6065)
4(9618 2096 9602 6068)
4(9618 6070 8465 2096)
4(530 6070 9618 6068)
4(1218 6068 9618 4813)
4(1223 6065 9617 4816)
4(1223 4816 9618 6070)
4(1704 4817 9617 6066)
4(9619 2097 9611 4814)
4(9619 4816 9617 2097)
4(9611 2097 9617 4817)
4(298 4816 9619 4814)
4(9620 5857 9611 2097)
4(12641 2097 9611 5858)
4(470 5857 9620 3365)
4(9621 2097 9617 6065)
4(9617 2097 12641 6066)
4(529 3366 9621 6065)
4(9620 2097 9619 6078)
4(9621 6079 9619 2097)
4(533 6078 9619 6079)
4(533 3368 9620 6078)
4(533 6079 9621 3368)
4(1221 4814 9619 6078)
4(1221 6078 9620 5857)
4(1223 6079 9619 4816)
4(1223 6065 9621 6079)
4(9613 4813 9618 2098)
4(9613 2098 9622 4815)
4(9622 2098 9618 4816)
4(298 4815 9622 4816)
4(9607 5960 9613 2098)
4(9623 2098 9613 5962)
4(9607 2098 9618 6068)
4(9618 2098 9624 6070)
4(530 6070 9624 3446)
4(9623 6204 9622 2098)
4(9624 2098 9622 6205)
4(569 6205 9622 6204)
4(569 3448 9624 6205)
4(1222 6204 9622 4815)
4(1223 4816 9622 6205)
4(1223 6205 9624 6070)
4(9614 2099 9619 4814)
4(9614 4815 9622 2099)
4(9619 2099 9622 4816)
4(9625 2099 9614 5965)
4(9614 2099 9626 5966)
4(499 3450 9625 5965)
4(9625 6078 9619 2099)
4(9627 2099 9619 6079)
4(533 6078 9625 3451)
4(533 3451 9627 6079)
4(9626 2099 9622 6204)
4(9622 2099 9627 6205)
4(569 6205 9627 3452)
4(1221 5965 9625 6078)
4(1223 6079 9627 6205)
4(9629 2100 9628 4820)
4(8368 2100 9629 4823)
4(9628 2100 8368 4824)
4(299 4820 9628 4824)
4(299 4823 9629 4820)
4(12670 2100 8368 5852)
4(12948 5853 8368 2100)
4(9628 2100 8371 5862)
4(12948 2100 9628 5863)
4(471 5863 9628 5862)
4(9629 5865 8371 2100)
4(12670 5866 9629 2100)
4(472 5865 9629 5866)
4(1224 5862 9628 4820)
4(1224 4820 9629 5865)
4(1714 5866 9629 4823)
4(1793 4824 9628 5863)
4(9631 2101 8369 4819)
4(9630 2101 9631 4821)
4(8369 2101 9630 4824)
4(299 4824 9630 4821)
4(299 4821 9631 4819)
4(8369 2101 9615 5854)
4(12946 2101 8369 5856)
4(9630 5963 8421 2101)
4(12946 5964 9630 2101)
3(5963 9630 5964)
4(9631 5965 9615 2101)
4(9631 2101 8421 5967)
4(499 5965 9631 5967)
4(1221 4819 9631 5965)
4(1225 4821 9630 5963)
4(1225 5967 9631 4821)
4(1793 5964 9630 4824)
4(9632 4820 9628 2102)
4(9632 2102 9630 4821)
4(9630 2102 9628 4824)
4(299 4820 9632 4821)
4(9633 2102 9628 5862)
4(9628 2102 12947 5863)
4(471 3312 9633 5862)
4(9634 5963 9630 2102)
4(12947 2102 9630 5964)
4(9633 5970 9632 2102)
4(9634 2102 9632 5971)
4(501 5971 9632 5970)
4(501 5970 9633 3314)
4(1224 5970 9632 4820)
4(1224 5862 9633 5970)
4(1225 4821 9632 5971)
4(8370 2103 9636 4819)
4(9636 2103 9635 4822)
4(9635 2103 8370 4823)
4(299 4822 9635 4823)
4(299 4819 9636 4822)
4(8370 5857 9620 2103)
4(12672 5859 8370 2103)
4(9635 2103 8470 6075)
4(12672 2103 9635 6076)
4(532 6076 9635 6075)
4(9636 2103 9620 6078)
4(9636 6080 8470 2103)
4(533 6080 9636 6078)
4(1221 6078 9636 4819)
4(1226 6075 9635 4822)
4(1226 4822 9636 6080)
4(1714 4823 9635 6076)
4(9637 2104 9629 4820)
4(9637 4822 9635 2104)
4(9629 2104 9635 4823)
4(299 4822 9637 4820)
4(9638 5865 9629 2104)
4(12671 2104 9629 5866)
4(472 5865 9638 3370)
4(9639 2104 9635 6075)
4(9635 2104 12671 6076)
4(532 3371 9639 6075)
4(9638 2104 9637 6088)
4(9639 6089 9637 2104)
4(536 6088 9637 6089)
4(536 3373 9638 6088)
4(536 6089 9639 3373)
4(1224 4820 9637 6088)
4(1224 6088 9638 5865)
4(1226 6089 9637 4822)
4(1226 6075 9639 6089)
4(9631 4819 9636 2105)
4(9631 2105 9640 4821)
4(9640 2105 9636 4822)
4(299 4821 9640 4822)
4(9625 5965 9631 2105)
4(9641 2105 9631 5967)
4(9625 2105 9636 6078)
4(9636 2105 9642 6080)
4(533 6080 9642 3451)
4(9641 6210 9640 2105)
4(9642 2105 9640 6211)
4(571 6211 9640 6210)
4(571 3453 9642 6211)
4(1225 6210 9640 4821)
4(1226 4822 9640 6211)
4(1226 6211 9642 6080)
4(9632 2106 9637 4820)
4(9632 4821 9640 2106)
4(9637 2106 9640 4822)
4(9643 2106 9632 5970)
4(9632 2106 9644 5971)
4(501 3455 9643 5970)
4(9643 6088 9637 2106)
4(9645 2106 9637 6089)
4(536 6088 9643 3456)
4(536 3456 9645 6089)
4(9644 2106 9640 6210)
4(9640 2106 9645 6211)
4(571 6211 9645 3457)
4(1224 5970 9643 6088)
4(1226 6089 9645 6211)
4(9647 2107 9646 4826)
4(8372 2107 9647 4829)
4(9646 2107 8372 4830)
4(300 4826 9646 4830)
4(300 4829 9647 4826)
4(12700 2107 8372 5860)
4(12951 5861 8372 2107)
4(9646 2107 8375 5870)
4(12951 2107 9646 5871)
4(473 5871 9646 5870)
4(9647 5873 8375 2107)
4(12700 5874 9647 2107)
4(474 5873 9647 5874)
4(1227 5870 9646 4826)
4(1227 4826 9647 5873)
4(1724 5874 9647 4829)
4(1794 4830 9646 5871)
4(9649 2108 8373 4825)
4(9648 2108 9649 4827)
4(8373 2108 9648 4830)
4(300 4830 9648 4827)
4(300 4827 9649 4825)
4(8373 2108 9633 5862)
4(12949 2108 8373 5864)
4(9648 5968 8422 2108)
4(12949 5969 9648 2108)
4(500 5968 9648 5969)
4(9649 5970 9633 2108)
4(9649 2108 8422 5972)
4(501 5970 9649 5972)
4(1224 4825 9649 5970)
4(1228 4827 9648 5968)
4(1228 5972 9649 4827)
4(1794 5969 9648 4830)
4(9650 4826 9646 2109)
4(9650 2109 9648 4827)
4(9648 2109 9646 4830)
4(300 4826 9650 4827)
4(9651 2109 9646 5870)
4(9646 2109 12950 5871)
4(473 3315 9651 5870)
4(9652 5968 9648 2109)
4(12950 2109 9648 5969)
4(9651 5975 9650 2109)
4(9652 2109 9650 5976)
4(503 5976 9650 5975)
4(503 5975 9651 3318)
4(1227 5975 9650 4826)
4(1227 5870 9651 5975)
4(1228 4827 9650 5976)
4(8374 2110 9654 4825)
4(9654 2110 9653 4828)
4(9653 2110 8374 4829)
4(300 4828 9653 4829)
4(300 4825 9654 4828)
4(8374 5865 9638 2110)
4(12702 5867 8374 2110)
4(9653 2110 8475 6085)
4(12702 2110 9653 6086)
4(535 6086 9653 6085)
4(9654 2110 9638 6088)
4(9654 6090 8475 2110)
4(536 6090 9654 6088)
4(1224 6088 9654 4825)
4(1229 6085 9653 4828)
4(1229 4828 9654 6090)
4(1724 4829 9653 6086)
4(9655 2111 9647 4826)
4(9655 4828 9653 2111)
4(9647 2111 9653 4829)
4(300 4828 9655 4826)
4(9656 5873 9647 2111)
4(12701 2111 9647 5874)
4(474 5873 9656 3375)
4(9657 2111 9653 6085)
4(9653 2111 12701 6086)
4(535 3376 9657 6085)
4(9656 2111 9655 6098)
4(9657 6099 9655 2111)
4(539 6098 9655 6099)
4(539 3378 9656 6098)
4(539 6099 9657 3378)
4(1227 4826 9655 6098)
4(1227 6098 9656 5873)
4(1229 6099 9655 4828)
4(1229 6085 9657 6099)
4(9649 4825 9654 2112)
4(9649 2112 9658 4827)
4(9658 2112 9654 4828)
4(300 4827 9658 4828)
4(9643 5970 9649 2112)
4(9659 2112 9649 5972)
4(9643 2112 9654 6088)
4(9654 2112 9660 6090)
4(536 6090 9660 3456)
4(9659 6216 9658 2112)
4(9660 2112 9658 6217)
4(573 6217 9658 6216)
4(573 3458 9660 6217)
4(1228 6216 9658 4827)
4(1229 4828 9658 6217)
4(1229 6217 9660 6090)
4(9650 2113 9655 4826)
4(9650 4827 9658 2113)
4(9655 2113 9658 4828)
4(9661 2113 9650 5975)
4(9650 2113 9662 5976)
4(503 3460 9661 5975)
4(9661 6098 9655 2113)
4(9663 2113 9655 6099)
4(539 6098 9661 3461)
4(539 3461 9663 6099)
4(9662 2113 9658 6216)
4(9658 2113 9663 6217)
4(573 6217 9663 3462)
4(1227 5975 9661 6098)
4(1229 6099 9663 6217)
4(9665 2114 9664 4832)
4(8376 2114 9665 4835)
4(9664 2114 8376 4836)
4(301 4832 9664 4836)
4(301 4835 9665 4832)
4(12730 2114 8376 5868)
4(12953 5869 8376 2114)
4(9664 2114 8379 5878)
4(12953 2114 9664 5879)
4(475 5879 9664 5878)
4(9665 5881 8379 2114)
4(12730 5882 9665 2114)
4(476 5881 9665 5882)
4(1230 5878 9664 4832)
4(1230 4832 9665 5881)
4(1734 5882 9665 4835)
4(1795 4836 9664 5879)
4(9667 2115 8377 4831)
4(9666 2115 9667 4833)
4(8377 2115 9666 4836)
4(301 4836 9666 4833)
4(301 4833 9667 4831)
4(8377 2115 9651 5870)
4(12952 2115 8377 5872)
4(9666 5973 8423 2115)
4(12952 5974 9666 2115)
4(9667 5975 9651 2115)
4(9667 2115 8423 5977)
4(503 5975 9667 5977)
4(1227 4831 9667 5975)
4(1231 5977 9667 4833)
4(1795 5974 9666 4836)
4(9668 4832 9664 2116)
4(9666 2116 9664 4836)
4(301 4832 9668 4833)
4(9669 2116 9664 5878)
3(9664 2116 5879)
3(475 9669 5878)
4(1230 5978 9668 4832)
4(1230 5878 9669 5978)
4(8378 2117 9671 4831)
4(9671 2117 9670 4834)
4(9670 2117 8378 4835)
4(301 4834 9670 4835)
4(301 4831 9671 4834)
4(8378 5873 9656 2117)
4(12732 5875 8378 2117)
4(9670 2117 8480 6095)
4(12732 2117 9670 6096)
4(538 6096 9670 6095)
4(9671 2117 9656 6098)
4(9671 6100 8480 2117)
4(539 6100 9671 6098)
4(1227 6098 9671 4831)
4(1232 6095 9670 4834)
4(1232 4834 9671 6100)
4(1734 4835 9670 6096)
4(9672 2118 9665 4832)
4(9672 4834 9670 2118)
4(9665 2118 9670 4835)
4(301 4834 9672 4832)
4(9673 5881 9665 2118)
4(12731 2118 9665 5882)
4(476 5881 9673 3380)
4(9674 2118 9670 6095)
4(9670 2118 12731 6096)
4(538 3381 9674 6095)
4(9673 2118 9672 6108)
4(9674 6109 9672 2118)
4(542 6108 9672 6109)
4(542 3383 9673 6108)
4(542 6109 9674 3383)
4(1230 4832 9672 6108)
4(1230 6108 9673 5881)
4(1232 6109 9672 4834)
4(1232 6095 9674 6109)
4(9667 4831 9671 2119)
4(9667 2119 9675 4833)
4(9675 2119 9671 4834)
4(301 4833 9675 4834)
4(9661 5975 9667 2119)
4(9676 2119 9667 5977)
4(9661 2119 9671 6098)
4(9671 2119 9677 6100)
4(539 6100 9677 3461)
3(9676 9675 2119)
4(9677 2119 9675 6222)
3(3463 9677 6222)
4(1232 4834 9675 6222)
4(1232 6222 9677 6100)
4(9668 2120 9672 4832)
4(9672 2120 9675 4834)
4(9678 6108 9672 2120)
4(9679 2120 9672 6109)
4(542 6108 9678 3465)
4(542 3465 9679 6109)
4(1230 5978 9678 6108)
4(1232 6109 9679 6222)
4(9681 2121 9680 4838)
4(8380 2121 9681 4841)
4(9680 2121 8380 4842)
4(302 4838 9680 4842)
4(302 4841 9681 4838)
4(12760 2121 8380 5876)
4(12954 5877 8380 2121)
4(9680 2121 8383 5886)
4(12954 2121 9680 5887)
4(477 5887 9680 5886)
4(9681 5889 8383 2121)
4(12760 5890 9681 2121)
4(478 5889 9681 5890)
4(1233 5886 9680 4838)
4(1233 4838 9681 5889)
4(1744 5890 9681 4841)
4(1796 4842 9680 5887)
4(9683 2122 8381 4837)
4(8381 2122 9682 4842)
4(302 4842 9682 4839)
4(302 4839 9683 4837)
4(8381 2122 9669 5878)
3(2122 8381 5880)
4(1230 4837 9683 5978)
3(1796 9682 4842)
4(9684 4838 9680 2123)
4(9682 2123 9680 4842)
4(302 4838 9684 4839)
4(9685 2123 9680 5886)
3(9680 2123 5887)
4(477 3319 9685 5886)
4(1233 5980 9684 4838)
4(1233 5886 9685 5980)
4(8382 2124 9687 4837)
4(9687 2124 9686 4840)
4(9686 2124 8382 4841)
4(302 4840 9686 4841)
4(302 4837 9687 4840)
4(8382 5881 9673 2124)
4(12762 5883 8382 2124)
4(9686 2124 8485 6105)
4(12762 2124 9686 6106)
4(541 6106 9686 6105)
4(9687 2124 9673 6108)
4(9687 6110 8485 2124)
4(542 6110 9687 6108)
4(1230 6108 9687 4837)
4(1234 6105 9686 4840)
4(1234 4840 9687 6110)
4(1744 4841 9686 6106)
4(9688 2125 9681 4838)
4(9688 4840 9686 2125)
4(9681 2125 9686 4841)
4(302 4840 9688 4838)
4(9689 5889 9681 2125)
4(12761 2125 9681 5890)
4(478 5889 9689 3385)
4(9690 2125 9686 6105)
4(9686 2125 12761 6106)
4(541 3386 9690 6105)
4(9689 2125 9688 6118)
4(9690 6119 9688 2125)
4(545 6118 9688 6119)
4(545 3388 9689 6118)
4(545 6119 9690 3388)
4(1233 4838 9688 6118)
4(1233 6118 9689 5889)
4(1234 6119 9688 4840)
4(1234 6105 9690 6119)
4(9683 4837 9687 2126)
4(9691 2126 9687 4840)
4(302 4839 9691 4840)
4(9678 2126 9687 6108)
4(9687 2126 9692 6110)
4(542 6110 9692 3465)
4(1234 4840 9691 6226)
4(1234 6226 9692 6110)
4(9684 2127 9688 4838)
4(9688 2127 9691 4840)
4(9693 6118 9688 2127)
4(9694 2127 9688 6119)
4(545 6118 9693 3466)
4(545 3466 9694 6119)
4(1233 5980 9693 6118)
4(1234 6119 9694 6226)
4(9696 2128 9695 4844)
4(8384 2128 9696 4847)
4(9695 2128 8384 4848)
4(303 4844 9695 4848)
4(303 4847 9696 4844)
4(12790 2128 8384 5884)
4(12957 5885 8384 2128)
4(9695 2128 8387 5894)
4(12957 2128 9695 5895)
4(480 5895 9695 5894)
4(9696 5896 8387 2128)
4(12790 5897 9696 2128)
4(481 5896 9696 5897)
4(1235 5894 9695 4844)
4(1235 4844 9696 5896)
4(1754 5897 9696 4847)
4(1797 4848 9695 5895)
4(9698 2129 8385 4843)
4(8385 2129 9697 4848)
4(303 4848 9697 4845)
4(303 4845 9698 4843)
4(8385 2129 9685 5886)
4(12955 2129 8385 5888)
4(1233 4843 9698 5980)
4(1797 5979 9697 4848)
4(9699 4844 9695 2130)
4(9697 2130 9695 4848)
4(303 4844 9699 4845)
4(9700 2130 9695 5894)
4(9695 2130 12956 5895)
4(1235 5981 9699 4844)
4(8386 2131 9702 4843)
4(9702 2131 9701 4846)
4(9701 2131 8386 4847)
4(303 4846 9701 4847)
4(303 4843 9702 4846)
4(8386 5889 9689 2131)
4(12792 5891 8386 2131)
4(9701 2131 8490 6115)
4(12792 2131 9701 6116)
4(544 6116 9701 6115)
4(9702 2131 9689 6118)
4(9702 6120 8490 2131)
4(545 6120 9702 6118)
4(1233 6118 9702 4843)
4(1236 6115 9701 4846)
4(1236 4846 9702 6120)
4(1754 4847 9701 6116)
4(9703 2132 9696 4844)
4(9703 4846 9701 2132)
4(9696 2132 9701 4847)
4(303 4846 9703 4844)
4(9704 5896 9696 2132)
4(12791 2132 9696 5897)
4(481 5896 9704 3390)
4(9705 2132 9701 6115)
4(9701 2132 12791 6116)
4(544 3391 9705 6115)
4(9704 2132 9703 6128)
4(9705 6129 9703 2132)
4(548 6128 9703 6129)
4(548 3393 9704 6128)
4(548 6129 9705 3393)
4(1235 4844 9703 6128)
4(1235 6128 9704 5896)
4(1236 6129 9703 4846)
4(1236 6115 9705 6129)
4(9698 4843 9702 2133)
4(9706 2133 9702 4846)
4(303 4845 9706 4846)
4(9693 2133 9702 6118)
4(9702 2133 9707 6120)
4(545 6120 9707 3466)
4(1236 4846 9706 6228)
4(1236 6228 9707 6120)
4(9699 2134 9703 4844)
4(9703 2134 9706 4846)
3(6128 9703 2134)
4(9708 2134 9703 6129)
3(548 9708 6129)
4(1236 6129 9708 6228)
4(9710 2135 9709 4850)
4(8388 2135 9710 4852)
4(9709 2135 8388 4853)
4(304 4852 9710 4850)
4(12820 2135 8388 5892)
4(12958 5893 8388 2135)
4(9709 2135 8391 5901)
3(12958 2135 9709)
4(9710 5903 8391 2135)
4(12820 5904 9710 2135)
4(483 5903 9710 5904)
4(1237 4850 9710 5903)
4(1764 5904 9710 4852)
4(8390 2136 9712 4849)
4(9712 2136 9711 4851)
4(9711 2136 8390 4852)
4(304 4851 9711 4852)
4(8390 5896 9704 2136)
4(12822 5898 8390 2136)
4(9711 2136 8495 6125)
4(12822 2136 9711 6126)
4(547 6126 9711 6125)
4(9712 2136 9704 6128)
4(9712 6130 8495 2136)
4(1238 6125 9711 4851)
4(1764 4852 9711 6126)
4(9713 2137 9710 4850)
4(9713 4851 9711 2137)
4(9710 2137 9711 4852)
4(9714 5903 9710 2137)
4(12821 2137 9710 5904)
4(483 5903 9714 3395)
4(9715 2137 9711 6125)
4(9711 2137 12821 6126)
4(547 3396 9715 6125)
4(9714 2137 9713 6138)
4(9715 6139 9713 2137)
4(551 3398 9714 6138)
4(551 6139 9715 3398)
4(1237 6138 9714 5903)
4(1238 6125 9715 6139)
4(9717 2138 9716 4855)
4(8392 2138 9717 4857)
4(9716 2138 8392 4858)
4(305 4857 9717 4855)
4(12850 2138 8392 5899)
4(12959 5900 8392 2138)
4(9716 2138 8395 5906)
4(12959 2138 9716 5907)
4(9717 5909 8395 2138)
4(12850 5910 9717 2138)
4(485 5909 9717 5910)
4(1239 4855 9717 5909)
4(1774 5910 9717 4857)
4(8394 2139 9719 4854)
4(9719 2139 9718 4856)
4(9718 2139 8394 4857)
4(305 4856 9718 4857)
4(8394 5903 9714 2139)
4(12852 5905 8394 2139)
4(9718 2139 8500 6135)
4(12852 2139 9718 6136)
4(550 6136 9718 6135)
4(9719 2139 9714 6138)
4(9719 6140 8500 2139)
4(1240 6135 9718 4856)
4(1774 4857 9718 6136)
4(9720 2140 9717 4855)
4(9720 4856 9718 2140)
4(9717 2140 9718 4857)
4(9721 5909 9717 2140)
4(12851 2140 9717 5910)
4(485 5909 9721 3400)
4(9722 2140 9718 6135)
4(9718 2140 12851 6136)
4(550 3401 9722 6135)
4(9721 2140 9720 6145)
4(9722 6146 9720 2140)
4(553 3403 9721 6145)
4(553 6146 9722 3403)
4(1239 6145 9721 5909)
4(1240 6135 9722 6146)
4(8397 5909 9721 2141)
4(9723 2141 9721 6145)
4(489 5929 9724 5927)
4(489 5929 9725 3415)
4(8402 5923 9526 2143)
4(9726 2143 9526 5934)
4(491 5936 9726 5934)
4(1207 5934 9726 4860)
4(8403 2144 9533 5928)
4(9727 6164 9533 2144)
4(559 6164 9727 6166)
4(1207 4860 9727 6164)
4(9536 2145 9726 5934)
4(491 5936 9728 3421)
4(9536 6164 9727 2145)
4(559 3423 9729 6166)
4(8406 5930 9544 2146)
4(9730 2146 9544 5941)
4(493 5943 9730 5941)
4(1210 5941 9730 4861)
4(8407 2147 9551 5935)
4(9731 6172 9551 2147)
4(561 6172 9731 6174)
4(1210 4861 9731 6172)
4(9554 2148 9730 5941)
4(493 5943 9732 3427)
4(9554 6172 9731 2148)
4(561 3429 9733 6174)
4(8410 5937 9562 2149)
4(9734 2149 9562 5948)
4(495 5950 9734 5948)
4(1213 5948 9734 4862)
4(8411 2150 9569 5942)
4(9735 6180 9569 2150)
4(563 6180 9735 6182)
4(1213 4862 9735 6180)
4(9572 2151 9734 5948)
4(495 5950 9736 3433)
4(9572 6180 9735 2151)
4(563 3435 9737 6182)
4(8414 5944 9580 2152)
4(9738 2152 9580 5955)
4(497 5957 9738 5955)
4(1216 5955 9738 4863)
4(8415 2153 9587 5949)
4(9739 6188 9587 2153)
4(565 6188 9739 6190)
4(1216 4863 9739 6188)
4(9590 2154 9738 5955)
4(497 5957 9740 3439)
4(9590 6188 9739 2154)
4(565 3441 9741 6190)
4(8418 5951 9598 2155)
4(1219 5961 9742 4864)
4(8419 2156 9605 5956)
4(9743 6196 9605 2156)
4(567 6196 9743 6198)
4(1219 4864 9743 6196)
3(9608 6196 9743)
3(567 3447 6198)
4(9744 2157 8424 4865)
4(9745 2157 9744 4866)
4(8424 2157 9745 4867)
3(4867 9745 4866)
4(8424 2157 9466 5982)
4(12382 2157 8424 5984)
4(9744 5989 9466 2157)
4(9744 2157 8426 5991)
4(506 5989 9744 5991)
4(9745 5992 8426 2157)
4(12382 5993 9745 2157)
4(507 5992 9745 5993)
4(1241 5991 9744 4866)
4(1241 4866 9745 5992)
4(1615 5993 9745 4867)
3(9746 9744 5991)
4(506 3405 9746 5991)
3(1241 6152 4866)
4(1241 5991 9746 6152)
4(9748 2158 9745 4866)
3(9748 9747 2158)
4(9745 2158 9747 4867)
4(9749 5992 9745 2158)
4(12383 2158 9745 5993)
4(507 5992 9749 3467)
4(9750 2158 9747 6230)
4(9747 2158 12383 6231)
4(576 3468 9750 6230)
4(9749 2158 9748 6236)
4(9750 6237 9748 2158)
4(578 6236 9748 6237)
4(578 3470 9749 6236)
4(578 6237 9750 3470)
4(1241 4866 9748 6236)
4(1241 6236 9749 5992)
3(6230 9750 6237)
3(9751 6236 9748)
4(578 6236 9751 3552)
3(578 3552 6237)
4(1241 6152 9751 6236)
4(9752 2159 8427 4868)
4(9753 2159 9752 4870)
4(8427 2159 9753 4873)
4(306 4870 9752 4868)
4(306 4873 9753 4870)
4(8427 2159 9479 5985)
4(12403 2159 8427 5987)
4(9752 5999 9479 2159)
4(9752 2159 8431 6001)
4(509 5999 9752 6001)
4(9753 6002 8431 2159)
4(12403 6003 9753 2159)
4(510 6002 9753 6003)
4(1199 4868 9752 5999)
4(1242 6001 9752 4870)
4(1242 4870 9753 6002)
4(1625 6003 9753 4873)
4(8428 2160 9754 4868)
4(9755 2160 8428 4869)
4(306 4868 9754 4871)
4(306 4871 9755 4869)
4(8428 5990 9481 2160)
4(8428 2160 9746 5991)
4(1199 6151 9754 4868)
4(1241 4869 9755 6152)
4(9752 4868 9754 2161)
4(9752 2161 9756 4870)
4(306 4870 9756 4871)
4(9483 5999 9752 2161)
4(9757 2161 9752 6001)
4(509 3407 9757 6001)
4(9757 6156 9756 2161)
3(556 9756 6156)
4(556 6156 9757 3409)
4(1242 6156 9756 4870)
4(1242 6001 9757 6156)
4(8429 2162 9759 4869)
4(9759 2162 9758 4872)
4(9758 2162 8429 4873)
4(306 4872 9758 4873)
4(306 4869 9759 4872)
4(8429 5992 9749 2162)
4(12405 5994 8429 2162)
4(9758 2162 8540 6233)
4(12405 2162 9758 6234)
4(577 6234 9758 6233)
4(9759 2162 9749 6236)
4(9759 6238 8540 2162)
4(578 6238 9759 6236)
4(1241 6236 9759 4869)
4(1243 6233 9758 4872)
4(1243 4872 9759 6238)
4(1625 4873 9758 6234)
4(9760 2163 9753 4870)
4(9760 4872 9758 2163)
4(9753 2163 9758 4873)
4(306 4872 9760 4870)
4(9761 6002 9753 2163)
4(12404 2163 9753 6003)
4(510 6002 9761 3472)
4(9762 2163 9758 6233)
4(9758 2163 12404 6234)
4(577 3473 9762 6233)
4(9761 2163 9760 6246)
4(9762 6247 9760 2163)
4(581 6246 9760 6247)
4(581 3475 9761 6246)
4(581 6247 9762 3475)
4(1242 4870 9760 6246)
4(1242 6246 9761 6002)
4(1243 6247 9760 4872)
4(1243 6233 9762 6247)
4(9755 4869 9759 2164)
4(9763 2164 9759 4872)
4(306 4871 9763 4872)
4(9751 2164 9759 6236)
4(9759 2164 9764 6238)
4(578 6238 9764 3552)
4(1243 4872 9763 6399)
4(1243 6399 9764 6238)
4(9756 2165 9760 4870)
4(9760 2165 9763 4872)
4(9765 2165 9756 6156)
4(556 3553 9765 6156)
4(9765 6246 9760 2165)
4(9766 2165 9760 6247)
4(581 6246 9765 3554)
4(581 3554 9766 6247)
4(1242 6156 9765 6246)
4(1243 6247 9766 6399)
4(9767 2166 8432 4874)
4(9768 2166 9767 4876)
4(8432 2166 9768 4879)
4(307 4876 9767 4874)
4(307 4879 9768 4876)
4(8432 2166 9495 5995)
4(12433 2166 8432 5997)
4(9767 6009 9495 2166)
4(9767 2166 8436 6011)
4(512 6009 9767 6011)
4(9768 6012 8436 2166)
4(12433 6013 9768 2166)
4(513 6012 9768 6013)
4(1202 4874 9767 6009)
4(1244 6011 9767 4876)
4(1244 4876 9768 6012)
4(1635 6013 9768 4879)
4(8433 2167 9769 4874)
4(9770 2167 8433 4875)
4(9769 2167 9770 4877)
4(307 4874 9769 4877)
4(307 4877 9770 4875)
4(8433 6000 9498 2167)
4(8433 2167 9757 6001)
4(9769 2167 9498 6154)
4(9769 6155 8508 2167)
4(555 6155 9769 6154)
4(9770 6156 9757 2167)
4(9770 2167 8508 6157)
4(556 6156 9770 6157)
4(1202 6154 9769 4874)
4(1242 4875 9770 6156)
4(1245 4877 9769 6155)
4(1245 6157 9770 4877)
4(9767 4874 9769 2168)
4(9767 2168 9771 4876)
4(9771 2168 9769 4877)
4(307 4876 9771 4877)
4(9501 6009 9767 2168)
4(9772 2168 9767 6011)
4(512 3411 9772 6011)
4(9501 2168 9769 6154)
4(9769 2168 9773 6155)
4(9772 6161 9771 2168)
4(9773 2168 9771 6162)
4(558 6162 9771 6161)
4(558 6161 9772 3414)
4(1244 6161 9771 4876)
4(1244 6011 9772 6161)
4(1245 4877 9771 6162)
4(8434 2169 9775 4875)
4(9775 2169 9774 4878)
4(9774 2169 8434 4879)
4(307 4878 9774 4879)
4(307 4875 9775 4878)
4(8434 6002 9761 2169)
4(12435 6004 8434 2169)
4(9774 2169 8545 6243)
4(12435 2169 9774 6244)
4(580 6244 9774 6243)
4(9775 2169 9761 6246)
4(9775 6248 8545 2169)
4(581 6248 9775 6246)
4(1242 6246 9775 4875)
4(1246 6243 9774 4878)
4(1246 4878 9775 6248)
4(1635 4879 9774 6244)
4(9776 2170 9768 4876)
4(9776 4878 9774 2170)
4(9768 2170 9774 4879)
4(307 4878 9776 4876)
4(9777 6012 9768 2170)
4(12434 2170 9768 6013)
4(513 6012 9777 3477)
4(9778 2170 9774 6243)
4(9774 2170 12434 6244)
4(580 3478 9778 6243)
4(9777 2170 9776 6256)
4(9778 6257 9776 2170)
4(584 6256 9776 6257)
4(584 3480 9777 6256)
4(584 6257 9778 3480)
4(1244 4876 9776 6256)
4(1244 6256 9777 6012)
4(1246 6257 9776 4878)
4(1246 6243 9778 6257)
4(9770 4875 9775 2171)
4(9770 2171 9779 4877)
4(9779 2171 9775 4878)
4(307 4877 9779 4878)
4(9765 6156 9770 2171)
4(9780 2171 9770 6157)
4(9765 2171 9775 6246)
4(9775 2171 9781 6248)
4(581 6248 9781 3554)
4(9780 6401 9779 2171)
4(9781 2171 9779 6402)
4(627 6402 9779 6401)
4(627 3555 9781 6402)
4(1245 6401 9779 4877)
4(1246 4878 9779 6402)
4(1246 6402 9781 6248)
4(9771 2172 9776 4876)
4(9771 4877 9779 2172)
4(9776 2172 9779 4878)
4(9782 2172 9771 6161)
4(9771 2172 9783 6162)
4(558 3557 9782 6161)
4(9782 6256 9776 2172)
4(9784 2172 9776 6257)
4(584 6256 9782 3558)
4(584 3558 9784 6257)
4(9783 2172 9779 6401)
4(9779 2172 9784 6402)
4(627 6402 9784 3559)
4(1244 6161 9782 6256)
4(1246 6257 9784 6402)
4(9785 2173 8437 4880)
4(9786 2173 9785 4882)
4(8437 2173 9786 4885)
4(308 4882 9785 4880)
4(308 4885 9786 4882)
4(8437 2173 9513 6005)
4(12463 2173 8437 6007)
4(9785 6019 9513 2173)
4(9785 2173 8441 6021)
4(515 6019 9785 6021)
4(9786 6022 8441 2173)
4(12463 6023 9786 2173)
4(516 6022 9786 6023)
4(1205 4880 9785 6019)
4(1247 6021 9785 4882)
4(1247 4882 9786 6022)
4(1645 6023 9786 4885)
4(8438 2174 9787 4880)
4(9788 2174 8438 4881)
4(9787 2174 9788 4883)
4(308 4880 9787 4883)
4(308 4883 9788 4881)
4(8438 6010 9516 2174)
4(8438 2174 9772 6011)
4(9787 2174 9516 6159)
4(9787 6160 8509 2174)
4(557 6160 9787 6159)
4(9788 6161 9772 2174)
4(9788 2174 8509 6163)
4(558 6161 9788 6163)
4(1205 6159 9787 4880)
4(1244 4881 9788 6161)
4(1248 4883 9787 6160)
4(1248 6163 9788 4883)
4(9785 4880 9787 2175)
4(9785 2175 9789 4882)
4(9789 2175 9787 4883)
4(308 4882 9789 4883)
4(9519 6019 9785 2175)
4(9790 2175 9785 6021)
4(515 3416 9790 6021)
4(9519 2175 9787 6159)
4(9787 2175 9791 6160)
4(9790 6168 9789 2175)
4(9791 2175 9789 6169)
4(560 6169 9789 6168)
4(560 6168 9790 3420)
4(560 3420 9791 6169)
4(1247 6168 9789 4882)
4(1247 6021 9790 6168)
4(1248 4883 9789 6169)
4(8439 2176 9793 4881)
4(9793 2176 9792 4884)
4(9792 2176 8439 4885)
4(308 4884 9792 4885)
4(308 4881 9793 4884)
4(8439 6012 9777 2176)
4(12465 6014 8439 2176)
4(9792 2176 8550 6253)
4(12465 2176 9792 6254)
4(583 6254 9792 6253)
4(9793 2176 9777 6256)
4(9793 6258 8550 2176)
4(584 6258 9793 6256)
4(1244 6256 9793 4881)
4(1249 6253 9792 4884)
4(1249 4884 9793 6258)
4(1645 4885 9792 6254)
4(9794 2177 9786 4882)
4(9794 4884 9792 2177)
4(9786 2177 9792 4885)
4(308 4884 9794 4882)
4(9795 6022 9786 2177)
4(12464 2177 9786 6023)
4(516 6022 9795 3482)
4(9796 2177 9792 6253)
4(9792 2177 12464 6254)
4(583 3483 9796 6253)
4(9795 2177 9794 6266)
4(9796 6267 9794 2177)
4(587 6266 9794 6267)
4(587 3485 9795 6266)
4(587 6267 9796 3485)
4(1247 4882 9794 6266)
4(1247 6266 9795 6022)
4(1249 6267 9794 4884)
4(1249 6253 9796 6267)
4(9788 4881 9793 2178)
4(9788 2178 9797 4883)
4(9797 2178 9793 4884)
4(308 4883 9797 4884)
4(9782 6161 9788 2178)
4(9798 2178 9788 6163)
4(9782 2178 9793 6256)
4(9793 2178 9799 6258)
4(584 6258 9799 3558)
4(9798 6406 9797 2178)
4(9799 2178 9797 6407)
4(629 6407 9797 6406)
4(629 3560 9799 6407)
4(1248 6406 9797 4883)
4(1249 4884 9797 6407)
4(1249 6407 9799 6258)
4(9789 2179 9794 4882)
4(9789 4883 9797 2179)
4(9794 2179 9797 4884)
4(9800 2179 9789 6168)
4(9789 2179 9801 6169)
4(560 3562 9800 6168)
4(560 6169 9801 3562)
4(9800 6266 9794 2179)
4(9802 2179 9794 6267)
4(587 6266 9800 3563)
4(587 3563 9802 6267)
4(9801 2179 9797 6406)
4(9797 2179 9802 6407)
4(629 6407 9802 3564)
4(1247 6168 9800 6266)
4(1249 6267 9802 6407)
4(9803 2180 8442 4886)
4(9804 2180 9803 4888)
4(8442 2180 9804 4891)
4(309 4888 9803 4886)
4(309 4891 9804 4888)
4(8442 2180 9531 6015)
4(12493 2180 8442 6017)
4(9803 6029 9531 2180)
4(9803 2180 8446 6031)
4(518 6029 9803 6031)
4(9804 6032 8446 2180)
4(12493 6033 9804 2180)
4(519 6032 9804 6033)
4(1208 4886 9803 6029)
4(1250 6031 9803 4888)
4(1250 4888 9804 6032)
4(1655 6033 9804 4891)
4(8443 2181 9805 4886)
4(9806 2181 8443 4887)
4(9805 2181 9806 4889)
4(309 4886 9805 4889)
4(309 4889 9806 4887)
4(8443 6020 9534 2181)
4(8443 2181 9790 6021)
4(9805 2181 9534 6165)
4(9805 6167 8511 2181)
4(559 6167 9805 6165)
4(9806 6168 9790 2181)
4(9806 2181 8511 6170)
4(560 6168 9806 6170)
4(1208 6165 9805 4886)
4(1247 4887 9806 6168)
4(1251 4889 9805 6167)
4(1251 6170 9806 4889)
4(9803 4886 9805 2182)
4(9803 2182 9807 4888)
4(9807 2182 9805 4889)
4(309 4888 9807 4889)
4(9537 6029 9803 2182)
4(9808 2182 9803 6031)
4(518 3422 9808 6031)
4(9537 2182 9805 6165)
4(9805 2182 9809 6167)
4(559 6167 9809 3423)
4(9808 6176 9807 2182)
4(9809 2182 9807 6177)
4(562 6177 9807 6176)
4(562 6176 9808 3426)
4(562 3426 9809 6177)
4(1250 6176 9807 4888)
4(1250 6031 9808 6176)
4(1251 4889 9807 6177)
4(1251 6177 9809 6167)
4(8444 2183 9811 4887)
4(9811 2183 9810 4890)
4(9810 2183 8444 4891)
4(309 4890 9810 4891)
4(309 4887 9811 4890)
4(8444 6022 9795 2183)
4(12495 6024 8444 2183)
4(9810 2183 8555 6263)
4(12495 2183 9810 6264)
4(586 6264 9810 6263)
4(9811 2183 9795 6266)
4(9811 6268 8555 2183)
4(587 6268 9811 6266)
4(1247 6266 9811 4887)
4(1252 6263 9810 4890)
4(1252 4890 9811 6268)
4(1655 4891 9810 6264)
4(9812 2184 9804 4888)
4(9812 4890 9810 2184)
4(9804 2184 9810 4891)
4(309 4890 9812 4888)
4(9813 6032 9804 2184)
4(12494 2184 9804 6033)
4(519 6032 9813 3487)
4(9814 2184 9810 6263)
4(9810 2184 12494 6264)
4(586 3488 9814 6263)
4(9813 2184 9812 6276)
4(9814 6277 9812 2184)
4(590 6276 9812 6277)
4(590 3490 9813 6276)
4(590 6277 9814 3490)
4(1250 4888 9812 6276)
4(1250 6276 9813 6032)
4(1252 6277 9812 4890)
4(1252 6263 9814 6277)
4(9806 4887 9811 2185)
4(9806 2185 9815 4889)
4(9815 2185 9811 4890)
4(309 4889 9815 4890)
4(9800 6168 9806 2185)
4(9816 2185 9806 6170)
4(560 3562 9816 6170)
4(9800 2185 9811 6266)
4(9811 2185 9817 6268)
4(587 6268 9817 3563)
4(9816 6412 9815 2185)
4(9817 2185 9815 6413)
4(631 6413 9815 6412)
4(631 6412 9816 3565)
4(631 3565 9817 6413)
4(1251 6412 9815 4889)
4(1251 6170 9816 6412)
4(1252 4890 9815 6413)
4(1252 6413 9817 6268)
4(9807 2186 9812 4888)
4(9807 4889 9815 2186)
4(9812 2186 9815 4890)
4(9818 2186 9807 6176)
4(9807 2186 9819 6177)
4(562 3568 9818 6176)
4(562 6177 9819 3568)
4(9818 6276 9812 2186)
4(9820 2186 9812 6277)
4(590 6276 9818 3569)
4(590 3569 9820 6277)
4(9819 2186 9815 6412)
4(9815 2186 9820 6413)
4(631 3570 9819 6412)
4(631 6413 9820 3570)
4(1250 6176 9818 6276)
4(1251 6412 9819 6177)
4(1252 6277 9820 6413)
4(9821 2187 8447 4892)
4(9822 2187 9821 4894)
4(8447 2187 9822 4897)
4(310 4894 9821 4892)
4(310 4897 9822 4894)
4(8447 2187 9549 6025)
4(12523 2187 8447 6027)
4(9821 6039 9549 2187)
4(9821 2187 8451 6041)
4(521 6039 9821 6041)
4(9822 6042 8451 2187)
4(12523 6043 9822 2187)
4(522 6042 9822 6043)
4(1211 4892 9821 6039)
4(1253 6041 9821 4894)
4(1253 4894 9822 6042)
4(1665 6043 9822 4897)
4(8448 2188 9823 4892)
4(9824 2188 8448 4893)
4(9823 2188 9824 4895)
4(310 4892 9823 4895)
4(310 4895 9824 4893)
4(8448 6030 9552 2188)
4(8448 2188 9808 6031)
4(9823 2188 9552 6173)
4(9823 6175 8516 2188)
4(561 6175 9823 6173)
4(9824 6176 9808 2188)
4(9824 2188 8516 6178)
4(562 6176 9824 6178)
4(1211 6173 9823 4892)
4(1250 4893 9824 6176)
4(1254 4895 9823 6175)
4(1254 6178 9824 4895)
4(9821 4892 9823 2189)
4(9821 2189 9825 4894)
4(9825 2189 9823 4895)
4(310 4894 9825 4895)
4(9555 6039 9821 2189)
4(9826 2189 9821 6041)
4(521 3428 9826 6041)
4(9555 2189 9823 6173)
4(9823 2189 9827 6175)
4(561 6175 9827 3429)
4(9826 6184 9825 2189)
4(9827 2189 9825 6185)
4(564 6185 9825 6184)
4(564 6184 9826 3432)
4(564 3432 9827 6185)
4(1253 6184 9825 4894)
4(1253 6041 9826 6184)
4(1254 4895 9825 6185)
4(1254 6185 9827 6175)
4(8449 2190 9829 4893)
4(9829 2190 9828 4896)
4(9828 2190 8449 4897)
4(310 4896 9828 4897)
4(310 4893 9829 4896)
4(8449 6032 9813 2190)
4(12525 6034 8449 2190)
4(9828 2190 8560 6273)
4(12525 2190 9828 6274)
4(589 6274 9828 6273)
4(9829 2190 9813 6276)
4(9829 6278 8560 2190)
4(590 6278 9829 6276)
4(1250 6276 9829 4893)
4(1255 6273 9828 4896)
4(1255 4896 9829 6278)
4(1665 4897 9828 6274)
4(9830 2191 9822 4894)
4(9830 4896 9828 2191)
4(9822 2191 9828 4897)
4(310 4896 9830 4894)
4(9831 6042 9822 2191)
4(12524 2191 9822 6043)
4(522 6042 9831 3492)
4(9832 2191 9828 6273)
4(9828 2191 12524 6274)
4(589 3493 9832 6273)
4(9831 2191 9830 6286)
4(9832 6287 9830 2191)
4(593 6286 9830 6287)
4(593 3495 9831 6286)
4(593 6287 9832 3495)
4(1253 4894 9830 6286)
4(1253 6286 9831 6042)
4(1255 6287 9830 4896)
4(1255 6273 9832 6287)
4(9824 4893 9829 2192)
4(9824 2192 9833 4895)
4(9833 2192 9829 4896)
4(310 4895 9833 4896)
4(9818 6176 9824 2192)
4(9834 2192 9824 6178)
4(562 3568 9834 6178)
4(9818 2192 9829 6276)
4(9829 2192 9835 6278)
4(590 6278 9835 3569)
4(9834 6420 9833 2192)
4(9835 2192 9833 6421)
4(633 6421 9833 6420)
4(633 6420 9834 3571)
4(633 3571 9835 6421)
4(1254 6420 9833 4895)
4(1254 6178 9834 6420)
4(1255 4896 9833 6421)
4(1255 6421 9835 6278)
4(9825 2193 9830 4894)
4(9825 4895 9833 2193)
4(9830 2193 9833 4896)
4(9836 2193 9825 6184)
4(9825 2193 9837 6185)
4(564 3574 9836 6184)
4(564 6185 9837 3574)
4(9836 6286 9830 2193)
4(9838 2193 9830 6287)
4(593 6286 9836 3575)
4(593 3575 9838 6287)
4(9837 2193 9833 6420)
4(9833 2193 9838 6421)
4(633 3576 9837 6420)
4(633 6421 9838 3576)
4(1253 6184 9836 6286)
4(1254 6420 9837 6185)
4(1255 6287 9838 6421)
4(9839 2194 8452 4898)
4(9840 2194 9839 4900)
4(8452 2194 9840 4903)
4(311 4900 9839 4898)
4(311 4903 9840 4900)
4(8452 2194 9567 6035)
4(12553 2194 8452 6037)
4(9839 6049 9567 2194)
4(9839 2194 8456 6051)
4(524 6049 9839 6051)
4(9840 6052 8456 2194)
4(12553 6053 9840 2194)
4(525 6052 9840 6053)
4(1214 4898 9839 6049)
4(1256 6051 9839 4900)
4(1256 4900 9840 6052)
4(1675 6053 9840 4903)
4(8453 2195 9841 4898)
4(9842 2195 8453 4899)
4(9841 2195 9842 4901)
4(311 4898 9841 4901)
4(311 4901 9842 4899)
4(8453 6040 9570 2195)
4(8453 2195 9826 6041)
4(9841 2195 9570 6181)
4(9841 6183 8521 2195)
4(563 6183 9841 6181)
4(9842 6184 9826 2195)
4(9842 2195 8521 6186)
4(564 6184 9842 6186)
4(1214 6181 9841 4898)
4(1253 4899 9842 6184)
4(1257 4901 9841 6183)
4(1257 6186 9842 4901)
4(9839 4898 9841 2196)
4(9839 2196 9843 4900)
4(9843 2196 9841 4901)
4(311 4900 9843 4901)
4(9573 6049 9839 2196)
4(9844 2196 9839 6051)
4(524 3434 9844 6051)
4(9573 2196 9841 6181)
4(9841 2196 9845 6183)
4(563 6183 9845 3435)
4(9844 6192 9843 2196)
4(9845 2196 9843 6193)
4(566 6193 9843 6192)
4(566 6192 9844 3438)
4(566 3438 9845 6193)
4(1256 6192 9843 4900)
4(1256 6051 9844 6192)
4(1257 4901 9843 6193)
4(1257 6193 9845 6183)
4(8454 2197 9847 4899)
4(9847 2197 9846 4902)
4(9846 2197 8454 4903)
4(311 4902 9846 4903)
4(311 4899 9847 4902)
4(8454 6042 9831 2197)
4(12555 6044 8454 2197)
4(9846 2197 8565 6283)
4(12555 2197 9846 6284)
4(592 6284 9846 6283)
4(9847 2197 9831 6286)
4(9847 6288 8565 2197)
4(593 6288 9847 6286)
4(1253 6286 9847 4899)
4(1258 6283 9846 4902)
4(1258 4902 9847 6288)
4(1675 4903 9846 6284)
4(9848 2198 9840 4900)
4(9848 4902 9846 2198)
4(9840 2198 9846 4903)
4(311 4902 9848 4900)
4(9849 6052 9840 2198)
4(12554 2198 9840 6053)
4(525 6052 9849 3497)
4(9850 2198 9846 6283)
4(9846 2198 12554 6284)
4(592 3498 9850 6283)
4(9849 2198 9848 6296)
4(9850 6297 9848 2198)
4(596 6296 9848 6297)
4(596 3500 9849 6296)
4(596 6297 9850 3500)
4(1256 4900 9848 6296)
4(1256 6296 9849 6052)
4(1258 6297 9848 4902)
4(1258 6283 9850 6297)
4(9842 4899 9847 2199)
4(9842 2199 9851 4901)
4(9851 2199 9847 4902)
4(311 4901 9851 4902)
4(9836 6184 9842 2199)
4(9852 2199 9842 6186)
4(564 3574 9852 6186)
4(9836 2199 9847 6286)
4(9847 2199 9853 6288)
4(593 6288 9853 3575)
4(9852 6428 9851 2199)
4(9853 2199 9851 6429)
4(635 6429 9851 6428)
4(635 6428 9852 3577)
4(635 3577 9853 6429)
4(1257 6428 9851 4901)
4(1257 6186 9852 6428)
4(1258 4902 9851 6429)
4(1258 6429 9853 6288)
4(9843 2200 9848 4900)
4(9843 4901 9851 2200)
4(9848 2200 9851 4902)
4(9854 2200 9843 6192)
4(9843 2200 9855 6193)
4(566 3580 9854 6192)
4(566 6193 9855 3580)
4(9854 6296 9848 2200)
4(9856 2200 9848 6297)
4(596 6296 9854 3581)
4(596 3581 9856 6297)
4(9855 2200 9851 6428)
4(9851 2200 9856 6429)
4(635 3582 9855 6428)
4(635 6429 9856 3582)
4(1256 6192 9854 6296)
4(1257 6428 9855 6193)
4(1258 6297 9856 6429)
4(9857 2201 8457 4904)
4(9858 2201 9857 4906)
4(8457 2201 9858 4909)
4(312 4906 9857 4904)
4(312 4909 9858 4906)
4(8457 2201 9585 6045)
4(12583 2201 8457 6047)
4(9857 6059 9585 2201)
4(9857 2201 8461 6061)
4(527 6059 9857 6061)
4(9858 6062 8461 2201)
4(12583 6063 9858 2201)
4(528 6062 9858 6063)
4(1217 4904 9857 6059)
4(1259 6061 9857 4906)
4(1259 4906 9858 6062)
4(1685 6063 9858 4909)
4(8458 2202 9859 4904)
4(9860 2202 8458 4905)
4(9859 2202 9860 4907)
4(312 4904 9859 4907)
4(312 4907 9860 4905)
4(8458 6050 9588 2202)
4(8458 2202 9844 6051)
4(9859 2202 9588 6189)
4(9859 6191 8526 2202)
4(565 6191 9859 6189)
4(9860 6192 9844 2202)
4(9860 2202 8526 6194)
4(566 6192 9860 6194)
4(1217 6189 9859 4904)
4(1256 4905 9860 6192)
4(1260 4907 9859 6191)
4(1260 6194 9860 4907)
4(9857 4904 9859 2203)
4(9857 2203 9861 4906)
4(9861 2203 9859 4907)
4(312 4906 9861 4907)
4(9591 6059 9857 2203)
4(9862 2203 9857 6061)
4(527 3440 9862 6061)
4(9591 2203 9859 6189)
4(9859 2203 9863 6191)
4(565 6191 9863 3441)
4(9862 6200 9861 2203)
4(9863 2203 9861 6201)
4(568 6201 9861 6200)
4(568 6200 9862 3444)
4(568 3444 9863 6201)
4(1259 6200 9861 4906)
4(1259 6061 9862 6200)
4(1260 4907 9861 6201)
4(1260 6201 9863 6191)
4(8459 2204 9865 4905)
4(9865 2204 9864 4908)
4(9864 2204 8459 4909)
4(312 4908 9864 4909)
4(312 4905 9865 4908)
4(8459 6052 9849 2204)
4(12585 6054 8459 2204)
4(9864 2204 8570 6293)
4(12585 2204 9864 6294)
4(595 6294 9864 6293)
4(9865 2204 9849 6296)
4(9865 6298 8570 2204)
4(596 6298 9865 6296)
4(1256 6296 9865 4905)
4(1261 6293 9864 4908)
4(1261 4908 9865 6298)
4(1685 4909 9864 6294)
4(9866 2205 9858 4906)
4(9866 4908 9864 2205)
4(9858 2205 9864 4909)
4(312 4908 9866 4906)
4(9867 6062 9858 2205)
4(12584 2205 9858 6063)
4(528 6062 9867 3502)
4(9868 2205 9864 6293)
4(9864 2205 12584 6294)
4(595 3503 9868 6293)
4(9867 2205 9866 6306)
4(9868 6307 9866 2205)
4(599 6306 9866 6307)
4(599 3505 9867 6306)
4(599 6307 9868 3505)
4(1259 4906 9866 6306)
4(1259 6306 9867 6062)
4(1261 6307 9866 4908)
4(1261 6293 9868 6307)
4(9860 4905 9865 2206)
4(9860 2206 9869 4907)
4(9869 2206 9865 4908)
4(312 4907 9869 4908)
4(9854 6192 9860 2206)
4(9870 2206 9860 6194)
4(566 3580 9870 6194)
4(9854 2206 9865 6296)
4(9865 2206 9871 6298)
4(596 6298 9871 3581)
4(9870 6436 9869 2206)
4(9871 2206 9869 6437)
4(637 6437 9869 6436)
4(637 6436 9870 3583)
4(637 3583 9871 6437)
4(1260 6436 9869 4907)
4(1260 6194 9870 6436)
4(1261 4908 9869 6437)
4(1261 6437 9871 6298)
4(9861 2207 9866 4906)
4(9861 4907 9869 2207)
4(9866 2207 9869 4908)
4(9872 2207 9861 6200)
4(9861 2207 9873 6201)
4(568 3586 9872 6200)
4(568 6201 9873 3586)
4(9872 6306 9866 2207)
4(9874 2207 9866 6307)
4(599 6306 9872 3587)
4(599 3587 9874 6307)
4(9873 2207 9869 6436)
4(9869 2207 9874 6437)
4(637 3588 9873 6436)
4(637 6437 9874 3588)
4(1259 6200 9872 6306)
4(1260 6436 9873 6201)
4(1261 6307 9874 6437)
4(9875 2208 8462 4910)
4(9876 2208 9875 4912)
4(8462 2208 9876 4915)
4(313 4912 9875 4910)
4(313 4915 9876 4912)
4(8462 2208 9603 6055)
4(12613 2208 8462 6057)
4(9875 6069 9603 2208)
4(9875 2208 8466 6071)
4(530 6069 9875 6071)
4(9876 6072 8466 2208)
4(12613 6073 9876 2208)
4(531 6072 9876 6073)
4(1220 4910 9875 6069)
4(1262 6071 9875 4912)
4(1262 4912 9876 6072)
4(1695 6073 9876 4915)
4(8463 2209 9877 4910)
4(9878 2209 8463 4911)
4(9877 2209 9878 4913)
4(313 4910 9877 4913)
4(313 4913 9878 4911)
4(8463 6060 9606 2209)
4(8463 2209 9862 6061)
4(9877 2209 9606 6197)
4(9877 6199 8531 2209)
4(567 6199 9877 6197)
4(9878 6200 9862 2209)
4(9878 2209 8531 6202)
4(568 6200 9878 6202)
4(1220 6197 9877 4910)
4(1259 4911 9878 6200)
4(1263 4913 9877 6199)
4(1263 6202 9878 4913)
4(9875 4910 9877 2210)
4(9875 2210 9879 4912)
4(9879 2210 9877 4913)
4(313 4912 9879 4913)
4(9609 6069 9875 2210)
4(9880 2210 9875 6071)
4(530 3446 9880 6071)
4(9609 2210 9877 6197)
4(9877 2210 9881 6199)
4(567 6199 9881 3447)
4(9880 6207 9879 2210)
4(9881 2210 9879 6208)
4(570 6208 9879 6207)
4(570 6207 9880 3449)
4(1262 6207 9879 4912)
4(1262 6071 9880 6207)
4(1263 4913 9879 6208)
4(1263 6208 9881 6199)
4(8464 2211 9883 4911)
4(9883 2211 9882 4914)
4(9882 2211 8464 4915)
4(313 4914 9882 4915)
4(313 4911 9883 4914)
4(8464 6062 9867 2211)
4(12615 6064 8464 2211)
4(9882 2211 8575 6303)
4(12615 2211 9882 6304)
4(598 6304 9882 6303)
4(9883 2211 9867 6306)
4(9883 6308 8575 2211)
4(599 6308 9883 6306)
4(1259 6306 9883 4911)
4(1264 6303 9882 4914)
4(1264 4914 9883 6308)
4(1695 4915 9882 6304)
4(9884 2212 9876 4912)
4(9884 4914 9882 2212)
4(9876 2212 9882 4915)
4(313 4914 9884 4912)
4(9885 6072 9876 2212)
4(12614 2212 9876 6073)
4(531 6072 9885 3507)
4(9886 2212 9882 6303)
4(9882 2212 12614 6304)
4(598 3508 9886 6303)
4(9885 2212 9884 6316)
4(9886 6317 9884 2212)
4(602 6316 9884 6317)
4(602 3510 9885 6316)
4(602 6317 9886 3510)
4(1262 4912 9884 6316)
4(1262 6316 9885 6072)
4(1264 6317 9884 4914)
4(1264 6303 9886 6317)
4(9878 4911 9883 2213)
4(9878 2213 9887 4913)
4(9887 2213 9883 4914)
4(313 4913 9887 4914)
4(9872 6200 9878 2213)
4(9888 2213 9878 6202)
4(568 3586 9888 6202)
4(9872 2213 9883 6306)
4(9883 2213 9889 6308)
4(599 6308 9889 3587)
4(9888 6444 9887 2213)
4(9889 2213 9887 6445)
4(639 6445 9887 6444)
4(639 6444 9888 3589)
4(639 3589 9889 6445)
4(1263 6444 9887 4913)
4(1263 6202 9888 6444)
4(1264 4914 9887 6445)
4(1264 6445 9889 6308)
4(9879 2214 9884 4912)
4(9879 4913 9887 2214)
4(9884 2214 9887 4914)
4(9890 2214 9879 6207)
4(9879 2214 9891 6208)
4(570 3592 9890 6207)
4(9890 6316 9884 2214)
4(9892 2214 9884 6317)
4(602 6316 9890 3593)
4(602 3593 9892 6317)
4(9891 2214 9887 6444)
4(9887 2214 9892 6445)
4(639 3594 9891 6444)
4(639 6445 9892 3594)
4(1262 6207 9890 6316)
4(1263 6444 9891 6208)
4(1264 6317 9892 6445)
4(9893 2215 8467 4916)
4(9894 2215 9893 4918)
4(8467 2215 9894 4921)
4(314 4918 9893 4916)
4(314 4921 9894 4918)
4(8467 2215 9621 6065)
4(12643 2215 8467 6067)
4(9893 6079 9621 2215)
4(9893 2215 8471 6081)
4(533 6079 9893 6081)
4(9894 6082 8471 2215)
4(12643 6083 9894 2215)
4(534 6082 9894 6083)
4(1223 4916 9893 6079)
4(1265 6081 9893 4918)
4(1265 4918 9894 6082)
4(1705 6083 9894 4921)
4(8468 2216 9895 4916)
4(9896 2216 8468 4917)
4(9895 2216 9896 4919)
4(314 4916 9895 4919)
4(314 4919 9896 4917)
4(8468 6070 9624 2216)
4(8468 2216 9880 6071)
4(9895 2216 9624 6205)
4(9895 6206 8535 2216)
4(569 6206 9895 6205)
4(9896 6207 9880 2216)
4(9896 2216 8535 6209)
4(570 6207 9896 6209)
4(1223 6205 9895 4916)
4(1262 4917 9896 6207)
4(1266 4919 9895 6206)
4(1266 6209 9896 4919)
4(9893 4916 9895 2217)
4(9893 2217 9897 4918)
4(9897 2217 9895 4919)
4(314 4918 9897 4919)
4(9627 6079 9893 2217)
4(9898 2217 9893 6081)
4(533 3451 9898 6081)
4(9627 2217 9895 6205)
4(9895 2217 9899 6206)
4(9898 6213 9897 2217)
4(9899 2217 9897 6214)
4(572 6214 9897 6213)
4(572 6213 9898 3454)
4(1265 6213 9897 4918)
4(1265 6081 9898 6213)
4(1266 4919 9897 6214)
4(8469 2218 9901 4917)
4(9901 2218 9900 4920)
4(9900 2218 8469 4921)
4(314 4920 9900 4921)
4(314 4917 9901 4920)
4(8469 6072 9885 2218)
4(12645 6074 8469 2218)
4(9900 2218 8580 6313)
4(12645 2218 9900 6314)
4(601 6314 9900 6313)
4(9901 2218 9885 6316)
4(9901 6318 8580 2218)
4(602 6318 9901 6316)
4(1262 6316 9901 4917)
4(1267 6313 9900 4920)
4(1267 4920 9901 6318)
4(1705 4921 9900 6314)
4(9902 2219 9894 4918)
4(9902 4920 9900 2219)
4(9894 2219 9900 4921)
4(314 4920 9902 4918)
4(9903 6082 9894 2219)
4(12644 2219 9894 6083)
4(534 6082 9903 3512)
4(9904 2219 9900 6313)
4(9900 2219 12644 6314)
4(601 3513 9904 6313)
4(9903 2219 9902 6326)
4(9904 6327 9902 2219)
4(605 6326 9902 6327)
4(605 3515 9903 6326)
4(605 6327 9904 3515)
4(1265 4918 9902 6326)
4(1265 6326 9903 6082)
4(1267 6327 9902 4920)
4(1267 6313 9904 6327)
4(9896 4917 9901 2220)
4(9896 2220 9905 4919)
4(9905 2220 9901 4920)
4(314 4919 9905 4920)
4(9890 6207 9896 2220)
4(9906 2220 9896 6209)
4(9890 2220 9901 6316)
4(9901 2220 9907 6318)
4(602 6318 9907 3593)
4(9906 6452 9905 2220)
4(9907 2220 9905 6453)
4(641 6453 9905 6452)
4(641 3595 9907 6453)
4(1266 6452 9905 4919)
4(1267 4920 9905 6453)
4(1267 6453 9907 6318)
4(9897 2221 9902 4918)
4(9897 4919 9905 2221)
4(9902 2221 9905 4920)
4(9908 2221 9897 6213)
4(9897 2221 9909 6214)
4(572 3597 9908 6213)
4(9908 6326 9902 2221)
4(9910 2221 9902 6327)
4(605 6326 9908 3598)
4(605 3598 9910 6327)
4(9909 2221 9905 6452)
4(9905 2221 9910 6453)
4(641 6453 9910 3599)
4(1265 6213 9908 6326)
4(1267 6327 9910 6453)
4(9911 2222 8472 4922)
4(9912 2222 9911 4924)
4(8472 2222 9912 4927)
4(315 4924 9911 4922)
4(315 4927 9912 4924)
4(8472 2222 9639 6075)
4(12673 2222 8472 6077)
4(9911 6089 9639 2222)
4(9911 2222 8476 6091)
4(536 6089 9911 6091)
4(9912 6092 8476 2222)
4(12673 6093 9912 2222)
4(537 6092 9912 6093)
4(1226 4922 9911 6089)
4(1268 6091 9911 4924)
4(1268 4924 9912 6092)
4(1715 6093 9912 4927)
4(8473 2223 9913 4922)
4(9914 2223 8473 4923)
4(9913 2223 9914 4925)
4(315 4922 9913 4925)
4(315 4925 9914 4923)
4(8473 6080 9642 2223)
4(8473 2223 9898 6081)
4(9913 2223 9642 6211)
4(9913 6212 8536 2223)
4(571 6212 9913 6211)
4(9914 6213 9898 2223)
4(9914 2223 8536 6215)
4(572 6213 9914 6215)
4(1226 6211 9913 4922)
4(1265 4923 9914 6213)
4(1269 4925 9913 6212)
4(1269 6215 9914 4925)
4(9911 4922 9913 2224)
4(9911 2224 9915 4924)
4(9915 2224 9913 4925)
4(315 4924 9915 4925)
4(9645 6089 9911 2224)
4(9916 2224 9911 6091)
4(536 3456 9916 6091)
4(9645 2224 9913 6211)
4(9913 2224 9917 6212)
4(9916 6219 9915 2224)
4(9917 2224 9915 6220)
4(574 6220 9915 6219)
4(574 6219 9916 3459)
4(1268 6219 9915 4924)
4(1268 6091 9916 6219)
4(1269 4925 9915 6220)
4(8474 2225 9919 4923)
4(9919 2225 9918 4926)
4(9918 2225 8474 4927)
4(315 4926 9918 4927)
4(315 4923 9919 4926)
4(8474 6082 9903 2225)
4(12675 6084 8474 2225)
4(9918 2225 8585 6323)
4(12675 2225 9918 6324)
4(604 6324 9918 6323)
4(9919 2225 9903 6326)
4(9919 6328 8585 2225)
4(605 6328 9919 6326)
4(1265 6326 9919 4923)
4(1270 6323 9918 4926)
4(1270 4926 9919 6328)
4(1715 4927 9918 6324)
4(9920 2226 9912 4924)
4(9920 4926 9918 2226)
4(9912 2226 9918 4927)
4(315 4926 9920 4924)
4(9921 6092 9912 2226)
4(12674 2226 9912 6093)
4(537 6092 9921 3517)
4(9922 2226 9918 6323)
4(9918 2226 12674 6324)
4(604 3518 9922 6323)
4(9921 2226 9920 6336)
4(9922 6337 9920 2226)
4(608 6336 9920 6337)
4(608 3520 9921 6336)
4(608 6337 9922 3520)
4(1268 4924 9920 6336)
4(1268 6336 9921 6092)
4(1270 6337 9920 4926)
4(1270 6323 9922 6337)
4(9914 4923 9919 2227)
4(9914 2227 9923 4925)
4(9923 2227 9919 4926)
4(315 4925 9923 4926)
4(9908 6213 9914 2227)
4(9924 2227 9914 6215)
4(9908 2227 9919 6326)
4(9919 2227 9925 6328)
4(605 6328 9925 3598)
4(9924 6458 9923 2227)
4(9925 2227 9923 6459)
4(643 6459 9923 6458)
4(643 3600 9925 6459)
4(1269 6458 9923 4925)
4(1270 4926 9923 6459)
4(1270 6459 9925 6328)
4(9915 2228 9920 4924)
4(9915 4925 9923 2228)
4(9920 2228 9923 4926)
4(9926 2228 9915 6219)
4(9915 2228 9927 6220)
4(574 3602 9926 6219)
4(9926 6336 9920 2228)
4(9928 2228 9920 6337)
4(608 6336 9926 3603)
4(608 3603 9928 6337)
4(9927 2228 9923 6458)
4(9923 2228 9928 6459)
4(643 6459 9928 3604)
4(1268 6219 9926 6336)
4(1270 6337 9928 6459)
4(9929 2229 8477 4928)
4(9930 2229 9929 4930)
4(8477 2229 9930 4933)
4(316 4930 9929 4928)
4(316 4933 9930 4930)
4(8477 2229 9657 6085)
4(12703 2229 8477 6087)
4(9929 6099 9657 2229)
4(9929 2229 8481 6101)
4(539 6099 9929 6101)
4(9930 6102 8481 2229)
4(12703 6103 9930 2229)
4(540 6102 9930 6103)
4(1229 4928 9929 6099)
4(1271 6101 9929 4930)
4(1271 4930 9930 6102)
4(1725 6103 9930 4933)
4(8478 2230 9931 4928)
4(9932 2230 8478 4929)
4(9931 2230 9932 4931)
4(316 4928 9931 4931)
4(316 4931 9932 4929)
4(8478 6090 9660 2230)
4(8478 2230 9916 6091)
4(9931 2230 9660 6217)
4(9931 6218 8537 2230)
4(573 6218 9931 6217)
4(9932 6219 9916 2230)
4(9932 2230 8537 6221)
4(574 6219 9932 6221)
4(1229 6217 9931 4928)
4(1268 4929 9932 6219)
4(1272 4931 9931 6218)
4(1272 6221 9932 4931)
4(9929 4928 9931 2231)
4(9929 2231 9933 4930)
4(9933 2231 9931 4931)
4(316 4930 9933 4931)
4(9663 6099 9929 2231)
4(9934 2231 9929 6101)
4(539 3461 9934 6101)
4(9663 2231 9931 6217)
4(9931 2231 9935 6218)
4(9934 6223 9933 2231)
4(9935 2231 9933 6224)
4(575 6224 9933 6223)
4(575 6223 9934 3464)
4(1271 6223 9933 4930)
4(1271 6101 9934 6223)
4(1272 4931 9933 6224)
4(8479 2232 9937 4929)
4(9937 2232 9936 4932)
4(9936 2232 8479 4933)
4(316 4932 9936 4933)
4(316 4929 9937 4932)
4(8479 6092 9921 2232)
4(12705 6094 8479 2232)
4(9936 2232 8590 6333)
4(12705 2232 9936 6334)
4(607 6334 9936 6333)
4(9937 2232 9921 6336)
4(9937 6338 8590 2232)
4(608 6338 9937 6336)
4(1268 6336 9937 4929)
4(1273 6333 9936 4932)
4(1273 4932 9937 6338)
4(1725 4933 9936 6334)
4(9938 2233 9930 4930)
4(9938 4932 9936 2233)
4(9930 2233 9936 4933)
4(316 4932 9938 4930)
4(9939 6102 9930 2233)
4(12704 2233 9930 6103)
4(540 6102 9939 3522)
4(9940 2233 9936 6333)
4(9936 2233 12704 6334)
4(607 3523 9940 6333)
4(9939 2233 9938 6346)
4(9940 6347 9938 2233)
4(611 6346 9938 6347)
4(611 3525 9939 6346)
4(611 6347 9940 3525)
4(1271 4930 9938 6346)
4(1271 6346 9939 6102)
4(1273 6347 9938 4932)
4(1273 6333 9940 6347)
4(9932 4929 9937 2234)
4(9932 2234 9941 4931)
4(9941 2234 9937 4932)
4(316 4931 9941 4932)
4(9926 6219 9932 2234)
4(9942 2234 9932 6221)
4(9926 2234 9937 6336)
4(9937 2234 9943 6338)
4(608 6338 9943 3603)
4(9942 6464 9941 2234)
4(9943 2234 9941 6465)
4(645 6465 9941 6464)
4(645 3605 9943 6465)
4(1272 6464 9941 4931)
4(1273 4932 9941 6465)
4(1273 6465 9943 6338)
4(9933 2235 9938 4930)
4(9933 4931 9941 2235)
4(9938 2235 9941 4932)
4(9944 2235 9933 6223)
4(9933 2235 9945 6224)
4(575 3607 9944 6223)
4(9944 6346 9938 2235)
4(9946 2235 9938 6347)
4(611 6346 9944 3608)
4(611 3608 9946 6347)
4(9945 2235 9941 6464)
4(9941 2235 9946 6465)
4(645 6465 9946 3609)
4(1271 6223 9944 6346)
4(1273 6347 9946 6465)
4(9947 2236 8482 4934)
4(9948 2236 9947 4936)
4(8482 2236 9948 4939)
4(317 4936 9947 4934)
4(317 4939 9948 4936)
4(8482 2236 9674 6095)
4(12733 2236 8482 6097)
4(9947 6109 9674 2236)
4(9947 2236 8486 6111)
4(542 6109 9947 6111)
4(9948 6112 8486 2236)
4(12733 6113 9948 2236)
4(543 6112 9948 6113)
4(1232 4934 9947 6109)
4(1274 6111 9947 4936)
4(1274 4936 9948 6112)
4(1735 6113 9948 4939)
4(8483 2237 9949 4934)
4(9950 2237 8483 4935)
4(9949 2237 9950 4937)
4(317 4934 9949 4937)
4(317 4937 9950 4935)
4(8483 6100 9677 2237)
4(8483 2237 9934 6101)
4(9949 2237 9677 6222)
3(9949 8538 2237)
4(9950 6223 9934 2237)
4(9950 2237 8538 6225)
4(575 6223 9950 6225)
4(1232 6222 9949 4934)
4(1271 4935 9950 6223)
3(6225 9950 4937)
4(9947 4934 9949 2238)
4(9947 2238 9951 4936)
4(317 4936 9951 4937)
4(9679 6109 9947 2238)
4(9952 2238 9947 6111)
4(542 3465 9952 6111)
4(1274 6227 9951 4936)
4(1274 6111 9952 6227)
4(8484 2239 9954 4935)
4(9954 2239 9953 4938)
4(9953 2239 8484 4939)
4(317 4938 9953 4939)
4(317 4935 9954 4938)
4(8484 6102 9939 2239)
4(12735 6104 8484 2239)
4(9953 2239 8595 6343)
4(12735 2239 9953 6344)
4(610 6344 9953 6343)
4(9954 2239 9939 6346)
4(9954 6348 8595 2239)
4(611 6348 9954 6346)
4(1271 6346 9954 4935)
4(1275 6343 9953 4938)
4(1275 4938 9954 6348)
4(1735 4939 9953 6344)
4(9955 2240 9948 4936)
4(9955 4938 9953 2240)
4(9948 2240 9953 4939)
4(317 4938 9955 4936)
4(9956 6112 9948 2240)
4(12734 2240 9948 6113)
4(543 6112 9956 3527)
4(9957 2240 9953 6343)
4(9953 2240 12734 6344)
4(610 3528 9957 6343)
4(9956 2240 9955 6356)
4(9957 6357 9955 2240)
4(614 6356 9955 6357)
4(614 3530 9956 6356)
4(614 6357 9957 3530)
4(1274 4936 9955 6356)
4(1274 6356 9956 6112)
4(1275 6357 9955 4938)
4(1275 6343 9957 6357)
4(9950 4935 9954 2241)
4(9950 2241 9958 4937)
4(9958 2241 9954 4938)
4(317 4937 9958 4938)
4(9944 6223 9950 2241)
4(9959 2241 9950 6225)
4(9944 2241 9954 6346)
4(9954 2241 9960 6348)
4(611 6348 9960 3608)
3(9959 9958 2241)
4(9960 2241 9958 6470)
3(3610 9960 6470)
4(1275 4938 9958 6470)
4(1275 6470 9960 6348)
4(9951 2242 9955 4936)
4(9955 2242 9958 4938)
4(9961 6356 9955 2242)
4(9962 2242 9955 6357)
4(614 6356 9961 3612)
4(614 3612 9962 6357)
4(1274 6227 9961 6356)
4(1275 6357 9962 6470)
4(9963 2243 8487 4940)
4(9964 2243 9963 4942)
4(8487 2243 9964 4945)
4(318 4942 9963 4940)
4(318 4945 9964 4942)
4(8487 2243 9690 6105)
4(12763 2243 8487 6107)
4(9963 6119 9690 2243)
4(9963 2243 8491 6121)
4(545 6119 9963 6121)
4(9964 6122 8491 2243)
4(12763 6123 9964 2243)
4(546 6122 9964 6123)
4(1234 4940 9963 6119)
4(1276 6121 9963 4942)
4(1276 4942 9964 6122)
4(1745 6123 9964 4945)
4(8488 2244 9965 4940)
4(9966 2244 8488 4941)
4(318 4940 9965 4943)
4(318 4943 9966 4941)
4(8488 6110 9692 2244)
4(8488 2244 9952 6111)
4(1234 6226 9965 4940)
4(1274 4941 9966 6227)
4(9963 4940 9965 2245)
4(9963 2245 9967 4942)
4(318 4942 9967 4943)
4(9694 6119 9963 2245)
4(9968 2245 9963 6121)
4(545 3466 9968 6121)
4(1276 6229 9967 4942)
4(1276 6121 9968 6229)
4(8489 2246 9970 4941)
4(9970 2246 9969 4944)
4(9969 2246 8489 4945)
4(318 4944 9969 4945)
4(318 4941 9970 4944)
4(8489 6112 9956 2246)
4(12765 6114 8489 2246)
4(9969 2246 8600 6353)
4(12765 2246 9969 6354)
4(613 6354 9969 6353)
4(9970 2246 9956 6356)
4(9970 6358 8600 2246)
4(614 6358 9970 6356)
4(1274 6356 9970 4941)
4(1277 6353 9969 4944)
4(1277 4944 9970 6358)
4(1745 4945 9969 6354)
4(9971 2247 9964 4942)
4(9971 4944 9969 2247)
4(9964 2247 9969 4945)
4(318 4944 9971 4942)
4(9972 6122 9964 2247)
4(12764 2247 9964 6123)
4(546 6122 9972 3532)
4(9973 2247 9969 6353)
4(9969 2247 12764 6354)
4(613 3533 9973 6353)
4(9972 2247 9971 6366)
4(9973 6367 9971 2247)
4(617 6366 9971 6367)
4(617 3535 9972 6366)
4(617 6367 9973 3535)
4(1276 4942 9971 6366)
4(1276 6366 9972 6122)
4(1277 6367 9971 4944)
4(1277 6353 9973 6367)
4(9966 4941 9970 2248)
4(9974 2248 9970 4944)
4(318 4943 9974 4944)
4(9961 2248 9970 6356)
4(9970 2248 9975 6358)
4(614 6358 9975 3612)
4(1277 4944 9974 6474)
4(1277 6474 9975 6358)
4(9967 2249 9971 4942)
4(9971 2249 9974 4944)
4(9976 6366 9971 2249)
4(9977 2249 9971 6367)
4(617 6366 9976 3613)
4(617 3613 9977 6367)
4(1276 6229 9976 6366)
4(1277 6367 9977 6474)
4(9978 2250 8492 4946)
4(9979 2250 9978 4948)
4(8492 2250 9979 4951)
4(319 4948 9978 4946)
4(319 4951 9979 4948)
4(8492 2250 9705 6115)
4(12793 2250 8492 6117)
4(9978 6129 9705 2250)
4(9978 2250 8496 6131)
4(548 6129 9978 6131)
4(9979 6132 8496 2250)
4(12793 6133 9979 2250)
4(549 6132 9979 6133)
4(1236 4946 9978 6129)
4(1278 6131 9978 4948)
4(1278 4948 9979 6132)
4(1755 6133 9979 4951)
4(8493 2251 9980 4946)
4(9981 2251 8493 4947)
4(319 4946 9980 4949)
4(319 4949 9981 4947)
4(8493 6120 9707 2251)
4(8493 2251 9968 6121)
4(1236 6228 9980 4946)
4(1276 4947 9981 6229)
4(9978 4946 9980 2252)
4(9978 2252 9982 4948)
4(319 4948 9982 4949)
4(9708 6129 9978 2252)
3(2252 9978 6131)
3(1278 9982 4948)
4(8494 2253 9984 4947)
4(9984 2253 9983 4950)
4(9983 2253 8494 4951)
4(319 4950 9983 4951)
4(319 4947 9984 4950)
4(8494 6122 9972 2253)
4(12795 6124 8494 2253)
4(9983 2253 8605 6363)
4(12795 2253 9983 6364)
4(616 6364 9983 6363)
4(9984 2253 9972 6366)
4(9984 6368 8605 2253)
4(617 6368 9984 6366)
4(1276 6366 9984 4947)
4(1279 6363 9983 4950)
4(1279 4950 9984 6368)
4(1755 4951 9983 6364)
4(9985 2254 9979 4948)
4(9985 4950 9983 2254)
4(9979 2254 9983 4951)
4(319 4950 9985 4948)
4(9986 6132 9979 2254)
4(12794 2254 9979 6133)
4(549 6132 9986 3537)
4(9987 2254 9983 6363)
4(9983 2254 12794 6364)
4(616 3538 9987 6363)
4(9986 2254 9985 6376)
4(9987 6377 9985 2254)
4(620 6376 9985 6377)
4(620 3540 9986 6376)
4(620 6377 9987 3540)
4(1278 4948 9985 6376)
4(1278 6376 9986 6132)
4(1279 6377 9985 4950)
4(1279 6363 9987 6377)
4(9981 4947 9984 2255)
4(9988 2255 9984 4950)
4(319 4949 9988 4950)
4(9976 2255 9984 6366)
4(9984 2255 9989 6368)
4(617 6368 9989 3613)
4(1279 4950 9988 6476)
4(1279 6476 9989 6368)
4(9982 2256 9985 4948)
4(9985 2256 9988 4950)
3(6376 9985 2256)
4(9990 2256 9985 6377)
3(620 9990 6377)
4(1279 6377 9990 6476)
4(9991 2257 8497 4952)
4(9992 2257 9991 4954)
4(8497 2257 9992 4956)
4(320 4956 9992 4954)
4(8497 2257 9715 6125)
4(12823 2257 8497 6127)
4(9991 6139 9715 2257)
4(9991 2257 8501 6141)
4(9992 6142 8501 2257)
4(12823 6143 9992 2257)
4(552 6142 9992 6143)
4(1280 4954 9992 6142)
4(1765 6143 9992 4956)
4(8499 2258 9994 4953)
4(9994 2258 9993 4955)
4(9993 2258 8499 4956)
4(320 4955 9993 4956)
4(8499 6132 9986 2258)
4(12825 6134 8499 2258)
4(9993 2258 8610 6373)
4(12825 2258 9993 6374)
4(619 6374 9993 6373)
4(9994 2258 9986 6376)
4(9994 6378 8610 2258)
4(1281 6373 9993 4955)
4(1765 4956 9993 6374)
4(9995 2259 9992 4954)
4(9995 4955 9993 2259)
4(9992 2259 9993 4956)
4(9996 6142 9992 2259)
4(12824 2259 9992 6143)
4(552 6142 9996 3542)
4(9997 2259 9993 6373)
4(9993 2259 12824 6374)
4(619 3543 9997 6373)
4(9996 2259 9995 6386)
4(9997 6387 9995 2259)
4(623 3545 9996 6386)
4(623 6387 9997 3545)
4(1280 6386 9996 6142)
4(1281 6373 9997 6387)
4(9998 2260 8502 4957)
4(9999 2260 9998 4959)
4(8502 2260 9999 4961)
4(321 4961 9999 4959)
4(8502 2260 9722 6135)
4(12853 2260 8502 6137)
4(9998 6146 9722 2260)
4(9998 2260 8506 6147)
4(9999 6148 8506 2260)
4(12853 6149 9999 2260)
4(554 6148 9999 6149)
4(1282 4959 9999 6148)
4(1775 6149 9999 4961)
4(8504 2261 10001 4958)
4(10001 2261 10000 4960)
4(10000 2261 8504 4961)
4(321 4960 10000 4961)
4(8504 6142 9996 2261)
4(12855 6144 8504 2261)
4(10000 2261 8615 6383)
4(12855 2261 10000 6384)
4(622 6384 10000 6383)
4(10001 2261 9996 6386)
4(10001 6388 8615 2261)
4(1283 6383 10000 4960)
4(1775 4961 10000 6384)
4(10002 2262 9999 4959)
4(10002 4960 10000 2262)
4(9999 2262 10000 4961)
4(10003 6148 9999 2262)
4(12854 2262 9999 6149)
4(554 6148 10003 3547)
4(10004 2262 10000 6383)
4(10000 2262 12854 6384)
4(622 3548 10004 6383)
4(10003 2262 10002 6393)
4(10004 6394 10002 2262)
4(625 3550 10003 6393)
4(625 6394 10004 3550)
4(1282 6393 10003 6148)
4(1283 6383 10004 6394)
4(8507 6148 10003 2263)
3(2263 10003 6393)
3(560 6171 6169)
4(560 6171 10005 3562)
4(8513 6167 9809 2264)
4(10006 2264 9809 6177)
4(562 6179 10006 6177)
4(1251 6177 10006 4962)
4(8514 2265 9816 6170)
4(10007 6412 9816 2265)
4(631 6412 10007 6414)
4(1251 4962 10007 6412)
4(9819 2266 10006 6177)
4(562 6179 10008 3568)
4(9819 6412 10007 2266)
4(631 3570 10009 6414)
4(8518 6175 9827 2267)
4(10010 2267 9827 6185)
4(564 6187 10010 6185)
4(1254 6185 10010 4963)
4(8519 2268 9834 6178)
4(10011 6420 9834 2268)
4(633 6420 10011 6422)
4(1254 4963 10011 6420)
4(9837 2269 10010 6185)
4(564 6187 10012 3574)
4(9837 6420 10011 2269)
4(633 3576 10013 6422)
4(8523 6183 9845 2270)
4(10014 2270 9845 6193)
4(566 6195 10014 6193)
4(1257 6193 10014 4964)
4(8524 2271 9852 6186)
4(10015 6428 9852 2271)
4(635 6428 10015 6430)
4(1257 4964 10015 6428)
4(9855 2272 10014 6193)
4(566 6195 10016 3580)
4(9855 6428 10015 2272)
4(635 3582 10017 6430)
4(8528 6191 9863 2273)
4(10018 2273 9863 6201)
4(568 6203 10018 6201)
4(1260 6201 10018 4965)
4(8529 2274 9870 6194)
4(10019 6436 9870 2274)
4(637 6436 10019 6438)
4(1260 4965 10019 6436)
4(9873 2275 10018 6201)
4(568 6203 10020 3586)
4(9873 6436 10019 2275)
4(637 3588 10021 6438)
3(8533 6199 9881)
3(1263 6208 4966)
4(8534 2276 9888 6202)
4(10022 6444 9888 2276)
4(639 6444 10022 6446)
4(1263 4966 10022 6444)
3(9891 6444 10022)
3(639 3594 6446)
3(10023 2277 8539)
4(10024 2277 10023 4967)
4(8539 2277 10024 4968)
3(4968 10024 4967)
4(8539 2277 9750 6230)
4(12384 2277 8539 6232)
4(10023 6237 9750 2277)
4(10023 2277 8541 6239)
4(578 6237 10023 6239)
4(10024 6240 8541 2277)
4(12384 6241 10024 2277)
4(579 6240 10024 6241)
4(1284 6239 10023 4967)
4(1284 4967 10024 6240)
4(1616 6241 10024 4968)
3(10025 10023 6239)
4(578 3552 10025 6239)
3(1284 6400 4967)
4(1284 6239 10025 6400)
4(10027 2278 10024 4967)
3(10027 10026 2278)
4(10024 2278 10026 4968)
4(10028 6240 10024 2278)
4(12385 2278 10024 6241)
4(579 6240 10028 3614)
4(10029 2278 10026 6478)
4(10026 2278 12385 6479)
4(648 3615 10029 6478)
4(10028 2278 10027 6484)
4(10029 6485 10027 2278)
4(650 6484 10027 6485)
4(650 3617 10028 6484)
4(650 6485 10029 3617)
4(1284 4967 10027 6484)
4(1284 6484 10028 6240)
3(6478 10029 6485)
3(10030 6484 10027)
4(650 6484 10030 3699)
3(650 3699 6485)
4(1284 6400 10030 6484)
4(10031 2279 8542 4969)
4(10032 2279 10031 4971)
4(8542 2279 10032 4974)
4(322 4971 10031 4969)
4(322 4974 10032 4971)
4(8542 2279 9762 6233)
4(12406 2279 8542 6235)
4(10031 6247 9762 2279)
4(10031 2279 8546 6249)
4(581 6247 10031 6249)
4(10032 6250 8546 2279)
4(12406 6251 10032 2279)
4(582 6250 10032 6251)
4(1243 4969 10031 6247)
4(1285 6249 10031 4971)
4(1285 4971 10032 6250)
4(1626 6251 10032 4974)
4(8543 2280 10033 4969)
4(10034 2280 8543 4970)
4(322 4969 10033 4972)
4(322 4972 10034 4970)
4(8543 6238 9764 2280)
4(8543 2280 10025 6239)
4(1243 6399 10033 4969)
4(1284 4970 10034 6400)
4(10031 4969 10033 2281)
4(10031 2281 10035 4971)
4(322 4971 10035 4972)
4(9766 6247 10031 2281)
4(10036 2281 10031 6249)
4(581 3554 10036 6249)
4(10036 6404 10035 2281)
3(628 10035 6404)
4(628 6404 10036 3556)
4(1285 6404 10035 4971)
4(1285 6249 10036 6404)
4(8544 2282 10038 4970)
4(10038 2282 10037 4973)
4(10037 2282 8544 4974)
4(322 4973 10037 4974)
4(322 4970 10038 4973)
4(8544 6240 10028 2282)
4(12408 6242 8544 2282)
4(10037 2282 8655 6481)
4(12408 2282 10037 6482)
4(649 6482 10037 6481)
4(10038 2282 10028 6484)
4(10038 6486 8655 2282)
4(650 6486 10038 6484)
4(1284 6484 10038 4970)
4(1286 6481 10037 4973)
4(1286 4973 10038 6486)
4(1626 4974 10037 6482)
4(10039 2283 10032 4971)
4(10039 4973 10037 2283)
4(10032 2283 10037 4974)
4(322 4973 10039 4971)
4(10040 6250 10032 2283)
4(12407 2283 10032 6251)
4(582 6250 10040 3619)
4(10041 2283 10037 6481)
4(10037 2283 12407 6482)
4(649 3620 10041 6481)
4(10040 2283 10039 6494)
4(10041 6495 10039 2283)
4(653 6494 10039 6495)
4(653 3622 10040 6494)
4(653 6495 10041 3622)
4(1285 4971 10039 6494)
4(1285 6494 10040 6250)
4(1286 6495 10039 4973)
4(1286 6481 10041 6495)
4(10034 4970 10038 2284)
4(10042 2284 10038 4973)
4(322 4972 10042 4973)
4(10030 2284 10038 6484)
4(10038 2284 10043 6486)
4(650 6486 10043 3699)
4(1286 4973 10042 6647)
4(1286 6647 10043 6486)
4(10035 2285 10039 4971)
4(10039 2285 10042 4973)
4(10044 2285 10035 6404)
4(628 3700 10044 6404)
4(10044 6494 10039 2285)
4(10045 2285 10039 6495)
4(653 6494 10044 3701)
4(653 3701 10045 6495)
4(1285 6404 10044 6494)
4(1286 6495 10045 6647)
4(10046 2286 8547 4975)
4(10047 2286 10046 4977)
4(8547 2286 10047 4980)
4(323 4977 10046 4975)
4(323 4980 10047 4977)
4(8547 2286 9778 6243)
4(12436 2286 8547 6245)
4(10046 6257 9778 2286)
4(10046 2286 8551 6259)
4(584 6257 10046 6259)
4(10047 6260 8551 2286)
4(12436 6261 10047 2286)
4(585 6260 10047 6261)
4(1246 4975 10046 6257)
4(1287 6259 10046 4977)
4(1287 4977 10047 6260)
4(1636 6261 10047 4980)
4(8548 2287 10048 4975)
4(10049 2287 8548 4976)
4(10048 2287 10049 4978)
4(323 4975 10048 4978)
4(323 4978 10049 4976)
4(8548 6248 9781 2287)
4(8548 2287 10036 6249)
4(10048 2287 9781 6402)
4(10048 6403 8623 2287)
4(627 6403 10048 6402)
4(10049 6404 10036 2287)
4(10049 2287 8623 6405)
4(628 6404 10049 6405)
4(1246 6402 10048 4975)
4(1285 4976 10049 6404)
4(1288 4978 10048 6403)
4(1288 6405 10049 4978)
4(10046 4975 10048 2288)
4(10046 2288 10050 4977)
4(10050 2288 10048 4978)
4(323 4977 10050 4978)
4(9784 6257 10046 2288)
4(10051 2288 10046 6259)
4(584 3558 10051 6259)
4(9784 2288 10048 6402)
4(10048 2288 10052 6403)
4(10051 6409 10050 2288)
4(10052 2288 10050 6410)
4(630 6410 10050 6409)
4(630 6409 10051 3561)
4(1287 6409 10050 4977)
4(1287 6259 10051 6409)
4(1288 4978 10050 6410)
4(8549 2289 10054 4976)
4(10054 2289 10053 4979)
4(10053 2289 8549 4980)
4(323 4979 10053 4980)
4(323 4976 10054 4979)
4(8549 6250 10040 2289)
4(12438 6252 8549 2289)
4(10053 2289 8660 6491)
4(12438 2289 10053 6492)
4(652 6492 10053 6491)
4(10054 2289 10040 6494)
4(10054 6496 8660 2289)
4(653 6496 10054 6494)
4(1285 6494 10054 4976)
4(1289 6491 10053 4979)
4(1289 4979 10054 6496)
4(1636 4980 10053 6492)
4(10055 2290 10047 4977)
4(10055 4979 10053 2290)
4(10047 2290 10053 4980)
4(323 4979 10055 4977)
4(10056 6260 10047 2290)
4(12437 2290 10047 6261)
4(585 6260 10056 3624)
4(10057 2290 10053 6491)
4(10053 2290 12437 6492)
4(652 3625 10057 6491)
4(10056 2290 10055 6504)
4(10057 6505 10055 2290)
4(656 6504 10055 6505)
4(656 3627 10056 6504)
4(656 6505 10057 3627)
4(1287 4977 10055 6504)
4(1287 6504 10056 6260)
4(1289 6505 10055 4979)
4(1289 6491 10057 6505)
4(10049 4976 10054 2291)
4(10049 2291 10058 4978)
4(10058 2291 10054 4979)
4(323 4978 10058 4979)
4(10044 6404 10049 2291)
4(10059 2291 10049 6405)
4(10044 2291 10054 6494)
4(10054 2291 10060 6496)
4(653 6496 10060 3701)
4(10059 6649 10058 2291)
4(10060 2291 10058 6650)
4(699 6650 10058 6649)
4(699 3702 10060 6650)
4(1288 6649 10058 4978)
4(1289 4979 10058 6650)
4(1289 6650 10060 6496)
4(10050 2292 10055 4977)
4(10050 4978 10058 2292)
4(10055 2292 10058 4979)
4(10061 2292 10050 6409)
4(10050 2292 10062 6410)
4(630 3704 10061 6409)
4(10061 6504 10055 2292)
4(10063 2292 10055 6505)
4(656 6504 10061 3705)
4(656 3705 10063 6505)
4(10062 2292 10058 6649)
4(10058 2292 10063 6650)
4(699 6650 10063 3706)
4(1287 6409 10061 6504)
4(1289 6505 10063 6650)
4(10064 2293 8552 4981)
4(10065 2293 10064 4983)
4(8552 2293 10065 4986)
4(324 4983 10064 4981)
4(324 4986 10065 4983)
4(8552 2293 9796 6253)
4(12466 2293 8552 6255)
4(10064 6267 9796 2293)
4(10064 2293 8556 6269)
4(587 6267 10064 6269)
4(10065 6270 8556 2293)
4(12466 6271 10065 2293)
4(588 6270 10065 6271)
4(1249 4981 10064 6267)
4(1290 6269 10064 4983)
4(1290 4983 10065 6270)
4(1646 6271 10065 4986)
4(8553 2294 10066 4981)
4(10067 2294 8553 4982)
4(10066 2294 10067 4984)
4(324 4981 10066 4984)
4(324 4984 10067 4982)
4(8553 6258 9799 2294)
4(8553 2294 10051 6259)
4(10066 2294 9799 6407)
4(10066 6408 8624 2294)
4(629 6408 10066 6407)
4(10067 6409 10051 2294)
4(10067 2294 8624 6411)
4(630 6409 10067 6411)
4(1249 6407 10066 4981)
4(1287 4982 10067 6409)
4(1291 4984 10066 6408)
4(1291 6411 10067 4984)
4(10064 4981 10066 2295)
4(10064 2295 10068 4983)
4(10068 2295 10066 4984)
4(324 4983 10068 4984)
4(9802 6267 10064 2295)
4(10069 2295 10064 6269)
4(587 3563 10069 6269)
4(9802 2295 10066 6407)
4(10066 2295 10070 6408)
4(10069 6416 10068 2295)
4(10070 2295 10068 6417)
4(632 6417 10068 6416)
4(632 6416 10069 3567)
4(632 3567 10070 6417)
4(1290 6416 10068 4983)
4(1290 6269 10069 6416)
4(1291 4984 10068 6417)
4(8554 2296 10072 4982)
4(10072 2296 10071 4985)
4(10071 2296 8554 4986)
4(324 4985 10071 4986)
4(324 4982 10072 4985)
4(8554 6260 10056 2296)
4(12468 6262 8554 2296)
4(10071 2296 8665 6501)
4(12468 2296 10071 6502)
4(655 6502 10071 6501)
4(10072 2296 10056 6504)
4(10072 6506 8665 2296)
4(656 6506 10072 6504)
4(1287 6504 10072 4982)
4(1292 6501 10071 4985)
4(1292 4985 10072 6506)
4(1646 4986 10071 6502)
4(10073 2297 10065 4983)
4(10073 4985 10071 2297)
4(10065 2297 10071 4986)
4(324 4985 10073 4983)
4(10074 6270 10065 2297)
4(12467 2297 10065 6271)
4(588 6270 10074 3629)
4(10075 2297 10071 6501)
4(10071 2297 12467 6502)
4(655 3630 10075 6501)
4(10074 2297 10073 6514)
4(10075 6515 10073 2297)
4(659 6514 10073 6515)
4(659 3632 10074 6514)
4(659 6515 10075 3632)
4(1290 4983 10073 6514)
4(1290 6514 10074 6270)
4(1292 6515 10073 4985)
4(1292 6501 10075 6515)
4(10067 4982 10072 2298)
4(10067 2298 10076 4984)
4(10076 2298 10072 4985)
4(324 4984 10076 4985)
4(10061 6409 10067 2298)
4(10077 2298 10067 6411)
4(10061 2298 10072 6504)
4(10072 2298 10078 6506)
4(656 6506 10078 3705)
4(10077 6654 10076 2298)
4(10078 2298 10076 6655)
4(701 6655 10076 6654)
4(701 3707 10078 6655)
4(1291 6654 10076 4984)
4(1292 4985 10076 6655)
4(1292 6655 10078 6506)
4(10068 2299 10073 4983)
4(10068 4984 10076 2299)
4(10073 2299 10076 4985)
4(10079 2299 10068 6416)
4(10068 2299 10080 6417)
4(632 3709 10079 6416)
4(632 6417 10080 3709)
4(10079 6514 10073 2299)
4(10081 2299 10073 6515)
4(659 6514 10079 3710)
4(659 3710 10081 6515)
4(10080 2299 10076 6654)
4(10076 2299 10081 6655)
4(701 6655 10081 3711)
4(1290 6416 10079 6514)
4(1292 6515 10081 6655)
4(10082 2300 8557 4987)
4(10083 2300 10082 4989)
4(8557 2300 10083 4992)
4(325 4989 10082 4987)
4(325 4992 10083 4989)
4(8557 2300 9814 6263)
4(12496 2300 8557 6265)
4(10082 6277 9814 2300)
4(10082 2300 8561 6279)
4(590 6277 10082 6279)
4(10083 6280 8561 2300)
4(12496 6281 10083 2300)
4(591 6280 10083 6281)
4(1252 4987 10082 6277)
4(1293 6279 10082 4989)
4(1293 4989 10083 6280)
4(1656 6281 10083 4992)
4(8558 2301 10084 4987)
4(10085 2301 8558 4988)
4(10084 2301 10085 4990)
4(325 4987 10084 4990)
4(325 4990 10085 4988)
4(8558 6268 9817 2301)
4(8558 2301 10069 6269)
4(10084 2301 9817 6413)
4(10084 6415 8626 2301)
4(631 6415 10084 6413)
4(10085 6416 10069 2301)
4(10085 2301 8626 6418)
4(632 6416 10085 6418)
4(1252 6413 10084 4987)
4(1290 4988 10085 6416)
4(1294 4990 10084 6415)
4(1294 6418 10085 4990)
4(10082 4987 10084 2302)
4(10082 2302 10086 4989)
4(10086 2302 10084 4990)
4(325 4989 10086 4990)
4(9820 6277 10082 2302)
4(10087 2302 10082 6279)
4(590 3569 10087 6279)
4(9820 2302 10084 6413)
4(10084 2302 10088 6415)
4(631 6415 10088 3570)
4(10087 6424 10086 2302)
4(10088 2302 10086 6425)
4(634 6425 10086 6424)
4(634 6424 10087 3573)
4(634 3573 10088 6425)
4(1293 6424 10086 4989)
4(1293 6279 10087 6424)
4(1294 4990 10086 6425)
4(1294 6425 10088 6415)
4(8559 2303 10090 4988)
4(10090 2303 10089 4991)
4(10089 2303 8559 4992)
4(325 4991 10089 4992)
4(325 4988 10090 4991)
4(8559 6270 10074 2303)
4(12498 6272 8559 2303)
4(10089 2303 8670 6511)
4(12498 2303 10089 6512)
4(658 6512 10089 6511)
4(10090 2303 10074 6514)
4(10090 6516 8670 2303)
4(659 6516 10090 6514)
4(1290 6514 10090 4988)
4(1295 6511 10089 4991)
4(1295 4991 10090 6516)
4(1656 4992 10089 6512)
4(10091 2304 10083 4989)
4(10091 4991 10089 2304)
4(10083 2304 10089 4992)
4(325 4991 10091 4989)
4(10092 6280 10083 2304)
4(12497 2304 10083 6281)
4(591 6280 10092 3634)
4(10093 2304 10089 6511)
4(10089 2304 12497 6512)
4(658 3635 10093 6511)
4(10092 2304 10091 6524)
4(10093 6525 10091 2304)
4(662 6524 10091 6525)
4(662 3637 10092 6524)
4(662 6525 10093 3637)
4(1293 4989 10091 6524)
4(1293 6524 10092 6280)
4(1295 6525 10091 4991)
4(1295 6511 10093 6525)
4(10085 4988 10090 2305)
4(10085 2305 10094 4990)
4(10094 2305 10090 4991)
4(325 4990 10094 4991)
4(10079 6416 10085 2305)
4(10095 2305 10085 6418)
4(632 3709 10095 6418)
4(10079 2305 10090 6514)
4(10090 2305 10096 6516)
4(659 6516 10096 3710)
4(10095 6660 10094 2305)
4(10096 2305 10094 6661)
4(703 6661 10094 6660)
4(703 6660 10095 3712)
4(703 3712 10096 6661)
4(1294 6660 10094 4990)
4(1294 6418 10095 6660)
4(1295 4991 10094 6661)
4(1295 6661 10096 6516)
4(10086 2306 10091 4989)
4(10086 4990 10094 2306)
4(10091 2306 10094 4991)
4(10097 2306 10086 6424)
4(10086 2306 10098 6425)
4(634 3715 10097 6424)
4(634 6425 10098 3715)
4(10097 6524 10091 2306)
4(10099 2306 10091 6525)
4(662 6524 10097 3716)
4(662 3716 10099 6525)
4(10098 2306 10094 6660)
4(10094 2306 10099 6661)
4(703 3717 10098 6660)
4(703 6661 10099 3717)
4(1293 6424 10097 6524)
4(1294 6660 10098 6425)
4(1295 6525 10099 6661)
4(10100 2307 8562 4993)
4(10101 2307 10100 4995)
4(8562 2307 10101 4998)
4(326 4995 10100 4993)
4(326 4998 10101 4995)
4(8562 2307 9832 6273)
4(12526 2307 8562 6275)
4(10100 6287 9832 2307)
4(10100 2307 8566 6289)
4(593 6287 10100 6289)
4(10101 6290 8566 2307)
4(12526 6291 10101 2307)
4(594 6290 10101 6291)
4(1255 4993 10100 6287)
4(1296 6289 10100 4995)
4(1296 4995 10101 6290)
4(1666 6291 10101 4998)
4(8563 2308 10102 4993)
4(10103 2308 8563 4994)
4(10102 2308 10103 4996)
4(326 4993 10102 4996)
4(326 4996 10103 4994)
4(8563 6278 9835 2308)
4(8563 2308 10087 6279)
4(10102 2308 9835 6421)
4(10102 6423 8631 2308)
4(633 6423 10102 6421)
4(10103 6424 10087 2308)
4(10103 2308 8631 6426)
4(634 6424 10103 6426)
4(1255 6421 10102 4993)
4(1293 4994 10103 6424)
4(1297 4996 10102 6423)
4(1297 6426 10103 4996)
4(10100 4993 10102 2309)
4(10100 2309 10104 4995)
4(10104 2309 10102 4996)
4(326 4995 10104 4996)
4(9838 6287 10100 2309)
4(10105 2309 10100 6289)
4(593 3575 10105 6289)
4(9838 2309 10102 6421)
4(10102 2309 10106 6423)
4(633 6423 10106 3576)
4(10105 6432 10104 2309)
4(10106 2309 10104 6433)
4(636 6433 10104 6432)
4(636 6432 10105 3579)
4(636 3579 10106 6433)
4(1296 6432 10104 4995)
4(1296 6289 10105 6432)
4(1297 4996 10104 6433)
4(1297 6433 10106 6423)
4(8564 2310 10108 4994)
4(10108 2310 10107 4997)
4(10107 2310 8564 4998)
4(326 4997 10107 4998)
4(326 4994 10108 4997)
4(8564 6280 10092 2310)
4(12528 6282 8564 2310)
4(10107 2310 8675 6521)
4(12528 2310 10107 6522)
4(661 6522 10107 6521)
4(10108 2310 10092 6524)
4(10108 6526 8675 2310)
4(662 6526 10108 6524)
4(1293 6524 10108 4994)
4(1298 6521 10107 4997)
4(1298 4997 10108 6526)
4(1666 4998 10107 6522)
4(10109 2311 10101 4995)
4(10109 4997 10107 2311)
4(10101 2311 10107 4998)
4(326 4997 10109 4995)
4(10110 6290 10101 2311)
4(12527 2311 10101 6291)
4(594 6290 10110 3639)
4(10111 2311 10107 6521)
4(10107 2311 12527 6522)
4(661 3640 10111 6521)
4(10110 2311 10109 6534)
4(10111 6535 10109 2311)
4(665 6534 10109 6535)
4(665 3642 10110 6534)
4(665 6535 10111 3642)
4(1296 4995 10109 6534)
4(1296 6534 10110 6290)
4(1298 6535 10109 4997)
4(1298 6521 10111 6535)
4(10103 4994 10108 2312)
4(10103 2312 10112 4996)
4(10112 2312 10108 4997)
4(326 4996 10112 4997)
4(10097 6424 10103 2312)
4(10113 2312 10103 6426)
4(634 3715 10113 6426)
4(10097 2312 10108 6524)
4(10108 2312 10114 6526)
4(662 6526 10114 3716)
4(10113 6668 10112 2312)
4(10114 2312 10112 6669)
4(705 6669 10112 6668)
4(705 6668 10113 3718)
4(705 3718 10114 6669)
4(1297 6668 10112 4996)
4(1297 6426 10113 6668)
4(1298 4997 10112 6669)
4(1298 6669 10114 6526)
4(10104 2313 10109 4995)
4(10104 4996 10112 2313)
4(10109 2313 10112 4997)
4(10115 2313 10104 6432)
4(10104 2313 10116 6433)
4(636 3721 10115 6432)
4(636 6433 10116 3721)
4(10115 6534 10109 2313)
4(10117 2313 10109 6535)
4(665 6534 10115 3722)
4(665 3722 10117 6535)
4(10116 2313 10112 6668)
4(10112 2313 10117 6669)
4(705 3723 10116 6668)
4(705 6669 10117 3723)
4(1296 6432 10115 6534)
4(1297 6668 10116 6433)
4(1298 6535 10117 6669)
4(10118 2314 8567 4999)
4(10119 2314 10118 5001)
4(8567 2314 10119 5004)
4(327 5001 10118 4999)
4(327 5004 10119 5001)
4(8567 2314 9850 6283)
4(12556 2314 8567 6285)
4(10118 6297 9850 2314)
4(10118 2314 8571 6299)
4(596 6297 10118 6299)
4(10119 6300 8571 2314)
4(12556 6301 10119 2314)
4(597 6300 10119 6301)
4(1258 4999 10118 6297)
4(1299 6299 10118 5001)
4(1299 5001 10119 6300)
4(1676 6301 10119 5004)
4(8568 2315 10120 4999)
4(10121 2315 8568 5000)
4(10120 2315 10121 5002)
4(327 4999 10120 5002)
4(327 5002 10121 5000)
4(8568 6288 9853 2315)
4(8568 2315 10105 6289)
4(10120 2315 9853 6429)
4(10120 6431 8636 2315)
4(635 6431 10120 6429)
4(10121 6432 10105 2315)
4(10121 2315 8636 6434)
4(636 6432 10121 6434)
4(1258 6429 10120 4999)
4(1296 5000 10121 6432)
4(1300 5002 10120 6431)
4(1300 6434 10121 5002)
4(10118 4999 10120 2316)
4(10118 2316 10122 5001)
4(10122 2316 10120 5002)
4(327 5001 10122 5002)
4(9856 6297 10118 2316)
4(10123 2316 10118 6299)
4(596 3581 10123 6299)
4(9856 2316 10120 6429)
4(10120 2316 10124 6431)
4(635 6431 10124 3582)
4(10123 6440 10122 2316)
4(10124 2316 10122 6441)
4(638 6441 10122 6440)
4(638 6440 10123 3585)
4(638 3585 10124 6441)
4(1299 6440 10122 5001)
4(1299 6299 10123 6440)
4(1300 5002 10122 6441)
4(1300 6441 10124 6431)
4(8569 2317 10126 5000)
4(10126 2317 10125 5003)
4(10125 2317 8569 5004)
4(327 5003 10125 5004)
4(327 5000 10126 5003)
4(8569 6290 10110 2317)
4(12558 6292 8569 2317)
4(10125 2317 8680 6531)
4(12558 2317 10125 6532)
4(664 6532 10125 6531)
4(10126 2317 10110 6534)
4(10126 6536 8680 2317)
4(665 6536 10126 6534)
4(1296 6534 10126 5000)
4(1301 6531 10125 5003)
4(1301 5003 10126 6536)
4(1676 5004 10125 6532)
4(10127 2318 10119 5001)
4(10127 5003 10125 2318)
4(10119 2318 10125 5004)
4(327 5003 10127 5001)
4(10128 6300 10119 2318)
4(12557 2318 10119 6301)
4(597 6300 10128 3644)
4(10129 2318 10125 6531)
4(10125 2318 12557 6532)
4(664 3645 10129 6531)
4(10128 2318 10127 6544)
4(10129 6545 10127 2318)
4(668 6544 10127 6545)
4(668 3647 10128 6544)
4(668 6545 10129 3647)
4(1299 5001 10127 6544)
4(1299 6544 10128 6300)
4(1301 6545 10127 5003)
4(1301 6531 10129 6545)
4(10121 5000 10126 2319)
4(10121 2319 10130 5002)
4(10130 2319 10126 5003)
4(327 5002 10130 5003)
4(10115 6432 10121 2319)
4(10131 2319 10121 6434)
4(636 3721 10131 6434)
4(10115 2319 10126 6534)
4(10126 2319 10132 6536)
4(665 6536 10132 3722)
4(10131 6676 10130 2319)
4(10132 2319 10130 6677)
4(707 6677 10130 6676)
4(707 6676 10131 3724)
4(707 3724 10132 6677)
4(1300 6676 10130 5002)
4(1300 6434 10131 6676)
4(1301 5003 10130 6677)
4(1301 6677 10132 6536)
4(10122 2320 10127 5001)
4(10122 5002 10130 2320)
4(10127 2320 10130 5003)
4(10133 2320 10122 6440)
4(10122 2320 10134 6441)
4(638 3727 10133 6440)
4(638 6441 10134 3727)
4(10133 6544 10127 2320)
4(10135 2320 10127 6545)
4(668 6544 10133 3728)
4(668 3728 10135 6545)
4(10134 2320 10130 6676)
4(10130 2320 10135 6677)
4(707 3729 10134 6676)
4(707 6677 10135 3729)
4(1299 6440 10133 6544)
4(1300 6676 10134 6441)
4(1301 6545 10135 6677)
4(10136 2321 8572 5005)
4(10137 2321 10136 5007)
4(8572 2321 10137 5010)
4(328 5007 10136 5005)
4(328 5010 10137 5007)
4(8572 2321 9868 6293)
4(12586 2321 8572 6295)
4(10136 6307 9868 2321)
4(10136 2321 8576 6309)
4(599 6307 10136 6309)
4(10137 6310 8576 2321)
4(12586 6311 10137 2321)
4(600 6310 10137 6311)
4(1261 5005 10136 6307)
4(1302 6309 10136 5007)
4(1302 5007 10137 6310)
4(1686 6311 10137 5010)
4(8573 2322 10138 5005)
4(10139 2322 8573 5006)
4(10138 2322 10139 5008)
4(328 5005 10138 5008)
4(328 5008 10139 5006)
4(8573 6298 9871 2322)
4(8573 2322 10123 6299)
4(10138 2322 9871 6437)
4(10138 6439 8641 2322)
4(637 6439 10138 6437)
4(10139 6440 10123 2322)
4(10139 2322 8641 6442)
4(638 6440 10139 6442)
4(1261 6437 10138 5005)
4(1299 5006 10139 6440)
4(1303 5008 10138 6439)
4(1303 6442 10139 5008)
4(10136 5005 10138 2323)
4(10136 2323 10140 5007)
4(10140 2323 10138 5008)
4(328 5007 10140 5008)
4(9874 6307 10136 2323)
4(10141 2323 10136 6309)
4(599 3587 10141 6309)
4(9874 2323 10138 6437)
4(10138 2323 10142 6439)
4(637 6439 10142 3588)
4(10141 6448 10140 2323)
4(10142 2323 10140 6449)
4(640 6449 10140 6448)
4(640 6448 10141 3591)
4(640 3591 10142 6449)
4(1302 6448 10140 5007)
4(1302 6309 10141 6448)
4(1303 5008 10140 6449)
4(1303 6449 10142 6439)
4(8574 2324 10144 5006)
4(10144 2324 10143 5009)
4(10143 2324 8574 5010)
4(328 5009 10143 5010)
4(328 5006 10144 5009)
4(8574 6300 10128 2324)
4(12588 6302 8574 2324)
4(10143 2324 8685 6541)
4(12588 2324 10143 6542)
4(667 6542 10143 6541)
4(10144 2324 10128 6544)
4(10144 6546 8685 2324)
4(668 6546 10144 6544)
4(1299 6544 10144 5006)
4(1304 6541 10143 5009)
4(1304 5009 10144 6546)
4(1686 5010 10143 6542)
4(10145 2325 10137 5007)
4(10145 5009 10143 2325)
4(10137 2325 10143 5010)
4(328 5009 10145 5007)
4(10146 6310 10137 2325)
4(12587 2325 10137 6311)
4(600 6310 10146 3649)
4(10147 2325 10143 6541)
4(10143 2325 12587 6542)
4(667 3650 10147 6541)
4(10146 2325 10145 6554)
4(10147 6555 10145 2325)
4(671 6554 10145 6555)
4(671 3652 10146 6554)
4(671 6555 10147 3652)
4(1302 5007 10145 6554)
4(1302 6554 10146 6310)
4(1304 6555 10145 5009)
4(1304 6541 10147 6555)
4(10139 5006 10144 2326)
4(10139 2326 10148 5008)
4(10148 2326 10144 5009)
4(328 5008 10148 5009)
4(10133 6440 10139 2326)
4(10149 2326 10139 6442)
4(638 3727 10149 6442)
4(10133 2326 10144 6544)
4(10144 2326 10150 6546)
4(668 6546 10150 3728)
4(10149 6684 10148 2326)
4(10150 2326 10148 6685)
4(709 6685 10148 6684)
4(709 6684 10149 3730)
4(709 3730 10150 6685)
4(1303 6684 10148 5008)
4(1303 6442 10149 6684)
4(1304 5009 10148 6685)
4(1304 6685 10150 6546)
4(10140 2327 10145 5007)
4(10140 5008 10148 2327)
4(10145 2327 10148 5009)
4(10151 2327 10140 6448)
4(10140 2327 10152 6449)
4(640 3733 10151 6448)
4(640 6449 10152 3733)
4(10151 6554 10145 2327)
4(10153 2327 10145 6555)
4(671 6554 10151 3734)
4(671 3734 10153 6555)
4(10152 2327 10148 6684)
4(10148 2327 10153 6685)
4(709 3735 10152 6684)
4(709 6685 10153 3735)
4(1302 6448 10151 6554)
4(1303 6684 10152 6449)
4(1304 6555 10153 6685)
4(10154 2328 8577 5011)
4(10155 2328 10154 5013)
4(8577 2328 10155 5016)
4(329 5013 10154 5011)
4(329 5016 10155 5013)
4(8577 2328 9886 6303)
4(12616 2328 8577 6305)
4(10154 6317 9886 2328)
4(10154 2328 8581 6319)
4(602 6317 10154 6319)
4(10155 6320 8581 2328)
4(12616 6321 10155 2328)
4(603 6320 10155 6321)
4(1264 5011 10154 6317)
4(1305 6319 10154 5013)
4(1305 5013 10155 6320)
4(1696 6321 10155 5016)
4(8578 2329 10156 5011)
4(10157 2329 8578 5012)
4(10156 2329 10157 5014)
4(329 5011 10156 5014)
4(329 5014 10157 5012)
4(8578 6308 9889 2329)
4(8578 2329 10141 6309)
4(10156 2329 9889 6445)
4(10156 6447 8646 2329)
4(639 6447 10156 6445)
4(10157 6448 10141 2329)
4(10157 2329 8646 6450)
4(640 6448 10157 6450)
4(1264 6445 10156 5011)
4(1302 5012 10157 6448)
4(1306 5014 10156 6447)
4(1306 6450 10157 5014)
4(10154 5011 10156 2330)
4(10154 2330 10158 5013)
4(10158 2330 10156 5014)
4(329 5013 10158 5014)
4(9892 6317 10154 2330)
4(10159 2330 10154 6319)
4(602 3593 10159 6319)
4(9892 2330 10156 6445)
4(10156 2330 10160 6447)
4(639 6447 10160 3594)
4(10159 6455 10158 2330)
4(10160 2330 10158 6456)
4(642 6456 10158 6455)
4(642 6455 10159 3596)
4(1305 6455 10158 5013)
4(1305 6319 10159 6455)
4(1306 5014 10158 6456)
4(1306 6456 10160 6447)
4(8579 2331 10162 5012)
4(10162 2331 10161 5015)
4(10161 2331 8579 5016)
4(329 5015 10161 5016)
4(329 5012 10162 5015)
4(8579 6310 10146 2331)
4(12618 6312 8579 2331)
4(10161 2331 8690 6551)
4(12618 2331 10161 6552)
4(670 6552 10161 6551)
4(10162 2331 10146 6554)
4(10162 6556 8690 2331)
4(671 6556 10162 6554)
4(1302 6554 10162 5012)
4(1307 6551 10161 5015)
4(1307 5015 10162 6556)
4(1696 5016 10161 6552)
4(10163 2332 10155 5013)
4(10163 5015 10161 2332)
4(10155 2332 10161 5016)
4(329 5015 10163 5013)
4(10164 6320 10155 2332)
4(12617 2332 10155 6321)
4(603 6320 10164 3654)
4(10165 2332 10161 6551)
4(10161 2332 12617 6552)
4(670 3655 10165 6551)
4(10164 2332 10163 6564)
4(10165 6565 10163 2332)
4(674 6564 10163 6565)
4(674 3657 10164 6564)
4(674 6565 10165 3657)
4(1305 5013 10163 6564)
4(1305 6564 10164 6320)
4(1307 6565 10163 5015)
4(1307 6551 10165 6565)
4(10157 5012 10162 2333)
4(10157 2333 10166 5014)
4(10166 2333 10162 5015)
4(329 5014 10166 5015)
4(10151 6448 10157 2333)
4(10167 2333 10157 6450)
4(640 3733 10167 6450)
4(10151 2333 10162 6554)
4(10162 2333 10168 6556)
4(671 6556 10168 3734)
4(10167 6692 10166 2333)
4(10168 2333 10166 6693)
4(711 6693 10166 6692)
4(711 6692 10167 3736)
4(711 3736 10168 6693)
4(1306 6692 10166 5014)
4(1306 6450 10167 6692)
4(1307 5015 10166 6693)
4(1307 6693 10168 6556)
4(10158 2334 10163 5013)
4(10158 5014 10166 2334)
4(10163 2334 10166 5015)
4(10169 2334 10158 6455)
4(10158 2334 10170 6456)
4(642 3739 10169 6455)
4(10169 6564 10163 2334)
4(10171 2334 10163 6565)
4(674 6564 10169 3740)
4(674 3740 10171 6565)
4(10170 2334 10166 6692)
4(10166 2334 10171 6693)
4(711 3741 10170 6692)
4(711 6693 10171 3741)
4(1305 6455 10169 6564)
4(1306 6692 10170 6456)
4(1307 6565 10171 6693)
4(10172 2335 8582 5017)
4(10173 2335 10172 5019)
4(8582 2335 10173 5022)
4(330 5019 10172 5017)
4(330 5022 10173 5019)
4(8582 2335 9904 6313)
4(12646 2335 8582 6315)
4(10172 6327 9904 2335)
4(10172 2335 8586 6329)
4(605 6327 10172 6329)
4(10173 6330 8586 2335)
4(12646 6331 10173 2335)
4(606 6330 10173 6331)
4(1267 5017 10172 6327)
4(1308 6329 10172 5019)
4(1308 5019 10173 6330)
4(1706 6331 10173 5022)
4(8583 2336 10174 5017)
4(10175 2336 8583 5018)
4(10174 2336 10175 5020)
4(330 5017 10174 5020)
4(330 5020 10175 5018)
4(8583 6318 9907 2336)
4(8583 2336 10159 6319)
4(10174 2336 9907 6453)
4(10174 6454 8650 2336)
4(641 6454 10174 6453)
4(10175 6455 10159 2336)
4(10175 2336 8650 6457)
4(642 6455 10175 6457)
4(1267 6453 10174 5017)
4(1305 5018 10175 6455)
4(1309 5020 10174 6454)
4(1309 6457 10175 5020)
4(10172 5017 10174 2337)
4(10172 2337 10176 5019)
4(10176 2337 10174 5020)
4(330 5019 10176 5020)
4(9910 6327 10172 2337)
4(10177 2337 10172 6329)
4(605 3598 10177 6329)
4(9910 2337 10174 6453)
4(10174 2337 10178 6454)
4(10177 6461 10176 2337)
4(10178 2337 10176 6462)
4(644 6462 10176 6461)
4(644 6461 10177 3601)
4(1308 6461 10176 5019)
4(1308 6329 10177 6461)
4(1309 5020 10176 6462)
4(8584 2338 10180 5018)
4(10180 2338 10179 5021)
4(10179 2338 8584 5022)
4(330 5021 10179 5022)
4(330 5018 10180 5021)
4(8584 6320 10164 2338)
4(12648 6322 8584 2338)
4(10179 2338 8695 6561)
4(12648 2338 10179 6562)
4(673 6562 10179 6561)
4(10180 2338 10164 6564)
4(10180 6566 8695 2338)
4(674 6566 10180 6564)
4(1305 6564 10180 5018)
4(1310 6561 10179 5021)
4(1310 5021 10180 6566)
4(1706 5022 10179 6562)
4(10181 2339 10173 5019)
4(10181 5021 10179 2339)
4(10173 2339 10179 5022)
4(330 5021 10181 5019)
4(10182 6330 10173 2339)
4(12647 2339 10173 6331)
4(606 6330 10182 3659)
4(10183 2339 10179 6561)
4(10179 2339 12647 6562)
4(673 3660 10183 6561)
4(10182 2339 10181 6574)
4(10183 6575 10181 2339)
4(677 6574 10181 6575)
4(677 3662 10182 6574)
4(677 6575 10183 3662)
4(1308 5019 10181 6574)
4(1308 6574 10182 6330)
4(1310 6575 10181 5021)
4(1310 6561 10183 6575)
4(10175 5018 10180 2340)
4(10175 2340 10184 5020)
4(10184 2340 10180 5021)
4(330 5020 10184 5021)
4(10169 6455 10175 2340)
4(10185 2340 10175 6457)
4(10169 2340 10180 6564)
4(10180 2340 10186 6566)
4(674 6566 10186 3740)
4(10185 6700 10184 2340)
4(10186 2340 10184 6701)
4(713 6701 10184 6700)
4(713 3742 10186 6701)
4(1309 6700 10184 5020)
4(1310 5021 10184 6701)
4(1310 6701 10186 6566)
4(10176 2341 10181 5019)
4(10176 5020 10184 2341)
4(10181 2341 10184 5021)
4(10187 2341 10176 6461)
4(10176 2341 10188 6462)
4(644 3744 10187 6461)
4(10187 6574 10181 2341)
4(10189 2341 10181 6575)
4(677 6574 10187 3745)
4(677 3745 10189 6575)
4(10188 2341 10184 6700)
4(10184 2341 10189 6701)
4(713 6701 10189 3746)
4(1308 6461 10187 6574)
4(1310 6575 10189 6701)
4(10190 2342 8587 5023)
4(10191 2342 10190 5025)
4(8587 2342 10191 5028)
4(331 5025 10190 5023)
4(331 5028 10191 5025)
4(8587 2342 9922 6323)
4(12676 2342 8587 6325)
4(10190 6337 9922 2342)
4(10190 2342 8591 6339)
4(608 6337 10190 6339)
4(10191 6340 8591 2342)
4(12676 6341 10191 2342)
4(609 6340 10191 6341)
4(1270 5023 10190 6337)
4(1311 6339 10190 5025)
4(1311 5025 10191 6340)
4(1716 6341 10191 5028)
4(8588 2343 10192 5023)
4(10193 2343 8588 5024)
4(10192 2343 10193 5026)
4(331 5023 10192 5026)
4(331 5026 10193 5024)
4(8588 6328 9925 2343)
4(8588 2343 10177 6329)
4(10192 2343 9925 6459)
4(10192 6460 8651 2343)
4(643 6460 10192 6459)
4(10193 6461 10177 2343)
4(10193 2343 8651 6463)
4(644 6461 10193 6463)
4(1270 6459 10192 5023)
4(1308 5024 10193 6461)
4(1312 5026 10192 6460)
4(1312 6463 10193 5026)
4(10190 5023 10192 2344)
4(10190 2344 10194 5025)
4(10194 2344 10192 5026)
4(331 5025 10194 5026)
4(9928 6337 10190 2344)
4(10195 2344 10190 6339)
4(608 3603 10195 6339)
4(9928 2344 10192 6459)
4(10192 2344 10196 6460)
4(10195 6467 10194 2344)
4(10196 2344 10194 6468)
4(646 6468 10194 6467)
4(646 6467 10195 3606)
4(1311 6467 10194 5025)
4(1311 6339 10195 6467)
4(1312 5026 10194 6468)
4(8589 2345 10198 5024)
4(10198 2345 10197 5027)
4(10197 2345 8589 5028)
4(331 5027 10197 5028)
4(331 5024 10198 5027)
4(8589 6330 10182 2345)
4(12678 6332 8589 2345)
4(10197 2345 8700 6571)
4(12678 2345 10197 6572)
4(676 6572 10197 6571)
4(10198 2345 10182 6574)
4(10198 6576 8700 2345)
4(677 6576 10198 6574)
4(1308 6574 10198 5024)
4(1313 6571 10197 5027)
4(1313 5027 10198 6576)
4(1716 5028 10197 6572)
4(10199 2346 10191 5025)
4(10199 5027 10197 2346)
4(10191 2346 10197 5028)
4(331 5027 10199 5025)
4(10200 6340 10191 2346)
4(12677 2346 10191 6341)
4(609 6340 10200 3664)
4(10201 2346 10197 6571)
4(10197 2346 12677 6572)
4(676 3665 10201 6571)
4(10200 2346 10199 6584)
4(10201 6585 10199 2346)
4(680 6584 10199 6585)
4(680 3667 10200 6584)
4(680 6585 10201 3667)
4(1311 5025 10199 6584)
4(1311 6584 10200 6340)
4(1313 6585 10199 5027)
4(1313 6571 10201 6585)
4(10193 5024 10198 2347)
4(10193 2347 10202 5026)
4(10202 2347 10198 5027)
4(331 5026 10202 5027)
4(10187 6461 10193 2347)
4(10203 2347 10193 6463)
4(10187 2347 10198 6574)
4(10198 2347 10204 6576)
4(677 6576 10204 3745)
4(10203 6706 10202 2347)
4(10204 2347 10202 6707)
4(715 6707 10202 6706)
4(715 3747 10204 6707)
4(1312 6706 10202 5026)
4(1313 5027 10202 6707)
4(1313 6707 10204 6576)
4(10194 2348 10199 5025)
4(10194 5026 10202 2348)
4(10199 2348 10202 5027)
4(10205 2348 10194 6467)
4(10194 2348 10206 6468)
4(646 3749 10205 6467)
4(10205 6584 10199 2348)
4(10207 2348 10199 6585)
4(680 6584 10205 3750)
4(680 3750 10207 6585)
4(10206 2348 10202 6706)
4(10202 2348 10207 6707)
4(715 6707 10207 3751)
4(1311 6467 10205 6584)
4(1313 6585 10207 6707)
4(10208 2349 8592 5029)
4(10209 2349 10208 5031)
4(8592 2349 10209 5034)
4(332 5031 10208 5029)
4(332 5034 10209 5031)
4(8592 2349 9940 6333)
4(12706 2349 8592 6335)
4(10208 6347 9940 2349)
4(10208 2349 8596 6349)
4(611 6347 10208 6349)
4(10209 6350 8596 2349)
4(12706 6351 10209 2349)
4(612 6350 10209 6351)
4(1273 5029 10208 6347)
4(1314 6349 10208 5031)
4(1314 5031 10209 6350)
4(1726 6351 10209 5034)
4(8593 2350 10210 5029)
4(10211 2350 8593 5030)
4(10210 2350 10211 5032)
4(332 5029 10210 5032)
4(332 5032 10211 5030)
4(8593 6338 9943 2350)
4(8593 2350 10195 6339)
4(10210 2350 9943 6465)
4(10210 6466 8652 2350)
4(645 6466 10210 6465)
4(10211 6467 10195 2350)
4(10211 2350 8652 6469)
4(646 6467 10211 6469)
4(1273 6465 10210 5029)
4(1311 5030 10211 6467)
4(1315 5032 10210 6466)
4(1315 6469 10211 5032)
4(10208 5029 10210 2351)
4(10208 2351 10212 5031)
4(10212 2351 10210 5032)
4(332 5031 10212 5032)
4(9946 6347 10208 2351)
4(10213 2351 10208 6349)
4(611 3608 10213 6349)
4(9946 2351 10210 6465)
4(10210 2351 10214 6466)
4(10213 6471 10212 2351)
4(10214 2351 10212 6472)
4(647 6472 10212 6471)
4(647 6471 10213 3611)
4(1314 6471 10212 5031)
4(1314 6349 10213 6471)
4(1315 5032 10212 6472)
4(8594 2352 10216 5030)
4(10216 2352 10215 5033)
4(10215 2352 8594 5034)
4(332 5033 10215 5034)
4(332 5030 10216 5033)
4(8594 6340 10200 2352)
4(12708 6342 8594 2352)
4(10215 2352 8705 6581)
4(12708 2352 10215 6582)
4(679 6582 10215 6581)
4(10216 2352 10200 6584)
4(10216 6586 8705 2352)
4(680 6586 10216 6584)
4(1311 6584 10216 5030)
4(1316 6581 10215 5033)
4(1316 5033 10216 6586)
4(1726 5034 10215 6582)
4(10217 2353 10209 5031)
4(10217 5033 10215 2353)
4(10209 2353 10215 5034)
4(332 5033 10217 5031)
4(10218 6350 10209 2353)
4(12707 2353 10209 6351)
4(612 6350 10218 3669)
4(10219 2353 10215 6581)
4(10215 2353 12707 6582)
4(679 3670 10219 6581)
4(10218 2353 10217 6594)
4(10219 6595 10217 2353)
4(683 6594 10217 6595)
4(683 3672 10218 6594)
4(683 6595 10219 3672)
4(1314 5031 10217 6594)
4(1314 6594 10218 6350)
4(1316 6595 10217 5033)
4(1316 6581 10219 6595)
4(10211 5030 10216 2354)
4(10211 2354 10220 5032)
4(10220 2354 10216 5033)
4(332 5032 10220 5033)
4(10205 6467 10211 2354)
4(10221 2354 10211 6469)
4(10205 2354 10216 6584)
4(10216 2354 10222 6586)
4(680 6586 10222 3750)
4(10221 6712 10220 2354)
4(10222 2354 10220 6713)
4(717 6713 10220 6712)
4(717 3752 10222 6713)
4(1315 6712 10220 5032)
4(1316 5033 10220 6713)
4(1316 6713 10222 6586)
4(10212 2355 10217 5031)
4(10212 5032 10220 2355)
4(10217 2355 10220 5033)
4(10223 2355 10212 6471)
4(10212 2355 10224 6472)
4(647 3754 10223 6471)
4(10223 6594 10217 2355)
4(10225 2355 10217 6595)
4(683 6594 10223 3755)
4(683 3755 10225 6595)
4(10224 2355 10220 6712)
4(10220 2355 10225 6713)
4(717 6713 10225 3756)
4(1314 6471 10223 6594)
4(1316 6595 10225 6713)
4(10226 2356 8597 5035)
4(10227 2356 10226 5037)
4(8597 2356 10227 5040)
4(333 5037 10226 5035)
4(333 5040 10227 5037)
4(8597 2356 9957 6343)
4(12736 2356 8597 6345)
4(10226 6357 9957 2356)
4(10226 2356 8601 6359)
4(614 6357 10226 6359)
4(10227 6360 8601 2356)
4(12736 6361 10227 2356)
4(615 6360 10227 6361)
4(1275 5035 10226 6357)
4(1317 6359 10226 5037)
4(1317 5037 10227 6360)
4(1736 6361 10227 5040)
4(8598 2357 10228 5035)
4(10229 2357 8598 5036)
4(10228 2357 10229 5038)
4(333 5035 10228 5038)
4(333 5038 10229 5036)
4(8598 6348 9960 2357)
4(8598 2357 10213 6349)
4(10228 2357 9960 6470)
3(10228 8653 2357)
4(10229 6471 10213 2357)
4(10229 2357 8653 6473)
4(647 6471 10229 6473)
4(1275 6470 10228 5035)
4(1314 5036 10229 6471)
3(6473 10229 5038)
4(10226 5035 10228 2358)
4(10226 2358 10230 5037)
4(333 5037 10230 5038)
4(9962 6357 10226 2358)
4(10231 2358 10226 6359)
4(614 3612 10231 6359)
4(1317 6475 10230 5037)
4(1317 6359 10231 6475)
4(8599 2359 10233 5036)
4(10233 2359 10232 5039)
4(10232 2359 8599 5040)
4(333 5039 10232 5040)
4(333 5036 10233 5039)
4(8599 6350 10218 2359)
4(12738 6352 8599 2359)
4(10232 2359 8710 6591)
4(12738 2359 10232 6592)
4(682 6592 10232 6591)
4(10233 2359 10218 6594)
4(10233 6596 8710 2359)
4(683 6596 10233 6594)
4(1314 6594 10233 5036)
4(1318 6591 10232 5039)
4(1318 5039 10233 6596)
4(1736 5040 10232 6592)
4(10234 2360 10227 5037)
4(10234 5039 10232 2360)
4(10227 2360 10232 5040)
4(333 5039 10234 5037)
4(10235 6360 10227 2360)
4(12737 2360 10227 6361)
4(615 6360 10235 3674)
4(10236 2360 10232 6591)
4(10232 2360 12737 6592)
4(682 3675 10236 6591)
4(10235 2360 10234 6604)
4(10236 6605 10234 2360)
4(686 6604 10234 6605)
4(686 3677 10235 6604)
4(686 6605 10236 3677)
4(1317 5037 10234 6604)
4(1317 6604 10235 6360)
4(1318 6605 10234 5039)
4(1318 6591 10236 6605)
4(10229 5036 10233 2361)
4(10229 2361 10237 5038)
4(10237 2361 10233 5039)
4(333 5038 10237 5039)
4(10223 6471 10229 2361)
4(10238 2361 10229 6473)
4(10223 2361 10233 6594)
4(10233 2361 10239 6596)
4(683 6596 10239 3755)
3(10238 10237 2361)
4(10239 2361 10237 6718)
3(3757 10239 6718)
4(1318 5039 10237 6718)
4(1318 6718 10239 6596)
4(10230 2362 10234 5037)
4(10234 2362 10237 5039)
4(10240 6604 10234 2362)
4(10241 2362 10234 6605)
4(686 6604 10240 3759)
4(686 3759 10241 6605)
4(1317 6475 10240 6604)
4(1318 6605 10241 6718)
4(10242 2363 8602 5041)
4(10243 2363 10242 5043)
4(8602 2363 10243 5046)
4(334 5043 10242 5041)
4(334 5046 10243 5043)
4(8602 2363 9973 6353)
4(12766 2363 8602 6355)
4(10242 6367 9973 2363)
4(10242 2363 8606 6369)
4(617 6367 10242 6369)
4(10243 6370 8606 2363)
4(12766 6371 10243 2363)
4(618 6370 10243 6371)
4(1277 5041 10242 6367)
4(1319 6369 10242 5043)
4(1319 5043 10243 6370)
4(1746 6371 10243 5046)
4(8603 2364 10244 5041)
4(10245 2364 8603 5042)
4(334 5041 10244 5044)
4(334 5044 10245 5042)
4(8603 6358 9975 2364)
4(8603 2364 10231 6359)
4(1277 6474 10244 5041)
4(1317 5042 10245 6475)
4(10242 5041 10244 2365)
4(10242 2365 10246 5043)
4(334 5043 10246 5044)
4(9977 6367 10242 2365)
4(10247 2365 10242 6369)
4(617 3613 10247 6369)
4(1319 6477 10246 5043)
4(1319 6369 10247 6477)
4(8604 2366 10249 5042)
4(10249 2366 10248 5045)
4(10248 2366 8604 5046)
4(334 5045 10248 5046)
4(334 5042 10249 5045)
4(8604 6360 10235 2366)
4(12768 6362 8604 2366)
4(10248 2366 8715 6601)
4(12768 2366 10248 6602)
4(685 6602 10248 6601)
4(10249 2366 10235 6604)
4(10249 6606 8715 2366)
4(686 6606 10249 6604)
4(1317 6604 10249 5042)
4(1320 6601 10248 5045)
4(1320 5045 10249 6606)
4(1746 5046 10248 6602)
4(10250 2367 10243 5043)
4(10250 5045 10248 2367)
4(10243 2367 10248 5046)
4(334 5045 10250 5043)
4(10251 6370 10243 2367)
4(12767 2367 10243 6371)
4(618 6370 10251 3679)
4(10252 2367 10248 6601)
4(10248 2367 12767 6602)
4(685 3680 10252 6601)
4(10251 2367 10250 6614)
4(10252 6615 10250 2367)
4(689 6614 10250 6615)
4(689 3682 10251 6614)
4(689 6615 10252 3682)
4(1319 5043 10250 6614)
4(1319 6614 10251 6370)
4(1320 6615 10250 5045)
4(1320 6601 10252 6615)
4(10245 5042 10249 2368)
4(10253 2368 10249 5045)
4(334 5044 10253 5045)
4(10240 2368 10249 6604)
4(10249 2368 10254 6606)
4(686 6606 10254 3759)
4(1320 5045 10253 6722)
4(1320 6722 10254 6606)
4(10246 2369 10250 5043)
4(10250 2369 10253 5045)
4(10255 6614 10250 2369)
4(10256 2369 10250 6615)
4(689 6614 10255 3760)
4(689 3760 10256 6615)
4(1319 6477 10255 6614)
4(1320 6615 10256 6722)
4(10257 2370 8607 5047)
4(10258 2370 10257 5049)
4(8607 2370 10258 5052)
4(335 5049 10257 5047)
4(335 5052 10258 5049)
4(8607 2370 9987 6363)
4(12796 2370 8607 6365)
4(10257 6377 9987 2370)
4(10257 2370 8611 6379)
4(620 6377 10257 6379)
4(10258 6380 8611 2370)
4(12796 6381 10258 2370)
4(621 6380 10258 6381)
4(1279 5047 10257 6377)
4(1321 6379 10257 5049)
4(1321 5049 10258 6380)
4(1756 6381 10258 5052)
4(8608 2371 10259 5047)
4(10260 2371 8608 5048)
4(335 5047 10259 5050)
4(335 5050 10260 5048)
4(8608 6368 9989 2371)
4(8608 2371 10247 6369)
4(1279 6476 10259 5047)
4(1319 5048 10260 6477)
4(10257 5047 10259 2372)
4(10257 2372 10261 5049)
4(335 5049 10261 5050)
4(9990 6377 10257 2372)
3(2372 10257 6379)
3(1321 10261 5049)
4(8609 2373 10263 5048)
4(10263 2373 10262 5051)
4(10262 2373 8609 5052)
4(335 5051 10262 5052)
4(335 5048 10263 5051)
4(8609 6370 10251 2373)
4(12798 6372 8609 2373)
4(10262 2373 8720 6611)
4(12798 2373 10262 6612)
4(688 6612 10262 6611)
4(10263 2373 10251 6614)
4(10263 6616 8720 2373)
4(689 6616 10263 6614)
4(1319 6614 10263 5048)
4(1322 6611 10262 5051)
4(1322 5051 10263 6616)
4(1756 5052 10262 6612)
4(10264 2374 10258 5049)
4(10264 5051 10262 2374)
4(10258 2374 10262 5052)
4(335 5051 10264 5049)
4(10265 6380 10258 2374)
4(12797 2374 10258 6381)
4(621 6380 10265 3684)
4(10266 2374 10262 6611)
4(10262 2374 12797 6612)
4(688 3685 10266 6611)
4(10265 2374 10264 6624)
4(10266 6625 10264 2374)
4(692 6624 10264 6625)
4(692 3687 10265 6624)
4(692 6625 10266 3687)
4(1321 5049 10264 6624)
4(1321 6624 10265 6380)
4(1322 6625 10264 5051)
4(1322 6611 10266 6625)
4(10260 5048 10263 2375)
4(10267 2375 10263 5051)
4(335 5050 10267 5051)
4(10255 2375 10263 6614)
4(10263 2375 10268 6616)
4(689 6616 10268 3760)
4(1322 5051 10267 6724)
4(1322 6724 10268 6616)
4(10261 2376 10264 5049)
4(10264 2376 10267 5051)
3(6624 10264 2376)
4(10269 2376 10264 6625)
3(692 10269 6625)
4(1322 6625 10269 6724)
4(10270 2377 8612 5053)
4(10271 2377 10270 5055)
4(8612 2377 10271 5057)
4(336 5057 10271 5055)
4(8612 2377 9997 6373)
4(12826 2377 8612 6375)
4(10270 6387 9997 2377)
4(10270 2377 8616 6389)
4(10271 6390 8616 2377)
4(12826 6391 10271 2377)
4(624 6390 10271 6391)
4(1323 5055 10271 6390)
4(1766 6391 10271 5057)
4(8614 2378 10273 5054)
4(10273 2378 10272 5056)
4(10272 2378 8614 5057)
4(336 5056 10272 5057)
4(8614 6380 10265 2378)
4(12828 6382 8614 2378)
4(10272 2378 8725 6621)
4(12828 2378 10272 6622)
4(691 6622 10272 6621)
4(10273 2378 10265 6624)
4(10273 6626 8725 2378)
4(1324 6621 10272 5056)
4(1766 5057 10272 6622)
4(10274 2379 10271 5055)
4(10274 5056 10272 2379)
4(10271 2379 10272 5057)
4(10275 6390 10271 2379)
4(12827 2379 10271 6391)
4(624 6390 10275 3689)
4(10276 2379 10272 6621)
4(10272 2379 12827 6622)
4(691 3690 10276 6621)
4(10275 2379 10274 6634)
4(10276 6635 10274 2379)
4(695 3692 10275 6634)
4(695 6635 10276 3692)
4(1323 6634 10275 6390)
4(1324 6621 10276 6635)
4(10277 2380 8617 5058)
4(10278 2380 10277 5060)
4(8617 2380 10278 5062)
4(337 5062 10278 5060)
4(8617 2380 10004 6383)
4(12856 2380 8617 6385)
4(10277 6394 10004 2380)
4(10277 2380 8621 6395)
4(10278 6396 8621 2380)
4(12856 6397 10278 2380)
4(626 6396 10278 6397)
4(1325 5060 10278 6396)
4(1776 6397 10278 5062)
4(8619 2381 10280 5059)
4(10280 2381 10279 5061)
4(10279 2381 8619 5062)
4(337 5061 10279 5062)
4(8619 6390 10275 2381)
4(12858 6392 8619 2381)
4(10279 2381 8730 6631)
4(12858 2381 10279 6632)
4(694 6632 10279 6631)
4(10280 2381 10275 6634)
4(10280 6636 8730 2381)
4(1326 6631 10279 5061)
4(1776 5062 10279 6632)
4(10281 2382 10278 5060)
4(10281 5061 10279 2382)
4(10278 2382 10279 5062)
4(10282 6396 10278 2382)
4(12857 2382 10278 6397)
4(626 6396 10282 3694)
4(10283 2382 10279 6631)
4(10279 2382 12857 6632)
4(694 3695 10283 6631)
4(10282 2382 10281 6641)
4(10283 6642 10281 2382)
4(697 3697 10282 6641)
4(697 6642 10283 3697)
4(1325 6641 10282 6396)
4(1326 6631 10283 6642)
4(8622 6396 10282 2383)
3(2383 10282 6641)
3(632 6419 6417)
4(632 6419 10284 3709)
4(8628 6415 10088 2384)
4(10285 2384 10088 6425)
4(634 6427 10285 6425)
4(1294 6425 10285 5063)
4(8629 2385 10095 6418)
4(10286 6660 10095 2385)
4(703 6660 10286 6662)
4(1294 5063 10286 6660)
4(10098 2386 10285 6425)
4(634 6427 10287 3715)
4(10098 6660 10286 2386)
4(703 3717 10288 6662)
4(8633 6423 10106 2387)
4(10289 2387 10106 6433)
4(636 6435 10289 6433)
4(1297 6433 10289 5064)
4(8634 2388 10113 6426)
4(10290 6668 10113 2388)
4(705 6668 10290 6670)
4(1297 5064 10290 6668)
4(10116 2389 10289 6433)
4(636 6435 10291 3721)
4(10116 6668 10290 2389)
4(705 3723 10292 6670)
4(8638 6431 10124 2390)
4(10293 2390 10124 6441)
4(638 6443 10293 6441)
4(1300 6441 10293 5065)
4(8639 2391 10131 6434)
4(10294 6676 10131 2391)
4(707 6676 10294 6678)
4(1300 5065 10294 6676)
4(10134 2392 10293 6441)
4(638 6443 10295 3727)
4(10134 6676 10294 2392)
4(707 3729 10296 6678)
4(8643 6439 10142 2393)
4(10297 2393 10142 6449)
4(640 6451 10297 6449)
4(1303 6449 10297 5066)
4(8644 2394 10149 6442)
4(10298 6684 10149 2394)
4(709 6684 10298 6686)
4(1303 5066 10298 6684)
4(10152 2395 10297 6449)
4(640 6451 10299 3733)
4(10152 6684 10298 2395)
4(709 3735 10300 6686)
3(8648 6447 10160)
3(1306 6456 5067)
4(8649 2396 10167 6450)
4(10301 6692 10167 2396)
4(711 6692 10301 6694)
4(1306 5067 10301 6692)
3(10170 6692 10301)
3(711 3741 6694)
3(10302 2397 8654)
4(10303 2397 10302 5068)
4(8654 2397 10303 5069)
3(5069 10303 5068)
4(8654 2397 10029 6478)
4(12386 2397 8654 6480)
4(10302 6485 10029 2397)
4(10302 2397 8656 6487)
4(650 6485 10302 6487)
4(10303 6488 8656 2397)
4(12386 6489 10303 2397)
4(651 6488 10303 6489)
4(1327 6487 10302 5068)
4(1327 5068 10303 6488)
4(1617 6489 10303 5069)
3(10304 10302 6487)
4(650 3699 10304 6487)
3(1327 6648 5068)
4(1327 6487 10304 6648)
4(10306 2398 10303 5068)
3(10306 10305 2398)
4(10303 2398 10305 5069)
4(10307 6488 10303 2398)
4(12387 2398 10303 6489)
4(651 6488 10307 3761)
4(10308 2398 10305 6726)
4(10305 2398 12387 6727)
4(720 3762 10308 6726)
4(10307 2398 10306 6732)
4(10308 6733 10306 2398)
4(722 6732 10306 6733)
4(722 3764 10307 6732)
4(722 6733 10308 3764)
4(1327 5068 10306 6732)
4(1327 6732 10307 6488)
3(6726 10308 6733)
3(10309 6732 10306)
4(722 6732 10309 3846)
3(722 3846 6733)
4(1327 6648 10309 6732)
4(10310 2399 8657 5070)
4(10311 2399 10310 5072)
4(8657 2399 10311 5075)
4(338 5072 10310 5070)
4(338 5075 10311 5072)
4(8657 2399 10041 6481)
4(12409 2399 8657 6483)
4(10310 6495 10041 2399)
4(10310 2399 8661 6497)
4(653 6495 10310 6497)
4(10311 6498 8661 2399)
4(12409 6499 10311 2399)
4(654 6498 10311 6499)
4(1286 5070 10310 6495)
4(1328 6497 10310 5072)
4(1328 5072 10311 6498)
4(1627 6499 10311 5075)
4(8658 2400 10312 5070)
4(10313 2400 8658 5071)
4(338 5070 10312 5073)
4(338 5073 10313 5071)
4(8658 6486 10043 2400)
4(8658 2400 10304 6487)
4(1286 6647 10312 5070)
4(1327 5071 10313 6648)
4(10310 5070 10312 2401)
4(10310 2401 10314 5072)
4(338 5072 10314 5073)
4(10045 6495 10310 2401)
4(10315 2401 10310 6497)
4(653 3701 10315 6497)
4(10315 6652 10314 2401)
3(700 10314 6652)
4(700 6652 10315 3703)
4(1328 6652 10314 5072)
4(1328 6497 10315 6652)
4(8659 2402 10317 5071)
4(10317 2402 10316 5074)
4(10316 2402 8659 5075)
4(338 5074 10316 5075)
4(338 5071 10317 5074)
4(8659 6488 10307 2402)
4(12411 6490 8659 2402)
4(10316 2402 8770 6729)
4(12411 2402 10316 6730)
4(721 6730 10316 6729)
4(10317 2402 10307 6732)
4(10317 6734 8770 2402)
4(722 6734 10317 6732)
4(1327 6732 10317 5071)
4(1329 6729 10316 5074)
4(1329 5074 10317 6734)
4(1627 5075 10316 6730)
4(10318 2403 10311 5072)
4(10318 5074 10316 2403)
4(10311 2403 10316 5075)
4(338 5074 10318 5072)
4(10319 6498 10311 2403)
4(12410 2403 10311 6499)
4(654 6498 10319 3766)
4(10320 2403 10316 6729)
4(10316 2403 12410 6730)
4(721 3767 10320 6729)
4(10319 2403 10318 6742)
4(10320 6743 10318 2403)
4(725 6742 10318 6743)
4(725 3769 10319 6742)
4(725 6743 10320 3769)
4(1328 5072 10318 6742)
4(1328 6742 10319 6498)
4(1329 6743 10318 5074)
4(1329 6729 10320 6743)
4(10313 5071 10317 2404)
4(10321 2404 10317 5074)
4(338 5073 10321 5074)
4(10309 2404 10317 6732)
4(10317 2404 10322 6734)
4(722 6734 10322 3846)
4(1329 5074 10321 6895)
4(1329 6895 10322 6734)
4(10314 2405 10318 5072)
4(10318 2405 10321 5074)
4(10323 2405 10314 6652)
4(700 3847 10323 6652)
4(10323 6742 10318 2405)
4(10324 2405 10318 6743)
4(725 6742 10323 3848)
4(725 3848 10324 6743)
4(1328 6652 10323 6742)
4(1329 6743 10324 6895)
4(10325 2406 8662 5076)
4(10326 2406 10325 5078)
4(8662 2406 10326 5081)
4(339 5078 10325 5076)
4(339 5081 10326 5078)
4(8662 2406 10057 6491)
4(12439 2406 8662 6493)
4(10325 6505 10057 2406)
4(10325 2406 8666 6507)
4(656 6505 10325 6507)
4(10326 6508 8666 2406)
4(12439 6509 10326 2406)
4(657 6508 10326 6509)
4(1289 5076 10325 6505)
4(1330 6507 10325 5078)
4(1330 5078 10326 6508)
4(1637 6509 10326 5081)
4(8663 2407 10327 5076)
4(10328 2407 8663 5077)
4(10327 2407 10328 5079)
4(339 5076 10327 5079)
4(339 5079 10328 5077)
4(8663 6496 10060 2407)
4(8663 2407 10315 6497)
4(10327 2407 10060 6650)
4(10327 6651 8738 2407)
4(699 6651 10327 6650)
4(10328 6652 10315 2407)
4(10328 2407 8738 6653)
4(700 6652 10328 6653)
4(1289 6650 10327 5076)
4(1328 5077 10328 6652)
4(1331 5079 10327 6651)
4(1331 6653 10328 5079)
4(10325 5076 10327 2408)
4(10325 2408 10329 5078)
4(10329 2408 10327 5079)
4(339 5078 10329 5079)
4(10063 6505 10325 2408)
4(10330 2408 10325 6507)
4(656 3705 10330 6507)
4(10063 2408 10327 6650)
4(10327 2408 10331 6651)
4(10330 6657 10329 2408)
4(10331 2408 10329 6658)
4(702 6658 10329 6657)
4(702 6657 10330 3708)
4(1330 6657 10329 5078)
4(1330 6507 10330 6657)
4(1331 5079 10329 6658)
4(8664 2409 10333 5077)
4(10333 2409 10332 5080)
4(10332 2409 8664 5081)
4(339 5080 10332 5081)
4(339 5077 10333 5080)
4(8664 6498 10319 2409)
4(12441 6500 8664 2409)
4(10332 2409 8775 6739)
4(12441 2409 10332 6740)
4(724 6740 10332 6739)
4(10333 2409 10319 6742)
4(10333 6744 8775 2409)
4(725 6744 10333 6742)
4(1328 6742 10333 5077)
4(1332 6739 10332 5080)
4(1332 5080 10333 6744)
4(1637 5081 10332 6740)
4(10334 2410 10326 5078)
4(10334 5080 10332 2410)
4(10326 2410 10332 5081)
4(339 5080 10334 5078)
4(10335 6508 10326 2410)
4(12440 2410 10326 6509)
4(657 6508 10335 3771)
4(10336 2410 10332 6739)
4(10332 2410 12440 6740)
4(724 3772 10336 6739)
4(10335 2410 10334 6752)
4(10336 6753 10334 2410)
4(728 6752 10334 6753)
4(728 3774 10335 6752)
4(728 6753 10336 3774)
4(1330 5078 10334 6752)
4(1330 6752 10335 6508)
4(1332 6753 10334 5080)
4(1332 6739 10336 6753)
4(10328 5077 10333 2411)
4(10328 2411 10337 5079)
4(10337 2411 10333 5080)
4(339 5079 10337 5080)
4(10323 6652 10328 2411)
4(10338 2411 10328 6653)
4(10323 2411 10333 6742)
4(10333 2411 10339 6744)
4(725 6744 10339 3848)
4(10338 6897 10337 2411)
4(10339 2411 10337 6898)
4(771 6898 10337 6897)
4(771 3849 10339 6898)
4(1331 6897 10337 5079)
4(1332 5080 10337 6898)
4(1332 6898 10339 6744)
4(10329 2412 10334 5078)
4(10329 5079 10337 2412)
4(10334 2412 10337 5080)
4(10340 2412 10329 6657)
4(10329 2412 10341 6658)
4(702 3851 10340 6657)
4(10340 6752 10334 2412)
4(10342 2412 10334 6753)
4(728 6752 10340 3852)
4(728 3852 10342 6753)
4(10341 2412 10337 6897)
4(10337 2412 10342 6898)
4(771 6898 10342 3853)
4(1330 6657 10340 6752)
4(1332 6753 10342 6898)
4(10343 2413 8667 5082)
4(10344 2413 10343 5084)
4(8667 2413 10344 5087)
4(340 5084 10343 5082)
4(340 5087 10344 5084)
4(8667 2413 10075 6501)
4(12469 2413 8667 6503)
4(10343 6515 10075 2413)
4(10343 2413 8671 6517)
4(659 6515 10343 6517)
4(10344 6518 8671 2413)
4(12469 6519 10344 2413)
4(660 6518 10344 6519)
4(1292 5082 10343 6515)
4(1333 6517 10343 5084)
4(1333 5084 10344 6518)
4(1647 6519 10344 5087)
4(8668 2414 10345 5082)
4(10346 2414 8668 5083)
4(10345 2414 10346 5085)
4(340 5082 10345 5085)
4(340 5085 10346 5083)
4(8668 6506 10078 2414)
4(8668 2414 10330 6507)
4(10345 2414 10078 6655)
4(10345 6656 8739 2414)
4(701 6656 10345 6655)
4(10346 6657 10330 2414)
4(10346 2414 8739 6659)
4(702 6657 10346 6659)
4(1292 6655 10345 5082)
4(1330 5083 10346 6657)
4(1334 5085 10345 6656)
4(1334 6659 10346 5085)
4(10343 5082 10345 2415)
4(10343 2415 10347 5084)
4(10347 2415 10345 5085)
4(340 5084 10347 5085)
4(10081 6515 10343 2415)
4(10348 2415 10343 6517)
4(659 3710 10348 6517)
4(10081 2415 10345 6655)
4(10345 2415 10349 6656)
4(10348 6664 10347 2415)
4(10349 2415 10347 6665)
4(704 6665 10347 6664)
4(704 6664 10348 3714)
4(704 3714 10349 6665)
4(1333 6664 10347 5084)
4(1333 6517 10348 6664)
4(1334 5085 10347 6665)
4(8669 2416 10351 5083)
4(10351 2416 10350 5086)
4(10350 2416 8669 5087)
4(340 5086 10350 5087)
4(340 5083 10351 5086)
4(8669 6508 10335 2416)
4(12471 6510 8669 2416)
4(10350 2416 8780 6749)
4(12471 2416 10350 6750)
4(727 6750 10350 6749)
4(10351 2416 10335 6752)
4(10351 6754 8780 2416)
4(728 6754 10351 6752)
4(1330 6752 10351 5083)
4(1335 6749 10350 5086)
4(1335 5086 10351 6754)
4(1647 5087 10350 6750)
4(10352 2417 10344 5084)
4(10352 5086 10350 2417)
4(10344 2417 10350 5087)
4(340 5086 10352 5084)
4(10353 6518 10344 2417)
4(12470 2417 10344 6519)
4(660 6518 10353 3776)
4(10354 2417 10350 6749)
4(10350 2417 12470 6750)
4(727 3777 10354 6749)
4(10353 2417 10352 6762)
4(10354 6763 10352 2417)
4(731 6762 10352 6763)
4(731 3779 10353 6762)
4(731 6763 10354 3779)
4(1333 5084 10352 6762)
4(1333 6762 10353 6518)
4(1335 6763 10352 5086)
4(1335 6749 10354 6763)
4(10346 5083 10351 2418)
4(10346 2418 10355 5085)
4(10355 2418 10351 5086)
4(340 5085 10355 5086)
4(10340 6657 10346 2418)
4(10356 2418 10346 6659)
4(10340 2418 10351 6752)
4(10351 2418 10357 6754)
4(728 6754 10357 3852)
4(10356 6902 10355 2418)
4(10357 2418 10355 6903)
4(773 6903 10355 6902)
4(773 3854 10357 6903)
4(1334 6902 10355 5085)
4(1335 5086 10355 6903)
4(1335 6903 10357 6754)
4(10347 2419 10352 5084)
4(10347 5085 10355 2419)
4(10352 2419 10355 5086)
4(10358 2419 10347 6664)
4(10347 2419 10359 6665)
4(704 3856 10358 6664)
4(704 6665 10359 3856)
4(10358 6762 10352 2419)
4(10360 2419 10352 6763)
4(731 6762 10358 3857)
4(731 3857 10360 6763)
4(10359 2419 10355 6902)
4(10355 2419 10360 6903)
4(773 6903 10360 3858)
4(1333 6664 10358 6762)
4(1335 6763 10360 6903)
4(10361 2420 8672 5088)
4(10362 2420 10361 5090)
4(8672 2420 10362 5093)
4(341 5090 10361 5088)
4(341 5093 10362 5090)
4(8672 2420 10093 6511)
4(12499 2420 8672 6513)
4(10361 6525 10093 2420)
4(10361 2420 8676 6527)
4(662 6525 10361 6527)
4(10362 6528 8676 2420)
4(12499 6529 10362 2420)
4(663 6528 10362 6529)
4(1295 5088 10361 6525)
4(1336 6527 10361 5090)
4(1336 5090 10362 6528)
4(1657 6529 10362 5093)
4(8673 2421 10363 5088)
4(10364 2421 8673 5089)
4(10363 2421 10364 5091)
4(341 5088 10363 5091)
4(341 5091 10364 5089)
4(8673 6516 10096 2421)
4(8673 2421 10348 6517)
4(10363 2421 10096 6661)
4(10363 6663 8741 2421)
4(703 6663 10363 6661)
4(10364 6664 10348 2421)
4(10364 2421 8741 6666)
4(704 6664 10364 6666)
4(1295 6661 10363 5088)
4(1333 5089 10364 6664)
4(1337 5091 10363 6663)
4(1337 6666 10364 5091)
4(10361 5088 10363 2422)
4(10361 2422 10365 5090)
4(10365 2422 10363 5091)
4(341 5090 10365 5091)
4(10099 6525 10361 2422)
4(10366 2422 10361 6527)
4(662 3716 10366 6527)
4(10099 2422 10363 6661)
4(10363 2422 10367 6663)
4(703 6663 10367 3717)
4(10366 6672 10365 2422)
4(10367 2422 10365 6673)
4(706 6673 10365 6672)
4(706 6672 10366 3720)
4(706 3720 10367 6673)
4(1336 6672 10365 5090)
4(1336 6527 10366 6672)
4(1337 5091 10365 6673)
4(1337 6673 10367 6663)
4(8674 2423 10369 5089)
4(10369 2423 10368 5092)
4(10368 2423 8674 5093)
4(341 5092 10368 5093)
4(341 5089 10369 5092)
4(8674 6518 10353 2423)
4(12501 6520 8674 2423)
4(10368 2423 8785 6759)
4(12501 2423 10368 6760)
4(730 6760 10368 6759)
4(10369 2423 10353 6762)
4(10369 6764 8785 2423)
4(731 6764 10369 6762)
4(1333 6762 10369 5089)
4(1338 6759 10368 5092)
4(1338 5092 10369 6764)
4(1657 5093 10368 6760)
4(10370 2424 10362 5090)
4(10370 5092 10368 2424)
4(10362 2424 10368 5093)
4(341 5092 10370 5090)
4(10371 6528 10362 2424)
4(12500 2424 10362 6529)
4(663 6528 10371 3781)
4(10372 2424 10368 6759)
4(10368 2424 12500 6760)
4(730 3782 10372 6759)
4(10371 2424 10370 6772)
4(10372 6773 10370 2424)
4(734 6772 10370 6773)
4(734 3784 10371 6772)
4(734 6773 10372 3784)
4(1336 5090 10370 6772)
4(1336 6772 10371 6528)
4(1338 6773 10370 5092)
4(1338 6759 10372 6773)
4(10364 5089 10369 2425)
4(10364 2425 10373 5091)
4(10373 2425 10369 5092)
4(341 5091 10373 5092)
4(10358 6664 10364 2425)
4(10374 2425 10364 6666)
4(704 3856 10374 6666)
4(10358 2425 10369 6762)
4(10369 2425 10375 6764)
4(731 6764 10375 3857)
4(10374 6908 10373 2425)
4(10375 2425 10373 6909)
4(775 6909 10373 6908)
4(775 6908 10374 3859)
4(775 3859 10375 6909)
4(1337 6908 10373 5091)
4(1337 6666 10374 6908)
4(1338 5092 10373 6909)
4(1338 6909 10375 6764)
4(10365 2426 10370 5090)
4(10365 5091 10373 2426)
4(10370 2426 10373 5092)
4(10376 2426 10365 6672)
4(10365 2426 10377 6673)
4(706 3862 10376 6672)
4(706 6673 10377 3862)
4(10376 6772 10370 2426)
4(10378 2426 10370 6773)
4(734 6772 10376 3863)
4(734 3863 10378 6773)
4(10377 2426 10373 6908)
4(10373 2426 10378 6909)
4(775 3864 10377 6908)
4(775 6909 10378 3864)
4(1336 6672 10376 6772)
4(1337 6908 10377 6673)
4(1338 6773 10378 6909)
4(10379 2427 8677 5094)
4(10380 2427 10379 5096)
4(8677 2427 10380 5099)
4(342 5096 10379 5094)
4(342 5099 10380 5096)
4(8677 2427 10111 6521)
4(12529 2427 8677 6523)
4(10379 6535 10111 2427)
4(10379 2427 8681 6537)
4(665 6535 10379 6537)
4(10380 6538 8681 2427)
4(12529 6539 10380 2427)
4(666 6538 10380 6539)
4(1298 5094 10379 6535)
4(1339 6537 10379 5096)
4(1339 5096 10380 6538)
4(1667 6539 10380 5099)
4(8678 2428 10381 5094)
4(10382 2428 8678 5095)
4(10381 2428 10382 5097)
4(342 5094 10381 5097)
4(342 5097 10382 5095)
4(8678 6526 10114 2428)
4(8678 2428 10366 6527)
4(10381 2428 10114 6669)
4(10381 6671 8746 2428)
4(705 6671 10381 6669)
4(10382 6672 10366 2428)
4(10382 2428 8746 6674)
4(706 6672 10382 6674)
4(1298 6669 10381 5094)
4(1336 5095 10382 6672)
4(1340 5097 10381 6671)
4(1340 6674 10382 5097)
4(10379 5094 10381 2429)
4(10379 2429 10383 5096)
4(10383 2429 10381 5097)
4(342 5096 10383 5097)
4(10117 6535 10379 2429)
4(10384 2429 10379 6537)
4(665 3722 10384 6537)
4(10117 2429 10381 6669)
4(10381 2429 10385 6671)
4(705 6671 10385 3723)
4(10384 6680 10383 2429)
4(10385 2429 10383 6681)
4(708 6681 10383 6680)
4(708 6680 10384 3726)
4(708 3726 10385 6681)
4(1339 6680 10383 5096)
4(1339 6537 10384 6680)
4(1340 5097 10383 6681)
4(1340 6681 10385 6671)
4(8679 2430 10387 5095)
4(10387 2430 10386 5098)
4(10386 2430 8679 5099)
4(342 5098 10386 5099)
4(342 5095 10387 5098)
4(8679 6528 10371 2430)
4(12531 6530 8679 2430)
4(10386 2430 8790 6769)
4(12531 2430 10386 6770)
4(733 6770 10386 6769)
4(10387 2430 10371 6772)
4(10387 6774 8790 2430)
4(734 6774 10387 6772)
4(1336 6772 10387 5095)
4(1341 6769 10386 5098)
4(1341 5098 10387 6774)
4(1667 5099 10386 6770)
4(10388 2431 10380 5096)
4(10388 5098 10386 2431)
4(10380 2431 10386 5099)
4(342 5098 10388 5096)
4(10389 6538 10380 2431)
4(12530 2431 10380 6539)
4(666 6538 10389 3786)
4(10390 2431 10386 6769)
4(10386 2431 12530 6770)
4(733 3787 10390 6769)
4(10389 2431 10388 6782)
4(10390 6783 10388 2431)
4(737 6782 10388 6783)
4(737 3789 10389 6782)
4(737 6783 10390 3789)
4(1339 5096 10388 6782)
4(1339 6782 10389 6538)
4(1341 6783 10388 5098)
4(1341 6769 10390 6783)
4(10382 5095 10387 2432)
4(10382 2432 10391 5097)
4(10391 2432 10387 5098)
4(342 5097 10391 5098)
4(10376 6672 10382 2432)
4(10392 2432 10382 6674)
4(706 3862 10392 6674)
4(10376 2432 10387 6772)
4(10387 2432 10393 6774)
4(734 6774 10393 3863)
4(10392 6916 10391 2432)
4(10393 2432 10391 6917)
4(777 6917 10391 6916)
4(777 6916 10392 3865)
4(777 3865 10393 6917)
4(1340 6916 10391 5097)
4(1340 6674 10392 6916)
4(1341 5098 10391 6917)
4(1341 6917 10393 6774)
4(10383 2433 10388 5096)
4(10383 5097 10391 2433)
4(10388 2433 10391 5098)
4(10394 2433 10383 6680)
4(10383 2433 10395 6681)
4(708 3868 10394 6680)
4(708 6681 10395 3868)
4(10394 6782 10388 2433)
4(10396 2433 10388 6783)
4(737 6782 10394 3869)
4(737 3869 10396 6783)
4(10395 2433 10391 6916)
4(10391 2433 10396 6917)
4(777 3870 10395 6916)
4(777 6917 10396 3870)
4(1339 6680 10394 6782)
4(1340 6916 10395 6681)
4(1341 6783 10396 6917)
4(10397 2434 8682 5100)
4(10398 2434 10397 5102)
4(8682 2434 10398 5105)
4(343 5102 10397 5100)
4(343 5105 10398 5102)
4(8682 2434 10129 6531)
4(12559 2434 8682 6533)
4(10397 6545 10129 2434)
4(10397 2434 8686 6547)
4(668 6545 10397 6547)
4(10398 6548 8686 2434)
4(12559 6549 10398 2434)
4(669 6548 10398 6549)
4(1301 5100 10397 6545)
4(1342 6547 10397 5102)
4(1342 5102 10398 6548)
4(1677 6549 10398 5105)
4(8683 2435 10399 5100)
4(10400 2435 8683 5101)
4(10399 2435 10400 5103)
4(343 5100 10399 5103)
4(343 5103 10400 5101)
4(8683 6536 10132 2435)
4(8683 2435 10384 6537)
4(10399 2435 10132 6677)
4(10399 6679 8751 2435)
4(707 6679 10399 6677)
4(10400 6680 10384 2435)
4(10400 2435 8751 6682)
4(708 6680 10400 6682)
4(1301 6677 10399 5100)
4(1339 5101 10400 6680)
4(1343 5103 10399 6679)
4(1343 6682 10400 5103)
4(10397 5100 10399 2436)
4(10397 2436 10401 5102)
4(10401 2436 10399 5103)
4(343 5102 10401 5103)
4(10135 6545 10397 2436)
4(10402 2436 10397 6547)
4(668 3728 10402 6547)
4(10135 2436 10399 6677)
4(10399 2436 10403 6679)
4(707 6679 10403 3729)
4(10402 6688 10401 2436)
4(10403 2436 10401 6689)
4(710 6689 10401 6688)
4(710 6688 10402 3732)
4(710 3732 10403 6689)
4(1342 6688 10401 5102)
4(1342 6547 10402 6688)
4(1343 5103 10401 6689)
4(1343 6689 10403 6679)
4(8684 2437 10405 5101)
4(10405 2437 10404 5104)
4(10404 2437 8684 5105)
4(343 5104 10404 5105)
4(343 5101 10405 5104)
4(8684 6538 10389 2437)
4(12561 6540 8684 2437)
4(10404 2437 8795 6779)
4(12561 2437 10404 6780)
4(736 6780 10404 6779)
4(10405 2437 10389 6782)
4(10405 6784 8795 2437)
4(737 6784 10405 6782)
4(1339 6782 10405 5101)
4(1344 6779 10404 5104)
4(1344 5104 10405 6784)
4(1677 5105 10404 6780)
4(10406 2438 10398 5102)
4(10406 5104 10404 2438)
4(10398 2438 10404 5105)
4(343 5104 10406 5102)
4(10407 6548 10398 2438)
4(12560 2438 10398 6549)
4(669 6548 10407 3791)
4(10408 2438 10404 6779)
4(10404 2438 12560 6780)
4(736 3792 10408 6779)
4(10407 2438 10406 6792)
4(10408 6793 10406 2438)
4(740 6792 10406 6793)
4(740 3794 10407 6792)
4(740 6793 10408 3794)
4(1342 5102 10406 6792)
4(1342 6792 10407 6548)
4(1344 6793 10406 5104)
4(1344 6779 10408 6793)
4(10400 5101 10405 2439)
4(10400 2439 10409 5103)
4(10409 2439 10405 5104)
4(343 5103 10409 5104)
4(10394 6680 10400 2439)
4(10410 2439 10400 6682)
4(708 3868 10410 6682)
4(10394 2439 10405 6782)
4(10405 2439 10411 6784)
4(737 6784 10411 3869)
4(10410 6924 10409 2439)
4(10411 2439 10409 6925)
4(779 6925 10409 6924)
4(779 6924 10410 3871)
4(779 3871 10411 6925)
4(1343 6924 10409 5103)
4(1343 6682 10410 6924)
4(1344 5104 10409 6925)
4(1344 6925 10411 6784)
4(10401 2440 10406 5102)
4(10401 5103 10409 2440)
4(10406 2440 10409 5104)
4(10412 2440 10401 6688)
4(10401 2440 10413 6689)
4(710 3874 10412 6688)
4(710 6689 10413 3874)
4(10412 6792 10406 2440)
4(10414 2440 10406 6793)
4(740 6792 10412 3875)
4(740 3875 10414 6793)
4(10413 2440 10409 6924)
4(10409 2440 10414 6925)
4(779 3876 10413 6924)
4(779 6925 10414 3876)
4(1342 6688 10412 6792)
4(1343 6924 10413 6689)
4(1344 6793 10414 6925)
4(10415 2441 8687 5106)
4(10416 2441 10415 5108)
4(8687 2441 10416 5111)
4(344 5108 10415 5106)
4(344 5111 10416 5108)
4(8687 2441 10147 6541)
4(12589 2441 8687 6543)
4(10415 6555 10147 2441)
4(10415 2441 8691 6557)
4(671 6555 10415 6557)
4(10416 6558 8691 2441)
4(12589 6559 10416 2441)
4(672 6558 10416 6559)
4(1304 5106 10415 6555)
4(1345 6557 10415 5108)
4(1345 5108 10416 6558)
4(1687 6559 10416 5111)
4(8688 2442 10417 5106)
4(10418 2442 8688 5107)
4(10417 2442 10418 5109)
4(344 5106 10417 5109)
4(344 5109 10418 5107)
4(8688 6546 10150 2442)
4(8688 2442 10402 6547)
4(10417 2442 10150 6685)
4(10417 6687 8756 2442)
4(709 6687 10417 6685)
4(10418 6688 10402 2442)
4(10418 2442 8756 6690)
4(710 6688 10418 6690)
4(1304 6685 10417 5106)
4(1342 5107 10418 6688)
4(1346 5109 10417 6687)
4(1346 6690 10418 5109)
4(10415 5106 10417 2443)
4(10415 2443 10419 5108)
4(10419 2443 10417 5109)
4(344 5108 10419 5109)
4(10153 6555 10415 2443)
4(10420 2443 10415 6557)
4(671 3734 10420 6557)
4(10153 2443 10417 6685)
4(10417 2443 10421 6687)
4(709 6687 10421 3735)
4(10420 6696 10419 2443)
4(10421 2443 10419 6697)
4(712 6697 10419 6696)
4(712 6696 10420 3738)
4(712 3738 10421 6697)
4(1345 6696 10419 5108)
4(1345 6557 10420 6696)
4(1346 5109 10419 6697)
4(1346 6697 10421 6687)
4(8689 2444 10423 5107)
4(10423 2444 10422 5110)
4(10422 2444 8689 5111)
4(344 5110 10422 5111)
4(344 5107 10423 5110)
4(8689 6548 10407 2444)
4(12591 6550 8689 2444)
4(10422 2444 8800 6789)
4(12591 2444 10422 6790)
4(739 6790 10422 6789)
4(10423 2444 10407 6792)
4(10423 6794 8800 2444)
4(740 6794 10423 6792)
4(1342 6792 10423 5107)
4(1347 6789 10422 5110)
4(1347 5110 10423 6794)
4(1687 5111 10422 6790)
4(10424 2445 10416 5108)
4(10424 5110 10422 2445)
4(10416 2445 10422 5111)
4(344 5110 10424 5108)
4(10425 6558 10416 2445)
4(12590 2445 10416 6559)
4(672 6558 10425 3796)
4(10426 2445 10422 6789)
4(10422 2445 12590 6790)
4(739 3797 10426 6789)
4(10425 2445 10424 6802)
4(10426 6803 10424 2445)
4(743 6802 10424 6803)
4(743 3799 10425 6802)
4(743 6803 10426 3799)
4(1345 5108 10424 6802)
4(1345 6802 10425 6558)
4(1347 6803 10424 5110)
4(1347 6789 10426 6803)
4(10418 5107 10423 2446)
4(10418 2446 10427 5109)
4(10427 2446 10423 5110)
4(344 5109 10427 5110)
4(10412 6688 10418 2446)
4(10428 2446 10418 6690)
4(710 3874 10428 6690)
4(10412 2446 10423 6792)
4(10423 2446 10429 6794)
4(740 6794 10429 3875)
4(10428 6932 10427 2446)
4(10429 2446 10427 6933)
4(781 6933 10427 6932)
4(781 6932 10428 3877)
4(781 3877 10429 6933)
4(1346 6932 10427 5109)
4(1346 6690 10428 6932)
4(1347 5110 10427 6933)
4(1347 6933 10429 6794)
4(10419 2447 10424 5108)
4(10419 5109 10427 2447)
4(10424 2447 10427 5110)
4(10430 2447 10419 6696)
4(10419 2447 10431 6697)
4(712 3880 10430 6696)
4(712 6697 10431 3880)
4(10430 6802 10424 2447)
4(10432 2447 10424 6803)
4(743 6802 10430 3881)
4(743 3881 10432 6803)
4(10431 2447 10427 6932)
4(10427 2447 10432 6933)
4(781 3882 10431 6932)
4(781 6933 10432 3882)
4(1345 6696 10430 6802)
4(1346 6932 10431 6697)
4(1347 6803 10432 6933)
4(10433 2448 8692 5112)
4(10434 2448 10433 5114)
4(8692 2448 10434 5117)
4(345 5114 10433 5112)
4(345 5117 10434 5114)
4(8692 2448 10165 6551)
4(12619 2448 8692 6553)
4(10433 6565 10165 2448)
4(10433 2448 8696 6567)
4(674 6565 10433 6567)
4(10434 6568 8696 2448)
4(12619 6569 10434 2448)
4(675 6568 10434 6569)
4(1307 5112 10433 6565)
4(1348 6567 10433 5114)
4(1348 5114 10434 6568)
4(1697 6569 10434 5117)
4(8693 2449 10435 5112)
4(10436 2449 8693 5113)
4(10435 2449 10436 5115)
4(345 5112 10435 5115)
4(345 5115 10436 5113)
4(8693 6556 10168 2449)
4(8693 2449 10420 6557)
4(10435 2449 10168 6693)
4(10435 6695 8761 2449)
4(711 6695 10435 6693)
4(10436 6696 10420 2449)
4(10436 2449 8761 6698)
4(712 6696 10436 6698)
4(1307 6693 10435 5112)
4(1345 5113 10436 6696)
4(1349 5115 10435 6695)
4(1349 6698 10436 5115)
4(10433 5112 10435 2450)
4(10433 2450 10437 5114)
4(10437 2450 10435 5115)
4(345 5114 10437 5115)
4(10171 6565 10433 2450)
4(10438 2450 10433 6567)
4(674 3740 10438 6567)
4(10171 2450 10435 6693)
4(10435 2450 10439 6695)
4(711 6695 10439 3741)
4(10438 6703 10437 2450)
4(10439 2450 10437 6704)
4(714 6704 10437 6703)
4(714 6703 10438 3743)
4(1348 6703 10437 5114)
4(1348 6567 10438 6703)
4(1349 5115 10437 6704)
4(1349 6704 10439 6695)
4(8694 2451 10441 5113)
4(10441 2451 10440 5116)
4(10440 2451 8694 5117)
4(345 5116 10440 5117)
4(345 5113 10441 5116)
4(8694 6558 10425 2451)
4(12621 6560 8694 2451)
4(10440 2451 8805 6799)
4(12621 2451 10440 6800)
4(742 6800 10440 6799)
4(10441 2451 10425 6802)
4(10441 6804 8805 2451)
4(743 6804 10441 6802)
4(1345 6802 10441 5113)
4(1350 6799 10440 5116)
4(1350 5116 10441 6804)
4(1697 5117 10440 6800)
4(10442 2452 10434 5114)
4(10442 5116 10440 2452)
4(10434 2452 10440 5117)
4(345 5116 10442 5114)
4(10443 6568 10434 2452)
4(12620 2452 10434 6569)
4(675 6568 10443 3801)
4(10444 2452 10440 6799)
4(10440 2452 12620 6800)
4(742 3802 10444 6799)
4(10443 2452 10442 6812)
4(10444 6813 10442 2452)
4(746 6812 10442 6813)
4(746 3804 10443 6812)
4(746 6813 10444 3804)
4(1348 5114 10442 6812)
4(1348 6812 10443 6568)
4(1350 6813 10442 5116)
4(1350 6799 10444 6813)
4(10436 5113 10441 2453)
4(10436 2453 10445 5115)
4(10445 2453 10441 5116)
4(345 5115 10445 5116)
4(10430 6696 10436 2453)
4(10446 2453 10436 6698)
4(712 3880 10446 6698)
4(10430 2453 10441 6802)
4(10441 2453 10447 6804)
4(743 6804 10447 3881)
4(10446 6940 10445 2453)
4(10447 2453 10445 6941)
4(783 6941 10445 6940)
4(783 6940 10446 3883)
4(783 3883 10447 6941)
4(1349 6940 10445 5115)
4(1349 6698 10446 6940)
4(1350 5116 10445 6941)
4(1350 6941 10447 6804)
4(10437 2454 10442 5114)
4(10437 5115 10445 2454)
4(10442 2454 10445 5116)
4(10448 2454 10437 6703)
4(10437 2454 10449 6704)
4(714 3886 10448 6703)
4(10448 6812 10442 2454)
4(10450 2454 10442 6813)
4(746 6812 10448 3887)
4(746 3887 10450 6813)
4(10449 2454 10445 6940)
4(10445 2454 10450 6941)
4(783 3888 10449 6940)
4(783 6941 10450 3888)
4(1348 6703 10448 6812)
4(1349 6940 10449 6704)
4(1350 6813 10450 6941)
4(10451 2455 8697 5118)
4(10452 2455 10451 5120)
4(8697 2455 10452 5123)
4(346 5120 10451 5118)
4(346 5123 10452 5120)
4(8697 2455 10183 6561)
4(12649 2455 8697 6563)
4(10451 6575 10183 2455)
4(10451 2455 8701 6577)
4(677 6575 10451 6577)
4(10452 6578 8701 2455)
4(12649 6579 10452 2455)
4(678 6578 10452 6579)
4(1310 5118 10451 6575)
4(1351 6577 10451 5120)
4(1351 5120 10452 6578)
4(1707 6579 10452 5123)
4(8698 2456 10453 5118)
4(10454 2456 8698 5119)
4(10453 2456 10454 5121)
4(346 5118 10453 5121)
4(346 5121 10454 5119)
4(8698 6566 10186 2456)
4(8698 2456 10438 6567)
4(10453 2456 10186 6701)
4(10453 6702 8765 2456)
4(713 6702 10453 6701)
4(10454 6703 10438 2456)
4(10454 2456 8765 6705)
4(714 6703 10454 6705)
4(1310 6701 10453 5118)
4(1348 5119 10454 6703)
4(1352 5121 10453 6702)
4(1352 6705 10454 5121)
4(10451 5118 10453 2457)
4(10451 2457 10455 5120)
4(10455 2457 10453 5121)
4(346 5120 10455 5121)
4(10189 6575 10451 2457)
4(10456 2457 10451 6577)
4(677 3745 10456 6577)
4(10189 2457 10453 6701)
4(10453 2457 10457 6702)
4(10456 6709 10455 2457)
4(10457 2457 10455 6710)
4(716 6710 10455 6709)
4(716 6709 10456 3748)
4(1351 6709 10455 5120)
4(1351 6577 10456 6709)
4(1352 5121 10455 6710)
4(8699 2458 10459 5119)
4(10459 2458 10458 5122)
4(10458 2458 8699 5123)
4(346 5122 10458 5123)
4(346 5119 10459 5122)
4(8699 6568 10443 2458)
4(12651 6570 8699 2458)
4(10458 2458 8810 6809)
4(12651 2458 10458 6810)
4(745 6810 10458 6809)
4(10459 2458 10443 6812)
4(10459 6814 8810 2458)
4(746 6814 10459 6812)
4(1348 6812 10459 5119)
4(1353 6809 10458 5122)
4(1353 5122 10459 6814)
4(1707 5123 10458 6810)
4(10460 2459 10452 5120)
4(10460 5122 10458 2459)
4(10452 2459 10458 5123)
4(346 5122 10460 5120)
4(10461 6578 10452 2459)
4(12650 2459 10452 6579)
4(678 6578 10461 3806)
4(10462 2459 10458 6809)
4(10458 2459 12650 6810)
4(745 3807 10462 6809)
4(10461 2459 10460 6822)
4(10462 6823 10460 2459)
4(749 6822 10460 6823)
4(749 3809 10461 6822)
4(749 6823 10462 3809)
4(1351 5120 10460 6822)
4(1351 6822 10461 6578)
4(1353 6823 10460 5122)
4(1353 6809 10462 6823)
4(10454 5119 10459 2460)
4(10454 2460 10463 5121)
4(10463 2460 10459 5122)
4(346 5121 10463 5122)
4(10448 6703 10454 2460)
4(10464 2460 10454 6705)
4(10448 2460 10459 6812)
4(10459 2460 10465 6814)
4(746 6814 10465 3887)
4(10464 6948 10463 2460)
4(10465 2460 10463 6949)
4(785 6949 10463 6948)
4(785 3889 10465 6949)
4(1352 6948 10463 5121)
4(1353 5122 10463 6949)
4(1353 6949 10465 6814)
4(10455 2461 10460 5120)
4(10455 5121 10463 2461)
4(10460 2461 10463 5122)
4(10466 2461 10455 6709)
4(10455 2461 10467 6710)
4(716 3891 10466 6709)
4(10466 6822 10460 2461)
4(10468 2461 10460 6823)
4(749 6822 10466 3892)
4(749 3892 10468 6823)
4(10467 2461 10463 6948)
4(10463 2461 10468 6949)
4(785 6949 10468 3893)
4(1351 6709 10466 6822)
4(1353 6823 10468 6949)
4(10469 2462 8702 5124)
4(10470 2462 10469 5126)
4(8702 2462 10470 5129)
4(347 5126 10469 5124)
4(347 5129 10470 5126)
4(8702 2462 10201 6571)
4(12679 2462 8702 6573)
4(10469 6585 10201 2462)
4(10469 2462 8706 6587)
4(680 6585 10469 6587)
4(10470 6588 8706 2462)
4(12679 6589 10470 2462)
4(681 6588 10470 6589)
4(1313 5124 10469 6585)
4(1354 6587 10469 5126)
4(1354 5126 10470 6588)
4(1717 6589 10470 5129)
4(8703 2463 10471 5124)
4(10472 2463 8703 5125)
4(10471 2463 10472 5127)
4(347 5124 10471 5127)
4(347 5127 10472 5125)
4(8703 6576 10204 2463)
4(8703 2463 10456 6577)
4(10471 2463 10204 6707)
4(10471 6708 8766 2463)
4(715 6708 10471 6707)
4(10472 6709 10456 2463)
4(10472 2463 8766 6711)
4(716 6709 10472 6711)
4(1313 6707 10471 5124)
4(1351 5125 10472 6709)
4(1355 5127 10471 6708)
4(1355 6711 10472 5127)
4(10469 5124 10471 2464)
4(10469 2464 10473 5126)
4(10473 2464 10471 5127)
4(347 5126 10473 5127)
4(10207 6585 10469 2464)
4(10474 2464 10469 6587)
4(680 3750 10474 6587)
4(10207 2464 10471 6707)
4(10471 2464 10475 6708)
4(10474 6715 10473 2464)
4(10475 2464 10473 6716)
4(718 6716 10473 6715)
4(718 6715 10474 3753)
4(1354 6715 10473 5126)
4(1354 6587 10474 6715)
4(1355 5127 10473 6716)
4(8704 2465 10477 5125)
4(10477 2465 10476 5128)
4(10476 2465 8704 5129)
4(347 5128 10476 5129)
4(347 5125 10477 5128)
4(8704 6578 10461 2465)
4(12681 6580 8704 2465)
4(10476 2465 8815 6819)
4(12681 2465 10476 6820)
4(748 6820 10476 6819)
4(10477 2465 10461 6822)
4(10477 6824 8815 2465)
4(749 6824 10477 6822)
4(1351 6822 10477 5125)
4(1356 6819 10476 5128)
4(1356 5128 10477 6824)
4(1717 5129 10476 6820)
4(10478 2466 10470 5126)
4(10478 5128 10476 2466)
4(10470 2466 10476 5129)
4(347 5128 10478 5126)
4(10479 6588 10470 2466)
4(12680 2466 10470 6589)
4(681 6588 10479 3811)
4(10480 2466 10476 6819)
4(10476 2466 12680 6820)
4(748 3812 10480 6819)
4(10479 2466 10478 6832)
4(10480 6833 10478 2466)
4(752 6832 10478 6833)
4(752 3814 10479 6832)
4(752 6833 10480 3814)
4(1354 5126 10478 6832)
4(1354 6832 10479 6588)
4(1356 6833 10478 5128)
4(1356 6819 10480 6833)
4(10472 5125 10477 2467)
4(10472 2467 10481 5127)
4(10481 2467 10477 5128)
4(347 5127 10481 5128)
4(10466 6709 10472 2467)
4(10482 2467 10472 6711)
4(10466 2467 10477 6822)
4(10477 2467 10483 6824)
4(749 6824 10483 3892)
4(10482 6954 10481 2467)
4(10483 2467 10481 6955)
4(787 6955 10481 6954)
4(787 3894 10483 6955)
4(1355 6954 10481 5127)
4(1356 5128 10481 6955)
4(1356 6955 10483 6824)
4(10473 2468 10478 5126)
4(10473 5127 10481 2468)
4(10478 2468 10481 5128)
4(10484 2468 10473 6715)
4(10473 2468 10485 6716)
4(718 3896 10484 6715)
4(10484 6832 10478 2468)
4(10486 2468 10478 6833)
4(752 6832 10484 3897)
4(752 3897 10486 6833)
4(10485 2468 10481 6954)
4(10481 2468 10486 6955)
4(787 6955 10486 3898)
4(1354 6715 10484 6832)
4(1356 6833 10486 6955)
4(10487 2469 8707 5130)
4(10488 2469 10487 5132)
4(8707 2469 10488 5135)
4(348 5132 10487 5130)
4(348 5135 10488 5132)
4(8707 2469 10219 6581)
4(12709 2469 8707 6583)
4(10487 6595 10219 2469)
4(10487 2469 8711 6597)
4(683 6595 10487 6597)
4(10488 6598 8711 2469)
4(12709 6599 10488 2469)
4(684 6598 10488 6599)
4(1316 5130 10487 6595)
4(1357 6597 10487 5132)
4(1357 5132 10488 6598)
4(1727 6599 10488 5135)
4(8708 2470 10489 5130)
4(10490 2470 8708 5131)
4(10489 2470 10490 5133)
4(348 5130 10489 5133)
4(348 5133 10490 5131)
4(8708 6586 10222 2470)
4(8708 2470 10474 6587)
4(10489 2470 10222 6713)
4(10489 6714 8767 2470)
4(717 6714 10489 6713)
4(10490 6715 10474 2470)
4(10490 2470 8767 6717)
4(718 6715 10490 6717)
4(1316 6713 10489 5130)
4(1354 5131 10490 6715)
4(1358 5133 10489 6714)
4(1358 6717 10490 5133)
4(10487 5130 10489 2471)
4(10487 2471 10491 5132)
4(10491 2471 10489 5133)
4(348 5132 10491 5133)
4(10225 6595 10487 2471)
4(10492 2471 10487 6597)
4(683 3755 10492 6597)
4(10225 2471 10489 6713)
4(10489 2471 10493 6714)
4(10492 6719 10491 2471)
4(10493 2471 10491 6720)
4(719 6720 10491 6719)
4(719 6719 10492 3758)
4(1357 6719 10491 5132)
4(1357 6597 10492 6719)
4(1358 5133 10491 6720)
4(8709 2472 10495 5131)
4(10495 2472 10494 5134)
4(10494 2472 8709 5135)
4(348 5134 10494 5135)
4(348 5131 10495 5134)
4(8709 6588 10479 2472)
4(12711 6590 8709 2472)
4(10494 2472 8820 6829)
4(12711 2472 10494 6830)
4(751 6830 10494 6829)
4(10495 2472 10479 6832)
4(10495 6834 8820 2472)
4(752 6834 10495 6832)
4(1354 6832 10495 5131)
4(1359 6829 10494 5134)
4(1359 5134 10495 6834)
4(1727 5135 10494 6830)
4(10496 2473 10488 5132)
4(10496 5134 10494 2473)
4(10488 2473 10494 5135)
4(348 5134 10496 5132)
4(10497 6598 10488 2473)
4(12710 2473 10488 6599)
4(684 6598 10497 3816)
4(10498 2473 10494 6829)
4(10494 2473 12710 6830)
4(751 3817 10498 6829)
4(10497 2473 10496 6842)
4(10498 6843 10496 2473)
4(755 6842 10496 6843)
4(755 3819 10497 6842)
4(755 6843 10498 3819)
4(1357 5132 10496 6842)
4(1357 6842 10497 6598)
4(1359 6843 10496 5134)
4(1359 6829 10498 6843)
4(10490 5131 10495 2474)
4(10490 2474 10499 5133)
4(10499 2474 10495 5134)
4(348 5133 10499 5134)
4(10484 6715 10490 2474)
4(10500 2474 10490 6717)
4(10484 2474 10495 6832)
4(10495 2474 10501 6834)
4(752 6834 10501 3897)
4(10500 6960 10499 2474)
4(10501 2474 10499 6961)
4(789 6961 10499 6960)
4(789 3899 10501 6961)
4(1358 6960 10499 5133)
4(1359 5134 10499 6961)
4(1359 6961 10501 6834)
4(10491 2475 10496 5132)
4(10491 5133 10499 2475)
4(10496 2475 10499 5134)
4(10502 2475 10491 6719)
4(10491 2475 10503 6720)
4(719 3901 10502 6719)
4(10502 6842 10496 2475)
4(10504 2475 10496 6843)
4(755 6842 10502 3902)
4(755 3902 10504 6843)
4(10503 2475 10499 6960)
4(10499 2475 10504 6961)
4(789 6961 10504 3903)
4(1357 6719 10502 6842)
4(1359 6843 10504 6961)
4(10505 2476 8712 5136)
4(10506 2476 10505 5138)
4(8712 2476 10506 5141)
4(349 5138 10505 5136)
4(349 5141 10506 5138)
4(8712 2476 10236 6591)
4(12739 2476 8712 6593)
4(10505 6605 10236 2476)
4(10505 2476 8716 6607)
4(686 6605 10505 6607)
4(10506 6608 8716 2476)
4(12739 6609 10506 2476)
4(687 6608 10506 6609)
4(1318 5136 10505 6605)
4(1360 6607 10505 5138)
4(1360 5138 10506 6608)
4(1737 6609 10506 5141)
4(8713 2477 10507 5136)
4(10508 2477 8713 5137)
4(10507 2477 10508 5139)
4(349 5136 10507 5139)
4(349 5139 10508 5137)
4(8713 6596 10239 2477)
4(8713 2477 10492 6597)
4(10507 2477 10239 6718)
3(10507 8768 2477)
4(10508 6719 10492 2477)
4(10508 2477 8768 6721)
4(719 6719 10508 6721)
4(1318 6718 10507 5136)
4(1357 5137 10508 6719)
3(6721 10508 5139)
4(10505 5136 10507 2478)
4(10505 2478 10509 5138)
4(349 5138 10509 5139)
4(10241 6605 10505 2478)
4(10510 2478 10505 6607)
4(686 3759 10510 6607)
4(1360 6723 10509 5138)
4(1360 6607 10510 6723)
4(8714 2479 10512 5137)
4(10512 2479 10511 5140)
4(10511 2479 8714 5141)
4(349 5140 10511 5141)
4(349 5137 10512 5140)
4(8714 6598 10497 2479)
4(12741 6600 8714 2479)
4(10511 2479 8825 6839)
4(12741 2479 10511 6840)
4(754 6840 10511 6839)
4(10512 2479 10497 6842)
4(10512 6844 8825 2479)
4(755 6844 10512 6842)
4(1357 6842 10512 5137)
4(1361 6839 10511 5140)
4(1361 5140 10512 6844)
4(1737 5141 10511 6840)
4(10513 2480 10506 5138)
4(10513 5140 10511 2480)
4(10506 2480 10511 5141)
4(349 5140 10513 5138)
4(10514 6608 10506 2480)
4(12740 2480 10506 6609)
4(687 6608 10514 3821)
4(10515 2480 10511 6839)
4(10511 2480 12740 6840)
4(754 3822 10515 6839)
4(10514 2480 10513 6852)
4(10515 6853 10513 2480)
4(758 6852 10513 6853)
4(758 3824 10514 6852)
4(758 6853 10515 3824)
4(1360 5138 10513 6852)
4(1360 6852 10514 6608)
4(1361 6853 10513 5140)
4(1361 6839 10515 6853)
4(10508 5137 10512 2481)
4(10508 2481 10516 5139)
4(10516 2481 10512 5140)
4(349 5139 10516 5140)
4(10502 6719 10508 2481)
4(10517 2481 10508 6721)
4(10502 2481 10512 6842)
4(10512 2481 10518 6844)
4(755 6844 10518 3902)
3(10517 10516 2481)
4(10518 2481 10516 6966)
3(3904 10518 6966)
4(1361 5140 10516 6966)
4(1361 6966 10518 6844)
4(10509 2482 10513 5138)
4(10513 2482 10516 5140)
4(10519 6852 10513 2482)
4(10520 2482 10513 6853)
4(758 6852 10519 3906)
4(758 3906 10520 6853)
4(1360 6723 10519 6852)
4(1361 6853 10520 6966)
4(10521 2483 8717 5142)
4(10522 2483 10521 5144)
4(8717 2483 10522 5147)
4(350 5144 10521 5142)
4(350 5147 10522 5144)
4(8717 2483 10252 6601)
4(12769 2483 8717 6603)
4(10521 6615 10252 2483)
4(10521 2483 8721 6617)
4(689 6615 10521 6617)
4(10522 6618 8721 2483)
4(12769 6619 10522 2483)
4(690 6618 10522 6619)
4(1320 5142 10521 6615)
4(1362 6617 10521 5144)
4(1362 5144 10522 6618)
4(1747 6619 10522 5147)
4(8718 2484 10523 5142)
4(10524 2484 8718 5143)
4(350 5142 10523 5145)
4(350 5145 10524 5143)
4(8718 6606 10254 2484)
4(8718 2484 10510 6607)
4(1320 6722 10523 5142)
4(1360 5143 10524 6723)
4(10521 5142 10523 2485)
4(10521 2485 10525 5144)
4(350 5144 10525 5145)
4(10256 6615 10521 2485)
4(10526 2485 10521 6617)
4(689 3760 10526 6617)
4(1362 6725 10525 5144)
4(1362 6617 10526 6725)
4(8719 2486 10528 5143)
4(10528 2486 10527 5146)
4(10527 2486 8719 5147)
4(350 5146 10527 5147)
4(350 5143 10528 5146)
4(8719 6608 10514 2486)
4(12771 6610 8719 2486)
4(10527 2486 8830 6849)
4(12771 2486 10527 6850)
4(757 6850 10527 6849)
4(10528 2486 10514 6852)
4(10528 6854 8830 2486)
4(758 6854 10528 6852)
4(1360 6852 10528 5143)
4(1363 6849 10527 5146)
4(1363 5146 10528 6854)
4(1747 5147 10527 6850)
4(10529 2487 10522 5144)
4(10529 5146 10527 2487)
4(10522 2487 10527 5147)
4(350 5146 10529 5144)
4(10530 6618 10522 2487)
4(12770 2487 10522 6619)
4(690 6618 10530 3826)
4(10531 2487 10527 6849)
4(10527 2487 12770 6850)
4(757 3827 10531 6849)
4(10530 2487 10529 6862)
4(10531 6863 10529 2487)
4(761 6862 10529 6863)
4(761 3829 10530 6862)
4(761 6863 10531 3829)
4(1362 5144 10529 6862)
4(1362 6862 10530 6618)
4(1363 6863 10529 5146)
4(1363 6849 10531 6863)
4(10524 5143 10528 2488)
4(10532 2488 10528 5146)
4(350 5145 10532 5146)
4(10519 2488 10528 6852)
4(10528 2488 10533 6854)
4(758 6854 10533 3906)
4(1363 5146 10532 6970)
4(1363 6970 10533 6854)
4(10525 2489 10529 5144)
4(10529 2489 10532 5146)
4(10534 6862 10529 2489)
4(10535 2489 10529 6863)
4(761 6862 10534 3907)
4(761 3907 10535 6863)
4(1362 6725 10534 6862)
4(1363 6863 10535 6970)
4(10536 2490 8722 5148)
4(10537 2490 10536 5150)
4(8722 2490 10537 5153)
4(351 5150 10536 5148)
4(351 5153 10537 5150)
4(8722 2490 10266 6611)
4(12799 2490 8722 6613)
4(10536 6625 10266 2490)
4(10536 2490 8726 6627)
4(692 6625 10536 6627)
4(10537 6628 8726 2490)
4(12799 6629 10537 2490)
4(693 6628 10537 6629)
4(1322 5148 10536 6625)
4(1364 6627 10536 5150)
4(1364 5150 10537 6628)
4(1757 6629 10537 5153)
4(8723 2491 10538 5148)
4(10539 2491 8723 5149)
4(351 5148 10538 5151)
4(351 5151 10539 5149)
4(8723 6616 10268 2491)
4(8723 2491 10526 6617)
4(1322 6724 10538 5148)
4(1362 5149 10539 6725)
4(10536 5148 10538 2492)
4(10536 2492 10540 5150)
4(351 5150 10540 5151)
4(10269 6625 10536 2492)
3(2492 10536 6627)
3(1364 10540 5150)
4(8724 2493 10542 5149)
4(10542 2493 10541 5152)
4(10541 2493 8724 5153)
4(351 5152 10541 5153)
4(351 5149 10542 5152)
4(8724 6618 10530 2493)
4(12801 6620 8724 2493)
4(10541 2493 8835 6859)
4(12801 2493 10541 6860)
4(760 6860 10541 6859)
4(10542 2493 10530 6862)
4(10542 6864 8835 2493)
4(761 6864 10542 6862)
4(1362 6862 10542 5149)
4(1365 6859 10541 5152)
4(1365 5152 10542 6864)
4(1757 5153 10541 6860)
4(10543 2494 10537 5150)
4(10543 5152 10541 2494)
4(10537 2494 10541 5153)
4(351 5152 10543 5150)
4(10544 6628 10537 2494)
4(12800 2494 10537 6629)
4(693 6628 10544 3831)
4(10545 2494 10541 6859)
4(10541 2494 12800 6860)
4(760 3832 10545 6859)
4(10544 2494 10543 6872)
4(10545 6873 10543 2494)
4(764 6872 10543 6873)
4(764 3834 10544 6872)
4(764 6873 10545 3834)
4(1364 5150 10543 6872)
4(1364 6872 10544 6628)
4(1365 6873 10543 5152)
4(1365 6859 10545 6873)
4(10539 5149 10542 2495)
4(10546 2495 10542 5152)
4(351 5151 10546 5152)
4(10534 2495 10542 6862)
4(10542 2495 10547 6864)
4(761 6864 10547 3907)
4(1365 5152 10546 6972)
4(1365 6972 10547 6864)
4(10540 2496 10543 5150)
4(10543 2496 10546 5152)
3(6872 10543 2496)
4(10548 2496 10543 6873)
3(764 10548 6873)
4(1365 6873 10548 6972)
4(10549 2497 8727 5154)
4(10550 2497 10549 5156)
4(8727 2497 10550 5158)
4(352 5158 10550 5156)
4(8727 2497 10276 6621)
4(12829 2497 8727 6623)
4(10549 6635 10276 2497)
4(10549 2497 8731 6637)
4(10550 6638 8731 2497)
4(12829 6639 10550 2497)
4(696 6638 10550 6639)
4(1366 5156 10550 6638)
4(1767 6639 10550 5158)
4(8729 2498 10552 5155)
4(10552 2498 10551 5157)
4(10551 2498 8729 5158)
4(352 5157 10551 5158)
4(8729 6628 10544 2498)
4(12831 6630 8729 2498)
4(10551 2498 8840 6869)
4(12831 2498 10551 6870)
4(763 6870 10551 6869)
4(10552 2498 10544 6872)
4(10552 6874 8840 2498)
4(1367 6869 10551 5157)
4(1767 5158 10551 6870)
4(10553 2499 10550 5156)
4(10553 5157 10551 2499)
4(10550 2499 10551 5158)
4(10554 6638 10550 2499)
4(12830 2499 10550 6639)
4(696 6638 10554 3836)
4(10555 2499 10551 6869)
4(10551 2499 12830 6870)
4(763 3837 10555 6869)
4(10554 2499 10553 6882)
4(10555 6883 10553 2499)
4(767 3839 10554 6882)
4(767 6883 10555 3839)
4(1366 6882 10554 6638)
4(1367 6869 10555 6883)
4(10556 2500 8732 5159)
4(10557 2500 10556 5161)
4(8732 2500 10557 5163)
4(353 5163 10557 5161)
4(8732 2500 10283 6631)
4(12859 2500 8732 6633)
4(10556 6642 10283 2500)
4(10556 2500 8736 6643)
4(10557 6644 8736 2500)
4(12859 6645 10557 2500)
4(698 6644 10557 6645)
4(1368 5161 10557 6644)
4(1777 6645 10557 5163)
4(8734 2501 10559 5160)
4(10559 2501 10558 5162)
4(10558 2501 8734 5163)
4(353 5162 10558 5163)
4(8734 6638 10554 2501)
4(12861 6640 8734 2501)
4(10558 2501 8845 6879)
4(12861 2501 10558 6880)
4(766 6880 10558 6879)
4(10559 2501 10554 6882)
4(10559 6884 8845 2501)
4(1369 6879 10558 5162)
4(1777 5163 10558 6880)
4(10560 2502 10557 5161)
4(10560 5162 10558 2502)
4(10557 2502 10558 5163)
4(10561 6644 10557 2502)
4(12860 2502 10557 6645)
4(698 6644 10561 3841)
4(10562 2502 10558 6879)
4(10558 2502 12860 6880)
4(766 3842 10562 6879)
4(10561 2502 10560 6889)
4(10562 6890 10560 2502)
4(769 3844 10561 6889)
4(769 6890 10562 3844)
4(1368 6889 10561 6644)
4(1369 6879 10562 6890)
4(8737 6644 10561 2503)
3(2503 10561 6889)
3(704 6667 6665)
4(704 6667 10563 3856)
4(8743 6663 10367 2504)
4(10564 2504 10367 6673)
4(706 6675 10564 6673)
4(1337 6673 10564 5164)
4(8744 2505 10374 6666)
4(10565 6908 10374 2505)
4(775 6908 10565 6910)
4(1337 5164 10565 6908)
4(10377 2506 10564 6673)
4(706 6675 10566 3862)
4(10377 6908 10565 2506)
4(775 3864 10567 6910)
4(8748 6671 10385 2507)
4(10568 2507 10385 6681)
4(708 6683 10568 6681)
4(1340 6681 10568 5165)
4(8749 2508 10392 6674)
4(10569 6916 10392 2508)
4(777 6916 10569 6918)
4(1340 5165 10569 6916)
4(10395 2509 10568 6681)
4(708 6683 10570 3868)
4(10395 6916 10569 2509)
4(777 3870 10571 6918)
4(8753 6679 10403 2510)
4(10572 2510 10403 6689)
4(710 6691 10572 6689)
4(1343 6689 10572 5166)
4(8754 2511 10410 6682)
4(10573 6924 10410 2511)
4(779 6924 10573 6926)
4(1343 5166 10573 6924)
4(10413 2512 10572 6689)
4(710 6691 10574 3874)
4(10413 6924 10573 2512)
4(779 3876 10575 6926)
4(8758 6687 10421 2513)
4(10576 2513 10421 6697)
4(712 6699 10576 6697)
4(1346 6697 10576 5167)
4(8759 2514 10428 6690)
4(10577 6932 10428 2514)
4(781 6932 10577 6934)
4(1346 5167 10577 6932)
4(10431 2515 10576 6697)
4(712 6699 10578 3880)
4(10431 6932 10577 2515)
4(781 3882 10579 6934)
3(8763 6695 10439)
3(1349 6704 5168)
4(8764 2516 10446 6698)
4(10580 6940 10446 2516)
4(783 6940 10580 6942)
4(1349 5168 10580 6940)
3(10449 6940 10580)
3(783 3888 6942)
3(10581 2517 8769)
4(10582 2517 10581 5169)
4(8769 2517 10582 5170)
3(5170 10582 5169)
4(8769 2517 10308 6726)
4(12388 2517 8769 6728)
4(10581 6733 10308 2517)
4(10581 2517 8771 6735)
4(722 6733 10581 6735)
4(10582 6736 8771 2517)
4(12388 6737 10582 2517)
4(723 6736 10582 6737)
4(1370 6735 10581 5169)
4(1370 5169 10582 6736)
4(1618 6737 10582 5170)
3(10583 10581 6735)
4(722 3846 10583 6735)
3(1370 6896 5169)
4(1370 6735 10583 6896)
4(10585 2518 10582 5169)
3(10585 10584 2518)
4(10582 2518 10584 5170)
4(10586 6736 10582 2518)
4(12389 2518 10582 6737)
4(723 6736 10586 3908)
4(10587 2518 10584 6974)
4(10584 2518 12389 6975)
4(792 3909 10587 6974)
4(10586 2518 10585 6980)
4(10587 6981 10585 2518)
4(794 6980 10585 6981)
4(794 3911 10586 6980)
4(794 6981 10587 3911)
4(1370 5169 10585 6980)
4(1370 6980 10586 6736)
3(6974 10587 6981)
3(10588 6980 10585)
4(794 6980 10588 3993)
3(794 3993 6981)
4(1370 6896 10588 6980)
4(10589 2519 8772 5171)
4(10590 2519 10589 5173)
4(8772 2519 10590 5176)
4(354 5173 10589 5171)
4(354 5176 10590 5173)
4(8772 2519 10320 6729)
4(12412 2519 8772 6731)
4(10589 6743 10320 2519)
4(10589 2519 8776 6745)
4(725 6743 10589 6745)
4(10590 6746 8776 2519)
4(12412 6747 10590 2519)
4(726 6746 10590 6747)
4(1329 5171 10589 6743)
4(1371 6745 10589 5173)
4(1371 5173 10590 6746)
4(1628 6747 10590 5176)
4(8773 2520 10591 5171)
4(10592 2520 8773 5172)
4(354 5171 10591 5174)
4(354 5174 10592 5172)
4(8773 6734 10322 2520)
4(8773 2520 10583 6735)
4(1329 6895 10591 5171)
4(1370 5172 10592 6896)
4(10589 5171 10591 2521)
4(10589 2521 10593 5173)
4(354 5173 10593 5174)
4(10324 6743 10589 2521)
4(10594 2521 10589 6745)
4(725 3848 10594 6745)
4(10594 6900 10593 2521)
3(772 10593 6900)
4(772 6900 10594 3850)
4(1371 6900 10593 5173)
4(1371 6745 10594 6900)
4(8774 2522 10596 5172)
4(10596 2522 10595 5175)
4(10595 2522 8774 5176)
4(354 5175 10595 5176)
4(354 5172 10596 5175)
4(8774 6736 10586 2522)
4(12414 6738 8774 2522)
4(10595 2522 8885 6977)
4(12414 2522 10595 6978)
4(793 6978 10595 6977)
4(10596 2522 10586 6980)
4(10596 6982 8885 2522)
4(794 6982 10596 6980)
4(1370 6980 10596 5172)
4(1372 6977 10595 5175)
4(1372 5175 10596 6982)
4(1628 5176 10595 6978)
4(10597 2523 10590 5173)
4(10597 5175 10595 2523)
4(10590 2523 10595 5176)
4(354 5175 10597 5173)
4(10598 6746 10590 2523)
4(12413 2523 10590 6747)
4(726 6746 10598 3913)
4(10599 2523 10595 6977)
4(10595 2523 12413 6978)
4(793 3914 10599 6977)
4(10598 2523 10597 6990)
4(10599 6991 10597 2523)
4(797 6990 10597 6991)
4(797 3916 10598 6990)
4(797 6991 10599 3916)
4(1371 5173 10597 6990)
4(1371 6990 10598 6746)
4(1372 6991 10597 5175)
4(1372 6977 10599 6991)
4(10592 5172 10596 2524)
4(10600 2524 10596 5175)
4(354 5174 10600 5175)
4(10588 2524 10596 6980)
4(10596 2524 10601 6982)
4(794 6982 10601 3993)
4(1372 5175 10600 7143)
4(1372 7143 10601 6982)
4(10593 2525 10597 5173)
4(10597 2525 10600 5175)
4(10602 2525 10593 6900)
4(772 3994 10602 6900)
4(10602 6990 10597 2525)
4(10603 2525 10597 6991)
4(797 6990 10602 3995)
4(797 3995 10603 6991)
4(1371 6900 10602 6990)
4(1372 6991 10603 7143)
4(10604 2526 8777 5177)
4(10605 2526 10604 5179)
4(8777 2526 10605 5182)
4(355 5179 10604 5177)
4(355 5182 10605 5179)
4(8777 2526 10336 6739)
4(12442 2526 8777 6741)
4(10604 6753 10336 2526)
4(10604 2526 8781 6755)
4(728 6753 10604 6755)
4(10605 6756 8781 2526)
4(12442 6757 10605 2526)
4(729 6756 10605 6757)
4(1332 5177 10604 6753)
4(1373 6755 10604 5179)
4(1373 5179 10605 6756)
4(1638 6757 10605 5182)
4(8778 2527 10606 5177)
4(10607 2527 8778 5178)
4(10606 2527 10607 5180)
4(355 5177 10606 5180)
4(355 5180 10607 5178)
4(8778 6744 10339 2527)
4(8778 2527 10594 6745)
4(10606 2527 10339 6898)
4(10606 6899 8853 2527)
4(771 6899 10606 6898)
4(10607 6900 10594 2527)
4(10607 2527 8853 6901)
4(772 6900 10607 6901)
4(1332 6898 10606 5177)
4(1371 5178 10607 6900)
4(1374 5180 10606 6899)
4(1374 6901 10607 5180)
4(10604 5177 10606 2528)
4(10604 2528 10608 5179)
4(10608 2528 10606 5180)
4(355 5179 10608 5180)
4(10342 6753 10604 2528)
4(10609 2528 10604 6755)
4(728 3852 10609 6755)
4(10342 2528 10606 6898)
4(10606 2528 10610 6899)
4(10609 6905 10608 2528)
4(10610 2528 10608 6906)
4(774 6906 10608 6905)
4(774 6905 10609 3855)
4(1373 6905 10608 5179)
4(1373 6755 10609 6905)
4(1374 5180 10608 6906)
4(8779 2529 10612 5178)
4(10612 2529 10611 5181)
4(10611 2529 8779 5182)
4(355 5181 10611 5182)
4(355 5178 10612 5181)
4(8779 6746 10598 2529)
4(12444 6748 8779 2529)
4(10611 2529 8890 6987)
4(12444 2529 10611 6988)
4(796 6988 10611 6987)
4(10612 2529 10598 6990)
4(10612 6992 8890 2529)
4(797 6992 10612 6990)
4(1371 6990 10612 5178)
4(1375 6987 10611 5181)
4(1375 5181 10612 6992)
4(1638 5182 10611 6988)
4(10613 2530 10605 5179)
4(10613 5181 10611 2530)
4(10605 2530 10611 5182)
4(355 5181 10613 5179)
4(10614 6756 10605 2530)
4(12443 2530 10605 6757)
4(729 6756 10614 3918)
4(10615 2530 10611 6987)
4(10611 2530 12443 6988)
4(796 3919 10615 6987)
4(10614 2530 10613 7000)
4(10615 7001 10613 2530)
4(800 7000 10613 7001)
4(800 3921 10614 7000)
4(800 7001 10615 3921)
4(1373 5179 10613 7000)
4(1373 7000 10614 6756)
4(1375 7001 10613 5181)
4(1375 6987 10615 7001)
4(10607 5178 10612 2531)
4(10607 2531 10616 5180)
4(10616 2531 10612 5181)
4(355 5180 10616 5181)
4(10602 6900 10607 2531)
4(10617 2531 10607 6901)
4(10602 2531 10612 6990)
4(10612 2531 10618 6992)
4(797 6992 10618 3995)
4(10617 7145 10616 2531)
4(10618 2531 10616 7146)
4(843 7146 10616 7145)
4(843 3996 10618 7146)
4(1374 7145 10616 5180)
4(1375 5181 10616 7146)
4(1375 7146 10618 6992)
4(10608 2532 10613 5179)
4(10608 5180 10616 2532)
4(10613 2532 10616 5181)
4(10619 2532 10608 6905)
4(10608 2532 10620 6906)
4(774 3998 10619 6905)
4(10619 7000 10613 2532)
4(10621 2532 10613 7001)
4(800 7000 10619 3999)
4(800 3999 10621 7001)
4(10620 2532 10616 7145)
4(10616 2532 10621 7146)
4(843 7146 10621 4000)
4(1373 6905 10619 7000)
4(1375 7001 10621 7146)
4(10622 2533 8782 5183)
4(10623 2533 10622 5185)
4(8782 2533 10623 5188)
4(356 5185 10622 5183)
4(356 5188 10623 5185)
4(8782 2533 10354 6749)
4(12472 2533 8782 6751)
4(10622 6763 10354 2533)
4(10622 2533 8786 6765)
4(731 6763 10622 6765)
4(10623 6766 8786 2533)
4(12472 6767 10623 2533)
4(732 6766 10623 6767)
4(1335 5183 10622 6763)
4(1376 6765 10622 5185)
4(1376 5185 10623 6766)
4(1648 6767 10623 5188)
4(8783 2534 10624 5183)
4(10625 2534 8783 5184)
4(10624 2534 10625 5186)
4(356 5183 10624 5186)
4(356 5186 10625 5184)
4(8783 6754 10357 2534)
4(8783 2534 10609 6755)
4(10624 2534 10357 6903)
4(10624 6904 8854 2534)
4(773 6904 10624 6903)
4(10625 6905 10609 2534)
4(10625 2534 8854 6907)
4(774 6905 10625 6907)
4(1335 6903 10624 5183)
4(1373 5184 10625 6905)
4(1377 5186 10624 6904)
4(1377 6907 10625 5186)
4(10622 5183 10624 2535)
4(10622 2535 10626 5185)
4(10626 2535 10624 5186)
4(356 5185 10626 5186)
4(10360 6763 10622 2535)
4(10627 2535 10622 6765)
4(731 3857 10627 6765)
4(10360 2535 10624 6903)
4(10624 2535 10628 6904)
4(10627 6912 10626 2535)
4(10628 2535 10626 6913)
4(776 6913 10626 6912)
4(776 6912 10627 3861)
4(776 3861 10628 6913)
4(1376 6912 10626 5185)
4(1376 6765 10627 6912)
4(1377 5186 10626 6913)
4(8784 2536 10630 5184)
4(10630 2536 10629 5187)
4(10629 2536 8784 5188)
4(356 5187 10629 5188)
4(356 5184 10630 5187)
4(8784 6756 10614 2536)
4(12474 6758 8784 2536)
4(10629 2536 8895 6997)
4(12474 2536 10629 6998)
4(799 6998 10629 6997)
4(10630 2536 10614 7000)
4(10630 7002 8895 2536)
4(800 7002 10630 7000)
4(1373 7000 10630 5184)
4(1378 6997 10629 5187)
4(1378 5187 10630 7002)
4(1648 5188 10629 6998)
4(10631 2537 10623 5185)
4(10631 5187 10629 2537)
4(10623 2537 10629 5188)
4(356 5187 10631 5185)
4(10632 6766 10623 2537)
4(12473 2537 10623 6767)
4(732 6766 10632 3923)
4(10633 2537 10629 6997)
4(10629 2537 12473 6998)
4(799 3924 10633 6997)
4(10632 2537 10631 7010)
4(10633 7011 10631 2537)
4(803 7010 10631 7011)
4(803 3926 10632 7010)
4(803 7011 10633 3926)
4(1376 5185 10631 7010)
4(1376 7010 10632 6766)
4(1378 7011 10631 5187)
4(1378 6997 10633 7011)
4(10625 5184 10630 2538)
4(10625 2538 10634 5186)
4(10634 2538 10630 5187)
4(356 5186 10634 5187)
4(10619 6905 10625 2538)
4(10635 2538 10625 6907)
4(10619 2538 10630 7000)
4(10630 2538 10636 7002)
4(800 7002 10636 3999)
4(10635 7150 10634 2538)
4(10636 2538 10634 7151)
4(845 7151 10634 7150)
4(845 4001 10636 7151)
4(1377 7150 10634 5186)
4(1378 5187 10634 7151)
4(1378 7151 10636 7002)
4(10626 2539 10631 5185)
4(10626 5186 10634 2539)
4(10631 2539 10634 5187)
4(10637 2539 10626 6912)
4(10626 2539 10638 6913)
4(776 4003 10637 6912)
4(776 6913 10638 4003)
4(10637 7010 10631 2539)
4(10639 2539 10631 7011)
4(803 7010 10637 4004)
4(803 4004 10639 7011)
4(10638 2539 10634 7150)
4(10634 2539 10639 7151)
4(845 7151 10639 4005)
4(1376 6912 10637 7010)
4(1378 7011 10639 7151)
4(10640 2540 8787 5189)
4(10641 2540 10640 5191)
4(8787 2540 10641 5194)
4(357 5191 10640 5189)
4(357 5194 10641 5191)
4(8787 2540 10372 6759)
4(12502 2540 8787 6761)
4(10640 6773 10372 2540)
4(10640 2540 8791 6775)
4(734 6773 10640 6775)
4(10641 6776 8791 2540)
4(12502 6777 10641 2540)
4(735 6776 10641 6777)
4(1338 5189 10640 6773)
4(1379 6775 10640 5191)
4(1379 5191 10641 6776)
4(1658 6777 10641 5194)
4(8788 2541 10642 5189)
4(10643 2541 8788 5190)
4(10642 2541 10643 5192)
4(357 5189 10642 5192)
4(357 5192 10643 5190)
4(8788 6764 10375 2541)
4(8788 2541 10627 6765)
4(10642 2541 10375 6909)
4(10642 6911 8856 2541)
4(775 6911 10642 6909)
4(10643 6912 10627 2541)
4(10643 2541 8856 6914)
4(776 6912 10643 6914)
4(1338 6909 10642 5189)
4(1376 5190 10643 6912)
4(1380 5192 10642 6911)
4(1380 6914 10643 5192)
4(10640 5189 10642 2542)
4(10640 2542 10644 5191)
4(10644 2542 10642 5192)
4(357 5191 10644 5192)
4(10378 6773 10640 2542)
4(10645 2542 10640 6775)
4(734 3863 10645 6775)
4(10378 2542 10642 6909)
4(10642 2542 10646 6911)
4(775 6911 10646 3864)
4(10645 6920 10644 2542)
4(10646 2542 10644 6921)
4(778 6921 10644 6920)
4(778 6920 10645 3867)
4(778 3867 10646 6921)
4(1379 6920 10644 5191)
4(1379 6775 10645 6920)
4(1380 5192 10644 6921)
4(1380 6921 10646 6911)
4(8789 2543 10648 5190)
4(10648 2543 10647 5193)
4(10647 2543 8789 5194)
4(357 5193 10647 5194)
4(357 5190 10648 5193)
4(8789 6766 10632 2543)
4(12504 6768 8789 2543)
4(10647 2543 8900 7007)
4(12504 2543 10647 7008)
4(802 7008 10647 7007)
4(10648 2543 10632 7010)
4(10648 7012 8900 2543)
4(803 7012 10648 7010)
4(1376 7010 10648 5190)
4(1381 7007 10647 5193)
4(1381 5193 10648 7012)
4(1658 5194 10647 7008)
4(10649 2544 10641 5191)
4(10649 5193 10647 2544)
4(10641 2544 10647 5194)
4(357 5193 10649 5191)
4(10650 6776 10641 2544)
4(12503 2544 10641 6777)
4(735 6776 10650 3928)
4(10651 2544 10647 7007)
4(10647 2544 12503 7008)
4(802 3929 10651 7007)
4(10650 2544 10649 7020)
4(10651 7021 10649 2544)
4(806 7020 10649 7021)
4(806 3931 10650 7020)
4(806 7021 10651 3931)
4(1379 5191 10649 7020)
4(1379 7020 10650 6776)
4(1381 7021 10649 5193)
4(1381 7007 10651 7021)
4(10643 5190 10648 2545)
4(10643 2545 10652 5192)
4(10652 2545 10648 5193)
4(357 5192 10652 5193)
4(10637 6912 10643 2545)
4(10653 2545 10643 6914)
4(776 4003 10653 6914)
4(10637 2545 10648 7010)
4(10648 2545 10654 7012)
4(803 7012 10654 4004)
4(10653 7156 10652 2545)
4(10654 2545 10652 7157)
4(847 7157 10652 7156)
4(847 7156 10653 4006)
4(847 4006 10654 7157)
4(1380 7156 10652 5192)
4(1380 6914 10653 7156)
4(1381 5193 10652 7157)
4(1381 7157 10654 7012)
4(10644 2546 10649 5191)
4(10644 5192 10652 2546)
4(10649 2546 10652 5193)
4(10655 2546 10644 6920)
4(10644 2546 10656 6921)
4(778 4009 10655 6920)
4(778 6921 10656 4009)
4(10655 7020 10649 2546)
4(10657 2546 10649 7021)
4(806 7020 10655 4010)
4(806 4010 10657 7021)
4(10656 2546 10652 7156)
4(10652 2546 10657 7157)
4(847 4011 10656 7156)
4(847 7157 10657 4011)
4(1379 6920 10655 7020)
4(1380 7156 10656 6921)
4(1381 7021 10657 7157)
4(10658 2547 8792 5195)
4(10659 2547 10658 5197)
4(8792 2547 10659 5200)
4(358 5197 10658 5195)
4(358 5200 10659 5197)
4(8792 2547 10390 6769)
4(12532 2547 8792 6771)
4(10658 6783 10390 2547)
4(10658 2547 8796 6785)
4(737 6783 10658 6785)
4(10659 6786 8796 2547)
4(12532 6787 10659 2547)
4(738 6786 10659 6787)
4(1341 5195 10658 6783)
4(1382 6785 10658 5197)
4(1382 5197 10659 6786)
4(1668 6787 10659 5200)
4(8793 2548 10660 5195)
4(10661 2548 8793 5196)
4(10660 2548 10661 5198)
4(358 5195 10660 5198)
4(358 5198 10661 5196)
4(8793 6774 10393 2548)
4(8793 2548 10645 6775)
4(10660 2548 10393 6917)
4(10660 6919 8861 2548)
4(777 6919 10660 6917)
4(10661 6920 10645 2548)
4(10661 2548 8861 6922)
4(778 6920 10661 6922)
4(1341 6917 10660 5195)
4(1379 5196 10661 6920)
4(1383 5198 10660 6919)
4(1383 6922 10661 5198)
4(10658 5195 10660 2549)
4(10658 2549 10662 5197)
4(10662 2549 10660 5198)
4(358 5197 10662 5198)
4(10396 6783 10658 2549)
4(10663 2549 10658 6785)
4(737 3869 10663 6785)
4(10396 2549 10660 6917)
4(10660 2549 10664 6919)
4(777 6919 10664 3870)
4(10663 6928 10662 2549)
4(10664 2549 10662 6929)
4(780 6929 10662 6928)
4(780 6928 10663 3873)
4(780 3873 10664 6929)
4(1382 6928 10662 5197)
4(1382 6785 10663 6928)
4(1383 5198 10662 6929)
4(1383 6929 10664 6919)
4(8794 2550 10666 5196)
4(10666 2550 10665 5199)
4(10665 2550 8794 5200)
4(358 5199 10665 5200)
4(358 5196 10666 5199)
4(8794 6776 10650 2550)
4(12534 6778 8794 2550)
4(10665 2550 8905 7017)
4(12534 2550 10665 7018)
4(805 7018 10665 7017)
4(10666 2550 10650 7020)
4(10666 7022 8905 2550)
4(806 7022 10666 7020)
4(1379 7020 10666 5196)
4(1384 7017 10665 5199)
4(1384 5199 10666 7022)
4(1668 5200 10665 7018)
4(10667 2551 10659 5197)
4(10667 5199 10665 2551)
4(10659 2551 10665 5200)
4(358 5199 10667 5197)
4(10668 6786 10659 2551)
4(12533 2551 10659 6787)
4(738 6786 10668 3933)
4(10669 2551 10665 7017)
4(10665 2551 12533 7018)
4(805 3934 10669 7017)
4(10668 2551 10667 7030)
4(10669 7031 10667 2551)
4(809 7030 10667 7031)
4(809 3936 10668 7030)
4(809 7031 10669 3936)
4(1382 5197 10667 7030)
4(1382 7030 10668 6786)
4(1384 7031 10667 5199)
4(1384 7017 10669 7031)
4(10661 5196 10666 2552)
4(10661 2552 10670 5198)
4(10670 2552 10666 5199)
4(358 5198 10670 5199)
4(10655 6920 10661 2552)
4(10671 2552 10661 6922)
4(778 4009 10671 6922)
4(10655 2552 10666 7020)
4(10666 2552 10672 7022)
4(806 7022 10672 4010)
4(10671 7164 10670 2552)
4(10672 2552 10670 7165)
4(849 7165 10670 7164)
4(849 7164 10671 4012)
4(849 4012 10672 7165)
4(1383 7164 10670 5198)
4(1383 6922 10671 7164)
4(1384 5199 10670 7165)
4(1384 7165 10672 7022)
4(10662 2553 10667 5197)
4(10662 5198 10670 2553)
4(10667 2553 10670 5199)
4(10673 2553 10662 6928)
4(10662 2553 10674 6929)
4(780 4015 10673 6928)
4(780 6929 10674 4015)
4(10673 7030 10667 2553)
4(10675 2553 10667 7031)
4(809 7030 10673 4016)
4(809 4016 10675 7031)
4(10674 2553 10670 7164)
4(10670 2553 10675 7165)
4(849 4017 10674 7164)
4(849 7165 10675 4017)
4(1382 6928 10673 7030)
4(1383 7164 10674 6929)
4(1384 7031 10675 7165)
4(10676 2554 8797 5201)
4(10677 2554 10676 5203)
4(8797 2554 10677 5206)
4(359 5203 10676 5201)
4(359 5206 10677 5203)
4(8797 2554 10408 6779)
4(12562 2554 8797 6781)
4(10676 6793 10408 2554)
4(10676 2554 8801 6795)
4(740 6793 10676 6795)
4(10677 6796 8801 2554)
4(12562 6797 10677 2554)
4(741 6796 10677 6797)
4(1344 5201 10676 6793)
4(1385 6795 10676 5203)
4(1385 5203 10677 6796)
4(1678 6797 10677 5206)
4(8798 2555 10678 5201)
4(10679 2555 8798 5202)
4(10678 2555 10679 5204)
4(359 5201 10678 5204)
4(359 5204 10679 5202)
4(8798 6784 10411 2555)
4(8798 2555 10663 6785)
4(10678 2555 10411 6925)
4(10678 6927 8866 2555)
4(779 6927 10678 6925)
4(10679 6928 10663 2555)
4(10679 2555 8866 6930)
4(780 6928 10679 6930)
4(1344 6925 10678 5201)
4(1382 5202 10679 6928)
4(1386 5204 10678 6927)
4(1386 6930 10679 5204)
4(10676 5201 10678 2556)
4(10676 2556 10680 5203)
4(10680 2556 10678 5204)
4(359 5203 10680 5204)
4(10414 6793 10676 2556)
4(10681 2556 10676 6795)
4(740 3875 10681 6795)
4(10414 2556 10678 6925)
4(10678 2556 10682 6927)
4(779 6927 10682 3876)
4(10681 6936 10680 2556)
4(10682 2556 10680 6937)
4(782 6937 10680 6936)
4(782 6936 10681 3879)
4(782 3879 10682 6937)
4(1385 6936 10680 5203)
4(1385 6795 10681 6936)
4(1386 5204 10680 6937)
4(1386 6937 10682 6927)
4(8799 2557 10684 5202)
4(10684 2557 10683 5205)
4(10683 2557 8799 5206)
4(359 5205 10683 5206)
4(359 5202 10684 5205)
4(8799 6786 10668 2557)
4(12564 6788 8799 2557)
4(10683 2557 8910 7027)
4(12564 2557 10683 7028)
4(808 7028 10683 7027)
4(10684 2557 10668 7030)
4(10684 7032 8910 2557)
4(809 7032 10684 7030)
4(1382 7030 10684 5202)
4(1387 7027 10683 5205)
4(1387 5205 10684 7032)
4(1678 5206 10683 7028)
4(10685 2558 10677 5203)
4(10685 5205 10683 2558)
4(10677 2558 10683 5206)
4(359 5205 10685 5203)
4(10686 6796 10677 2558)
4(12563 2558 10677 6797)
4(741 6796 10686 3938)
4(10687 2558 10683 7027)
4(10683 2558 12563 7028)
4(808 3939 10687 7027)
4(10686 2558 10685 7040)
4(10687 7041 10685 2558)
4(812 7040 10685 7041)
4(812 3941 10686 7040)
4(812 7041 10687 3941)
4(1385 5203 10685 7040)
4(1385 7040 10686 6796)
4(1387 7041 10685 5205)
4(1387 7027 10687 7041)
4(10679 5202 10684 2559)
4(10679 2559 10688 5204)
4(10688 2559 10684 5205)
4(359 5204 10688 5205)
4(10673 6928 10679 2559)
4(10689 2559 10679 6930)
4(780 4015 10689 6930)
4(10673 2559 10684 7030)
4(10684 2559 10690 7032)
4(809 7032 10690 4016)
4(10689 7172 10688 2559)
4(10690 2559 10688 7173)
4(851 7173 10688 7172)
4(851 7172 10689 4018)
4(851 4018 10690 7173)
4(1386 7172 10688 5204)
4(1386 6930 10689 7172)
4(1387 5205 10688 7173)
4(1387 7173 10690 7032)
4(10680 2560 10685 5203)
4(10680 5204 10688 2560)
4(10685 2560 10688 5205)
4(10691 2560 10680 6936)
4(10680 2560 10692 6937)
4(782 4021 10691 6936)
4(782 6937 10692 4021)
4(10691 7040 10685 2560)
4(10693 2560 10685 7041)
4(812 7040 10691 4022)
4(812 4022 10693 7041)
4(10692 2560 10688 7172)
4(10688 2560 10693 7173)
4(851 4023 10692 7172)
4(851 7173 10693 4023)
4(1385 6936 10691 7040)
4(1386 7172 10692 6937)
4(1387 7041 10693 7173)
4(10694 2561 8802 5207)
4(10695 2561 10694 5209)
4(8802 2561 10695 5212)
4(360 5209 10694 5207)
4(360 5212 10695 5209)
4(8802 2561 10426 6789)
4(12592 2561 8802 6791)
4(10694 6803 10426 2561)
4(10694 2561 8806 6805)
4(743 6803 10694 6805)
4(10695 6806 8806 2561)
4(12592 6807 10695 2561)
4(744 6806 10695 6807)
4(1347 5207 10694 6803)
4(1388 6805 10694 5209)
4(1388 5209 10695 6806)
4(1688 6807 10695 5212)
4(8803 2562 10696 5207)
4(10697 2562 8803 5208)
4(10696 2562 10697 5210)
4(360 5207 10696 5210)
4(360 5210 10697 5208)
4(8803 6794 10429 2562)
4(8803 2562 10681 6795)
4(10696 2562 10429 6933)
4(10696 6935 8871 2562)
4(781 6935 10696 6933)
4(10697 6936 10681 2562)
4(10697 2562 8871 6938)
4(782 6936 10697 6938)
4(1347 6933 10696 5207)
4(1385 5208 10697 6936)
4(1389 5210 10696 6935)
4(1389 6938 10697 5210)
4(10694 5207 10696 2563)
4(10694 2563 10698 5209)
4(10698 2563 10696 5210)
4(360 5209 10698 5210)
4(10432 6803 10694 2563)
4(10699 2563 10694 6805)
4(743 3881 10699 6805)
4(10432 2563 10696 6933)
4(10696 2563 10700 6935)
4(781 6935 10700 3882)
4(10699 6944 10698 2563)
4(10700 2563 10698 6945)
4(784 6945 10698 6944)
4(784 6944 10699 3885)
4(784 3885 10700 6945)
4(1388 6944 10698 5209)
4(1388 6805 10699 6944)
4(1389 5210 10698 6945)
4(1389 6945 10700 6935)
4(8804 2564 10702 5208)
4(10702 2564 10701 5211)
4(10701 2564 8804 5212)
4(360 5211 10701 5212)
4(360 5208 10702 5211)
4(8804 6796 10686 2564)
4(12594 6798 8804 2564)
4(10701 2564 8915 7037)
4(12594 2564 10701 7038)
4(811 7038 10701 7037)
4(10702 2564 10686 7040)
4(10702 7042 8915 2564)
4(812 7042 10702 7040)
4(1385 7040 10702 5208)
4(1390 7037 10701 5211)
4(1390 5211 10702 7042)
4(1688 5212 10701 7038)
4(10703 2565 10695 5209)
4(10703 5211 10701 2565)
4(10695 2565 10701 5212)
4(360 5211 10703 5209)
4(10704 6806 10695 2565)
4(12593 2565 10695 6807)
4(744 6806 10704 3943)
4(10705 2565 10701 7037)
4(10701 2565 12593 7038)
4(811 3944 10705 7037)
4(10704 2565 10703 7050)
4(10705 7051 10703 2565)
4(815 7050 10703 7051)
4(815 3946 10704 7050)
4(815 7051 10705 3946)
4(1388 5209 10703 7050)
4(1388 7050 10704 6806)
4(1390 7051 10703 5211)
4(1390 7037 10705 7051)
4(10697 5208 10702 2566)
4(10697 2566 10706 5210)
4(10706 2566 10702 5211)
4(360 5210 10706 5211)
4(10691 6936 10697 2566)
4(10707 2566 10697 6938)
4(782 4021 10707 6938)
4(10691 2566 10702 7040)
4(10702 2566 10708 7042)
4(812 7042 10708 4022)
4(10707 7180 10706 2566)
4(10708 2566 10706 7181)
4(853 7181 10706 7180)
4(853 7180 10707 4024)
4(853 4024 10708 7181)
4(1389 7180 10706 5210)
4(1389 6938 10707 7180)
4(1390 5211 10706 7181)
4(1390 7181 10708 7042)
4(10698 2567 10703 5209)
4(10698 5210 10706 2567)
4(10703 2567 10706 5211)
4(10709 2567 10698 6944)
4(10698 2567 10710 6945)
4(784 4027 10709 6944)
4(784 6945 10710 4027)
4(10709 7050 10703 2567)
4(10711 2567 10703 7051)
4(815 7050 10709 4028)
4(815 4028 10711 7051)
4(10710 2567 10706 7180)
4(10706 2567 10711 7181)
4(853 4029 10710 7180)
4(853 7181 10711 4029)
4(1388 6944 10709 7050)
4(1389 7180 10710 6945)
4(1390 7051 10711 7181)
4(10712 2568 8807 5213)
4(10713 2568 10712 5215)
4(8807 2568 10713 5218)
4(361 5215 10712 5213)
4(361 5218 10713 5215)
4(8807 2568 10444 6799)
4(12622 2568 8807 6801)
4(10712 6813 10444 2568)
4(10712 2568 8811 6815)
4(746 6813 10712 6815)
4(10713 6816 8811 2568)
4(12622 6817 10713 2568)
4(747 6816 10713 6817)
4(1350 5213 10712 6813)
4(1391 6815 10712 5215)
4(1391 5215 10713 6816)
4(1698 6817 10713 5218)
4(8808 2569 10714 5213)
4(10715 2569 8808 5214)
4(10714 2569 10715 5216)
4(361 5213 10714 5216)
4(361 5216 10715 5214)
4(8808 6804 10447 2569)
4(8808 2569 10699 6805)
4(10714 2569 10447 6941)
4(10714 6943 8876 2569)
4(783 6943 10714 6941)
4(10715 6944 10699 2569)
4(10715 2569 8876 6946)
4(784 6944 10715 6946)
4(1350 6941 10714 5213)
4(1388 5214 10715 6944)
4(1392 5216 10714 6943)
4(1392 6946 10715 5216)
4(10712 5213 10714 2570)
4(10712 2570 10716 5215)
4(10716 2570 10714 5216)
4(361 5215 10716 5216)
4(10450 6813 10712 2570)
4(10717 2570 10712 6815)
4(746 3887 10717 6815)
4(10450 2570 10714 6941)
4(10714 2570 10718 6943)
4(783 6943 10718 3888)
4(10717 6951 10716 2570)
4(10718 2570 10716 6952)
4(786 6952 10716 6951)
4(786 6951 10717 3890)
4(1391 6951 10716 5215)
4(1391 6815 10717 6951)
4(1392 5216 10716 6952)
4(1392 6952 10718 6943)
4(8809 2571 10720 5214)
4(10720 2571 10719 5217)
4(10719 2571 8809 5218)
4(361 5217 10719 5218)
4(361 5214 10720 5217)
4(8809 6806 10704 2571)
4(12624 6808 8809 2571)
4(10719 2571 8920 7047)
4(12624 2571 10719 7048)
4(814 7048 10719 7047)
4(10720 2571 10704 7050)
4(10720 7052 8920 2571)
4(815 7052 10720 7050)
4(1388 7050 10720 5214)
4(1393 7047 10719 5217)
4(1393 5217 10720 7052)
4(1698 5218 10719 7048)
4(10721 2572 10713 5215)
4(10721 5217 10719 2572)
4(10713 2572 10719 5218)
4(361 5217 10721 5215)
4(10722 6816 10713 2572)
4(12623 2572 10713 6817)
4(747 6816 10722 3948)
4(10723 2572 10719 7047)
4(10719 2572 12623 7048)
4(814 3949 10723 7047)
4(10722 2572 10721 7060)
4(10723 7061 10721 2572)
4(818 7060 10721 7061)
4(818 3951 10722 7060)
4(818 7061 10723 3951)
4(1391 5215 10721 7060)
4(1391 7060 10722 6816)
4(1393 7061 10721 5217)
4(1393 7047 10723 7061)
4(10715 5214 10720 2573)
4(10715 2573 10724 5216)
4(10724 2573 10720 5217)
4(361 5216 10724 5217)
4(10709 6944 10715 2573)
4(10725 2573 10715 6946)
4(784 4027 10725 6946)
4(10709 2573 10720 7050)
4(10720 2573 10726 7052)
4(815 7052 10726 4028)
4(10725 7188 10724 2573)
4(10726 2573 10724 7189)
4(855 7189 10724 7188)
4(855 7188 10725 4030)
4(855 4030 10726 7189)
4(1392 7188 10724 5216)
4(1392 6946 10725 7188)
4(1393 5217 10724 7189)
4(1393 7189 10726 7052)
4(10716 2574 10721 5215)
4(10716 5216 10724 2574)
4(10721 2574 10724 5217)
4(10727 2574 10716 6951)
4(10716 2574 10728 6952)
4(786 4033 10727 6951)
4(10727 7060 10721 2574)
4(10729 2574 10721 7061)
4(818 7060 10727 4034)
4(818 4034 10729 7061)
4(10728 2574 10724 7188)
4(10724 2574 10729 7189)
4(855 4035 10728 7188)
4(855 7189 10729 4035)
4(1391 6951 10727 7060)
4(1392 7188 10728 6952)
4(1393 7061 10729 7189)
4(10730 2575 8812 5219)
4(10731 2575 10730 5221)
4(8812 2575 10731 5224)
4(362 5221 10730 5219)
4(362 5224 10731 5221)
4(8812 2575 10462 6809)
4(12652 2575 8812 6811)
4(10730 6823 10462 2575)
4(10730 2575 8816 6825)
4(749 6823 10730 6825)
4(10731 6826 8816 2575)
4(12652 6827 10731 2575)
4(750 6826 10731 6827)
4(1353 5219 10730 6823)
4(1394 6825 10730 5221)
4(1394 5221 10731 6826)
4(1708 6827 10731 5224)
4(8813 2576 10732 5219)
4(10733 2576 8813 5220)
4(10732 2576 10733 5222)
4(362 5219 10732 5222)
4(362 5222 10733 5220)
4(8813 6814 10465 2576)
4(8813 2576 10717 6815)
4(10732 2576 10465 6949)
4(10732 6950 8880 2576)
4(785 6950 10732 6949)
4(10733 6951 10717 2576)
4(10733 2576 8880 6953)
4(786 6951 10733 6953)
4(1353 6949 10732 5219)
4(1391 5220 10733 6951)
4(1395 5222 10732 6950)
4(1395 6953 10733 5222)
4(10730 5219 10732 2577)
4(10730 2577 10734 5221)
4(10734 2577 10732 5222)
4(362 5221 10734 5222)
4(10468 6823 10730 2577)
4(10735 2577 10730 6825)
4(749 3892 10735 6825)
4(10468 2577 10732 6949)
4(10732 2577 10736 6950)
4(10735 6957 10734 2577)
4(10736 2577 10734 6958)
4(788 6958 10734 6957)
4(788 6957 10735 3895)
4(1394 6957 10734 5221)
4(1394 6825 10735 6957)
4(1395 5222 10734 6958)
4(8814 2578 10738 5220)
4(10738 2578 10737 5223)
4(10737 2578 8814 5224)
4(362 5223 10737 5224)
4(362 5220 10738 5223)
4(8814 6816 10722 2578)
4(12654 6818 8814 2578)
4(10737 2578 8925 7057)
4(12654 2578 10737 7058)
4(817 7058 10737 7057)
4(10738 2578 10722 7060)
4(10738 7062 8925 2578)
4(818 7062 10738 7060)
4(1391 7060 10738 5220)
4(1396 7057 10737 5223)
4(1396 5223 10738 7062)
4(1708 5224 10737 7058)
4(10739 2579 10731 5221)
4(10739 5223 10737 2579)
4(10731 2579 10737 5224)
4(362 5223 10739 5221)
4(10740 6826 10731 2579)
4(12653 2579 10731 6827)
4(750 6826 10740 3953)
4(10741 2579 10737 7057)
4(10737 2579 12653 7058)
4(817 3954 10741 7057)
4(10740 2579 10739 7070)
4(10741 7071 10739 2579)
4(821 7070 10739 7071)
4(821 3956 10740 7070)
4(821 7071 10741 3956)
4(1394 5221 10739 7070)
4(1394 7070 10740 6826)
4(1396 7071 10739 5223)
4(1396 7057 10741 7071)
4(10733 5220 10738 2580)
4(10733 2580 10742 5222)
4(10742 2580 10738 5223)
4(362 5222 10742 5223)
4(10727 6951 10733 2580)
4(10743 2580 10733 6953)
4(10727 2580 10738 7060)
4(10738 2580 10744 7062)
4(818 7062 10744 4034)
4(10743 7196 10742 2580)
4(10744 2580 10742 7197)
4(857 7197 10742 7196)
4(857 4036 10744 7197)
4(1395 7196 10742 5222)
4(1396 5223 10742 7197)
4(1396 7197 10744 7062)
4(10734 2581 10739 5221)
4(10734 5222 10742 2581)
4(10739 2581 10742 5223)
4(10745 2581 10734 6957)
4(10734 2581 10746 6958)
4(788 4038 10745 6957)
4(10745 7070 10739 2581)
4(10747 2581 10739 7071)
4(821 7070 10745 4039)
4(821 4039 10747 7071)
4(10746 2581 10742 7196)
4(10742 2581 10747 7197)
4(857 7197 10747 4040)
4(1394 6957 10745 7070)
4(1396 7071 10747 7197)
4(10748 2582 8817 5225)
4(10749 2582 10748 5227)
4(8817 2582 10749 5230)
4(363 5227 10748 5225)
4(363 5230 10749 5227)
4(8817 2582 10480 6819)
4(12682 2582 8817 6821)
4(10748 6833 10480 2582)
4(10748 2582 8821 6835)
4(752 6833 10748 6835)
4(10749 6836 8821 2582)
4(12682 6837 10749 2582)
4(753 6836 10749 6837)
4(1356 5225 10748 6833)
4(1397 6835 10748 5227)
4(1397 5227 10749 6836)
4(1718 6837 10749 5230)
4(8818 2583 10750 5225)
4(10751 2583 8818 5226)
4(10750 2583 10751 5228)
4(363 5225 10750 5228)
4(363 5228 10751 5226)
4(8818 6824 10483 2583)
4(8818 2583 10735 6825)
4(10750 2583 10483 6955)
4(10750 6956 8881 2583)
4(787 6956 10750 6955)
4(10751 6957 10735 2583)
4(10751 2583 8881 6959)
4(788 6957 10751 6959)
4(1356 6955 10750 5225)
4(1394 5226 10751 6957)
4(1398 5228 10750 6956)
4(1398 6959 10751 5228)
4(10748 5225 10750 2584)
4(10748 2584 10752 5227)
4(10752 2584 10750 5228)
4(363 5227 10752 5228)
4(10486 6833 10748 2584)
4(10753 2584 10748 6835)
4(752 3897 10753 6835)
4(10486 2584 10750 6955)
4(10750 2584 10754 6956)
4(10753 6963 10752 2584)
4(10754 2584 10752 6964)
4(790 6964 10752 6963)
4(790 6963 10753 3900)
4(1397 6963 10752 5227)
4(1397 6835 10753 6963)
4(1398 5228 10752 6964)
4(8819 2585 10756 5226)
4(10756 2585 10755 5229)
4(10755 2585 8819 5230)
4(363 5229 10755 5230)
4(363 5226 10756 5229)
4(8819 6826 10740 2585)
4(12684 6828 8819 2585)
4(10755 2585 8930 7067)
4(12684 2585 10755 7068)
4(820 7068 10755 7067)
4(10756 2585 10740 7070)
4(10756 7072 8930 2585)
4(821 7072 10756 7070)
4(1394 7070 10756 5226)
4(1399 7067 10755 5229)
4(1399 5229 10756 7072)
4(1718 5230 10755 7068)
4(10757 2586 10749 5227)
4(10757 5229 10755 2586)
4(10749 2586 10755 5230)
4(363 5229 10757 5227)
4(10758 6836 10749 2586)
4(12683 2586 10749 6837)
4(753 6836 10758 3958)
4(10759 2586 10755 7067)
4(10755 2586 12683 7068)
4(820 3959 10759 7067)
4(10758 2586 10757 7080)
4(10759 7081 10757 2586)
4(824 7080 10757 7081)
4(824 3961 10758 7080)
4(824 7081 10759 3961)
4(1397 5227 10757 7080)
4(1397 7080 10758 6836)
4(1399 7081 10757 5229)
4(1399 7067 10759 7081)
4(10751 5226 10756 2587)
4(10751 2587 10760 5228)
4(10760 2587 10756 5229)
4(363 5228 10760 5229)
4(10745 6957 10751 2587)
4(10761 2587 10751 6959)
4(10745 2587 10756 7070)
4(10756 2587 10762 7072)
4(821 7072 10762 4039)
4(10761 7202 10760 2587)
4(10762 2587 10760 7203)
4(859 7203 10760 7202)
4(859 4041 10762 7203)
4(1398 7202 10760 5228)
4(1399 5229 10760 7203)
4(1399 7203 10762 7072)
4(10752 2588 10757 5227)
4(10752 5228 10760 2588)
4(10757 2588 10760 5229)
4(10763 2588 10752 6963)
4(10752 2588 10764 6964)
4(790 4043 10763 6963)
4(10763 7080 10757 2588)
4(10765 2588 10757 7081)
4(824 7080 10763 4044)
4(824 4044 10765 7081)
4(10764 2588 10760 7202)
4(10760 2588 10765 7203)
4(859 7203 10765 4045)
4(1397 6963 10763 7080)
4(1399 7081 10765 7203)
4(10766 2589 8822 5231)
4(10767 2589 10766 5233)
4(8822 2589 10767 5236)
4(364 5233 10766 5231)
4(364 5236 10767 5233)
4(8822 2589 10498 6829)
4(12712 2589 8822 6831)
4(10766 6843 10498 2589)
4(10766 2589 8826 6845)
4(755 6843 10766 6845)
4(10767 6846 8826 2589)
4(12712 6847 10767 2589)
4(756 6846 10767 6847)
4(1359 5231 10766 6843)
4(1400 6845 10766 5233)
4(1400 5233 10767 6846)
4(1728 6847 10767 5236)
4(8823 2590 10768 5231)
4(10769 2590 8823 5232)
4(10768 2590 10769 5234)
4(364 5231 10768 5234)
4(364 5234 10769 5232)
4(8823 6834 10501 2590)
4(8823 2590 10753 6835)
4(10768 2590 10501 6961)
4(10768 6962 8882 2590)
4(789 6962 10768 6961)
4(10769 6963 10753 2590)
4(10769 2590 8882 6965)
4(790 6963 10769 6965)
4(1359 6961 10768 5231)
4(1397 5232 10769 6963)
4(1401 5234 10768 6962)
4(1401 6965 10769 5234)
4(10766 5231 10768 2591)
4(10766 2591 10770 5233)
4(10770 2591 10768 5234)
4(364 5233 10770 5234)
4(10504 6843 10766 2591)
4(10771 2591 10766 6845)
4(755 3902 10771 6845)
4(10504 2591 10768 6961)
4(10768 2591 10772 6962)
4(10771 6967 10770 2591)
4(10772 2591 10770 6968)
4(791 6968 10770 6967)
4(791 6967 10771 3905)
4(1400 6967 10770 5233)
4(1400 6845 10771 6967)
4(1401 5234 10770 6968)
4(8824 2592 10774 5232)
4(10774 2592 10773 5235)
4(10773 2592 8824 5236)
4(364 5235 10773 5236)
4(364 5232 10774 5235)
4(8824 6836 10758 2592)
4(12714 6838 8824 2592)
4(10773 2592 8935 7077)
4(12714 2592 10773 7078)
4(823 7078 10773 7077)
4(10774 2592 10758 7080)
4(10774 7082 8935 2592)
4(824 7082 10774 7080)
4(1397 7080 10774 5232)
4(1402 7077 10773 5235)
4(1402 5235 10774 7082)
4(1728 5236 10773 7078)
4(10775 2593 10767 5233)
4(10775 5235 10773 2593)
4(10767 2593 10773 5236)
4(364 5235 10775 5233)
4(10776 6846 10767 2593)
4(12713 2593 10767 6847)
4(756 6846 10776 3963)
4(10777 2593 10773 7077)
4(10773 2593 12713 7078)
4(823 3964 10777 7077)
4(10776 2593 10775 7090)
4(10777 7091 10775 2593)
4(827 7090 10775 7091)
4(827 3966 10776 7090)
4(827 7091 10777 3966)
4(1400 5233 10775 7090)
4(1400 7090 10776 6846)
4(1402 7091 10775 5235)
4(1402 7077 10777 7091)
4(10769 5232 10774 2594)
4(10769 2594 10778 5234)
4(10778 2594 10774 5235)
4(364 5234 10778 5235)
4(10763 6963 10769 2594)
4(10779 2594 10769 6965)
4(10763 2594 10774 7080)
4(10774 2594 10780 7082)
4(824 7082 10780 4044)
4(10779 7208 10778 2594)
4(10780 2594 10778 7209)
4(861 7209 10778 7208)
4(861 4046 10780 7209)
4(1401 7208 10778 5234)
4(1402 5235 10778 7209)
4(1402 7209 10780 7082)
4(10770 2595 10775 5233)
4(10770 5234 10778 2595)
4(10775 2595 10778 5235)
4(10781 2595 10770 6967)
4(10770 2595 10782 6968)
4(791 4048 10781 6967)
4(10781 7090 10775 2595)
4(10783 2595 10775 7091)
4(827 7090 10781 4049)
4(827 4049 10783 7091)
4(10782 2595 10778 7208)
4(10778 2595 10783 7209)
4(861 7209 10783 4050)
4(1400 6967 10781 7090)
4(1402 7091 10783 7209)
4(10784 2596 8827 5237)
4(10785 2596 10784 5239)
4(8827 2596 10785 5242)
4(365 5239 10784 5237)
4(365 5242 10785 5239)
4(8827 2596 10515 6839)
4(12742 2596 8827 6841)
4(10784 6853 10515 2596)
4(10784 2596 8831 6855)
4(758 6853 10784 6855)
4(10785 6856 8831 2596)
4(12742 6857 10785 2596)
4(759 6856 10785 6857)
4(1361 5237 10784 6853)
4(1403 6855 10784 5239)
4(1403 5239 10785 6856)
4(1738 6857 10785 5242)
4(8828 2597 10786 5237)
4(10787 2597 8828 5238)
4(10786 2597 10787 5240)
4(365 5237 10786 5240)
4(365 5240 10787 5238)
4(8828 6844 10518 2597)
4(8828 2597 10771 6845)
4(10786 2597 10518 6966)
3(10786 8883 2597)
4(10787 6967 10771 2597)
4(10787 2597 8883 6969)
4(791 6967 10787 6969)
4(1361 6966 10786 5237)
4(1400 5238 10787 6967)
3(6969 10787 5240)
4(10784 5237 10786 2598)
4(10784 2598 10788 5239)
4(365 5239 10788 5240)
4(10520 6853 10784 2598)
4(10789 2598 10784 6855)
4(758 3906 10789 6855)
4(1403 6971 10788 5239)
4(1403 6855 10789 6971)
4(8829 2599 10791 5238)
4(10791 2599 10790 5241)
4(10790 2599 8829 5242)
4(365 5241 10790 5242)
4(365 5238 10791 5241)
4(8829 6846 10776 2599)
4(12744 6848 8829 2599)
4(10790 2599 8940 7087)
4(12744 2599 10790 7088)
4(826 7088 10790 7087)
4(10791 2599 10776 7090)
4(10791 7092 8940 2599)
4(827 7092 10791 7090)
4(1400 7090 10791 5238)
4(1404 7087 10790 5241)
4(1404 5241 10791 7092)
4(1738 5242 10790 7088)
4(10792 2600 10785 5239)
4(10792 5241 10790 2600)
4(10785 2600 10790 5242)
4(365 5241 10792 5239)
4(10793 6856 10785 2600)
4(12743 2600 10785 6857)
4(759 6856 10793 3968)
4(10794 2600 10790 7087)
4(10790 2600 12743 7088)
4(826 3969 10794 7087)
4(10793 2600 10792 7100)
4(10794 7101 10792 2600)
4(830 7100 10792 7101)
4(830 3971 10793 7100)
4(830 7101 10794 3971)
4(1403 5239 10792 7100)
4(1403 7100 10793 6856)
4(1404 7101 10792 5241)
4(1404 7087 10794 7101)
4(10787 5238 10791 2601)
4(10787 2601 10795 5240)
4(10795 2601 10791 5241)
4(365 5240 10795 5241)
4(10781 6967 10787 2601)
4(10796 2601 10787 6969)
4(10781 2601 10791 7090)
4(10791 2601 10797 7092)
4(827 7092 10797 4049)
3(10796 10795 2601)
4(10797 2601 10795 7214)
3(4051 10797 7214)
4(1404 5241 10795 7214)
4(1404 7214 10797 7092)
4(10788 2602 10792 5239)
4(10792 2602 10795 5241)
4(10798 7100 10792 2602)
4(10799 2602 10792 7101)
4(830 7100 10798 4053)
4(830 4053 10799 7101)
4(1403 6971 10798 7100)
4(1404 7101 10799 7214)
4(10800 2603 8832 5243)
4(10801 2603 10800 5245)
4(8832 2603 10801 5248)
4(366 5245 10800 5243)
4(366 5248 10801 5245)
4(8832 2603 10531 6849)
4(12772 2603 8832 6851)
4(10800 6863 10531 2603)
4(10800 2603 8836 6865)
4(761 6863 10800 6865)
4(10801 6866 8836 2603)
4(12772 6867 10801 2603)
4(762 6866 10801 6867)
4(1363 5243 10800 6863)
4(1405 6865 10800 5245)
4(1405 5245 10801 6866)
4(1748 6867 10801 5248)
4(8833 2604 10802 5243)
4(10803 2604 8833 5244)
4(366 5243 10802 5246)
4(366 5246 10803 5244)
4(8833 6854 10533 2604)
4(8833 2604 10789 6855)
4(1363 6970 10802 5243)
4(1403 5244 10803 6971)
4(10800 5243 10802 2605)
4(10800 2605 10804 5245)
4(366 5245 10804 5246)
4(10535 6863 10800 2605)
4(10805 2605 10800 6865)
4(761 3907 10805 6865)
4(1405 6973 10804 5245)
4(1405 6865 10805 6973)
4(8834 2606 10807 5244)
4(10807 2606 10806 5247)
4(10806 2606 8834 5248)
4(366 5247 10806 5248)
4(366 5244 10807 5247)
4(8834 6856 10793 2606)
4(12774 6858 8834 2606)
4(10806 2606 8945 7097)
4(12774 2606 10806 7098)
4(829 7098 10806 7097)
4(10807 2606 10793 7100)
4(10807 7102 8945 2606)
4(830 7102 10807 7100)
4(1403 7100 10807 5244)
4(1406 7097 10806 5247)
4(1406 5247 10807 7102)
4(1748 5248 10806 7098)
4(10808 2607 10801 5245)
4(10808 5247 10806 2607)
4(10801 2607 10806 5248)
4(366 5247 10808 5245)
4(10809 6866 10801 2607)
4(12773 2607 10801 6867)
4(762 6866 10809 3973)
4(10810 2607 10806 7097)
4(10806 2607 12773 7098)
4(829 3974 10810 7097)
4(10809 2607 10808 7110)
4(10810 7111 10808 2607)
4(833 7110 10808 7111)
4(833 3976 10809 7110)
4(833 7111 10810 3976)
4(1405 5245 10808 7110)
4(1405 7110 10809 6866)
4(1406 7111 10808 5247)
4(1406 7097 10810 7111)
4(10803 5244 10807 2608)
4(10811 2608 10807 5247)
4(366 5246 10811 5247)
4(10798 2608 10807 7100)
4(10807 2608 10812 7102)
4(830 7102 10812 4053)
4(1406 5247 10811 7218)
4(1406 7218 10812 7102)
4(10804 2609 10808 5245)
4(10808 2609 10811 5247)
4(10813 7110 10808 2609)
4(10814 2609 10808 7111)
4(833 7110 10813 4054)
4(833 4054 10814 7111)
4(1405 6973 10813 7110)
4(1406 7111 10814 7218)
4(10815 2610 8837 5249)
4(10816 2610 10815 5251)
4(8837 2610 10816 5254)
4(367 5251 10815 5249)
4(367 5254 10816 5251)
4(8837 2610 10545 6859)
4(12802 2610 8837 6861)
4(10815 6873 10545 2610)
4(10815 2610 8841 6875)
4(764 6873 10815 6875)
4(10816 6876 8841 2610)
4(12802 6877 10816 2610)
4(765 6876 10816 6877)
4(1365 5249 10815 6873)
4(1407 6875 10815 5251)
4(1407 5251 10816 6876)
4(1758 6877 10816 5254)
4(8838 2611 10817 5249)
4(10818 2611 8838 5250)
4(367 5249 10817 5252)
4(367 5252 10818 5250)
4(8838 6864 10547 2611)
4(8838 2611 10805 6865)
4(1365 6972 10817 5249)
4(1405 5250 10818 6973)
4(10815 5249 10817 2612)
4(10815 2612 10819 5251)
4(367 5251 10819 5252)
4(10548 6873 10815 2612)
3(2612 10815 6875)
3(1407 10819 5251)
4(8839 2613 10821 5250)
4(10821 2613 10820 5253)
4(10820 2613 8839 5254)
4(367 5253 10820 5254)
4(367 5250 10821 5253)
4(8839 6866 10809 2613)
4(12804 6868 8839 2613)
4(10820 2613 8950 7107)
4(12804 2613 10820 7108)
4(832 7108 10820 7107)
4(10821 2613 10809 7110)
4(10821 7112 8950 2613)
4(833 7112 10821 7110)
4(1405 7110 10821 5250)
4(1408 7107 10820 5253)
4(1408 5253 10821 7112)
4(1758 5254 10820 7108)
4(10822 2614 10816 5251)
4(10822 5253 10820 2614)
4(10816 2614 10820 5254)
4(367 5253 10822 5251)
4(10823 6876 10816 2614)
4(12803 2614 10816 6877)
4(765 6876 10823 3978)
4(10824 2614 10820 7107)
4(10820 2614 12803 7108)
4(832 3979 10824 7107)
4(10823 2614 10822 7120)
4(10824 7121 10822 2614)
4(836 7120 10822 7121)
4(836 3981 10823 7120)
4(836 7121 10824 3981)
4(1407 5251 10822 7120)
4(1407 7120 10823 6876)
4(1408 7121 10822 5253)
4(1408 7107 10824 7121)
4(10818 5250 10821 2615)
4(10825 2615 10821 5253)
4(367 5252 10825 5253)
4(10813 2615 10821 7110)
4(10821 2615 10826 7112)
4(833 7112 10826 4054)
4(1408 5253 10825 7220)
4(1408 7220 10826 7112)
4(10819 2616 10822 5251)
4(10822 2616 10825 5253)
3(7120 10822 2616)
4(10827 2616 10822 7121)
3(836 10827 7121)
4(1408 7121 10827 7220)
4(10828 2617 8842 5255)
4(10829 2617 10828 5257)
4(8842 2617 10829 5259)
4(368 5259 10829 5257)
4(8842 2617 10555 6869)
4(12832 2617 8842 6871)
4(10828 6883 10555 2617)
4(10828 2617 8846 6885)
4(10829 6886 8846 2617)
4(12832 6887 10829 2617)
4(768 6886 10829 6887)
4(1409 5257 10829 6886)
4(1768 6887 10829 5259)
4(8844 2618 10831 5256)
4(10831 2618 10830 5258)
4(10830 2618 8844 5259)
4(368 5258 10830 5259)
4(8844 6876 10823 2618)
4(12834 6878 8844 2618)
4(10830 2618 8955 7117)
4(12834 2618 10830 7118)
4(835 7118 10830 7117)
4(10831 2618 10823 7120)
4(10831 7122 8955 2618)
4(1410 7117 10830 5258)
4(1768 5259 10830 7118)
4(10832 2619 10829 5257)
4(10832 5258 10830 2619)
4(10829 2619 10830 5259)
4(10833 6886 10829 2619)
4(12833 2619 10829 6887)
4(768 6886 10833 3983)
4(10834 2619 10830 7117)
4(10830 2619 12833 7118)
4(835 3984 10834 7117)
4(10833 2619 10832 7130)
4(10834 7131 10832 2619)
4(839 3986 10833 7130)
4(839 7131 10834 3986)
4(1409 7130 10833 6886)
4(1410 7117 10834 7131)
4(10835 2620 8847 5260)
4(10836 2620 10835 5262)
4(8847 2620 10836 5264)
4(369 5264 10836 5262)
4(8847 2620 10562 6879)
4(12862 2620 8847 6881)
4(10835 6890 10562 2620)
4(10835 2620 8851 6891)
4(10836 6892 8851 2620)
4(12862 6893 10836 2620)
4(770 6892 10836 6893)
4(1411 5262 10836 6892)
4(1778 6893 10836 5264)
4(8849 2621 10838 5261)
4(10838 2621 10837 5263)
4(10837 2621 8849 5264)
4(369 5263 10837 5264)
4(8849 6886 10833 2621)
4(12864 6888 8849 2621)
4(10837 2621 8960 7127)
4(12864 2621 10837 7128)
4(838 7128 10837 7127)
4(10838 2621 10833 7130)
4(10838 7132 8960 2621)
4(1412 7127 10837 5263)
4(1778 5264 10837 7128)
4(10839 2622 10836 5262)
4(10839 5263 10837 2622)
4(10836 2622 10837 5264)
4(10840 6892 10836 2622)
4(12863 2622 10836 6893)
4(770 6892 10840 3988)
4(10841 2622 10837 7127)
4(10837 2622 12863 7128)
4(838 3989 10841 7127)
4(10840 2622 10839 7137)
4(10841 7138 10839 2622)
4(841 3991 10840 7137)
4(841 7138 10841 3991)
4(1411 7137 10840 6892)
4(1412 7127 10841 7138)
4(8852 6892 10840 2623)
3(2623 10840 7137)
3(776 6915 6913)
4(776 6915 10842 4003)
4(8858 6911 10646 2624)
4(10843 2624 10646 6921)
4(778 6923 10843 6921)
4(1380 6921 10843 5265)
4(8859 2625 10653 6914)
4(10844 7156 10653 2625)
4(847 7156 10844 7158)
4(1380 5265 10844 7156)
4(10656 2626 10843 6921)
4(778 6923 10845 4009)
4(10656 7156 10844 2626)
4(847 4011 10846 7158)
4(8863 6919 10664 2627)
4(10847 2627 10664 6929)
4(780 6931 10847 6929)
4(1383 6929 10847 5266)
4(8864 2628 10671 6922)
4(10848 7164 10671 2628)
4(849 7164 10848 7166)
4(1383 5266 10848 7164)
4(10674 2629 10847 6929)
4(780 6931 10849 4015)
4(10674 7164 10848 2629)
4(849 4017 10850 7166)
4(8868 6927 10682 2630)
4(10851 2630 10682 6937)
4(782 6939 10851 6937)
4(1386 6937 10851 5267)
4(8869 2631 10689 6930)
4(10852 7172 10689 2631)
4(851 7172 10852 7174)
4(1386 5267 10852 7172)
4(10692 2632 10851 6937)
4(782 6939 10853 4021)
4(10692 7172 10852 2632)
4(851 4023 10854 7174)
4(8873 6935 10700 2633)
4(10855 2633 10700 6945)
4(784 6947 10855 6945)
4(1389 6945 10855 5268)
4(8874 2634 10707 6938)
4(10856 7180 10707 2634)
4(853 7180 10856 7182)
4(1389 5268 10856 7180)
4(10710 2635 10855 6945)
4(784 6947 10857 4027)
4(10710 7180 10856 2635)
4(853 4029 10858 7182)
3(8878 6943 10718)
3(1392 6952 5269)
4(8879 2636 10725 6946)
4(10859 7188 10725 2636)
4(855 7188 10859 7190)
4(1392 5269 10859 7188)
3(10728 7188 10859)
3(855 4035 7190)
3(10860 2637 8884)
4(10861 2637 10860 5270)
4(8884 2637 10861 5271)
3(5271 10861 5270)
4(8884 2637 10587 6974)
4(12390 2637 8884 6976)
4(10860 6981 10587 2637)
4(10860 2637 8886 6983)
4(794 6981 10860 6983)
4(10861 6984 8886 2637)
4(12390 6985 10861 2637)
4(795 6984 10861 6985)
4(1413 6983 10860 5270)
4(1413 5270 10861 6984)
4(1619 6985 10861 5271)
3(10862 10860 6983)
4(794 3993 10862 6983)
3(1413 7144 5270)
4(1413 6983 10862 7144)
4(10864 2638 10861 5270)
3(10864 10863 2638)
4(10861 2638 10863 5271)
4(10865 6984 10861 2638)
4(12391 2638 10861 6985)
4(795 6984 10865 4055)
4(10866 2638 10863 7222)
4(10863 2638 12391 7223)
4(864 4056 10866 7222)
4(10865 2638 10864 7228)
4(10866 7229 10864 2638)
4(866 7228 10864 7229)
4(866 4058 10865 7228)
4(866 7229 10866 4058)
4(1413 5270 10864 7228)
4(1413 7228 10865 6984)
3(7222 10866 7229)
3(10867 7228 10864)
4(866 7228 10867 4140)
3(866 4140 7229)
4(1413 7144 10867 7228)
4(10868 2639 8887 5272)
4(10869 2639 10868 5274)
4(8887 2639 10869 5277)
4(370 5274 10868 5272)
4(370 5277 10869 5274)
4(8887 2639 10599 6977)
4(12415 2639 8887 6979)
4(10868 6991 10599 2639)
4(10868 2639 8891 6993)
4(797 6991 10868 6993)
4(10869 6994 8891 2639)
4(12415 6995 10869 2639)
4(798 6994 10869 6995)
4(1372 5272 10868 6991)
4(1414 6993 10868 5274)
4(1414 5274 10869 6994)
4(1629 6995 10869 5277)
4(8888 2640 10870 5272)
4(10871 2640 8888 5273)
4(370 5272 10870 5275)
4(370 5275 10871 5273)
4(8888 6982 10601 2640)
4(8888 2640 10862 6983)
4(1372 7143 10870 5272)
4(1413 5273 10871 7144)
4(10868 5272 10870 2641)
4(10868 2641 10872 5274)
4(370 5274 10872 5275)
4(10603 6991 10868 2641)
4(10873 2641 10868 6993)
4(797 3995 10873 6993)
4(10873 7148 10872 2641)
3(844 10872 7148)
4(844 7148 10873 3997)
4(1414 7148 10872 5274)
4(1414 6993 10873 7148)
4(8889 2642 10875 5273)
4(10875 2642 10874 5276)
4(10874 2642 8889 5277)
4(370 5276 10874 5277)
4(370 5273 10875 5276)
4(8889 6984 10865 2642)
4(12417 6986 8889 2642)
4(10874 2642 9000 7225)
4(12417 2642 10874 7226)
4(865 7226 10874 7225)
4(10875 2642 10865 7228)
4(10875 7230 9000 2642)
4(866 7230 10875 7228)
4(1413 7228 10875 5273)
4(1415 7225 10874 5276)
4(1415 5276 10875 7230)
4(1629 5277 10874 7226)
4(10876 2643 10869 5274)
4(10876 5276 10874 2643)
4(10869 2643 10874 5277)
4(370 5276 10876 5274)
4(10877 6994 10869 2643)
4(12416 2643 10869 6995)
4(798 6994 10877 4060)
4(10878 2643 10874 7225)
4(10874 2643 12416 7226)
4(865 4061 10878 7225)
4(10877 2643 10876 7238)
4(10878 7239 10876 2643)
4(869 7238 10876 7239)
4(869 4063 10877 7238)
4(869 7239 10878 4063)
4(1414 5274 10876 7238)
4(1414 7238 10877 6994)
4(1415 7239 10876 5276)
4(1415 7225 10878 7239)
4(10871 5273 10875 2644)
4(10879 2644 10875 5276)
4(370 5275 10879 5276)
4(10867 2644 10875 7228)
4(10875 2644 10880 7230)
4(866 7230 10880 4140)
4(1415 5276 10879 7391)
4(1415 7391 10880 7230)
4(10872 2645 10876 5274)
4(10876 2645 10879 5276)
4(10881 2645 10872 7148)
4(844 4141 10881 7148)
4(10881 7238 10876 2645)
4(10882 2645 10876 7239)
4(869 7238 10881 4142)
4(869 4142 10882 7239)
4(1414 7148 10881 7238)
4(1415 7239 10882 7391)
4(10883 2646 8892 5278)
4(10884 2646 10883 5280)
4(8892 2646 10884 5283)
4(371 5280 10883 5278)
4(371 5283 10884 5280)
4(8892 2646 10615 6987)
4(12445 2646 8892 6989)
4(10883 7001 10615 2646)
4(10883 2646 8896 7003)
4(800 7001 10883 7003)
4(10884 7004 8896 2646)
4(12445 7005 10884 2646)
4(801 7004 10884 7005)
4(1375 5278 10883 7001)
4(1416 7003 10883 5280)
4(1416 5280 10884 7004)
4(1639 7005 10884 5283)
4(8893 2647 10885 5278)
4(10886 2647 8893 5279)
4(10885 2647 10886 5281)
4(371 5278 10885 5281)
4(371 5281 10886 5279)
4(8893 6992 10618 2647)
4(8893 2647 10873 6993)
4(10885 2647 10618 7146)
4(10885 7147 8968 2647)
4(843 7147 10885 7146)
4(10886 7148 10873 2647)
4(10886 2647 8968 7149)
4(844 7148 10886 7149)
4(1375 7146 10885 5278)
4(1414 5279 10886 7148)
4(1417 5281 10885 7147)
4(1417 7149 10886 5281)
4(10883 5278 10885 2648)
4(10883 2648 10887 5280)
4(10887 2648 10885 5281)
4(371 5280 10887 5281)
4(10621 7001 10883 2648)
4(10888 2648 10883 7003)
4(800 3999 10888 7003)
4(10621 2648 10885 7146)
4(10885 2648 10889 7147)
4(10888 7153 10887 2648)
4(10889 2648 10887 7154)
4(846 7154 10887 7153)
4(846 7153 10888 4002)
4(1416 7153 10887 5280)
4(1416 7003 10888 7153)
4(1417 5281 10887 7154)
4(8894 2649 10891 5279)
4(10891 2649 10890 5282)
4(10890 2649 8894 5283)
4(371 5282 10890 5283)
4(371 5279 10891 5282)
4(8894 6994 10877 2649)
4(12447 6996 8894 2649)
4(10890 2649 9005 7235)
4(12447 2649 10890 7236)
4(868 7236 10890 7235)
4(10891 2649 10877 7238)
4(10891 7240 9005 2649)
4(869 7240 10891 7238)
4(1414 7238 10891 5279)
4(1418 7235 10890 5282)
4(1418 5282 10891 7240)
4(1639 5283 10890 7236)
4(10892 2650 10884 5280)
4(10892 5282 10890 2650)
4(10884 2650 10890 5283)
4(371 5282 10892 5280)
4(10893 7004 10884 2650)
4(12446 2650 10884 7005)
4(801 7004 10893 4065)
4(10894 2650 10890 7235)
4(10890 2650 12446 7236)
4(868 4066 10894 7235)
4(10893 2650 10892 7248)
4(10894 7249 10892 2650)
4(872 7248 10892 7249)
4(872 4068 10893 7248)
4(872 7249 10894 4068)
4(1416 5280 10892 7248)
4(1416 7248 10893 7004)
4(1418 7249 10892 5282)
4(1418 7235 10894 7249)
4(10886 5279 10891 2651)
4(10886 2651 10895 5281)
4(10895 2651 10891 5282)
4(371 5281 10895 5282)
4(10881 7148 10886 2651)
4(10896 2651 10886 7149)
4(10881 2651 10891 7238)
4(10891 2651 10897 7240)
4(869 7240 10897 4142)
4(10896 7393 10895 2651)
4(10897 2651 10895 7394)
4(915 7394 10895 7393)
4(915 4143 10897 7394)
4(1417 7393 10895 5281)
4(1418 5282 10895 7394)
4(1418 7394 10897 7240)
4(10887 2652 10892 5280)
4(10887 5281 10895 2652)
4(10892 2652 10895 5282)
4(10898 2652 10887 7153)
4(10887 2652 10899 7154)
4(846 4145 10898 7153)
4(10898 7248 10892 2652)
4(10900 2652 10892 7249)
4(872 7248 10898 4146)
4(872 4146 10900 7249)
4(10899 2652 10895 7393)
4(10895 2652 10900 7394)
4(915 7394 10900 4147)
4(1416 7153 10898 7248)
4(1418 7249 10900 7394)
4(10901 2653 8897 5284)
4(10902 2653 10901 5286)
4(8897 2653 10902 5289)
4(372 5286 10901 5284)
4(372 5289 10902 5286)
4(8897 2653 10633 6997)
4(12475 2653 8897 6999)
4(10901 7011 10633 2653)
4(10901 2653 8901 7013)
4(803 7011 10901 7013)
4(10902 7014 8901 2653)
4(12475 7015 10902 2653)
4(804 7014 10902 7015)
4(1378 5284 10901 7011)
4(1419 7013 10901 5286)
4(1419 5286 10902 7014)
4(1649 7015 10902 5289)
4(8898 2654 10903 5284)
4(10904 2654 8898 5285)
4(10903 2654 10904 5287)
4(372 5284 10903 5287)
4(372 5287 10904 5285)
4(8898 7002 10636 2654)
4(8898 2654 10888 7003)
4(10903 2654 10636 7151)
4(10903 7152 8969 2654)
4(845 7152 10903 7151)
4(10904 7153 10888 2654)
4(10904 2654 8969 7155)
4(846 7153 10904 7155)
4(1378 7151 10903 5284)
4(1416 5285 10904 7153)
4(1420 5287 10903 7152)
4(1420 7155 10904 5287)
4(10901 5284 10903 2655)
4(10901 2655 10905 5286)
4(10905 2655 10903 5287)
4(372 5286 10905 5287)
4(10639 7011 10901 2655)
4(10906 2655 10901 7013)
4(803 4004 10906 7013)
4(10639 2655 10903 7151)
4(10903 2655 10907 7152)
4(10906 7160 10905 2655)
4(10907 2655 10905 7161)
4(848 7161 10905 7160)
4(848 7160 10906 4008)
4(848 4008 10907 7161)
4(1419 7160 10905 5286)
4(1419 7013 10906 7160)
4(1420 5287 10905 7161)
4(8899 2656 10909 5285)
4(10909 2656 10908 5288)
4(10908 2656 8899 5289)
4(372 5288 10908 5289)
4(372 5285 10909 5288)
4(8899 7004 10893 2656)
4(12477 7006 8899 2656)
4(10908 2656 9010 7245)
4(12477 2656 10908 7246)
4(871 7246 10908 7245)
4(10909 2656 10893 7248)
4(10909 7250 9010 2656)
4(872 7250 10909 7248)
4(1416 7248 10909 5285)
4(1421 7245 10908 5288)
4(1421 5288 10909 7250)
4(1649 5289 10908 7246)
4(10910 2657 10902 5286)
4(10910 5288 10908 2657)
4(10902 2657 10908 5289)
4(372 5288 10910 5286)
4(10911 7014 10902 2657)
4(12476 2657 10902 7015)
4(804 7014 10911 4070)
4(10912 2657 10908 7245)
4(10908 2657 12476 7246)
4(871 4071 10912 7245)
4(10911 2657 10910 7258)
4(10912 7259 10910 2657)
4(875 7258 10910 7259)
4(875 4073 10911 7258)
4(875 7259 10912 4073)
4(1419 5286 10910 7258)
4(1419 7258 10911 7014)
4(1421 7259 10910 5288)
4(1421 7245 10912 7259)
4(10904 5285 10909 2658)
4(10904 2658 10913 5287)
4(10913 2658 10909 5288)
4(372 5287 10913 5288)
4(10898 7153 10904 2658)
4(10914 2658 10904 7155)
4(10898 2658 10909 7248)
4(10909 2658 10915 7250)
4(872 7250 10915 4146)
4(10914 7398 10913 2658)
4(10915 2658 10913 7399)
4(917 7399 10913 7398)
4(917 4148 10915 7399)
4(1420 7398 10913 5287)
4(1421 5288 10913 7399)
4(1421 7399 10915 7250)
4(10905 2659 10910 5286)
4(10905 5287 10913 2659)
4(10910 2659 10913 5288)
4(10916 2659 10905 7160)
4(10905 2659 10917 7161)
4(848 4150 10916 7160)
4(848 7161 10917 4150)
4(10916 7258 10910 2659)
4(10918 2659 10910 7259)
4(875 7258 10916 4151)
4(875 4151 10918 7259)
4(10917 2659 10913 7398)
4(10913 2659 10918 7399)
4(917 7399 10918 4152)
4(1419 7160 10916 7258)
4(1421 7259 10918 7399)
4(10919 2660 8902 5290)
4(10920 2660 10919 5292)
4(8902 2660 10920 5295)
4(373 5292 10919 5290)
4(373 5295 10920 5292)
4(8902 2660 10651 7007)
4(12505 2660 8902 7009)
4(10919 7021 10651 2660)
4(10919 2660 8906 7023)
4(806 7021 10919 7023)
4(10920 7024 8906 2660)
4(12505 7025 10920 2660)
4(807 7024 10920 7025)
4(1381 5290 10919 7021)
4(1422 7023 10919 5292)
4(1422 5292 10920 7024)
4(1659 7025 10920 5295)
4(8903 2661 10921 5290)
4(10922 2661 8903 5291)
4(10921 2661 10922 5293)
4(373 5290 10921 5293)
4(373 5293 10922 5291)
4(8903 7012 10654 2661)
4(8903 2661 10906 7013)
4(10921 2661 10654 7157)
4(10921 7159 8971 2661)
4(847 7159 10921 7157)
4(10922 7160 10906 2661)
4(10922 2661 8971 7162)
4(848 7160 10922 7162)
4(1381 7157 10921 5290)
4(1419 5291 10922 7160)
4(1423 5293 10921 7159)
4(1423 7162 10922 5293)
4(10919 5290 10921 2662)
4(10919 2662 10923 5292)
4(10923 2662 10921 5293)
4(373 5292 10923 5293)
4(10657 7021 10919 2662)
4(10924 2662 10919 7023)
4(806 4010 10924 7023)
4(10657 2662 10921 7157)
4(10921 2662 10925 7159)
4(847 7159 10925 4011)
4(10924 7168 10923 2662)
4(10925 2662 10923 7169)
4(850 7169 10923 7168)
4(850 7168 10924 4014)
4(850 4014 10925 7169)
4(1422 7168 10923 5292)
4(1422 7023 10924 7168)
4(1423 5293 10923 7169)
4(1423 7169 10925 7159)
4(8904 2663 10927 5291)
4(10927 2663 10926 5294)
4(10926 2663 8904 5295)
4(373 5294 10926 5295)
4(373 5291 10927 5294)
4(8904 7014 10911 2663)
4(12507 7016 8904 2663)
4(10926 2663 9015 7255)
4(12507 2663 10926 7256)
4(874 7256 10926 7255)
4(10927 2663 10911 7258)
4(10927 7260 9015 2663)
4(875 7260 10927 7258)
4(1419 7258 10927 5291)
4(1424 7255 10926 5294)
4(1424 5294 10927 7260)
4(1659 5295 10926 7256)
4(10928 2664 10920 5292)
4(10928 5294 10926 2664)
4(10920 2664 10926 5295)
4(373 5294 10928 5292)
4(10929 7024 10920 2664)
4(12506 2664 10920 7025)
4(807 7024 10929 4075)
4(10930 2664 10926 7255)
4(10926 2664 12506 7256)
4(874 4076 10930 7255)
4(10929 2664 10928 7268)
4(10930 7269 10928 2664)
4(878 7268 10928 7269)
4(878 4078 10929 7268)
4(878 7269 10930 4078)
4(1422 5292 10928 7268)
4(1422 7268 10929 7024)
4(1424 7269 10928 5294)
4(1424 7255 10930 7269)
4(10922 5291 10927 2665)
4(10922 2665 10931 5293)
4(10931 2665 10927 5294)
4(373 5293 10931 5294)
4(10916 7160 10922 2665)
4(10932 2665 10922 7162)
4(848 4150 10932 7162)
4(10916 2665 10927 7258)
4(10927 2665 10933 7260)
4(875 7260 10933 4151)
4(10932 7404 10931 2665)
4(10933 2665 10931 7405)
4(919 7405 10931 7404)
4(919 7404 10932 4153)
4(919 4153 10933 7405)
4(1423 7404 10931 5293)
4(1423 7162 10932 7404)
4(1424 5294 10931 7405)
4(1424 7405 10933 7260)
4(10923 2666 10928 5292)
4(10923 5293 10931 2666)
4(10928 2666 10931 5294)
4(10934 2666 10923 7168)
4(10923 2666 10935 7169)
4(850 4156 10934 7168)
4(850 7169 10935 4156)
4(10934 7268 10928 2666)
4(10936 2666 10928 7269)
4(878 7268 10934 4157)
4(878 4157 10936 7269)
4(10935 2666 10931 7404)
4(10931 2666 10936 7405)
4(919 4158 10935 7404)
4(919 7405 10936 4158)
4(1422 7168 10934 7268)
4(1423 7404 10935 7169)
4(1424 7269 10936 7405)
4(10937 2667 8907 5296)
4(10938 2667 10937 5298)
4(8907 2667 10938 5301)
4(374 5298 10937 5296)
4(374 5301 10938 5298)
4(8907 2667 10669 7017)
4(12535 2667 8907 7019)
4(10937 7031 10669 2667)
4(10937 2667 8911 7033)
4(809 7031 10937 7033)
4(10938 7034 8911 2667)
4(12535 7035 10938 2667)
4(810 7034 10938 7035)
4(1384 5296 10937 7031)
4(1425 7033 10937 5298)
4(1425 5298 10938 7034)
4(1669 7035 10938 5301)
4(8908 2668 10939 5296)
4(10940 2668 8908 5297)
4(10939 2668 10940 5299)
4(374 5296 10939 5299)
4(374 5299 10940 5297)
4(8908 7022 10672 2668)
4(8908 2668 10924 7023)
4(10939 2668 10672 7165)
4(10939 7167 8976 2668)
4(849 7167 10939 7165)
4(10940 7168 10924 2668)
4(10940 2668 8976 7170)
4(850 7168 10940 7170)
4(1384 7165 10939 5296)
4(1422 5297 10940 7168)
4(1426 5299 10939 7167)
4(1426 7170 10940 5299)
4(10937 5296 10939 2669)
4(10937 2669 10941 5298)
4(10941 2669 10939 5299)
4(374 5298 10941 5299)
4(10675 7031 10937 2669)
4(10942 2669 10937 7033)
4(809 4016 10942 7033)
4(10675 2669 10939 7165)
4(10939 2669 10943 7167)
4(849 7167 10943 4017)
4(10942 7176 10941 2669)
4(10943 2669 10941 7177)
4(852 7177 10941 7176)
4(852 7176 10942 4020)
4(852 4020 10943 7177)
4(1425 7176 10941 5298)
4(1425 7033 10942 7176)
4(1426 5299 10941 7177)
4(1426 7177 10943 7167)
4(8909 2670 10945 5297)
4(10945 2670 10944 5300)
4(10944 2670 8909 5301)
4(374 5300 10944 5301)
4(374 5297 10945 5300)
4(8909 7024 10929 2670)
4(12537 7026 8909 2670)
4(10944 2670 9020 7265)
4(12537 2670 10944 7266)
4(877 7266 10944 7265)
4(10945 2670 10929 7268)
4(10945 7270 9020 2670)
4(878 7270 10945 7268)
4(1422 7268 10945 5297)
4(1427 7265 10944 5300)
4(1427 5300 10945 7270)
4(1669 5301 10944 7266)
4(10946 2671 10938 5298)
4(10946 5300 10944 2671)
4(10938 2671 10944 5301)
4(374 5300 10946 5298)
4(10947 7034 10938 2671)
4(12536 2671 10938 7035)
4(810 7034 10947 4080)
4(10948 2671 10944 7265)
4(10944 2671 12536 7266)
4(877 4081 10948 7265)
4(10947 2671 10946 7278)
4(10948 7279 10946 2671)
4(881 7278 10946 7279)
4(881 4083 10947 7278)
4(881 7279 10948 4083)
4(1425 5298 10946 7278)
4(1425 7278 10947 7034)
4(1427 7279 10946 5300)
4(1427 7265 10948 7279)
4(10940 5297 10945 2672)
4(10940 2672 10949 5299)
4(10949 2672 10945 5300)
4(374 5299 10949 5300)
4(10934 7168 10940 2672)
4(10950 2672 10940 7170)
4(850 4156 10950 7170)
4(10934 2672 10945 7268)
4(10945 2672 10951 7270)
4(878 7270 10951 4157)
4(10950 7412 10949 2672)
4(10951 2672 10949 7413)
4(921 7413 10949 7412)
4(921 7412 10950 4159)
4(921 4159 10951 7413)
4(1426 7412 10949 5299)
4(1426 7170 10950 7412)
4(1427 5300 10949 7413)
4(1427 7413 10951 7270)
4(10941 2673 10946 5298)
4(10941 5299 10949 2673)
4(10946 2673 10949 5300)
4(10952 2673 10941 7176)
4(10941 2673 10953 7177)
4(852 4162 10952 7176)
4(852 7177 10953 4162)
4(10952 7278 10946 2673)
4(10954 2673 10946 7279)
4(881 7278 10952 4163)
4(881 4163 10954 7279)
4(10953 2673 10949 7412)
4(10949 2673 10954 7413)
4(921 4164 10953 7412)
4(921 7413 10954 4164)
4(1425 7176 10952 7278)
4(1426 7412 10953 7177)
4(1427 7279 10954 7413)
4(10955 2674 8912 5302)
4(10956 2674 10955 5304)
4(8912 2674 10956 5307)
4(375 5304 10955 5302)
4(375 5307 10956 5304)
4(8912 2674 10687 7027)
4(12565 2674 8912 7029)
4(10955 7041 10687 2674)
4(10955 2674 8916 7043)
4(812 7041 10955 7043)
4(10956 7044 8916 2674)
4(12565 7045 10956 2674)
4(813 7044 10956 7045)
4(1387 5302 10955 7041)
4(1428 7043 10955 5304)
4(1428 5304 10956 7044)
4(1679 7045 10956 5307)
4(8913 2675 10957 5302)
4(10958 2675 8913 5303)
4(10957 2675 10958 5305)
4(375 5302 10957 5305)
4(375 5305 10958 5303)
4(8913 7032 10690 2675)
4(8913 2675 10942 7033)
4(10957 2675 10690 7173)
4(10957 7175 8981 2675)
4(851 7175 10957 7173)
4(10958 7176 10942 2675)
4(10958 2675 8981 7178)
4(852 7176 10958 7178)
4(1387 7173 10957 5302)
4(1425 5303 10958 7176)
4(1429 5305 10957 7175)
4(1429 7178 10958 5305)
4(10955 5302 10957 2676)
4(10955 2676 10959 5304)
4(10959 2676 10957 5305)
4(375 5304 10959 5305)
4(10693 7041 10955 2676)
4(10960 2676 10955 7043)
4(812 4022 10960 7043)
4(10693 2676 10957 7173)
4(10957 2676 10961 7175)
4(851 7175 10961 4023)
4(10960 7184 10959 2676)
4(10961 2676 10959 7185)
4(854 7185 10959 7184)
4(854 7184 10960 4026)
4(854 4026 10961 7185)
4(1428 7184 10959 5304)
4(1428 7043 10960 7184)
4(1429 5305 10959 7185)
4(1429 7185 10961 7175)
4(8914 2677 10963 5303)
4(10963 2677 10962 5306)
4(10962 2677 8914 5307)
4(375 5306 10962 5307)
4(375 5303 10963 5306)
4(8914 7034 10947 2677)
4(12567 7036 8914 2677)
4(10962 2677 9025 7275)
4(12567 2677 10962 7276)
4(880 7276 10962 7275)
4(10963 2677 10947 7278)
4(10963 7280 9025 2677)
4(881 7280 10963 7278)
4(1425 7278 10963 5303)
4(1430 7275 10962 5306)
4(1430 5306 10963 7280)
4(1679 5307 10962 7276)
4(10964 2678 10956 5304)
4(10964 5306 10962 2678)
4(10956 2678 10962 5307)
4(375 5306 10964 5304)
4(10965 7044 10956 2678)
4(12566 2678 10956 7045)
4(813 7044 10965 4085)
4(10966 2678 10962 7275)
4(10962 2678 12566 7276)
4(880 4086 10966 7275)
4(10965 2678 10964 7288)
4(10966 7289 10964 2678)
4(884 7288 10964 7289)
4(884 4088 10965 7288)
4(884 7289 10966 4088)
4(1428 5304 10964 7288)
4(1428 7288 10965 7044)
4(1430 7289 10964 5306)
4(1430 7275 10966 7289)
4(10958 5303 10963 2679)
4(10958 2679 10967 5305)
4(10967 2679 10963 5306)
4(375 5305 10967 5306)
4(10952 7176 10958 2679)
4(10968 2679 10958 7178)
4(852 4162 10968 7178)
4(10952 2679 10963 7278)
4(10963 2679 10969 7280)
4(881 7280 10969 4163)
4(10968 7420 10967 2679)
4(10969 2679 10967 7421)
4(923 7421 10967 7420)
4(923 7420 10968 4165)
4(923 4165 10969 7421)
4(1429 7420 10967 5305)
4(1429 7178 10968 7420)
4(1430 5306 10967 7421)
4(1430 7421 10969 7280)
4(10959 2680 10964 5304)
4(10959 5305 10967 2680)
4(10964 2680 10967 5306)
4(10970 2680 10959 7184)
4(10959 2680 10971 7185)
4(854 4168 10970 7184)
4(854 7185 10971 4168)
4(10970 7288 10964 2680)
4(10972 2680 10964 7289)
4(884 7288 10970 4169)
4(884 4169 10972 7289)
4(10971 2680 10967 7420)
4(10967 2680 10972 7421)
4(923 4170 10971 7420)
4(923 7421 10972 4170)
4(1428 7184 10970 7288)
4(1429 7420 10971 7185)
4(1430 7289 10972 7421)
4(10973 2681 8917 5308)
4(10974 2681 10973 5310)
4(8917 2681 10974 5313)
4(376 5310 10973 5308)
4(376 5313 10974 5310)
4(8917 2681 10705 7037)
4(12595 2681 8917 7039)
4(10973 7051 10705 2681)
4(10973 2681 8921 7053)
4(815 7051 10973 7053)
4(10974 7054 8921 2681)
4(12595 7055 10974 2681)
4(816 7054 10974 7055)
4(1390 5308 10973 7051)
4(1431 7053 10973 5310)
4(1431 5310 10974 7054)
4(1689 7055 10974 5313)
4(8918 2682 10975 5308)
4(10976 2682 8918 5309)
4(10975 2682 10976 5311)
4(376 5308 10975 5311)
4(376 5311 10976 5309)
4(8918 7042 10708 2682)
4(8918 2682 10960 7043)
4(10975 2682 10708 7181)
4(10975 7183 8986 2682)
4(853 7183 10975 7181)
4(10976 7184 10960 2682)
4(10976 2682 8986 7186)
4(854 7184 10976 7186)
4(1390 7181 10975 5308)
4(1428 5309 10976 7184)
4(1432 5311 10975 7183)
4(1432 7186 10976 5311)
4(10973 5308 10975 2683)
4(10973 2683 10977 5310)
4(10977 2683 10975 5311)
4(376 5310 10977 5311)
4(10711 7051 10973 2683)
4(10978 2683 10973 7053)
4(815 4028 10978 7053)
4(10711 2683 10975 7181)
4(10975 2683 10979 7183)
4(853 7183 10979 4029)
4(10978 7192 10977 2683)
4(10979 2683 10977 7193)
4(856 7193 10977 7192)
4(856 7192 10978 4032)
4(856 4032 10979 7193)
4(1431 7192 10977 5310)
4(1431 7053 10978 7192)
4(1432 5311 10977 7193)
4(1432 7193 10979 7183)
4(8919 2684 10981 5309)
4(10981 2684 10980 5312)
4(10980 2684 8919 5313)
4(376 5312 10980 5313)
4(376 5309 10981 5312)
4(8919 7044 10965 2684)
4(12597 7046 8919 2684)
4(10980 2684 9030 7285)
4(12597 2684 10980 7286)
4(883 7286 10980 7285)
4(10981 2684 10965 7288)
4(10981 7290 9030 2684)
4(884 7290 10981 7288)
4(1428 7288 10981 5309)
4(1433 7285 10980 5312)
4(1433 5312 10981 7290)
4(1689 5313 10980 7286)
4(10982 2685 10974 5310)
4(10982 5312 10980 2685)
4(10974 2685 10980 5313)
4(376 5312 10982 5310)
4(10983 7054 10974 2685)
4(12596 2685 10974 7055)
4(816 7054 10983 4090)
4(10984 2685 10980 7285)
4(10980 2685 12596 7286)
4(883 4091 10984 7285)
4(10983 2685 10982 7298)
4(10984 7299 10982 2685)
4(887 7298 10982 7299)
4(887 4093 10983 7298)
4(887 7299 10984 4093)
4(1431 5310 10982 7298)
4(1431 7298 10983 7054)
4(1433 7299 10982 5312)
4(1433 7285 10984 7299)
4(10976 5309 10981 2686)
4(10976 2686 10985 5311)
4(10985 2686 10981 5312)
4(376 5311 10985 5312)
4(10970 7184 10976 2686)
4(10986 2686 10976 7186)
4(854 4168 10986 7186)
4(10970 2686 10981 7288)
4(10981 2686 10987 7290)
4(884 7290 10987 4169)
4(10986 7428 10985 2686)
4(10987 2686 10985 7429)
4(925 7429 10985 7428)
4(925 7428 10986 4171)
4(925 4171 10987 7429)
4(1432 7428 10985 5311)
4(1432 7186 10986 7428)
4(1433 5312 10985 7429)
4(1433 7429 10987 7290)
4(10977 2687 10982 5310)
4(10977 5311 10985 2687)
4(10982 2687 10985 5312)
4(10988 2687 10977 7192)
4(10977 2687 10989 7193)
4(856 4174 10988 7192)
4(856 7193 10989 4174)
4(10988 7298 10982 2687)
4(10990 2687 10982 7299)
4(887 7298 10988 4175)
4(887 4175 10990 7299)
4(10989 2687 10985 7428)
4(10985 2687 10990 7429)
4(925 4176 10989 7428)
4(925 7429 10990 4176)
4(1431 7192 10988 7298)
4(1432 7428 10989 7193)
4(1433 7299 10990 7429)
4(10991 2688 8922 5314)
4(10992 2688 10991 5316)
4(8922 2688 10992 5319)
4(377 5316 10991 5314)
4(377 5319 10992 5316)
4(8922 2688 10723 7047)
4(12625 2688 8922 7049)
4(10991 7061 10723 2688)
4(10991 2688 8926 7063)
4(818 7061 10991 7063)
4(10992 7064 8926 2688)
4(12625 7065 10992 2688)
4(819 7064 10992 7065)
4(1393 5314 10991 7061)
4(1434 7063 10991 5316)
4(1434 5316 10992 7064)
4(1699 7065 10992 5319)
4(8923 2689 10993 5314)
4(10994 2689 8923 5315)
4(10993 2689 10994 5317)
4(377 5314 10993 5317)
4(377 5317 10994 5315)
4(8923 7052 10726 2689)
4(8923 2689 10978 7053)
4(10993 2689 10726 7189)
4(10993 7191 8991 2689)
4(855 7191 10993 7189)
4(10994 7192 10978 2689)
4(10994 2689 8991 7194)
4(856 7192 10994 7194)
4(1393 7189 10993 5314)
4(1431 5315 10994 7192)
4(1435 5317 10993 7191)
4(1435 7194 10994 5317)
4(10991 5314 10993 2690)
4(10991 2690 10995 5316)
4(10995 2690 10993 5317)
4(377 5316 10995 5317)
4(10729 7061 10991 2690)
4(10996 2690 10991 7063)
4(818 4034 10996 7063)
4(10729 2690 10993 7189)
4(10993 2690 10997 7191)
4(855 7191 10997 4035)
4(10996 7199 10995 2690)
4(10997 2690 10995 7200)
4(858 7200 10995 7199)
4(858 7199 10996 4037)
4(1434 7199 10995 5316)
4(1434 7063 10996 7199)
4(1435 5317 10995 7200)
4(1435 7200 10997 7191)
4(8924 2691 10999 5315)
4(10999 2691 10998 5318)
4(10998 2691 8924 5319)
4(377 5318 10998 5319)
4(377 5315 10999 5318)
4(8924 7054 10983 2691)
4(12627 7056 8924 2691)
4(10998 2691 9035 7295)
4(12627 2691 10998 7296)
4(886 7296 10998 7295)
4(10999 2691 10983 7298)
4(10999 7300 9035 2691)
4(887 7300 10999 7298)
4(1431 7298 10999 5315)
4(1436 7295 10998 5318)
4(1436 5318 10999 7300)
4(1699 5319 10998 7296)
4(11000 2692 10992 5316)
4(11000 5318 10998 2692)
4(10992 2692 10998 5319)
4(377 5318 11000 5316)
4(11001 7064 10992 2692)
4(12626 2692 10992 7065)
4(819 7064 11001 4095)
4(11002 2692 10998 7295)
4(10998 2692 12626 7296)
4(886 4096 11002 7295)
4(11001 2692 11000 7308)
4(11002 7309 11000 2692)
4(890 7308 11000 7309)
4(890 4098 11001 7308)
4(890 7309 11002 4098)
4(1434 5316 11000 7308)
4(1434 7308 11001 7064)
4(1436 7309 11000 5318)
4(1436 7295 11002 7309)
4(10994 5315 10999 2693)
4(10994 2693 11003 5317)
4(11003 2693 10999 5318)
4(377 5317 11003 5318)
4(10988 7192 10994 2693)
4(11004 2693 10994 7194)
4(856 4174 11004 7194)
4(10988 2693 10999 7298)
4(10999 2693 11005 7300)
4(887 7300 11005 4175)
4(11004 7436 11003 2693)
4(11005 2693 11003 7437)
4(927 7437 11003 7436)
4(927 7436 11004 4177)
4(927 4177 11005 7437)
4(1435 7436 11003 5317)
4(1435 7194 11004 7436)
4(1436 5318 11003 7437)
4(1436 7437 11005 7300)
4(10995 2694 11000 5316)
4(10995 5317 11003 2694)
4(11000 2694 11003 5318)
4(11006 2694 10995 7199)
4(10995 2694 11007 7200)
4(858 4180 11006 7199)
4(11006 7308 11000 2694)
4(11008 2694 11000 7309)
4(890 7308 11006 4181)
4(890 4181 11008 7309)
4(11007 2694 11003 7436)
4(11003 2694 11008 7437)
4(927 4182 11007 7436)
4(927 7437 11008 4182)
4(1434 7199 11006 7308)
4(1435 7436 11007 7200)
4(1436 7309 11008 7437)
4(11009 2695 8927 5320)
4(11010 2695 11009 5322)
4(8927 2695 11010 5325)
4(378 5322 11009 5320)
4(378 5325 11010 5322)
4(8927 2695 10741 7057)
4(12655 2695 8927 7059)
4(11009 7071 10741 2695)
4(11009 2695 8931 7073)
4(821 7071 11009 7073)
4(11010 7074 8931 2695)
4(12655 7075 11010 2695)
4(822 7074 11010 7075)
4(1396 5320 11009 7071)
4(1437 7073 11009 5322)
4(1437 5322 11010 7074)
4(1709 7075 11010 5325)
4(8928 2696 11011 5320)
4(11012 2696 8928 5321)
4(11011 2696 11012 5323)
4(378 5320 11011 5323)
4(378 5323 11012 5321)
4(8928 7062 10744 2696)
4(8928 2696 10996 7063)
4(11011 2696 10744 7197)
4(11011 7198 8995 2696)
4(857 7198 11011 7197)
4(11012 7199 10996 2696)
4(11012 2696 8995 7201)
4(858 7199 11012 7201)
4(1396 7197 11011 5320)
4(1434 5321 11012 7199)
4(1438 5323 11011 7198)
4(1438 7201 11012 5323)
4(11009 5320 11011 2697)
4(11009 2697 11013 5322)
4(11013 2697 11011 5323)
4(378 5322 11013 5323)
4(10747 7071 11009 2697)
4(11014 2697 11009 7073)
4(821 4039 11014 7073)
4(10747 2697 11011 7197)
4(11011 2697 11015 7198)
4(11014 7205 11013 2697)
4(11015 2697 11013 7206)
4(860 7206 11013 7205)
4(860 7205 11014 4042)
4(1437 7205 11013 5322)
4(1437 7073 11014 7205)
4(1438 5323 11013 7206)
4(8929 2698 11017 5321)
4(11017 2698 11016 5324)
4(11016 2698 8929 5325)
4(378 5324 11016 5325)
4(378 5321 11017 5324)
4(8929 7064 11001 2698)
4(12657 7066 8929 2698)
4(11016 2698 9040 7305)
4(12657 2698 11016 7306)
4(889 7306 11016 7305)
4(11017 2698 11001 7308)
4(11017 7310 9040 2698)
4(890 7310 11017 7308)
4(1434 7308 11017 5321)
4(1439 7305 11016 5324)
4(1439 5324 11017 7310)
4(1709 5325 11016 7306)
4(11018 2699 11010 5322)
4(11018 5324 11016 2699)
4(11010 2699 11016 5325)
4(378 5324 11018 5322)
4(11019 7074 11010 2699)
4(12656 2699 11010 7075)
4(822 7074 11019 4100)
4(11020 2699 11016 7305)
4(11016 2699 12656 7306)
4(889 4101 11020 7305)
4(11019 2699 11018 7318)
4(11020 7319 11018 2699)
4(893 7318 11018 7319)
4(893 4103 11019 7318)
4(893 7319 11020 4103)
4(1437 5322 11018 7318)
4(1437 7318 11019 7074)
4(1439 7319 11018 5324)
4(1439 7305 11020 7319)
4(11012 5321 11017 2700)
4(11012 2700 11021 5323)
4(11021 2700 11017 5324)
4(378 5323 11021 5324)
4(11006 7199 11012 2700)
4(11022 2700 11012 7201)
4(11006 2700 11017 7308)
4(11017 2700 11023 7310)
4(890 7310 11023 4181)
4(11022 7444 11021 2700)
4(11023 2700 11021 7445)
4(929 7445 11021 7444)
4(929 4183 11023 7445)
4(1438 7444 11021 5323)
4(1439 5324 11021 7445)
4(1439 7445 11023 7310)
4(11013 2701 11018 5322)
4(11013 5323 11021 2701)
4(11018 2701 11021 5324)
4(11024 2701 11013 7205)
4(11013 2701 11025 7206)
4(860 4185 11024 7205)
4(11024 7318 11018 2701)
4(11026 2701 11018 7319)
4(893 7318 11024 4186)
4(893 4186 11026 7319)
4(11025 2701 11021 7444)
4(11021 2701 11026 7445)
4(929 7445 11026 4187)
4(1437 7205 11024 7318)
4(1439 7319 11026 7445)
4(11027 2702 8932 5326)
4(11028 2702 11027 5328)
4(8932 2702 11028 5331)
4(379 5328 11027 5326)
4(379 5331 11028 5328)
4(8932 2702 10759 7067)
4(12685 2702 8932 7069)
4(11027 7081 10759 2702)
4(11027 2702 8936 7083)
4(824 7081 11027 7083)
4(11028 7084 8936 2702)
4(12685 7085 11028 2702)
4(825 7084 11028 7085)
4(1399 5326 11027 7081)
4(1440 7083 11027 5328)
4(1440 5328 11028 7084)
4(1719 7085 11028 5331)
4(8933 2703 11029 5326)
4(11030 2703 8933 5327)
4(11029 2703 11030 5329)
4(379 5326 11029 5329)
4(379 5329 11030 5327)
4(8933 7072 10762 2703)
4(8933 2703 11014 7073)
4(11029 2703 10762 7203)
4(11029 7204 8996 2703)
4(859 7204 11029 7203)
4(11030 7205 11014 2703)
4(11030 2703 8996 7207)
4(860 7205 11030 7207)
4(1399 7203 11029 5326)
4(1437 5327 11030 7205)
4(1441 5329 11029 7204)
4(1441 7207 11030 5329)
4(11027 5326 11029 2704)
4(11027 2704 11031 5328)
4(11031 2704 11029 5329)
4(379 5328 11031 5329)
4(10765 7081 11027 2704)
4(11032 2704 11027 7083)
4(824 4044 11032 7083)
4(10765 2704 11029 7203)
4(11029 2704 11033 7204)
4(11032 7211 11031 2704)
4(11033 2704 11031 7212)
4(862 7212 11031 7211)
4(862 7211 11032 4047)
4(1440 7211 11031 5328)
4(1440 7083 11032 7211)
4(1441 5329 11031 7212)
4(8934 2705 11035 5327)
4(11035 2705 11034 5330)
4(11034 2705 8934 5331)
4(379 5330 11034 5331)
4(379 5327 11035 5330)
4(8934 7074 11019 2705)
4(12687 7076 8934 2705)
4(11034 2705 9045 7315)
4(12687 2705 11034 7316)
4(892 7316 11034 7315)
4(11035 2705 11019 7318)
4(11035 7320 9045 2705)
4(893 7320 11035 7318)
4(1437 7318 11035 5327)
4(1442 7315 11034 5330)
4(1442 5330 11035 7320)
4(1719 5331 11034 7316)
4(11036 2706 11028 5328)
4(11036 5330 11034 2706)
4(11028 2706 11034 5331)
4(379 5330 11036 5328)
4(11037 7084 11028 2706)
4(12686 2706 11028 7085)
4(825 7084 11037 4105)
4(11038 2706 11034 7315)
4(11034 2706 12686 7316)
4(892 4106 11038 7315)
4(11037 2706 11036 7328)
4(11038 7329 11036 2706)
4(896 7328 11036 7329)
4(896 4108 11037 7328)
4(896 7329 11038 4108)
4(1440 5328 11036 7328)
4(1440 7328 11037 7084)
4(1442 7329 11036 5330)
4(1442 7315 11038 7329)
4(11030 5327 11035 2707)
4(11030 2707 11039 5329)
4(11039 2707 11035 5330)
4(379 5329 11039 5330)
4(11024 7205 11030 2707)
4(11040 2707 11030 7207)
4(11024 2707 11035 7318)
4(11035 2707 11041 7320)
4(893 7320 11041 4186)
4(11040 7450 11039 2707)
4(11041 2707 11039 7451)
4(931 7451 11039 7450)
4(931 4188 11041 7451)
4(1441 7450 11039 5329)
4(1442 5330 11039 7451)
4(1442 7451 11041 7320)
4(11031 2708 11036 5328)
4(11031 5329 11039 2708)
4(11036 2708 11039 5330)
4(11042 2708 11031 7211)
4(11031 2708 11043 7212)
4(862 4190 11042 7211)
4(11042 7328 11036 2708)
4(11044 2708 11036 7329)
4(896 7328 11042 4191)
4(896 4191 11044 7329)
4(11043 2708 11039 7450)
4(11039 2708 11044 7451)
4(931 7451 11044 4192)
4(1440 7211 11042 7328)
4(1442 7329 11044 7451)
4(11045 2709 8937 5332)
4(11046 2709 11045 5334)
4(8937 2709 11046 5337)
4(380 5334 11045 5332)
4(380 5337 11046 5334)
4(8937 2709 10777 7077)
4(12715 2709 8937 7079)
4(11045 7091 10777 2709)
4(11045 2709 8941 7093)
4(827 7091 11045 7093)
4(11046 7094 8941 2709)
4(12715 7095 11046 2709)
4(828 7094 11046 7095)
4(1402 5332 11045 7091)
4(1443 7093 11045 5334)
4(1443 5334 11046 7094)
4(1729 7095 11046 5337)
4(8938 2710 11047 5332)
4(11048 2710 8938 5333)
4(11047 2710 11048 5335)
4(380 5332 11047 5335)
4(380 5335 11048 5333)
4(8938 7082 10780 2710)
4(8938 2710 11032 7083)
4(11047 2710 10780 7209)
4(11047 7210 8997 2710)
4(861 7210 11047 7209)
4(11048 7211 11032 2710)
4(11048 2710 8997 7213)
4(862 7211 11048 7213)
4(1402 7209 11047 5332)
4(1440 5333 11048 7211)
4(1444 5335 11047 7210)
4(1444 7213 11048 5335)
4(11045 5332 11047 2711)
4(11045 2711 11049 5334)
4(11049 2711 11047 5335)
4(380 5334 11049 5335)
4(10783 7091 11045 2711)
4(11050 2711 11045 7093)
4(827 4049 11050 7093)
4(10783 2711 11047 7209)
4(11047 2711 11051 7210)
4(11050 7215 11049 2711)
4(11051 2711 11049 7216)
4(863 7216 11049 7215)
4(863 7215 11050 4052)
4(1443 7215 11049 5334)
4(1443 7093 11050 7215)
4(1444 5335 11049 7216)
4(8939 2712 11053 5333)
4(11053 2712 11052 5336)
4(11052 2712 8939 5337)
4(380 5336 11052 5337)
4(380 5333 11053 5336)
4(8939 7084 11037 2712)
4(12717 7086 8939 2712)
4(11052 2712 9050 7325)
4(12717 2712 11052 7326)
4(895 7326 11052 7325)
4(11053 2712 11037 7328)
4(11053 7330 9050 2712)
4(896 7330 11053 7328)
4(1440 7328 11053 5333)
4(1445 7325 11052 5336)
4(1445 5336 11053 7330)
4(1729 5337 11052 7326)
4(11054 2713 11046 5334)
4(11054 5336 11052 2713)
4(11046 2713 11052 5337)
4(380 5336 11054 5334)
4(11055 7094 11046 2713)
4(12716 2713 11046 7095)
4(828 7094 11055 4110)
4(11056 2713 11052 7325)
4(11052 2713 12716 7326)
4(895 4111 11056 7325)
4(11055 2713 11054 7338)
4(11056 7339 11054 2713)
4(899 7338 11054 7339)
4(899 4113 11055 7338)
4(899 7339 11056 4113)
4(1443 5334 11054 7338)
4(1443 7338 11055 7094)
4(1445 7339 11054 5336)
4(1445 7325 11056 7339)
4(11048 5333 11053 2714)
4(11048 2714 11057 5335)
4(11057 2714 11053 5336)
4(380 5335 11057 5336)
4(11042 7211 11048 2714)
4(11058 2714 11048 7213)
4(11042 2714 11053 7328)
4(11053 2714 11059 7330)
4(896 7330 11059 4191)
4(11058 7456 11057 2714)
4(11059 2714 11057 7457)
4(933 7457 11057 7456)
4(933 4193 11059 7457)
4(1444 7456 11057 5335)
4(1445 5336 11057 7457)
4(1445 7457 11059 7330)
4(11049 2715 11054 5334)
4(11049 5335 11057 2715)
4(11054 2715 11057 5336)
4(11060 2715 11049 7215)
4(11049 2715 11061 7216)
4(863 4195 11060 7215)
4(11060 7338 11054 2715)
4(11062 2715 11054 7339)
4(899 7338 11060 4196)
4(899 4196 11062 7339)
4(11061 2715 11057 7456)
4(11057 2715 11062 7457)
4(933 7457 11062 4197)
4(1443 7215 11060 7338)
4(1445 7339 11062 7457)
4(11063 2716 8942 5338)
4(11064 2716 11063 5340)
4(8942 2716 11064 5343)
4(381 5340 11063 5338)
4(381 5343 11064 5340)
4(8942 2716 10794 7087)
4(12745 2716 8942 7089)
4(11063 7101 10794 2716)
4(11063 2716 8946 7103)
4(830 7101 11063 7103)
4(11064 7104 8946 2716)
4(12745 7105 11064 2716)
4(831 7104 11064 7105)
4(1404 5338 11063 7101)
4(1446 7103 11063 5340)
4(1446 5340 11064 7104)
4(1739 7105 11064 5343)
4(8943 2717 11065 5338)
4(11066 2717 8943 5339)
4(11065 2717 11066 5341)
4(381 5338 11065 5341)
4(381 5341 11066 5339)
4(8943 7092 10797 2717)
4(8943 2717 11050 7093)
4(11065 2717 10797 7214)
3(11065 8998 2717)
4(11066 7215 11050 2717)
4(11066 2717 8998 7217)
4(863 7215 11066 7217)
4(1404 7214 11065 5338)
4(1443 5339 11066 7215)
3(7217 11066 5341)
4(11063 5338 11065 2718)
4(11063 2718 11067 5340)
4(381 5340 11067 5341)
4(10799 7101 11063 2718)
4(11068 2718 11063 7103)
4(830 4053 11068 7103)
4(1446 7219 11067 5340)
4(1446 7103 11068 7219)
4(8944 2719 11070 5339)
4(11070 2719 11069 5342)
4(11069 2719 8944 5343)
4(381 5342 11069 5343)
4(381 5339 11070 5342)
4(8944 7094 11055 2719)
4(12747 7096 8944 2719)
4(11069 2719 9055 7335)
4(12747 2719 11069 7336)
4(898 7336 11069 7335)
4(11070 2719 11055 7338)
4(11070 7340 9055 2719)
4(899 7340 11070 7338)
4(1443 7338 11070 5339)
4(1447 7335 11069 5342)
4(1447 5342 11070 7340)
4(1739 5343 11069 7336)
4(11071 2720 11064 5340)
4(11071 5342 11069 2720)
4(11064 2720 11069 5343)
4(381 5342 11071 5340)
4(11072 7104 11064 2720)
4(12746 2720 11064 7105)
4(831 7104 11072 4115)
4(11073 2720 11069 7335)
4(11069 2720 12746 7336)
4(898 4116 11073 7335)
4(11072 2720 11071 7348)
4(11073 7349 11071 2720)
4(902 7348 11071 7349)
4(902 4118 11072 7348)
4(902 7349 11073 4118)
4(1446 5340 11071 7348)
4(1446 7348 11072 7104)
4(1447 7349 11071 5342)
4(1447 7335 11073 7349)
4(11066 5339 11070 2721)
4(11066 2721 11074 5341)
4(11074 2721 11070 5342)
4(381 5341 11074 5342)
4(11060 7215 11066 2721)
4(11075 2721 11066 7217)
4(11060 2721 11070 7338)
4(11070 2721 11076 7340)
4(899 7340 11076 4196)
3(11075 11074 2721)
4(11076 2721 11074 7462)
3(4198 11076 7462)
4(1447 5342 11074 7462)
4(1447 7462 11076 7340)
4(11067 2722 11071 5340)
4(11071 2722 11074 5342)
4(11077 7348 11071 2722)
4(11078 2722 11071 7349)
4(902 7348 11077 4200)
4(902 4200 11078 7349)
4(1446 7219 11077 7348)
4(1447 7349 11078 7462)
4(11079 2723 8947 5344)
4(11080 2723 11079 5346)
4(8947 2723 11080 5349)
4(382 5346 11079 5344)
4(382 5349 11080 5346)
4(8947 2723 10810 7097)
4(12775 2723 8947 7099)
4(11079 7111 10810 2723)
4(11079 2723 8951 7113)
4(833 7111 11079 7113)
4(11080 7114 8951 2723)
4(12775 7115 11080 2723)
4(834 7114 11080 7115)
4(1406 5344 11079 7111)
4(1448 7113 11079 5346)
4(1448 5346 11080 7114)
4(1749 7115 11080 5349)
4(8948 2724 11081 5344)
4(11082 2724 8948 5345)
4(382 5344 11081 5347)
4(382 5347 11082 5345)
4(8948 7102 10812 2724)
4(8948 2724 11068 7103)
4(1406 7218 11081 5344)
4(1446 5345 11082 7219)
4(11079 5344 11081 2725)
4(11079 2725 11083 5346)
4(382 5346 11083 5347)
4(10814 7111 11079 2725)
4(11084 2725 11079 7113)
4(833 4054 11084 7113)
4(1448 7221 11083 5346)
4(1448 7113 11084 7221)
4(8949 2726 11086 5345)
4(11086 2726 11085 5348)
4(11085 2726 8949 5349)
4(382 5348 11085 5349)
4(382 5345 11086 5348)
4(8949 7104 11072 2726)
4(12777 7106 8949 2726)
4(11085 2726 9060 7345)
4(12777 2726 11085 7346)
4(901 7346 11085 7345)
4(11086 2726 11072 7348)
4(11086 7350 9060 2726)
4(902 7350 11086 7348)
4(1446 7348 11086 5345)
4(1449 7345 11085 5348)
4(1449 5348 11086 7350)
4(1749 5349 11085 7346)
4(11087 2727 11080 5346)
4(11087 5348 11085 2727)
4(11080 2727 11085 5349)
4(382 5348 11087 5346)
4(11088 7114 11080 2727)
4(12776 2727 11080 7115)
4(834 7114 11088 4120)
4(11089 2727 11085 7345)
4(11085 2727 12776 7346)
4(901 4121 11089 7345)
4(11088 2727 11087 7358)
4(11089 7359 11087 2727)
4(905 7358 11087 7359)
4(905 4123 11088 7358)
4(905 7359 11089 4123)
4(1448 5346 11087 7358)
4(1448 7358 11088 7114)
4(1449 7359 11087 5348)
4(1449 7345 11089 7359)
4(11082 5345 11086 2728)
4(11090 2728 11086 5348)
4(382 5347 11090 5348)
4(11077 2728 11086 7348)
4(11086 2728 11091 7350)
4(902 7350 11091 4200)
4(1449 5348 11090 7466)
4(1449 7466 11091 7350)
4(11083 2729 11087 5346)
4(11087 2729 11090 5348)
4(11092 7358 11087 2729)
4(11093 2729 11087 7359)
4(905 7358 11092 4201)
4(905 4201 11093 7359)
4(1448 7221 11092 7358)
4(1449 7359 11093 7466)
4(11094 2730 8952 5350)
4(11095 2730 11094 5352)
4(8952 2730 11095 5355)
4(383 5352 11094 5350)
4(383 5355 11095 5352)
4(8952 2730 10824 7107)
4(12805 2730 8952 7109)
4(11094 7121 10824 2730)
4(11094 2730 8956 7123)
4(836 7121 11094 7123)
4(11095 7124 8956 2730)
4(12805 7125 11095 2730)
4(837 7124 11095 7125)
4(1408 5350 11094 7121)
4(1450 7123 11094 5352)
4(1450 5352 11095 7124)
4(1759 7125 11095 5355)
4(8953 2731 11096 5350)
4(11097 2731 8953 5351)
4(383 5350 11096 5353)
4(383 5353 11097 5351)
4(8953 7112 10826 2731)
4(8953 2731 11084 7113)
4(1408 7220 11096 5350)
4(1448 5351 11097 7221)
4(11094 5350 11096 2732)
4(11094 2732 11098 5352)
4(383 5352 11098 5353)
4(10827 7121 11094 2732)
3(2732 11094 7123)
3(1450 11098 5352)
4(8954 2733 11100 5351)
4(11100 2733 11099 5354)
4(11099 2733 8954 5355)
4(383 5354 11099 5355)
4(383 5351 11100 5354)
4(8954 7114 11088 2733)
4(12807 7116 8954 2733)
4(11099 2733 9065 7355)
4(12807 2733 11099 7356)
4(904 7356 11099 7355)
4(11100 2733 11088 7358)
4(11100 7360 9065 2733)
4(905 7360 11100 7358)
4(1448 7358 11100 5351)
4(1451 7355 11099 5354)
4(1451 5354 11100 7360)
4(1759 5355 11099 7356)
4(11101 2734 11095 5352)
4(11101 5354 11099 2734)
4(11095 2734 11099 5355)
4(383 5354 11101 5352)
4(11102 7124 11095 2734)
4(12806 2734 11095 7125)
4(837 7124 11102 4125)
4(11103 2734 11099 7355)
4(11099 2734 12806 7356)
4(904 4126 11103 7355)
4(11102 2734 11101 7368)
4(11103 7369 11101 2734)
4(908 7368 11101 7369)
4(908 4128 11102 7368)
4(908 7369 11103 4128)
4(1450 5352 11101 7368)
4(1450 7368 11102 7124)
4(1451 7369 11101 5354)
4(1451 7355 11103 7369)
4(11097 5351 11100 2735)
4(11104 2735 11100 5354)
4(383 5353 11104 5354)
4(11092 2735 11100 7358)
4(11100 2735 11105 7360)
4(905 7360 11105 4201)
4(1451 5354 11104 7468)
4(1451 7468 11105 7360)
4(11098 2736 11101 5352)
4(11101 2736 11104 5354)
3(7368 11101 2736)
4(11106 2736 11101 7369)
3(908 11106 7369)
4(1451 7369 11106 7468)
4(11107 2737 8957 5356)
4(11108 2737 11107 5358)
4(8957 2737 11108 5360)
4(384 5360 11108 5358)
4(8957 2737 10834 7117)
4(12835 2737 8957 7119)
4(11107 7131 10834 2737)
4(11107 2737 8961 7133)
4(11108 7134 8961 2737)
4(12835 7135 11108 2737)
4(840 7134 11108 7135)
4(1452 5358 11108 7134)
4(1769 7135 11108 5360)
4(8959 2738 11110 5357)
4(11110 2738 11109 5359)
4(11109 2738 8959 5360)
4(384 5359 11109 5360)
4(8959 7124 11102 2738)
4(12837 7126 8959 2738)
4(11109 2738 9070 7365)
4(12837 2738 11109 7366)
4(907 7366 11109 7365)
4(11110 2738 11102 7368)
4(11110 7370 9070 2738)
4(1453 7365 11109 5359)
4(1769 5360 11109 7366)
4(11111 2739 11108 5358)
4(11111 5359 11109 2739)
4(11108 2739 11109 5360)
4(11112 7134 11108 2739)
4(12836 2739 11108 7135)
4(840 7134 11112 4130)
4(11113 2739 11109 7365)
4(11109 2739 12836 7366)
4(907 4131 11113 7365)
4(11112 2739 11111 7378)
4(11113 7379 11111 2739)
4(911 4133 11112 7378)
4(911 7379 11113 4133)
4(1452 7378 11112 7134)
4(1453 7365 11113 7379)
4(11114 2740 8962 5361)
4(11115 2740 11114 5363)
4(8962 2740 11115 5365)
4(385 5365 11115 5363)
4(8962 2740 10841 7127)
4(12865 2740 8962 7129)
4(11114 7138 10841 2740)
4(11114 2740 8966 7139)
4(11115 7140 8966 2740)
4(12865 7141 11115 2740)
4(842 7140 11115 7141)
4(1454 5363 11115 7140)
4(1779 7141 11115 5365)
4(8964 2741 11117 5362)
4(11117 2741 11116 5364)
4(11116 2741 8964 5365)
4(385 5364 11116 5365)
4(8964 7134 11112 2741)
4(12867 7136 8964 2741)
4(11116 2741 9075 7375)
4(12867 2741 11116 7376)
4(910 7376 11116 7375)
4(11117 2741 11112 7378)
4(11117 7380 9075 2741)
4(1455 7375 11116 5364)
4(1779 5365 11116 7376)
4(11118 2742 11115 5363)
4(11118 5364 11116 2742)
4(11115 2742 11116 5365)
4(11119 7140 11115 2742)
4(12866 2742 11115 7141)
4(842 7140 11119 4135)
4(11120 2742 11116 7375)
4(11116 2742 12866 7376)
4(910 4136 11120 7375)
4(11119 2742 11118 7385)
4(11120 7386 11118 2742)
4(913 4138 11119 7385)
4(913 7386 11120 4138)
4(1454 7385 11119 7140)
4(1455 7375 11120 7386)
4(8967 7140 11119 2743)
3(2743 11119 7385)
3(848 7163 7161)
4(848 7163 11121 4150)
4(8973 7159 10925 2744)
4(11122 2744 10925 7169)
4(850 7171 11122 7169)
4(1423 7169 11122 5366)
4(8974 2745 10932 7162)
4(11123 7404 10932 2745)
4(919 7404 11123 7406)
4(1423 5366 11123 7404)
4(10935 2746 11122 7169)
4(850 7171 11124 4156)
4(10935 7404 11123 2746)
4(919 4158 11125 7406)
4(8978 7167 10943 2747)
4(11126 2747 10943 7177)
4(852 7179 11126 7177)
4(1426 7177 11126 5367)
4(8979 2748 10950 7170)
4(11127 7412 10950 2748)
4(921 7412 11127 7414)
4(1426 5367 11127 7412)
4(10953 2749 11126 7177)
4(852 7179 11128 4162)
4(10953 7412 11127 2749)
4(921 4164 11129 7414)
4(8983 7175 10961 2750)
4(11130 2750 10961 7185)
4(854 7187 11130 7185)
4(1429 7185 11130 5368)
4(8984 2751 10968 7178)
4(11131 7420 10968 2751)
4(923 7420 11131 7422)
4(1429 5368 11131 7420)
4(10971 2752 11130 7185)
4(854 7187 11132 4168)
4(10971 7420 11131 2752)
4(923 4170 11133 7422)
4(8988 7183 10979 2753)
4(11134 2753 10979 7193)
4(856 7195 11134 7193)
4(1432 7193 11134 5369)
4(8989 2754 10986 7186)
4(11135 7428 10986 2754)
4(925 7428 11135 7430)
4(1432 5369 11135 7428)
4(10989 2755 11134 7193)
4(856 7195 11136 4174)
4(10989 7428 11135 2755)
4(925 4176 11137 7430)
3(8993 7191 10997)
3(1435 7200 5370)
4(8994 2756 11004 7194)
4(11138 7436 11004 2756)
4(927 7436 11138 7438)
4(1435 5370 11138 7436)
3(11007 7436 11138)
3(927 4182 7438)
3(11139 2757 8999)
4(11140 2757 11139 5371)
4(8999 2757 11140 5372)
3(5372 11140 5371)
4(8999 2757 10866 7222)
4(12392 2757 8999 7224)
4(11139 7229 10866 2757)
4(11139 2757 9001 7231)
4(866 7229 11139 7231)
4(11140 7232 9001 2757)
4(12392 7233 11140 2757)
4(867 7232 11140 7233)
4(1456 7231 11139 5371)
4(1456 5371 11140 7232)
4(1620 7233 11140 5372)
3(11141 11139 7231)
4(866 4140 11141 7231)
3(1456 7392 5371)
4(1456 7231 11141 7392)
4(11143 2758 11140 5371)
3(11143 11142 2758)
4(11140 2758 11142 5372)
4(11144 7232 11140 2758)
4(12393 2758 11140 7233)
4(867 7232 11144 4202)
4(11145 2758 11142 7470)
4(11142 2758 12393 7471)
4(936 4203 11145 7470)
4(11144 2758 11143 7476)
4(11145 7477 11143 2758)
4(938 7476 11143 7477)
4(938 4205 11144 7476)
4(938 7477 11145 4205)
4(1456 5371 11143 7476)
4(1456 7476 11144 7232)
3(7470 11145 7477)
3(11146 7476 11143)
4(938 7476 11146 4287)
3(938 4287 7477)
4(1456 7392 11146 7476)
4(11147 2759 9002 5373)
4(11148 2759 11147 5375)
4(9002 2759 11148 5378)
4(386 5375 11147 5373)
4(386 5378 11148 5375)
4(9002 2759 10878 7225)
4(12418 2759 9002 7227)
4(11147 7239 10878 2759)
4(11147 2759 9006 7241)
4(869 7239 11147 7241)
4(11148 7242 9006 2759)
4(12418 7243 11148 2759)
4(870 7242 11148 7243)
4(1415 5373 11147 7239)
4(1457 7241 11147 5375)
4(1457 5375 11148 7242)
4(1630 7243 11148 5378)
4(9003 2760 11149 5373)
4(11150 2760 9003 5374)
4(386 5373 11149 5376)
4(386 5376 11150 5374)
4(9003 7230 10880 2760)
4(9003 2760 11141 7231)
4(1415 7391 11149 5373)
4(1456 5374 11150 7392)
4(11147 5373 11149 2761)
4(11147 2761 11151 5375)
4(386 5375 11151 5376)
4(10882 7239 11147 2761)
4(11152 2761 11147 7241)
4(869 4142 11152 7241)
4(11152 7396 11151 2761)
3(916 11151 7396)
4(916 7396 11152 4144)
4(1457 7396 11151 5375)
4(1457 7241 11152 7396)
4(9004 2762 11154 5374)
4(11154 2762 11153 5377)
4(11153 2762 9004 5378)
4(386 5377 11153 5378)
4(386 5374 11154 5377)
4(9004 7232 11144 2762)
4(12420 7234 9004 2762)
4(11153 2762 9115 7473)
4(12420 2762 11153 7474)
4(937 7474 11153 7473)
4(11154 2762 11144 7476)
4(11154 7478 9115 2762)
4(938 7478 11154 7476)
4(1456 7476 11154 5374)
4(1458 7473 11153 5377)
4(1458 5377 11154 7478)
4(1630 5378 11153 7474)
4(11155 2763 11148 5375)
4(11155 5377 11153 2763)
4(11148 2763 11153 5378)
4(386 5377 11155 5375)
4(11156 7242 11148 2763)
4(12419 2763 11148 7243)
4(870 7242 11156 4207)
4(11157 2763 11153 7473)
4(11153 2763 12419 7474)
4(937 4208 11157 7473)
4(11156 2763 11155 7486)
4(11157 7487 11155 2763)
4(941 7486 11155 7487)
4(941 4210 11156 7486)
4(941 7487 11157 4210)
4(1457 5375 11155 7486)
4(1457 7486 11156 7242)
4(1458 7487 11155 5377)
4(1458 7473 11157 7487)
4(11150 5374 11154 2764)
4(11158 2764 11154 5377)
4(386 5376 11158 5377)
4(11146 2764 11154 7476)
4(11154 2764 11159 7478)
4(938 7478 11159 4287)
4(1458 5377 11158 7639)
4(1458 7639 11159 7478)
4(11151 2765 11155 5375)
4(11155 2765 11158 5377)
4(11160 2765 11151 7396)
4(916 4288 11160 7396)
4(11160 7486 11155 2765)
4(11161 2765 11155 7487)
4(941 7486 11160 4289)
4(941 4289 11161 7487)
4(1457 7396 11160 7486)
4(1458 7487 11161 7639)
4(11162 2766 9007 5379)
4(11163 2766 11162 5381)
4(9007 2766 11163 5384)
4(387 5381 11162 5379)
4(387 5384 11163 5381)
4(9007 2766 10894 7235)
4(12448 2766 9007 7237)
4(11162 7249 10894 2766)
4(11162 2766 9011 7251)
4(872 7249 11162 7251)
4(11163 7252 9011 2766)
4(12448 7253 11163 2766)
4(873 7252 11163 7253)
4(1418 5379 11162 7249)
4(1459 7251 11162 5381)
4(1459 5381 11163 7252)
4(1640 7253 11163 5384)
4(9008 2767 11164 5379)
4(11165 2767 9008 5380)
4(11164 2767 11165 5382)
4(387 5379 11164 5382)
4(387 5382 11165 5380)
4(9008 7240 10897 2767)
4(9008 2767 11152 7241)
4(11164 2767 10897 7394)
4(11164 7395 9083 2767)
4(915 7395 11164 7394)
4(11165 7396 11152 2767)
4(11165 2767 9083 7397)
4(916 7396 11165 7397)
4(1418 7394 11164 5379)
4(1457 5380 11165 7396)
4(1460 5382 11164 7395)
4(1460 7397 11165 5382)
4(11162 5379 11164 2768)
4(11162 2768 11166 5381)
4(11166 2768 11164 5382)
4(387 5381 11166 5382)
4(10900 7249 11162 2768)
4(11167 2768 11162 7251)
4(872 4146 11167 7251)
4(10900 2768 11164 7394)
4(11164 2768 11168 7395)
4(11167 7401 11166 2768)
4(11168 2768 11166 7402)
4(918 7402 11166 7401)
4(918 7401 11167 4149)
4(1459 7401 11166 5381)
4(1459 7251 11167 7401)
4(1460 5382 11166 7402)
4(9009 2769 11170 5380)
4(11170 2769 11169 5383)
4(11169 2769 9009 5384)
4(387 5383 11169 5384)
4(387 5380 11170 5383)
4(9009 7242 11156 2769)
4(12450 7244 9009 2769)
4(11169 2769 9120 7483)
4(12450 2769 11169 7484)
4(940 7484 11169 7483)
4(11170 2769 11156 7486)
4(11170 7488 9120 2769)
4(941 7488 11170 7486)
4(1457 7486 11170 5380)
4(1461 7483 11169 5383)
4(1461 5383 11170 7488)
4(1640 5384 11169 7484)
4(11171 2770 11163 5381)
4(11171 5383 11169 2770)
4(11163 2770 11169 5384)
4(387 5383 11171 5381)
4(11172 7252 11163 2770)
4(12449 2770 11163 7253)
4(873 7252 11172 4212)
4(11173 2770 11169 7483)
4(11169 2770 12449 7484)
4(940 4213 11173 7483)
4(11172 2770 11171 7496)
4(11173 7497 11171 2770)
4(944 7496 11171 7497)
4(944 4215 11172 7496)
4(944 7497 11173 4215)
4(1459 5381 11171 7496)
4(1459 7496 11172 7252)
4(1461 7497 11171 5383)
4(1461 7483 11173 7497)
4(11165 5380 11170 2771)
4(11165 2771 11174 5382)
4(11174 2771 11170 5383)
4(387 5382 11174 5383)
4(11160 7396 11165 2771)
4(11175 2771 11165 7397)
4(11160 2771 11170 7486)
4(11170 2771 11176 7488)
4(941 7488 11176 4289)
4(11175 7641 11174 2771)
4(11176 2771 11174 7642)
4(987 7642 11174 7641)
4(987 4290 11176 7642)
4(1460 7641 11174 5382)
4(1461 5383 11174 7642)
4(1461 7642 11176 7488)
4(11166 2772 11171 5381)
4(11166 5382 11174 2772)
4(11171 2772 11174 5383)
4(11177 2772 11166 7401)
4(11166 2772 11178 7402)
4(918 4292 11177 7401)
4(11177 7496 11171 2772)
4(11179 2772 11171 7497)
4(944 7496 11177 4293)
4(944 4293 11179 7497)
4(11178 2772 11174 7641)
4(11174 2772 11179 7642)
4(987 7642 11179 4294)
4(1459 7401 11177 7496)
4(1461 7497 11179 7642)
4(11180 2773 9012 5385)
4(11181 2773 11180 5387)
4(9012 2773 11181 5390)
4(388 5387 11180 5385)
4(388 5390 11181 5387)
4(9012 2773 10912 7245)
4(12478 2773 9012 7247)
4(11180 7259 10912 2773)
4(11180 2773 9016 7261)
4(875 7259 11180 7261)
4(11181 7262 9016 2773)
4(12478 7263 11181 2773)
4(876 7262 11181 7263)
4(1421 5385 11180 7259)
4(1462 7261 11180 5387)
4(1462 5387 11181 7262)
4(1650 7263 11181 5390)
4(9013 2774 11182 5385)
4(11183 2774 9013 5386)
4(11182 2774 11183 5388)
4(388 5385 11182 5388)
4(388 5388 11183 5386)
4(9013 7250 10915 2774)
4(9013 2774 11167 7251)
4(11182 2774 10915 7399)
4(11182 7400 9084 2774)
4(917 7400 11182 7399)
4(11183 7401 11167 2774)
4(11183 2774 9084 7403)
4(918 7401 11183 7403)
4(1421 7399 11182 5385)
4(1459 5386 11183 7401)
4(1463 5388 11182 7400)
4(1463 7403 11183 5388)
4(11180 5385 11182 2775)
4(11180 2775 11184 5387)
4(11184 2775 11182 5388)
4(388 5387 11184 5388)
4(10918 7259 11180 2775)
4(11185 2775 11180 7261)
4(875 4151 11185 7261)
4(10918 2775 11182 7399)
4(11182 2775 11186 7400)
4(11185 7408 11184 2775)
4(11186 2775 11184 7409)
4(920 7409 11184 7408)
4(920 7408 11185 4155)
4(920 4155 11186 7409)
4(1462 7408 11184 5387)
4(1462 7261 11185 7408)
4(1463 5388 11184 7409)
4(9014 2776 11188 5386)
4(11188 2776 11187 5389)
4(11187 2776 9014 5390)
4(388 5389 11187 5390)
4(388 5386 11188 5389)
4(9014 7252 11172 2776)
4(12480 7254 9014 2776)
4(11187 2776 9125 7493)
4(12480 2776 11187 7494)
4(943 7494 11187 7493)
4(11188 2776 11172 7496)
4(11188 7498 9125 2776)
4(944 7498 11188 7496)
4(1459 7496 11188 5386)
4(1464 7493 11187 5389)
4(1464 5389 11188 7498)
4(1650 5390 11187 7494)
4(11189 2777 11181 5387)
4(11189 5389 11187 2777)
4(11181 2777 11187 5390)
4(388 5389 11189 5387)
4(11190 7262 11181 2777)
4(12479 2777 11181 7263)
4(876 7262 11190 4217)
4(11191 2777 11187 7493)
4(11187 2777 12479 7494)
4(943 4218 11191 7493)
4(11190 2777 11189 7506)
4(11191 7507 11189 2777)
4(947 7506 11189 7507)
4(947 4220 11190 7506)
4(947 7507 11191 4220)
4(1462 5387 11189 7506)
4(1462 7506 11190 7262)
4(1464 7507 11189 5389)
4(1464 7493 11191 7507)
4(11183 5386 11188 2778)
4(11183 2778 11192 5388)
4(11192 2778 11188 5389)
4(388 5388 11192 5389)
4(11177 7401 11183 2778)
4(11193 2778 11183 7403)
4(11177 2778 11188 7496)
4(11188 2778 11194 7498)
4(944 7498 11194 4293)
4(11193 7646 11192 2778)
4(11194 2778 11192 7647)
4(989 7647 11192 7646)
4(989 4295 11194 7647)
4(1463 7646 11192 5388)
4(1464 5389 11192 7647)
4(1464 7647 11194 7498)
4(11184 2779 11189 5387)
4(11184 5388 11192 2779)
4(11189 2779 11192 5389)
4(11195 2779 11184 7408)
4(11184 2779 11196 7409)
4(920 4297 11195 7408)
4(920 7409 11196 4297)
4(11195 7506 11189 2779)
4(11197 2779 11189 7507)
4(947 7506 11195 4298)
4(947 4298 11197 7507)
4(11196 2779 11192 7646)
4(11192 2779 11197 7647)
4(989 7647 11197 4299)
4(1462 7408 11195 7506)
4(1464 7507 11197 7647)
4(11198 2780 9017 5391)
4(11199 2780 11198 5393)
4(9017 2780 11199 5396)
4(389 5393 11198 5391)
4(389 5396 11199 5393)
4(9017 2780 10930 7255)
4(12508 2780 9017 7257)
4(11198 7269 10930 2780)
4(11198 2780 9021 7271)
4(878 7269 11198 7271)
4(11199 7272 9021 2780)
4(12508 7273 11199 2780)
4(879 7272 11199 7273)
4(1424 5391 11198 7269)
4(1465 7271 11198 5393)
4(1465 5393 11199 7272)
4(1660 7273 11199 5396)
4(9018 2781 11200 5391)
4(11201 2781 9018 5392)
4(11200 2781 11201 5394)
4(389 5391 11200 5394)
4(389 5394 11201 5392)
4(9018 7260 10933 2781)
4(9018 2781 11185 7261)
4(11200 2781 10933 7405)
4(11200 7407 9086 2781)
4(919 7407 11200 7405)
4(11201 7408 11185 2781)
4(11201 2781 9086 7410)
4(920 7408 11201 7410)
4(1424 7405 11200 5391)
4(1462 5392 11201 7408)
4(1466 5394 11200 7407)
4(1466 7410 11201 5394)
4(11198 5391 11200 2782)
4(11198 2782 11202 5393)
4(11202 2782 11200 5394)
4(389 5393 11202 5394)
4(10936 7269 11198 2782)
4(11203 2782 11198 7271)
4(878 4157 11203 7271)
4(10936 2782 11200 7405)
4(11200 2782 11204 7407)
4(919 7407 11204 4158)
4(11203 7416 11202 2782)
4(11204 2782 11202 7417)
4(922 7417 11202 7416)
4(922 7416 11203 4161)
4(922 4161 11204 7417)
4(1465 7416 11202 5393)
4(1465 7271 11203 7416)
4(1466 5394 11202 7417)
4(1466 7417 11204 7407)
4(9019 2783 11206 5392)
4(11206 2783 11205 5395)
4(11205 2783 9019 5396)
4(389 5395 11205 5396)
4(389 5392 11206 5395)
4(9019 7262 11190 2783)
4(12510 7264 9019 2783)
4(11205 2783 9130 7503)
4(12510 2783 11205 7504)
4(946 7504 11205 7503)
4(11206 2783 11190 7506)
4(11206 7508 9130 2783)
4(947 7508 11206 7506)
4(1462 7506 11206 5392)
4(1467 7503 11205 5395)
4(1467 5395 11206 7508)
4(1660 5396 11205 7504)
4(11207 2784 11199 5393)
4(11207 5395 11205 2784)
4(11199 2784 11205 5396)
4(389 5395 11207 5393)
4(11208 7272 11199 2784)
4(12509 2784 11199 7273)
4(879 7272 11208 4222)
4(11209 2784 11205 7503)
4(11205 2784 12509 7504)
4(946 4223 11209 7503)
4(11208 2784 11207 7516)
4(11209 7517 11207 2784)
4(950 7516 11207 7517)
4(950 4225 11208 7516)
4(950 7517 11209 4225)
4(1465 5393 11207 7516)
4(1465 7516 11208 7272)
4(1467 7517 11207 5395)
4(1467 7503 11209 7517)
4(11201 5392 11206 2785)
4(11201 2785 11210 5394)
4(11210 2785 11206 5395)
4(389 5394 11210 5395)
4(11195 7408 11201 2785)
4(11211 2785 11201 7410)
4(920 4297 11211 7410)
4(11195 2785 11206 7506)
4(11206 2785 11212 7508)
4(947 7508 11212 4298)
4(11211 7652 11210 2785)
4(11212 2785 11210 7653)
4(991 7653 11210 7652)
4(991 7652 11211 4300)
4(991 4300 11212 7653)
4(1466 7652 11210 5394)
4(1466 7410 11211 7652)
4(1467 5395 11210 7653)
4(1467 7653 11212 7508)
4(11202 2786 11207 5393)
4(11202 5394 11210 2786)
4(11207 2786 11210 5395)
4(11213 2786 11202 7416)
4(11202 2786 11214 7417)
4(922 4303 11213 7416)
4(922 7417 11214 4303)
4(11213 7516 11207 2786)
4(11215 2786 11207 7517)
4(950 7516 11213 4304)
4(950 4304 11215 7517)
4(11214 2786 11210 7652)
4(11210 2786 11215 7653)
4(991 4305 11214 7652)
4(991 7653 11215 4305)
4(1465 7416 11213 7516)
4(1466 7652 11214 7417)
4(1467 7517 11215 7653)
4(11216 2787 9022 5397)
4(11217 2787 11216 5399)
4(9022 2787 11217 5402)
4(390 5399 11216 5397)
4(390 5402 11217 5399)
4(9022 2787 10948 7265)
4(12538 2787 9022 7267)
4(11216 7279 10948 2787)
4(11216 2787 9026 7281)
4(881 7279 11216 7281)
4(11217 7282 9026 2787)
4(12538 7283 11217 2787)
4(882 7282 11217 7283)
4(1427 5397 11216 7279)
4(1468 7281 11216 5399)
4(1468 5399 11217 7282)
4(1670 7283 11217 5402)
4(9023 2788 11218 5397)
4(11219 2788 9023 5398)
4(11218 2788 11219 5400)
4(390 5397 11218 5400)
4(390 5400 11219 5398)
4(9023 7270 10951 2788)
4(9023 2788 11203 7271)
4(11218 2788 10951 7413)
4(11218 7415 9091 2788)
4(921 7415 11218 7413)
4(11219 7416 11203 2788)
4(11219 2788 9091 7418)
4(922 7416 11219 7418)
4(1427 7413 11218 5397)
4(1465 5398 11219 7416)
4(1469 5400 11218 7415)
4(1469 7418 11219 5400)
4(11216 5397 11218 2789)
4(11216 2789 11220 5399)
4(11220 2789 11218 5400)
4(390 5399 11220 5400)
4(10954 7279 11216 2789)
4(11221 2789 11216 7281)
4(881 4163 11221 7281)
4(10954 2789 11218 7413)
4(11218 2789 11222 7415)
4(921 7415 11222 4164)
4(11221 7424 11220 2789)
4(11222 2789 11220 7425)
4(924 7425 11220 7424)
4(924 7424 11221 4167)
4(924 4167 11222 7425)
4(1468 7424 11220 5399)
4(1468 7281 11221 7424)
4(1469 5400 11220 7425)
4(1469 7425 11222 7415)
4(9024 2790 11224 5398)
4(11224 2790 11223 5401)
4(11223 2790 9024 5402)
4(390 5401 11223 5402)
4(390 5398 11224 5401)
4(9024 7272 11208 2790)
4(12540 7274 9024 2790)
4(11223 2790 9135 7513)
4(12540 2790 11223 7514)
4(949 7514 11223 7513)
4(11224 2790 11208 7516)
4(11224 7518 9135 2790)
4(950 7518 11224 7516)
4(1465 7516 11224 5398)
4(1470 7513 11223 5401)
4(1470 5401 11224 7518)
4(1670 5402 11223 7514)
4(11225 2791 11217 5399)
4(11225 5401 11223 2791)
4(11217 2791 11223 5402)
4(390 5401 11225 5399)
4(11226 7282 11217 2791)
4(12539 2791 11217 7283)
4(882 7282 11226 4227)
4(11227 2791 11223 7513)
4(11223 2791 12539 7514)
4(949 4228 11227 7513)
4(11226 2791 11225 7526)
4(11227 7527 11225 2791)
4(953 7526 11225 7527)
4(953 4230 11226 7526)
4(953 7527 11227 4230)
4(1468 5399 11225 7526)
4(1468 7526 11226 7282)
4(1470 7527 11225 5401)
4(1470 7513 11227 7527)
4(11219 5398 11224 2792)
4(11219 2792 11228 5400)
4(11228 2792 11224 5401)
4(390 5400 11228 5401)
4(11213 7416 11219 2792)
4(11229 2792 11219 7418)
4(922 4303 11229 7418)
4(11213 2792 11224 7516)
4(11224 2792 11230 7518)
4(950 7518 11230 4304)
4(11229 7660 11228 2792)
4(11230 2792 11228 7661)
4(993 7661 11228 7660)
4(993 7660 11229 4306)
4(993 4306 11230 7661)
4(1469 7660 11228 5400)
4(1469 7418 11229 7660)
4(1470 5401 11228 7661)
4(1470 7661 11230 7518)
4(11220 2793 11225 5399)
4(11220 5400 11228 2793)
4(11225 2793 11228 5401)
4(11231 2793 11220 7424)
4(11220 2793 11232 7425)
4(924 4309 11231 7424)
4(924 7425 11232 4309)
4(11231 7526 11225 2793)
4(11233 2793 11225 7527)
4(953 7526 11231 4310)
4(953 4310 11233 7527)
4(11232 2793 11228 7660)
4(11228 2793 11233 7661)
4(993 4311 11232 7660)
4(993 7661 11233 4311)
4(1468 7424 11231 7526)
4(1469 7660 11232 7425)
4(1470 7527 11233 7661)
4(11234 2794 9027 5403)
4(11235 2794 11234 5405)
4(9027 2794 11235 5408)
4(391 5405 11234 5403)
4(391 5408 11235 5405)
4(9027 2794 10966 7275)
4(12568 2794 9027 7277)
4(11234 7289 10966 2794)
4(11234 2794 9031 7291)
4(884 7289 11234 7291)
4(11235 7292 9031 2794)
4(12568 7293 11235 2794)
4(885 7292 11235 7293)
4(1430 5403 11234 7289)
4(1471 7291 11234 5405)
4(1471 5405 11235 7292)
4(1680 7293 11235 5408)
4(9028 2795 11236 5403)
4(11237 2795 9028 5404)
4(11236 2795 11237 5406)
4(391 5403 11236 5406)
4(391 5406 11237 5404)
4(9028 7280 10969 2795)
4(9028 2795 11221 7281)
4(11236 2795 10969 7421)
4(11236 7423 9096 2795)
4(923 7423 11236 7421)
4(11237 7424 11221 2795)
4(11237 2795 9096 7426)
4(924 7424 11237 7426)
4(1430 7421 11236 5403)
4(1468 5404 11237 7424)
4(1472 5406 11236 7423)
4(1472 7426 11237 5406)
4(11234 5403 11236 2796)
4(11234 2796 11238 5405)
4(11238 2796 11236 5406)
4(391 5405 11238 5406)
4(10972 7289 11234 2796)
4(11239 2796 11234 7291)
4(884 4169 11239 7291)
4(10972 2796 11236 7421)
4(11236 2796 11240 7423)
4(923 7423 11240 4170)
4(11239 7432 11238 2796)
4(11240 2796 11238 7433)
4(926 7433 11238 7432)
4(926 7432 11239 4173)
4(926 4173 11240 7433)
4(1471 7432 11238 5405)
4(1471 7291 11239 7432)
4(1472 5406 11238 7433)
4(1472 7433 11240 7423)
4(9029 2797 11242 5404)
4(11242 2797 11241 5407)
4(11241 2797 9029 5408)
4(391 5407 11241 5408)
4(391 5404 11242 5407)
4(9029 7282 11226 2797)
4(12570 7284 9029 2797)
4(11241 2797 9140 7523)
4(12570 2797 11241 7524)
4(952 7524 11241 7523)
4(11242 2797 11226 7526)
4(11242 7528 9140 2797)
4(953 7528 11242 7526)
4(1468 7526 11242 5404)
4(1473 7523 11241 5407)
4(1473 5407 11242 7528)
4(1680 5408 11241 7524)
4(11243 2798 11235 5405)
4(11243 5407 11241 2798)
4(11235 2798 11241 5408)
4(391 5407 11243 5405)
4(11244 7292 11235 2798)
4(12569 2798 11235 7293)
4(885 7292 11244 4232)
4(11245 2798 11241 7523)
4(11241 2798 12569 7524)
4(952 4233 11245 7523)
4(11244 2798 11243 7536)
4(11245 7537 11243 2798)
4(956 7536 11243 7537)
4(956 4235 11244 7536)
4(956 7537 11245 4235)
4(1471 5405 11243 7536)
4(1471 7536 11244 7292)
4(1473 7537 11243 5407)
4(1473 7523 11245 7537)
4(11237 5404 11242 2799)
4(11237 2799 11246 5406)
4(11246 2799 11242 5407)
4(391 5406 11246 5407)
4(11231 7424 11237 2799)
4(11247 2799 11237 7426)
4(924 4309 11247 7426)
4(11231 2799 11242 7526)
4(11242 2799 11248 7528)
4(953 7528 11248 4310)
4(11247 7668 11246 2799)
4(11248 2799 11246 7669)
4(995 7669 11246 7668)
4(995 7668 11247 4312)
4(995 4312 11248 7669)
4(1472 7668 11246 5406)
4(1472 7426 11247 7668)
4(1473 5407 11246 7669)
4(1473 7669 11248 7528)
4(11238 2800 11243 5405)
4(11238 5406 11246 2800)
4(11243 2800 11246 5407)
4(11249 2800 11238 7432)
4(11238 2800 11250 7433)
4(926 4315 11249 7432)
4(926 7433 11250 4315)
4(11249 7536 11243 2800)
4(11251 2800 11243 7537)
4(956 7536 11249 4316)
4(956 4316 11251 7537)
4(11250 2800 11246 7668)
4(11246 2800 11251 7669)
4(995 4317 11250 7668)
4(995 7669 11251 4317)
4(1471 7432 11249 7536)
4(1472 7668 11250 7433)
4(1473 7537 11251 7669)
4(11252 2801 9032 5409)
4(11253 2801 11252 5411)
4(9032 2801 11253 5414)
4(392 5411 11252 5409)
4(392 5414 11253 5411)
4(9032 2801 10984 7285)
4(12598 2801 9032 7287)
4(11252 7299 10984 2801)
4(11252 2801 9036 7301)
4(887 7299 11252 7301)
4(11253 7302 9036 2801)
4(12598 7303 11253 2801)
4(888 7302 11253 7303)
4(1433 5409 11252 7299)
4(1474 7301 11252 5411)
4(1474 5411 11253 7302)
4(1690 7303 11253 5414)
4(9033 2802 11254 5409)
4(11255 2802 9033 5410)
4(11254 2802 11255 5412)
4(392 5409 11254 5412)
4(392 5412 11255 5410)
4(9033 7290 10987 2802)
4(9033 2802 11239 7291)
4(11254 2802 10987 7429)
4(11254 7431 9101 2802)
4(925 7431 11254 7429)
4(11255 7432 11239 2802)
4(11255 2802 9101 7434)
4(926 7432 11255 7434)
4(1433 7429 11254 5409)
4(1471 5410 11255 7432)
4(1475 5412 11254 7431)
4(1475 7434 11255 5412)
4(11252 5409 11254 2803)
4(11252 2803 11256 5411)
4(11256 2803 11254 5412)
4(392 5411 11256 5412)
4(10990 7299 11252 2803)
4(11257 2803 11252 7301)
4(887 4175 11257 7301)
4(10990 2803 11254 7429)
4(11254 2803 11258 7431)
4(925 7431 11258 4176)
4(11257 7440 11256 2803)
4(11258 2803 11256 7441)
4(928 7441 11256 7440)
4(928 7440 11257 4179)
4(928 4179 11258 7441)
4(1474 7440 11256 5411)
4(1474 7301 11257 7440)
4(1475 5412 11256 7441)
4(1475 7441 11258 7431)
4(9034 2804 11260 5410)
4(11260 2804 11259 5413)
4(11259 2804 9034 5414)
4(392 5413 11259 5414)
4(392 5410 11260 5413)
4(9034 7292 11244 2804)
4(12600 7294 9034 2804)
4(11259 2804 9145 7533)
4(12600 2804 11259 7534)
4(955 7534 11259 7533)
4(11260 2804 11244 7536)
4(11260 7538 9145 2804)
4(956 7538 11260 7536)
4(1471 7536 11260 5410)
4(1476 7533 11259 5413)
4(1476 5413 11260 7538)
4(1690 5414 11259 7534)
4(11261 2805 11253 5411)
4(11261 5413 11259 2805)
4(11253 2805 11259 5414)
4(392 5413 11261 5411)
4(11262 7302 11253 2805)
4(12599 2805 11253 7303)
4(888 7302 11262 4237)
4(11263 2805 11259 7533)
4(11259 2805 12599 7534)
4(955 4238 11263 7533)
4(11262 2805 11261 7546)
4(11263 7547 11261 2805)
4(959 7546 11261 7547)
4(959 4240 11262 7546)
4(959 7547 11263 4240)
4(1474 5411 11261 7546)
4(1474 7546 11262 7302)
4(1476 7547 11261 5413)
4(1476 7533 11263 7547)
4(11255 5410 11260 2806)
4(11255 2806 11264 5412)
4(11264 2806 11260 5413)
4(392 5412 11264 5413)
4(11249 7432 11255 2806)
4(11265 2806 11255 7434)
4(926 4315 11265 7434)
4(11249 2806 11260 7536)
4(11260 2806 11266 7538)
4(956 7538 11266 4316)
4(11265 7676 11264 2806)
4(11266 2806 11264 7677)
4(997 7677 11264 7676)
4(997 7676 11265 4318)
4(997 4318 11266 7677)
4(1475 7676 11264 5412)
4(1475 7434 11265 7676)
4(1476 5413 11264 7677)
4(1476 7677 11266 7538)
4(11256 2807 11261 5411)
4(11256 5412 11264 2807)
4(11261 2807 11264 5413)
4(11267 2807 11256 7440)
4(11256 2807 11268 7441)
4(928 4321 11267 7440)
4(928 7441 11268 4321)
4(11267 7546 11261 2807)
4(11269 2807 11261 7547)
4(959 7546 11267 4322)
4(959 4322 11269 7547)
4(11268 2807 11264 7676)
4(11264 2807 11269 7677)
4(997 4323 11268 7676)
4(997 7677 11269 4323)
4(1474 7440 11267 7546)
4(1475 7676 11268 7441)
4(1476 7547 11269 7677)
4(11270 2808 9037 5415)
4(11271 2808 11270 5417)
4(9037 2808 11271 5420)
4(393 5417 11270 5415)
4(393 5420 11271 5417)
4(9037 2808 11002 7295)
4(12628 2808 9037 7297)
4(11270 7309 11002 2808)
4(11270 2808 9041 7311)
4(890 7309 11270 7311)
4(11271 7312 9041 2808)
4(12628 7313 11271 2808)
4(891 7312 11271 7313)
4(1436 5415 11270 7309)
4(1477 7311 11270 5417)
4(1477 5417 11271 7312)
4(1700 7313 11271 5420)
4(9038 2809 11272 5415)
4(11273 2809 9038 5416)
4(11272 2809 11273 5418)
4(393 5415 11272 5418)
4(393 5418 11273 5416)
4(9038 7300 11005 2809)
4(9038 2809 11257 7301)
4(11272 2809 11005 7437)
4(11272 7439 9106 2809)
4(927 7439 11272 7437)
4(11273 7440 11257 2809)
4(11273 2809 9106 7442)
4(928 7440 11273 7442)
4(1436 7437 11272 5415)
4(1474 5416 11273 7440)
4(1478 5418 11272 7439)
4(1478 7442 11273 5418)
4(11270 5415 11272 2810)
4(11270 2810 11274 5417)
4(11274 2810 11272 5418)
4(393 5417 11274 5418)
4(11008 7309 11270 2810)
4(11275 2810 11270 7311)
4(890 4181 11275 7311)
4(11008 2810 11272 7437)
4(11272 2810 11276 7439)
4(927 7439 11276 4182)
4(11275 7447 11274 2810)
4(11276 2810 11274 7448)
4(930 7448 11274 7447)
4(930 7447 11275 4184)
4(1477 7447 11274 5417)
4(1477 7311 11275 7447)
4(1478 5418 11274 7448)
4(1478 7448 11276 7439)
4(9039 2811 11278 5416)
4(11278 2811 11277 5419)
4(11277 2811 9039 5420)
4(393 5419 11277 5420)
4(393 5416 11278 5419)
4(9039 7302 11262 2811)
4(12630 7304 9039 2811)
4(11277 2811 9150 7543)
4(12630 2811 11277 7544)
4(958 7544 11277 7543)
4(11278 2811 11262 7546)
4(11278 7548 9150 2811)
4(959 7548 11278 7546)
4(1474 7546 11278 5416)
4(1479 7543 11277 5419)
4(1479 5419 11278 7548)
4(1700 5420 11277 7544)
4(11279 2812 11271 5417)
4(11279 5419 11277 2812)
4(11271 2812 11277 5420)
4(393 5419 11279 5417)
4(11280 7312 11271 2812)
4(12629 2812 11271 7313)
4(891 7312 11280 4242)
4(11281 2812 11277 7543)
4(11277 2812 12629 7544)
4(958 4243 11281 7543)
4(11280 2812 11279 7556)
4(11281 7557 11279 2812)
4(962 7556 11279 7557)
4(962 4245 11280 7556)
4(962 7557 11281 4245)
4(1477 5417 11279 7556)
4(1477 7556 11280 7312)
4(1479 7557 11279 5419)
4(1479 7543 11281 7557)
4(11273 5416 11278 2813)
4(11273 2813 11282 5418)
4(11282 2813 11278 5419)
4(393 5418 11282 5419)
4(11267 7440 11273 2813)
4(11283 2813 11273 7442)
4(928 4321 11283 7442)
4(11267 2813 11278 7546)
4(11278 2813 11284 7548)
4(959 7548 11284 4322)
4(11283 7684 11282 2813)
4(11284 2813 11282 7685)
4(999 7685 11282 7684)
4(999 7684 11283 4324)
4(999 4324 11284 7685)
4(1478 7684 11282 5418)
4(1478 7442 11283 7684)
4(1479 5419 11282 7685)
4(1479 7685 11284 7548)
4(11274 2814 11279 5417)
4(11274 5418 11282 2814)
4(11279 2814 11282 5419)
4(11285 2814 11274 7447)
4(11274 2814 11286 7448)
4(930 4327 11285 7447)
4(11285 7556 11279 2814)
4(11287 2814 11279 7557)
4(962 7556 11285 4328)
4(962 4328 11287 7557)
4(11286 2814 11282 7684)
4(11282 2814 11287 7685)
4(999 4329 11286 7684)
4(999 7685 11287 4329)
4(1477 7447 11285 7556)
4(1478 7684 11286 7448)
4(1479 7557 11287 7685)
4(11288 2815 9042 5421)
4(11289 2815 11288 5423)
4(9042 2815 11289 5426)
4(394 5423 11288 5421)
4(394 5426 11289 5423)
4(9042 2815 11020 7305)
4(12658 2815 9042 7307)
4(11288 7319 11020 2815)
4(11288 2815 9046 7321)
4(893 7319 11288 7321)
4(11289 7322 9046 2815)
4(12658 7323 11289 2815)
4(894 7322 11289 7323)
4(1439 5421 11288 7319)
4(1480 7321 11288 5423)
4(1480 5423 11289 7322)
4(1710 7323 11289 5426)
4(9043 2816 11290 5421)
4(11291 2816 9043 5422)
4(11290 2816 11291 5424)
4(394 5421 11290 5424)
4(394 5424 11291 5422)
4(9043 7310 11023 2816)
4(9043 2816 11275 7311)
4(11290 2816 11023 7445)
4(11290 7446 9110 2816)
4(929 7446 11290 7445)
4(11291 7447 11275 2816)
4(11291 2816 9110 7449)
4(930 7447 11291 7449)
4(1439 7445 11290 5421)
4(1477 5422 11291 7447)
4(1481 5424 11290 7446)
4(1481 7449 11291 5424)
4(11288 5421 11290 2817)
4(11288 2817 11292 5423)
4(11292 2817 11290 5424)
4(394 5423 11292 5424)
4(11026 7319 11288 2817)
4(11293 2817 11288 7321)
4(893 4186 11293 7321)
4(11026 2817 11290 7445)
4(11290 2817 11294 7446)
4(11293 7453 11292 2817)
4(11294 2817 11292 7454)
4(932 7454 11292 7453)
4(932 7453 11293 4189)
4(1480 7453 11292 5423)
4(1480 7321 11293 7453)
4(1481 5424 11292 7454)
4(9044 2818 11296 5422)
4(11296 2818 11295 5425)
4(11295 2818 9044 5426)
4(394 5425 11295 5426)
4(394 5422 11296 5425)
4(9044 7312 11280 2818)
4(12660 7314 9044 2818)
4(11295 2818 9155 7553)
4(12660 2818 11295 7554)
4(961 7554 11295 7553)
4(11296 2818 11280 7556)
4(11296 7558 9155 2818)
4(962 7558 11296 7556)
4(1477 7556 11296 5422)
4(1482 7553 11295 5425)
4(1482 5425 11296 7558)
4(1710 5426 11295 7554)
4(11297 2819 11289 5423)
4(11297 5425 11295 2819)
4(11289 2819 11295 5426)
4(394 5425 11297 5423)
4(11298 7322 11289 2819)
4(12659 2819 11289 7323)
4(894 7322 11298 4247)
4(11299 2819 11295 7553)
4(11295 2819 12659 7554)
4(961 4248 11299 7553)
4(11298 2819 11297 7566)
4(11299 7567 11297 2819)
4(965 7566 11297 7567)
4(965 4250 11298 7566)
4(965 7567 11299 4250)
4(1480 5423 11297 7566)
4(1480 7566 11298 7322)
4(1482 7567 11297 5425)
4(1482 7553 11299 7567)
4(11291 5422 11296 2820)
4(11291 2820 11300 5424)
4(11300 2820 11296 5425)
4(394 5424 11300 5425)
4(11285 7447 11291 2820)
4(11301 2820 11291 7449)
4(11285 2820 11296 7556)
4(11296 2820 11302 7558)
4(962 7558 11302 4328)
4(11301 7692 11300 2820)
4(11302 2820 11300 7693)
4(1001 7693 11300 7692)
4(1001 4330 11302 7693)
4(1481 7692 11300 5424)
4(1482 5425 11300 7693)
4(1482 7693 11302 7558)
4(11292 2821 11297 5423)
4(11292 5424 11300 2821)
4(11297 2821 11300 5425)
4(11303 2821 11292 7453)
4(11292 2821 11304 7454)
4(932 4332 11303 7453)
4(11303 7566 11297 2821)
4(11305 2821 11297 7567)
4(965 7566 11303 4333)
4(965 4333 11305 7567)
4(11304 2821 11300 7692)
4(11300 2821 11305 7693)
4(1001 7693 11305 4334)
4(1480 7453 11303 7566)
4(1482 7567 11305 7693)
4(11306 2822 9047 5427)
4(11307 2822 11306 5429)
4(9047 2822 11307 5432)
4(395 5429 11306 5427)
4(395 5432 11307 5429)
4(9047 2822 11038 7315)
4(12688 2822 9047 7317)
4(11306 7329 11038 2822)
4(11306 2822 9051 7331)
4(896 7329 11306 7331)
4(11307 7332 9051 2822)
4(12688 7333 11307 2822)
4(897 7332 11307 7333)
4(1442 5427 11306 7329)
4(1483 7331 11306 5429)
4(1483 5429 11307 7332)
4(1720 7333 11307 5432)
4(9048 2823 11308 5427)
4(11309 2823 9048 5428)
4(11308 2823 11309 5430)
4(395 5427 11308 5430)
4(395 5430 11309 5428)
4(9048 7320 11041 2823)
4(9048 2823 11293 7321)
4(11308 2823 11041 7451)
4(11308 7452 9111 2823)
4(931 7452 11308 7451)
4(11309 7453 11293 2823)
4(11309 2823 9111 7455)
4(932 7453 11309 7455)
4(1442 7451 11308 5427)
4(1480 5428 11309 7453)
4(1484 5430 11308 7452)
4(1484 7455 11309 5430)
4(11306 5427 11308 2824)
4(11306 2824 11310 5429)
4(11310 2824 11308 5430)
4(395 5429 11310 5430)
4(11044 7329 11306 2824)
4(11311 2824 11306 7331)
4(896 4191 11311 7331)
4(11044 2824 11308 7451)
4(11308 2824 11312 7452)
4(11311 7459 11310 2824)
4(11312 2824 11310 7460)
4(934 7460 11310 7459)
4(934 7459 11311 4194)
4(1483 7459 11310 5429)
4(1483 7331 11311 7459)
4(1484 5430 11310 7460)
4(9049 2825 11314 5428)
4(11314 2825 11313 5431)
4(11313 2825 9049 5432)
4(395 5431 11313 5432)
4(395 5428 11314 5431)
4(9049 7322 11298 2825)
4(12690 7324 9049 2825)
4(11313 2825 9160 7563)
4(12690 2825 11313 7564)
4(964 7564 11313 7563)
4(11314 2825 11298 7566)
4(11314 7568 9160 2825)
4(965 7568 11314 7566)
4(1480 7566 11314 5428)
4(1485 7563 11313 5431)
4(1485 5431 11314 7568)
4(1720 5432 11313 7564)
4(11315 2826 11307 5429)
4(11315 5431 11313 2826)
4(11307 2826 11313 5432)
4(395 5431 11315 5429)
4(11316 7332 11307 2826)
4(12689 2826 11307 7333)
4(897 7332 11316 4252)
4(11317 2826 11313 7563)
4(11313 2826 12689 7564)
4(964 4253 11317 7563)
4(11316 2826 11315 7576)
4(11317 7577 11315 2826)
4(968 7576 11315 7577)
4(968 4255 11316 7576)
4(968 7577 11317 4255)
4(1483 5429 11315 7576)
4(1483 7576 11316 7332)
4(1485 7577 11315 5431)
4(1485 7563 11317 7577)
4(11309 5428 11314 2827)
4(11309 2827 11318 5430)
4(11318 2827 11314 5431)
4(395 5430 11318 5431)
4(11303 7453 11309 2827)
4(11319 2827 11309 7455)
4(11303 2827 11314 7566)
4(11314 2827 11320 7568)
4(965 7568 11320 4333)
4(11319 7698 11318 2827)
4(11320 2827 11318 7699)
4(1003 7699 11318 7698)
4(1003 4335 11320 7699)
4(1484 7698 11318 5430)
4(1485 5431 11318 7699)
4(1485 7699 11320 7568)
4(11310 2828 11315 5429)
4(11310 5430 11318 2828)
4(11315 2828 11318 5431)
4(11321 2828 11310 7459)
4(11310 2828 11322 7460)
4(934 4337 11321 7459)
4(11321 7576 11315 2828)
4(11323 2828 11315 7577)
4(968 7576 11321 4338)
4(968 4338 11323 7577)
4(11322 2828 11318 7698)
4(11318 2828 11323 7699)
4(1003 7699 11323 4339)
4(1483 7459 11321 7576)
4(1485 7577 11323 7699)
4(11324 2829 9052 5433)
4(11325 2829 11324 5435)
4(9052 2829 11325 5438)
4(396 5435 11324 5433)
4(396 5438 11325 5435)
4(9052 2829 11056 7325)
4(12718 2829 9052 7327)
4(11324 7339 11056 2829)
4(11324 2829 9056 7341)
4(899 7339 11324 7341)
4(11325 7342 9056 2829)
4(12718 7343 11325 2829)
4(900 7342 11325 7343)
4(1445 5433 11324 7339)
4(1486 7341 11324 5435)
4(1486 5435 11325 7342)
4(1730 7343 11325 5438)
4(9053 2830 11326 5433)
4(11327 2830 9053 5434)
4(11326 2830 11327 5436)
4(396 5433 11326 5436)
4(396 5436 11327 5434)
4(9053 7330 11059 2830)
4(9053 2830 11311 7331)
4(11326 2830 11059 7457)
4(11326 7458 9112 2830)
4(933 7458 11326 7457)
4(11327 7459 11311 2830)
4(11327 2830 9112 7461)
4(934 7459 11327 7461)
4(1445 7457 11326 5433)
4(1483 5434 11327 7459)
4(1487 5436 11326 7458)
4(1487 7461 11327 5436)
4(11324 5433 11326 2831)
4(11324 2831 11328 5435)
4(11328 2831 11326 5436)
4(396 5435 11328 5436)
4(11062 7339 11324 2831)
4(11329 2831 11324 7341)
4(899 4196 11329 7341)
4(11062 2831 11326 7457)
4(11326 2831 11330 7458)
4(11329 7463 11328 2831)
4(11330 2831 11328 7464)
4(935 7464 11328 7463)
4(935 7463 11329 4199)
4(1486 7463 11328 5435)
4(1486 7341 11329 7463)
4(1487 5436 11328 7464)
4(9054 2832 11332 5434)
4(11332 2832 11331 5437)
4(11331 2832 9054 5438)
4(396 5437 11331 5438)
4(396 5434 11332 5437)
4(9054 7332 11316 2832)
4(12720 7334 9054 2832)
4(11331 2832 9165 7573)
4(12720 2832 11331 7574)
4(967 7574 11331 7573)
4(11332 2832 11316 7576)
4(11332 7578 9165 2832)
4(968 7578 11332 7576)
4(1483 7576 11332 5434)
4(1488 7573 11331 5437)
4(1488 5437 11332 7578)
4(1730 5438 11331 7574)
4(11333 2833 11325 5435)
4(11333 5437 11331 2833)
4(11325 2833 11331 5438)
4(396 5437 11333 5435)
4(11334 7342 11325 2833)
4(12719 2833 11325 7343)
4(900 7342 11334 4257)
4(11335 2833 11331 7573)
4(11331 2833 12719 7574)
4(967 4258 11335 7573)
4(11334 2833 11333 7586)
4(11335 7587 11333 2833)
4(971 7586 11333 7587)
4(971 4260 11334 7586)
4(971 7587 11335 4260)
4(1486 5435 11333 7586)
4(1486 7586 11334 7342)
4(1488 7587 11333 5437)
4(1488 7573 11335 7587)
4(11327 5434 11332 2834)
4(11327 2834 11336 5436)
4(11336 2834 11332 5437)
4(396 5436 11336 5437)
4(11321 7459 11327 2834)
4(11337 2834 11327 7461)
4(11321 2834 11332 7576)
4(11332 2834 11338 7578)
4(968 7578 11338 4338)
4(11337 7704 11336 2834)
4(11338 2834 11336 7705)
4(1005 7705 11336 7704)
4(1005 4340 11338 7705)
4(1487 7704 11336 5436)
4(1488 5437 11336 7705)
4(1488 7705 11338 7578)
4(11328 2835 11333 5435)
4(11328 5436 11336 2835)
4(11333 2835 11336 5437)
4(11339 2835 11328 7463)
4(11328 2835 11340 7464)
4(935 4342 11339 7463)
4(11339 7586 11333 2835)
4(11341 2835 11333 7587)
4(971 7586 11339 4343)
4(971 4343 11341 7587)
4(11340 2835 11336 7704)
4(11336 2835 11341 7705)
4(1005 7705 11341 4344)
4(1486 7463 11339 7586)
4(1488 7587 11341 7705)
4(11342 2836 9057 5439)
4(11343 2836 11342 5441)
4(9057 2836 11343 5444)
4(397 5441 11342 5439)
4(397 5444 11343 5441)
4(9057 2836 11073 7335)
4(12748 2836 9057 7337)
4(11342 7349 11073 2836)
4(11342 2836 9061 7351)
4(902 7349 11342 7351)
4(11343 7352 9061 2836)
4(12748 7353 11343 2836)
4(903 7352 11343 7353)
4(1447 5439 11342 7349)
4(1489 7351 11342 5441)
4(1489 5441 11343 7352)
4(1740 7353 11343 5444)
4(9058 2837 11344 5439)
4(11345 2837 9058 5440)
4(11344 2837 11345 5442)
4(397 5439 11344 5442)
4(397 5442 11345 5440)
4(9058 7340 11076 2837)
4(9058 2837 11329 7341)
4(11344 2837 11076 7462)
3(11344 9113 2837)
4(11345 7463 11329 2837)
4(11345 2837 9113 7465)
4(935 7463 11345 7465)
4(1447 7462 11344 5439)
4(1486 5440 11345 7463)
3(7465 11345 5442)
4(11342 5439 11344 2838)
4(11342 2838 11346 5441)
4(397 5441 11346 5442)
4(11078 7349 11342 2838)
4(11347 2838 11342 7351)
4(902 4200 11347 7351)
4(1489 7467 11346 5441)
4(1489 7351 11347 7467)
4(9059 2839 11349 5440)
4(11349 2839 11348 5443)
4(11348 2839 9059 5444)
4(397 5443 11348 5444)
4(397 5440 11349 5443)
4(9059 7342 11334 2839)
4(12750 7344 9059 2839)
4(11348 2839 9170 7583)
4(12750 2839 11348 7584)
4(970 7584 11348 7583)
4(11349 2839 11334 7586)
4(11349 7588 9170 2839)
4(971 7588 11349 7586)
4(1486 7586 11349 5440)
4(1490 7583 11348 5443)
4(1490 5443 11349 7588)
4(1740 5444 11348 7584)
4(11350 2840 11343 5441)
4(11350 5443 11348 2840)
4(11343 2840 11348 5444)
4(397 5443 11350 5441)
4(11351 7352 11343 2840)
4(12749 2840 11343 7353)
4(903 7352 11351 4262)
4(11352 2840 11348 7583)
4(11348 2840 12749 7584)
4(970 4263 11352 7583)
4(11351 2840 11350 7596)
4(11352 7597 11350 2840)
4(974 7596 11350 7597)
4(974 4265 11351 7596)
4(974 7597 11352 4265)
4(1489 5441 11350 7596)
4(1489 7596 11351 7352)
4(1490 7597 11350 5443)
4(1490 7583 11352 7597)
4(11345 5440 11349 2841)
4(11345 2841 11353 5442)
4(11353 2841 11349 5443)
4(397 5442 11353 5443)
4(11339 7463 11345 2841)
4(11354 2841 11345 7465)
4(11339 2841 11349 7586)
4(11349 2841 11355 7588)
4(971 7588 11355 4343)
3(11354 11353 2841)
4(11355 2841 11353 7710)
3(4345 11355 7710)
4(1490 5443 11353 7710)
4(1490 7710 11355 7588)
4(11346 2842 11350 5441)
4(11350 2842 11353 5443)
4(11356 7596 11350 2842)
4(11357 2842 11350 7597)
4(974 7596 11356 4347)
4(974 4347 11357 7597)
4(1489 7467 11356 7596)
4(1490 7597 11357 7710)
4(11358 2843 9062 5445)
4(11359 2843 11358 5447)
4(9062 2843 11359 5450)
4(398 5447 11358 5445)
4(398 5450 11359 5447)
4(9062 2843 11089 7345)
4(12778 2843 9062 7347)
4(11358 7359 11089 2843)
4(11358 2843 9066 7361)
4(905 7359 11358 7361)
4(11359 7362 9066 2843)
4(12778 7363 11359 2843)
4(906 7362 11359 7363)
4(1449 5445 11358 7359)
4(1491 7361 11358 5447)
4(1491 5447 11359 7362)
4(1750 7363 11359 5450)
4(9063 2844 11360 5445)
4(11361 2844 9063 5446)
4(398 5445 11360 5448)
4(398 5448 11361 5446)
4(9063 7350 11091 2844)
4(9063 2844 11347 7351)
4(1449 7466 11360 5445)
4(1489 5446 11361 7467)
4(11358 5445 11360 2845)
4(11358 2845 11362 5447)
4(398 5447 11362 5448)
4(11093 7359 11358 2845)
4(11363 2845 11358 7361)
4(905 4201 11363 7361)
4(1491 7469 11362 5447)
4(1491 7361 11363 7469)
4(9064 2846 11365 5446)
4(11365 2846 11364 5449)
4(11364 2846 9064 5450)
4(398 5449 11364 5450)
4(398 5446 11365 5449)
4(9064 7352 11351 2846)
4(12780 7354 9064 2846)
4(11364 2846 9175 7593)
4(12780 2846 11364 7594)
4(973 7594 11364 7593)
4(11365 2846 11351 7596)
4(11365 7598 9175 2846)
4(974 7598 11365 7596)
4(1489 7596 11365 5446)
4(1492 7593 11364 5449)
4(1492 5449 11365 7598)
4(1750 5450 11364 7594)
4(11366 2847 11359 5447)
4(11366 5449 11364 2847)
4(11359 2847 11364 5450)
4(398 5449 11366 5447)
4(11367 7362 11359 2847)
4(12779 2847 11359 7363)
4(906 7362 11367 4267)
4(11368 2847 11364 7593)
4(11364 2847 12779 7594)
4(973 4268 11368 7593)
4(11367 2847 11366 7606)
4(11368 7607 11366 2847)
4(977 7606 11366 7607)
4(977 4270 11367 7606)
4(977 7607 11368 4270)
4(1491 5447 11366 7606)
4(1491 7606 11367 7362)
4(1492 7607 11366 5449)
4(1492 7593 11368 7607)
4(11361 5446 11365 2848)
4(11369 2848 11365 5449)
4(398 5448 11369 5449)
4(11356 2848 11365 7596)
4(11365 2848 11370 7598)
4(974 7598 11370 4347)
4(1492 5449 11369 7714)
4(1492 7714 11370 7598)
4(11362 2849 11366 5447)
4(11366 2849 11369 5449)
4(11371 7606 11366 2849)
4(11372 2849 11366 7607)
4(977 7606 11371 4348)
4(977 4348 11372 7607)
4(1491 7469 11371 7606)
4(1492 7607 11372 7714)
4(11373 2850 9067 5451)
4(11374 2850 11373 5453)
4(9067 2850 11374 5456)
4(399 5453 11373 5451)
4(399 5456 11374 5453)
4(9067 2850 11103 7355)
4(12808 2850 9067 7357)
4(11373 7369 11103 2850)
4(11373 2850 9071 7371)
4(908 7369 11373 7371)
4(11374 7372 9071 2850)
4(12808 7373 11374 2850)
4(909 7372 11374 7373)
4(1451 5451 11373 7369)
4(1493 7371 11373 5453)
4(1493 5453 11374 7372)
4(1760 7373 11374 5456)
4(9068 2851 11375 5451)
4(11376 2851 9068 5452)
4(399 5451 11375 5454)
4(399 5454 11376 5452)
4(9068 7360 11105 2851)
4(9068 2851 11363 7361)
4(1451 7468 11375 5451)
4(1491 5452 11376 7469)
4(11373 5451 11375 2852)
4(11373 2852 11377 5453)
4(399 5453 11377 5454)
4(11106 7369 11373 2852)
3(2852 11373 7371)
3(1493 11377 5453)
4(9069 2853 11379 5452)
4(11379 2853 11378 5455)
4(11378 2853 9069 5456)
4(399 5455 11378 5456)
4(399 5452 11379 5455)
4(9069 7362 11367 2853)
4(12810 7364 9069 2853)
4(11378 2853 9180 7603)
4(12810 2853 11378 7604)
4(976 7604 11378 7603)
4(11379 2853 11367 7606)
4(11379 7608 9180 2853)
4(977 7608 11379 7606)
4(1491 7606 11379 5452)
4(1494 7603 11378 5455)
4(1494 5455 11379 7608)
4(1760 5456 11378 7604)
4(11380 2854 11374 5453)
4(11380 5455 11378 2854)
4(11374 2854 11378 5456)
4(399 5455 11380 5453)
4(11381 7372 11374 2854)
4(12809 2854 11374 7373)
4(909 7372 11381 4272)
4(11382 2854 11378 7603)
4(11378 2854 12809 7604)
4(976 4273 11382 7603)
4(11381 2854 11380 7616)
4(11382 7617 11380 2854)
4(980 7616 11380 7617)
4(980 4275 11381 7616)
4(980 7617 11382 4275)
4(1493 5453 11380 7616)
4(1493 7616 11381 7372)
4(1494 7617 11380 5455)
4(1494 7603 11382 7617)
4(11376 5452 11379 2855)
4(11383 2855 11379 5455)
4(399 5454 11383 5455)
4(11371 2855 11379 7606)
4(11379 2855 11384 7608)
4(977 7608 11384 4348)
4(1494 5455 11383 7716)
4(1494 7716 11384 7608)
4(11377 2856 11380 5453)
4(11380 2856 11383 5455)
3(7616 11380 2856)
4(11385 2856 11380 7617)
3(980 11385 7617)
4(1494 7617 11385 7716)
4(11386 2857 9072 5457)
4(11387 2857 11386 5459)
4(9072 2857 11387 5461)
4(400 5461 11387 5459)
4(9072 2857 11113 7365)
4(12838 2857 9072 7367)
4(11386 7379 11113 2857)
4(11386 2857 9076 7381)
4(11387 7382 9076 2857)
4(12838 7383 11387 2857)
4(912 7382 11387 7383)
4(1495 5459 11387 7382)
4(1770 7383 11387 5461)
4(9074 2858 11389 5458)
4(11389 2858 11388 5460)
4(11388 2858 9074 5461)
4(400 5460 11388 5461)
4(9074 7372 11381 2858)
4(12840 7374 9074 2858)
4(11388 2858 9185 7613)
4(12840 2858 11388 7614)
4(979 7614 11388 7613)
4(11389 2858 11381 7616)
4(11389 7618 9185 2858)
4(1496 7613 11388 5460)
4(1770 5461 11388 7614)
4(11390 2859 11387 5459)
4(11390 5460 11388 2859)
4(11387 2859 11388 5461)
4(11391 7382 11387 2859)
4(12839 2859 11387 7383)
4(912 7382 11391 4277)
4(11392 2859 11388 7613)
4(11388 2859 12839 7614)
4(979 4278 11392 7613)
4(11391 2859 11390 7626)
4(11392 7627 11390 2859)
4(983 4280 11391 7626)
4(983 7627 11392 4280)
4(1495 7626 11391 7382)
4(1496 7613 11392 7627)
4(11393 2860 9077 5462)
4(11394 2860 11393 5464)
4(9077 2860 11394 5466)
4(401 5466 11394 5464)
4(9077 2860 11120 7375)
4(12868 2860 9077 7377)
4(11393 7386 11120 2860)
4(11393 2860 9081 7387)
4(11394 7388 9081 2860)
4(12868 7389 11394 2860)
4(914 7388 11394 7389)
4(1497 5464 11394 7388)
4(1780 7389 11394 5466)
4(9079 2861 11396 5463)
4(11396 2861 11395 5465)
4(11395 2861 9079 5466)
4(401 5465 11395 5466)
4(9079 7382 11391 2861)
4(12870 7384 9079 2861)
4(11395 2861 9190 7623)
4(12870 2861 11395 7624)
4(982 7624 11395 7623)
4(11396 2861 11391 7626)
4(11396 7628 9190 2861)
4(1498 7623 11395 5465)
4(1780 5466 11395 7624)
4(11397 2862 11394 5464)
4(11397 5465 11395 2862)
4(11394 2862 11395 5466)
4(11398 7388 11394 2862)
4(12869 2862 11394 7389)
4(914 7388 11398 4282)
4(11399 2862 11395 7623)
4(11395 2862 12869 7624)
4(982 4283 11399 7623)
4(11398 2862 11397 7633)
4(11399 7634 11397 2862)
4(985 4285 11398 7633)
4(985 7634 11399 4285)
4(1497 7633 11398 7388)
4(1498 7623 11399 7634)
4(9082 7388 11398 2863)
3(2863 11398 7633)
3(920 7411 7409)
4(920 7411 11400 4297)
4(9088 7407 11204 2864)
4(11401 2864 11204 7417)
4(922 7419 11401 7417)
4(1466 7417 11401 5467)
4(9089 2865 11211 7410)
4(11402 7652 11211 2865)
4(991 7652 11402 7654)
4(1466 5467 11402 7652)
4(11214 2866 11401 7417)
4(922 7419 11403 4303)
4(11214 7652 11402 2866)
4(991 4305 11404 7654)
4(9093 7415 11222 2867)
4(11405 2867 11222 7425)
4(924 7427 11405 7425)
4(1469 7425 11405 5468)
4(9094 2868 11229 7418)
4(11406 7660 11229 2868)
4(993 7660 11406 7662)
4(1469 5468 11406 7660)
4(11232 2869 11405 7425)
4(924 7427 11407 4309)
4(11232 7660 11406 2869)
4(993 4311 11408 7662)
4(9098 7423 11240 2870)
4(11409 2870 11240 7433)
4(926 7435 11409 7433)
4(1472 7433 11409 5469)
4(9099 2871 11247 7426)
4(11410 7668 11247 2871)
4(995 7668 11410 7670)
4(1472 5469 11410 7668)
4(11250 2872 11409 7433)
4(926 7435 11411 4315)
4(11250 7668 11410 2872)
4(995 4317 11412 7670)
4(9103 7431 11258 2873)
4(11413 2873 11258 7441)
4(928 7443 11413 7441)
4(1475 7441 11413 5470)
4(9104 2874 11265 7434)
4(11414 7676 11265 2874)
4(997 7676 11414 7678)
4(1475 5470 11414 7676)
4(11268 2875 11413 7441)
4(928 7443 11415 4321)
4(11268 7676 11414 2875)
4(997 4323 11416 7678)
3(9108 7439 11276)
3(1478 7448 5471)
4(9109 2876 11283 7442)
4(11417 7684 11283 2876)
4(999 7684 11417 7686)
4(1478 5471 11417 7684)
3(11286 7684 11417)
3(999 4329 7686)
3(11418 2877 9114)
4(11419 2877 11418 5472)
4(9114 2877 11419 5473)
3(5473 11419 5472)
4(9114 2877 11145 7470)
4(12394 2877 9114 7472)
4(11418 7477 11145 2877)
4(11418 2877 9116 7479)
4(938 7477 11418 7479)
4(11419 7480 9116 2877)
4(12394 7481 11419 2877)
4(939 7480 11419 7481)
4(1499 7479 11418 5472)
4(1499 5472 11419 7480)
4(1621 7481 11419 5473)
3(11420 11418 7479)
4(938 4287 11420 7479)
3(1499 7640 5472)
4(1499 7479 11420 7640)
4(11422 2878 11419 5472)
3(11422 11421 2878)
4(11419 2878 11421 5473)
4(11423 7480 11419 2878)
4(12395 2878 11419 7481)
4(939 7480 11423 4349)
4(11424 2878 11421 7718)
4(11421 2878 12395 7719)
4(1008 4350 11424 7718)
4(11423 2878 11422 7724)
4(11424 7725 11422 2878)
4(1010 7724 11422 7725)
4(1010 4352 11423 7724)
4(1010 7725 11424 4352)
4(1499 5472 11422 7724)
4(1499 7724 11423 7480)
3(7718 11424 7725)
3(11425 7724 11422)
4(1010 7724 11425 4434)
3(1010 4434 7725)
4(1499 7640 11425 7724)
4(11426 2879 9117 5474)
4(11427 2879 11426 5476)
4(9117 2879 11427 5479)
4(402 5476 11426 5474)
4(402 5479 11427 5476)
4(9117 2879 11157 7473)
4(12421 2879 9117 7475)
4(11426 7487 11157 2879)
4(11426 2879 9121 7489)
4(941 7487 11426 7489)
4(11427 7490 9121 2879)
4(12421 7491 11427 2879)
4(942 7490 11427 7491)
4(1458 5474 11426 7487)
4(1500 7489 11426 5476)
4(1500 5476 11427 7490)
4(1631 7491 11427 5479)
4(9118 2880 11428 5474)
4(11429 2880 9118 5475)
4(402 5474 11428 5477)
4(402 5477 11429 5475)
4(9118 7478 11159 2880)
4(9118 2880 11420 7479)
4(1458 7639 11428 5474)
4(1499 5475 11429 7640)
4(11426 5474 11428 2881)
4(11426 2881 11430 5476)
4(402 5476 11430 5477)
4(11161 7487 11426 2881)
4(11431 2881 11426 7489)
4(941 4289 11431 7489)
4(11431 7644 11430 2881)
3(988 11430 7644)
4(988 7644 11431 4291)
4(1500 7644 11430 5476)
4(1500 7489 11431 7644)
4(9119 2882 11433 5475)
4(11433 2882 11432 5478)
4(11432 2882 9119 5479)
4(402 5478 11432 5479)
4(402 5475 11433 5478)
4(9119 7480 11423 2882)
4(12423 7482 9119 2882)
4(11432 2882 9230 7721)
4(12423 2882 11432 7722)
4(1009 7722 11432 7721)
4(11433 2882 11423 7724)
4(11433 7726 9230 2882)
4(1010 7726 11433 7724)
4(1499 7724 11433 5475)
4(1501 7721 11432 5478)
4(1501 5478 11433 7726)
4(1631 5479 11432 7722)
4(11434 2883 11427 5476)
4(11434 5478 11432 2883)
4(11427 2883 11432 5479)
4(402 5478 11434 5476)
4(11435 7490 11427 2883)
4(12422 2883 11427 7491)
4(942 7490 11435 4354)
4(11436 2883 11432 7721)
4(11432 2883 12422 7722)
4(1009 4355 11436 7721)
4(11435 2883 11434 7734)
4(11436 7735 11434 2883)
4(1013 7734 11434 7735)
4(1013 4357 11435 7734)
4(1013 7735 11436 4357)
4(1500 5476 11434 7734)
4(1500 7734 11435 7490)
4(1501 7735 11434 5478)
4(1501 7721 11436 7735)
4(11429 5475 11433 2884)
4(11437 2884 11433 5478)
4(402 5477 11437 5478)
4(11425 2884 11433 7724)
4(11433 2884 11438 7726)
4(1010 7726 11438 4434)
4(1501 5478 11437 7887)
4(1501 7887 11438 7726)
4(11430 2885 11434 5476)
4(11434 2885 11437 5478)
4(11439 2885 11430 7644)
4(988 4435 11439 7644)
4(11439 7734 11434 2885)
4(11440 2885 11434 7735)
4(1013 7734 11439 4436)
4(1013 4436 11440 7735)
4(1500 7644 11439 7734)
4(1501 7735 11440 7887)
4(11441 2886 9122 5480)
4(11442 2886 11441 5482)
4(9122 2886 11442 5485)
4(403 5482 11441 5480)
4(403 5485 11442 5482)
4(9122 2886 11173 7483)
4(12451 2886 9122 7485)
4(11441 7497 11173 2886)
4(11441 2886 9126 7499)
4(944 7497 11441 7499)
4(11442 7500 9126 2886)
4(12451 7501 11442 2886)
4(945 7500 11442 7501)
4(1461 5480 11441 7497)
4(1502 7499 11441 5482)
4(1502 5482 11442 7500)
4(1641 7501 11442 5485)
4(9123 2887 11443 5480)
4(11444 2887 9123 5481)
4(11443 2887 11444 5483)
4(403 5480 11443 5483)
4(403 5483 11444 5481)
4(9123 7488 11176 2887)
4(9123 2887 11431 7489)
4(11443 2887 11176 7642)
4(11443 7643 9198 2887)
4(987 7643 11443 7642)
4(11444 7644 11431 2887)
4(11444 2887 9198 7645)
4(988 7644 11444 7645)
4(1461 7642 11443 5480)
4(1500 5481 11444 7644)
4(1503 5483 11443 7643)
4(1503 7645 11444 5483)
4(11441 5480 11443 2888)
4(11441 2888 11445 5482)
4(11445 2888 11443 5483)
4(403 5482 11445 5483)
4(11179 7497 11441 2888)
4(11446 2888 11441 7499)
4(944 4293 11446 7499)
4(11179 2888 11443 7642)
4(11443 2888 11447 7643)
4(11446 7649 11445 2888)
4(11447 2888 11445 7650)
4(990 7650 11445 7649)
4(990 7649 11446 4296)
4(1502 7649 11445 5482)
4(1502 7499 11446 7649)
4(1503 5483 11445 7650)
4(9124 2889 11449 5481)
4(11449 2889 11448 5484)
4(11448 2889 9124 5485)
4(403 5484 11448 5485)
4(403 5481 11449 5484)
4(9124 7490 11435 2889)
4(12453 7492 9124 2889)
4(11448 2889 9235 7731)
4(12453 2889 11448 7732)
4(1012 7732 11448 7731)
4(11449 2889 11435 7734)
4(11449 7736 9235 2889)
4(1013 7736 11449 7734)
4(1500 7734 11449 5481)
4(1504 7731 11448 5484)
4(1504 5484 11449 7736)
4(1641 5485 11448 7732)
4(11450 2890 11442 5482)
4(11450 5484 11448 2890)
4(11442 2890 11448 5485)
4(403 5484 11450 5482)
4(11451 7500 11442 2890)
4(12452 2890 11442 7501)
4(945 7500 11451 4359)
4(11452 2890 11448 7731)
4(11448 2890 12452 7732)
4(1012 4360 11452 7731)
4(11451 2890 11450 7744)
4(11452 7745 11450 2890)
4(1016 7744 11450 7745)
4(1016 4362 11451 7744)
4(1016 7745 11452 4362)
4(1502 5482 11450 7744)
4(1502 7744 11451 7500)
4(1504 7745 11450 5484)
4(1504 7731 11452 7745)
4(11444 5481 11449 2891)
4(11444 2891 11453 5483)
4(11453 2891 11449 5484)
4(403 5483 11453 5484)
4(11439 7644 11444 2891)
4(11454 2891 11444 7645)
4(11439 2891 11449 7734)
4(11449 2891 11455 7736)
4(1013 7736 11455 4436)
4(11454 7889 11453 2891)
4(11455 2891 11453 7890)
4(1059 7890 11453 7889)
4(1059 4437 11455 7890)
4(1503 7889 11453 5483)
4(1504 5484 11453 7890)
4(1504 7890 11455 7736)
4(11445 2892 11450 5482)
4(11445 5483 11453 2892)
4(11450 2892 11453 5484)
4(11456 2892 11445 7649)
4(11445 2892 11457 7650)
4(990 4439 11456 7649)
4(11456 7744 11450 2892)
4(11458 2892 11450 7745)
4(1016 7744 11456 4440)
4(1016 4440 11458 7745)
4(11457 2892 11453 7889)
4(11453 2892 11458 7890)
4(1059 7890 11458 4441)
4(1502 7649 11456 7744)
4(1504 7745 11458 7890)
4(11459 2893 9127 5486)
4(11460 2893 11459 5488)
4(9127 2893 11460 5491)
4(404 5488 11459 5486)
4(404 5491 11460 5488)
4(9127 2893 11191 7493)
4(12481 2893 9127 7495)
4(11459 7507 11191 2893)
4(11459 2893 9131 7509)
4(947 7507 11459 7509)
4(11460 7510 9131 2893)
4(12481 7511 11460 2893)
4(948 7510 11460 7511)
4(1464 5486 11459 7507)
4(1505 7509 11459 5488)
4(1505 5488 11460 7510)
4(1651 7511 11460 5491)
4(9128 2894 11461 5486)
4(11462 2894 9128 5487)
4(11461 2894 11462 5489)
4(404 5486 11461 5489)
4(404 5489 11462 5487)
4(9128 7498 11194 2894)
4(9128 2894 11446 7499)
4(11461 2894 11194 7647)
4(11461 7648 9199 2894)
4(989 7648 11461 7647)
4(11462 7649 11446 2894)
4(11462 2894 9199 7651)
4(990 7649 11462 7651)
4(1464 7647 11461 5486)
4(1502 5487 11462 7649)
4(1506 5489 11461 7648)
4(1506 7651 11462 5489)
4(11459 5486 11461 2895)
4(11459 2895 11463 5488)
4(11463 2895 11461 5489)
4(404 5488 11463 5489)
4(11197 7507 11459 2895)
4(11464 2895 11459 7509)
4(947 4298 11464 7509)
4(11197 2895 11461 7647)
4(11461 2895 11465 7648)
4(11464 7656 11463 2895)
4(11465 2895 11463 7657)
4(992 7657 11463 7656)
4(992 7656 11464 4302)
4(992 4302 11465 7657)
4(1505 7656 11463 5488)
4(1505 7509 11464 7656)
4(1506 5489 11463 7657)
4(9129 2896 11467 5487)
4(11467 2896 11466 5490)
4(11466 2896 9129 5491)
4(404 5490 11466 5491)
4(404 5487 11467 5490)
4(9129 7500 11451 2896)
4(12483 7502 9129 2896)
4(11466 2896 9240 7741)
4(12483 2896 11466 7742)
4(1015 7742 11466 7741)
4(11467 2896 11451 7744)
4(11467 7746 9240 2896)
4(1016 7746 11467 7744)
4(1502 7744 11467 5487)
4(1507 7741 11466 5490)
4(1507 5490 11467 7746)
4(1651 5491 11466 7742)
4(11468 2897 11460 5488)
4(11468 5490 11466 2897)
4(11460 2897 11466 5491)
4(404 5490 11468 5488)
4(11469 7510 11460 2897)
4(12482 2897 11460 7511)
4(948 7510 11469 4364)
4(11470 2897 11466 7741)
4(11466 2897 12482 7742)
4(1015 4365 11470 7741)
4(11469 2897 11468 7754)
4(11470 7755 11468 2897)
4(1019 7754 11468 7755)
4(1019 4367 11469 7754)
4(1019 7755 11470 4367)
4(1505 5488 11468 7754)
4(1505 7754 11469 7510)
4(1507 7755 11468 5490)
4(1507 7741 11470 7755)
4(11462 5487 11467 2898)
4(11462 2898 11471 5489)
4(11471 2898 11467 5490)
4(404 5489 11471 5490)
4(11456 7649 11462 2898)
4(11472 2898 11462 7651)
4(11456 2898 11467 7744)
4(11467 2898 11473 7746)
4(1016 7746 11473 4440)
4(11472 7894 11471 2898)
4(11473 2898 11471 7895)
4(1061 7895 11471 7894)
4(1061 4442 11473 7895)
4(1506 7894 11471 5489)
4(1507 5490 11471 7895)
4(1507 7895 11473 7746)
4(11463 2899 11468 5488)
4(11463 5489 11471 2899)
4(11468 2899 11471 5490)
4(11474 2899 11463 7656)
4(11463 2899 11475 7657)
4(992 4444 11474 7656)
4(992 7657 11475 4444)
4(11474 7754 11468 2899)
4(11476 2899 11468 7755)
4(1019 7754 11474 4445)
4(1019 4445 11476 7755)
4(11475 2899 11471 7894)
4(11471 2899 11476 7895)
4(1061 7895 11476 4446)
4(1505 7656 11474 7754)
4(1507 7755 11476 7895)
4(11477 2900 9132 5492)
4(11478 2900 11477 5494)
4(9132 2900 11478 5497)
4(405 5494 11477 5492)
4(405 5497 11478 5494)
4(9132 2900 11209 7503)
4(12511 2900 9132 7505)
4(11477 7517 11209 2900)
4(11477 2900 9136 7519)
4(950 7517 11477 7519)
4(11478 7520 9136 2900)
4(12511 7521 11478 2900)
4(951 7520 11478 7521)
4(1467 5492 11477 7517)
4(1508 7519 11477 5494)
4(1508 5494 11478 7520)
4(1661 7521 11478 5497)
4(9133 2901 11479 5492)
4(11480 2901 9133 5493)
4(11479 2901 11480 5495)
4(405 5492 11479 5495)
4(405 5495 11480 5493)
4(9133 7508 11212 2901)
4(9133 2901 11464 7509)
4(11479 2901 11212 7653)
4(11479 7655 9201 2901)
4(991 7655 11479 7653)
4(11480 7656 11464 2901)
4(11480 2901 9201 7658)
4(992 7656 11480 7658)
4(1467 7653 11479 5492)
4(1505 5493 11480 7656)
4(1509 5495 11479 7655)
4(1509 7658 11480 5495)
4(11477 5492 11479 2902)
4(11477 2902 11481 5494)
4(11481 2902 11479 5495)
4(405 5494 11481 5495)
4(11215 7517 11477 2902)
4(11482 2902 11477 7519)
4(950 4304 11482 7519)
4(11215 2902 11479 7653)
4(11479 2902 11483 7655)
4(991 7655 11483 4305)
4(11482 7664 11481 2902)
4(11483 2902 11481 7665)
4(994 7665 11481 7664)
4(994 7664 11482 4308)
4(994 4308 11483 7665)
4(1508 7664 11481 5494)
4(1508 7519 11482 7664)
4(1509 5495 11481 7665)
4(1509 7665 11483 7655)
4(9134 2903 11485 5493)
4(11485 2903 11484 5496)
4(11484 2903 9134 5497)
4(405 5496 11484 5497)
4(405 5493 11485 5496)
4(9134 7510 11469 2903)
4(12513 7512 9134 2903)
4(11484 2903 9245 7751)
4(12513 2903 11484 7752)
4(1018 7752 11484 7751)
4(11485 2903 11469 7754)
4(11485 7756 9245 2903)
4(1019 7756 11485 7754)
4(1505 7754 11485 5493)
4(1510 7751 11484 5496)
4(1510 5496 11485 7756)
4(1661 5497 11484 7752)
4(11486 2904 11478 5494)
4(11486 5496 11484 2904)
4(11478 2904 11484 5497)
4(405 5496 11486 5494)
4(11487 7520 11478 2904)
4(12512 2904 11478 7521)
4(951 7520 11487 4369)
4(11488 2904 11484 7751)
4(11484 2904 12512 7752)
4(1018 4370 11488 7751)
4(11487 2904 11486 7764)
4(11488 7765 11486 2904)
4(1022 7764 11486 7765)
4(1022 4372 11487 7764)
4(1022 7765 11488 4372)
4(1508 5494 11486 7764)
4(1508 7764 11487 7520)
4(1510 7765 11486 5496)
4(1510 7751 11488 7765)
4(11480 5493 11485 2905)
4(11480 2905 11489 5495)
4(11489 2905 11485 5496)
4(405 5495 11489 5496)
4(11474 7656 11480 2905)
4(11490 2905 11480 7658)
4(992 4444 11490 7658)
4(11474 2905 11485 7754)
4(11485 2905 11491 7756)
4(1019 7756 11491 4445)
4(11490 7900 11489 2905)
4(11491 2905 11489 7901)
4(1063 7901 11489 7900)
4(1063 7900 11490 4447)
4(1063 4447 11491 7901)
4(1509 7900 11489 5495)
4(1509 7658 11490 7900)
4(1510 5496 11489 7901)
4(1510 7901 11491 7756)
4(11481 2906 11486 5494)
4(11481 5495 11489 2906)
4(11486 2906 11489 5496)
4(11492 2906 11481 7664)
4(11481 2906 11493 7665)
4(994 4450 11492 7664)
4(994 7665 11493 4450)
4(11492 7764 11486 2906)
4(11494 2906 11486 7765)
4(1022 7764 11492 4451)
4(1022 4451 11494 7765)
4(11493 2906 11489 7900)
4(11489 2906 11494 7901)
4(1063 4452 11493 7900)
4(1063 7901 11494 4452)
4(1508 7664 11492 7764)
4(1509 7900 11493 7665)
4(1510 7765 11494 7901)
4(11495 2907 9137 5498)
4(11496 2907 11495 5500)
4(9137 2907 11496 5503)
4(406 5500 11495 5498)
4(406 5503 11496 5500)
4(9137 2907 11227 7513)
4(12541 2907 9137 7515)
4(11495 7527 11227 2907)
4(11495 2907 9141 7529)
4(953 7527 11495 7529)
4(11496 7530 9141 2907)
4(12541 7531 11496 2907)
4(954 7530 11496 7531)
4(1470 5498 11495 7527)
4(1511 7529 11495 5500)
4(1511 5500 11496 7530)
4(1671 7531 11496 5503)
4(9138 2908 11497 5498)
4(11498 2908 9138 5499)
4(11497 2908 11498 5501)
4(406 5498 11497 5501)
4(406 5501 11498 5499)
4(9138 7518 11230 2908)
4(9138 2908 11482 7519)
4(11497 2908 11230 7661)
4(11497 7663 9206 2908)
4(993 7663 11497 7661)
4(11498 7664 11482 2908)
4(11498 2908 9206 7666)
4(994 7664 11498 7666)
4(1470 7661 11497 5498)
4(1508 5499 11498 7664)
4(1512 5501 11497 7663)
4(1512 7666 11498 5501)
4(11495 5498 11497 2909)
4(11495 2909 11499 5500)
4(11499 2909 11497 5501)
4(406 5500 11499 5501)
4(11233 7527 11495 2909)
4(11500 2909 11495 7529)
4(953 4310 11500 7529)
4(11233 2909 11497 7661)
4(11497 2909 11501 7663)
4(993 7663 11501 4311)
4(11500 7672 11499 2909)
4(11501 2909 11499 7673)
4(996 7673 11499 7672)
4(996 7672 11500 4314)
4(996 4314 11501 7673)
4(1511 7672 11499 5500)
4(1511 7529 11500 7672)
4(1512 5501 11499 7673)
4(1512 7673 11501 7663)
4(9139 2910 11503 5499)
4(11503 2910 11502 5502)
4(11502 2910 9139 5503)
4(406 5502 11502 5503)
4(406 5499 11503 5502)
4(9139 7520 11487 2910)
4(12543 7522 9139 2910)
4(11502 2910 9250 7761)
4(12543 2910 11502 7762)
4(1021 7762 11502 7761)
4(11503 2910 11487 7764)
4(11503 7766 9250 2910)
4(1022 7766 11503 7764)
4(1508 7764 11503 5499)
4(1513 7761 11502 5502)
4(1513 5502 11503 7766)
4(1671 5503 11502 7762)
4(11504 2911 11496 5500)
4(11504 5502 11502 2911)
4(11496 2911 11502 5503)
4(406 5502 11504 5500)
4(11505 7530 11496 2911)
4(12542 2911 11496 7531)
4(954 7530 11505 4374)
4(11506 2911 11502 7761)
4(11502 2911 12542 7762)
4(1021 4375 11506 7761)
4(11505 2911 11504 7774)
4(11506 7775 11504 2911)
4(1025 7774 11504 7775)
4(1025 4377 11505 7774)
4(1025 7775 11506 4377)
4(1511 5500 11504 7774)
4(1511 7774 11505 7530)
4(1513 7775 11504 5502)
4(1513 7761 11506 7775)
4(11498 5499 11503 2912)
4(11498 2912 11507 5501)
4(11507 2912 11503 5502)
4(406 5501 11507 5502)
4(11492 7664 11498 2912)
4(11508 2912 11498 7666)
4(994 4450 11508 7666)
4(11492 2912 11503 7764)
4(11503 2912 11509 7766)
4(1022 7766 11509 4451)
4(11508 7908 11507 2912)
4(11509 2912 11507 7909)
4(1065 7909 11507 7908)
4(1065 7908 11508 4453)
4(1065 4453 11509 7909)
4(1512 7908 11507 5501)
4(1512 7666 11508 7908)
4(1513 5502 11507 7909)
4(1513 7909 11509 7766)
4(11499 2913 11504 5500)
4(11499 5501 11507 2913)
4(11504 2913 11507 5502)
4(11510 2913 11499 7672)
4(11499 2913 11511 7673)
4(996 4456 11510 7672)
4(996 7673 11511 4456)
4(11510 7774 11504 2913)
4(11512 2913 11504 7775)
4(1025 7774 11510 4457)
4(1025 4457 11512 7775)
4(11511 2913 11507 7908)
4(11507 2913 11512 7909)
4(1065 4458 11511 7908)
4(1065 7909 11512 4458)
4(1511 7672 11510 7774)
4(1512 7908 11511 7673)
4(1513 7775 11512 7909)
4(11513 2914 9142 5504)
4(11514 2914 11513 5506)
4(9142 2914 11514 5509)
4(407 5506 11513 5504)
4(407 5509 11514 5506)
4(9142 2914 11245 7523)
4(12571 2914 9142 7525)
4(11513 7537 11245 2914)
4(11513 2914 9146 7539)
4(956 7537 11513 7539)
4(11514 7540 9146 2914)
4(12571 7541 11514 2914)
4(957 7540 11514 7541)
4(1473 5504 11513 7537)
4(1514 7539 11513 5506)
4(1514 5506 11514 7540)
4(1681 7541 11514 5509)
4(9143 2915 11515 5504)
4(11516 2915 9143 5505)
4(11515 2915 11516 5507)
4(407 5504 11515 5507)
4(407 5507 11516 5505)
4(9143 7528 11248 2915)
4(9143 2915 11500 7529)
4(11515 2915 11248 7669)
4(11515 7671 9211 2915)
4(995 7671 11515 7669)
4(11516 7672 11500 2915)
4(11516 2915 9211 7674)
4(996 7672 11516 7674)
4(1473 7669 11515 5504)
4(1511 5505 11516 7672)
4(1515 5507 11515 7671)
4(1515 7674 11516 5507)
4(11513 5504 11515 2916)
4(11513 2916 11517 5506)
4(11517 2916 11515 5507)
4(407 5506 11517 5507)
4(11251 7537 11513 2916)
4(11518 2916 11513 7539)
4(956 4316 11518 7539)
4(11251 2916 11515 7669)
4(11515 2916 11519 7671)
4(995 7671 11519 4317)
4(11518 7680 11517 2916)
4(11519 2916 11517 7681)
4(998 7681 11517 7680)
4(998 7680 11518 4320)
4(998 4320 11519 7681)
4(1514 7680 11517 5506)
4(1514 7539 11518 7680)
4(1515 5507 11517 7681)
4(1515 7681 11519 7671)
4(9144 2917 11521 5505)
4(11521 2917 11520 5508)
4(11520 2917 9144 5509)
4(407 5508 11520 5509)
4(407 5505 11521 5508)
4(9144 7530 11505 2917)
4(12573 7532 9144 2917)
4(11520 2917 9255 7771)
4(12573 2917 11520 7772)
4(1024 7772 11520 7771)
4(11521 2917 11505 7774)
4(11521 7776 9255 2917)
4(1025 7776 11521 7774)
4(1511 7774 11521 5505)
4(1516 7771 11520 5508)
4(1516 5508 11521 7776)
4(1681 5509 11520 7772)
4(11522 2918 11514 5506)
4(11522 5508 11520 2918)
4(11514 2918 11520 5509)
4(407 5508 11522 5506)
4(11523 7540 11514 2918)
4(12572 2918 11514 7541)
4(957 7540 11523 4379)
4(11524 2918 11520 7771)
4(11520 2918 12572 7772)
4(1024 4380 11524 7771)
4(11523 2918 11522 7784)
4(11524 7785 11522 2918)
4(1028 7784 11522 7785)
4(1028 4382 11523 7784)
4(1028 7785 11524 4382)
4(1514 5506 11522 7784)
4(1514 7784 11523 7540)
4(1516 7785 11522 5508)
4(1516 7771 11524 7785)
4(11516 5505 11521 2919)
4(11516 2919 11525 5507)
4(11525 2919 11521 5508)
4(407 5507 11525 5508)
4(11510 7672 11516 2919)
4(11526 2919 11516 7674)
4(996 4456 11526 7674)
4(11510 2919 11521 7774)
4(11521 2919 11527 7776)
4(1025 7776 11527 4457)
4(11526 7916 11525 2919)
4(11527 2919 11525 7917)
4(1067 7917 11525 7916)
4(1067 7916 11526 4459)
4(1067 4459 11527 7917)
4(1515 7916 11525 5507)
4(1515 7674 11526 7916)
4(1516 5508 11525 7917)
4(1516 7917 11527 7776)
4(11517 2920 11522 5506)
4(11517 5507 11525 2920)
4(11522 2920 11525 5508)
4(11528 2920 11517 7680)
4(11517 2920 11529 7681)
4(998 4462 11528 7680)
4(998 7681 11529 4462)
4(11528 7784 11522 2920)
4(11530 2920 11522 7785)
4(1028 7784 11528 4463)
4(1028 4463 11530 7785)
4(11529 2920 11525 7916)
4(11525 2920 11530 7917)
4(1067 4464 11529 7916)
4(1067 7917 11530 4464)
4(1514 7680 11528 7784)
4(1515 7916 11529 7681)
4(1516 7785 11530 7917)
4(11531 2921 9147 5510)
4(11532 2921 11531 5512)
4(9147 2921 11532 5515)
4(408 5512 11531 5510)
4(408 5515 11532 5512)
4(9147 2921 11263 7533)
4(12601 2921 9147 7535)
4(11531 7547 11263 2921)
4(11531 2921 9151 7549)
4(959 7547 11531 7549)
4(11532 7550 9151 2921)
4(12601 7551 11532 2921)
4(960 7550 11532 7551)
4(1476 5510 11531 7547)
4(1517 7549 11531 5512)
4(1517 5512 11532 7550)
4(1691 7551 11532 5515)
4(9148 2922 11533 5510)
4(11534 2922 9148 5511)
4(11533 2922 11534 5513)
4(408 5510 11533 5513)
4(408 5513 11534 5511)
4(9148 7538 11266 2922)
4(9148 2922 11518 7539)
4(11533 2922 11266 7677)
4(11533 7679 9216 2922)
4(997 7679 11533 7677)
4(11534 7680 11518 2922)
4(11534 2922 9216 7682)
4(998 7680 11534 7682)
4(1476 7677 11533 5510)
4(1514 5511 11534 7680)
4(1518 5513 11533 7679)
4(1518 7682 11534 5513)
4(11531 5510 11533 2923)
4(11531 2923 11535 5512)
4(11535 2923 11533 5513)
4(408 5512 11535 5513)
4(11269 7547 11531 2923)
4(11536 2923 11531 7549)
4(959 4322 11536 7549)
4(11269 2923 11533 7677)
4(11533 2923 11537 7679)
4(997 7679 11537 4323)
4(11536 7688 11535 2923)
4(11537 2923 11535 7689)
4(1000 7689 11535 7688)
4(1000 7688 11536 4326)
4(1000 4326 11537 7689)
4(1517 7688 11535 5512)
4(1517 7549 11536 7688)
4(1518 5513 11535 7689)
4(1518 7689 11537 7679)
4(9149 2924 11539 5511)
4(11539 2924 11538 5514)
4(11538 2924 9149 5515)
4(408 5514 11538 5515)
4(408 5511 11539 5514)
4(9149 7540 11523 2924)
4(12603 7542 9149 2924)
4(11538 2924 9260 7781)
4(12603 2924 11538 7782)
4(1027 7782 11538 7781)
4(11539 2924 11523 7784)
4(11539 7786 9260 2924)
4(1028 7786 11539 7784)
4(1514 7784 11539 5511)
4(1519 7781 11538 5514)
4(1519 5514 11539 7786)
4(1691 5515 11538 7782)
4(11540 2925 11532 5512)
4(11540 5514 11538 2925)
4(11532 2925 11538 5515)
4(408 5514 11540 5512)
4(11541 7550 11532 2925)
4(12602 2925 11532 7551)
4(960 7550 11541 4384)
4(11542 2925 11538 7781)
4(11538 2925 12602 7782)
4(1027 4385 11542 7781)
4(11541 2925 11540 7794)
4(11542 7795 11540 2925)
4(1031 7794 11540 7795)
4(1031 4387 11541 7794)
4(1031 7795 11542 4387)
4(1517 5512 11540 7794)
4(1517 7794 11541 7550)
4(1519 7795 11540 5514)
4(1519 7781 11542 7795)
4(11534 5511 11539 2926)
4(11534 2926 11543 5513)
4(11543 2926 11539 5514)
4(408 5513 11543 5514)
4(11528 7680 11534 2926)
4(11544 2926 11534 7682)
4(998 4462 11544 7682)
4(11528 2926 11539 7784)
4(11539 2926 11545 7786)
4(1028 7786 11545 4463)
4(11544 7924 11543 2926)
4(11545 2926 11543 7925)
4(1069 7925 11543 7924)
4(1069 7924 11544 4465)
4(1069 4465 11545 7925)
4(1518 7924 11543 5513)
4(1518 7682 11544 7924)
4(1519 5514 11543 7925)
4(1519 7925 11545 7786)
4(11535 2927 11540 5512)
4(11535 5513 11543 2927)
4(11540 2927 11543 5514)
4(11546 2927 11535 7688)
4(11535 2927 11547 7689)
4(1000 4468 11546 7688)
4(1000 7689 11547 4468)
4(11546 7794 11540 2927)
4(11548 2927 11540 7795)
4(1031 7794 11546 4469)
4(1031 4469 11548 7795)
4(11547 2927 11543 7924)
4(11543 2927 11548 7925)
4(1069 4470 11547 7924)
4(1069 7925 11548 4470)
4(1517 7688 11546 7794)
4(1518 7924 11547 7689)
4(1519 7795 11548 7925)
4(11549 2928 9152 5516)
4(11550 2928 11549 5518)
4(9152 2928 11550 5521)
4(409 5518 11549 5516)
4(409 5521 11550 5518)
4(9152 2928 11281 7543)
4(12631 2928 9152 7545)
4(11549 7557 11281 2928)
4(11549 2928 9156 7559)
4(962 7557 11549 7559)
4(11550 7560 9156 2928)
4(12631 7561 11550 2928)
4(963 7560 11550 7561)
4(1479 5516 11549 7557)
4(1520 7559 11549 5518)
4(1520 5518 11550 7560)
4(1701 7561 11550 5521)
4(9153 2929 11551 5516)
4(11552 2929 9153 5517)
4(11551 2929 11552 5519)
4(409 5516 11551 5519)
4(409 5519 11552 5517)
4(9153 7548 11284 2929)
4(9153 2929 11536 7549)
4(11551 2929 11284 7685)
4(11551 7687 9221 2929)
4(999 7687 11551 7685)
4(11552 7688 11536 2929)
4(11552 2929 9221 7690)
4(1000 7688 11552 7690)
4(1479 7685 11551 5516)
4(1517 5517 11552 7688)
4(1521 5519 11551 7687)
4(1521 7690 11552 5519)
4(11549 5516 11551 2930)
4(11549 2930 11553 5518)
4(11553 2930 11551 5519)
4(409 5518 11553 5519)
4(11287 7557 11549 2930)
4(11554 2930 11549 7559)
4(962 4328 11554 7559)
4(11287 2930 11551 7685)
4(11551 2930 11555 7687)
4(999 7687 11555 4329)
4(11554 7695 11553 2930)
4(11555 2930 11553 7696)
4(1002 7696 11553 7695)
4(1002 7695 11554 4331)
4(1520 7695 11553 5518)
4(1520 7559 11554 7695)
4(1521 5519 11553 7696)
4(1521 7696 11555 7687)
4(9154 2931 11557 5517)
4(11557 2931 11556 5520)
4(11556 2931 9154 5521)
4(409 5520 11556 5521)
4(409 5517 11557 5520)
4(9154 7550 11541 2931)
4(12633 7552 9154 2931)
4(11556 2931 9265 7791)
4(12633 2931 11556 7792)
4(1030 7792 11556 7791)
4(11557 2931 11541 7794)
4(11557 7796 9265 2931)
4(1031 7796 11557 7794)
4(1517 7794 11557 5517)
4(1522 7791 11556 5520)
4(1522 5520 11557 7796)
4(1701 5521 11556 7792)
4(11558 2932 11550 5518)
4(11558 5520 11556 2932)
4(11550 2932 11556 5521)
4(409 5520 11558 5518)
4(11559 7560 11550 2932)
4(12632 2932 11550 7561)
4(963 7560 11559 4389)
4(11560 2932 11556 7791)
4(11556 2932 12632 7792)
4(1030 4390 11560 7791)
4(11559 2932 11558 7804)
4(11560 7805 11558 2932)
4(1034 7804 11558 7805)
4(1034 4392 11559 7804)
4(1034 7805 11560 4392)
4(1520 5518 11558 7804)
4(1520 7804 11559 7560)
4(1522 7805 11558 5520)
4(1522 7791 11560 7805)
4(11552 5517 11557 2933)
4(11552 2933 11561 5519)
4(11561 2933 11557 5520)
4(409 5519 11561 5520)
4(11546 7688 11552 2933)
4(11562 2933 11552 7690)
4(1000 4468 11562 7690)
4(11546 2933 11557 7794)
4(11557 2933 11563 7796)
4(1031 7796 11563 4469)
4(11562 7932 11561 2933)
4(11563 2933 11561 7933)
4(1071 7933 11561 7932)
4(1071 7932 11562 4471)
4(1071 4471 11563 7933)
4(1521 7932 11561 5519)
4(1521 7690 11562 7932)
4(1522 5520 11561 7933)
4(1522 7933 11563 7796)
4(11553 2934 11558 5518)
4(11553 5519 11561 2934)
4(11558 2934 11561 5520)
4(11564 2934 11553 7695)
4(11553 2934 11565 7696)
4(1002 4474 11564 7695)
4(11564 7804 11558 2934)
4(11566 2934 11558 7805)
4(1034 7804 11564 4475)
4(1034 4475 11566 7805)
4(11565 2934 11561 7932)
4(11561 2934 11566 7933)
4(1071 4476 11565 7932)
4(1071 7933 11566 4476)
4(1520 7695 11564 7804)
4(1521 7932 11565 7696)
4(1522 7805 11566 7933)
4(11567 2935 9157 5522)
4(11568 2935 11567 5524)
4(9157 2935 11568 5527)
4(410 5524 11567 5522)
4(410 5527 11568 5524)
4(9157 2935 11299 7553)
4(12661 2935 9157 7555)
4(11567 7567 11299 2935)
4(11567 2935 9161 7569)
4(965 7567 11567 7569)
4(11568 7570 9161 2935)
4(12661 7571 11568 2935)
4(966 7570 11568 7571)
4(1482 5522 11567 7567)
4(1523 7569 11567 5524)
4(1523 5524 11568 7570)
4(1711 7571 11568 5527)
4(9158 2936 11569 5522)
4(11570 2936 9158 5523)
4(11569 2936 11570 5525)
4(410 5522 11569 5525)
4(410 5525 11570 5523)
4(9158 7558 11302 2936)
4(9158 2936 11554 7559)
4(11569 2936 11302 7693)
4(11569 7694 9225 2936)
4(1001 7694 11569 7693)
4(11570 7695 11554 2936)
4(11570 2936 9225 7697)
4(1002 7695 11570 7697)
4(1482 7693 11569 5522)
4(1520 5523 11570 7695)
4(1524 5525 11569 7694)
4(1524 7697 11570 5525)
4(11567 5522 11569 2937)
4(11567 2937 11571 5524)
4(11571 2937 11569 5525)
4(410 5524 11571 5525)
4(11305 7567 11567 2937)
4(11572 2937 11567 7569)
4(965 4333 11572 7569)
4(11305 2937 11569 7693)
4(11569 2937 11573 7694)
4(11572 7701 11571 2937)
4(11573 2937 11571 7702)
4(1004 7702 11571 7701)
4(1004 7701 11572 4336)
4(1523 7701 11571 5524)
4(1523 7569 11572 7701)
4(1524 5525 11571 7702)
4(9159 2938 11575 5523)
4(11575 2938 11574 5526)
4(11574 2938 9159 5527)
4(410 5526 11574 5527)
4(410 5523 11575 5526)
4(9159 7560 11559 2938)
4(12663 7562 9159 2938)
4(11574 2938 9270 7801)
4(12663 2938 11574 7802)
4(1033 7802 11574 7801)
4(11575 2938 11559 7804)
4(11575 7806 9270 2938)
4(1034 7806 11575 7804)
4(1520 7804 11575 5523)
4(1525 7801 11574 5526)
4(1525 5526 11575 7806)
4(1711 5527 11574 7802)
4(11576 2939 11568 5524)
4(11576 5526 11574 2939)
4(11568 2939 11574 5527)
4(410 5526 11576 5524)
4(11577 7570 11568 2939)
4(12662 2939 11568 7571)
4(966 7570 11577 4394)
4(11578 2939 11574 7801)
4(11574 2939 12662 7802)
4(1033 4395 11578 7801)
4(11577 2939 11576 7814)
4(11578 7815 11576 2939)
4(1037 7814 11576 7815)
4(1037 4397 11577 7814)
4(1037 7815 11578 4397)
4(1523 5524 11576 7814)
4(1523 7814 11577 7570)
4(1525 7815 11576 5526)
4(1525 7801 11578 7815)
4(11570 5523 11575 2940)
4(11570 2940 11579 5525)
4(11579 2940 11575 5526)
4(410 5525 11579 5526)
4(11564 7695 11570 2940)
4(11580 2940 11570 7697)
4(11564 2940 11575 7804)
4(11575 2940 11581 7806)
4(1034 7806 11581 4475)
4(11580 7940 11579 2940)
4(11581 2940 11579 7941)
4(1073 7941 11579 7940)
4(1073 4477 11581 7941)
4(1524 7940 11579 5525)
4(1525 5526 11579 7941)
4(1525 7941 11581 7806)
4(11571 2941 11576 5524)
4(11571 5525 11579 2941)
4(11576 2941 11579 5526)
4(11582 2941 11571 7701)
4(11571 2941 11583 7702)
4(1004 4479 11582 7701)
4(11582 7814 11576 2941)
4(11584 2941 11576 7815)
4(1037 7814 11582 4480)
4(1037 4480 11584 7815)
4(11583 2941 11579 7940)
4(11579 2941 11584 7941)
4(1073 7941 11584 4481)
4(1523 7701 11582 7814)
4(1525 7815 11584 7941)
4(11585 2942 9162 5528)
4(11586 2942 11585 5530)
4(9162 2942 11586 5533)
4(411 5530 11585 5528)
4(411 5533 11586 5530)
4(9162 2942 11317 7563)
4(12691 2942 9162 7565)
4(11585 7577 11317 2942)
4(11585 2942 9166 7579)
4(968 7577 11585 7579)
4(11586 7580 9166 2942)
4(12691 7581 11586 2942)
4(969 7580 11586 7581)
4(1485 5528 11585 7577)
4(1526 7579 11585 5530)
4(1526 5530 11586 7580)
4(1721 7581 11586 5533)
4(9163 2943 11587 5528)
4(11588 2943 9163 5529)
4(11587 2943 11588 5531)
4(411 5528 11587 5531)
4(411 5531 11588 5529)
4(9163 7568 11320 2943)
4(9163 2943 11572 7569)
4(11587 2943 11320 7699)
4(11587 7700 9226 2943)
4(1003 7700 11587 7699)
4(11588 7701 11572 2943)
4(11588 2943 9226 7703)
4(1004 7701 11588 7703)
4(1485 7699 11587 5528)
4(1523 5529 11588 7701)
4(1527 5531 11587 7700)
4(1527 7703 11588 5531)
4(11585 5528 11587 2944)
4(11585 2944 11589 5530)
4(11589 2944 11587 5531)
4(411 5530 11589 5531)
4(11323 7577 11585 2944)
4(11590 2944 11585 7579)
4(968 4338 11590 7579)
4(11323 2944 11587 7699)
4(11587 2944 11591 7700)
4(11590 7707 11589 2944)
4(11591 2944 11589 7708)
4(1006 7708 11589 7707)
4(1006 7707 11590 4341)
4(1526 7707 11589 5530)
4(1526 7579 11590 7707)
4(1527 5531 11589 7708)
4(9164 2945 11593 5529)
4(11593 2945 11592 5532)
4(11592 2945 9164 5533)
4(411 5532 11592 5533)
4(411 5529 11593 5532)
4(9164 7570 11577 2945)
4(12693 7572 9164 2945)
4(11592 2945 9275 7811)
4(12693 2945 11592 7812)
4(1036 7812 11592 7811)
4(11593 2945 11577 7814)
4(11593 7816 9275 2945)
4(1037 7816 11593 7814)
4(1523 7814 11593 5529)
4(1528 7811 11592 5532)
4(1528 5532 11593 7816)
4(1721 5533 11592 7812)
4(11594 2946 11586 5530)
4(11594 5532 11592 2946)
4(11586 2946 11592 5533)
4(411 5532 11594 5530)
4(11595 7580 11586 2946)
4(12692 2946 11586 7581)
4(969 7580 11595 4399)
4(11596 2946 11592 7811)
4(11592 2946 12692 7812)
4(1036 4400 11596 7811)
4(11595 2946 11594 7824)
4(11596 7825 11594 2946)
4(1040 7824 11594 7825)
4(1040 4402 11595 7824)
4(1040 7825 11596 4402)
4(1526 5530 11594 7824)
4(1526 7824 11595 7580)
4(1528 7825 11594 5532)
4(1528 7811 11596 7825)
4(11588 5529 11593 2947)
4(11588 2947 11597 5531)
4(11597 2947 11593 5532)
4(411 5531 11597 5532)
4(11582 7701 11588 2947)
4(11598 2947 11588 7703)
4(11582 2947 11593 7814)
4(11593 2947 11599 7816)
4(1037 7816 11599 4480)
4(11598 7946 11597 2947)
4(11599 2947 11597 7947)
4(1075 7947 11597 7946)
4(1075 4482 11599 7947)
4(1527 7946 11597 5531)
4(1528 5532 11597 7947)
4(1528 7947 11599 7816)
4(11589 2948 11594 5530)
4(11589 5531 11597 2948)
4(11594 2948 11597 5532)
4(11600 2948 11589 7707)
4(11589 2948 11601 7708)
4(1006 4484 11600 7707)
4(11600 7824 11594 2948)
4(11602 2948 11594 7825)
4(1040 7824 11600 4485)
4(1040 4485 11602 7825)
4(11601 2948 11597 7946)
4(11597 2948 11602 7947)
4(1075 7947 11602 4486)
4(1526 7707 11600 7824)
4(1528 7825 11602 7947)
4(11603 2949 9167 5534)
4(11604 2949 11603 5536)
4(9167 2949 11604 5539)
4(412 5536 11603 5534)
4(412 5539 11604 5536)
4(9167 2949 11335 7573)
4(12721 2949 9167 7575)
4(11603 7587 11335 2949)
4(11603 2949 9171 7589)
4(971 7587 11603 7589)
4(11604 7590 9171 2949)
4(12721 7591 11604 2949)
4(972 7590 11604 7591)
4(1488 5534 11603 7587)
4(1529 7589 11603 5536)
4(1529 5536 11604 7590)
4(1731 7591 11604 5539)
4(9168 2950 11605 5534)
4(11606 2950 9168 5535)
4(11605 2950 11606 5537)
4(412 5534 11605 5537)
4(412 5537 11606 5535)
4(9168 7578 11338 2950)
4(9168 2950 11590 7579)
4(11605 2950 11338 7705)
4(11605 7706 9227 2950)
4(1005 7706 11605 7705)
4(11606 7707 11590 2950)
4(11606 2950 9227 7709)
4(1006 7707 11606 7709)
4(1488 7705 11605 5534)
4(1526 5535 11606 7707)
4(1530 5537 11605 7706)
4(1530 7709 11606 5537)
4(11603 5534 11605 2951)
4(11603 2951 11607 5536)
4(11607 2951 11605 5537)
4(412 5536 11607 5537)
4(11341 7587 11603 2951)
4(11608 2951 11603 7589)
4(971 4343 11608 7589)
4(11341 2951 11605 7705)
4(11605 2951 11609 7706)
4(11608 7711 11607 2951)
4(11609 2951 11607 7712)
4(1007 7712 11607 7711)
4(1007 7711 11608 4346)
4(1529 7711 11607 5536)
4(1529 7589 11608 7711)
4(1530 5537 11607 7712)
4(9169 2952 11611 5535)
4(11611 2952 11610 5538)
4(11610 2952 9169 5539)
4(412 5538 11610 5539)
4(412 5535 11611 5538)
4(9169 7580 11595 2952)
4(12723 7582 9169 2952)
4(11610 2952 9280 7821)
4(12723 2952 11610 7822)
4(1039 7822 11610 7821)
4(11611 2952 11595 7824)
4(11611 7826 9280 2952)
4(1040 7826 11611 7824)
4(1526 7824 11611 5535)
4(1531 7821 11610 5538)
4(1531 5538 11611 7826)
4(1731 5539 11610 7822)
4(11612 2953 11604 5536)
4(11612 5538 11610 2953)
4(11604 2953 11610 5539)
4(412 5538 11612 5536)
4(11613 7590 11604 2953)
4(12722 2953 11604 7591)
4(972 7590 11613 4404)
4(11614 2953 11610 7821)
4(11610 2953 12722 7822)
4(1039 4405 11614 7821)
4(11613 2953 11612 7834)
4(11614 7835 11612 2953)
4(1043 7834 11612 7835)
4(1043 4407 11613 7834)
4(1043 7835 11614 4407)
4(1529 5536 11612 7834)
4(1529 7834 11613 7590)
4(1531 7835 11612 5538)
4(1531 7821 11614 7835)
4(11606 5535 11611 2954)
4(11606 2954 11615 5537)
4(11615 2954 11611 5538)
4(412 5537 11615 5538)
4(11600 7707 11606 2954)
4(11616 2954 11606 7709)
4(11600 2954 11611 7824)
4(11611 2954 11617 7826)
4(1040 7826 11617 4485)
4(11616 7952 11615 2954)
4(11617 2954 11615 7953)
4(1077 7953 11615 7952)
4(1077 4487 11617 7953)
4(1530 7952 11615 5537)
4(1531 5538 11615 7953)
4(1531 7953 11617 7826)
4(11607 2955 11612 5536)
4(11607 5537 11615 2955)
4(11612 2955 11615 5538)
4(11618 2955 11607 7711)
4(11607 2955 11619 7712)
4(1007 4489 11618 7711)
4(11618 7834 11612 2955)
4(11620 2955 11612 7835)
4(1043 7834 11618 4490)
4(1043 4490 11620 7835)
4(11619 2955 11615 7952)
4(11615 2955 11620 7953)
4(1077 7953 11620 4491)
4(1529 7711 11618 7834)
4(1531 7835 11620 7953)
4(11621 2956 9172 5540)
4(11622 2956 11621 5542)
4(9172 2956 11622 5545)
4(413 5542 11621 5540)
4(413 5545 11622 5542)
4(9172 2956 11352 7583)
4(12751 2956 9172 7585)
4(11621 7597 11352 2956)
4(11621 2956 9176 7599)
4(974 7597 11621 7599)
4(11622 7600 9176 2956)
4(12751 7601 11622 2956)
4(975 7600 11622 7601)
4(1490 5540 11621 7597)
4(1532 7599 11621 5542)
4(1532 5542 11622 7600)
4(1741 7601 11622 5545)
4(9173 2957 11623 5540)
4(11624 2957 9173 5541)
4(11623 2957 11624 5543)
4(413 5540 11623 5543)
4(413 5543 11624 5541)
4(9173 7588 11355 2957)
4(9173 2957 11608 7589)
4(11623 2957 11355 7710)
3(11623 9228 2957)
4(11624 7711 11608 2957)
4(11624 2957 9228 7713)
4(1007 7711 11624 7713)
4(1490 7710 11623 5540)
4(1529 5541 11624 7711)
3(7713 11624 5543)
4(11621 5540 11623 2958)
4(11621 2958 11625 5542)
4(413 5542 11625 5543)
4(11357 7597 11621 2958)
4(11626 2958 11621 7599)
4(974 4347 11626 7599)
4(1532 7715 11625 5542)
4(1532 7599 11626 7715)
4(9174 2959 11628 5541)
4(11628 2959 11627 5544)
4(11627 2959 9174 5545)
4(413 5544 11627 5545)
4(413 5541 11628 5544)
4(9174 7590 11613 2959)
4(12753 7592 9174 2959)
4(11627 2959 9285 7831)
4(12753 2959 11627 7832)
4(1042 7832 11627 7831)
4(11628 2959 11613 7834)
4(11628 7836 9285 2959)
4(1043 7836 11628 7834)
4(1529 7834 11628 5541)
4(1533 7831 11627 5544)
4(1533 5544 11628 7836)
4(1741 5545 11627 7832)
4(11629 2960 11622 5542)
4(11629 5544 11627 2960)
4(11622 2960 11627 5545)
4(413 5544 11629 5542)
4(11630 7600 11622 2960)
4(12752 2960 11622 7601)
4(975 7600 11630 4409)
4(11631 2960 11627 7831)
4(11627 2960 12752 7832)
4(1042 4410 11631 7831)
4(11630 2960 11629 7844)
4(11631 7845 11629 2960)
4(1046 7844 11629 7845)
4(1046 4412 11630 7844)
4(1046 7845 11631 4412)
4(1532 5542 11629 7844)
4(1532 7844 11630 7600)
4(1533 7845 11629 5544)
4(1533 7831 11631 7845)
4(11624 5541 11628 2961)
4(11624 2961 11632 5543)
4(11632 2961 11628 5544)
4(413 5543 11632 5544)
4(11618 7711 11624 2961)
4(11633 2961 11624 7713)
4(11618 2961 11628 7834)
4(11628 2961 11634 7836)
4(1043 7836 11634 4490)
3(11633 11632 2961)
4(11634 2961 11632 7958)
3(4492 11634 7958)
4(1533 5544 11632 7958)
4(1533 7958 11634 7836)
4(11625 2962 11629 5542)
4(11629 2962 11632 5544)
4(11635 7844 11629 2962)
4(11636 2962 11629 7845)
4(1046 7844 11635 4494)
4(1046 4494 11636 7845)
4(1532 7715 11635 7844)
4(1533 7845 11636 7958)
4(11637 2963 9177 5546)
4(11638 2963 11637 5548)
4(9177 2963 11638 5551)
4(414 5548 11637 5546)
4(414 5551 11638 5548)
4(9177 2963 11368 7593)
4(12781 2963 9177 7595)
4(11637 7607 11368 2963)
4(11637 2963 9181 7609)
4(977 7607 11637 7609)
4(11638 7610 9181 2963)
4(12781 7611 11638 2963)
4(978 7610 11638 7611)
4(1492 5546 11637 7607)
4(1534 7609 11637 5548)
4(1534 5548 11638 7610)
4(1751 7611 11638 5551)
4(9178 2964 11639 5546)
4(11640 2964 9178 5547)
4(414 5546 11639 5549)
4(414 5549 11640 5547)
4(9178 7598 11370 2964)
4(9178 2964 11626 7599)
4(1492 7714 11639 5546)
4(1532 5547 11640 7715)
4(11637 5546 11639 2965)
4(11637 2965 11641 5548)
4(414 5548 11641 5549)
4(11372 7607 11637 2965)
4(11642 2965 11637 7609)
4(977 4348 11642 7609)
4(1534 7717 11641 5548)
4(1534 7609 11642 7717)
4(9179 2966 11644 5547)
4(11644 2966 11643 5550)
4(11643 2966 9179 5551)
4(414 5550 11643 5551)
4(414 5547 11644 5550)
4(9179 7600 11630 2966)
4(12783 7602 9179 2966)
4(11643 2966 9290 7841)
4(12783 2966 11643 7842)
4(1045 7842 11643 7841)
4(11644 2966 11630 7844)
4(11644 7846 9290 2966)
4(1046 7846 11644 7844)
4(1532 7844 11644 5547)
4(1535 7841 11643 5550)
4(1535 5550 11644 7846)
4(1751 5551 11643 7842)
4(11645 2967 11638 5548)
4(11645 5550 11643 2967)
4(11638 2967 11643 5551)
4(414 5550 11645 5548)
4(11646 7610 11638 2967)
4(12782 2967 11638 7611)
4(978 7610 11646 4414)
4(11647 2967 11643 7841)
4(11643 2967 12782 7842)
4(1045 4415 11647 7841)
4(11646 2967 11645 7854)
4(11647 7855 11645 2967)
4(1049 7854 11645 7855)
4(1049 4417 11646 7854)
4(1049 7855 11647 4417)
4(1534 5548 11645 7854)
4(1534 7854 11646 7610)
4(1535 7855 11645 5550)
4(1535 7841 11647 7855)
4(11640 5547 11644 2968)
4(11648 2968 11644 5550)
4(414 5549 11648 5550)
4(11635 2968 11644 7844)
4(11644 2968 11649 7846)
4(1046 7846 11649 4494)
4(1535 5550 11648 7962)
4(1535 7962 11649 7846)
4(11641 2969 11645 5548)
4(11645 2969 11648 5550)
4(11650 7854 11645 2969)
4(11651 2969 11645 7855)
4(1049 7854 11650 4495)
4(1049 4495 11651 7855)
4(1534 7717 11650 7854)
4(1535 7855 11651 7962)
4(11652 2970 9182 5552)
4(11653 2970 11652 5554)
4(9182 2970 11653 5557)
4(415 5554 11652 5552)
4(415 5557 11653 5554)
4(9182 2970 11382 7603)
4(12811 2970 9182 7605)
4(11652 7617 11382 2970)
4(11652 2970 9186 7619)
4(980 7617 11652 7619)
4(11653 7620 9186 2970)
4(12811 7621 11653 2970)
4(981 7620 11653 7621)
4(1494 5552 11652 7617)
4(1536 7619 11652 5554)
4(1536 5554 11653 7620)
4(1761 7621 11653 5557)
4(9183 2971 11654 5552)
4(11655 2971 9183 5553)
4(415 5552 11654 5555)
4(415 5555 11655 5553)
4(9183 7608 11384 2971)
4(9183 2971 11642 7609)
4(1494 7716 11654 5552)
4(1534 5553 11655 7717)
4(11652 5552 11654 2972)
4(11652 2972 11656 5554)
4(415 5554 11656 5555)
4(11385 7617 11652 2972)
3(2972 11652 7619)
3(1536 11656 5554)
4(9184 2973 11658 5553)
4(11658 2973 11657 5556)
4(11657 2973 9184 5557)
4(415 5556 11657 5557)
4(415 5553 11658 5556)
4(9184 7610 11646 2973)
4(12813 7612 9184 2973)
4(11657 2973 9295 7851)
4(12813 2973 11657 7852)
4(1048 7852 11657 7851)
4(11658 2973 11646 7854)
4(11658 7856 9295 2973)
4(1049 7856 11658 7854)
4(1534 7854 11658 5553)
4(1537 7851 11657 5556)
4(1537 5556 11658 7856)
4(1761 5557 11657 7852)
4(11659 2974 11653 5554)
4(11659 5556 11657 2974)
4(11653 2974 11657 5557)
4(415 5556 11659 5554)
4(11660 7620 11653 2974)
4(12812 2974 11653 7621)
4(981 7620 11660 4419)
4(11661 2974 11657 7851)
4(11657 2974 12812 7852)
4(1048 4420 11661 7851)
4(11660 2974 11659 7864)
4(11661 7865 11659 2974)
4(1052 7864 11659 7865)
4(1052 4422 11660 7864)
4(1052 7865 11661 4422)
4(1536 5554 11659 7864)
4(1536 7864 11660 7620)
4(1537 7865 11659 5556)
4(1537 7851 11661 7865)
4(11655 5553 11658 2975)
4(11662 2975 11658 5556)
4(415 5555 11662 5556)
4(11650 2975 11658 7854)
4(11658 2975 11663 7856)
4(1049 7856 11663 4495)
4(1537 5556 11662 7964)
4(1537 7964 11663 7856)
4(11656 2976 11659 5554)
4(11659 2976 11662 5556)
3(7864 11659 2976)
4(11664 2976 11659 7865)
3(1052 11664 7865)
4(1537 7865 11664 7964)
4(11665 2977 9187 5558)
4(11666 2977 11665 5560)
4(9187 2977 11666 5562)
4(416 5562 11666 5560)
4(9187 2977 11392 7613)
4(12841 2977 9187 7615)
4(11665 7627 11392 2977)
4(11665 2977 9191 7629)
4(11666 7630 9191 2977)
4(12841 7631 11666 2977)
4(984 7630 11666 7631)
4(1538 5560 11666 7630)
4(1771 7631 11666 5562)
4(9189 2978 11668 5559)
4(11668 2978 11667 5561)
4(11667 2978 9189 5562)
4(416 5561 11667 5562)
4(9189 7620 11660 2978)
4(12843 7622 9189 2978)
4(11667 2978 9300 7861)
4(12843 2978 11667 7862)
4(1051 7862 11667 7861)
4(11668 2978 11660 7864)
4(11668 7866 9300 2978)
4(1539 7861 11667 5561)
4(1771 5562 11667 7862)
4(11669 2979 11666 5560)
4(11669 5561 11667 2979)
4(11666 2979 11667 5562)
4(11670 7630 11666 2979)
4(12842 2979 11666 7631)
4(984 7630 11670 4424)
4(11671 2979 11667 7861)
4(11667 2979 12842 7862)
4(1051 4425 11671 7861)
4(11670 2979 11669 7874)
4(11671 7875 11669 2979)
4(1055 4427 11670 7874)
4(1055 7875 11671 4427)
4(1538 7874 11670 7630)
4(1539 7861 11671 7875)
4(11672 2980 9192 5563)
4(11673 2980 11672 5565)
4(9192 2980 11673 5567)
4(417 5567 11673 5565)
4(9192 2980 11399 7623)
4(12871 2980 9192 7625)
4(11672 7634 11399 2980)
4(11672 2980 9196 7635)
4(11673 7636 9196 2980)
4(12871 7637 11673 2980)
4(986 7636 11673 7637)
4(1540 5565 11673 7636)
4(1781 7637 11673 5567)
4(9194 2981 11675 5564)
4(11675 2981 11674 5566)
4(11674 2981 9194 5567)
4(417 5566 11674 5567)
4(9194 7630 11670 2981)
4(12873 7632 9194 2981)
4(11674 2981 9305 7871)
4(12873 2981 11674 7872)
4(1054 7872 11674 7871)
4(11675 2981 11670 7874)
4(11675 7876 9305 2981)
4(1541 7871 11674 5566)
4(1781 5567 11674 7872)
4(11676 2982 11673 5565)
4(11676 5566 11674 2982)
4(11673 2982 11674 5567)
4(11677 7636 11673 2982)
4(12872 2982 11673 7637)
4(986 7636 11677 4429)
4(11678 2982 11674 7871)
4(11674 2982 12872 7872)
4(1054 4430 11678 7871)
4(11677 2982 11676 7881)
4(11678 7882 11676 2982)
4(1057 4432 11677 7881)
4(1057 7882 11678 4432)
4(1540 7881 11677 7636)
4(1541 7871 11678 7882)
4(9197 7636 11677 2983)
3(2983 11677 7881)
3(992 7659 7657)
4(992 7659 11679 4444)
4(9203 7655 11483 2984)
4(11680 2984 11483 7665)
4(994 7667 11680 7665)
4(1509 7665 11680 5568)
4(9204 2985 11490 7658)
4(11681 7900 11490 2985)
4(1063 7900 11681 7902)
4(1509 5568 11681 7900)
4(11493 2986 11680 7665)
4(994 7667 11682 4450)
4(11493 7900 11681 2986)
4(1063 4452 11683 7902)
4(9208 7663 11501 2987)
4(11684 2987 11501 7673)
4(996 7675 11684 7673)
4(1512 7673 11684 5569)
4(9209 2988 11508 7666)
4(11685 7908 11508 2988)
4(1065 7908 11685 7910)
4(1512 5569 11685 7908)
4(11511 2989 11684 7673)
4(996 7675 11686 4456)
4(11511 7908 11685 2989)
4(1065 4458 11687 7910)
4(9213 7671 11519 2990)
4(11688 2990 11519 7681)
4(998 7683 11688 7681)
4(1515 7681 11688 5570)
4(9214 2991 11526 7674)
4(11689 7916 11526 2991)
4(1067 7916 11689 7918)
4(1515 5570 11689 7916)
4(11529 2992 11688 7681)
4(998 7683 11690 4462)
4(11529 7916 11689 2992)
4(1067 4464 11691 7918)
4(9218 7679 11537 2993)
4(11692 2993 11537 7689)
4(1000 7691 11692 7689)
4(1518 7689 11692 5571)
4(9219 2994 11544 7682)
4(11693 7924 11544 2994)
4(1069 7924 11693 7926)
4(1518 5571 11693 7924)
4(11547 2995 11692 7689)
4(1000 7691 11694 4468)
4(11547 7924 11693 2995)
4(1069 4470 11695 7926)
3(9223 7687 11555)
3(1521 7696 5572)
4(9224 2996 11562 7690)
4(11696 7932 11562 2996)
4(1071 7932 11696 7934)
4(1521 5572 11696 7932)
3(11565 7932 11696)
3(1071 4476 7934)
3(11697 2997 9229)
4(11698 2997 11697 5573)
4(9229 2997 11698 5575)
3(5575 11698 5573)
4(9229 2997 11424 7718)
4(12396 2997 9229 7720)
4(11697 7725 11424 2997)
4(11697 2997 9231 7727)
4(1010 7725 11697 7727)
4(11698 7728 9231 2997)
4(12396 7729 11698 2997)
4(1011 7728 11698 7729)
4(1542 7727 11697 5573)
4(1542 5573 11698 7728)
4(1622 7729 11698 5575)
3(11699 11697 7727)
4(1010 4434 11699 7727)
3(1542 7888 5573)
4(1542 7727 11699 7888)
4(11701 2998 11698 5573)
4(11701 5574 11700 2998)
4(11698 2998 11700 5575)
4(11702 7728 11698 2998)
4(12397 2998 11698 7729)
4(1011 7728 11702 4496)
4(11703 2998 11700 7966)
4(11700 2998 12397 7967)
4(1080 4497 11703 7966)
4(11702 2998 11701 7972)
4(11703 7973 11701 2998)
4(1082 7972 11701 7973)
4(1082 4499 11702 7972)
4(1082 7973 11703 4499)
4(1542 5573 11701 7972)
4(1542 7972 11702 7728)
4(1543 7966 11703 7973)
3(11704 7972 11701)
4(1082 7972 11704 4581)
3(1082 4581 7973)
4(1542 7888 11704 7972)
4(11705 2999 9232 5576)
4(11706 2999 11705 5578)
4(9232 2999 11706 5581)
4(418 5578 11705 5576)
4(418 5581 11706 5578)
4(9232 2999 11436 7721)
4(12424 2999 9232 7723)
4(11705 7735 11436 2999)
4(11705 2999 9236 7737)
4(1013 7735 11705 7737)
4(11706 7738 9236 2999)
4(12424 7739 11706 2999)
4(1014 7738 11706 7739)
4(1501 5576 11705 7735)
4(1544 7737 11705 5578)
4(1544 5578 11706 7738)
4(1632 7739 11706 5581)
4(9233 3000 11707 5576)
4(11708 3000 9233 5577)
4(418 5576 11707 5579)
4(418 5579 11708 5577)
4(9233 7726 11438 3000)
4(9233 3000 11699 7727)
4(1501 7887 11707 5576)
4(1542 5577 11708 7888)
4(11705 5576 11707 3001)
4(11705 3001 11709 5578)
4(418 5578 11709 5579)
4(11440 7735 11705 3001)
4(11710 3001 11705 7737)
4(1013 4436 11710 7737)
4(11710 7892 11709 3001)
3(1060 11709 7892)
4(1060 7892 11710 4438)
4(1544 7892 11709 5578)
4(1544 7737 11710 7892)
4(9234 3002 11712 5577)
4(11712 3002 11711 5580)
4(11711 3002 9234 5581)
4(418 5580 11711 5581)
4(418 5577 11712 5580)
4(9234 7728 11702 3002)
4(12426 7730 9234 3002)
4(11711 3002 9345 7969)
4(12426 3002 11711 7970)
4(1081 7970 11711 7969)
4(11712 3002 11702 7972)
4(11712 7974 9345 3002)
4(1082 7974 11712 7972)
4(1542 7972 11712 5577)
4(1545 7969 11711 5580)
4(1545 5580 11712 7974)
4(1632 5581 11711 7970)
4(11713 3003 11706 5578)
4(11713 5580 11711 3003)
4(11706 3003 11711 5581)
4(418 5580 11713 5578)
4(11714 7738 11706 3003)
4(12425 3003 11706 7739)
4(1014 7738 11714 4501)
4(11715 3003 11711 7969)
4(11711 3003 12425 7970)
4(1081 4502 11715 7969)
4(11714 3003 11713 7982)
4(11715 7983 11713 3003)
4(1085 7982 11713 7983)
4(1085 4504 11714 7982)
4(1085 7983 11715 4504)
4(1544 5578 11713 7982)
4(1544 7982 11714 7738)
4(1545 7983 11713 5580)
4(1545 7969 11715 7983)
4(11708 5577 11712 3004)
4(11716 3004 11712 5580)
4(418 5579 11716 5580)
4(11704 3004 11712 7972)
4(11712 3004 11717 7974)
4(1082 7974 11717 4581)
4(1545 5580 11716 8135)
4(1545 8135 11717 7974)
4(11709 3005 11713 5578)
4(11713 3005 11716 5580)
4(11718 3005 11709 7892)
4(1060 4582 11718 7892)
4(11718 7982 11713 3005)
4(11719 3005 11713 7983)
4(1085 7982 11718 4583)
4(1085 4583 11719 7983)
4(1544 7892 11718 7982)
4(1545 7983 11719 8135)
4(11720 3006 9237 5582)
4(11721 3006 11720 5584)
4(9237 3006 11721 5587)
4(419 5584 11720 5582)
4(419 5587 11721 5584)
4(9237 3006 11452 7731)
4(12454 3006 9237 7733)
4(11720 7745 11452 3006)
4(11720 3006 9241 7747)
4(1016 7745 11720 7747)
4(11721 7748 9241 3006)
4(12454 7749 11721 3006)
4(1017 7748 11721 7749)
4(1504 5582 11720 7745)
4(1546 7747 11720 5584)
4(1546 5584 11721 7748)
4(1642 7749 11721 5587)
4(9238 3007 11722 5582)
4(11723 3007 9238 5583)
4(11722 3007 11723 5585)
4(419 5582 11722 5585)
4(419 5585 11723 5583)
4(9238 7736 11455 3007)
4(9238 3007 11710 7737)
4(11722 3007 11455 7890)
4(11722 7891 9313 3007)
4(1059 7891 11722 7890)
4(11723 7892 11710 3007)
4(11723 3007 9313 7893)
4(1060 7892 11723 7893)
4(1504 7890 11722 5582)
4(1544 5583 11723 7892)
4(1547 5585 11722 7891)
4(1547 7893 11723 5585)
4(11720 5582 11722 3008)
4(11720 3008 11724 5584)
4(11724 3008 11722 5585)
4(419 5584 11724 5585)
4(11458 7745 11720 3008)
4(11725 3008 11720 7747)
4(1016 4440 11725 7747)
4(11458 3008 11722 7890)
4(11722 3008 11726 7891)
4(11725 7897 11724 3008)
4(11726 3008 11724 7898)
4(1062 7898 11724 7897)
4(1062 7897 11725 4443)
4(1546 7897 11724 5584)
4(1546 7747 11725 7897)
4(1547 5585 11724 7898)
4(9239 3009 11728 5583)
4(11728 3009 11727 5586)
4(11727 3009 9239 5587)
4(419 5586 11727 5587)
4(419 5583 11728 5586)
4(9239 7738 11714 3009)
4(12456 7740 9239 3009)
4(11727 3009 9350 7979)
4(12456 3009 11727 7980)
4(1084 7980 11727 7979)
4(11728 3009 11714 7982)
4(11728 7984 9350 3009)
4(1085 7984 11728 7982)
4(1544 7982 11728 5583)
4(1548 7979 11727 5586)
4(1548 5586 11728 7984)
4(1642 5587 11727 7980)
4(11729 3010 11721 5584)
4(11729 5586 11727 3010)
4(11721 3010 11727 5587)
4(419 5586 11729 5584)
4(11730 7748 11721 3010)
4(12455 3010 11721 7749)
4(1017 7748 11730 4506)
4(11731 3010 11727 7979)
4(11727 3010 12455 7980)
4(1084 4507 11731 7979)
4(11730 3010 11729 7992)
4(11731 7993 11729 3010)
4(1088 7992 11729 7993)
4(1088 4509 11730 7992)
4(1088 7993 11731 4509)
4(1546 5584 11729 7992)
4(1546 7992 11730 7748)
4(1548 7993 11729 5586)
4(1548 7979 11731 7993)
4(11723 5583 11728 3011)
4(11723 3011 11732 5585)
4(11732 3011 11728 5586)
4(419 5585 11732 5586)
4(11718 7892 11723 3011)
4(11733 3011 11723 7893)
4(11718 3011 11728 7982)
4(11728 3011 11734 7984)
4(1085 7984 11734 4583)
4(11733 8137 11732 3011)
4(11734 3011 11732 8138)
4(1131 8138 11732 8137)
4(1131 4584 11734 8138)
4(1547 8137 11732 5585)
4(1548 5586 11732 8138)
4(1548 8138 11734 7984)
4(11724 3012 11729 5584)
4(11724 5585 11732 3012)
4(11729 3012 11732 5586)
4(11735 3012 11724 7897)
4(11724 3012 11736 7898)
4(1062 4586 11735 7897)
4(11735 7992 11729 3012)
4(11737 3012 11729 7993)
4(1088 7992 11735 4587)
4(1088 4587 11737 7993)
4(11736 3012 11732 8137)
4(11732 3012 11737 8138)
4(1131 8138 11737 4588)
4(1546 7897 11735 7992)
4(1548 7993 11737 8138)
4(11738 3013 9242 5588)
4(11739 3013 11738 5590)
4(9242 3013 11739 5593)
4(420 5590 11738 5588)
4(420 5593 11739 5590)
4(9242 3013 11470 7741)
4(12484 3013 9242 7743)
4(11738 7755 11470 3013)
4(11738 3013 9246 7757)
4(1019 7755 11738 7757)
4(11739 7758 9246 3013)
4(12484 7759 11739 3013)
4(1020 7758 11739 7759)
4(1507 5588 11738 7755)
4(1549 7757 11738 5590)
4(1549 5590 11739 7758)
4(1652 7759 11739 5593)
4(9243 3014 11740 5588)
4(11741 3014 9243 5589)
4(11740 3014 11741 5591)
4(420 5588 11740 5591)
4(420 5591 11741 5589)
4(9243 7746 11473 3014)
4(9243 3014 11725 7747)
4(11740 3014 11473 7895)
4(11740 7896 9314 3014)
4(1061 7896 11740 7895)
4(11741 7897 11725 3014)
4(11741 3014 9314 7899)
4(1062 7897 11741 7899)
4(1507 7895 11740 5588)
4(1546 5589 11741 7897)
4(1550 5591 11740 7896)
4(1550 7899 11741 5591)
4(11738 5588 11740 3015)
4(11738 3015 11742 5590)
4(11742 3015 11740 5591)
4(420 5590 11742 5591)
4(11476 7755 11738 3015)
4(11743 3015 11738 7757)
4(1019 4445 11743 7757)
4(11476 3015 11740 7895)
4(11740 3015 11744 7896)
4(11743 7904 11742 3015)
4(11744 3015 11742 7905)
4(1064 7905 11742 7904)
4(1064 7904 11743 4449)
4(1064 4449 11744 7905)
4(1549 7904 11742 5590)
4(1549 7757 11743 7904)
4(1550 5591 11742 7905)
4(9244 3016 11746 5589)
4(11746 3016 11745 5592)
4(11745 3016 9244 5593)
4(420 5592 11745 5593)
4(420 5589 11746 5592)
4(9244 7748 11730 3016)
4(12486 7750 9244 3016)
4(11745 3016 9355 7989)
4(12486 3016 11745 7990)
4(1087 7990 11745 7989)
4(11746 3016 11730 7992)
4(11746 7994 9355 3016)
4(1088 7994 11746 7992)
4(1546 7992 11746 5589)
4(1551 7989 11745 5592)
4(1551 5592 11746 7994)
4(1652 5593 11745 7990)
4(11747 3017 11739 5590)
4(11747 5592 11745 3017)
4(11739 3017 11745 5593)
4(420 5592 11747 5590)
4(11748 7758 11739 3017)
4(12485 3017 11739 7759)
4(1020 7758 11748 4511)
4(11749 3017 11745 7989)
4(11745 3017 12485 7990)
4(1087 4512 11749 7989)
4(11748 3017 11747 8002)
4(11749 8003 11747 3017)
4(1091 8002 11747 8003)
4(1091 4514 11748 8002)
4(1091 8003 11749 4514)
4(1549 5590 11747 8002)
4(1549 8002 11748 7758)
4(1551 8003 11747 5592)
4(1551 7989 11749 8003)
4(11741 5589 11746 3018)
4(11741 3018 11750 5591)
4(11750 3018 11746 5592)
4(420 5591 11750 5592)
4(11735 7897 11741 3018)
4(11751 3018 11741 7899)
4(11735 3018 11746 7992)
4(11746 3018 11752 7994)
4(1088 7994 11752 4587)
4(11751 8143 11750 3018)
4(11752 3018 11750 8144)
4(1133 8144 11750 8143)
4(1133 4589 11752 8144)
4(1550 8143 11750 5591)
4(1551 5592 11750 8144)
4(1551 8144 11752 7994)
4(11742 3019 11747 5590)
4(11742 5591 11750 3019)
4(11747 3019 11750 5592)
4(11753 3019 11742 7904)
4(11742 3019 11754 7905)
4(1064 4591 11753 7904)
4(1064 7905 11754 4591)
4(11753 8002 11747 3019)
4(11755 3019 11747 8003)
4(1091 8002 11753 4592)
4(1091 4592 11755 8003)
4(11754 3019 11750 8143)
4(11750 3019 11755 8144)
4(1133 8144 11755 4593)
4(1549 7904 11753 8002)
4(1551 8003 11755 8144)
4(11756 3020 9247 5594)
4(11757 3020 11756 5596)
4(9247 3020 11757 5599)
4(421 5596 11756 5594)
4(421 5599 11757 5596)
4(9247 3020 11488 7751)
4(12514 3020 9247 7753)
4(11756 7765 11488 3020)
4(11756 3020 9251 7767)
4(1022 7765 11756 7767)
4(11757 7768 9251 3020)
4(12514 7769 11757 3020)
4(1023 7768 11757 7769)
4(1510 5594 11756 7765)
4(1552 7767 11756 5596)
4(1552 5596 11757 7768)
4(1662 7769 11757 5599)
4(9248 3021 11758 5594)
4(11759 3021 9248 5595)
4(11758 3021 11759 5597)
4(421 5594 11758 5597)
4(421 5597 11759 5595)
4(9248 7756 11491 3021)
4(9248 3021 11743 7757)
4(11758 3021 11491 7901)
4(11758 7903 9316 3021)
4(1063 7903 11758 7901)
4(11759 7904 11743 3021)
4(11759 3021 9316 7906)
4(1064 7904 11759 7906)
4(1510 7901 11758 5594)
4(1549 5595 11759 7904)
4(1553 5597 11758 7903)
4(1553 7906 11759 5597)
4(11756 5594 11758 3022)
4(11756 3022 11760 5596)
4(11760 3022 11758 5597)
4(421 5596 11760 5597)
4(11494 7765 11756 3022)
4(11761 3022 11756 7767)
4(1022 4451 11761 7767)
4(11494 3022 11758 7901)
4(11758 3022 11762 7903)
4(1063 7903 11762 4452)
4(11761 7912 11760 3022)
4(11762 3022 11760 7913)
4(1066 7913 11760 7912)
4(1066 7912 11761 4455)
4(1066 4455 11762 7913)
4(1552 7912 11760 5596)
4(1552 7767 11761 7912)
4(1553 5597 11760 7913)
4(1553 7913 11762 7903)
4(9249 3023 11764 5595)
4(11764 3023 11763 5598)
4(11763 3023 9249 5599)
4(421 5598 11763 5599)
4(421 5595 11764 5598)
4(9249 7758 11748 3023)
4(12516 7760 9249 3023)
4(11763 3023 9360 7999)
4(12516 3023 11763 8000)
4(1090 8000 11763 7999)
4(11764 3023 11748 8002)
4(11764 8004 9360 3023)
4(1091 8004 11764 8002)
4(1549 8002 11764 5595)
4(1554 7999 11763 5598)
4(1554 5598 11764 8004)
4(1662 5599 11763 8000)
4(11765 3024 11757 5596)
4(11765 5598 11763 3024)
4(11757 3024 11763 5599)
4(421 5598 11765 5596)
4(11766 7768 11757 3024)
4(12515 3024 11757 7769)
4(1023 7768 11766 4516)
4(11767 3024 11763 7999)
4(11763 3024 12515 8000)
4(1090 4517 11767 7999)
4(11766 3024 11765 8012)
4(11767 8013 11765 3024)
4(1094 8012 11765 8013)
4(1094 4519 11766 8012)
4(1094 8013 11767 4519)
4(1552 5596 11765 8012)
4(1552 8012 11766 7768)
4(1554 8013 11765 5598)
4(1554 7999 11767 8013)
4(11759 5595 11764 3025)
4(11759 3025 11768 5597)
4(11768 3025 11764 5598)
4(421 5597 11768 5598)
4(11753 7904 11759 3025)
4(11769 3025 11759 7906)
4(1064 4591 11769 7906)
4(11753 3025 11764 8002)
4(11764 3025 11770 8004)
4(1091 8004 11770 4592)
4(11769 8149 11768 3025)
4(11770 3025 11768 8150)
4(1135 8150 11768 8149)
4(1135 8149 11769 4594)
4(1135 4594 11770 8150)
4(1553 8149 11768 5597)
4(1553 7906 11769 8149)
4(1554 5598 11768 8150)
4(1554 8150 11770 8004)
4(11760 3026 11765 5596)
4(11760 5597 11768 3026)
4(11765 3026 11768 5598)
4(11771 3026 11760 7912)
4(11760 3026 11772 7913)
4(1066 4597 11771 7912)
4(1066 7913 11772 4597)
4(11771 8012 11765 3026)
4(11773 3026 11765 8013)
4(1094 8012 11771 4598)
4(1094 4598 11773 8013)
4(11772 3026 11768 8149)
4(11768 3026 11773 8150)
4(1135 4599 11772 8149)
4(1135 8150 11773 4599)
4(1552 7912 11771 8012)
4(1553 8149 11772 7913)
4(1554 8013 11773 8150)
4(11774 3027 9252 5600)
4(11775 3027 11774 5602)
4(9252 3027 11775 5605)
4(422 5602 11774 5600)
4(422 5605 11775 5602)
4(9252 3027 11506 7761)
4(12544 3027 9252 7763)
4(11774 7775 11506 3027)
4(11774 3027 9256 7777)
4(1025 7775 11774 7777)
4(11775 7778 9256 3027)
4(12544 7779 11775 3027)
4(1026 7778 11775 7779)
4(1513 5600 11774 7775)
4(1555 7777 11774 5602)
4(1555 5602 11775 7778)
4(1672 7779 11775 5605)
4(9253 3028 11776 5600)
4(11777 3028 9253 5601)
4(11776 3028 11777 5603)
4(422 5600 11776 5603)
4(422 5603 11777 5601)
4(9253 7766 11509 3028)
4(9253 3028 11761 7767)
4(11776 3028 11509 7909)
4(11776 7911 9321 3028)
4(1065 7911 11776 7909)
4(11777 7912 11761 3028)
4(11777 3028 9321 7914)
4(1066 7912 11777 7914)
4(1513 7909 11776 5600)
4(1552 5601 11777 7912)
4(1556 5603 11776 7911)
4(1556 7914 11777 5603)
4(11774 5600 11776 3029)
4(11774 3029 11778 5602)
4(11778 3029 11776 5603)
4(422 5602 11778 5603)
4(11512 7775 11774 3029)
4(11779 3029 11774 7777)
4(1025 4457 11779 7777)
4(11512 3029 11776 7909)
4(11776 3029 11780 7911)
4(1065 7911 11780 4458)
4(11779 7920 11778 3029)
4(11780 3029 11778 7921)
4(1068 7921 11778 7920)
4(1068 7920 11779 4461)
4(1068 4461 11780 7921)
4(1555 7920 11778 5602)
4(1555 7777 11779 7920)
4(1556 5603 11778 7921)
4(1556 7921 11780 7911)
4(9254 3030 11782 5601)
4(11782 3030 11781 5604)
4(11781 3030 9254 5605)
4(422 5604 11781 5605)
4(422 5601 11782 5604)
4(9254 7768 11766 3030)
4(12546 7770 9254 3030)
4(11781 3030 9365 8009)
4(12546 3030 11781 8010)
4(1093 8010 11781 8009)
4(11782 3030 11766 8012)
4(11782 8014 9365 3030)
4(1094 8014 11782 8012)
4(1552 8012 11782 5601)
4(1557 8009 11781 5604)
4(1557 5604 11782 8014)
4(1672 5605 11781 8010)
4(11783 3031 11775 5602)
4(11783 5604 11781 3031)
4(11775 3031 11781 5605)
4(422 5604 11783 5602)
4(11784 7778 11775 3031)
4(12545 3031 11775 7779)
4(1026 7778 11784 4521)
4(11785 3031 11781 8009)
4(11781 3031 12545 8010)
4(1093 4522 11785 8009)
4(11784 3031 11783 8022)
4(11785 8023 11783 3031)
4(1097 8022 11783 8023)
4(1097 4524 11784 8022)
4(1097 8023 11785 4524)
4(1555 5602 11783 8022)
4(1555 8022 11784 7778)
4(1557 8023 11783 5604)
4(1557 8009 11785 8023)
4(11777 5601 11782 3032)
4(11777 3032 11786 5603)
4(11786 3032 11782 5604)
4(422 5603 11786 5604)
4(11771 7912 11777 3032)
4(11787 3032 11777 7914)
4(1066 4597 11787 7914)
4(11771 3032 11782 8012)
4(11782 3032 11788 8014)
4(1094 8014 11788 4598)
4(11787 8157 11786 3032)
4(11788 3032 11786 8158)
4(1137 8158 11786 8157)
4(1137 8157 11787 4600)
4(1137 4600 11788 8158)
4(1556 8157 11786 5603)
4(1556 7914 11787 8157)
4(1557 5604 11786 8158)
4(1557 8158 11788 8014)
4(11778 3033 11783 5602)
4(11778 5603 11786 3033)
4(11783 3033 11786 5604)
4(11789 3033 11778 7920)
4(11778 3033 11790 7921)
4(1068 4603 11789 7920)
4(1068 7921 11790 4603)
4(11789 8022 11783 3033)
4(11791 3033 11783 8023)
4(1097 8022 11789 4604)
4(1097 4604 11791 8023)
4(11790 3033 11786 8157)
4(11786 3033 11791 8158)
4(1137 4605 11790 8157)
4(1137 8158 11791 4605)
4(1555 7920 11789 8022)
4(1556 8157 11790 7921)
4(1557 8023 11791 8158)
4(11792 3034 9257 5606)
4(11793 3034 11792 5608)
4(9257 3034 11793 5611)
4(423 5608 11792 5606)
4(423 5611 11793 5608)
4(9257 3034 11524 7771)
4(12574 3034 9257 7773)
4(11792 7785 11524 3034)
4(11792 3034 9261 7787)
4(1028 7785 11792 7787)
4(11793 7788 9261 3034)
4(12574 7789 11793 3034)
4(1029 7788 11793 7789)
4(1516 5606 11792 7785)
4(1558 7787 11792 5608)
4(1558 5608 11793 7788)
4(1682 7789 11793 5611)
4(9258 3035 11794 5606)
4(11795 3035 9258 5607)
4(11794 3035 11795 5609)
4(423 5606 11794 5609)
4(423 5609 11795 5607)
4(9258 7776 11527 3035)
4(9258 3035 11779 7777)
4(11794 3035 11527 7917)
4(11794 7919 9326 3035)
4(1067 7919 11794 7917)
4(11795 7920 11779 3035)
4(11795 3035 9326 7922)
4(1068 7920 11795 7922)
4(1516 7917 11794 5606)
4(1555 5607 11795 7920)
4(1559 5609 11794 7919)
4(1559 7922 11795 5609)
4(11792 5606 11794 3036)
4(11792 3036 11796 5608)
4(11796 3036 11794 5609)
4(423 5608 11796 5609)
4(11530 7785 11792 3036)
4(11797 3036 11792 7787)
4(1028 4463 11797 7787)
4(11530 3036 11794 7917)
4(11794 3036 11798 7919)
4(1067 7919 11798 4464)
4(11797 7928 11796 3036)
4(11798 3036 11796 7929)
4(1070 7929 11796 7928)
4(1070 7928 11797 4467)
4(1070 4467 11798 7929)
4(1558 7928 11796 5608)
4(1558 7787 11797 7928)
4(1559 5609 11796 7929)
4(1559 7929 11798 7919)
4(9259 3037 11800 5607)
4(11800 3037 11799 5610)
4(11799 3037 9259 5611)
4(423 5610 11799 5611)
4(423 5607 11800 5610)
4(9259 7778 11784 3037)
4(12576 7780 9259 3037)
4(11799 3037 9370 8019)
4(12576 3037 11799 8020)
4(1096 8020 11799 8019)
4(11800 3037 11784 8022)
4(11800 8024 9370 3037)
4(1097 8024 11800 8022)
4(1555 8022 11800 5607)
4(1560 8019 11799 5610)
4(1560 5610 11800 8024)
4(1682 5611 11799 8020)
4(11801 3038 11793 5608)
4(11801 5610 11799 3038)
4(11793 3038 11799 5611)
4(423 5610 11801 5608)
4(11802 7788 11793 3038)
4(12575 3038 11793 7789)
4(1029 7788 11802 4526)
4(11803 3038 11799 8019)
4(11799 3038 12575 8020)
4(1096 4527 11803 8019)
4(11802 3038 11801 8032)
4(11803 8033 11801 3038)
4(1100 8032 11801 8033)
4(1100 4529 11802 8032)
4(1100 8033 11803 4529)
4(1558 5608 11801 8032)
4(1558 8032 11802 7788)
4(1560 8033 11801 5610)
4(1560 8019 11803 8033)
4(11795 5607 11800 3039)
4(11795 3039 11804 5609)
4(11804 3039 11800 5610)
4(423 5609 11804 5610)
4(11789 7920 11795 3039)
4(11805 3039 11795 7922)
4(1068 4603 11805 7922)
4(11789 3039 11800 8022)
4(11800 3039 11806 8024)
4(1097 8024 11806 4604)
4(11805 8165 11804 3039)
4(11806 3039 11804 8166)
4(1139 8166 11804 8165)
4(1139 8165 11805 4606)
4(1139 4606 11806 8166)
4(1559 8165 11804 5609)
4(1559 7922 11805 8165)
4(1560 5610 11804 8166)
4(1560 8166 11806 8024)
4(11796 3040 11801 5608)
4(11796 5609 11804 3040)
4(11801 3040 11804 5610)
4(11807 3040 11796 7928)
4(11796 3040 11808 7929)
4(1070 4609 11807 7928)
4(1070 7929 11808 4609)
4(11807 8032 11801 3040)
4(11809 3040 11801 8033)
4(1100 8032 11807 4610)
4(1100 4610 11809 8033)
4(11808 3040 11804 8165)
4(11804 3040 11809 8166)
4(1139 4611 11808 8165)
4(1139 8166 11809 4611)
4(1558 7928 11807 8032)
4(1559 8165 11808 7929)
4(1560 8033 11809 8166)
4(11810 3041 9262 5612)
4(11811 3041 11810 5614)
4(9262 3041 11811 5617)
4(424 5614 11810 5612)
4(424 5617 11811 5614)
4(9262 3041 11542 7781)
4(12604 3041 9262 7783)
4(11810 7795 11542 3041)
4(11810 3041 9266 7797)
4(1031 7795 11810 7797)
4(11811 7798 9266 3041)
4(12604 7799 11811 3041)
4(1032 7798 11811 7799)
4(1519 5612 11810 7795)
4(1561 7797 11810 5614)
4(1561 5614 11811 7798)
4(1692 7799 11811 5617)
4(9263 3042 11812 5612)
4(11813 3042 9263 5613)
4(11812 3042 11813 5615)
4(424 5612 11812 5615)
4(424 5615 11813 5613)
4(9263 7786 11545 3042)
4(9263 3042 11797 7787)
4(11812 3042 11545 7925)
4(11812 7927 9331 3042)
4(1069 7927 11812 7925)
4(11813 7928 11797 3042)
4(11813 3042 9331 7930)
4(1070 7928 11813 7930)
4(1519 7925 11812 5612)
4(1558 5613 11813 7928)
4(1562 5615 11812 7927)
4(1562 7930 11813 5615)
4(11810 5612 11812 3043)
4(11810 3043 11814 5614)
4(11814 3043 11812 5615)
4(424 5614 11814 5615)
4(11548 7795 11810 3043)
4(11815 3043 11810 7797)
4(1031 4469 11815 7797)
4(11548 3043 11812 7925)
4(11812 3043 11816 7927)
4(1069 7927 11816 4470)
4(11815 7936 11814 3043)
4(11816 3043 11814 7937)
4(1072 7937 11814 7936)
4(1072 7936 11815 4473)
4(1072 4473 11816 7937)
4(1561 7936 11814 5614)
4(1561 7797 11815 7936)
4(1562 5615 11814 7937)
4(1562 7937 11816 7927)
4(9264 3044 11818 5613)
4(11818 3044 11817 5616)
4(11817 3044 9264 5617)
4(424 5616 11817 5617)
4(424 5613 11818 5616)
4(9264 7788 11802 3044)
4(12606 7790 9264 3044)
4(11817 3044 9375 8029)
4(12606 3044 11817 8030)
4(1099 8030 11817 8029)
4(11818 3044 11802 8032)
4(11818 8034 9375 3044)
4(1100 8034 11818 8032)
4(1558 8032 11818 5613)
4(1563 8029 11817 5616)
4(1563 5616 11818 8034)
4(1692 5617 11817 8030)
4(11819 3045 11811 5614)
4(11819 5616 11817 3045)
4(11811 3045 11817 5617)
4(424 5616 11819 5614)
4(11820 7798 11811 3045)
4(12605 3045 11811 7799)
4(1032 7798 11820 4531)
4(11821 3045 11817 8029)
4(11817 3045 12605 8030)
4(1099 4532 11821 8029)
4(11820 3045 11819 8042)
4(11821 8043 11819 3045)
4(1103 8042 11819 8043)
4(1103 4534 11820 8042)
4(1103 8043 11821 4534)
4(1561 5614 11819 8042)
4(1561 8042 11820 7798)
4(1563 8043 11819 5616)
4(1563 8029 11821 8043)
4(11813 5613 11818 3046)
4(11813 3046 11822 5615)
4(11822 3046 11818 5616)
4(424 5615 11822 5616)
4(11807 7928 11813 3046)
4(11823 3046 11813 7930)
4(1070 4609 11823 7930)
4(11807 3046 11818 8032)
4(11818 3046 11824 8034)
4(1100 8034 11824 4610)
4(11823 8173 11822 3046)
4(11824 3046 11822 8174)
4(1141 8174 11822 8173)
4(1141 8173 11823 4612)
4(1141 4612 11824 8174)
4(1562 8173 11822 5615)
4(1562 7930 11823 8173)
4(1563 5616 11822 8174)
4(1563 8174 11824 8034)
4(11814 3047 11819 5614)
4(11814 5615 11822 3047)
4(11819 3047 11822 5616)
4(11825 3047 11814 7936)
4(11814 3047 11826 7937)
4(1072 4615 11825 7936)
4(1072 7937 11826 4615)
4(11825 8042 11819 3047)
4(11827 3047 11819 8043)
4(1103 8042 11825 4616)
4(1103 4616 11827 8043)
4(11826 3047 11822 8173)
4(11822 3047 11827 8174)
4(1141 4617 11826 8173)
4(1141 8174 11827 4617)
4(1561 7936 11825 8042)
4(1562 8173 11826 7937)
4(1563 8043 11827 8174)
4(11828 3048 9267 5618)
4(11829 3048 11828 5620)
4(9267 3048 11829 5623)
4(425 5620 11828 5618)
4(425 5623 11829 5620)
4(9267 3048 11560 7791)
4(12634 3048 9267 7793)
4(11828 7805 11560 3048)
4(11828 3048 9271 7807)
4(1034 7805 11828 7807)
4(11829 7808 9271 3048)
4(12634 7809 11829 3048)
4(1035 7808 11829 7809)
4(1522 5618 11828 7805)
4(1564 7807 11828 5620)
4(1564 5620 11829 7808)
4(1702 7809 11829 5623)
4(9268 3049 11830 5618)
4(11831 3049 9268 5619)
4(11830 3049 11831 5621)
4(425 5618 11830 5621)
4(425 5621 11831 5619)
4(9268 7796 11563 3049)
4(9268 3049 11815 7797)
4(11830 3049 11563 7933)
4(11830 7935 9336 3049)
4(1071 7935 11830 7933)
4(11831 7936 11815 3049)
4(11831 3049 9336 7938)
4(1072 7936 11831 7938)
4(1522 7933 11830 5618)
4(1561 5619 11831 7936)
4(1565 5621 11830 7935)
4(1565 7938 11831 5621)
4(11828 5618 11830 3050)
4(11828 3050 11832 5620)
4(11832 3050 11830 5621)
4(425 5620 11832 5621)
4(11566 7805 11828 3050)
4(11833 3050 11828 7807)
4(1034 4475 11833 7807)
4(11566 3050 11830 7933)
4(11830 3050 11834 7935)
4(1071 7935 11834 4476)
4(11833 7943 11832 3050)
4(11834 3050 11832 7944)
4(1074 7944 11832 7943)
4(1074 7943 11833 4478)
4(1564 7943 11832 5620)
4(1564 7807 11833 7943)
4(1565 5621 11832 7944)
4(1565 7944 11834 7935)
4(9269 3051 11836 5619)
4(11836 3051 11835 5622)
4(11835 3051 9269 5623)
4(425 5622 11835 5623)
4(425 5619 11836 5622)
4(9269 7798 11820 3051)
4(12636 7800 9269 3051)
4(11835 3051 9380 8039)
4(12636 3051 11835 8040)
4(1102 8040 11835 8039)
4(11836 3051 11820 8042)
4(11836 8044 9380 3051)
4(1103 8044 11836 8042)
4(1561 8042 11836 5619)
4(1566 8039 11835 5622)
4(1566 5622 11836 8044)
4(1702 5623 11835 8040)
4(11837 3052 11829 5620)
4(11837 5622 11835 3052)
4(11829 3052 11835 5623)
4(425 5622 11837 5620)
4(11838 7808 11829 3052)
4(12635 3052 11829 7809)
4(1035 7808 11838 4536)
4(11839 3052 11835 8039)
4(11835 3052 12635 8040)
4(1102 4537 11839 8039)
4(11838 3052 11837 8052)
4(11839 8053 11837 3052)
4(1106 8052 11837 8053)
4(1106 4539 11838 8052)
4(1106 8053 11839 4539)
4(1564 5620 11837 8052)
4(1564 8052 11838 7808)
4(1566 8053 11837 5622)
4(1566 8039 11839 8053)
4(11831 5619 11836 3053)
4(11831 3053 11840 5621)
4(11840 3053 11836 5622)
4(425 5621 11840 5622)
4(11825 7936 11831 3053)
4(11841 3053 11831 7938)
4(1072 4615 11841 7938)
4(11825 3053 11836 8042)
4(11836 3053 11842 8044)
4(1103 8044 11842 4616)
4(11841 8181 11840 3053)
4(11842 3053 11840 8182)
4(1143 8182 11840 8181)
4(1143 8181 11841 4618)
4(1143 4618 11842 8182)
4(1565 8181 11840 5621)
4(1565 7938 11841 8181)
4(1566 5622 11840 8182)
4(1566 8182 11842 8044)
4(11832 3054 11837 5620)
4(11832 5621 11840 3054)
4(11837 3054 11840 5622)
4(11843 3054 11832 7943)
4(11832 3054 11844 7944)
4(1074 4621 11843 7943)
4(11843 8052 11837 3054)
4(11845 3054 11837 8053)
4(1106 8052 11843 4622)
4(1106 4622 11845 8053)
4(11844 3054 11840 8181)
4(11840 3054 11845 8182)
4(1143 4623 11844 8181)
4(1143 8182 11845 4623)
4(1564 7943 11843 8052)
4(1565 8181 11844 7944)
4(1566 8053 11845 8182)
4(11846 3055 9272 5624)
4(11847 3055 11846 5626)
4(9272 3055 11847 5629)
4(426 5626 11846 5624)
4(426 5629 11847 5626)
4(9272 3055 11578 7801)
4(12664 3055 9272 7803)
4(11846 7815 11578 3055)
4(11846 3055 9276 7817)
4(1037 7815 11846 7817)
4(11847 7818 9276 3055)
4(12664 7819 11847 3055)
4(1038 7818 11847 7819)
4(1525 5624 11846 7815)
4(1567 7817 11846 5626)
4(1567 5626 11847 7818)
4(1712 7819 11847 5629)
4(9273 3056 11848 5624)
4(11849 3056 9273 5625)
4(11848 3056 11849 5627)
4(426 5624 11848 5627)
4(426 5627 11849 5625)
4(9273 7806 11581 3056)
4(9273 3056 11833 7807)
4(11848 3056 11581 7941)
4(11848 7942 9340 3056)
4(1073 7942 11848 7941)
4(11849 7943 11833 3056)
4(11849 3056 9340 7945)
4(1074 7943 11849 7945)
4(1525 7941 11848 5624)
4(1564 5625 11849 7943)
4(1568 5627 11848 7942)
4(1568 7945 11849 5627)
4(11846 5624 11848 3057)
4(11846 3057 11850 5626)
4(11850 3057 11848 5627)
4(426 5626 11850 5627)
4(11584 7815 11846 3057)
4(11851 3057 11846 7817)
4(1037 4480 11851 7817)
4(11584 3057 11848 7941)
4(11848 3057 11852 7942)
4(11851 7949 11850 3057)
4(11852 3057 11850 7950)
4(1076 7950 11850 7949)
4(1076 7949 11851 4483)
4(1567 7949 11850 5626)
4(1567 7817 11851 7949)
4(1568 5627 11850 7950)
4(9274 3058 11854 5625)
4(11854 3058 11853 5628)
4(11853 3058 9274 5629)
4(426 5628 11853 5629)
4(426 5625 11854 5628)
4(9274 7808 11838 3058)
4(12666 7810 9274 3058)
4(11853 3058 9385 8049)
4(12666 3058 11853 8050)
4(1105 8050 11853 8049)
4(11854 3058 11838 8052)
4(11854 8054 9385 3058)
4(1106 8054 11854 8052)
4(1564 8052 11854 5625)
4(1569 8049 11853 5628)
4(1569 5628 11854 8054)
4(1712 5629 11853 8050)
4(11855 3059 11847 5626)
4(11855 5628 11853 3059)
4(11847 3059 11853 5629)
4(426 5628 11855 5626)
4(11856 7818 11847 3059)
4(12665 3059 11847 7819)
4(1038 7818 11856 4541)
4(11857 3059 11853 8049)
4(11853 3059 12665 8050)
4(1105 4542 11857 8049)
4(11856 3059 11855 8062)
4(11857 8063 11855 3059)
4(1109 8062 11855 8063)
4(1109 4544 11856 8062)
4(1109 8063 11857 4544)
4(1567 5626 11855 8062)
4(1567 8062 11856 7818)
4(1569 8063 11855 5628)
4(1569 8049 11857 8063)
4(11849 5625 11854 3060)
4(11849 3060 11858 5627)
4(11858 3060 11854 5628)
4(426 5627 11858 5628)
4(11843 7943 11849 3060)
4(11859 3060 11849 7945)
4(11843 3060 11854 8052)
4(11854 3060 11860 8054)
4(1106 8054 11860 4622)
4(11859 8189 11858 3060)
4(11860 3060 11858 8190)
4(1145 8190 11858 8189)
4(1145 4624 11860 8190)
4(1568 8189 11858 5627)
4(1569 5628 11858 8190)
4(1569 8190 11860 8054)
4(11850 3061 11855 5626)
4(11850 5627 11858 3061)
4(11855 3061 11858 5628)
4(11861 3061 11850 7949)
4(11850 3061 11862 7950)
4(1076 4626 11861 7949)
4(11861 8062 11855 3061)
4(11863 3061 11855 8063)
4(1109 8062 11861 4627)
4(1109 4627 11863 8063)
4(11862 3061 11858 8189)
4(11858 3061 11863 8190)
4(1145 8190 11863 4628)
4(1567 7949 11861 8062)
4(1569 8063 11863 8190)
4(11864 3062 9277 5630)
4(11865 3062 11864 5632)
4(9277 3062 11865 5635)
4(427 5632 11864 5630)
4(427 5635 11865 5632)
4(9277 3062 11596 7811)
4(12694 3062 9277 7813)
4(11864 7825 11596 3062)
4(11864 3062 9281 7827)
4(1040 7825 11864 7827)
4(11865 7828 9281 3062)
4(12694 7829 11865 3062)
4(1041 7828 11865 7829)
4(1528 5630 11864 7825)
4(1570 7827 11864 5632)
4(1570 5632 11865 7828)
4(1722 7829 11865 5635)
4(9278 3063 11866 5630)
4(11867 3063 9278 5631)
4(11866 3063 11867 5633)
4(427 5630 11866 5633)
4(427 5633 11867 5631)
4(9278 7816 11599 3063)
4(9278 3063 11851 7817)
4(11866 3063 11599 7947)
4(11866 7948 9341 3063)
4(1075 7948 11866 7947)
4(11867 7949 11851 3063)
4(11867 3063 9341 7951)
4(1076 7949 11867 7951)
4(1528 7947 11866 5630)
4(1567 5631 11867 7949)
4(1571 5633 11866 7948)
4(1571 7951 11867 5633)
4(11864 5630 11866 3064)
4(11864 3064 11868 5632)
4(11868 3064 11866 5633)
4(427 5632 11868 5633)
4(11602 7825 11864 3064)
4(11869 3064 11864 7827)
4(1040 4485 11869 7827)
4(11602 3064 11866 7947)
4(11866 3064 11870 7948)
4(11869 7955 11868 3064)
4(11870 3064 11868 7956)
4(1078 7956 11868 7955)
4(1078 7955 11869 4488)
4(1570 7955 11868 5632)
4(1570 7827 11869 7955)
4(1571 5633 11868 7956)
4(9279 3065 11872 5631)
4(11872 3065 11871 5634)
4(11871 3065 9279 5635)
4(427 5634 11871 5635)
4(427 5631 11872 5634)
4(9279 7818 11856 3065)
4(12696 7820 9279 3065)
4(11871 3065 9390 8059)
4(12696 3065 11871 8060)
4(1108 8060 11871 8059)
4(11872 3065 11856 8062)
4(11872 8064 9390 3065)
4(1109 8064 11872 8062)
4(1567 8062 11872 5631)
4(1572 8059 11871 5634)
4(1572 5634 11872 8064)
4(1722 5635 11871 8060)
4(11873 3066 11865 5632)
4(11873 5634 11871 3066)
4(11865 3066 11871 5635)
4(427 5634 11873 5632)
4(11874 7828 11865 3066)
4(12695 3066 11865 7829)
4(1041 7828 11874 4546)
4(11875 3066 11871 8059)
4(11871 3066 12695 8060)
4(1108 4547 11875 8059)
4(11874 3066 11873 8072)
4(11875 8073 11873 3066)
4(1112 8072 11873 8073)
4(1112 4549 11874 8072)
4(1112 8073 11875 4549)
4(1570 5632 11873 8072)
4(1570 8072 11874 7828)
4(1572 8073 11873 5634)
4(1572 8059 11875 8073)
4(11867 5631 11872 3067)
4(11867 3067 11876 5633)
4(11876 3067 11872 5634)
4(427 5633 11876 5634)
4(11861 7949 11867 3067)
4(11877 3067 11867 7951)
4(11861 3067 11872 8062)
4(11872 3067 11878 8064)
4(1109 8064 11878 4627)
4(11877 8195 11876 3067)
4(11878 3067 11876 8196)
4(1147 8196 11876 8195)
4(1147 4629 11878 8196)
4(1571 8195 11876 5633)
4(1572 5634 11876 8196)
4(1572 8196 11878 8064)
4(11868 3068 11873 5632)
4(11868 5633 11876 3068)
4(11873 3068 11876 5634)
4(11879 3068 11868 7955)
4(11868 3068 11880 7956)
4(1078 4631 11879 7955)
4(11879 8072 11873 3068)
4(11881 3068 11873 8073)
4(1112 8072 11879 4632)
4(1112 4632 11881 8073)
4(11880 3068 11876 8195)
4(11876 3068 11881 8196)
4(1147 8196 11881 4633)
4(1570 7955 11879 8072)
4(1572 8073 11881 8196)
4(11882 3069 9282 5636)
4(11883 3069 11882 5638)
4(9282 3069 11883 5641)
4(428 5638 11882 5636)
4(428 5641 11883 5638)
4(9282 3069 11614 7821)
4(12724 3069 9282 7823)
4(11882 7835 11614 3069)
4(11882 3069 9286 7837)
4(1043 7835 11882 7837)
4(11883 7838 9286 3069)
4(12724 7839 11883 3069)
4(1044 7838 11883 7839)
4(1531 5636 11882 7835)
4(1573 7837 11882 5638)
4(1573 5638 11883 7838)
4(1732 7839 11883 5641)
4(9283 3070 11884 5636)
4(11885 3070 9283 5637)
4(11884 3070 11885 5639)
4(428 5636 11884 5639)
4(428 5639 11885 5637)
4(9283 7826 11617 3070)
4(9283 3070 11869 7827)
4(11884 3070 11617 7953)
4(11884 7954 9342 3070)
4(1077 7954 11884 7953)
4(11885 7955 11869 3070)
4(11885 3070 9342 7957)
4(1078 7955 11885 7957)
4(1531 7953 11884 5636)
4(1570 5637 11885 7955)
4(1574 5639 11884 7954)
4(1574 7957 11885 5639)
4(11882 5636 11884 3071)
4(11882 3071 11886 5638)
4(11886 3071 11884 5639)
4(428 5638 11886 5639)
4(11620 7835 11882 3071)
4(11887 3071 11882 7837)
4(1043 4490 11887 7837)
4(11620 3071 11884 7953)
4(11884 3071 11888 7954)
4(11887 7959 11886 3071)
4(11888 3071 11886 7960)
4(1079 7960 11886 7959)
4(1079 7959 11887 4493)
4(1573 7959 11886 5638)
4(1573 7837 11887 7959)
4(1574 5639 11886 7960)
4(9284 3072 11890 5637)
4(11890 3072 11889 5640)
4(11889 3072 9284 5641)
4(428 5640 11889 5641)
4(428 5637 11890 5640)
4(9284 7828 11874 3072)
4(12726 7830 9284 3072)
4(11889 3072 9395 8069)
4(12726 3072 11889 8070)
4(1111 8070 11889 8069)
4(11890 3072 11874 8072)
4(11890 8074 9395 3072)
4(1112 8074 11890 8072)
4(1570 8072 11890 5637)
4(1575 8069 11889 5640)
4(1575 5640 11890 8074)
4(1732 5641 11889 8070)
4(11891 3073 11883 5638)
4(11891 5640 11889 3073)
4(11883 3073 11889 5641)
4(428 5640 11891 5638)
4(11892 7838 11883 3073)
4(12725 3073 11883 7839)
4(1044 7838 11892 4551)
4(11893 3073 11889 8069)
4(11889 3073 12725 8070)
4(1111 4552 11893 8069)
4(11892 3073 11891 8082)
4(11893 8083 11891 3073)
4(1115 8082 11891 8083)
4(1115 4554 11892 8082)
4(1115 8083 11893 4554)
4(1573 5638 11891 8082)
4(1573 8082 11892 7838)
4(1575 8083 11891 5640)
4(1575 8069 11893 8083)
4(11885 5637 11890 3074)
4(11885 3074 11894 5639)
4(11894 3074 11890 5640)
4(428 5639 11894 5640)
4(11879 7955 11885 3074)
4(11895 3074 11885 7957)
4(11879 3074 11890 8072)
4(11890 3074 11896 8074)
4(1112 8074 11896 4632)
4(11895 8201 11894 3074)
4(11896 3074 11894 8202)
4(1149 8202 11894 8201)
4(1149 4634 11896 8202)
4(1574 8201 11894 5639)
4(1575 5640 11894 8202)
4(1575 8202 11896 8074)
4(11886 3075 11891 5638)
4(11886 5639 11894 3075)
4(11891 3075 11894 5640)
4(11897 3075 11886 7959)
4(11886 3075 11898 7960)
4(1079 4636 11897 7959)
4(11897 8082 11891 3075)
4(11899 3075 11891 8083)
4(1115 8082 11897 4637)
4(1115 4637 11899 8083)
4(11898 3075 11894 8201)
4(11894 3075 11899 8202)
4(1149 8202 11899 4638)
4(1573 7959 11897 8082)
4(1575 8083 11899 8202)
4(11900 3076 9287 5642)
4(11901 3076 11900 5644)
4(9287 3076 11901 5647)
4(429 5644 11900 5642)
4(429 5647 11901 5644)
4(9287 3076 11631 7831)
4(12754 3076 9287 7833)
4(11900 7845 11631 3076)
4(11900 3076 9291 7847)
4(1046 7845 11900 7847)
4(11901 7848 9291 3076)
4(12754 7849 11901 3076)
4(1047 7848 11901 7849)
4(1533 5642 11900 7845)
4(1576 7847 11900 5644)
4(1576 5644 11901 7848)
4(1742 7849 11901 5647)
4(9288 3077 11902 5642)
4(11903 3077 9288 5643)
4(11902 3077 11903 5645)
4(429 5642 11902 5645)
4(429 5645 11903 5643)
4(9288 7836 11634 3077)
4(9288 3077 11887 7837)
4(11902 3077 11634 7958)
3(11902 9343 3077)
4(11903 7959 11887 3077)
4(11903 3077 9343 7961)
4(1079 7959 11903 7961)
4(1533 7958 11902 5642)
4(1573 5643 11903 7959)
3(7961 11903 5645)
4(11900 5642 11902 3078)
4(11900 3078 11904 5644)
4(429 5644 11904 5645)
4(11636 7845 11900 3078)
4(11905 3078 11900 7847)
4(1046 4494 11905 7847)
4(1576 7963 11904 5644)
4(1576 7847 11905 7963)
4(9289 3079 11907 5643)
4(11907 3079 11906 5646)
4(11906 3079 9289 5647)
4(429 5646 11906 5647)
4(429 5643 11907 5646)
4(9289 7838 11892 3079)
4(12756 7840 9289 3079)
4(11906 3079 9400 8079)
4(12756 3079 11906 8080)
4(1114 8080 11906 8079)
4(11907 3079 11892 8082)
4(11907 8084 9400 3079)
4(1115 8084 11907 8082)
4(1573 8082 11907 5643)
4(1577 8079 11906 5646)
4(1577 5646 11907 8084)
4(1742 5647 11906 8080)
4(11908 3080 11901 5644)
4(11908 5646 11906 3080)
4(11901 3080 11906 5647)
4(429 5646 11908 5644)
4(11909 7848 11901 3080)
4(12755 3080 11901 7849)
4(1047 7848 11909 4556)
4(11910 3080 11906 8079)
4(11906 3080 12755 8080)
4(1114 4557 11910 8079)
4(11909 3080 11908 8092)
4(11910 8093 11908 3080)
4(1118 8092 11908 8093)
4(1118 4559 11909 8092)
4(1118 8093 11910 4559)
4(1576 5644 11908 8092)
4(1576 8092 11909 7848)
4(1577 8093 11908 5646)
4(1577 8079 11910 8093)
4(11903 5643 11907 3081)
4(11903 3081 11911 5645)
4(11911 3081 11907 5646)
4(429 5645 11911 5646)
4(11897 7959 11903 3081)
4(11912 3081 11903 7961)
4(11897 3081 11907 8082)
4(11907 3081 11913 8084)
4(1115 8084 11913 4637)
3(11912 11911 3081)
4(11913 3081 11911 8207)
3(4639 11913 8207)
4(1577 5646 11911 8207)
4(1577 8207 11913 8084)
4(11904 3082 11908 5644)
4(11908 3082 11911 5646)
4(11914 8092 11908 3082)
4(11915 3082 11908 8093)
4(1118 8092 11914 4641)
4(1118 4641 11915 8093)
4(1576 7963 11914 8092)
4(1577 8093 11915 8207)
4(11916 3083 9292 5648)
4(11917 3083 11916 5650)
4(9292 3083 11917 5653)
4(430 5650 11916 5648)
4(430 5653 11917 5650)
4(9292 3083 11647 7841)
4(12784 3083 9292 7843)
4(11916 7855 11647 3083)
4(11916 3083 9296 7857)
4(1049 7855 11916 7857)
4(11917 7858 9296 3083)
4(12784 7859 11917 3083)
4(1050 7858 11917 7859)
4(1535 5648 11916 7855)
4(1578 7857 11916 5650)
4(1578 5650 11917 7858)
4(1752 7859 11917 5653)
4(9293 3084 11918 5648)
4(11919 3084 9293 5649)
4(430 5648 11918 5651)
4(430 5651 11919 5649)
4(9293 7846 11649 3084)
4(9293 3084 11905 7847)
4(1535 7962 11918 5648)
4(1576 5649 11919 7963)
4(11916 5648 11918 3085)
4(11916 3085 11920 5650)
4(430 5650 11920 5651)
4(11651 7855 11916 3085)
4(11921 3085 11916 7857)
4(1049 4495 11921 7857)
4(1578 7965 11920 5650)
4(1578 7857 11921 7965)
4(9294 3086 11923 5649)
4(11923 3086 11922 5652)
4(11922 3086 9294 5653)
4(430 5652 11922 5653)
4(430 5649 11923 5652)
4(9294 7848 11909 3086)
4(12786 7850 9294 3086)
4(11922 3086 9405 8089)
4(12786 3086 11922 8090)
4(1117 8090 11922 8089)
4(11923 3086 11909 8092)
4(11923 8094 9405 3086)
4(1118 8094 11923 8092)
4(1576 8092 11923 5649)
4(1579 8089 11922 5652)
4(1579 5652 11923 8094)
4(1752 5653 11922 8090)
4(11924 3087 11917 5650)
4(11924 5652 11922 3087)
4(11917 3087 11922 5653)
4(430 5652 11924 5650)
4(11925 7858 11917 3087)
4(12785 3087 11917 7859)
4(1050 7858 11925 4561)
4(11926 3087 11922 8089)
4(11922 3087 12785 8090)
4(1117 4562 11926 8089)
4(11925 3087 11924 8102)
4(11926 8103 11924 3087)
4(1121 8102 11924 8103)
4(1121 4564 11925 8102)
4(1121 8103 11926 4564)
4(1578 5650 11924 8102)
4(1578 8102 11925 7858)
4(1579 8103 11924 5652)
4(1579 8089 11926 8103)
4(11919 5649 11923 3088)
4(11927 3088 11923 5652)
4(430 5651 11927 5652)
4(11914 3088 11923 8092)
4(11923 3088 11928 8094)
4(1118 8094 11928 4641)
4(1579 5652 11927 8211)
4(1579 8211 11928 8094)
4(11920 3089 11924 5650)
4(11924 3089 11927 5652)
4(11929 8102 11924 3089)
4(11930 3089 11924 8103)
4(1121 8102 11929 4642)
4(1121 4642 11930 8103)
4(1578 7965 11929 8102)
4(1579 8103 11930 8211)
4(11931 3090 9297 5654)
4(11932 3090 11931 5656)
4(9297 3090 11932 5659)
4(431 5656 11931 5654)
4(431 5659 11932 5656)
4(9297 3090 11661 7851)
4(12814 3090 9297 7853)
4(11931 7865 11661 3090)
4(11931 3090 9301 7867)
4(1052 7865 11931 7867)
4(11932 7868 9301 3090)
4(12814 7869 11932 3090)
4(1053 7868 11932 7869)
4(1537 5654 11931 7865)
4(1580 7867 11931 5656)
4(1580 5656 11932 7868)
4(1762 7869 11932 5659)
4(9298 3091 11933 5654)
4(11934 3091 9298 5655)
4(431 5654 11933 5657)
4(431 5657 11934 5655)
4(9298 7856 11663 3091)
4(9298 3091 11921 7857)
4(1537 7964 11933 5654)
4(1578 5655 11934 7965)
4(11931 5654 11933 3092)
4(11931 3092 11935 5656)
4(431 5656 11935 5657)
4(11664 7865 11931 3092)
3(3092 11931 7867)
3(1580 11935 5656)
4(9299 3093 11937 5655)
4(11937 3093 11936 5658)
4(11936 3093 9299 5659)
4(431 5658 11936 5659)
4(431 5655 11937 5658)
4(9299 7858 11925 3093)
4(12816 7860 9299 3093)
4(11936 3093 9410 8099)
4(12816 3093 11936 8100)
4(1120 8100 11936 8099)
4(11937 3093 11925 8102)
4(11937 8104 9410 3093)
4(1121 8104 11937 8102)
4(1578 8102 11937 5655)
4(1581 8099 11936 5658)
4(1581 5658 11937 8104)
4(1762 5659 11936 8100)
4(11938 3094 11932 5656)
4(11938 5658 11936 3094)
4(11932 3094 11936 5659)
4(431 5658 11938 5656)
4(11939 7868 11932 3094)
4(12815 3094 11932 7869)
4(1053 7868 11939 4566)
4(11940 3094 11936 8099)
4(11936 3094 12815 8100)
4(1120 4567 11940 8099)
4(11939 3094 11938 8112)
4(11940 8113 11938 3094)
4(1124 8112 11938 8113)
4(1124 4569 11939 8112)
4(1124 8113 11940 4569)
4(1580 5656 11938 8112)
4(1580 8112 11939 7868)
4(1581 8113 11938 5658)
4(1581 8099 11940 8113)
4(11934 5655 11937 3095)
4(11941 3095 11937 5658)
4(431 5657 11941 5658)
4(11929 3095 11937 8102)
4(11937 3095 11942 8104)
4(1121 8104 11942 4642)
4(1581 5658 11941 8213)
4(1581 8213 11942 8104)
4(11935 3096 11938 5656)
4(11938 3096 11941 5658)
3(8112 11938 3096)
4(11943 3096 11938 8113)
3(1124 11943 8113)
4(1581 8113 11943 8213)
4(11944 3097 9302 5660)
4(11945 3097 11944 5662)
4(9302 3097 11945 5664)
4(432 5664 11945 5662)
4(9302 3097 11671 7861)
4(12844 3097 9302 7863)
4(11944 7875 11671 3097)
4(11944 3097 9306 7877)
4(11945 7878 9306 3097)
4(12844 7879 11945 3097)
4(1056 7878 11945 7879)
4(1582 5662 11945 7878)
4(1772 7879 11945 5664)
4(9304 3098 11947 5661)
4(11947 3098 11946 5663)
4(11946 3098 9304 5664)
4(432 5663 11946 5664)
4(9304 7868 11939 3098)
4(12846 7870 9304 3098)
4(11946 3098 9415 8109)
4(12846 3098 11946 8110)
4(1123 8110 11946 8109)
4(11947 3098 11939 8112)
4(11947 8114 9415 3098)
4(1583 8109 11946 5663)
4(1772 5664 11946 8110)
4(11948 3099 11945 5662)
4(11948 5663 11946 3099)
4(11945 3099 11946 5664)
4(11949 7878 11945 3099)
4(12845 3099 11945 7879)
4(1056 7878 11949 4571)
4(11950 3099 11946 8109)
4(11946 3099 12845 8110)
4(1123 4572 11950 8109)
4(11949 3099 11948 8122)
4(11950 8123 11948 3099)
4(1127 4574 11949 8122)
4(1127 8123 11950 4574)
4(1582 8122 11949 7878)
4(1583 8109 11950 8123)
4(11951 3100 9307 5665)
4(11952 3100 11951 5667)
4(9307 3100 11952 5669)
4(433 5669 11952 5667)
4(9307 3100 11678 7871)
4(12874 3100 9307 7873)
4(11951 7882 11678 3100)
4(11951 3100 9311 7883)
4(11952 7884 9311 3100)
4(12874 7885 11952 3100)
4(1058 7884 11952 7885)
4(1584 5667 11952 7884)
4(1782 7885 11952 5669)
4(9309 3101 11954 5666)
4(11954 3101 11953 5668)
4(11953 3101 9309 5669)
4(433 5668 11953 5669)
4(9309 7878 11949 3101)
4(12876 7880 9309 3101)
4(11953 3101 9420 8119)
4(12876 3101 11953 8120)
4(1126 8120 11953 8119)
4(11954 3101 11949 8122)
4(11954 8124 9420 3101)
4(1585 8119 11953 5668)
4(1782 5669 11953 8120)
4(11955 3102 11952 5667)
4(11955 5668 11953 3102)
4(11952 3102 11953 5669)
4(11956 7884 11952 3102)
4(12875 3102 11952 7885)
4(1058 7884 11956 4576)
4(11957 3102 11953 8119)
4(11953 3102 12875 8120)
4(1126 4577 11957 8119)
4(11956 3102 11955 8129)
4(11957 8130 11955 3102)
4(1129 4579 11956 8129)
4(1129 8130 11957 4579)
4(1584 8129 11956 7884)
4(1585 8119 11957 8130)
4(9312 7884 11956 3103)
3(3103 11956 8129)
3(1064 7907 7905)
4(1064 7907 11958 4591)
4(9318 7903 11762 3104)
4(11959 3104 11762 7913)
4(1066 7915 11959 7913)
4(1553 7913 11959 5670)
4(9319 3105 11769 7906)
4(11960 8149 11769 3105)
4(1135 8149 11960 8151)
4(1553 5670 11960 8149)
4(11772 3106 11959 7913)
4(1066 7915 11961 4597)
4(11772 8149 11960 3106)
4(1135 4599 11962 8151)
4(9323 7911 11780 3107)
4(11963 3107 11780 7921)
4(1068 7923 11963 7921)
4(1556 7921 11963 5671)
4(9324 3108 11787 7914)
4(11964 8157 11787 3108)
4(1137 8157 11964 8159)
4(1556 5671 11964 8157)
4(11790 3109 11963 7921)
4(1068 7923 11965 4603)
4(11790 8157 11964 3109)
4(1137 4605 11966 8159)
4(9328 7919 11798 3110)
4(11967 3110 11798 7929)
4(1070 7931 11967 7929)
4(1559 7929 11967 5672)
4(9329 3111 11805 7922)
4(11968 8165 11805 3111)
4(1139 8165 11968 8167)
4(1559 5672 11968 8165)
4(11808 3112 11967 7929)
4(1070 7931 11969 4609)
4(11808 8165 11968 3112)
4(1139 4611 11970 8167)
4(9333 7927 11816 3113)
4(11971 3113 11816 7937)
4(1072 7939 11971 7937)
4(1562 7937 11971 5673)
4(9334 3114 11823 7930)
4(11972 8173 11823 3114)
4(1141 8173 11972 8175)
4(1562 5673 11972 8173)
4(11826 3115 11971 7937)
4(1072 7939 11973 4615)
4(11826 8173 11972 3115)
4(1141 4617 11974 8175)
3(9338 7935 11834)
3(1565 7944 5674)
4(9339 3116 11841 7938)
4(11975 8181 11841 3116)
4(1143 8181 11975 8183)
4(1565 5674 11975 8181)
3(11844 8181 11975)
3(1143 4623 8183)
4(11976 3117 9344 5675)
4(11977 3117 11976 5676)
4(9344 3117 11977 5677)
4(434 5677 11977 5676)
4(9344 3117 11703 7966)
4(12398 3117 9344 7968)
4(11976 7973 11703 3117)
4(11976 3117 9346 7975)
4(1082 7973 11976 7975)
4(11977 7976 9346 3117)
4(12398 7977 11977 3117)
4(1083 7976 11977 7977)
4(1586 7975 11976 5676)
4(1586 5676 11977 7976)
4(1623 7977 11977 5677)
3(11978 11976 7975)
4(1082 4581 11978 7975)
3(1586 8136 5676)
4(1586 7975 11978 8136)
4(11980 3118 11977 5676)
4(11977 3118 11979 5677)
4(11979 3118 11980 5678)
4(11981 7976 11977 3118)
4(12399 3118 11977 7977)
4(1083 7976 11981 4643)
4(12399 8215 11979 3118)
4(12982 3118 11979 8216)
4(11981 3118 11980 8219)
4(12982 8220 11980 3118)
4(1154 8219 11980 8220)
4(1154 4646 11981 8219)
4(1586 5676 11980 8219)
4(1586 8219 11981 7976)
3(11982 8219 11980)
4(1154 8219 11982 4711)
4(1586 8136 11982 8219)
4(11983 3119 9347 5679)
4(11984 3119 11983 5681)
4(9347 3119 11984 5683)
4(435 5681 11983 5679)
4(435 5683 11984 5681)
4(9347 3119 11715 7969)
4(12427 3119 9347 7971)
4(11983 7983 11715 3119)
4(11983 3119 9351 7985)
4(1085 7983 11983 7985)
4(11984 7986 9351 3119)
4(12427 7987 11984 3119)
4(1086 7986 11984 7987)
4(1545 5679 11983 7983)
4(1587 7985 11983 5681)
4(1587 5681 11984 7986)
4(1633 7987 11984 5683)
4(9348 3120 11985 5679)
4(11986 3120 9348 5680)
4(435 5679 11985 5682)
4(435 5682 11986 5680)
4(9348 7974 11717 3120)
4(9348 3120 11978 7975)
4(1545 8135 11985 5679)
4(1586 5680 11986 8136)
4(11983 5679 11985 3121)
4(11983 3121 11987 5681)
4(435 5681 11987 5682)
4(11719 7983 11983 3121)
4(11988 3121 11983 7985)
4(1085 4583 11988 7985)
4(11988 8140 11987 3121)
4(1132 8141 11987 8140)
4(1132 8140 11988 4585)
4(1587 8140 11987 5681)
4(1587 7985 11988 8140)
4(9349 3122 11990 5680)
4(11989 3122 9349 5683)
4(11990 3122 11989 5684)
4(435 5684 11989 5683)
4(435 5680 11990 5684)
4(9349 7976 11981 3122)
4(12429 7978 9349 3122)
4(12429 3122 11989 8217)
4(12960 8218 11989 3122)
4(1153 8217 11989 8218)
4(11990 3122 11981 8219)
4(12960 3122 11990 8221)
4(1154 8221 11990 8219)
4(1586 8219 11990 5680)
4(1633 5683 11989 8217)
4(1799 8218 11989 5684)
4(1799 5684 11990 8221)
4(11991 3123 11984 5681)
4(11984 3123 11989 5683)
4(11989 3123 11991 5684)
4(435 5684 11991 5681)
4(11992 7986 11984 3123)
4(12428 3123 11984 7987)
4(1086 7986 11992 4647)
4(12428 8217 11989 3123)
4(12983 3123 11989 8218)
4(11992 3123 11991 8224)
4(12983 8225 11991 3123)
4(1156 8224 11991 8225)
4(1156 4650 11992 8224)
4(1587 5681 11991 8224)
4(1587 8224 11992 7986)
4(1799 8225 11991 5684)
4(11986 5680 11990 3124)
4(11993 3124 11990 5684)
4(435 5682 11993 5684)
4(11982 3124 11990 8219)
4(11990 3124 12985 8221)
4(1799 5684 11993 8300)
4(11987 3125 11991 5681)
4(11991 3125 11993 5684)
4(11994 3125 11987 8140)
4(1132 4712 11994 8140)
4(11994 8224 11991 3125)
4(12984 3125 11991 8225)
4(1156 8224 11994 4713)
4(1587 8140 11994 8224)
4(11996 3126 9352 5685)
4(11997 3126 11996 5687)
4(9352 3126 11997 5689)
4(436 5687 11996 5685)
4(436 5689 11997 5687)
4(9352 3126 11731 7979)
4(12457 3126 9352 7981)
4(11996 7993 11731 3126)
4(11996 3126 9356 7995)
4(1088 7993 11996 7995)
4(11997 7996 9356 3126)
4(12457 7997 11997 3126)
4(1089 7996 11997 7997)
4(1548 5685 11996 7993)
4(1588 7995 11996 5687)
4(1588 5687 11997 7996)
4(1643 7997 11997 5689)
4(9353 3127 11998 5685)
4(11999 3127 9353 5686)
4(11998 3127 11999 5688)
4(436 5685 11998 5688)
4(436 5688 11999 5686)
4(9353 7984 11734 3127)
4(9353 3127 11988 7985)
4(11998 3127 11734 8138)
4(11998 8139 9429 3127)
4(1131 8139 11998 8138)
4(11999 8140 11988 3127)
4(11999 3127 9429 8142)
4(1132 8140 11999 8142)
4(1548 8138 11998 5685)
4(1587 5686 11999 8140)
4(1589 5688 11998 8139)
4(1589 8142 11999 5688)
4(11996 5685 11998 3128)
4(11996 3128 12000 5687)
4(12000 3128 11998 5688)
4(436 5687 12000 5688)
4(11737 7993 11996 3128)
4(12001 3128 11996 7995)
4(1088 4587 12001 7995)
4(11737 3128 11998 8138)
4(11998 3128 12002 8139)
4(12001 8146 12000 3128)
4(12002 3128 12000 8147)
4(1134 8147 12000 8146)
4(1134 8146 12001 4590)
4(1588 8146 12000 5687)
4(1588 7995 12001 8146)
4(1589 5688 12000 8147)
4(9354 3129 12004 5686)
4(12003 3129 9354 5689)
4(12004 3129 12003 5690)
4(436 5690 12003 5689)
4(436 5686 12004 5690)
4(9354 7986 11992 3129)
4(12459 7988 9354 3129)
4(12459 3129 12003 8222)
4(12961 8223 12003 3129)
4(1155 8222 12003 8223)
4(12004 3129 11992 8224)
4(12961 3129 12004 8226)
4(1156 8226 12004 8224)
4(1587 8224 12004 5686)
4(1643 5689 12003 8222)
4(1800 8223 12003 5690)
4(1800 5690 12004 8226)
4(12005 3130 11997 5687)
4(11997 3130 12003 5689)
4(12003 3130 12005 5690)
4(436 5690 12005 5687)
4(12006 7996 11997 3130)
4(12458 3130 11997 7997)
4(1089 7996 12006 4651)
4(12458 8222 12003 3130)
4(12986 3130 12003 8223)
4(12006 3130 12005 8229)
4(12986 8230 12005 3130)
4(1158 8229 12005 8230)
4(1158 4654 12006 8229)
4(1588 5687 12005 8229)
4(1588 8229 12006 7996)
4(1800 8230 12005 5690)
4(11999 5686 12004 3131)
4(11999 3131 12007 5688)
4(12007 3131 12004 5690)
4(436 5688 12007 5690)
4(11994 8140 11999 3131)
4(12008 3131 11999 8142)
4(11994 3131 12004 8224)
4(12004 3131 12988 8226)
4(12008 8301 12007 3131)
4(12988 3131 12007 8302)
4(1186 8302 12007 8301)
4(1589 8301 12007 5688)
4(1800 5690 12007 8302)
4(12000 3132 12005 5687)
4(12000 5688 12007 3132)
4(12005 3132 12007 5690)
4(12009 3132 12000 8146)
4(12000 3132 12010 8147)
4(1134 4715 12009 8146)
4(12009 8229 12005 3132)
4(12987 3132 12005 8230)
4(1158 8229 12009 4716)
4(12010 3132 12007 8301)
4(12007 3132 12987 8302)
4(1588 8146 12009 8229)
4(12011 3133 9357 5691)
4(12012 3133 12011 5693)
4(9357 3133 12012 5695)
4(437 5693 12011 5691)
4(437 5695 12012 5693)
4(9357 3133 11749 7989)
4(12487 3133 9357 7991)
4(12011 8003 11749 3133)
4(12011 3133 9361 8005)
4(1091 8003 12011 8005)
4(12012 8006 9361 3133)
4(12487 8007 12012 3133)
4(1092 8006 12012 8007)
4(1551 5691 12011 8003)
4(1590 8005 12011 5693)
4(1590 5693 12012 8006)
4(1653 8007 12012 5695)
4(9358 3134 12013 5691)
4(12014 3134 9358 5692)
4(12013 3134 12014 5694)
4(437 5691 12013 5694)
4(437 5694 12014 5692)
4(9358 7994 11752 3134)
4(9358 3134 12001 7995)
4(12013 3134 11752 8144)
4(12013 8145 9430 3134)
4(1133 8145 12013 8144)
4(12014 8146 12001 3134)
4(12014 3134 9430 8148)
4(1134 8146 12014 8148)
4(1551 8144 12013 5691)
4(1588 5692 12014 8146)
4(1591 5694 12013 8145)
4(1591 8148 12014 5694)
4(12011 5691 12013 3135)
4(12011 3135 12015 5693)
4(12015 3135 12013 5694)
4(437 5693 12015 5694)
4(11755 8003 12011 3135)
4(12016 3135 12011 8005)
4(1091 4592 12016 8005)
4(11755 3135 12013 8144)
4(12013 3135 12017 8145)
4(12016 8153 12015 3135)
4(12017 3135 12015 8154)
4(1136 8154 12015 8153)
4(1136 8153 12016 4596)
4(1136 4596 12017 8154)
4(1590 8153 12015 5693)
4(1590 8005 12016 8153)
4(1591 5694 12015 8154)
4(9359 3136 12019 5692)
4(12018 3136 9359 5695)
4(12019 3136 12018 5696)
4(437 5696 12018 5695)
4(437 5692 12019 5696)
4(9359 7996 12006 3136)
4(12489 7998 9359 3136)
4(12489 3136 12018 8227)
4(12962 8228 12018 3136)
4(1157 8227 12018 8228)
4(12019 3136 12006 8229)
4(12962 3136 12019 8231)
4(1158 8231 12019 8229)
4(1588 8229 12019 5692)
4(1653 5695 12018 8227)
4(1801 8228 12018 5696)
4(1801 5696 12019 8231)
4(12020 3137 12012 5693)
4(12012 3137 12018 5695)
4(12018 3137 12020 5696)
4(437 5696 12020 5693)
4(12021 8006 12012 3137)
4(12488 3137 12012 8007)
4(1092 8006 12021 4655)
4(12488 8227 12018 3137)
4(12989 3137 12018 8228)
4(12021 3137 12020 8234)
4(12989 8235 12020 3137)
4(1160 8234 12020 8235)
4(1160 4658 12021 8234)
4(1590 5693 12020 8234)
4(1590 8234 12021 8006)
4(1801 8235 12020 5696)
4(12014 5692 12019 3138)
4(12014 3138 12022 5694)
4(12022 3138 12019 5696)
4(437 5694 12022 5696)
4(12009 8146 12014 3138)
4(12023 3138 12014 8148)
4(12009 3138 12019 8229)
4(12019 3138 12991 8231)
4(12023 8303 12022 3138)
4(12991 3138 12022 8304)
4(1187 8304 12022 8303)
4(1591 8303 12022 5694)
4(1801 5696 12022 8304)
4(12015 3139 12020 5693)
4(12015 5694 12022 3139)
4(12020 3139 12022 5696)
4(12024 3139 12015 8153)
4(12015 3139 12025 8154)
4(1136 4719 12024 8153)
4(1136 8154 12025 4719)
4(12024 8234 12020 3139)
4(12990 3139 12020 8235)
4(1160 8234 12024 4720)
4(12025 3139 12022 8303)
4(12022 3139 12990 8304)
4(1590 8153 12024 8234)
4(12026 3140 9362 5697)
4(12027 3140 12026 5699)
4(9362 3140 12027 5701)
4(438 5699 12026 5697)
4(438 5701 12027 5699)
4(9362 3140 11767 7999)
4(12517 3140 9362 8001)
4(12026 8013 11767 3140)
4(12026 3140 9366 8015)
4(1094 8013 12026 8015)
4(12027 8016 9366 3140)
4(12517 8017 12027 3140)
4(1095 8016 12027 8017)
4(1554 5697 12026 8013)
4(1592 8015 12026 5699)
4(1592 5699 12027 8016)
4(1663 8017 12027 5701)
4(9363 3141 12028 5697)
4(12029 3141 9363 5698)
4(12028 3141 12029 5700)
4(438 5697 12028 5700)
4(438 5700 12029 5698)
4(9363 8004 11770 3141)
4(9363 3141 12016 8005)
4(12028 3141 11770 8150)
4(12028 8152 9432 3141)
4(1135 8152 12028 8150)
4(12029 8153 12016 3141)
4(12029 3141 9432 8155)
4(1136 8153 12029 8155)
4(1554 8150 12028 5697)
4(1590 5698 12029 8153)
4(1593 5700 12028 8152)
4(1593 8155 12029 5700)
4(12026 5697 12028 3142)
4(12026 3142 12030 5699)
4(12030 3142 12028 5700)
4(438 5699 12030 5700)
4(11773 8013 12026 3142)
4(12031 3142 12026 8015)
4(1094 4598 12031 8015)
4(11773 3142 12028 8150)
4(12028 3142 12032 8152)
4(1135 8152 12032 4599)
4(12031 8161 12030 3142)
4(12032 3142 12030 8162)
4(1138 8162 12030 8161)
4(1138 8161 12031 4602)
4(1138 4602 12032 8162)
4(1592 8161 12030 5699)
4(1592 8015 12031 8161)
4(1593 5700 12030 8162)
4(1593 8162 12032 8152)
4(9364 3143 12034 5698)
4(12033 3143 9364 5701)
4(12034 3143 12033 5702)
4(438 5702 12033 5701)
4(438 5698 12034 5702)
4(9364 8006 12021 3143)
4(12519 8008 9364 3143)
4(12519 3143 12033 8232)
4(12963 8233 12033 3143)
4(1159 8232 12033 8233)
4(12034 3143 12021 8234)
4(12963 3143 12034 8236)
4(1160 8236 12034 8234)
4(1590 8234 12034 5698)
4(1663 5701 12033 8232)
4(1802 8233 12033 5702)
4(1802 5702 12034 8236)
4(12035 3144 12027 5699)
4(12027 3144 12033 5701)
4(12033 3144 12035 5702)
4(438 5702 12035 5699)
4(12036 8016 12027 3144)
4(12518 3144 12027 8017)
4(1095 8016 12036 4659)
4(12518 8232 12033 3144)
4(12992 3144 12033 8233)
4(12036 3144 12035 8239)
4(12992 8240 12035 3144)
4(1162 8239 12035 8240)
4(1162 4662 12036 8239)
4(1592 5699 12035 8239)
4(1592 8239 12036 8016)
4(1802 8240 12035 5702)
4(12029 5698 12034 3145)
4(12029 3145 12037 5700)
4(12037 3145 12034 5702)
4(438 5700 12037 5702)
4(12024 8153 12029 3145)
4(12038 3145 12029 8155)
4(1136 4719 12038 8155)
4(12024 3145 12034 8234)
4(12034 3145 12994 8236)
4(12038 8305 12037 3145)
4(12994 3145 12037 8306)
4(1188 8306 12037 8305)
4(1188 8305 12038 4722)
4(1593 8305 12037 5700)
4(1593 8155 12038 8305)
4(1802 5702 12037 8306)
4(12030 3146 12035 5699)
4(12030 5700 12037 3146)
4(12035 3146 12037 5702)
4(12039 3146 12030 8161)
4(12030 3146 12040 8162)
4(1138 4724 12039 8161)
4(1138 8162 12040 4724)
4(12039 8239 12035 3146)
4(12993 3146 12035 8240)
4(1162 8239 12039 4725)
4(12040 3146 12037 8305)
4(12037 3146 12993 8306)
4(1188 4726 12040 8305)
4(1592 8161 12039 8239)
4(1593 8305 12040 8162)
4(12041 3147 9367 5703)
4(12042 3147 12041 5705)
4(9367 3147 12042 5707)
4(439 5705 12041 5703)
4(439 5707 12042 5705)
4(9367 3147 11785 8009)
4(12547 3147 9367 8011)
4(12041 8023 11785 3147)
4(12041 3147 9371 8025)
4(1097 8023 12041 8025)
4(12042 8026 9371 3147)
4(12547 8027 12042 3147)
4(1098 8026 12042 8027)
4(1557 5703 12041 8023)
4(1594 8025 12041 5705)
4(1594 5705 12042 8026)
4(1673 8027 12042 5707)
4(9368 3148 12043 5703)
4(12044 3148 9368 5704)
4(12043 3148 12044 5706)
4(439 5703 12043 5706)
4(439 5706 12044 5704)
4(9368 8014 11788 3148)
4(9368 3148 12031 8015)
4(12043 3148 11788 8158)
4(12043 8160 9437 3148)
4(1137 8160 12043 8158)
4(12044 8161 12031 3148)
4(12044 3148 9437 8163)
4(1138 8161 12044 8163)
4(1557 8158 12043 5703)
4(1592 5704 12044 8161)
4(1595 5706 12043 8160)
4(1595 8163 12044 5706)
4(12041 5703 12043 3149)
4(12041 3149 12045 5705)
4(12045 3149 12043 5706)
4(439 5705 12045 5706)
4(11791 8023 12041 3149)
4(12046 3149 12041 8025)
4(1097 4604 12046 8025)
4(11791 3149 12043 8158)
4(12043 3149 12047 8160)
4(1137 8160 12047 4605)
4(12046 8169 12045 3149)
4(12047 3149 12045 8170)
4(1140 8170 12045 8169)
4(1140 8169 12046 4608)
4(1140 4608 12047 8170)
4(1594 8169 12045 5705)
4(1594 8025 12046 8169)
4(1595 5706 12045 8170)
4(1595 8170 12047 8160)
4(9369 3150 12049 5704)
4(12048 3150 9369 5707)
4(12049 3150 12048 5708)
4(439 5708 12048 5707)
4(439 5704 12049 5708)
4(9369 8016 12036 3150)
4(12549 8018 9369 3150)
4(12549 3150 12048 8237)
4(12965 8238 12048 3150)
4(1161 8237 12048 8238)
4(12049 3150 12036 8239)
4(12965 3150 12049 8241)
4(1162 8241 12049 8239)
4(1592 8239 12049 5704)
4(1673 5707 12048 8237)
4(1803 8238 12048 5708)
4(1803 5708 12049 8241)
4(12050 3151 12042 5705)
4(12042 3151 12048 5707)
4(12048 3151 12050 5708)
4(439 5708 12050 5705)
4(12051 8026 12042 3151)
4(12548 3151 12042 8027)
4(1098 8026 12051 4663)
4(12548 8237 12048 3151)
4(12996 3151 12048 8238)
4(12051 3151 12050 8244)
4(12996 8245 12050 3151)
4(1164 8244 12050 8245)
4(1164 4666 12051 8244)
4(1594 5705 12050 8244)
4(1594 8244 12051 8026)
4(1803 8245 12050 5708)
4(12044 5704 12049 3152)
4(12044 3152 12052 5706)
4(12052 3152 12049 5708)
4(439 5706 12052 5708)
4(12039 8161 12044 3152)
4(12053 3152 12044 8163)
4(1138 4724 12053 8163)
4(12039 3152 12049 8239)
4(12049 3152 12998 8241)
4(12053 8308 12052 3152)
4(12998 3152 12052 8309)
4(1189 8309 12052 8308)
4(1189 8308 12053 4727)
4(1595 8308 12052 5706)
4(1595 8163 12053 8308)
4(1803 5708 12052 8309)
4(12045 3153 12050 5705)
4(12045 5706 12052 3153)
4(12050 3153 12052 5708)
4(12054 3153 12045 8169)
4(12045 3153 12055 8170)
4(1140 4729 12054 8169)
4(1140 8170 12055 4729)
4(12054 8244 12050 3153)
4(12997 3153 12050 8245)
4(1164 8244 12054 4730)
4(12055 3153 12052 8308)
4(12052 3153 12997 8309)
4(1189 4731 12055 8308)
4(1594 8169 12054 8244)
4(1595 8308 12055 8170)
4(12056 3154 9372 5709)
4(12057 3154 12056 5711)
4(9372 3154 12057 5713)
4(440 5711 12056 5709)
4(440 5713 12057 5711)
4(9372 3154 11803 8019)
4(12577 3154 9372 8021)
4(12056 8033 11803 3154)
4(12056 3154 9376 8035)
4(1100 8033 12056 8035)
4(12057 8036 9376 3154)
4(12577 8037 12057 3154)
4(1101 8036 12057 8037)
4(1560 5709 12056 8033)
4(1596 8035 12056 5711)
4(1596 5711 12057 8036)
4(1683 8037 12057 5713)
4(9373 3155 12058 5709)
4(12059 3155 9373 5710)
4(12058 3155 12059 5712)
4(440 5709 12058 5712)
4(440 5712 12059 5710)
4(9373 8024 11806 3155)
4(9373 3155 12046 8025)
4(12058 3155 11806 8166)
4(12058 8168 9442 3155)
4(1139 8168 12058 8166)
4(12059 8169 12046 3155)
4(12059 3155 9442 8171)
4(1140 8169 12059 8171)
4(1560 8166 12058 5709)
4(1594 5710 12059 8169)
4(1597 5712 12058 8168)
4(1597 8171 12059 5712)
4(12056 5709 12058 3156)
4(12056 3156 12060 5711)
4(12060 3156 12058 5712)
4(440 5711 12060 5712)
4(11809 8033 12056 3156)
4(12061 3156 12056 8035)
4(1100 4610 12061 8035)
4(11809 3156 12058 8166)
4(12058 3156 12062 8168)
4(1139 8168 12062 4611)
4(12061 8177 12060 3156)
4(12062 3156 12060 8178)
4(1142 8178 12060 8177)
4(1142 8177 12061 4614)
4(1142 4614 12062 8178)
4(1596 8177 12060 5711)
4(1596 8035 12061 8177)
4(1597 5712 12060 8178)
4(1597 8178 12062 8168)
4(9374 3157 12064 5710)
4(12063 3157 9374 5713)
4(12064 3157 12063 5714)
4(440 5714 12063 5713)
4(440 5710 12064 5714)
4(9374 8026 12051 3157)
4(12579 8028 9374 3157)
4(12579 3157 12063 8242)
4(12967 8243 12063 3157)
4(1163 8242 12063 8243)
4(12064 3157 12051 8244)
4(12967 3157 12064 8246)
4(1164 8246 12064 8244)
4(1594 8244 12064 5710)
4(1683 5713 12063 8242)
4(1804 8243 12063 5714)
4(1804 5714 12064 8246)
4(12065 3158 12057 5711)
4(12057 3158 12063 5713)
4(12063 3158 12065 5714)
4(440 5714 12065 5711)
4(12066 8036 12057 3158)
4(12578 3158 12057 8037)
4(1101 8036 12066 4667)
4(12578 8242 12063 3158)
4(13000 3158 12063 8243)
4(12066 3158 12065 8249)
4(13000 8250 12065 3158)
4(1166 8249 12065 8250)
4(1166 4670 12066 8249)
4(1596 5711 12065 8249)
4(1596 8249 12066 8036)
4(1804 8250 12065 5714)
4(12059 5710 12064 3159)
4(12059 3159 12067 5712)
4(12067 3159 12064 5714)
4(440 5712 12067 5714)
4(12054 8169 12059 3159)
4(12068 3159 12059 8171)
4(1140 4729 12068 8171)
4(12054 3159 12064 8244)
4(12064 3159 13002 8246)
4(12068 8311 12067 3159)
4(13002 3159 12067 8312)
4(1190 8312 12067 8311)
4(1190 8311 12068 4732)
4(1597 8311 12067 5712)
4(1597 8171 12068 8311)
4(1804 5714 12067 8312)
4(12060 3160 12065 5711)
4(12060 5712 12067 3160)
4(12065 3160 12067 5714)
4(12069 3160 12060 8177)
4(12060 3160 12070 8178)
4(1142 4734 12069 8177)
4(1142 8178 12070 4734)
4(12069 8249 12065 3160)
4(13001 3160 12065 8250)
4(1166 8249 12069 4735)
4(12070 3160 12067 8311)
4(12067 3160 13001 8312)
4(1190 4736 12070 8311)
4(1596 8177 12069 8249)
4(1597 8311 12070 8178)
4(12071 3161 9377 5715)
4(12072 3161 12071 5717)
4(9377 3161 12072 5719)
4(441 5717 12071 5715)
4(441 5719 12072 5717)
4(9377 3161 11821 8029)
4(12607 3161 9377 8031)
4(12071 8043 11821 3161)
4(12071 3161 9381 8045)
4(1103 8043 12071 8045)
4(12072 8046 9381 3161)
4(12607 8047 12072 3161)
4(1104 8046 12072 8047)
4(1563 5715 12071 8043)
4(1598 8045 12071 5717)
4(1598 5717 12072 8046)
4(1693 8047 12072 5719)
4(9378 3162 12073 5715)
4(12074 3162 9378 5716)
4(12073 3162 12074 5718)
4(441 5715 12073 5718)
4(441 5718 12074 5716)
4(9378 8034 11824 3162)
4(9378 3162 12061 8035)
4(12073 3162 11824 8174)
4(12073 8176 9447 3162)
4(1141 8176 12073 8174)
4(12074 8177 12061 3162)
4(12074 3162 9447 8179)
4(1142 8177 12074 8179)
4(1563 8174 12073 5715)
4(1596 5716 12074 8177)
4(1599 5718 12073 8176)
4(1599 8179 12074 5718)
4(12071 5715 12073 3163)
4(12071 3163 12075 5717)
4(12075 3163 12073 5718)
4(441 5717 12075 5718)
4(11827 8043 12071 3163)
4(12076 3163 12071 8045)
4(1103 4616 12076 8045)
4(11827 3163 12073 8174)
4(12073 3163 12077 8176)
4(1141 8176 12077 4617)
4(12076 8185 12075 3163)
4(12077 3163 12075 8186)
4(1144 8186 12075 8185)
4(1144 8185 12076 4620)
4(1144 4620 12077 8186)
4(1598 8185 12075 5717)
4(1598 8045 12076 8185)
4(1599 5718 12075 8186)
4(1599 8186 12077 8176)
4(9379 3164 12079 5716)
4(12078 3164 9379 5719)
4(12079 3164 12078 5720)
4(441 5720 12078 5719)
4(441 5716 12079 5720)
4(9379 8036 12066 3164)
4(12609 8038 9379 3164)
4(12609 3164 12078 8247)
4(12969 8248 12078 3164)
4(1165 8247 12078 8248)
4(12079 3164 12066 8249)
4(12969 3164 12079 8251)
4(1166 8251 12079 8249)
4(1596 8249 12079 5716)
4(1693 5719 12078 8247)
4(1805 8248 12078 5720)
4(1805 5720 12079 8251)
4(12080 3165 12072 5717)
4(12072 3165 12078 5719)
4(12078 3165 12080 5720)
4(441 5720 12080 5717)
4(12081 8046 12072 3165)
4(12608 3165 12072 8047)
4(1104 8046 12081 4671)
4(12608 8247 12078 3165)
4(13004 3165 12078 8248)
4(12081 3165 12080 8254)
4(13004 8255 12080 3165)
4(1168 8254 12080 8255)
4(1168 4674 12081 8254)
4(1598 5717 12080 8254)
4(1598 8254 12081 8046)
4(1805 8255 12080 5720)
4(12074 5716 12079 3166)
4(12074 3166 12082 5718)
4(12082 3166 12079 5720)
4(441 5718 12082 5720)
4(12069 8177 12074 3166)
4(12083 3166 12074 8179)
4(1142 4734 12083 8179)
4(12069 3166 12079 8249)
4(12079 3166 13006 8251)
4(12083 8314 12082 3166)
4(13006 3166 12082 8315)
4(1191 8315 12082 8314)
4(1191 8314 12083 4737)
4(1599 8314 12082 5718)
4(1599 8179 12083 8314)
4(1805 5720 12082 8315)
4(12075 3167 12080 5717)
4(12075 5718 12082 3167)
4(12080 3167 12082 5720)
4(12084 3167 12075 8185)
4(12075 3167 12085 8186)
4(1144 4739 12084 8185)
4(1144 8186 12085 4739)
4(12084 8254 12080 3167)
4(13005 3167 12080 8255)
4(1168 8254 12084 4740)
4(12085 3167 12082 8314)
4(12082 3167 13005 8315)
4(1191 4741 12085 8314)
4(1598 8185 12084 8254)
4(1599 8314 12085 8186)
4(12086 3168 9382 5721)
4(12087 3168 12086 5723)
4(9382 3168 12087 5725)
4(442 5723 12086 5721)
4(442 5725 12087 5723)
4(9382 3168 11839 8039)
4(12637 3168 9382 8041)
4(12086 8053 11839 3168)
4(12086 3168 9386 8055)
4(1106 8053 12086 8055)
4(12087 8056 9386 3168)
4(12637 8057 12087 3168)
4(1107 8056 12087 8057)
4(1566 5721 12086 8053)
4(1600 8055 12086 5723)
4(1600 5723 12087 8056)
4(1703 8057 12087 5725)
4(9383 3169 12088 5721)
4(12089 3169 9383 5722)
4(12088 3169 12089 5724)
4(442 5721 12088 5724)
4(442 5724 12089 5722)
4(9383 8044 11842 3169)
4(9383 3169 12076 8045)
4(12088 3169 11842 8182)
4(12088 8184 9452 3169)
4(1143 8184 12088 8182)
4(12089 8185 12076 3169)
4(12089 3169 9452 8187)
4(1144 8185 12089 8187)
4(1566 8182 12088 5721)
4(1598 5722 12089 8185)
4(1601 5724 12088 8184)
4(1601 8187 12089 5724)
4(12086 5721 12088 3170)
4(12086 3170 12090 5723)
4(12090 3170 12088 5724)
4(442 5723 12090 5724)
4(11845 8053 12086 3170)
4(12091 3170 12086 8055)
4(1106 4622 12091 8055)
4(11845 3170 12088 8182)
4(12088 3170 12092 8184)
4(1143 8184 12092 4623)
4(12091 8192 12090 3170)
4(12092 3170 12090 8193)
4(1146 8193 12090 8192)
4(1146 8192 12091 4625)
4(1600 8192 12090 5723)
4(1600 8055 12091 8192)
4(1601 5724 12090 8193)
4(1601 8193 12092 8184)
4(9384 3171 12094 5722)
4(12093 3171 9384 5725)
4(12094 3171 12093 5726)
4(442 5726 12093 5725)
4(442 5722 12094 5726)
4(9384 8046 12081 3171)
4(12639 8048 9384 3171)
4(12639 3171 12093 8252)
4(12971 8253 12093 3171)
4(1167 8252 12093 8253)
4(12094 3171 12081 8254)
4(12971 3171 12094 8256)
4(1168 8256 12094 8254)
4(1598 8254 12094 5722)
4(1703 5725 12093 8252)
4(1806 8253 12093 5726)
4(1806 5726 12094 8256)
4(12095 3172 12087 5723)
4(12087 3172 12093 5725)
4(12093 3172 12095 5726)
4(442 5726 12095 5723)
4(12096 8056 12087 3172)
4(12638 3172 12087 8057)
4(1107 8056 12096 4675)
4(12638 8252 12093 3172)
4(13008 3172 12093 8253)
4(12096 3172 12095 8259)
4(13008 8260 12095 3172)
4(1170 8259 12095 8260)
4(1170 4678 12096 8259)
4(1600 5723 12095 8259)
4(1600 8259 12096 8056)
4(1806 8260 12095 5726)
4(12089 5722 12094 3173)
4(12089 3173 12097 5724)
4(12097 3173 12094 5726)
4(442 5724 12097 5726)
4(12084 8185 12089 3173)
4(12098 3173 12089 8187)
4(1144 4739 12098 8187)
4(12084 3173 12094 8254)
4(12094 3173 13010 8256)
4(12098 8317 12097 3173)
4(13010 3173 12097 8318)
4(1192 8318 12097 8317)
4(1192 8317 12098 4742)
4(1601 8317 12097 5724)
4(1601 8187 12098 8317)
4(1806 5726 12097 8318)
4(12090 3174 12095 5723)
4(12090 5724 12097 3174)
4(12095 3174 12097 5726)
4(12099 3174 12090 8192)
4(12090 3174 12100 8193)
4(1146 4744 12099 8192)
4(12099 8259 12095 3174)
4(13009 3174 12095 8260)
4(1170 8259 12099 4745)
4(12100 3174 12097 8317)
4(12097 3174 13009 8318)
4(1192 4746 12100 8317)
4(1600 8192 12099 8259)
4(1601 8317 12100 8193)
4(12101 3175 9387 5727)
4(12102 3175 12101 5729)
4(9387 3175 12102 5731)
4(443 5729 12101 5727)
4(443 5731 12102 5729)
4(9387 3175 11857 8049)
4(12667 3175 9387 8051)
4(12101 8063 11857 3175)
4(12101 3175 9391 8065)
4(1109 8063 12101 8065)
4(12102 8066 9391 3175)
4(12667 8067 12102 3175)
4(1110 8066 12102 8067)
4(1569 5727 12101 8063)
4(1602 8065 12101 5729)
4(1602 5729 12102 8066)
4(1713 8067 12102 5731)
4(9388 3176 12103 5727)
4(12104 3176 9388 5728)
4(12103 3176 12104 5730)
4(443 5727 12103 5730)
4(443 5730 12104 5728)
4(9388 8054 11860 3176)
4(9388 3176 12091 8055)
4(12103 3176 11860 8190)
4(12103 8191 9456 3176)
4(1145 8191 12103 8190)
4(12104 8192 12091 3176)
4(12104 3176 9456 8194)
4(1146 8192 12104 8194)
4(1569 8190 12103 5727)
4(1600 5728 12104 8192)
4(1603 5730 12103 8191)
4(1603 8194 12104 5730)
4(12101 5727 12103 3177)
4(12101 3177 12105 5729)
4(12105 3177 12103 5730)
4(443 5729 12105 5730)
4(11863 8063 12101 3177)
4(12106 3177 12101 8065)
4(1109 4627 12106 8065)
4(11863 3177 12103 8190)
4(12103 3177 12107 8191)
4(12106 8198 12105 3177)
4(12107 3177 12105 8199)
4(1148 8199 12105 8198)
4(1148 8198 12106 4630)
4(1602 8198 12105 5729)
4(1602 8065 12106 8198)
4(1603 5730 12105 8199)
4(9389 3178 12109 5728)
4(12108 3178 9389 5731)
4(12109 3178 12108 5732)
4(443 5732 12108 5731)
4(443 5728 12109 5732)
4(9389 8056 12096 3178)
4(12669 8058 9389 3178)
4(12669 3178 12108 8257)
4(12973 8258 12108 3178)
4(1169 8257 12108 8258)
4(12109 3178 12096 8259)
4(12973 3178 12109 8261)
4(1170 8261 12109 8259)
4(1600 8259 12109 5728)
4(1713 5731 12108 8257)
4(1807 8258 12108 5732)
4(1807 5732 12109 8261)
4(12110 3179 12102 5729)
4(12102 3179 12108 5731)
4(12108 3179 12110 5732)
4(443 5732 12110 5729)
4(12111 8066 12102 3179)
4(12668 3179 12102 8067)
4(1110 8066 12111 4679)
4(12668 8257 12108 3179)
4(13011 3179 12108 8258)
4(12111 3179 12110 8264)
4(13011 8265 12110 3179)
4(1172 8264 12110 8265)
4(1172 4682 12111 8264)
4(1602 5729 12110 8264)
4(1602 8264 12111 8066)
4(1807 8265 12110 5732)
4(12104 5728 12109 3180)
4(12104 3180 12112 5730)
4(12112 3180 12109 5732)
4(443 5730 12112 5732)
4(12099 8192 12104 3180)
4(12113 3180 12104 8194)
4(12099 3180 12109 8259)
4(12109 3180 13013 8261)
4(12113 8320 12112 3180)
4(13013 3180 12112 8321)
4(1193 8321 12112 8320)
4(1603 8320 12112 5730)
4(1807 5732 12112 8321)
4(12105 3181 12110 5729)
4(12105 5730 12112 3181)
4(12110 3181 12112 5732)
4(12114 3181 12105 8198)
4(12105 3181 12115 8199)
4(1148 4748 12114 8198)
4(12114 8264 12110 3181)
4(13012 3181 12110 8265)
4(1172 8264 12114 4749)
4(12115 3181 12112 8320)
4(12112 3181 13012 8321)
4(1602 8198 12114 8264)
4(12116 3182 9392 5733)
4(12117 3182 12116 5735)
4(9392 3182 12117 5737)
4(444 5735 12116 5733)
4(444 5737 12117 5735)
4(9392 3182 11875 8059)
4(12697 3182 9392 8061)
4(12116 8073 11875 3182)
4(12116 3182 9396 8075)
4(1112 8073 12116 8075)
4(12117 8076 9396 3182)
4(12697 8077 12117 3182)
4(1113 8076 12117 8077)
4(1572 5733 12116 8073)
4(1604 8075 12116 5735)
4(1604 5735 12117 8076)
4(1723 8077 12117 5737)
4(9393 3183 12118 5733)
4(12119 3183 9393 5734)
4(12118 3183 12119 5736)
4(444 5733 12118 5736)
4(444 5736 12119 5734)
4(9393 8064 11878 3183)
4(9393 3183 12106 8065)
4(12118 3183 11878 8196)
4(12118 8197 9457 3183)
4(1147 8197 12118 8196)
4(12119 8198 12106 3183)
4(12119 3183 9457 8200)
4(1148 8198 12119 8200)
4(1572 8196 12118 5733)
4(1602 5734 12119 8198)
4(1605 5736 12118 8197)
4(1605 8200 12119 5736)
4(12116 5733 12118 3184)
4(12116 3184 12120 5735)
4(12120 3184 12118 5736)
4(444 5735 12120 5736)
4(11881 8073 12116 3184)
4(12121 3184 12116 8075)
4(1112 4632 12121 8075)
4(11881 3184 12118 8196)
4(12118 3184 12122 8197)
4(12121 8204 12120 3184)
4(12122 3184 12120 8205)
4(1150 8205 12120 8204)
4(1150 8204 12121 4635)
4(1604 8204 12120 5735)
4(1604 8075 12121 8204)
4(1605 5736 12120 8205)
4(9394 3185 12124 5734)
4(12123 3185 9394 5737)
4(12124 3185 12123 5738)
4(444 5738 12123 5737)
4(444 5734 12124 5738)
4(9394 8066 12111 3185)
4(12699 8068 9394 3185)
4(12699 3185 12123 8262)
4(12974 8263 12123 3185)
4(1171 8262 12123 8263)
4(12124 3185 12111 8264)
4(12974 3185 12124 8266)
4(1172 8266 12124 8264)
4(1602 8264 12124 5734)
4(1723 5737 12123 8262)
4(1808 8263 12123 5738)
4(1808 5738 12124 8266)
4(12125 3186 12117 5735)
4(12117 3186 12123 5737)
4(12123 3186 12125 5738)
4(444 5738 12125 5735)
4(12126 8076 12117 3186)
4(12698 3186 12117 8077)
4(1113 8076 12126 4683)
4(12698 8262 12123 3186)
4(13014 3186 12123 8263)
4(12126 3186 12125 8269)
4(13014 8270 12125 3186)
4(1174 8269 12125 8270)
4(1174 4686 12126 8269)
4(1604 5735 12125 8269)
4(1604 8269 12126 8076)
4(1808 8270 12125 5738)
4(12119 5734 12124 3187)
4(12119 3187 12127 5736)
4(12127 3187 12124 5738)
4(444 5736 12127 5738)
4(12114 8198 12119 3187)
4(12128 3187 12119 8200)
4(12114 3187 12124 8264)
4(12124 3187 13016 8266)
4(12128 8322 12127 3187)
4(13016 3187 12127 8323)
4(1194 8323 12127 8322)
4(1605 8322 12127 5736)
4(1808 5738 12127 8323)
4(12120 3188 12125 5735)
4(12120 5736 12127 3188)
4(12125 3188 12127 5738)
4(12129 3188 12120 8204)
4(12120 3188 12130 8205)
4(1150 4752 12129 8204)
4(12129 8269 12125 3188)
4(13015 3188 12125 8270)
4(1174 8269 12129 4753)
4(12130 3188 12127 8322)
4(12127 3188 13015 8323)
4(1604 8204 12129 8269)
4(12131 3189 9397 5739)
4(12132 3189 12131 5741)
4(9397 3189 12132 5743)
4(445 5741 12131 5739)
4(445 5743 12132 5741)
4(9397 3189 11893 8069)
4(12727 3189 9397 8071)
4(12131 8083 11893 3189)
4(12131 3189 9401 8085)
4(1115 8083 12131 8085)
4(12132 8086 9401 3189)
4(12727 8087 12132 3189)
4(1116 8086 12132 8087)
4(1575 5739 12131 8083)
4(1606 8085 12131 5741)
4(1606 5741 12132 8086)
4(1733 8087 12132 5743)
4(9398 3190 12133 5739)
4(12134 3190 9398 5740)
4(12133 3190 12134 5742)
4(445 5739 12133 5742)
4(445 5742 12134 5740)
4(9398 8074 11896 3190)
4(9398 3190 12121 8075)
4(12133 3190 11896 8202)
4(12133 8203 9458 3190)
4(1149 8203 12133 8202)
4(12134 8204 12121 3190)
4(12134 3190 9458 8206)
4(1150 8204 12134 8206)
4(1575 8202 12133 5739)
4(1604 5740 12134 8204)
4(1607 5742 12133 8203)
4(1607 8206 12134 5742)
4(12131 5739 12133 3191)
4(12131 3191 12135 5741)
4(12135 3191 12133 5742)
4(445 5741 12135 5742)
4(11899 8083 12131 3191)
4(12136 3191 12131 8085)
4(1115 4637 12136 8085)
4(11899 3191 12133 8202)
4(12133 3191 12137 8203)
4(12136 8208 12135 3191)
4(12137 3191 12135 8209)
4(1151 8209 12135 8208)
4(1151 8208 12136 4640)
4(1606 8208 12135 5741)
4(1606 8085 12136 8208)
4(1607 5742 12135 8209)
4(9399 3192 12139 5740)
4(12138 3192 9399 5743)
4(12139 3192 12138 5744)
4(445 5744 12138 5743)
4(445 5740 12139 5744)
4(9399 8076 12126 3192)
4(12729 8078 9399 3192)
4(12729 3192 12138 8267)
4(12975 8268 12138 3192)
4(1173 8267 12138 8268)
4(12139 3192 12126 8269)
4(12975 3192 12139 8271)
4(1174 8271 12139 8269)
4(1604 8269 12139 5740)
4(1733 5743 12138 8267)
4(1809 8268 12138 5744)
4(1809 5744 12139 8271)
4(12140 3193 12132 5741)
4(12132 3193 12138 5743)
4(12138 3193 12140 5744)
4(445 5744 12140 5741)
4(12141 8086 12132 3193)
4(12728 3193 12132 8087)
4(1116 8086 12141 4687)
4(12728 8267 12138 3193)
4(13017 3193 12138 8268)
4(12141 3193 12140 8274)
4(13017 8275 12140 3193)
4(1176 8274 12140 8275)
4(1176 4690 12141 8274)
4(1606 5741 12140 8274)
4(1606 8274 12141 8086)
4(1809 8275 12140 5744)
4(12134 5740 12139 3194)
4(12134 3194 12142 5742)
4(12142 3194 12139 5744)
4(445 5742 12142 5744)
4(12129 8204 12134 3194)
4(12143 3194 12134 8206)
4(12129 3194 12139 8269)
4(12139 3194 13019 8271)
4(12143 8324 12142 3194)
4(13019 3194 12142 8325)
4(1195 8325 12142 8324)
4(1607 8324 12142 5742)
4(1809 5744 12142 8325)
4(12135 3195 12140 5741)
4(12135 5742 12142 3195)
4(12140 3195 12142 5744)
4(12144 3195 12135 8208)
4(12135 3195 12145 8209)
4(1151 4756 12144 8208)
4(12144 8274 12140 3195)
4(13018 3195 12140 8275)
4(1176 8274 12144 4757)
4(12145 3195 12142 8324)
4(12142 3195 13018 8325)
4(1606 8208 12144 8274)
4(12146 3196 9402 5745)
4(12147 3196 12146 5747)
4(9402 3196 12147 5749)
4(446 5747 12146 5745)
4(446 5749 12147 5747)
4(9402 3196 11910 8079)
4(12757 3196 9402 8081)
4(12146 8093 11910 3196)
4(12146 3196 9406 8095)
4(1118 8093 12146 8095)
4(12147 8096 9406 3196)
4(12757 8097 12147 3196)
4(1119 8096 12147 8097)
4(1577 5745 12146 8093)
4(1608 8095 12146 5747)
4(1608 5747 12147 8096)
4(1743 8097 12147 5749)
4(9403 3197 12148 5745)
4(12149 3197 9403 5746)
4(12148 3197 12149 5748)
4(446 5745 12148 5748)
4(446 5748 12149 5746)
4(9403 8084 11913 3197)
4(9403 3197 12136 8085)
4(12148 3197 11913 8207)
3(12148 9459 3197)
4(12149 8208 12136 3197)
4(12149 3197 9459 8210)
4(1151 8208 12149 8210)
4(1577 8207 12148 5745)
4(1606 5746 12149 8208)
4(1609 8210 12149 5748)
4(12146 5745 12148 3198)
4(12146 3198 12150 5747)
4(446 5747 12150 5748)
4(11915 8093 12146 3198)
4(12151 3198 12146 8095)
4(1118 4641 12151 8095)
4(1608 8212 12150 5747)
4(1608 8095 12151 8212)
4(9404 3199 12153 5746)
4(12152 3199 9404 5749)
4(12153 3199 12152 5750)
4(446 5750 12152 5749)
4(446 5746 12153 5750)
4(9404 8086 12141 3199)
4(12759 8088 9404 3199)
4(12759 3199 12152 8272)
4(12976 8273 12152 3199)
4(1175 8272 12152 8273)
4(12153 3199 12141 8274)
4(12976 3199 12153 8276)
4(1176 8276 12153 8274)
4(1606 8274 12153 5746)
4(1743 5749 12152 8272)
4(1810 8273 12152 5750)
4(1810 5750 12153 8276)
4(12154 3200 12147 5747)
4(12147 3200 12152 5749)
4(12152 3200 12154 5750)
4(446 5750 12154 5747)
4(12155 8096 12147 3200)
4(12758 3200 12147 8097)
4(1119 8096 12155 4691)
4(12758 8272 12152 3200)
4(13020 3200 12152 8273)
4(12155 3200 12154 8279)
4(13020 8280 12154 3200)
4(1178 8279 12154 8280)
4(1178 4694 12155 8279)
4(1608 5747 12154 8279)
4(1608 8279 12155 8096)
4(1810 8280 12154 5750)
4(12149 5746 12153 3201)
4(12149 3201 12156 5748)
4(12156 3201 12153 5750)
4(446 5748 12156 5750)
4(12144 8208 12149 3201)
4(12157 3201 12149 8210)
4(12144 3201 12153 8274)
4(12153 3201 13022 8276)
4(12157 8326 12156 3201)
4(13022 3201 12156 8327)
4(1810 5750 12156 8327)
4(12150 3202 12154 5747)
4(12154 3202 12156 5750)
4(12158 8279 12154 3202)
4(13021 3202 12154 8280)
4(1178 8279 12158 4760)
4(1608 8212 12158 8279)
4(12159 3203 9407 5751)
4(12160 3203 12159 5753)
4(9407 3203 12160 5755)
4(447 5753 12159 5751)
4(447 5755 12160 5753)
4(9407 3203 11926 8089)
4(12787 3203 9407 8091)
4(12159 8103 11926 3203)
4(12159 3203 9411 8105)
4(1121 8103 12159 8105)
4(12160 8106 9411 3203)
4(12787 8107 12160 3203)
4(1122 8106 12160 8107)
4(1579 5751 12159 8103)
4(1610 8105 12159 5753)
4(1610 5753 12160 8106)
4(1753 8107 12160 5755)
4(9408 3204 12161 5751)
4(12162 3204 9408 5752)
4(447 5751 12161 5754)
4(447 5754 12162 5752)
4(9408 8094 11928 3204)
4(9408 3204 12151 8095)
4(1579 8211 12161 5751)
4(1608 5752 12162 8212)
4(12159 5751 12161 3205)
4(12159 3205 12163 5753)
4(447 5753 12163 5754)
4(11930 8103 12159 3205)
4(12164 3205 12159 8105)
4(1121 4642 12164 8105)
4(1610 8214 12163 5753)
4(1610 8105 12164 8214)
4(9409 3206 12166 5752)
4(12165 3206 9409 5755)
4(12166 3206 12165 5756)
4(447 5756 12165 5755)
4(447 5752 12166 5756)
4(9409 8096 12155 3206)
4(12789 8098 9409 3206)
4(12789 3206 12165 8277)
4(12977 8278 12165 3206)
4(1177 8277 12165 8278)
4(12166 3206 12155 8279)
4(12977 3206 12166 8281)
4(1178 8281 12166 8279)
4(1608 8279 12166 5752)
4(1753 5755 12165 8277)
4(1811 8278 12165 5756)
4(1811 5756 12166 8281)
4(12167 3207 12160 5753)
4(12160 3207 12165 5755)
4(12165 3207 12167 5756)
4(447 5756 12167 5753)
4(12168 8106 12160 3207)
4(12788 3207 12160 8107)
4(1122 8106 12168 4695)
4(12788 8277 12165 3207)
4(13023 3207 12165 8278)
4(12168 3207 12167 8284)
4(13023 8285 12167 3207)
4(1180 8284 12167 8285)
4(1180 4698 12168 8284)
4(1610 5753 12167 8284)
4(1610 8284 12168 8106)
4(1811 8285 12167 5756)
4(12162 5752 12166 3208)
4(12169 3208 12166 5756)
4(447 5754 12169 5756)
4(12158 3208 12166 8279)
4(12166 3208 13025 8281)
4(1811 5756 12169 8328)
4(12163 3209 12167 5753)
4(12167 3209 12169 5756)
4(12170 8284 12167 3209)
4(13024 3209 12167 8285)
4(1180 8284 12170 4761)
4(1610 8214 12170 8284)
4(12171 3210 9412 5757)
4(12172 3210 12171 5759)
4(9412 3210 12172 5761)
4(448 5759 12171 5757)
4(448 5761 12172 5759)
4(9412 3210 11940 8099)
4(12817 3210 9412 8101)
4(12171 8113 11940 3210)
4(12171 3210 9416 8115)
4(1124 8113 12171 8115)
4(12172 8116 9416 3210)
4(12817 8117 12172 3210)
4(1125 8116 12172 8117)
4(1581 5757 12171 8113)
4(1611 8115 12171 5759)
4(1611 5759 12172 8116)
4(1763 8117 12172 5761)
4(9413 3211 12173 5757)
4(12174 3211 9413 5758)
4(448 5757 12173 5760)
4(448 5760 12174 5758)
4(9413 8104 11942 3211)
4(9413 3211 12164 8105)
4(1581 8213 12173 5757)
4(1610 5758 12174 8214)
4(12171 5757 12173 3212)
4(12171 3212 12175 5759)
4(448 5759 12175 5760)
4(11943 8113 12171 3212)
3(3212 12171 8115)
3(1611 12175 5759)
4(9414 3213 12177 5758)
4(12176 3213 9414 5761)
4(12177 3213 12176 5762)
4(448 5762 12176 5761)
4(448 5758 12177 5762)
4(9414 8106 12168 3213)
4(12819 8108 9414 3213)
4(12819 3213 12176 8282)
4(12978 8283 12176 3213)
4(1179 8282 12176 8283)
4(12177 3213 12168 8284)
4(12978 3213 12177 8286)
4(1180 8286 12177 8284)
4(1610 8284 12177 5758)
4(1763 5761 12176 8282)
4(1812 8283 12176 5762)
4(1812 5762 12177 8286)
4(12178 3214 12172 5759)
4(12172 3214 12176 5761)
4(12176 3214 12178 5762)
4(448 5762 12178 5759)
4(12179 8116 12172 3214)
4(12818 3214 12172 8117)
4(1125 8116 12179 4699)
4(12818 8282 12176 3214)
4(13026 3214 12176 8283)
4(12179 3214 12178 8289)
4(13026 8290 12178 3214)
4(1182 8289 12178 8290)
4(1182 4702 12179 8289)
4(1611 5759 12178 8289)
4(1611 8289 12179 8116)
4(1812 8290 12178 5762)
4(12174 5758 12177 3215)
4(12180 3215 12177 5762)
4(448 5760 12180 5762)
4(12170 3215 12177 8284)
4(12177 3215 13028 8286)
4(1812 5762 12180 8329)
4(12175 3216 12178 5759)
4(12178 3216 12180 5762)
3(8289 12178 3216)
4(13027 3216 12178 8290)
4(12181 3217 9417 5763)
4(12182 3217 12181 5765)
4(9417 3217 12182 5766)
4(449 5766 12182 5765)
4(9417 3217 11950 8109)
4(12847 3217 9417 8111)
4(12181 8123 11950 3217)
4(12181 3217 9421 8125)
4(12182 8126 9421 3217)
4(12847 8127 12182 3217)
4(1128 8126 12182 8127)
4(1612 5765 12182 8126)
4(1773 8127 12182 5766)
4(9419 3218 12184 5764)
4(12183 3218 9419 5766)
4(12184 3218 12183 5767)
4(449 5767 12183 5766)
4(9419 8116 12179 3218)
4(12849 8118 9419 3218)
4(12849 3218 12183 8287)
4(12979 8288 12183 3218)
4(1181 8287 12183 8288)
4(12184 3218 12179 8289)
4(12979 3218 12184 8291)
4(1773 5766 12183 8287)
4(1813 8288 12183 5767)
4(12185 3219 12182 5765)
4(12182 3219 12183 5766)
4(12183 3219 12185 5767)
4(12186 8126 12182 3219)
4(12848 3219 12182 8127)
4(1128 8126 12186 4703)
4(12848 8287 12183 3219)
4(13029 3219 12183 8288)
4(12186 3219 12185 8294)
4(13029 8295 12185 3219)
4(1184 4706 12186 8294)
4(1612 8294 12186 8126)
4(12187 3220 9422 5768)
4(12188 3220 12187 5770)
4(9422 3220 12188 5771)
4(450 5771 12188 5770)
4(9422 3220 11957 8119)
4(12877 3220 9422 8121)
4(12187 8130 11957 3220)
4(12187 3220 9426 8131)
4(12188 8132 9426 3220)
4(12877 8133 12188 3220)
4(1130 8132 12188 8133)
4(1613 5770 12188 8132)
4(1783 8133 12188 5771)
4(9424 3221 12190 5769)
4(12189 3221 9424 5771)
4(12190 3221 12189 5772)
4(450 5772 12189 5771)
4(9424 8126 12186 3221)
4(12879 8128 9424 3221)
4(12879 3221 12189 8292)
4(12980 8293 12189 3221)
4(1183 8292 12189 8293)
4(12190 3221 12186 8294)
4(12980 3221 12190 8296)
4(1783 5771 12189 8292)
4(1814 8293 12189 5772)
4(12191 3222 12188 5770)
4(12188 3222 12189 5771)
4(12189 3222 12191 5772)
4(12192 8132 12188 3222)
4(12878 3222 12188 8133)
4(1130 8132 12192 4707)
4(12878 8292 12189 3222)
4(13030 3222 12189 8293)
4(12192 3222 12191 8297)
4(13030 8298 12191 3222)
4(1185 4710 12192 8297)
4(1613 8297 12192 8132)
4(9428 8132 12192 3223)
4(12193 3223 12192 8297)
4(1136 8156 12194 8154)
4(1136 8156 12195 4719)
4(9434 8152 12032 3225)
4(12196 3225 12032 8162)
4(1138 8164 12196 8162)
4(1593 8162 12196 5774)
4(9435 3226 12038 8155)
4(12197 8305 12038 3226)
4(1188 8305 12197 8307)
4(1593 5774 12197 8305)
4(12040 3227 12196 8162)
4(1138 8164 12198 4724)
4(12040 8305 12197 3227)
4(9439 8160 12047 3228)
4(12199 3228 12047 8170)
4(1140 8172 12199 8170)
4(1595 8170 12199 5775)
4(9440 3229 12053 8163)
4(12200 8308 12053 3229)
4(1189 8308 12200 8310)
4(1595 5775 12200 8308)
4(12055 3230 12199 8170)
4(1140 8172 12201 4729)
4(12055 8308 12200 3230)
4(9444 8168 12062 3231)
4(12202 3231 12062 8178)
4(1142 8180 12202 8178)
4(1597 8178 12202 5776)
4(9445 3232 12068 8171)
4(12203 8311 12068 3232)
4(1190 8311 12203 8313)
4(1597 5776 12203 8311)
4(12070 3233 12202 8178)
4(1142 8180 12204 4734)
4(12070 8311 12203 3233)
4(9449 8176 12077 3234)
4(12205 3234 12077 8186)
4(1144 8188 12205 8186)
4(1599 8186 12205 5777)
4(9450 3235 12083 8179)
4(12206 8314 12083 3235)
4(1191 8314 12206 8316)
4(1599 5777 12206 8314)
4(12085 3236 12205 8186)
4(1144 8188 12207 4739)
4(12085 8314 12206 3236)
3(9454 8184 12092)
4(1601 8193 12208 5778)
4(9455 3237 12098 8187)
4(12209 8317 12098 3237)
4(1192 8317 12209 8319)
4(1601 5778 12209 8317)
4(12100 8317 12209 3238)
4(261 4645 12960 4646)
4(262 4649 12961 4650)
4(263 4653 12962 4654)
4(264 4657 12963 4658)
4(280 4722 12964 4723)
4(265 4661 12965 4662)
4(281 4727 12966 4728)
4(266 4665 12967 4666)
4(282 4732 12968 4733)
4(267 4669 12969 4670)
4(283 4737 12970 4738)
4(268 4673 12971 4674)
4(284 4742 12972 4743)
4(269 4677 12973 4678)
4(270 4681 12974 4682)
4(271 4685 12975 4686)
4(272 4689 12976 4690)
4(273 4693 12977 4694)
4(274 4697 12978 4698)
4(275 4701 12979 4702)
4(276 4705 12980 4706)
4(277 4709 12981 4710)
4(261 4646 12982 4644)
4(262 4650 12983 4648)
3(278 12984 4713)
4(263 4654 12986 4652)
4(279 4717 12987 4716)
4(278 4713 12988 4714)
4(264 4658 12989 4656)
4(280 4721 12990 4720)
4(279 4716 12991 4718)
3(280 4723 4721)
4(265 4662 12992 4660)
4(281 4726 12993 4725)
4(280 4720 12994 4722)
4(281 4728 12995 4726)
4(266 4666 12996 4664)
4(282 4731 12997 4730)
4(281 4725 12998 4727)
4(282 4733 12999 4731)
4(267 4670 13000 4668)
4(283 4736 13001 4735)
4(282 4730 13002 4732)
4(283 4738 13003 4736)
4(268 4674 13004 4672)
4(284 4741 13005 4740)
4(283 4735 13006 4737)
4(284 4743 13007 4741)
4(269 4678 13008 4676)
4(285 4746 13009 4745)
4(284 4740 13010 4742)
4(270 4682 13011 4680)
4(286 4750 13012 4749)
4(285 4745 13013 4747)
4(271 4686 13014 4684)
4(287 4754 13015 4753)
4(286 4749 13016 4751)
4(272 4690 13017 4688)
4(288 4758 13018 4757)
4(287 4753 13019 4755)
4(273 4694 13020 4692)
4(288 4757 13022 4759)
4(274 4698 13023 4696)
4(275 4702 13026 4700)
4(276 4706 13029 4704)
4(277 4710 13030 4708)
4(1153 8218 12960 4645)
4(1799 8221 12960 8218)
4(1154 4646 12960 8221)
4(1155 8223 12961 4649)
4(1800 8226 12961 8223)
4(1156 4650 12961 8226)
4(1157 8228 12962 4653)
4(1801 8231 12962 8228)
4(1158 4654 12962 8231)
4(1159 8233 12963 4657)
4(1802 8236 12963 8233)
4(1160 4658 12963 8236)
4(1188 8307 12964 4722)
4(1161 8238 12965 4661)
4(1803 8241 12965 8238)
4(1162 4662 12965 8241)
4(1189 8310 12966 4727)
4(1163 8243 12967 4665)
4(1804 8246 12967 8243)
4(1164 4666 12967 8246)
4(1190 8313 12968 4732)
4(1165 8248 12969 4669)
4(1805 8251 12969 8248)
4(1166 4670 12969 8251)
4(1191 8316 12970 4737)
4(1167 8253 12971 4673)
4(1806 8256 12971 8253)
4(1168 4674 12971 8256)
4(1192 8319 12972 4742)
4(1169 8258 12973 4677)
4(1807 8261 12973 8258)
4(1170 4678 12973 8261)
4(1171 8263 12974 4681)
4(1808 8266 12974 8263)
4(1172 4682 12974 8266)
4(1173 8268 12975 4685)
4(1809 8271 12975 8268)
4(1174 4686 12975 8271)
4(1175 8273 12976 4689)
4(1810 8276 12976 8273)
4(1176 4690 12976 8276)
4(1177 8278 12977 4693)
4(1811 8281 12977 8278)
4(1178 4694 12977 8281)
4(1179 8283 12978 4697)
4(1812 8286 12978 8283)
4(1180 4698 12978 8286)
4(1181 8288 12979 4701)
4(1813 8291 12979 8288)
4(1182 4702 12979 8291)
4(1183 8293 12980 4705)
4(1814 8296 12980 8293)
4(1184 4706 12980 8296)
4(1185 4710 12981 8299)
4(1154 8220 12982 4646)
3(8216 12982 8220)
4(1152 4644 12982 8216)
3(1154 4711 8220)
4(1156 8225 12983 4650)
4(1799 8218 12983 8225)
4(1153 4648 12983 8218)
4(1799 8225 12984 8300)
4(1156 4713 12984 8225)
4(1154 8221 12985 4711)
4(1799 8300 12985 8221)
4(1158 8230 12986 4654)
4(1800 8223 12986 8230)
4(1155 4652 12986 8223)
4(1186 8302 12987 4717)
4(1800 8230 12987 8302)
4(1158 4716 12987 8230)
4(1156 8226 12988 4713)
4(1800 8302 12988 8226)
4(1186 4714 12988 8302)
4(1160 8235 12989 4658)
4(1801 8228 12989 8235)
4(1157 4656 12989 8228)
4(1187 8304 12990 4721)
4(1801 8235 12990 8304)
4(1160 4720 12990 8235)
4(1158 8231 12991 4716)
4(1801 8304 12991 8231)
4(1187 4718 12991 8304)
4(1162 8240 12992 4662)
4(1802 8233 12992 8240)
4(1159 4660 12992 8233)
4(1188 8306 12993 4726)
4(1802 8240 12993 8306)
4(1162 4725 12993 8240)
4(1160 8236 12994 4720)
4(1802 8306 12994 8236)
4(1188 4722 12994 8306)
4(1188 4726 12995 8307)
4(1164 8245 12996 4666)
4(1803 8238 12996 8245)
4(1161 4664 12996 8238)
4(1189 8309 12997 4731)
4(1803 8245 12997 8309)
4(1164 4730 12997 8245)
4(1162 8241 12998 4725)
4(1803 8309 12998 8241)
4(1189 4727 12998 8309)
4(1189 4731 12999 8310)
4(1166 8250 13000 4670)
4(1804 8243 13000 8250)
4(1163 4668 13000 8243)
4(1190 8312 13001 4736)
4(1804 8250 13001 8312)
4(1166 4735 13001 8250)
4(1164 8246 13002 4730)
4(1804 8312 13002 8246)
4(1190 4732 13002 8312)
4(1190 4736 13003 8313)
4(1168 8255 13004 4674)
4(1805 8248 13004 8255)
4(1165 4672 13004 8248)
4(1191 8315 13005 4741)
4(1805 8255 13005 8315)
4(1168 4740 13005 8255)
4(1166 8251 13006 4735)
4(1805 8315 13006 8251)
4(1191 4737 13006 8315)
4(1191 4741 13007 8316)
4(1170 8260 13008 4678)
4(1806 8253 13008 8260)
4(1167 4676 13008 8253)
4(1192 8318 13009 4746)
4(1806 8260 13009 8318)
4(1170 4745 13009 8260)
4(1168 8256 13010 4740)
4(1806 8318 13010 8256)
4(1192 4742 13010 8318)
3(1192 4746 8319)
4(1172 8265 13011 4682)
4(1807 8258 13011 8265)
4(1169 4680 13011 8258)
4(1193 8321 13012 4750)
4(1807 8265 13012 8321)
4(1172 4749 13012 8265)
4(1170 8261 13013 4745)
4(1807 8321 13013 8261)
4(1193 4747 13013 8321)
4(1174 8270 13014 4686)
4(1808 8263 13014 8270)
4(1171 4684 13014 8263)
4(1194 8323 13015 4754)
4(1808 8270 13015 8323)
4(1174 4753 13015 8270)
4(1172 8266 13016 4749)
4(1808 8323 13016 8266)
4(1194 4751 13016 8323)
4(1176 8275 13017 4690)
4(1809 8268 13017 8275)
4(1173 4688 13017 8268)
4(1195 8325 13018 4758)
4(1809 8275 13018 8325)
4(1176 4757 13018 8275)
4(1174 8271 13019 4753)
4(1809 8325 13019 8271)
4(1195 4755 13019 8325)
4(1178 8280 13020 4694)
4(1810 8273 13020 8280)
4(1175 4692 13020 8273)
4(1810 8280 13021 8327)
4(1178 4760 13021 8280)
4(1176 8276 13022 4757)
4(1810 8327 13022 8276)
3(4759 13022 8327)
4(1180 8285 13023 4698)
4(1811 8278 13023 8285)
4(1177 4696 13023 8278)
4(1811 8285 13024 8328)
4(1180 4761 13024 8285)
4(1178 8281 13025 4760)
4(1811 8328 13025 8281)
4(1182 8290 13026 4702)
4(1812 8283 13026 8290)
4(1179 4700 13026 8283)
4(1812 8290 13027 8329)
3(1182 13027 8290)
4(1180 8286 13028 4761)
4(1812 8329 13028 8286)
4(1184 8295 13029 4706)
4(1813 8288 13029 8295)
4(1181 4704 13029 8288)
4(1185 8298 13030 4710)
4(1814 8293 13030 8298)
4(1183 4708 13030 8293)
5(12911 1831 12370 3275 3274)
4(12371 3402 8505 1853)
4(12372 3549 8620 1875)
4(12373 3696 8735 1897)
4(12374 3843 8850 1919)
4(12375 3990 8965 1941)
4(12376 4137 9080 1963)
4(12377 4284 9195 1985)
4(12378 4431 9310 2007)
4(12379 4578 9425 2029)
4(8505 3402 12880 2141)
4(8620 3549 12881 2263)
4(8735 3696 12882 2383)
4(8850 3843 12883 2503)
4(8965 3990 12884 2623)
4(9080 4137 12885 2743)
4(9195 4284 12886 2863)
4(9310 4431 12887 2983)
4(9425 4578 12888 3103)
4(12981 4709 12889 3223)
4(12370 1831 8397 5911)
4(12371 1853 8507 6150)
4(12372 1875 8622 6398)
4(12373 1897 8737 6646)
4(12374 1919 8852 6894)
4(12375 1941 8967 7142)
4(12376 1963 9082 7390)
4(12377 1985 9197 7638)
4(12378 2007 9312 7886)
4(12379 2029 9428 8134)
4(12880 5911 8397 2141)
4(12881 6150 8507 2263)
4(12882 6398 8622 2383)
4(12883 6646 8737 2503)
4(12884 6894 8852 2623)
4(12885 7142 8967 2743)
4(12886 7390 9082 2863)
4(12887 7638 9197 2983)
4(12888 7886 9312 3103)
4(12889 8134 9428 3223)
4(12894 3285 8401 1832)
4(12896 3290 8405 1833)
4(12898 3295 8409 1834)
4(12900 3300 8413 1835)
4(12902 3305 8417 1836)
4(8510 3419 8512 1854)
4(8515 3425 8517 1855)
4(8520 3431 8522 1856)
4(8525 3437 8527 1857)
4(8530 3443 8532 1858)
4(8625 3566 8627 1876)
4(8630 3572 8632 1877)
4(8635 3578 8637 1878)
4(8640 3584 8642 1879)
4(8645 3590 8647 1880)
4(8740 3713 8742 1898)
4(8745 3719 8747 1899)
4(8750 3725 8752 1900)
4(8755 3731 8757 1901)
4(8760 3737 8762 1902)
4(8855 3860 8857 1920)
4(8860 3866 8862 1921)
4(8865 3872 8867 1922)
4(8870 3878 8872 1923)
4(8875 3884 8877 1924)
4(8970 4007 8972 1942)
4(8975 4013 8977 1943)
4(8980 4019 8982 1944)
4(8985 4025 8987 1945)
4(8990 4031 8992 1946)
4(9085 4154 9087 1964)
4(9090 4160 9092 1965)
4(9095 4166 9097 1966)
4(9100 4172 9102 1967)
4(9105 4178 9107 1968)
4(9200 4301 9202 1986)
4(9205 4307 9207 1987)
4(9210 4313 9212 1988)
4(9215 4319 9217 1989)
4(9220 4325 9222 1990)
4(9315 4448 9317 2008)
4(9320 4454 9322 2009)
4(9325 4460 9327 2010)
4(9330 4466 9332 2011)
4(9335 4472 9337 2012)
4(9431 4595 9433 2030)
4(9436 4601 9438 2031)
4(9441 4607 9443 2032)
4(9446 4613 9448 2033)
4(9451 4619 9453 2034)
6(9474 3279 1 3277 12914 2039)
4(26 3406 2043 9483)
4(26 3408 9497 3406)
4(27 3410 9500 3412)
4(27 3413 9515 3410)
5(3308 9598 3309 3307 12940)
4(33 3445 9608 3447)
4(33 3448 9623 3445)
4(34 3450 9626 3452)
4(34 3453 9641 3450)
4(35 3455 9644 3457)
4(8 3316 9652 3318)
4(35 3458 9659 3455)
4(36 3460 9662 3462)
4(36 3463 9676 3460)
4(12922 3283 9508 2142)
4(8401 3285 12922 2142)
4(9518 3417 3419 9725)
4(8405 3290 12926 2143)
4(9725 3419 8510 2144)
4(9729 3425 9728 2145)
4(8409 3295 12930 2146)
4(9728 3425 8515 2147)
4(9733 3431 9732 2148)
4(8413 3300 12934 2149)
4(9732 3431 8520 2150)
4(9737 3437 9736 2151)
4(8417 3305 12938 2152)
4(9736 3437 8525 2153)
4(9741 3443 9740 2154)
4(9740 3443 8530 2156)
4(9483 2161 3409 26)
4(54 3553 2165 9766)
4(27 3412 9773 3414)
4(54 3555 9780 3553)
4(55 3557 9783 3559)
4(55 3560 9798 3557)
4(33 3447 9881 3449)
4(61 3592 9891 3594)
4(34 3452 9899 3454)
4(61 3595 9906 3592)
4(62 3597 9909 3599)
4(35 3457 9917 3459)
4(62 3600 9924 3597)
4(63 3602 9927 3604)
4(36 3462 9935 3464)
4(63 3605 9942 3602)
4(64 3607 9945 3609)
4(64 3610 9959 3607)
4(3417 9791 8512 3419)
4(9801 3564 3566 10005)
4(8517 3425 9729 2264)
4(10005 3566 8625 2265)
4(10009 3572 10008 2266)
4(8522 3431 9733 2267)
4(10008 3572 8630 2268)
4(10013 3578 10012 2269)
4(8527 3437 9737 2270)
4(10012 3578 8635 2271)
4(10017 3584 10016 2272)
4(8532 3443 9741 2273)
4(10016 3584 8640 2274)
4(10021 3590 10020 2275)
4(10020 3590 8645 2276)
4(54 9766 2281 3556)
4(82 3700 2285 10045)
4(55 3559 10052 3561)
4(82 3702 10059 3700)
4(83 3704 10062 3706)
4(83 3707 10077 3704)
4(61 3594 10160 3596)
4(89 3739 10170 3741)
4(62 3599 10178 3601)
4(89 3742 10185 3739)
4(90 3744 10188 3746)
4(63 3604 10196 3606)
4(90 3747 10203 3744)
4(91 3749 10206 3751)
4(64 3609 10214 3611)
4(91 3752 10221 3749)
4(92 3754 10224 3756)
4(92 3757 10238 3754)
4(3564 10070 8627 3566)
4(10080 3711 3713 10284)
4(8632 3572 10009 2384)
4(10284 3713 8740 2385)
4(10288 3719 10287 2386)
4(8637 3578 10013 2387)
4(10287 3719 8745 2388)
4(10292 3725 10291 2389)
4(8642 3584 10017 2390)
4(10291 3725 8750 2391)
4(10296 3731 10295 2392)
4(8647 3590 10021 2393)
4(10295 3731 8755 2394)
4(10300 3737 10299 2395)
4(10299 3737 8760 2396)
4(82 10045 2401 3703)
4(110 3847 2405 10324)
4(83 3706 10331 3708)
4(110 3849 10338 3847)
4(111 3851 10341 3853)
4(111 3854 10356 3851)
4(89 3741 10439 3743)
4(117 3886 10449 3888)
4(90 3746 10457 3748)
4(117 3889 10464 3886)
4(118 3891 10467 3893)
4(91 3751 10475 3753)
4(118 3894 10482 3891)
4(119 3896 10485 3898)
4(92 3756 10493 3758)
4(119 3899 10500 3896)
4(120 3901 10503 3903)
4(120 3904 10517 3901)
4(3711 10349 8742 3713)
4(3860 10563 10359 3858)
4(8747 3719 10288 2504)
4(10563 3860 8855 2505)
4(10567 3866 10566 2506)
4(8752 3725 10292 2507)
4(10566 3866 8860 2508)
4(10571 3872 10570 2509)
4(8757 3731 10296 2510)
4(10570 3872 8865 2511)
4(10575 3878 10574 2512)
4(8762 3737 10300 2513)
4(10574 3878 8870 2514)
4(10579 3884 10578 2515)
4(10578 3884 8875 2516)
4(110 10324 2521 3850)
4(138 3994 2525 10603)
4(111 3853 10610 3855)
4(138 3996 10617 3994)
4(139 3998 10620 4000)
4(139 4001 10635 3998)
4(117 3888 10718 3890)
4(145 4033 10728 4035)
4(118 3893 10736 3895)
4(145 4036 10743 4033)
4(146 4038 10746 4040)
4(119 3898 10754 3900)
4(146 4041 10761 4038)
4(147 4043 10764 4045)
4(120 3903 10772 3905)
4(147 4046 10779 4043)
4(148 4048 10782 4050)
4(148 4051 10796 4048)
4(3858 10628 8857 3860)
4(10638 4005 4007 10842)
4(8862 3866 10567 2624)
4(10842 4007 8970 2625)
4(10846 4013 10845 2626)
4(8867 3872 10571 2627)
4(10845 4013 8975 2628)
4(10850 4019 10849 2629)
4(8872 3878 10575 2630)
4(10849 4019 8980 2631)
4(10854 4025 10853 2632)
4(8877 3884 10579 2633)
4(10853 4025 8985 2634)
4(10858 4031 10857 2635)
4(10857 4031 8990 2636)
4(138 10603 2641 3997)
4(166 4141 2645 10882)
4(139 4000 10889 4002)
4(166 4143 10896 4141)
4(167 4145 10899 4147)
4(167 4148 10914 4145)
4(145 4035 10997 4037)
4(173 4180 11007 4182)
4(146 4040 11015 4042)
4(173 4183 11022 4180)
4(174 4185 11025 4187)
4(147 4045 11033 4047)
4(174 4188 11040 4185)
4(175 4190 11043 4192)
4(148 4050 11051 4052)
4(175 4193 11058 4190)
4(176 4195 11061 4197)
4(176 4198 11075 4195)
4(8972 4007 4005 10907)
4(10917 4152 4154 11121)
4(8977 4013 10846 2744)
4(11121 4154 9085 2745)
4(11125 4160 11124 2746)
4(8982 4019 10850 2747)
4(11124 4160 9090 2748)
4(11129 4166 11128 2749)
4(8987 4025 10854 2750)
4(11128 4166 9095 2751)
4(11133 4172 11132 2752)
4(8992 4031 10858 2753)
4(11132 4172 9100 2754)
4(11137 4178 11136 2755)
4(11136 4178 9105 2756)
4(166 10882 2761 4144)
4(194 4288 2765 11161)
4(167 4147 11168 4149)
4(194 4290 11175 4288)
4(195 4292 11178 4294)
4(195 4295 11193 4292)
4(173 4182 11276 4184)
4(201 4327 11286 4329)
4(174 4187 11294 4189)
4(201 4330 11301 4327)
4(202 4332 11304 4334)
4(175 4192 11312 4194)
4(202 4335 11319 4332)
4(203 4337 11322 4339)
4(176 4197 11330 4199)
4(203 4340 11337 4337)
4(204 4342 11340 4344)
4(204 4345 11354 4342)
4(4152 11186 9087 4154)
4(11196 4299 4301 11400)
4(9092 4160 11125 2864)
4(11400 4301 9200 2865)
4(11404 4307 11403 2866)
4(9097 4166 11129 2867)
4(11403 4307 9205 2868)
4(11408 4313 11407 2869)
4(9102 4172 11133 2870)
4(11407 4313 9210 2871)
4(11412 4319 11411 2872)
4(9107 4178 11137 2873)
4(11411 4319 9215 2874)
4(11416 4325 11415 2875)
4(11415 4325 9220 2876)
4(194 11161 2881 4291)
4(11440 222 4435 2885)
4(195 4294 11447 4296)
4(222 4437 11454 4435)
4(223 4439 11457 4441)
4(223 4442 11472 4439)
4(201 4329 11555 4331)
4(229 4474 11565 4476)
4(202 4334 11573 4336)
4(229 4477 11580 4474)
4(230 4479 11583 4481)
4(203 4339 11591 4341)
4(230 4482 11598 4479)
4(231 4484 11601 4486)
4(204 4344 11609 4346)
4(231 4487 11616 4484)
4(232 4489 11619 4491)
4(232 4492 11633 4489)
4(4299 11465 9202 4301)
4(11475 4446 4448 11679)
4(9207 4307 11404 2984)
4(11679 4448 9315 2985)
4(11683 4454 11682 2986)
4(9212 4313 11408 2987)
4(11682 4454 9320 2988)
4(11687 4460 11686 2989)
4(9217 4319 11412 2990)
4(11686 4460 9325 2991)
4(11691 4466 11690 2992)
4(9222 4325 11416 2993)
4(11690 4466 9330 2994)
4(11695 4472 11694 2995)
4(11694 4472 9335 2996)
4(222 11440 3001 4438)
4(250 4582 3005 11719)
4(223 4441 11726 4443)
4(250 4584 11733 4582)
4(251 4586 11736 4588)
4(251 4589 11751 4586)
4(229 4476 11834 4478)
4(257 4621 11844 4623)
4(230 4481 11852 4483)
4(257 4624 11859 4621)
4(258 4626 11862 4628)
4(231 4486 11870 4488)
4(258 4629 11877 4626)
4(259 4631 11880 4633)
4(232 4491 11888 4493)
4(259 4634 11895 4631)
4(260 4636 11898 4638)
4(260 4639 11912 4636)
4(4446 11744 9317 4448)
4(11754 4593 4595 11958)
4(9322 4454 11683 3104)
4(11958 4595 9431 3105)
4(11962 4601 11961 3106)
4(9327 4460 11687 3107)
4(11961 4601 9436 3108)
4(11966 4607 11965 3109)
4(9332 4466 11691 3110)
4(11965 4607 9441 3111)
4(11970 4613 11969 3112)
4(9337 4472 11695 3113)
4(11969 4613 9446 3114)
4(11974 4619 11973 3115)
4(11973 4619 9451 3116)
4(11719 3121 4585 250)
5(278 4712 11995 3125 12984)
4(251 4588 12002 4590)
4(278 4714 12008 4712)
4(279 4715 12010 4717)
4(279 4718 12023 4715)
4(257 4623 12092 4625)
4(285 4744 12100 4746)
4(258 4628 12107 4630)
4(285 4747 12113 4744)
4(286 4748 12115 4750)
4(259 4633 12122 4635)
4(286 4751 12128 4748)
4(287 4752 12130 4754)
4(260 4638 12137 4640)
4(287 4755 12143 4752)
4(288 4756 12145 4758)
4(288 4759 12157 4756)
4(4593 12017 9433 4595)
5(12025 4721 4723 12195 3224)
4(9438 4601 11962 3225)
4(12195 4723 12964 3226)
4(12995 4728 12198 3227)
4(9443 4607 11966 3228)
4(12198 4728 12966 3229)
4(12999 4733 12201 3230)
4(9448 4613 11970 3231)
4(12201 4733 12968 3232)
4(13003 4738 12204 3233)
4(9453 4619 11974 3234)
4(12204 4738 12970 3235)
4(13007 4743 12207 3236)
4(12207 4743 12972 3237)
4(304 4853 8389 4849)
4(1235 4849 8389 5894)
4(305 4858 8393 4854)
4(1237 4854 8393 5901)
4(1798 5902 8393 4858)
4(12911 5908 8396 1831)
4(484 5906 8396 5908)
4(1239 4859 8396 5906)
4(12894 1832 8402 5925)
4(8403 1832 8401 5929)
4(12896 1833 8406 5932)
4(8407 1833 8405 5936)
4(12898 1834 8410 5939)
4(8411 1834 8409 5943)
4(12900 1835 8414 5946)
4(8415 1835 8413 5950)
4(12902 1836 8418 5953)
4(8419 1836 8417 5957)
4(320 4952 8498 4953)
4(548 6131 8498 6130)
4(1238 6130 8498 4952)
4(1278 4953 8498 6131)
4(321 4957 8503 4958)
4(551 6141 8503 6140)
4(1240 6140 8503 4957)
4(1280 4958 8503 6141)
4(1853 8505 553 6147)
4(8513 6166 8510 1854)
4(8514 1854 8512 6171)
4(8518 6174 8515 1855)
4(8519 1855 8517 6179)
4(8523 6182 8520 1856)
4(8524 1856 8522 6187)
4(8528 6190 8525 1857)
4(8529 1857 8527 6195)
4(8533 6198 8530 1858)
4(8534 1858 8532 6203)
4(336 5053 8613 5054)
4(620 6379 8613 6378)
4(1281 6378 8613 5053)
4(1321 5054 8613 6379)
4(337 5058 8618 5059)
4(623 6389 8618 6388)
4(1283 6388 8618 5058)
4(1323 5059 8618 6389)
4(1875 8620 625 6395)
4(1325 8622 1875 6395)
4(8628 6414 8625 1876)
4(8629 1876 8627 6419)
4(8633 6422 8630 1877)
4(8634 1877 8632 6427)
4(8638 6430 8635 1878)
4(8639 1878 8637 6435)
4(8643 6438 8640 1879)
4(8644 1879 8642 6443)
4(8648 6446 8645 1880)
4(8649 1880 8647 6451)
4(352 5154 8728 5155)
4(692 6627 8728 6626)
4(1324 6626 8728 5154)
4(1364 5155 8728 6627)
4(353 5159 8733 5160)
4(695 6637 8733 6636)
4(1326 6636 8733 5159)
4(1366 5160 8733 6637)
4(1897 8735 697 6643)
4(1368 8737 1897 6643)
4(8743 6662 8740 1898)
4(8744 1898 8742 6667)
4(8748 6670 8745 1899)
4(8749 1899 8747 6675)
4(8753 6678 8750 1900)
4(8754 1900 8752 6683)
4(8758 6686 8755 1901)
4(8759 1901 8757 6691)
4(8763 6694 8760 1902)
4(8764 1902 8762 6699)
4(368 5255 8843 5256)
4(764 6875 8843 6874)
4(1367 6874 8843 5255)
4(1407 5256 8843 6875)
4(369 5260 8848 5261)
4(767 6885 8848 6884)
4(1369 6884 8848 5260)
4(1409 5261 8848 6885)
4(1919 8850 769 6891)
4(8858 6910 8855 1920)
4(8859 1920 8857 6915)
4(8863 6918 8860 1921)
4(8864 1921 8862 6923)
4(8868 6926 8865 1922)
4(8869 1922 8867 6931)
4(8873 6934 8870 1923)
4(8874 1923 8872 6939)
4(8878 6942 8875 1924)
4(8879 1924 8877 6947)
4(384 5356 8958 5357)
4(836 7123 8958 7122)
4(1410 7122 8958 5356)
4(1450 5357 8958 7123)
4(385 5361 8963 5362)
4(839 7133 8963 7132)
4(1412 7132 8963 5361)
4(1452 5362 8963 7133)
4(1941 8965 841 7139)
4(8973 7158 8970 1942)
4(8974 1942 8972 7163)
4(8978 7166 8975 1943)
4(8979 1943 8977 7171)
4(8983 7174 8980 1944)
4(8984 1944 8982 7179)
4(8988 7182 8985 1945)
4(8989 1945 8987 7187)
4(8993 7190 8990 1946)
4(8994 1946 8992 7195)
4(400 5457 9073 5458)
4(908 7371 9073 7370)
4(1453 7370 9073 5457)
4(1493 5458 9073 7371)
4(401 5462 9078 5463)
4(911 7381 9078 7380)
4(1455 7380 9078 5462)
4(1495 5463 9078 7381)
4(1963 9080 913 7387)
4(9088 7406 9085 1964)
4(9089 1964 9087 7411)
4(9093 7414 9090 1965)
4(9094 1965 9092 7419)
4(9098 7422 9095 1966)
4(9099 1966 9097 7427)
4(9103 7430 9100 1967)
4(9104 1967 9102 7435)
4(9108 7438 9105 1968)
4(9109 1968 9107 7443)
4(416 5558 9188 5559)
4(980 7619 9188 7618)
4(1496 7618 9188 5558)
4(1536 5559 9188 7619)
4(417 5563 9193 5564)
4(983 7629 9193 7628)
4(1498 7628 9193 5563)
4(1538 5564 9193 7629)
4(985 7635 1985 9195)
4(1540 9197 1985 7635)
4(9203 7654 9200 1986)
4(9204 1986 9202 7659)
4(9208 7662 9205 1987)
4(9209 1987 9207 7667)
4(9213 7670 9210 1988)
4(9214 1988 9212 7675)
4(9218 7678 9215 1989)
4(9219 1989 9217 7683)
4(9223 7686 9220 1990)
4(9224 1990 9222 7691)
4(432 5660 9303 5661)
4(1052 7867 9303 7866)
4(1539 7866 9303 5660)
4(1580 5661 9303 7867)
4(433 5665 9308 5666)
4(1055 7877 9308 7876)
4(1541 7876 9308 5665)
4(1582 5666 9308 7877)
4(2007 9310 1057 7883)
4(9318 7902 9315 2008)
4(9319 2008 9317 7907)
4(9323 7910 9320 2009)
4(9324 2009 9322 7915)
4(9328 7918 9325 2010)
4(9329 2010 9327 7923)
4(9333 7926 9330 2011)
4(9334 2011 9332 7931)
4(9338 7934 9335 2012)
4(9339 2012 9337 7939)
4(449 5763 9418 5764)
4(1124 8115 9418 8114)
4(1583 8114 9418 5763)
4(1611 5764 9418 8115)
4(450 5768 9423 5769)
4(1127 8125 9423 8124)
4(1585 8124 9423 5768)
4(1612 5769 9423 8125)
5(9427 2029 9425 1129 8131)
4(1613 5773 9427 8131)
4(9434 8151 9431 2030)
4(9435 2030 9433 8156)
4(9439 8159 9436 2031)
4(9440 2031 9438 8164)
4(9444 8167 9441 2032)
4(9445 2032 9443 8172)
4(9449 8175 9446 2033)
4(9450 2033 9448 8180)
4(9454 8183 9451 2034)
4(9455 2034 9453 8188)
5(9460 9462 3276 451 5783)
4(289 4763 9464 4762)
4(1197 5989 9464 4763)
4(9464 5989 3405 9467)
4(9470 2038 9471 4767)
4(9472 2039 9470 4767)
4(9474 2039 9472 5916)
4(486 3279 9474 5916)
4(9471 2042 9480 4767)
4(9472 4767 9480 2043)
5(9472 2043 3406 486 5916)
4(487 3281 9490 5921)
4(1201 5921 9490 5913)
4(486 3406 9497 5917)
4(555 6153 9497 3408)
4(1201 5917 9497 6153)
4(487 5921 9500 3410)
4(555 3412 9500 6153)
4(1201 6153 9500 5921)
4(1204 5927 9508 5918)
4(487 3410 9515 5922)
4(557 6158 9515 3413)
4(1204 5922 9515 6158)
4(557 3417 9518 6158)
4(1204 6158 9518 5927)
4(498 3309 9598 5961)
4(498 5961 9608 3445)
4(499 3311 9616 5966)
4(1222 5966 9616 5958)
4(498 3445 9623 5962)
4(569 6204 9623 3448)
4(1222 5962 9623 6204)
4(499 5966 9626 3450)
4(569 3452 9626 6204)
4(1222 6204 9626 5966)
4(501 3314 9634 5971)
4(1225 5971 9634 5963)
4(499 3450 9641 5967)
4(571 6210 9641 3453)
4(1225 5967 9641 6210)
4(501 5971 9644 3455)
4(571 3457 9644 6210)
4(1225 6210 9644 5971)
4(500 5968 9652 3316)
4(503 3318 9652 5976)
4(1228 5976 9652 5968)
4(501 3455 9659 5972)
4(573 6216 9659 3458)
4(1228 5972 9659 6216)
4(503 5976 9662 3460)
4(573 3462 9662 6216)
4(1228 6216 9662 5976)
4(502 5973 9666 5974)
4(1231 4833 9666 5973)
4(9668 2116 9666 4833)
4(503 3460 9676 5977)
4(6222 9675 9676 3463)
5(1231 5977 9676 9675 4833)
4(9668 4833 9675 2120)
4(9682 2122 9683 4839)
4(9684 2123 9682 4839)
4(9683 2126 9691 4839)
4(9684 4839 9691 2127)
4(9697 2129 9698 4845)
4(9699 2130 9697 4845)
6(9700 5894 480 5895 12956 2130)
4(1235 5894 9700 5981)
4(9698 2133 9706 4845)
4(9699 4845 9706 2134)
4(304 4850 9709 4853)
4(1237 5901 9709 4850)
4(4853 9709 12958 5893)
4(304 4849 9712 4851)
4(548 6130 9712 6128)
4(1235 6128 9712 4849)
4(1238 4851 9712 6130)
4(304 4851 9713 4850)
4(551 6138 9713 6139)
4(1237 4850 9713 6138)
4(1238 6139 9713 4851)
4(305 4855 9716 4858)
4(484 5907 9716 5906)
4(1239 5906 9716 4855)
4(1798 4858 9716 5907)
4(305 4854 9719 4856)
4(551 6140 9719 6138)
4(1237 6138 9719 4854)
4(1240 4856 9719 6140)
4(305 4856 9720 4855)
4(553 6145 9720 6146)
4(1239 4855 9720 6145)
4(1240 6146 9720 4856)
5(8505 2141 9723 6145 553)
4(1239 6145 9723 4859)
4(9724 2142 9508 5927)
4(9724 5929 8401 2142)
5(9518 9725 5929 9724 5927)
4(12926 5925 8402 2143)
4(9726 5936 8405 2143)
4(8403 5929 9725 2144)
4(9727 2144 8510 6166)
4(9726 2145 9728 5936)
4(9729 2145 9727 6166)
4(12930 5932 8406 2146)
4(9730 5943 8409 2146)
4(8407 5936 9728 2147)
4(9731 2147 8515 6174)
4(9730 2148 9732 5943)
4(9733 2148 9731 6174)
4(12934 5939 8410 2149)
4(9734 5950 8413 2149)
4(8411 5943 9732 2150)
4(9735 2150 8520 6182)
4(9734 2151 9736 5950)
4(9737 2151 9735 6182)
4(12938 5946 8414 2152)
4(9738 5957 8417 2152)
4(8415 5950 9736 2153)
4(9739 2153 8525 6190)
4(9738 2154 9740 5957)
4(9741 2154 9739 6190)
4(12942 5953 8418 2155)
4(8419 5957 9740 2156)
4(9743 2156 8530 6198)
4(9743 6198 3447 9608)
4(1197 4865 9744 5989)
4(5989 9744 9746 3405)
4(9748 4866 4867 9747)
4(6237 9748 9747 6230)
4(9748 6237 3552 9751)
4(9754 2160 9755 4871)
4(9756 2161 9754 4871)
4(2161 9756 556 3409)
4(9755 2164 9763 4871)
4(9756 4871 9763 2165)
4(9756 2165 3553 556)
4(555 6155 9773 3412)
4(558 3414 9773 6162)
4(1245 6162 9773 6155)
4(556 3553 9780 6157)
4(627 6401 9780 3555)
4(1245 6157 9780 6401)
4(558 6162 9783 3557)
4(627 3559 9783 6401)
4(1245 6401 9783 6162)
4(557 6160 9791 3417)
4(1248 6169 9791 6160)
4(558 3557 9798 6163)
4(629 6406 9798 3560)
4(1248 6163 9798 6406)
4(629 3564 9801 6406)
4(1248 6406 9801 6169)
4(570 3449 9881 6208)
4(570 6208 9891 3592)
4(569 6206 9899 3452)
4(572 3454 9899 6214)
4(1266 6214 9899 6206)
4(570 3592 9906 6209)
4(641 6452 9906 3595)
4(1266 6209 9906 6452)
4(572 6214 9909 3597)
4(641 3599 9909 6452)
4(1266 6452 9909 6214)
4(571 6212 9917 3457)
4(574 3459 9917 6220)
4(1269 6220 9917 6212)
4(572 3597 9924 6215)
4(643 6458 9924 3600)
4(1269 6215 9924 6458)
4(574 6220 9927 3602)
4(643 3604 9927 6458)
4(1269 6458 9927 6220)
4(573 6218 9935 3462)
4(575 3464 9935 6224)
4(1272 6224 9935 6218)
4(574 3602 9942 6221)
4(645 6464 9942 3605)
4(1272 6221 9942 6464)
4(575 6224 9945 3607)
4(645 3609 9945 6464)
4(1272 6464 9945 6224)
4(9949 6222 3463 8538)
4(9951 2238 9949 4937)
4(575 3607 9959 6225)
4(6470 9958 9959 3610)
4(9958 4937 6225 9959)
4(9951 4937 9958 2242)
4(9965 2244 9966 4943)
4(9967 2245 9965 4943)
4(9966 2248 9974 4943)
4(9967 4943 9974 2249)
4(9980 2251 9981 4949)
4(9982 2252 9980 4949)
4(1278 6131 2252 9982)
4(9981 2255 9988 4949)
4(9982 4949 9988 2256)
4(1278 9982 2256 6376)
4(320 4954 9991 4952)
4(551 6139 9991 6141)
4(1238 4952 9991 6139)
4(1280 6141 9991 4954)
4(320 4953 9994 4955)
4(620 6378 9994 6376)
4(1278 6376 9994 4953)
4(1281 4955 9994 6378)
4(320 4955 9995 4954)
4(623 6386 9995 6387)
4(1280 4954 9995 6386)
4(1281 6387 9995 4955)
4(321 4959 9998 4957)
4(553 6146 9998 6147)
4(1240 4957 9998 6146)
4(1282 6147 9998 4959)
4(321 4958 10001 4960)
4(623 6388 10001 6386)
4(1280 6386 10001 4958)
4(1283 4960 10001 6388)
4(321 4960 10002 4959)
4(625 6393 10002 6394)
4(1282 4959 10002 6393)
4(1283 6394 10002 4960)
4(8620 2263 6393 625)
4(1282 6393 2263 8507)
4(9791 6169 6171 8512)
4(9801 10005 6171 6169)
4(8513 2264 9729 6166)
4(10006 6179 8517 2264)
4(8514 6171 10005 2265)
4(10007 2265 8625 6414)
4(10006 2266 10008 6179)
4(10009 2266 10007 6414)
4(8518 2267 9733 6174)
4(10010 6187 8522 2267)
4(8519 6179 10008 2268)
4(10011 2268 8630 6422)
4(10010 2269 10012 6187)
4(10013 2269 10011 6422)
4(8523 2270 9737 6182)
4(10014 6195 8527 2270)
4(8524 6187 10012 2271)
4(10015 2271 8635 6430)
4(10014 2272 10016 6195)
4(10017 2272 10015 6430)
4(8528 2273 9741 6190)
4(10018 6203 8532 2273)
4(8529 6195 10016 2274)
4(10019 2274 8640 6438)
4(10018 2275 10020 6203)
4(10021 2275 10019 6438)
4(8533 9881 3447 6198)
4(8534 6203 10020 2276)
4(10022 2276 8645 6446)
4(10022 6446 3594 9891)
4(6485 10027 10026 6478)
4(10027 6485 3699 10030)
4(10033 2280 10034 4972)
4(10035 2281 10033 4972)
4(2281 10035 628 3556)
4(10034 2284 10042 4972)
4(10035 4972 10042 2285)
4(10035 2285 3700 628)
4(627 6403 10052 3559)
4(630 3561 10052 6410)
4(1288 6410 10052 6403)
4(628 3700 10059 6405)
4(699 6649 10059 3702)
4(1288 6405 10059 6649)
4(630 6410 10062 3704)
4(699 3706 10062 6649)
4(1288 6649 10062 6410)
4(629 6408 10070 3564)
4(1291 6417 10070 6408)
4(630 3704 10077 6411)
4(701 6654 10077 3707)
4(1291 6411 10077 6654)
4(701 3711 10080 6654)
4(1291 6654 10080 6417)
4(642 3596 10160 6456)
4(642 6456 10170 3739)
4(641 6454 10178 3599)
4(644 3601 10178 6462)
4(1309 6462 10178 6454)
4(642 3739 10185 6457)
4(713 6700 10185 3742)
4(1309 6457 10185 6700)
4(644 6462 10188 3744)
4(713 3746 10188 6700)
4(1309 6700 10188 6462)
4(643 6460 10196 3604)
4(646 3606 10196 6468)
4(1312 6468 10196 6460)
4(644 3744 10203 6463)
4(715 6706 10203 3747)
4(1312 6463 10203 6706)
4(646 6468 10206 3749)
4(715 3751 10206 6706)
4(1312 6706 10206 6468)
4(645 6466 10214 3609)
4(647 3611 10214 6472)
4(1315 6472 10214 6466)
4(646 3749 10221 6469)
4(717 6712 10221 3752)
4(1315 6469 10221 6712)
4(647 6472 10224 3754)
4(717 3756 10224 6712)
4(1315 6712 10224 6472)
4(5038 10228 8653 6473)
4(10230 2358 10228 5038)
4(647 3754 10238 6473)
4(6718 10237 10238 3757)
4(10237 5038 6473 10238)
4(10230 5038 10237 2362)
4(10244 2364 10245 5044)
4(10246 2365 10244 5044)
4(10245 2368 10253 5044)
4(10246 5044 10253 2369)
4(10259 2371 10260 5050)
4(10261 2372 10259 5050)
4(10260 2375 10267 5050)
4(10261 5050 10267 2376)
4(692 6624 2376 10269)
4(1321 10261 2376 6624)
4(336 5055 10270 5053)
4(623 6387 10270 6389)
4(1281 5053 10270 6387)
4(1323 6389 10270 5055)
4(336 5054 10273 5056)
4(692 6626 10273 6624)
4(1321 6624 10273 5054)
4(1324 5056 10273 6626)
4(336 5056 10274 5055)
4(695 6634 10274 6635)
4(1323 5055 10274 6634)
4(1324 6635 10274 5056)
4(337 5060 10277 5058)
4(625 6394 10277 6395)
4(1283 5058 10277 6394)
4(1325 6395 10277 5060)
4(337 5059 10280 5061)
4(695 6636 10280 6634)
4(1323 6634 10280 5059)
4(1326 5061 10280 6636)
4(337 5061 10281 5060)
4(697 6641 10281 6642)
4(1325 5060 10281 6641)
4(1326 6642 10281 5061)
4(8735 2383 6641 697)
4(6419 8627 10070 6417)
4(10080 10284 6419 6417)
4(8628 2384 10009 6414)
4(10285 6427 8632 2384)
4(8629 6419 10284 2385)
4(10286 2385 8740 6662)
4(10285 2386 10287 6427)
4(10288 2386 10286 6662)
4(8633 2387 10013 6422)
4(10289 6435 8637 2387)
4(8634 6427 10287 2388)
4(10290 2388 8745 6670)
4(10289 2389 10291 6435)
4(10292 2389 10290 6670)
4(8638 2390 10017 6430)
4(10293 6443 8642 2390)
4(8639 6435 10291 2391)
4(10294 2391 8750 6678)
4(10293 2392 10295 6443)
4(10296 2392 10294 6678)
4(8643 2393 10021 6438)
4(10297 6451 8647 2393)
4(8644 6443 10295 2394)
4(10298 2394 8755 6686)
4(10297 2395 10299 6451)
4(10300 2395 10298 6686)
4(8648 10160 3594 6446)
4(8649 6451 10299 2396)
4(10301 2396 8760 6694)
4(10302 6485 6478 8654)
4(6485 10302 10304 3699)
4(10306 6733 3846 10309)
4(10312 2400 10313 5073)
4(10314 2401 10312 5073)
4(700 3703 2401 10314)
4(10313 2404 10321 5073)
4(10314 5073 10321 2405)
4(10314 2405 3847 700)
4(699 6651 10331 3706)
4(702 3708 10331 6658)
4(1331 6658 10331 6651)
4(700 3847 10338 6653)
4(771 6897 10338 3849)
4(1331 6653 10338 6897)
4(702 6658 10341 3851)
4(771 3853 10341 6897)
4(1331 6897 10341 6658)
4(701 6656 10349 3711)
4(1334 6665 10349 6656)
4(702 3851 10356 6659)
4(773 6902 10356 3854)
4(1334 6659 10356 6902)
4(773 3858 10359 6902)
4(1334 6902 10359 6665)
4(714 3743 10439 6704)
4(714 6704 10449 3886)
4(713 6702 10457 3746)
4(716 3748 10457 6710)
4(1352 6710 10457 6702)
4(714 3886 10464 6705)
4(785 6948 10464 3889)
4(1352 6705 10464 6948)
4(716 6710 10467 3891)
4(785 3893 10467 6948)
4(1352 6948 10467 6710)
4(715 6708 10475 3751)
4(718 3753 10475 6716)
4(1355 6716 10475 6708)
4(716 3891 10482 6711)
4(787 6954 10482 3894)
4(1355 6711 10482 6954)
4(718 6716 10485 3896)
4(787 3898 10485 6954)
4(1355 6954 10485 6716)
4(717 6714 10493 3756)
4(719 3758 10493 6720)
4(1358 6720 10493 6714)
4(718 3896 10500 6717)
4(789 6960 10500 3899)
4(1358 6717 10500 6960)
4(719 6720 10503 3901)
4(789 3903 10503 6960)
4(1358 6960 10503 6720)
4(10507 6718 3757 8768)
4(5139 10507 8768 6721)
4(10509 2478 10507 5139)
4(719 3901 10517 6721)
4(6966 10516 10517 3904)
4(10516 5139 6721 10517)
4(10509 5139 10516 2482)
4(10523 2484 10524 5145)
4(10525 2485 10523 5145)
4(10524 2488 10532 5145)
4(10525 5145 10532 2489)
4(10538 2491 10539 5151)
4(10540 2492 10538 5151)
4(1364 6627 2492 10540)
4(10539 2495 10546 5151)
4(10540 5151 10546 2496)
4(352 5156 10549 5154)
4(695 6635 10549 6637)
4(1324 5154 10549 6635)
4(1366 6637 10549 5156)
4(352 5155 10552 5157)
4(764 6874 10552 6872)
4(1364 6872 10552 5155)
4(1367 5157 10552 6874)
4(352 5157 10553 5156)
4(767 6882 10553 6883)
4(1366 5156 10553 6882)
4(1367 6883 10553 5157)
4(353 5161 10556 5159)
4(697 6642 10556 6643)
4(1326 5159 10556 6642)
4(1368 6643 10556 5161)
4(353 5160 10559 5162)
4(767 6884 10559 6882)
4(1366 6882 10559 5160)
4(1369 5162 10559 6884)
4(353 5162 10560 5161)
4(769 6889 10560 6890)
4(1368 5161 10560 6889)
4(1369 6890 10560 5162)
4(769 8850 2503 6889)
4(10349 6665 6667 8742)
4(10359 10563 6667 6665)
4(8743 2504 10288 6662)
4(10564 6675 8747 2504)
4(8744 6667 10563 2505)
4(10565 2505 8855 6910)
4(10564 2506 10566 6675)
4(10567 2506 10565 6910)
4(8748 2507 10292 6670)
4(10568 6683 8752 2507)
4(8749 6675 10566 2508)
4(10569 2508 8860 6918)
4(10568 2509 10570 6683)
4(10571 2509 10569 6918)
4(8753 2510 10296 6678)
4(10572 6691 8757 2510)
4(8754 6683 10570 2511)
4(10573 2511 8865 6926)
4(10572 2512 10574 6691)
4(10575 2512 10573 6926)
4(8758 2513 10300 6686)
4(10576 6699 8762 2513)
4(8759 6691 10574 2514)
4(10577 2514 8870 6934)
4(10576 2515 10578 6699)
4(10579 2515 10577 6934)
4(8764 6699 10578 2516)
4(10580 2516 8875 6942)
4(10580 6942 3888 10449)
4(5169 10581 8769 5170)
4(10581 6733 6726 8769)
4(6733 10581 10583 3846)
4(10591 2520 10592 5174)
4(10593 2521 10591 5174)
4(2521 10593 772 3850)
4(10592 2524 10600 5174)
4(10593 5174 10600 2525)
4(10593 2525 3994 772)
4(771 6899 10610 3853)
4(774 3855 10610 6906)
4(1374 6906 10610 6899)
4(772 3994 10617 6901)
4(843 7145 10617 3996)
4(1374 6901 10617 7145)
4(774 6906 10620 3998)
4(843 4000 10620 7145)
4(1374 7145 10620 6906)
4(773 6904 10628 3858)
4(1377 6913 10628 6904)
4(774 3998 10635 6907)
4(845 7150 10635 4001)
4(1377 6907 10635 7150)
4(845 4005 10638 7150)
4(1377 7150 10638 6913)
4(786 3890 10718 6952)
4(786 6952 10728 4033)
4(785 6950 10736 3893)
4(788 3895 10736 6958)
4(1395 6958 10736 6950)
4(786 4033 10743 6953)
4(857 7196 10743 4036)
4(1395 6953 10743 7196)
4(788 6958 10746 4038)
4(857 4040 10746 7196)
4(1395 7196 10746 6958)
4(787 6956 10754 3898)
4(790 3900 10754 6964)
4(1398 6964 10754 6956)
4(788 4038 10761 6959)
4(859 7202 10761 4041)
4(1398 6959 10761 7202)
4(790 6964 10764 4043)
4(859 4045 10764 7202)
4(1398 7202 10764 6964)
4(789 6962 10772 3903)
4(791 3905 10772 6968)
4(1401 6968 10772 6962)
4(790 4043 10779 6965)
4(861 7208 10779 4046)
4(1401 6965 10779 7208)
4(791 6968 10782 4048)
4(861 4050 10782 7208)
4(1401 7208 10782 6968)
4(5240 10786 8883 6969)
4(10788 2598 10786 5240)
4(791 4048 10796 6969)
4(7214 10795 10796 4051)
4(10795 5240 6969 10796)
4(10788 5240 10795 2602)
4(10802 2604 10803 5246)
4(10804 2605 10802 5246)
4(10803 2608 10811 5246)
4(10804 5246 10811 2609)
4(10817 2611 10818 5252)
4(10819 2612 10817 5252)
4(10818 2615 10825 5252)
4(10819 5252 10825 2616)
4(836 7120 2616 10827)
4(368 5257 10828 5255)
4(767 6883 10828 6885)
4(1367 5255 10828 6883)
4(1409 6885 10828 5257)
4(368 5256 10831 5258)
4(836 7122 10831 7120)
4(1407 7120 10831 5256)
4(1410 5258 10831 7122)
4(368 5258 10832 5257)
4(839 7130 10832 7131)
4(1409 5257 10832 7130)
4(1410 7131 10832 5258)
4(369 5262 10835 5260)
4(769 6890 10835 6891)
4(1369 5260 10835 6890)
4(1411 6891 10835 5262)
4(369 5261 10838 5263)
4(839 7132 10838 7130)
4(1409 7130 10838 5261)
4(1412 5263 10838 7132)
4(369 5263 10839 5262)
4(841 7137 10839 7138)
4(1411 5262 10839 7137)
4(1412 7138 10839 5263)
4(8965 2623 7137 841)
4(10628 6913 6915 8857)
4(10842 6915 6913 10638)
4(8858 2624 10567 6910)
4(10843 6923 8862 2624)
4(8859 6915 10842 2625)
4(10844 2625 8970 7158)
4(10843 2626 10845 6923)
4(10846 2626 10844 7158)
4(8863 2627 10571 6918)
4(10847 6931 8867 2627)
4(8864 6923 10845 2628)
4(10848 2628 8975 7166)
4(10847 2629 10849 6931)
4(10850 2629 10848 7166)
4(8868 2630 10575 6926)
4(10851 6939 8872 2630)
4(8869 6931 10849 2631)
4(10852 2631 8980 7174)
4(10851 2632 10853 6939)
4(10854 2632 10852 7174)
4(8873 2633 10579 6934)
4(10855 6947 8877 2633)
4(8874 6939 10853 2634)
4(10856 2634 8985 7182)
4(10855 2635 10857 6947)
4(10858 2635 10856 7182)
4(8878 10718 3888 6942)
4(8879 6947 10857 2636)
4(10859 2636 8990 7190)
4(10859 7190 4035 10728)
4(10864 5270 5271 10863)
4(7229 10864 10863 7222)
4(10864 7229 4140 10867)
4(10870 2640 10871 5275)
4(10872 2641 10870 5275)
4(2641 10872 844 3997)
4(10871 2644 10879 5275)
4(10872 5275 10879 2645)
4(10872 2645 4141 844)
4(843 7147 10889 4000)
4(846 4002 10889 7154)
4(1417 7154 10889 7147)
4(844 4141 10896 7149)
4(915 7393 10896 4143)
4(1417 7149 10896 7393)
4(846 7154 10899 4145)
4(915 4147 10899 7393)
4(1417 7393 10899 7154)
4(845 7152 10907 4005)
4(1420 7161 10907 7152)
4(846 4145 10914 7155)
4(917 7398 10914 4148)
4(1420 7155 10914 7398)
4(917 4152 10917 7398)
4(1420 7398 10917 7161)
4(858 4037 10997 7200)
4(858 7200 11007 4180)
4(857 7198 11015 4040)
4(860 4042 11015 7206)
4(1438 7206 11015 7198)
4(858 4180 11022 7201)
4(929 7444 11022 4183)
4(1438 7201 11022 7444)
4(860 7206 11025 4185)
4(929 4187 11025 7444)
4(1438 7444 11025 7206)
4(859 7204 11033 4045)
4(862 4047 11033 7212)
4(1441 7212 11033 7204)
4(860 4185 11040 7207)
4(931 7450 11040 4188)
4(1441 7207 11040 7450)
4(862 7212 11043 4190)
4(931 4192 11043 7450)
4(1441 7450 11043 7212)
4(861 7210 11051 4050)
4(863 4052 11051 7216)
4(1444 7216 11051 7210)
4(862 4190 11058 7213)
4(933 7456 11058 4193)
4(1444 7213 11058 7456)
4(863 7216 11061 4195)
4(933 4197 11061 7456)
4(1444 7456 11061 7216)
4(11065 7214 4051 8998)
4(11067 2718 11065 5341)
4(863 4195 11075 7217)
4(7462 11074 11075 4198)
4(11074 5341 7217 11075)
4(11067 5341 11074 2722)
4(11081 2724 11082 5347)
4(11083 2725 11081 5347)
4(11082 2728 11090 5347)
4(11083 5347 11090 2729)
4(11096 2731 11097 5353)
4(11098 2732 11096 5353)
4(1450 7123 2732 11098)
4(11097 2735 11104 5353)
4(11098 5353 11104 2736)
4(384 5358 11107 5356)
4(839 7131 11107 7133)
4(1410 5356 11107 7131)
4(1452 7133 11107 5358)
4(384 5357 11110 5359)
4(908 7370 11110 7368)
4(1450 7368 11110 5357)
4(1453 5359 11110 7370)
4(384 5359 11111 5358)
4(911 7378 11111 7379)
4(1452 5358 11111 7378)
4(1453 7379 11111 5359)
4(385 5363 11114 5361)
4(841 7138 11114 7139)
4(1412 5361 11114 7138)
4(1454 7139 11114 5363)
4(385 5362 11117 5364)
4(911 7380 11117 7378)
4(1452 7378 11117 5362)
4(1455 5364 11117 7380)
4(385 5364 11118 5363)
4(913 7385 11118 7386)
4(1454 5363 11118 7385)
4(1455 7386 11118 5364)
4(9080 2743 7385 913)
4(10907 7161 7163 8972)
4(10917 11121 7163 7161)
4(8973 2744 10846 7158)
4(11122 7171 8977 2744)
4(8974 7163 11121 2745)
4(11123 2745 9085 7406)
4(11122 2746 11124 7171)
4(11125 2746 11123 7406)
4(8978 2747 10850 7166)
4(11126 7179 8982 2747)
4(8979 7171 11124 2748)
4(11127 2748 9090 7414)
4(11126 2749 11128 7179)
4(11129 2749 11127 7414)
4(8983 2750 10854 7174)
4(11130 7187 8987 2750)
4(8984 7179 11128 2751)
4(11131 2751 9095 7422)
4(11130 2752 11132 7187)
4(11133 2752 11131 7422)
4(8988 2753 10858 7182)
4(11134 7195 8992 2753)
4(8989 7187 11132 2754)
4(11135 2754 9100 7430)
4(11134 2755 11136 7195)
4(11137 2755 11135 7430)
4(8994 7195 11136 2756)
4(11138 2756 9105 7438)
4(5371 11139 8999 5372)
4(11139 7229 7222 8999)
4(7229 11139 11141 4140)
4(11143 7477 4287 11146)
4(11149 2760 11150 5376)
4(11151 2761 11149 5376)
4(2761 11151 916 4144)
4(11150 2764 11158 5376)
4(11151 5376 11158 2765)
4(11151 2765 4288 916)
4(915 7395 11168 4147)
4(918 4149 11168 7402)
4(1460 7402 11168 7395)
4(916 4288 11175 7397)
4(987 7641 11175 4290)
4(1460 7397 11175 7641)
4(918 7402 11178 4292)
4(987 4294 11178 7641)
4(1460 7641 11178 7402)
4(917 7400 11186 4152)
4(1463 7409 11186 7400)
4(918 4292 11193 7403)
4(989 7646 11193 4295)
4(1463 7403 11193 7646)
4(989 4299 11196 7646)
4(1463 7646 11196 7409)
4(930 4184 11276 7448)
4(930 7448 11286 4327)
4(929 7446 11294 4187)
4(932 4189 11294 7454)
4(1481 7454 11294 7446)
4(930 4327 11301 7449)
4(1001 7692 11301 4330)
4(1481 7449 11301 7692)
4(932 7454 11304 4332)
4(1001 4334 11304 7692)
4(1481 7692 11304 7454)
4(931 7452 11312 4192)
4(934 4194 11312 7460)
4(1484 7460 11312 7452)
4(932 4332 11319 7455)
4(1003 7698 11319 4335)
4(1484 7455 11319 7698)
4(934 7460 11322 4337)
4(1003 4339 11322 7698)
4(1484 7698 11322 7460)
4(933 7458 11330 4197)
4(935 4199 11330 7464)
4(1487 7464 11330 7458)
4(934 4337 11337 7461)
4(1005 7704 11337 4340)
4(1487 7461 11337 7704)
4(935 7464 11340 4342)
4(1005 4344 11340 7704)
4(1487 7704 11340 7464)
4(11346 2838 11344 5442)
4(935 4342 11354 7465)
4(11354 4345 7710 11353)
4(11353 5442 7465 11354)
4(11346 5442 11353 2842)
4(11360 2844 11361 5448)
4(11362 2845 11360 5448)
4(11361 2848 11369 5448)
4(11362 5448 11369 2849)
4(11375 2851 11376 5454)
4(11377 2852 11375 5454)
4(11376 2855 11383 5454)
4(11377 5454 11383 2856)
4(400 5459 11386 5457)
4(911 7379 11386 7381)
4(1453 5457 11386 7379)
4(1495 7381 11386 5459)
4(400 5458 11389 5460)
4(980 7618 11389 7616)
4(1493 7616 11389 5458)
4(1496 5460 11389 7618)
4(400 5460 11390 5459)
4(983 7626 11390 7627)
4(1495 5459 11390 7626)
4(1496 7627 11390 5460)
4(401 5464 11393 5462)
4(913 7386 11393 7387)
4(1455 5462 11393 7386)
4(1497 7387 11393 5464)
4(401 5463 11396 5465)
4(983 7628 11396 7626)
4(1495 7626 11396 5463)
4(1498 5465 11396 7628)
4(401 5465 11397 5464)
4(985 7633 11397 7634)
4(1497 5464 11397 7633)
4(1498 7634 11397 5465)
4(9195 2863 7633 985)
4(1497 7633 2863 9082)
4(11186 7409 7411 9087)
4(11196 11400 7411 7409)
4(9088 2864 11125 7406)
4(11401 7419 9092 2864)
4(9089 7411 11400 2865)
4(11402 2865 9200 7654)
4(11401 2866 11403 7419)
4(11404 2866 11402 7654)
4(9093 2867 11129 7414)
4(11405 7427 9097 2867)
4(9094 7419 11403 2868)
4(11406 2868 9205 7662)
4(11405 2869 11407 7427)
4(11408 2869 11406 7662)
4(9098 2870 11133 7422)
4(11409 7435 9102 2870)
4(9099 7427 11407 2871)
4(11410 2871 9210 7670)
4(11409 2872 11411 7435)
4(11412 2872 11410 7670)
4(9103 2873 11137 7430)
4(11413 7443 9107 2873)
4(9104 7435 11411 2874)
4(11414 2874 9215 7678)
4(11413 2875 11415 7443)
4(11416 2875 11414 7678)
4(9109 7443 11415 2876)
4(11417 2876 9220 7686)
4(11417 7686 4329 11286)
4(5472 11418 9114 5473)
4(11418 7477 7470 9114)
4(7477 11418 11420 4287)
4(11422 7725 4434 11425)
4(11428 2880 11429 5477)
4(11430 2881 11428 5477)
4(2881 11430 988 4291)
4(11429 2884 11437 5477)
4(11430 5477 11437 2885)
4(988 11430 2885 4435)
4(987 7643 11447 4294)
4(990 4296 11447 7650)
4(1503 7650 11447 7643)
4(988 4435 11454 7645)
4(1059 7889 11454 4437)
4(1503 7645 11454 7889)
4(990 7650 11457 4439)
4(1059 4441 11457 7889)
4(1503 7889 11457 7650)
4(989 7648 11465 4299)
4(1506 7657 11465 7648)
4(990 4439 11472 7651)
4(1061 7894 11472 4442)
4(1506 7651 11472 7894)
4(1061 4446 11475 7894)
4(1506 7894 11475 7657)
4(1002 4331 11555 7696)
4(1002 7696 11565 4474)
4(1001 7694 11573 4334)
4(1004 4336 11573 7702)
4(1524 7702 11573 7694)
4(1002 4474 11580 7697)
4(1073 7940 11580 4477)
4(1524 7697 11580 7940)
4(1004 7702 11583 4479)
4(1073 4481 11583 7940)
4(1524 7940 11583 7702)
4(1003 7700 11591 4339)
4(1006 4341 11591 7708)
4(1527 7708 11591 7700)
4(1004 4479 11598 7703)
4(1075 7946 11598 4482)
4(1527 7703 11598 7946)
4(1006 7708 11601 4484)
4(1075 4486 11601 7946)
4(1527 7946 11601 7708)
4(1005 7706 11609 4344)
4(1007 4346 11609 7712)
4(1530 7712 11609 7706)
4(1006 4484 11616 7709)
4(1077 7952 11616 4487)
4(1530 7709 11616 7952)
4(1007 7712 11619 4489)
4(1077 4491 11619 7952)
4(1530 7952 11619 7712)
4(11625 2958 11623 5543)
4(1007 4489 11633 7713)
4(7958 11632 11633 4492)
4(11632 5543 7713 11633)
4(11625 5543 11632 2962)
4(11639 2964 11640 5549)
4(11641 2965 11639 5549)
4(11640 2968 11648 5549)
4(11641 5549 11648 2969)
4(11654 2971 11655 5555)
4(11656 2972 11654 5555)
4(11655 2975 11662 5555)
4(11656 5555 11662 2976)
4(1052 7864 2976 11664)
4(1536 11656 2976 7864)
4(416 5560 11665 5558)
4(983 7627 11665 7629)
4(1496 5558 11665 7627)
4(1538 7629 11665 5560)
4(416 5559 11668 5561)
4(1052 7866 11668 7864)
4(1536 7864 11668 5559)
4(1539 5561 11668 7866)
4(416 5561 11669 5560)
4(1055 7874 11669 7875)
4(1538 5560 11669 7874)
4(1539 7875 11669 5561)
4(417 5565 11672 5563)
4(985 7634 11672 7635)
4(1498 5563 11672 7634)
4(1540 7635 11672 5565)
4(417 5564 11675 5566)
4(1055 7876 11675 7874)
4(1538 7874 11675 5564)
4(1541 5566 11675 7876)
4(417 5566 11676 5565)
4(1057 7881 11676 7882)
4(1540 5565 11676 7881)
4(1541 7882 11676 5566)
4(9310 2983 7881 1057)
4(11465 7657 7659 9202)
4(11475 11679 7659 7657)
4(9203 2984 11404 7654)
4(11680 7667 9207 2984)
4(9204 7659 11679 2985)
4(11681 2985 9315 7902)
4(11680 2986 11682 7667)
4(11683 2986 11681 7902)
4(9208 2987 11408 7662)
4(11684 7675 9212 2987)
4(9209 7667 11682 2988)
4(11685 2988 9320 7910)
4(11684 2989 11686 7675)
4(11687 2989 11685 7910)
4(9213 2990 11412 7670)
4(11688 7683 9217 2990)
4(9214 7675 11686 2991)
4(11689 2991 9325 7918)
4(11688 2992 11690 7683)
4(11691 2992 11689 7918)
4(9218 2993 11416 7678)
4(11692 7691 9222 2993)
4(9219 7683 11690 2994)
4(11693 2994 9330 7926)
4(11692 2995 11694 7691)
4(11695 2995 11693 7926)
4(9223 11555 4329 7686)
4(9224 7691 11694 2996)
4(11696 2996 9335 7934)
4(7725 11697 11699 4434)
5(5574 11701 5573 5575 11700)
4(1543 7973 11701 5574)
4(11701 7973 4581 11704)
4(11707 3000 11708 5579)
4(11709 3001 11707 5579)
4(3001 11709 1060 4438)
4(11708 3004 11716 5579)
4(11709 5579 11716 3005)
4(11709 3005 4582 1060)
4(1059 7891 11726 4441)
4(1062 4443 11726 7898)
4(1547 7898 11726 7891)
4(1060 4582 11733 7893)
4(1131 8137 11733 4584)
4(1547 7893 11733 8137)
4(1062 7898 11736 4586)
4(1131 4588 11736 8137)
4(1547 8137 11736 7898)
4(1061 7896 11744 4446)
4(1550 7905 11744 7896)
4(1062 4586 11751 7899)
4(1133 8143 11751 4589)
4(1550 7899 11751 8143)
4(1133 4593 11754 8143)
4(1550 8143 11754 7905)
4(1074 4478 11834 7944)
4(1074 7944 11844 4621)
4(1073 7942 11852 4481)
4(1076 4483 11852 7950)
4(1568 7950 11852 7942)
4(1074 4621 11859 7945)
4(1145 8189 11859 4624)
4(1568 7945 11859 8189)
4(1076 7950 11862 4626)
4(1145 4628 11862 8189)
4(1568 8189 11862 7950)
4(1075 7948 11870 4486)
4(1078 4488 11870 7956)
4(1571 7956 11870 7948)
4(1076 4626 11877 7951)
4(1147 8195 11877 4629)
4(1571 7951 11877 8195)
4(1078 7956 11880 4631)
4(1147 4633 11880 8195)
4(1571 8195 11880 7956)
4(1077 7954 11888 4491)
4(1079 4493 11888 7960)
4(1574 7960 11888 7954)
4(1078 4631 11895 7957)
4(1149 8201 11895 4634)
4(1574 7957 11895 8201)
4(1079 7960 11898 4636)
4(1149 4638 11898 8201)
4(1574 8201 11898 7960)
4(11902 7958 4492 9343)
4(5645 11902 9343 7961)
4(11904 3078 11902 5645)
4(1079 4636 11912 7961)
4(8207 11911 11912 4639)
4(7961 11912 11911 5645)
4(11904 5645 11911 3082)
4(11918 3084 11919 5651)
4(11920 3085 11918 5651)
4(11919 3088 11927 5651)
4(11920 5651 11927 3089)
4(11933 3091 11934 5657)
4(11935 3092 11933 5657)
4(1052 11664 3092 7867)
4(1580 7867 3092 11935)
4(11934 3095 11941 5657)
4(11935 5657 11941 3096)
4(432 5662 11944 5660)
4(1055 7875 11944 7877)
4(1539 5660 11944 7875)
4(1582 7877 11944 5662)
4(432 5661 11947 5663)
4(1124 8114 11947 8112)
4(1580 8112 11947 5661)
4(1583 5663 11947 8114)
4(432 5663 11948 5662)
4(1127 8122 11948 8123)
4(1582 5662 11948 8122)
4(1583 8123 11948 5663)
4(433 5667 11951 5665)
4(1057 7882 11951 7883)
4(1541 5665 11951 7882)
4(1584 7883 11951 5667)
4(433 5666 11954 5668)
4(1127 8124 11954 8122)
4(1582 8122 11954 5666)
4(1585 5668 11954 8124)
4(433 5668 11955 5667)
4(1129 8129 11955 8130)
4(1584 5667 11955 8129)
4(1585 8130 11955 5668)
4(9425 3103 8129 1129)
4(1584 8129 3103 9312)
4(11744 7905 7907 9317)
4(11754 11958 7907 7905)
4(9318 3104 11683 7902)
4(11959 7915 9322 3104)
4(9319 7907 11958 3105)
4(11960 3105 9431 8151)
4(11959 3106 11961 7915)
4(11962 3106 11960 8151)
4(9323 3107 11687 7910)
4(11963 7923 9327 3107)
4(9324 7915 11961 3108)
4(11964 3108 9436 8159)
4(11963 3109 11965 7923)
4(11966 3109 11964 8159)
4(9328 3110 11691 7918)
4(11967 7931 9332 3110)
4(9329 7923 11965 3111)
4(11968 3111 9441 8167)
4(11967 3112 11969 7931)
4(11970 3112 11968 8167)
4(9333 3113 11695 7926)
4(11971 7939 9337 3113)
4(9334 7931 11969 3114)
4(11972 3114 9446 8175)
4(11971 3115 11973 7939)
4(11974 3115 11972 8175)
4(9339 7939 11973 3116)
4(11975 3116 9451 8183)
4(11975 8183 4623 11844)
4(434 5676 11976 5675)
4(1543 5675 11976 7973)
4(7973 11976 11978 4581)
4(434 5678 11980 5676)
5(8220 11980 5678 11979 8216)
4(11980 8220 4711 11982)
4(11985 3120 11986 5682)
4(11987 3121 11985 5682)
5(3121 11987 8141 1132 4585)
4(11986 3124 11993 5682)
4(11987 5682 11993 3125)
4(11987 3125 11995 8141)
4(1132 8141 11995 4712)
4(1131 8139 12002 4588)
4(1134 4590 12002 8147)
4(1589 8147 12002 8139)
4(1132 4712 12008 8142)
4(1186 8301 12008 4714)
4(1589 8142 12008 8301)
4(1134 8147 12010 4715)
4(1186 4717 12010 8301)
4(1589 8301 12010 8147)
4(1133 8145 12017 4593)
4(1591 8154 12017 8145)
4(1134 4715 12023 8148)
4(1187 8303 12023 4718)
4(1591 8148 12023 8303)
4(1187 4721 12025 8303)
4(1591 8303 12025 8154)
4(1146 4625 12092 8193)
4(1146 8193 12100 4744)
4(1145 8191 12107 4628)
4(1148 4630 12107 8199)
4(1603 8199 12107 8191)
4(1146 4744 12113 8194)
4(1193 8320 12113 4747)
4(1603 8194 12113 8320)
4(1148 8199 12115 4748)
4(1193 4750 12115 8320)
4(1603 8320 12115 8199)
4(1147 8197 12122 4633)
4(1150 4635 12122 8205)
4(1605 8205 12122 8197)
4(1148 4748 12128 8200)
4(1194 8322 12128 4751)
4(1605 8200 12128 8322)
4(1150 8205 12130 4752)
4(1194 4754 12130 8322)
4(1605 8322 12130 8205)
4(1149 8203 12137 4638)
4(1151 4640 12137 8209)
4(1607 8209 12137 8203)
4(1150 4752 12143 8206)
4(1195 8324 12143 4755)
4(1607 8206 12143 8324)
4(1151 8209 12145 4756)
4(1195 4758 12145 8324)
4(1607 8324 12145 8209)
4(12148 8207 4639 9459)
4(12150 3198 12148 5748)
4(1151 4756 12157 8210)
5(8327 12156 8326 12157 4759)
4(1609 8326 12156 5748)
4(1609 8210 12157 8326)
4(12150 5748 12156 3202)
4(12161 3204 12162 5754)
4(12163 3205 12161 5754)
4(12162 3208 12169 5754)
4(12163 5754 12169 3209)
4(12173 3211 12174 5760)
4(12175 3212 12173 5760)
4(1611 8115 3212 12175)
4(12174 3215 12180 5760)
4(12175 5760 12180 3216)
4(1611 12175 3216 8289)
4(449 5765 12181 5763)
4(1127 8123 12181 8125)
4(1583 5763 12181 8123)
4(1612 8125 12181 5765)
4(449 5764 12184 5767)
4(1182 8291 12184 8289)
4(1611 8289 12184 5764)
4(1813 5767 12184 8291)
4(449 5767 12185 5765)
4(1184 8294 12185 8295)
4(1612 5765 12185 8294)
4(1813 8295 12185 5767)
4(450 5770 12187 5768)
4(1129 8130 12187 8131)
4(1585 5768 12187 8130)
4(1613 8131 12187 5770)
4(450 5769 12190 5772)
4(1184 8296 12190 8294)
4(1612 8294 12190 5769)
4(1814 5772 12190 8296)
4(450 5772 12191 5770)
4(1185 8297 12191 8298)
4(1613 5770 12191 8297)
4(1814 8298 12191 5772)
4(12981 3223 12193 8299)
4(1185 8299 12193 8297)
4(1613 8297 12193 5773)
5(12017 8154 12194 8156 9433)
4(12025 3224 12194 8154)
4(12194 3224 12195 8156)
4(9434 3225 11962 8151)
4(12196 8164 9438 3225)
4(9435 8156 12195 3226)
4(12964 8307 12197 3226)
4(12196 3227 12198 8164)
4(12995 3227 12197 8307)
4(9439 3228 11966 8159)
4(12199 8172 9443 3228)
4(9440 8164 12198 3229)
4(12966 8310 12200 3229)
4(12199 3230 12201 8172)
4(12999 3230 12200 8310)
4(9444 3231 11970 8167)
4(12202 8180 9448 3231)
4(9445 8172 12201 3232)
4(12968 8313 12203 3232)
4(12202 3233 12204 8180)
4(13003 3233 12203 8313)
4(9449 3234 11974 8175)
4(12205 8188 9453 3234)
4(9450 8180 12204 3235)
4(12970 8316 12206 3235)
4(12205 3236 12207 8188)
4(13007 3236 12206 8316)
4(9454 12092 4623 8183)
4(9455 8188 12207 3237)
4(12972 8319 12209 3237)
5(3238 12209 8319 4746 12100)
4(9 3322 12211 3324)
4(37 3469 12212 3471)
4(65 3616 12213 3618)
4(93 3763 12214 3765)
4(121 3910 12215 3912)
4(149 4057 12216 4059)
4(177 4204 12217 4206)
4(205 4351 12218 4353)
4(233 4498 12219 4500)
4(10 3327 12221 3329)
4(38 3474 12222 3476)
4(66 3621 12223 3623)
4(94 3768 12224 3770)
4(122 3915 12225 3917)
4(150 4062 12226 4064)
4(178 4209 12227 4211)
4(206 4356 12228 4358)
4(234 4503 12229 4505)
4(12230 3244 3243 12892)
4(11 3332 12231 3334)
4(39 3479 12232 3481)
4(67 3626 12233 3628)
4(95 3773 12234 3775)
4(123 3920 12235 3922)
4(151 4067 12236 4069)
4(179 4214 12237 4216)
4(207 4361 12238 4363)
4(235 4508 12239 4510)
4(12240 3246 3245 12893)
4(12 3337 12241 3339)
4(40 3484 12242 3486)
4(68 3631 12243 3633)
4(96 3778 12244 3780)
4(124 3925 12245 3927)
4(152 4072 12246 4074)
4(180 4219 12247 4221)
4(208 4366 12248 4368)
4(236 4513 12249 4515)
4(13 3342 12251 3344)
4(41 3489 12252 3491)
4(69 3636 12253 3638)
4(97 3783 12254 3785)
4(125 3930 12255 3932)
4(153 4077 12256 4079)
4(181 4224 12257 4226)
4(209 4371 12258 4373)
4(237 4518 12259 4520)
4(14 3347 12261 3349)
4(42 3494 12262 3496)
4(70 3641 12263 3643)
4(98 3788 12264 3790)
4(126 3935 12265 3937)
4(154 4082 12266 4084)
4(182 4229 12267 4231)
4(210 4376 12268 4378)
4(238 4523 12269 4525)
4(12270 3252 3251 12899)
4(15 3352 12271 3354)
4(43 3499 12272 3501)
4(71 3646 12273 3648)
4(99 3793 12274 3795)
4(127 3940 12275 3942)
4(155 4087 12276 4089)
4(183 4234 12277 4236)
4(211 4381 12278 4383)
4(239 4528 12279 4530)
4(12280 3254 3253 12901)
4(16 3357 12281 3359)
4(44 3504 12282 3506)
4(72 3651 12283 3653)
4(100 3798 12284 3800)
4(128 3945 12285 3947)
4(156 4092 12286 4094)
4(184 4239 12287 4241)
4(212 4386 12288 4388)
4(240 4533 12289 4535)
4(17 3362 12291 3364)
4(45 3509 12292 3511)
4(73 3656 12293 3658)
4(101 3803 12294 3805)
4(129 3950 12295 3952)
4(157 4097 12296 4099)
4(185 4244 12297 4246)
4(213 4391 12298 4393)
4(241 4538 12299 4540)
4(18 3367 12301 3369)
4(46 3514 12302 3516)
4(74 3661 12303 3663)
4(102 3808 12304 3810)
4(130 3955 12305 3957)
4(158 4102 12306 4104)
4(186 4249 12307 4251)
4(214 4396 12308 4398)
4(242 4543 12309 4545)
4(12310 3260 3259 12905)
4(19 3372 12311 3374)
4(47 3519 12312 3521)
4(75 3666 12313 3668)
4(103 3813 12314 3815)
4(131 3960 12315 3962)
4(159 4107 12316 4109)
4(187 4254 12317 4256)
4(215 4401 12318 4403)
4(243 4548 12319 4550)
4(12320 3262 3261 12906)
4(20 3377 12321 3379)
4(48 3524 12322 3526)
4(76 3671 12323 3673)
4(104 3818 12324 3820)
4(132 3965 12325 3967)
4(160 4112 12326 4114)
4(188 4259 12327 4261)
4(216 4406 12328 4408)
4(244 4553 12329 4555)
4(12330 3264 3263 12907)
4(21 3382 12331 3384)
4(49 3529 12332 3531)
4(77 3676 12333 3678)
4(105 3823 12334 3825)
4(133 3970 12335 3972)
4(161 4117 12336 4119)
4(189 4264 12337 4266)
4(217 4411 12338 4413)
4(245 4558 12339 4560)
4(22 3387 12341 3389)
4(50 3534 12342 3536)
4(78 3681 12343 3683)
4(106 3828 12344 3830)
4(134 3975 12345 3977)
4(162 4122 12346 4124)
4(190 4269 12347 4271)
4(218 4416 12348 4418)
4(246 4563 12349 4565)
4(12350 3268 3267 12909)
4(23 3392 12351 3394)
4(51 3539 12352 3541)
4(79 3686 12353 3688)
4(107 3833 12354 3835)
4(135 3980 12355 3982)
4(163 4127 12356 4129)
4(191 4274 12357 4276)
4(219 4421 12358 4423)
4(247 4568 12359 4570)
4(0 3270 12360 3272)
4(24 3397 12361 3399)
4(52 3544 12362 3546)
4(80 3691 12363 3693)
4(108 3838 12364 3840)
4(136 3985 12365 3987)
4(164 4132 12366 4134)
4(192 4279 12367 4281)
4(220 4426 12368 4428)
4(248 4573 12369 4575)
4(25 3402 12371 3404)
4(53 3549 12372 3551)
4(81 3696 12373 3698)
4(109 3843 12374 3845)
4(137 3990 12375 3992)
4(165 4137 12376 4139)
4(193 4284 12377 4286)
4(221 4431 12378 4433)
4(249 4578 12379 4580)
4(9 3321 12381 3320)
4(9 3324 12382 3321)
4(37 3468 12383 3467)
4(37 3471 12384 3468)
4(65 3615 12385 3614)
4(65 3618 12386 3615)
4(93 3762 12387 3761)
4(93 3765 12388 3762)
4(121 3909 12389 3908)
4(121 3912 12390 3909)
4(149 4056 12391 4055)
4(149 4059 12392 4056)
4(177 4203 12393 4202)
4(177 4206 12394 4203)
4(205 4350 12395 4349)
4(205 4353 12396 4350)
4(233 4497 12397 4496)
4(233 4500 12398 4497)
4(261 4644 12399 4643)
4(3242 12400 12915 3241)
4(10 3326 12401 3325)
4(9 3320 12402 3322)
4(10 3329 12403 3326)
4(38 3473 12404 3472)
4(37 3467 12405 3469)
4(38 3476 12406 3473)
4(66 3620 12407 3619)
4(65 3614 12408 3616)
4(66 3623 12409 3620)
4(94 3767 12410 3766)
4(93 3761 12411 3763)
4(94 3770 12412 3767)
4(122 3914 12413 3913)
4(121 3908 12414 3910)
4(122 3917 12415 3914)
4(150 4061 12416 4060)
4(149 4055 12417 4057)
4(150 4064 12418 4061)
4(178 4208 12419 4207)
4(177 4202 12420 4204)
4(178 4211 12421 4208)
4(206 4355 12422 4354)
4(205 4349 12423 4351)
4(206 4358 12424 4355)
4(234 4502 12425 4501)
4(233 4496 12426 4498)
4(234 4505 12427 4502)
4(262 4648 12428 4647)
4(261 4643 12429 4645)
4(3244 12430 12918 3243)
4(11 3331 12431 3330)
4(10 3325 12432 3327)
4(11 3334 12433 3331)
4(39 3478 12434 3477)
4(38 3472 12435 3474)
4(39 3481 12436 3478)
4(67 3625 12437 3624)
4(66 3619 12438 3621)
4(67 3628 12439 3625)
4(95 3772 12440 3771)
4(94 3766 12441 3768)
4(95 3775 12442 3772)
4(123 3919 12443 3918)
4(122 3913 12444 3915)
4(123 3922 12445 3919)
4(151 4066 12446 4065)
4(150 4060 12447 4062)
4(151 4069 12448 4066)
4(179 4213 12449 4212)
4(178 4207 12450 4209)
4(179 4216 12451 4213)
4(207 4360 12452 4359)
4(206 4354 12453 4356)
4(207 4363 12454 4360)
4(235 4507 12455 4506)
4(234 4501 12456 4503)
4(235 4510 12457 4507)
4(263 4652 12458 4651)
4(262 4647 12459 4649)
4(12 3336 12461 3335)
4(11 3330 12462 3332)
4(12 3339 12463 3336)
4(40 3483 12464 3482)
4(39 3477 12465 3479)
4(40 3486 12466 3483)
4(68 3630 12467 3629)
4(67 3624 12468 3626)
4(68 3633 12469 3630)
4(96 3777 12470 3776)
4(95 3771 12471 3773)
4(96 3780 12472 3777)
4(124 3924 12473 3923)
4(123 3918 12474 3920)
4(124 3927 12475 3924)
4(152 4071 12476 4070)
4(151 4065 12477 4067)
4(152 4074 12478 4071)
4(180 4218 12479 4217)
4(179 4212 12480 4214)
4(180 4221 12481 4218)
4(208 4365 12482 4364)
4(207 4359 12483 4361)
4(208 4368 12484 4365)
4(236 4512 12485 4511)
4(235 4506 12486 4508)
4(236 4515 12487 4512)
4(264 4656 12488 4655)
4(263 4651 12489 4653)
4(3248 12490 12925 3247)
4(13 3341 12491 3340)
4(12 3335 12492 3337)
4(13 3344 12493 3341)
4(41 3488 12494 3487)
4(40 3482 12495 3484)
4(41 3491 12496 3488)
4(69 3635 12497 3634)
4(68 3629 12498 3631)
4(69 3638 12499 3635)
4(97 3782 12500 3781)
4(96 3776 12501 3778)
4(97 3785 12502 3782)
4(125 3929 12503 3928)
4(124 3923 12504 3925)
4(125 3932 12505 3929)
4(153 4076 12506 4075)
4(152 4070 12507 4072)
4(153 4079 12508 4076)
4(181 4223 12509 4222)
4(180 4217 12510 4219)
4(181 4226 12511 4223)
4(209 4370 12512 4369)
4(208 4364 12513 4366)
4(209 4373 12514 4370)
4(237 4517 12515 4516)
4(236 4511 12516 4513)
4(237 4520 12517 4517)
4(265 4660 12518 4659)
4(264 4655 12519 4657)
4(14 3346 12521 3345)
4(13 3340 12522 3342)
4(14 3349 12523 3346)
4(42 3493 12524 3492)
4(41 3487 12525 3489)
4(42 3496 12526 3493)
4(70 3640 12527 3639)
4(69 3634 12528 3636)
4(70 3643 12529 3640)
4(98 3787 12530 3786)
4(97 3781 12531 3783)
4(98 3790 12532 3787)
4(126 3934 12533 3933)
4(125 3928 12534 3930)
4(126 3937 12535 3934)
4(154 4081 12536 4080)
4(153 4075 12537 4077)
4(154 4084 12538 4081)
4(182 4228 12539 4227)
4(181 4222 12540 4224)
4(182 4231 12541 4228)
4(210 4375 12542 4374)
4(209 4369 12543 4371)
4(210 4378 12544 4375)
4(238 4522 12545 4521)
4(237 4516 12546 4518)
4(238 4525 12547 4522)
4(266 4664 12548 4663)
4(265 4659 12549 4661)
4(3252 12550 12933 3251)
4(15 3351 12551 3350)
4(14 3345 12552 3347)
4(15 3354 12553 3351)
4(43 3498 12554 3497)
4(42 3492 12555 3494)
4(43 3501 12556 3498)
4(71 3645 12557 3644)
4(70 3639 12558 3641)
4(71 3648 12559 3645)
4(99 3792 12560 3791)
4(98 3786 12561 3788)
4(99 3795 12562 3792)
4(127 3939 12563 3938)
4(126 3933 12564 3935)
4(127 3942 12565 3939)
4(155 4086 12566 4085)
4(154 4080 12567 4082)
4(155 4089 12568 4086)
4(183 4233 12569 4232)
4(182 4227 12570 4229)
4(183 4236 12571 4233)
4(211 4380 12572 4379)
4(210 4374 12573 4376)
4(211 4383 12574 4380)
4(239 4527 12575 4526)
4(238 4521 12576 4523)
4(239 4530 12577 4527)
4(267 4668 12578 4667)
4(266 4663 12579 4665)
4(16 3356 12581 3355)
4(15 3350 12582 3352)
4(16 3359 12583 3356)
4(44 3503 12584 3502)
4(43 3497 12585 3499)
4(44 3506 12586 3503)
4(72 3650 12587 3649)
4(71 3644 12588 3646)
4(72 3653 12589 3650)
4(100 3797 12590 3796)
4(99 3791 12591 3793)
4(100 3800 12592 3797)
4(128 3944 12593 3943)
4(127 3938 12594 3940)
4(128 3947 12595 3944)
4(156 4091 12596 4090)
4(155 4085 12597 4087)
4(156 4094 12598 4091)
4(184 4238 12599 4237)
4(183 4232 12600 4234)
4(184 4241 12601 4238)
4(212 4385 12602 4384)
4(211 4379 12603 4381)
4(212 4388 12604 4385)
4(240 4532 12605 4531)
4(239 4526 12606 4528)
4(240 4535 12607 4532)
4(268 4672 12608 4671)
4(267 4667 12609 4669)
4(3256 12610 12941 3255)
4(17 3361 12611 3360)
4(16 3355 12612 3357)
4(17 3364 12613 3361)
4(45 3508 12614 3507)
4(44 3502 12615 3504)
4(45 3511 12616 3508)
4(73 3655 12617 3654)
4(72 3649 12618 3651)
4(73 3658 12619 3655)
4(101 3802 12620 3801)
4(100 3796 12621 3798)
4(101 3805 12622 3802)
4(129 3949 12623 3948)
4(128 3943 12624 3945)
4(129 3952 12625 3949)
4(157 4096 12626 4095)
4(156 4090 12627 4092)
4(157 4099 12628 4096)
4(185 4243 12629 4242)
4(184 4237 12630 4239)
4(185 4246 12631 4243)
4(213 4390 12632 4389)
4(212 4384 12633 4386)
4(213 4393 12634 4390)
4(241 4537 12635 4536)
4(240 4531 12636 4533)
4(241 4540 12637 4537)
4(269 4676 12638 4675)
4(268 4671 12639 4673)
4(18 3366 12641 3365)
4(17 3360 12642 3362)
4(18 3369 12643 3366)
4(46 3513 12644 3512)
4(45 3507 12645 3509)
4(46 3516 12646 3513)
4(74 3660 12647 3659)
4(73 3654 12648 3656)
4(74 3663 12649 3660)
4(102 3807 12650 3806)
4(101 3801 12651 3803)
4(102 3810 12652 3807)
4(130 3954 12653 3953)
4(129 3948 12654 3950)
4(130 3957 12655 3954)
4(158 4101 12656 4100)
4(157 4095 12657 4097)
4(158 4104 12658 4101)
4(186 4248 12659 4247)
4(185 4242 12660 4244)
4(186 4251 12661 4248)
4(214 4395 12662 4394)
4(213 4389 12663 4391)
4(214 4398 12664 4395)
4(242 4542 12665 4541)
4(241 4536 12666 4538)
4(242 4545 12667 4542)
4(270 4680 12668 4679)
4(269 4675 12669 4677)
4(3260 12670 12948 3259)
4(19 3371 12671 3370)
4(18 3365 12672 3367)
4(19 3374 12673 3371)
4(47 3518 12674 3517)
4(46 3512 12675 3514)
4(47 3521 12676 3518)
4(75 3665 12677 3664)
4(74 3659 12678 3661)
4(75 3668 12679 3665)
4(103 3812 12680 3811)
4(102 3806 12681 3808)
4(103 3815 12682 3812)
4(131 3959 12683 3958)
4(130 3953 12684 3955)
4(131 3962 12685 3959)
4(159 4106 12686 4105)
4(158 4100 12687 4102)
4(159 4109 12688 4106)
4(187 4253 12689 4252)
4(186 4247 12690 4249)
4(187 4256 12691 4253)
4(215 4400 12692 4399)
4(214 4394 12693 4396)
4(215 4403 12694 4400)
4(243 4547 12695 4546)
4(242 4541 12696 4543)
4(243 4550 12697 4547)
4(271 4684 12698 4683)
4(270 4679 12699 4681)
4(3262 12700 12951 3261)
4(20 3376 12701 3375)
4(19 3370 12702 3372)
4(20 3379 12703 3376)
4(48 3523 12704 3522)
4(47 3517 12705 3519)
4(48 3526 12706 3523)
4(76 3670 12707 3669)
4(75 3664 12708 3666)
4(76 3673 12709 3670)
4(104 3817 12710 3816)
4(103 3811 12711 3813)
4(104 3820 12712 3817)
4(132 3964 12713 3963)
4(131 3958 12714 3960)
4(132 3967 12715 3964)
4(160 4111 12716 4110)
4(159 4105 12717 4107)
4(160 4114 12718 4111)
4(188 4258 12719 4257)
4(187 4252 12720 4254)
4(188 4261 12721 4258)
4(216 4405 12722 4404)
4(215 4399 12723 4401)
4(216 4408 12724 4405)
4(244 4552 12725 4551)
4(243 4546 12726 4548)
4(244 4555 12727 4552)
4(272 4688 12728 4687)
4(271 4683 12729 4685)
4(21 3381 12731 3380)
4(20 3375 12732 3377)
4(21 3384 12733 3381)
4(49 3528 12734 3527)
4(48 3522 12735 3524)
4(49 3531 12736 3528)
4(77 3675 12737 3674)
4(76 3669 12738 3671)
4(77 3678 12739 3675)
4(105 3822 12740 3821)
4(104 3816 12741 3818)
4(105 3825 12742 3822)
4(133 3969 12743 3968)
4(132 3963 12744 3965)
4(133 3972 12745 3969)
4(161 4116 12746 4115)
4(160 4110 12747 4112)
4(161 4119 12748 4116)
4(189 4263 12749 4262)
4(188 4257 12750 4259)
4(189 4266 12751 4263)
4(217 4410 12752 4409)
4(216 4404 12753 4406)
4(217 4413 12754 4410)
4(245 4557 12755 4556)
4(244 4551 12756 4553)
4(245 4560 12757 4557)
4(273 4692 12758 4691)
4(272 4687 12759 4689)
4(22 3386 12761 3385)
4(21 3380 12762 3382)
4(22 3389 12763 3386)
4(50 3533 12764 3532)
4(49 3527 12765 3529)
4(50 3536 12766 3533)
4(78 3680 12767 3679)
4(77 3674 12768 3676)
4(78 3683 12769 3680)
4(106 3827 12770 3826)
4(105 3821 12771 3823)
4(106 3830 12772 3827)
4(134 3974 12773 3973)
4(133 3968 12774 3970)
4(134 3977 12775 3974)
4(162 4121 12776 4120)
4(161 4115 12777 4117)
4(162 4124 12778 4121)
4(190 4268 12779 4267)
4(189 4262 12780 4264)
4(190 4271 12781 4268)
4(218 4415 12782 4414)
4(217 4409 12783 4411)
4(218 4418 12784 4415)
4(246 4562 12785 4561)
4(245 4556 12786 4558)
4(246 4565 12787 4562)
4(274 4696 12788 4695)
4(273 4691 12789 4693)
4(3268 12790 12957 3267)
4(23 3391 12791 3390)
4(22 3385 12792 3387)
4(23 3394 12793 3391)
4(51 3538 12794 3537)
4(50 3532 12795 3534)
4(51 3541 12796 3538)
4(79 3685 12797 3684)
4(78 3679 12798 3681)
4(79 3688 12799 3685)
4(107 3832 12800 3831)
4(106 3826 12801 3828)
4(107 3835 12802 3832)
4(135 3979 12803 3978)
4(134 3973 12804 3975)
4(135 3982 12805 3979)
4(163 4126 12806 4125)
4(162 4120 12807 4122)
4(163 4129 12808 4126)
4(191 4273 12809 4272)
4(190 4267 12810 4269)
4(191 4276 12811 4273)
4(219 4420 12812 4419)
4(218 4414 12813 4416)
4(219 4423 12814 4420)
4(247 4567 12815 4566)
4(246 4561 12816 4563)
4(247 4570 12817 4567)
4(275 4700 12818 4699)
4(274 4695 12819 4697)
4(0 3272 12820 3269)
4(24 3396 12821 3395)
4(23 3390 12822 3392)
4(24 3399 12823 3396)
4(52 3543 12824 3542)
4(51 3537 12825 3539)
4(52 3546 12826 3543)
4(80 3690 12827 3689)
4(79 3684 12828 3686)
4(80 3693 12829 3690)
4(108 3837 12830 3836)
4(107 3831 12831 3833)
4(108 3840 12832 3837)
4(136 3984 12833 3983)
4(135 3978 12834 3980)
4(136 3987 12835 3984)
4(164 4131 12836 4130)
4(163 4125 12837 4127)
4(164 4134 12838 4131)
4(192 4278 12839 4277)
4(191 4272 12840 4274)
4(192 4281 12841 4278)
4(220 4425 12842 4424)
4(219 4419 12843 4421)
4(220 4428 12844 4425)
4(248 4572 12845 4571)
4(247 4566 12846 4568)
4(248 4575 12847 4572)
4(276 4704 12848 4703)
4(275 4699 12849 4701)
5(3275 12850 3273 12959 3274)
4(25 3401 12851 3400)
4(24 3395 12852 3397)
4(25 3404 12853 3401)
4(53 3548 12854 3547)
4(52 3542 12855 3544)
4(53 3551 12856 3548)
4(81 3695 12857 3694)
4(80 3689 12858 3691)
4(81 3698 12859 3695)
4(109 3842 12860 3841)
4(108 3836 12861 3838)
4(109 3845 12862 3842)
4(137 3989 12863 3988)
4(136 3983 12864 3985)
4(137 3992 12865 3989)
4(165 4136 12866 4135)
4(164 4130 12867 4132)
4(165 4139 12868 4136)
4(193 4283 12869 4282)
4(192 4277 12870 4279)
4(193 4286 12871 4283)
4(221 4430 12872 4429)
4(220 4424 12873 4426)
4(221 4433 12874 4430)
4(249 4577 12875 4576)
4(248 4571 12876 4573)
4(249 4580 12877 4577)
4(277 4708 12878 4707)
4(276 4703 12879 4705)
4(25 3400 12880 3402)
4(53 3547 12881 3549)
4(81 3694 12882 3696)
4(109 3841 12883 3843)
4(137 3988 12884 3990)
4(165 4135 12885 4137)
4(193 4282 12886 4284)
4(221 4429 12887 4431)
4(249 4576 12888 4578)
4(277 4707 12889 4709)
4(1624 5787 12210 5780)
4(452 3240 12210 5787)
4(505 5987 12211 3322)
4(1625 5994 12211 5987)
4(507 3324 12211 5994)
4(577 6235 12212 3469)
4(1626 6242 12212 6235)
4(579 3471 12212 6242)
4(649 6483 12213 3616)
4(1627 6490 12213 6483)
4(651 3618 12213 6490)
4(721 6731 12214 3763)
4(1628 6738 12214 6731)
4(723 3765 12214 6738)
4(793 6979 12215 3910)
4(1629 6986 12215 6979)
4(795 3912 12215 6986)
4(865 7227 12216 4057)
4(1630 7234 12216 7227)
4(867 4059 12216 7234)
4(937 7475 12217 4204)
4(1631 7482 12217 7475)
4(939 4206 12217 7482)
4(1009 7723 12218 4351)
4(1632 7730 12218 7723)
4(1011 4353 12218 7730)
4(1081 7971 12219 4498)
4(1633 7978 12219 7971)
4(1083 4500 12219 7978)
4(5788 12220 12891 5789)
4(1634 5795 12220 5788)
4(454 3242 12220 5795)
4(508 5997 12221 3327)
4(1635 6004 12221 5997)
4(510 3329 12221 6004)
4(580 6245 12222 3474)
4(1636 6252 12222 6245)
4(582 3476 12222 6252)
4(652 6493 12223 3621)
4(1637 6500 12223 6493)
4(654 3623 12223 6500)
4(724 6741 12224 3768)
4(1638 6748 12224 6741)
4(726 3770 12224 6748)
4(796 6989 12225 3915)
4(1639 6996 12225 6989)
4(798 3917 12225 6996)
4(868 7237 12226 4062)
4(1640 7244 12226 7237)
4(870 4064 12226 7244)
4(940 7485 12227 4209)
4(1641 7492 12227 7485)
4(942 4211 12227 7492)
4(1012 7733 12228 4356)
4(1642 7740 12228 7733)
4(1014 4358 12228 7740)
4(1084 7981 12229 4503)
4(1643 7988 12229 7981)
4(1086 4505 12229 7988)
4(5796 12230 12892 5797)
4(1644 5803 12230 5796)
4(456 3244 12230 5803)
4(511 6007 12231 3332)
4(1645 6014 12231 6007)
4(513 3334 12231 6014)
4(583 6255 12232 3479)
4(1646 6262 12232 6255)
4(585 3481 12232 6262)
4(655 6503 12233 3626)
4(1647 6510 12233 6503)
4(657 3628 12233 6510)
4(727 6751 12234 3773)
4(1648 6758 12234 6751)
4(729 3775 12234 6758)
4(799 6999 12235 3920)
4(1649 7006 12235 6999)
4(801 3922 12235 7006)
4(871 7247 12236 4067)
4(1650 7254 12236 7247)
4(873 4069 12236 7254)
4(943 7495 12237 4214)
4(1651 7502 12237 7495)
4(945 4216 12237 7502)
4(1015 7743 12238 4361)
4(1652 7750 12238 7743)
4(1017 4363 12238 7750)
4(1087 7991 12239 4508)
4(1653 7998 12239 7991)
4(1089 4510 12239 7998)
4(1654 5811 12240 5804)
4(458 3246 12240 5811)
4(514 6017 12241 3337)
4(1655 6024 12241 6017)
4(516 3339 12241 6024)
4(586 6265 12242 3484)
4(1656 6272 12242 6265)
4(588 3486 12242 6272)
4(658 6513 12243 3631)
4(1657 6520 12243 6513)
4(660 3633 12243 6520)
4(730 6761 12244 3778)
4(1658 6768 12244 6761)
4(732 3780 12244 6768)
4(802 7009 12245 3925)
4(1659 7016 12245 7009)
4(804 3927 12245 7016)
4(874 7257 12246 4072)
4(1660 7264 12246 7257)
4(876 4074 12246 7264)
4(946 7505 12247 4219)
4(1661 7512 12247 7505)
4(948 4221 12247 7512)
4(1018 7753 12248 4366)
4(1662 7760 12248 7753)
4(1020 4368 12248 7760)
4(1090 8001 12249 4513)
4(1663 8008 12249 8001)
4(1092 4515 12249 8008)
4(5812 12250 12895 5813)
4(1664 5819 12250 5812)
4(460 3248 12250 5819)
4(517 6027 12251 3342)
4(1665 6034 12251 6027)
4(519 3344 12251 6034)
4(589 6275 12252 3489)
4(1666 6282 12252 6275)
4(591 3491 12252 6282)
4(661 6523 12253 3636)
4(1667 6530 12253 6523)
4(663 3638 12253 6530)
4(733 6771 12254 3783)
4(1668 6778 12254 6771)
4(735 3785 12254 6778)
4(805 7019 12255 3930)
4(1669 7026 12255 7019)
4(807 3932 12255 7026)
4(877 7267 12256 4077)
4(1670 7274 12256 7267)
4(879 4079 12256 7274)
4(949 7515 12257 4224)
4(1671 7522 12257 7515)
4(951 4226 12257 7522)
4(1021 7763 12258 4371)
4(1672 7770 12258 7763)
4(1023 4373 12258 7770)
4(1093 8011 12259 4518)
4(1673 8018 12259 8011)
4(1095 4520 12259 8018)
4(1674 5827 12260 5820)
4(462 3250 12260 5827)
4(520 6037 12261 3347)
4(1675 6044 12261 6037)
4(522 3349 12261 6044)
4(592 6285 12262 3494)
4(1676 6292 12262 6285)
4(594 3496 12262 6292)
4(664 6533 12263 3641)
4(1677 6540 12263 6533)
4(666 3643 12263 6540)
4(736 6781 12264 3788)
4(1678 6788 12264 6781)
4(738 3790 12264 6788)
4(808 7029 12265 3935)
4(1679 7036 12265 7029)
4(810 3937 12265 7036)
4(880 7277 12266 4082)
4(1680 7284 12266 7277)
4(882 4084 12266 7284)
4(952 7525 12267 4229)
4(1681 7532 12267 7525)
4(954 4231 12267 7532)
4(1024 7773 12268 4376)
4(1682 7780 12268 7773)
4(1026 4378 12268 7780)
4(1096 8021 12269 4523)
4(1683 8028 12269 8021)
4(1098 4525 12269 8028)
4(5828 12270 12899 5829)
4(1684 5835 12270 5828)
4(464 3252 12270 5835)
4(523 6047 12271 3352)
4(1685 6054 12271 6047)
4(525 3354 12271 6054)
4(595 6295 12272 3499)
4(1686 6302 12272 6295)
4(597 3501 12272 6302)
4(667 6543 12273 3646)
4(1687 6550 12273 6543)
4(669 3648 12273 6550)
4(739 6791 12274 3793)
4(1688 6798 12274 6791)
4(741 3795 12274 6798)
4(811 7039 12275 3940)
4(1689 7046 12275 7039)
4(813 3942 12275 7046)
4(883 7287 12276 4087)
4(1690 7294 12276 7287)
4(885 4089 12276 7294)
4(955 7535 12277 4234)
4(1691 7542 12277 7535)
4(957 4236 12277 7542)
4(1027 7783 12278 4381)
4(1692 7790 12278 7783)
4(1029 4383 12278 7790)
4(1099 8031 12279 4528)
4(1693 8038 12279 8031)
4(1101 4530 12279 8038)
4(1694 5843 12280 5836)
4(466 3254 12280 5843)
4(526 6057 12281 3357)
4(1695 6064 12281 6057)
4(528 3359 12281 6064)
4(598 6305 12282 3504)
4(1696 6312 12282 6305)
4(600 3506 12282 6312)
4(670 6553 12283 3651)
4(1697 6560 12283 6553)
4(672 3653 12283 6560)
4(742 6801 12284 3798)
4(1698 6808 12284 6801)
4(744 3800 12284 6808)
4(814 7049 12285 3945)
4(1699 7056 12285 7049)
4(816 3947 12285 7056)
4(886 7297 12286 4092)
4(1700 7304 12286 7297)
4(888 4094 12286 7304)
4(958 7545 12287 4239)
4(1701 7552 12287 7545)
4(960 4241 12287 7552)
4(1030 7793 12288 4386)
4(1702 7800 12288 7793)
4(1032 4388 12288 7800)
4(1102 8041 12289 4533)
4(1703 8048 12289 8041)
4(1104 4535 12289 8048)
4(5844 12290 12903 5845)
4(1704 5851 12290 5844)
4(468 3256 12290 5851)
4(529 6067 12291 3362)
4(1705 6074 12291 6067)
4(531 3364 12291 6074)
4(601 6315 12292 3509)
4(1706 6322 12292 6315)
4(603 3511 12292 6322)
4(673 6563 12293 3656)
4(1707 6570 12293 6563)
4(675 3658 12293 6570)
4(745 6811 12294 3803)
4(1708 6818 12294 6811)
4(747 3805 12294 6818)
4(817 7059 12295 3950)
4(1709 7066 12295 7059)
4(819 3952 12295 7066)
4(889 7307 12296 4097)
4(1710 7314 12296 7307)
4(891 4099 12296 7314)
4(961 7555 12297 4244)
4(1711 7562 12297 7555)
4(963 4246 12297 7562)
4(1033 7803 12298 4391)
4(1712 7810 12298 7803)
4(1035 4393 12298 7810)
4(1105 8051 12299 4538)
4(1713 8058 12299 8051)
4(1107 4540 12299 8058)
4(1714 5859 12300 5852)
4(470 3258 12300 5859)
4(532 6077 12301 3367)
4(1715 6084 12301 6077)
4(534 3369 12301 6084)
4(604 6325 12302 3514)
4(1716 6332 12302 6325)
4(606 3516 12302 6332)
4(676 6573 12303 3661)
4(1717 6580 12303 6573)
4(678 3663 12303 6580)
4(748 6821 12304 3808)
4(1718 6828 12304 6821)
4(750 3810 12304 6828)
4(820 7069 12305 3955)
4(1719 7076 12305 7069)
4(822 3957 12305 7076)
4(892 7317 12306 4102)
4(1720 7324 12306 7317)
4(894 4104 12306 7324)
4(964 7565 12307 4249)
4(1721 7572 12307 7565)
4(966 4251 12307 7572)
4(1036 7813 12308 4396)
4(1722 7820 12308 7813)
4(1038 4398 12308 7820)
4(1108 8061 12309 4543)
4(1723 8068 12309 8061)
4(1110 4545 12309 8068)
4(5860 12310 12905 5861)
4(1724 5867 12310 5860)
4(472 3260 12310 5867)
4(535 6087 12311 3372)
4(1725 6094 12311 6087)
4(537 3374 12311 6094)
4(607 6335 12312 3519)
4(1726 6342 12312 6335)
4(609 3521 12312 6342)
4(679 6583 12313 3666)
4(1727 6590 12313 6583)
4(681 3668 12313 6590)
4(751 6831 12314 3813)
4(1728 6838 12314 6831)
4(753 3815 12314 6838)
4(823 7079 12315 3960)
4(1729 7086 12315 7079)
4(825 3962 12315 7086)
4(895 7327 12316 4107)
4(1730 7334 12316 7327)
4(897 4109 12316 7334)
4(967 7575 12317 4254)
4(1731 7582 12317 7575)
4(969 4256 12317 7582)
4(1039 7823 12318 4401)
4(1732 7830 12318 7823)
4(1041 4403 12318 7830)
4(1111 8071 12319 4548)
4(1733 8078 12319 8071)
4(1113 4550 12319 8078)
4(1734 5875 12320 5868)
4(474 3262 12320 5875)
4(538 6097 12321 3377)
4(1735 6104 12321 6097)
4(540 3379 12321 6104)
4(610 6345 12322 3524)
4(1736 6352 12322 6345)
4(612 3526 12322 6352)
4(682 6593 12323 3671)
4(1737 6600 12323 6593)
4(684 3673 12323 6600)
4(754 6841 12324 3818)
4(1738 6848 12324 6841)
4(756 3820 12324 6848)
4(826 7089 12325 3965)
4(1739 7096 12325 7089)
4(828 3967 12325 7096)
4(898 7337 12326 4112)
4(1740 7344 12326 7337)
4(900 4114 12326 7344)
4(970 7585 12327 4259)
4(1741 7592 12327 7585)
4(972 4261 12327 7592)
4(1042 7833 12328 4406)
4(1742 7840 12328 7833)
4(1044 4408 12328 7840)
4(1114 8081 12329 4553)
4(1743 8088 12329 8081)
4(1116 4555 12329 8088)
4(1744 5883 12330 5876)
4(476 3264 12330 5883)
4(541 6107 12331 3382)
4(1745 6114 12331 6107)
4(543 3384 12331 6114)
4(613 6355 12332 3529)
4(1746 6362 12332 6355)
4(615 3531 12332 6362)
4(685 6603 12333 3676)
4(1747 6610 12333 6603)
4(687 3678 12333 6610)
4(757 6851 12334 3823)
4(1748 6858 12334 6851)
4(759 3825 12334 6858)
4(829 7099 12335 3970)
4(1749 7106 12335 7099)
4(831 3972 12335 7106)
4(901 7347 12336 4117)
4(1750 7354 12336 7347)
4(903 4119 12336 7354)
4(973 7595 12337 4264)
4(1751 7602 12337 7595)
4(975 4266 12337 7602)
4(1045 7843 12338 4411)
4(1752 7850 12338 7843)
4(1047 4413 12338 7850)
4(1117 8091 12339 4558)
4(1753 8098 12339 8091)
4(1119 4560 12339 8098)
4(5884 12340 12908 5885)
4(1754 5891 12340 5884)
4(478 3266 12340 5891)
4(544 6117 12341 3387)
4(1755 6124 12341 6117)
4(546 3389 12341 6124)
4(616 6365 12342 3534)
4(1756 6372 12342 6365)
4(618 3536 12342 6372)
4(688 6613 12343 3681)
4(1757 6620 12343 6613)
4(690 3683 12343 6620)
4(760 6861 12344 3828)
4(1758 6868 12344 6861)
4(762 3830 12344 6868)
4(832 7109 12345 3975)
4(1759 7116 12345 7109)
4(834 3977 12345 7116)
4(904 7357 12346 4122)
4(1760 7364 12346 7357)
4(906 4124 12346 7364)
4(976 7605 12347 4269)
4(1761 7612 12347 7605)
4(978 4271 12347 7612)
4(1048 7853 12348 4416)
4(1762 7860 12348 7853)
4(1050 4418 12348 7860)
4(1120 8101 12349 4563)
4(1763 8108 12349 8101)
4(1122 4565 12349 8108)
5(479 5892 12350 12909 5893)
4(1764 5898 12350 5892)
4(481 3268 12350 5898)
4(547 6127 12351 3392)
4(1765 6134 12351 6127)
4(549 3394 12351 6134)
4(619 6375 12352 3539)
4(1766 6382 12352 6375)
4(621 3541 12352 6382)
4(691 6623 12353 3686)
4(1767 6630 12353 6623)
4(693 3688 12353 6630)
4(763 6871 12354 3833)
4(1768 6878 12354 6871)
4(765 3835 12354 6878)
4(835 7119 12355 3980)
4(1769 7126 12355 7119)
4(837 3982 12355 7126)
4(907 7367 12356 4127)
4(1770 7374 12356 7367)
4(909 4129 12356 7374)
4(979 7615 12357 4274)
4(1771 7622 12357 7615)
4(981 4276 12357 7622)
4(1051 7863 12358 4421)
4(1772 7870 12358 7863)
4(1053 4423 12358 7870)
4(1123 8111 12359 4568)
4(1773 8118 12359 8111)
4(1125 4570 12359 8118)
4(482 5899 12360 3270)
4(1774 5905 12360 5899)
4(483 3272 12360 5905)
4(550 6137 12361 3397)
4(1775 6144 12361 6137)
4(552 3399 12361 6144)
4(622 6385 12362 3544)
4(1776 6392 12362 6385)
4(624 3546 12362 6392)
4(694 6633 12363 3691)
4(1777 6640 12363 6633)
4(696 3693 12363 6640)
4(766 6881 12364 3838)
4(1778 6888 12364 6881)
4(768 3840 12364 6888)
4(838 7129 12365 3985)
4(1779 7136 12365 7129)
4(840 3987 12365 7136)
4(910 7377 12366 4132)
4(1780 7384 12366 7377)
4(912 4134 12366 7384)
4(982 7625 12367 4279)
4(1781 7632 12367 7625)
4(984 4281 12367 7632)
4(1054 7873 12368 4426)
4(1782 7880 12368 7873)
4(1056 4428 12368 7880)
4(1126 8121 12369 4573)
4(1783 8128 12369 8121)
4(1128 4575 12369 8128)
4(485 3275 12370 5911)
4(554 3404 12371 6150)
4(626 3551 12372 6398)
4(698 3698 12373 6646)
4(770 3845 12374 6894)
4(842 3992 12375 7142)
4(914 4139 12376 7390)
4(986 4286 12377 7638)
4(1058 4433 12378 7886)
4(1130 4580 12379 8134)
4(452 5786 12380 3240)
4(1614 5779 12380 5786)
4(12380 5779 8330 12912)
4(504 5983 12381 3321)
4(1614 5786 12381 5983)
4(452 3320 12381 5786)
4(507 5993 12382 3324)
4(1615 5984 12382 5993)
4(504 3321 12382 5984)
4(576 6231 12383 3468)
4(1615 5993 12383 6231)
4(507 3467 12383 5993)
4(579 6241 12384 3471)
4(1616 6232 12384 6241)
4(576 3468 12384 6232)
4(648 6479 12385 3615)
4(1616 6241 12385 6479)
4(579 3614 12385 6241)
4(651 6489 12386 3618)
4(1617 6480 12386 6489)
4(648 3615 12386 6480)
4(720 6727 12387 3762)
4(1617 6489 12387 6727)
4(651 3761 12387 6489)
4(723 6737 12388 3765)
4(1618 6728 12388 6737)
4(720 3762 12388 6728)
4(792 6975 12389 3909)
4(1618 6737 12389 6975)
4(723 3908 12389 6737)
4(795 6985 12390 3912)
4(1619 6976 12390 6985)
4(792 3909 12390 6976)
4(864 7223 12391 4056)
4(1619 6985 12391 7223)
4(795 4055 12391 6985)
4(867 7233 12392 4059)
4(1620 7224 12392 7233)
4(864 4056 12392 7224)
4(936 7471 12393 4203)
4(1620 7233 12393 7471)
4(867 4202 12393 7233)
4(939 7481 12394 4206)
4(1621 7472 12394 7481)
4(936 4203 12394 7472)
4(1008 7719 12395 4350)
4(1621 7481 12395 7719)
4(939 4349 12395 7481)
4(1011 7729 12396 4353)
4(1622 7720 12396 7729)
4(1008 4350 12396 7720)
4(1080 7967 12397 4497)
4(1622 7729 12397 7967)
4(1011 4496 12397 7729)
4(1083 7977 12398 4500)
4(1623 7968 12398 7977)
4(1080 4497 12398 7968)
4(1152 8215 12399 4644)
4(1623 7977 12399 8215)
4(1083 4643 12399 7977)
4(454 5794 12400 3242)
4(1624 5780 12400 5794)
4(505 5986 12401 3326)
4(1624 5794 12401 5986)
4(454 3325 12401 5794)
4(452 5787 12402 3320)
4(1624 5986 12402 5787)
4(505 3322 12402 5986)
4(510 6003 12403 3329)
4(1625 5987 12403 6003)
4(505 3326 12403 5987)
4(577 6234 12404 3473)
4(1625 6003 12404 6234)
4(510 3472 12404 6003)
4(507 5994 12405 3467)
4(1625 6234 12405 5994)
4(577 3469 12405 6234)
4(582 6251 12406 3476)
4(1626 6235 12406 6251)
4(577 3473 12406 6235)
4(649 6482 12407 3620)
4(1626 6251 12407 6482)
4(582 3619 12407 6251)
4(579 6242 12408 3614)
4(1626 6482 12408 6242)
4(649 3616 12408 6482)
4(654 6499 12409 3623)
4(1627 6483 12409 6499)
4(649 3620 12409 6483)
4(721 6730 12410 3767)
4(1627 6499 12410 6730)
4(654 3766 12410 6499)
4(651 6490 12411 3761)
4(1627 6730 12411 6490)
4(721 3763 12411 6730)
4(726 6747 12412 3770)
4(1628 6731 12412 6747)
4(721 3767 12412 6731)
4(793 6978 12413 3914)
4(1628 6747 12413 6978)
4(726 3913 12413 6747)
4(723 6738 12414 3908)
4(1628 6978 12414 6738)
4(793 3910 12414 6978)
4(798 6995 12415 3917)
4(1629 6979 12415 6995)
4(793 3914 12415 6979)
4(865 7226 12416 4061)
4(1629 6995 12416 7226)
4(798 4060 12416 6995)
4(795 6986 12417 4055)
4(1629 7226 12417 6986)
4(865 4057 12417 7226)
4(870 7243 12418 4064)
4(1630 7227 12418 7243)
4(865 4061 12418 7227)
4(937 7474 12419 4208)
4(1630 7243 12419 7474)
4(870 4207 12419 7243)
4(867 7234 12420 4202)
4(1630 7474 12420 7234)
4(937 4204 12420 7474)
4(942 7491 12421 4211)
4(1631 7475 12421 7491)
4(937 4208 12421 7475)
4(1009 7722 12422 4355)
4(1631 7491 12422 7722)
4(942 4354 12422 7491)
4(939 7482 12423 4349)
4(1631 7722 12423 7482)
4(1009 4351 12423 7722)
4(1014 7739 12424 4358)
4(1632 7723 12424 7739)
4(1009 4355 12424 7723)
4(1081 7970 12425 4502)
4(1632 7739 12425 7970)
4(1014 4501 12425 7739)
4(1011 7730 12426 4496)
4(1632 7970 12426 7730)
4(1081 4498 12426 7970)
4(1086 7987 12427 4505)
4(1633 7971 12427 7987)
4(1081 4502 12427 7971)
4(1153 8217 12428 4648)
4(1633 7987 12428 8217)
4(1086 4647 12428 7987)
4(1083 7978 12429 4643)
4(1633 8217 12429 7978)
4(1153 4645 12429 8217)
4(456 5802 12430 3244)
4(1634 5788 12430 5802)
4(508 5996 12431 3331)
4(1634 5802 12431 5996)
4(456 3330 12431 5802)
4(454 5795 12432 3325)
4(1634 5996 12432 5795)
4(508 3327 12432 5996)
4(513 6013 12433 3334)
4(1635 5997 12433 6013)
4(508 3331 12433 5997)
4(580 6244 12434 3478)
4(1635 6013 12434 6244)
4(513 3477 12434 6013)
4(510 6004 12435 3472)
4(1635 6244 12435 6004)
4(580 3474 12435 6244)
4(585 6261 12436 3481)
4(1636 6245 12436 6261)
4(580 3478 12436 6245)
4(652 6492 12437 3625)
4(1636 6261 12437 6492)
4(585 3624 12437 6261)
4(582 6252 12438 3619)
4(1636 6492 12438 6252)
4(652 3621 12438 6492)
4(657 6509 12439 3628)
4(1637 6493 12439 6509)
4(652 3625 12439 6493)
4(724 6740 12440 3772)
4(1637 6509 12440 6740)
4(657 3771 12440 6509)
4(654 6500 12441 3766)
4(1637 6740 12441 6500)
4(724 3768 12441 6740)
4(729 6757 12442 3775)
4(1638 6741 12442 6757)
4(724 3772 12442 6741)
4(796 6988 12443 3919)
4(1638 6757 12443 6988)
4(729 3918 12443 6757)
4(726 6748 12444 3913)
4(1638 6988 12444 6748)
4(796 3915 12444 6988)
4(801 7005 12445 3922)
4(1639 6989 12445 7005)
4(796 3919 12445 6989)
4(868 7236 12446 4066)
4(1639 7005 12446 7236)
4(801 4065 12446 7005)
4(798 6996 12447 4060)
4(1639 7236 12447 6996)
4(868 4062 12447 7236)
4(873 7253 12448 4069)
4(1640 7237 12448 7253)
4(868 4066 12448 7237)
4(940 7484 12449 4213)
4(1640 7253 12449 7484)
4(873 4212 12449 7253)
4(870 7244 12450 4207)
4(1640 7484 12450 7244)
4(940 4209 12450 7484)
4(945 7501 12451 4216)
4(1641 7485 12451 7501)
4(940 4213 12451 7485)
4(1012 7732 12452 4360)
4(1641 7501 12452 7732)
4(945 4359 12452 7501)
4(942 7492 12453 4354)
4(1641 7732 12453 7492)
4(1012 4356 12453 7732)
4(1017 7749 12454 4363)
4(1642 7733 12454 7749)
4(1012 4360 12454 7733)
4(1084 7980 12455 4507)
4(1642 7749 12455 7980)
4(1017 4506 12455 7749)
4(1014 7740 12456 4501)
4(1642 7980 12456 7740)
4(1084 4503 12456 7980)
4(1089 7997 12457 4510)
4(1643 7981 12457 7997)
4(1084 4507 12457 7981)
4(1155 8222 12458 4652)
4(1643 7997 12458 8222)
4(1089 4651 12458 7997)
4(1086 7988 12459 4647)
4(1643 8222 12459 7988)
4(1155 4649 12459 8222)
4(458 5810 12460 3246)
4(1644 5796 12460 5810)
4(12460 5796 5797 12921)
4(511 6006 12461 3336)
4(1644 5810 12461 6006)
4(458 3335 12461 5810)
4(456 5803 12462 3330)
4(1644 6006 12462 5803)
4(511 3332 12462 6006)
4(516 6023 12463 3339)
4(1645 6007 12463 6023)
4(511 3336 12463 6007)
4(583 6254 12464 3483)
4(1645 6023 12464 6254)
4(516 3482 12464 6023)
4(513 6014 12465 3477)
4(1645 6254 12465 6014)
4(583 3479 12465 6254)
4(588 6271 12466 3486)
4(1646 6255 12466 6271)
4(583 3483 12466 6255)
4(655 6502 12467 3630)
4(1646 6271 12467 6502)
4(588 3629 12467 6271)
4(585 6262 12468 3624)
4(1646 6502 12468 6262)
4(655 3626 12468 6502)
4(660 6519 12469 3633)
4(1647 6503 12469 6519)
4(655 3630 12469 6503)
4(727 6750 12470 3777)
4(1647 6519 12470 6750)
4(660 3776 12470 6519)
4(657 6510 12471 3771)
4(1647 6750 12471 6510)
4(727 3773 12471 6750)
4(732 6767 12472 3780)
4(1648 6751 12472 6767)
4(727 3777 12472 6751)
4(799 6998 12473 3924)
4(1648 6767 12473 6998)
4(732 3923 12473 6767)
4(729 6758 12474 3918)
4(1648 6998 12474 6758)
4(799 3920 12474 6998)
4(804 7015 12475 3927)
4(1649 6999 12475 7015)
4(799 3924 12475 6999)
4(871 7246 12476 4071)
4(1649 7015 12476 7246)
4(804 4070 12476 7015)
4(801 7006 12477 4065)
4(1649 7246 12477 7006)
4(871 4067 12477 7246)
4(876 7263 12478 4074)
4(1650 7247 12478 7263)
4(871 4071 12478 7247)
4(943 7494 12479 4218)
4(1650 7263 12479 7494)
4(876 4217 12479 7263)
4(873 7254 12480 4212)
4(1650 7494 12480 7254)
4(943 4214 12480 7494)
4(948 7511 12481 4221)
4(1651 7495 12481 7511)
4(943 4218 12481 7495)
4(1015 7742 12482 4365)
4(1651 7511 12482 7742)
4(948 4364 12482 7511)
4(945 7502 12483 4359)
4(1651 7742 12483 7502)
4(1015 4361 12483 7742)
4(1020 7759 12484 4368)
4(1652 7743 12484 7759)
4(1015 4365 12484 7743)
4(1087 7990 12485 4512)
4(1652 7759 12485 7990)
4(1020 4511 12485 7759)
4(1017 7750 12486 4506)
4(1652 7990 12486 7750)
4(1087 4508 12486 7990)
4(1092 8007 12487 4515)
4(1653 7991 12487 8007)
4(1087 4512 12487 7991)
4(1157 8227 12488 4656)
4(1653 8007 12488 8227)
4(1092 4655 12488 8007)
4(1089 7998 12489 4651)
4(1653 8227 12489 7998)
4(1157 4653 12489 8227)
4(460 5818 12490 3248)
4(1654 5804 12490 5818)
4(12490 5804 5805 12925)
4(514 6016 12491 3341)
4(1654 5818 12491 6016)
4(460 3340 12491 5818)
4(458 5811 12492 3335)
4(1654 6016 12492 5811)
4(514 3337 12492 6016)
4(519 6033 12493 3344)
4(1655 6017 12493 6033)
4(514 3341 12493 6017)
4(586 6264 12494 3488)
4(1655 6033 12494 6264)
4(519 3487 12494 6033)
4(516 6024 12495 3482)
4(1655 6264 12495 6024)
4(586 3484 12495 6264)
4(591 6281 12496 3491)
4(1656 6265 12496 6281)
4(586 3488 12496 6265)
4(658 6512 12497 3635)
4(1656 6281 12497 6512)
4(591 3634 12497 6281)
4(588 6272 12498 3629)
4(1656 6512 12498 6272)
4(658 3631 12498 6512)
4(663 6529 12499 3638)
4(1657 6513 12499 6529)
4(658 3635 12499 6513)
4(730 6760 12500 3782)
4(1657 6529 12500 6760)
4(663 3781 12500 6529)
4(660 6520 12501 3776)
4(1657 6760 12501 6520)
4(730 3778 12501 6760)
4(735 6777 12502 3785)
4(1658 6761 12502 6777)
4(730 3782 12502 6761)
4(802 7008 12503 3929)
4(1658 6777 12503 7008)
4(735 3928 12503 6777)
4(732 6768 12504 3923)
4(1658 7008 12504 6768)
4(802 3925 12504 7008)
4(807 7025 12505 3932)
4(1659 7009 12505 7025)
4(802 3929 12505 7009)
4(874 7256 12506 4076)
4(1659 7025 12506 7256)
4(807 4075 12506 7025)
4(804 7016 12507 4070)
4(1659 7256 12507 7016)
4(874 4072 12507 7256)
4(879 7273 12508 4079)
4(1660 7257 12508 7273)
4(874 4076 12508 7257)
4(946 7504 12509 4223)
4(1660 7273 12509 7504)
4(879 4222 12509 7273)
4(876 7264 12510 4217)
4(1660 7504 12510 7264)
4(946 4219 12510 7504)
4(951 7521 12511 4226)
4(1661 7505 12511 7521)
4(946 4223 12511 7505)
4(1018 7752 12512 4370)
4(1661 7521 12512 7752)
4(951 4369 12512 7521)
4(948 7512 12513 4364)
4(1661 7752 12513 7512)
4(1018 4366 12513 7752)
4(1023 7769 12514 4373)
4(1662 7753 12514 7769)
4(1018 4370 12514 7753)
4(1090 8000 12515 4517)
4(1662 7769 12515 8000)
4(1023 4516 12515 7769)
4(1020 7760 12516 4511)
4(1662 8000 12516 7760)
4(1090 4513 12516 8000)
4(1095 8017 12517 4520)
4(1663 8001 12517 8017)
4(1090 4517 12517 8001)
4(1159 8232 12518 4660)
4(1663 8017 12518 8232)
4(1095 4659 12518 8017)
4(1092 8008 12519 4655)
4(1663 8232 12519 8008)
4(1159 4657 12519 8232)
4(462 5826 12520 3250)
4(1664 5812 12520 5826)
4(517 6026 12521 3346)
4(1664 5826 12521 6026)
4(462 3345 12521 5826)
4(460 5819 12522 3340)
4(1664 6026 12522 5819)
4(517 3342 12522 6026)
4(522 6043 12523 3349)
4(1665 6027 12523 6043)
4(517 3346 12523 6027)
4(589 6274 12524 3493)
4(1665 6043 12524 6274)
4(522 3492 12524 6043)
4(519 6034 12525 3487)
4(1665 6274 12525 6034)
4(589 3489 12525 6274)
4(594 6291 12526 3496)
4(1666 6275 12526 6291)
4(589 3493 12526 6275)
4(661 6522 12527 3640)
4(1666 6291 12527 6522)
4(594 3639 12527 6291)
4(591 6282 12528 3634)
4(1666 6522 12528 6282)
4(661 3636 12528 6522)
4(666 6539 12529 3643)
4(1667 6523 12529 6539)
4(661 3640 12529 6523)
4(733 6770 12530 3787)
4(1667 6539 12530 6770)
4(666 3786 12530 6539)
4(663 6530 12531 3781)
4(1667 6770 12531 6530)
4(733 3783 12531 6770)
4(738 6787 12532 3790)
4(1668 6771 12532 6787)
4(733 3787 12532 6771)
4(805 7018 12533 3934)
4(1668 6787 12533 7018)
4(738 3933 12533 6787)
4(735 6778 12534 3928)
4(1668 7018 12534 6778)
4(805 3930 12534 7018)
4(810 7035 12535 3937)
4(1669 7019 12535 7035)
4(805 3934 12535 7019)
4(877 7266 12536 4081)
4(1669 7035 12536 7266)
4(810 4080 12536 7035)
4(807 7026 12537 4075)
4(1669 7266 12537 7026)
4(877 4077 12537 7266)
4(882 7283 12538 4084)
4(1670 7267 12538 7283)
4(877 4081 12538 7267)
4(949 7514 12539 4228)
4(1670 7283 12539 7514)
4(882 4227 12539 7283)
4(879 7274 12540 4222)
4(1670 7514 12540 7274)
4(949 4224 12540 7514)
4(954 7531 12541 4231)
4(1671 7515 12541 7531)
4(949 4228 12541 7515)
4(1021 7762 12542 4375)
4(1671 7531 12542 7762)
4(954 4374 12542 7531)
4(951 7522 12543 4369)
4(1671 7762 12543 7522)
4(1021 4371 12543 7762)
4(1026 7779 12544 4378)
4(1672 7763 12544 7779)
4(1021 4375 12544 7763)
4(1093 8010 12545 4522)
4(1672 7779 12545 8010)
4(1026 4521 12545 7779)
4(1023 7770 12546 4516)
4(1672 8010 12546 7770)
4(1093 4518 12546 8010)
4(1098 8027 12547 4525)
4(1673 8011 12547 8027)
4(1093 4522 12547 8011)
4(1161 8237 12548 4664)
4(1673 8027 12548 8237)
4(1098 4663 12548 8027)
4(1095 8018 12549 4659)
4(1673 8237 12549 8018)
4(1161 4661 12549 8237)
4(464 5834 12550 3252)
4(1674 5820 12550 5834)
4(520 6036 12551 3351)
4(1674 5834 12551 6036)
4(464 3350 12551 5834)
4(462 5827 12552 3345)
4(1674 6036 12552 5827)
4(520 3347 12552 6036)
4(525 6053 12553 3354)
4(1675 6037 12553 6053)
4(520 3351 12553 6037)
4(592 6284 12554 3498)
4(1675 6053 12554 6284)
4(525 3497 12554 6053)
4(522 6044 12555 3492)
4(1675 6284 12555 6044)
4(592 3494 12555 6284)
4(597 6301 12556 3501)
4(1676 6285 12556 6301)
4(592 3498 12556 6285)
4(664 6532 12557 3645)
4(1676 6301 12557 6532)
4(597 3644 12557 6301)
4(594 6292 12558 3639)
4(1676 6532 12558 6292)
4(664 3641 12558 6532)
4(669 6549 12559 3648)
4(1677 6533 12559 6549)
4(664 3645 12559 6533)
4(736 6780 12560 3792)
4(1677 6549 12560 6780)
4(669 3791 12560 6549)
4(666 6540 12561 3786)
4(1677 6780 12561 6540)
4(736 3788 12561 6780)
4(741 6797 12562 3795)
4(1678 6781 12562 6797)
4(736 3792 12562 6781)
4(808 7028 12563 3939)
4(1678 6797 12563 7028)
4(741 3938 12563 6797)
4(738 6788 12564 3933)
4(1678 7028 12564 6788)
4(808 3935 12564 7028)
4(813 7045 12565 3942)
4(1679 7029 12565 7045)
4(808 3939 12565 7029)
4(880 7276 12566 4086)
4(1679 7045 12566 7276)
4(813 4085 12566 7045)
4(810 7036 12567 4080)
4(1679 7276 12567 7036)
4(880 4082 12567 7276)
4(885 7293 12568 4089)
4(1680 7277 12568 7293)
4(880 4086 12568 7277)
4(952 7524 12569 4233)
4(1680 7293 12569 7524)
4(885 4232 12569 7293)
4(882 7284 12570 4227)
4(1680 7524 12570 7284)
4(952 4229 12570 7524)
4(957 7541 12571 4236)
4(1681 7525 12571 7541)
4(952 4233 12571 7525)
4(1024 7772 12572 4380)
4(1681 7541 12572 7772)
4(957 4379 12572 7541)
4(954 7532 12573 4374)
4(1681 7772 12573 7532)
4(1024 4376 12573 7772)
4(1029 7789 12574 4383)
4(1682 7773 12574 7789)
4(1024 4380 12574 7773)
4(1096 8020 12575 4527)
4(1682 7789 12575 8020)
4(1029 4526 12575 7789)
4(1026 7780 12576 4521)
4(1682 8020 12576 7780)
4(1096 4523 12576 8020)
4(1101 8037 12577 4530)
4(1683 8021 12577 8037)
4(1096 4527 12577 8021)
4(1163 8242 12578 4668)
4(1683 8037 12578 8242)
4(1101 4667 12578 8037)
4(1098 8028 12579 4663)
4(1683 8242 12579 8028)
4(1163 4665 12579 8242)
4(466 5842 12580 3254)
4(1684 5828 12580 5842)
4(12580 5828 5829 12937)
4(523 6046 12581 3356)
4(1684 5842 12581 6046)
4(466 3355 12581 5842)
4(464 5835 12582 3350)
4(1684 6046 12582 5835)
4(523 3352 12582 6046)
4(528 6063 12583 3359)
4(1685 6047 12583 6063)
4(523 3356 12583 6047)
4(595 6294 12584 3503)
4(1685 6063 12584 6294)
4(528 3502 12584 6063)
4(525 6054 12585 3497)
4(1685 6294 12585 6054)
4(595 3499 12585 6294)
4(600 6311 12586 3506)
4(1686 6295 12586 6311)
4(595 3503 12586 6295)
4(667 6542 12587 3650)
4(1686 6311 12587 6542)
4(600 3649 12587 6311)
4(597 6302 12588 3644)
4(1686 6542 12588 6302)
4(667 3646 12588 6542)
4(672 6559 12589 3653)
4(1687 6543 12589 6559)
4(667 3650 12589 6543)
4(739 6790 12590 3797)
4(1687 6559 12590 6790)
4(672 3796 12590 6559)
4(669 6550 12591 3791)
4(1687 6790 12591 6550)
4(739 3793 12591 6790)
4(744 6807 12592 3800)
4(1688 6791 12592 6807)
4(739 3797 12592 6791)
4(811 7038 12593 3944)
4(1688 6807 12593 7038)
4(744 3943 12593 6807)
4(741 6798 12594 3938)
4(1688 7038 12594 6798)
4(811 3940 12594 7038)
4(816 7055 12595 3947)
4(1689 7039 12595 7055)
4(811 3944 12595 7039)
4(883 7286 12596 4091)
4(1689 7055 12596 7286)
4(816 4090 12596 7055)
4(813 7046 12597 4085)
4(1689 7286 12597 7046)
4(883 4087 12597 7286)
4(888 7303 12598 4094)
4(1690 7287 12598 7303)
4(883 4091 12598 7287)
4(955 7534 12599 4238)
4(1690 7303 12599 7534)
4(888 4237 12599 7303)
4(885 7294 12600 4232)
4(1690 7534 12600 7294)
4(955 4234 12600 7534)
4(960 7551 12601 4241)
4(1691 7535 12601 7551)
4(955 4238 12601 7535)
4(1027 7782 12602 4385)
4(1691 7551 12602 7782)
4(960 4384 12602 7551)
4(957 7542 12603 4379)
4(1691 7782 12603 7542)
4(1027 4381 12603 7782)
4(1032 7799 12604 4388)
4(1692 7783 12604 7799)
4(1027 4385 12604 7783)
4(1099 8030 12605 4532)
4(1692 7799 12605 8030)
4(1032 4531 12605 7799)
4(1029 7790 12606 4526)
4(1692 8030 12606 7790)
4(1099 4528 12606 8030)
4(1104 8047 12607 4535)
4(1693 8031 12607 8047)
4(1099 4532 12607 8031)
4(1165 8247 12608 4672)
4(1693 8047 12608 8247)
4(1104 4671 12608 8047)
4(1101 8038 12609 4667)
4(1693 8247 12609 8038)
4(1165 4669 12609 8247)
4(468 5850 12610 3256)
4(1694 5836 12610 5850)
4(12610 5836 5837 12941)
4(526 6056 12611 3361)
4(1694 5850 12611 6056)
4(468 3360 12611 5850)
4(466 5843 12612 3355)
4(1694 6056 12612 5843)
4(526 3357 12612 6056)
4(531 6073 12613 3364)
4(1695 6057 12613 6073)
4(526 3361 12613 6057)
4(598 6304 12614 3508)
4(1695 6073 12614 6304)
4(531 3507 12614 6073)
4(528 6064 12615 3502)
4(1695 6304 12615 6064)
4(598 3504 12615 6304)
4(603 6321 12616 3511)
4(1696 6305 12616 6321)
4(598 3508 12616 6305)
4(670 6552 12617 3655)
4(1696 6321 12617 6552)
4(603 3654 12617 6321)
4(600 6312 12618 3649)
4(1696 6552 12618 6312)
4(670 3651 12618 6552)
4(675 6569 12619 3658)
4(1697 6553 12619 6569)
4(670 3655 12619 6553)
4(742 6800 12620 3802)
4(1697 6569 12620 6800)
4(675 3801 12620 6569)
4(672 6560 12621 3796)
4(1697 6800 12621 6560)
4(742 3798 12621 6800)
4(747 6817 12622 3805)
4(1698 6801 12622 6817)
4(742 3802 12622 6801)
4(814 7048 12623 3949)
4(1698 6817 12623 7048)
4(747 3948 12623 6817)
4(744 6808 12624 3943)
4(1698 7048 12624 6808)
4(814 3945 12624 7048)
4(819 7065 12625 3952)
4(1699 7049 12625 7065)
4(814 3949 12625 7049)
4(886 7296 12626 4096)
4(1699 7065 12626 7296)
4(819 4095 12626 7065)
4(816 7056 12627 4090)
4(1699 7296 12627 7056)
4(886 4092 12627 7296)
4(891 7313 12628 4099)
4(1700 7297 12628 7313)
4(886 4096 12628 7297)
4(958 7544 12629 4243)
4(1700 7313 12629 7544)
4(891 4242 12629 7313)
4(888 7304 12630 4237)
4(1700 7544 12630 7304)
4(958 4239 12630 7544)
4(963 7561 12631 4246)
4(1701 7545 12631 7561)
4(958 4243 12631 7545)
4(1030 7792 12632 4390)
4(1701 7561 12632 7792)
4(963 4389 12632 7561)
4(960 7552 12633 4384)
4(1701 7792 12633 7552)
4(1030 4386 12633 7792)
4(1035 7809 12634 4393)
4(1702 7793 12634 7809)
4(1030 4390 12634 7793)
4(1102 8040 12635 4537)
4(1702 7809 12635 8040)
4(1035 4536 12635 7809)
4(1032 7800 12636 4531)
4(1702 8040 12636 7800)
4(1102 4533 12636 8040)
4(1107 8057 12637 4540)
4(1703 8041 12637 8057)
4(1102 4537 12637 8041)
4(1167 8252 12638 4676)
4(1703 8057 12638 8252)
4(1107 4675 12638 8057)
4(1104 8048 12639 4671)
4(1703 8252 12639 8048)
4(1167 4673 12639 8252)
4(470 5858 12640 3258)
4(1704 5844 12640 5858)
4(529 6066 12641 3366)
4(1704 5858 12641 6066)
4(470 3365 12641 5858)
4(468 5851 12642 3360)
4(1704 6066 12642 5851)
4(529 3362 12642 6066)
4(534 6083 12643 3369)
4(1705 6067 12643 6083)
4(529 3366 12643 6067)
4(601 6314 12644 3513)
4(1705 6083 12644 6314)
4(534 3512 12644 6083)
4(531 6074 12645 3507)
4(1705 6314 12645 6074)
4(601 3509 12645 6314)
4(606 6331 12646 3516)
4(1706 6315 12646 6331)
4(601 3513 12646 6315)
4(673 6562 12647 3660)
4(1706 6331 12647 6562)
4(606 3659 12647 6331)
4(603 6322 12648 3654)
4(1706 6562 12648 6322)
4(673 3656 12648 6562)
4(678 6579 12649 3663)
4(1707 6563 12649 6579)
4(673 3660 12649 6563)
4(745 6810 12650 3807)
4(1707 6579 12650 6810)
4(678 3806 12650 6579)
4(675 6570 12651 3801)
4(1707 6810 12651 6570)
4(745 3803 12651 6810)
4(750 6827 12652 3810)
4(1708 6811 12652 6827)
4(745 3807 12652 6811)
4(817 7058 12653 3954)
4(1708 6827 12653 7058)
4(750 3953 12653 6827)
4(747 6818 12654 3948)
4(1708 7058 12654 6818)
4(817 3950 12654 7058)
4(822 7075 12655 3957)
4(1709 7059 12655 7075)
4(817 3954 12655 7059)
4(889 7306 12656 4101)
4(1709 7075 12656 7306)
4(822 4100 12656 7075)
4(819 7066 12657 4095)
4(1709 7306 12657 7066)
4(889 4097 12657 7306)
4(894 7323 12658 4104)
4(1710 7307 12658 7323)
4(889 4101 12658 7307)
4(961 7554 12659 4248)
4(1710 7323 12659 7554)
4(894 4247 12659 7323)
4(891 7314 12660 4242)
4(1710 7554 12660 7314)
4(961 4244 12660 7554)
4(966 7571 12661 4251)
4(1711 7555 12661 7571)
4(961 4248 12661 7555)
4(1033 7802 12662 4395)
4(1711 7571 12662 7802)
4(966 4394 12662 7571)
4(963 7562 12663 4389)
4(1711 7802 12663 7562)
4(1033 4391 12663 7802)
4(1038 7819 12664 4398)
4(1712 7803 12664 7819)
4(1033 4395 12664 7803)
4(1105 8050 12665 4542)
4(1712 7819 12665 8050)
4(1038 4541 12665 7819)
4(1035 7810 12666 4536)
4(1712 8050 12666 7810)
4(1105 4538 12666 8050)
4(1110 8067 12667 4545)
4(1713 8051 12667 8067)
4(1105 4542 12667 8051)
4(1169 8257 12668 4680)
4(1713 8067 12668 8257)
4(1110 4679 12668 8067)
4(1107 8058 12669 4675)
4(1713 8257 12669 8058)
4(1169 4677 12669 8257)
4(472 5866 12670 3260)
4(1714 5852 12670 5866)
4(532 6076 12671 3371)
4(1714 5866 12671 6076)
4(472 3370 12671 5866)
4(470 5859 12672 3365)
4(1714 6076 12672 5859)
4(532 3367 12672 6076)
4(537 6093 12673 3374)
4(1715 6077 12673 6093)
4(532 3371 12673 6077)
4(604 6324 12674 3518)
4(1715 6093 12674 6324)
4(537 3517 12674 6093)
4(534 6084 12675 3512)
4(1715 6324 12675 6084)
4(604 3514 12675 6324)
4(609 6341 12676 3521)
4(1716 6325 12676 6341)
4(604 3518 12676 6325)
4(676 6572 12677 3665)
4(1716 6341 12677 6572)
4(609 3664 12677 6341)
4(606 6332 12678 3659)
4(1716 6572 12678 6332)
4(676 3661 12678 6572)
4(681 6589 12679 3668)
4(1717 6573 12679 6589)
4(676 3665 12679 6573)
4(748 6820 12680 3812)
4(1717 6589 12680 6820)
4(681 3811 12680 6589)
4(678 6580 12681 3806)
4(1717 6820 12681 6580)
4(748 3808 12681 6820)
4(753 6837 12682 3815)
4(1718 6821 12682 6837)
4(748 3812 12682 6821)
4(820 7068 12683 3959)
4(1718 6837 12683 7068)
4(753 3958 12683 6837)
4(750 6828 12684 3953)
4(1718 7068 12684 6828)
4(820 3955 12684 7068)
4(825 7085 12685 3962)
4(1719 7069 12685 7085)
4(820 3959 12685 7069)
4(892 7316 12686 4106)
4(1719 7085 12686 7316)
4(825 4105 12686 7085)
4(822 7076 12687 4100)
4(1719 7316 12687 7076)
4(892 4102 12687 7316)
4(897 7333 12688 4109)
4(1720 7317 12688 7333)
4(892 4106 12688 7317)
4(964 7564 12689 4253)
4(1720 7333 12689 7564)
4(897 4252 12689 7333)
4(894 7324 12690 4247)
4(1720 7564 12690 7324)
4(964 4249 12690 7564)
4(969 7581 12691 4256)
4(1721 7565 12691 7581)
4(964 4253 12691 7565)
4(1036 7812 12692 4400)
4(1721 7581 12692 7812)
4(969 4399 12692 7581)
4(966 7572 12693 4394)
4(1721 7812 12693 7572)
4(1036 4396 12693 7812)
4(1041 7829 12694 4403)
4(1722 7813 12694 7829)
4(1036 4400 12694 7813)
4(1108 8060 12695 4547)
4(1722 7829 12695 8060)
4(1041 4546 12695 7829)
4(1038 7820 12696 4541)
4(1722 8060 12696 7820)
4(1108 4543 12696 8060)
4(1113 8077 12697 4550)
4(1723 8061 12697 8077)
4(1108 4547 12697 8061)
4(1171 8262 12698 4684)
4(1723 8077 12698 8262)
4(1113 4683 12698 8077)
4(1110 8068 12699 4679)
4(1723 8262 12699 8068)
4(1171 4681 12699 8262)
4(474 5874 12700 3262)
4(1724 5860 12700 5874)
4(12700 5860 5861 12951)
4(535 6086 12701 3376)
4(1724 5874 12701 6086)
4(474 3375 12701 5874)
4(472 5867 12702 3370)
4(1724 6086 12702 5867)
4(535 3372 12702 6086)
4(540 6103 12703 3379)
4(1725 6087 12703 6103)
4(535 3376 12703 6087)
4(607 6334 12704 3523)
4(1725 6103 12704 6334)
4(540 3522 12704 6103)
4(537 6094 12705 3517)
4(1725 6334 12705 6094)
4(607 3519 12705 6334)
4(612 6351 12706 3526)
4(1726 6335 12706 6351)
4(607 3523 12706 6335)
4(679 6582 12707 3670)
4(1726 6351 12707 6582)
4(612 3669 12707 6351)
4(609 6342 12708 3664)
4(1726 6582 12708 6342)
4(679 3666 12708 6582)
4(684 6599 12709 3673)
4(1727 6583 12709 6599)
4(679 3670 12709 6583)
4(751 6830 12710 3817)
4(1727 6599 12710 6830)
4(684 3816 12710 6599)
4(681 6590 12711 3811)
4(1727 6830 12711 6590)
4(751 3813 12711 6830)
4(756 6847 12712 3820)
4(1728 6831 12712 6847)
4(751 3817 12712 6831)
4(823 7078 12713 3964)
4(1728 6847 12713 7078)
4(756 3963 12713 6847)
4(753 6838 12714 3958)
4(1728 7078 12714 6838)
4(823 3960 12714 7078)
4(828 7095 12715 3967)
4(1729 7079 12715 7095)
4(823 3964 12715 7079)
4(895 7326 12716 4111)
4(1729 7095 12716 7326)
4(828 4110 12716 7095)
4(825 7086 12717 4105)
4(1729 7326 12717 7086)
4(895 4107 12717 7326)
4(900 7343 12718 4114)
4(1730 7327 12718 7343)
4(895 4111 12718 7327)
4(967 7574 12719 4258)
4(1730 7343 12719 7574)
4(900 4257 12719 7343)
4(897 7334 12720 4252)
4(1730 7574 12720 7334)
4(967 4254 12720 7574)
4(972 7591 12721 4261)
4(1731 7575 12721 7591)
4(967 4258 12721 7575)
4(1039 7822 12722 4405)
4(1731 7591 12722 7822)
4(972 4404 12722 7591)
4(969 7582 12723 4399)
4(1731 7822 12723 7582)
4(1039 4401 12723 7822)
4(1044 7839 12724 4408)
4(1732 7823 12724 7839)
4(1039 4405 12724 7823)
4(1111 8070 12725 4552)
4(1732 7839 12725 8070)
4(1044 4551 12725 7839)
4(1041 7830 12726 4546)
4(1732 8070 12726 7830)
4(1111 4548 12726 8070)
4(1116 8087 12727 4555)
4(1733 8071 12727 8087)
4(1111 4552 12727 8071)
4(1173 8267 12728 4688)
4(1733 8087 12728 8267)
4(1116 4687 12728 8087)
4(1113 8078 12729 4683)
4(1733 8267 12729 8078)
4(1173 4685 12729 8267)
4(476 5882 12730 3264)
4(1734 5868 12730 5882)
4(12730 5868 5869 12953)
4(538 6096 12731 3381)
4(1734 5882 12731 6096)
4(476 3380 12731 5882)
4(474 5875 12732 3375)
4(1734 6096 12732 5875)
4(538 3377 12732 6096)
4(543 6113 12733 3384)
4(1735 6097 12733 6113)
4(538 3381 12733 6097)
4(610 6344 12734 3528)
4(1735 6113 12734 6344)
4(543 3527 12734 6113)
4(540 6104 12735 3522)
4(1735 6344 12735 6104)
4(610 3524 12735 6344)
4(615 6361 12736 3531)
4(1736 6345 12736 6361)
4(610 3528 12736 6345)
4(682 6592 12737 3675)
4(1736 6361 12737 6592)
4(615 3674 12737 6361)
4(612 6352 12738 3669)
4(1736 6592 12738 6352)
4(682 3671 12738 6592)
4(687 6609 12739 3678)
4(1737 6593 12739 6609)
4(682 3675 12739 6593)
4(754 6840 12740 3822)
4(1737 6609 12740 6840)
4(687 3821 12740 6609)
4(684 6600 12741 3816)
4(1737 6840 12741 6600)
4(754 3818 12741 6840)
4(759 6857 12742 3825)
4(1738 6841 12742 6857)
4(754 3822 12742 6841)
4(826 7088 12743 3969)
4(1738 6857 12743 7088)
4(759 3968 12743 6857)
4(756 6848 12744 3963)
4(1738 7088 12744 6848)
4(826 3965 12744 7088)
4(831 7105 12745 3972)
4(1739 7089 12745 7105)
4(826 3969 12745 7089)
4(898 7336 12746 4116)
4(1739 7105 12746 7336)
4(831 4115 12746 7105)
4(828 7096 12747 4110)
4(1739 7336 12747 7096)
4(898 4112 12747 7336)
4(903 7353 12748 4119)
4(1740 7337 12748 7353)
4(898 4116 12748 7337)
4(970 7584 12749 4263)
4(1740 7353 12749 7584)
4(903 4262 12749 7353)
4(900 7344 12750 4257)
4(1740 7584 12750 7344)
4(970 4259 12750 7584)
4(975 7601 12751 4266)
4(1741 7585 12751 7601)
4(970 4263 12751 7585)
4(1042 7832 12752 4410)
4(1741 7601 12752 7832)
4(975 4409 12752 7601)
4(972 7592 12753 4404)
4(1741 7832 12753 7592)
4(1042 4406 12753 7832)
4(1047 7849 12754 4413)
4(1742 7833 12754 7849)
4(1042 4410 12754 7833)
4(1114 8080 12755 4557)
4(1742 7849 12755 8080)
4(1047 4556 12755 7849)
4(1044 7840 12756 4551)
4(1742 8080 12756 7840)
4(1114 4553 12756 8080)
4(1119 8097 12757 4560)
4(1743 8081 12757 8097)
4(1114 4557 12757 8081)
4(1175 8272 12758 4692)
4(1743 8097 12758 8272)
4(1119 4691 12758 8097)
4(1116 8088 12759 4687)
4(1743 8272 12759 8088)
4(1175 4689 12759 8272)
4(478 5890 12760 3266)
4(1744 5876 12760 5890)
4(541 6106 12761 3386)
4(1744 5890 12761 6106)
4(478 3385 12761 5890)
4(476 5883 12762 3380)
4(1744 6106 12762 5883)
4(541 3382 12762 6106)
4(546 6123 12763 3389)
4(1745 6107 12763 6123)
4(541 3386 12763 6107)
4(613 6354 12764 3533)
4(1745 6123 12764 6354)
4(546 3532 12764 6123)
4(543 6114 12765 3527)
4(1745 6354 12765 6114)
4(613 3529 12765 6354)
4(618 6371 12766 3536)
4(1746 6355 12766 6371)
4(613 3533 12766 6355)
4(685 6602 12767 3680)
4(1746 6371 12767 6602)
4(618 3679 12767 6371)
4(615 6362 12768 3674)
4(1746 6602 12768 6362)
4(685 3676 12768 6602)
4(690 6619 12769 3683)
4(1747 6603 12769 6619)
4(685 3680 12769 6603)
4(757 6850 12770 3827)
4(1747 6619 12770 6850)
4(690 3826 12770 6619)
4(687 6610 12771 3821)
4(1747 6850 12771 6610)
4(757 3823 12771 6850)
4(762 6867 12772 3830)
4(1748 6851 12772 6867)
4(757 3827 12772 6851)
4(829 7098 12773 3974)
4(1748 6867 12773 7098)
4(762 3973 12773 6867)
4(759 6858 12774 3968)
4(1748 7098 12774 6858)
4(829 3970 12774 7098)
4(834 7115 12775 3977)
4(1749 7099 12775 7115)
4(829 3974 12775 7099)
4(901 7346 12776 4121)
4(1749 7115 12776 7346)
4(834 4120 12776 7115)
4(831 7106 12777 4115)
4(1749 7346 12777 7106)
4(901 4117 12777 7346)
4(906 7363 12778 4124)
4(1750 7347 12778 7363)
4(901 4121 12778 7347)
4(973 7594 12779 4268)
4(1750 7363 12779 7594)
4(906 4267 12779 7363)
4(903 7354 12780 4262)
4(1750 7594 12780 7354)
4(973 4264 12780 7594)
4(978 7611 12781 4271)
4(1751 7595 12781 7611)
4(973 4268 12781 7595)
4(1045 7842 12782 4415)
4(1751 7611 12782 7842)
4(978 4414 12782 7611)
4(975 7602 12783 4409)
4(1751 7842 12783 7602)
4(1045 4411 12783 7842)
4(1050 7859 12784 4418)
4(1752 7843 12784 7859)
4(1045 4415 12784 7843)
4(1117 8090 12785 4562)
4(1752 7859 12785 8090)
4(1050 4561 12785 7859)
4(1047 7850 12786 4556)
4(1752 8090 12786 7850)
4(1117 4558 12786 8090)
4(1122 8107 12787 4565)
4(1753 8091 12787 8107)
4(1117 4562 12787 8091)
4(1177 8277 12788 4696)
4(1753 8107 12788 8277)
4(1122 4695 12788 8107)
4(1119 8098 12789 4691)
4(1753 8277 12789 8098)
4(1177 4693 12789 8277)
4(481 5897 12790 3268)
4(1754 5884 12790 5897)
4(544 6116 12791 3391)
4(1754 5897 12791 6116)
4(481 3390 12791 5897)
4(478 5891 12792 3385)
4(1754 6116 12792 5891)
4(544 3387 12792 6116)
4(549 6133 12793 3394)
4(1755 6117 12793 6133)
4(544 3391 12793 6117)
4(616 6364 12794 3538)
4(1755 6133 12794 6364)
4(549 3537 12794 6133)
4(546 6124 12795 3532)
4(1755 6364 12795 6124)
4(616 3534 12795 6364)
4(621 6381 12796 3541)
4(1756 6365 12796 6381)
4(616 3538 12796 6365)
4(688 6612 12797 3685)
4(1756 6381 12797 6612)
4(621 3684 12797 6381)
4(618 6372 12798 3679)
4(1756 6612 12798 6372)
4(688 3681 12798 6612)
4(693 6629 12799 3688)
4(1757 6613 12799 6629)
4(688 3685 12799 6613)
4(760 6860 12800 3832)
4(1757 6629 12800 6860)
4(693 3831 12800 6629)
4(690 6620 12801 3826)
4(1757 6860 12801 6620)
4(760 3828 12801 6860)
4(765 6877 12802 3835)
4(1758 6861 12802 6877)
4(760 3832 12802 6861)
4(832 7108 12803 3979)
4(1758 6877 12803 7108)
4(765 3978 12803 6877)
4(762 6868 12804 3973)
4(1758 7108 12804 6868)
4(832 3975 12804 7108)
4(837 7125 12805 3982)
4(1759 7109 12805 7125)
4(832 3979 12805 7109)
4(904 7356 12806 4126)
4(1759 7125 12806 7356)
4(837 4125 12806 7125)
4(834 7116 12807 4120)
4(1759 7356 12807 7116)
4(904 4122 12807 7356)
4(909 7373 12808 4129)
4(1760 7357 12808 7373)
4(904 4126 12808 7357)
4(976 7604 12809 4273)
4(1760 7373 12809 7604)
4(909 4272 12809 7373)
4(906 7364 12810 4267)
4(1760 7604 12810 7364)
4(976 4269 12810 7604)
4(981 7621 12811 4276)
4(1761 7605 12811 7621)
4(976 4273 12811 7605)
4(1048 7852 12812 4420)
4(1761 7621 12812 7852)
4(981 4419 12812 7621)
4(978 7612 12813 4414)
4(1761 7852 12813 7612)
4(1048 4416 12813 7852)
4(1053 7869 12814 4423)
4(1762 7853 12814 7869)
4(1048 4420 12814 7853)
4(1120 8100 12815 4567)
4(1762 7869 12815 8100)
4(1053 4566 12815 7869)
4(1050 7860 12816 4561)
4(1762 8100 12816 7860)
4(1120 4563 12816 8100)
4(1125 8117 12817 4570)
4(1763 8101 12817 8117)
4(1120 4567 12817 8101)
4(1179 8282 12818 4700)
4(1763 8117 12818 8282)
4(1125 4699 12818 8117)
4(1122 8108 12819 4695)
4(1763 8282 12819 8108)
4(1179 4697 12819 8282)
4(483 5904 12820 3272)
4(1764 5892 12820 5904)
4(479 3269 12820 5892)
4(547 6126 12821 3396)
4(1764 5904 12821 6126)
4(483 3395 12821 5904)
4(481 5898 12822 3390)
4(1764 6126 12822 5898)
4(547 3392 12822 6126)
4(552 6143 12823 3399)
4(1765 6127 12823 6143)
4(547 3396 12823 6127)
4(619 6374 12824 3543)
4(1765 6143 12824 6374)
4(552 3542 12824 6143)
4(549 6134 12825 3537)
4(1765 6374 12825 6134)
4(619 3539 12825 6374)
4(624 6391 12826 3546)
4(1766 6375 12826 6391)
4(619 3543 12826 6375)
4(691 6622 12827 3690)
4(1766 6391 12827 6622)
4(624 3689 12827 6391)
4(621 6382 12828 3684)
4(1766 6622 12828 6382)
4(691 3686 12828 6622)
4(696 6639 12829 3693)
4(1767 6623 12829 6639)
4(691 3690 12829 6623)
4(763 6870 12830 3837)
4(1767 6639 12830 6870)
4(696 3836 12830 6639)
4(693 6630 12831 3831)
4(1767 6870 12831 6630)
4(763 3833 12831 6870)
4(768 6887 12832 3840)
4(1768 6871 12832 6887)
4(763 3837 12832 6871)
4(835 7118 12833 3984)
4(1768 6887 12833 7118)
4(768 3983 12833 6887)
4(765 6878 12834 3978)
4(1768 7118 12834 6878)
4(835 3980 12834 7118)
4(840 7135 12835 3987)
4(1769 7119 12835 7135)
4(835 3984 12835 7119)
4(907 7366 12836 4131)
4(1769 7135 12836 7366)
4(840 4130 12836 7135)
4(837 7126 12837 4125)
4(1769 7366 12837 7126)
4(907 4127 12837 7366)
4(912 7383 12838 4134)
4(1770 7367 12838 7383)
4(907 4131 12838 7367)
4(979 7614 12839 4278)
4(1770 7383 12839 7614)
4(912 4277 12839 7383)
4(909 7374 12840 4272)
4(1770 7614 12840 7374)
4(979 4274 12840 7614)
4(984 7631 12841 4281)
4(1771 7615 12841 7631)
4(979 4278 12841 7615)
4(1051 7862 12842 4425)
4(1771 7631 12842 7862)
4(984 4424 12842 7631)
4(981 7622 12843 4419)
4(1771 7862 12843 7622)
4(1051 4421 12843 7862)
4(1056 7879 12844 4428)
4(1772 7863 12844 7879)
4(1051 4425 12844 7863)
4(1123 8110 12845 4572)
4(1772 7879 12845 8110)
4(1056 4571 12845 7879)
4(1053 7870 12846 4566)
4(1772 8110 12846 7870)
4(1123 4568 12846 8110)
4(1128 8127 12847 4575)
4(1773 8111 12847 8127)
4(1123 4572 12847 8111)
4(1181 8287 12848 4704)
4(1773 8127 12848 8287)
4(1128 4703 12848 8127)
4(1125 8118 12849 4699)
4(1773 8287 12849 8118)
4(1181 4701 12849 8287)
4(485 5910 12850 3275)
4(1774 5899 12850 5910)
4(482 3273 12850 5899)
4(550 6136 12851 3401)
4(1774 5910 12851 6136)
4(485 3400 12851 5910)
4(483 5905 12852 3395)
4(1774 6136 12852 5905)
4(550 3397 12852 6136)
4(554 6149 12853 3404)
4(1775 6137 12853 6149)
4(550 3401 12853 6137)
4(622 6384 12854 3548)
4(1775 6149 12854 6384)
4(554 3547 12854 6149)
4(552 6144 12855 3542)
4(1775 6384 12855 6144)
4(622 3544 12855 6384)
4(626 6397 12856 3551)
4(1776 6385 12856 6397)
4(622 3548 12856 6385)
4(694 6632 12857 3695)
4(1776 6397 12857 6632)
4(626 3694 12857 6397)
4(624 6392 12858 3689)
4(1776 6632 12858 6392)
4(694 3691 12858 6632)
4(698 6645 12859 3698)
4(1777 6633 12859 6645)
4(694 3695 12859 6633)
4(766 6880 12860 3842)
4(1777 6645 12860 6880)
4(698 3841 12860 6645)
4(696 6640 12861 3836)
4(1777 6880 12861 6640)
4(766 3838 12861 6880)
4(770 6893 12862 3845)
4(1778 6881 12862 6893)
4(766 3842 12862 6881)
4(838 7128 12863 3989)
4(1778 6893 12863 7128)
4(770 3988 12863 6893)
4(768 6888 12864 3983)
4(1778 7128 12864 6888)
4(838 3985 12864 7128)
4(842 7141 12865 3992)
4(1779 7129 12865 7141)
4(838 3989 12865 7129)
4(910 7376 12866 4136)
4(1779 7141 12866 7376)
4(842 4135 12866 7141)
4(840 7136 12867 4130)
4(1779 7376 12867 7136)
4(910 4132 12867 7376)
4(914 7389 12868 4139)
4(1780 7377 12868 7389)
4(910 4136 12868 7377)
4(982 7624 12869 4283)
4(1780 7389 12869 7624)
4(914 4282 12869 7389)
4(912 7384 12870 4277)
4(1780 7624 12870 7384)
4(982 4279 12870 7624)
4(986 7637 12871 4286)
4(1781 7625 12871 7637)
4(982 4283 12871 7625)
4(1054 7872 12872 4430)
4(1781 7637 12872 7872)
4(986 4429 12872 7637)
4(984 7632 12873 4424)
4(1781 7872 12873 7632)
4(1054 4426 12873 7872)
4(1058 7885 12874 4433)
4(1782 7873 12874 7885)
4(1054 4430 12874 7873)
4(1126 8120 12875 4577)
4(1782 7885 12875 8120)
4(1058 4576 12875 7885)
4(1056 7880 12876 4571)
4(1782 8120 12876 7880)
4(1126 4573 12876 8120)
4(1130 8133 12877 4580)
4(1783 8121 12877 8133)
4(1126 4577 12877 8121)
4(1183 8292 12878 4708)
4(1783 8133 12878 8292)
4(1130 4707 12878 8133)
4(1128 8128 12879 4703)
4(1783 8292 12879 8128)
4(1183 4705 12879 8292)
4(485 5911 12880 3400)
4(554 6150 12881 3547)
4(626 6398 12882 3694)
4(698 6646 12883 3841)
4(770 6894 12884 3988)
4(842 7142 12885 4135)
4(914 7390 12886 4282)
4(986 7638 12887 4429)
4(1058 7886 12888 4576)
4(1130 8134 12889 4707)
4(3239 12890 12210 3240)
4(3241 12891 12220 3242)
4(2 3285 12894 3284)
4(3247 12895 12250 3248)
4(3 3290 12896 3289)
4(3249 12897 12260 3250)
4(4 3295 12898 3294)
4(5 3300 12900 3299)
4(6 3305 12902 3304)
4(3255 12903 12290 3256)
4(3257 12904 12300 3258)
4(3265 12908 12340 3266)
4(0 3271 12910 3270)
4(12912 3239 3240 12380)
4(1 3278 12916 3277)
4(3280 12917 9490 3281)
4(12919 3280 3281 8399)
4(2 3282 12920 3283)
4(12921 3245 3246 12460)
4(2 3283 12922 3285)
4(2 3284 12923 3282)
4(3 3287 12924 3288)
4(3 3288 12926 3290)
4(3 3289 12927 3287)
4(4 3292 12928 3293)
4(12929 3249 3250 12520)
4(4 3293 12930 3295)
4(4 3294 12931 3292)
4(5 3297 12932 3298)
4(5 3298 12934 3300)
4(5 3299 12935 3297)
4(6 3302 12936 3303)
4(12937 3253 3254 12580)
4(6 3303 12938 3305)
4(6 3304 12939 3302)
4(3310 12944 9616 3311)
4(12945 3257 3258 12640)
4(12946 3310 3311 8421)
5(7 3312 12947 9634 3314)
4(7 3313 12949 3312)
4(8 3315 12950 3316)
4(8 3317 12952 3315)
4(12953 3263 3264 12730)
4(12954 3265 3266 12760)
4(0 3269 12958 3271)
4(451 5784 12890 3239)
4(1784 5781 12890 5784)
4(12890 5781 5780 12210)
4(453 5792 12891 3241)
4(1785 5789 12891 5792)
4(455 5800 12892 3243)
4(1786 5797 12892 5800)
4(457 5808 12893 3245)
4(1787 5805 12893 5808)
4(12893 5805 5804 12240)
4(488 3284 12894 5925)
4(459 5816 12895 3247)
4(1788 5813 12895 5816)
4(490 3289 12896 5932)
4(461 5824 12897 3249)
4(1789 5821 12897 5824)
4(12897 5821 5820 12260)
4(492 3294 12898 5939)
4(463 5832 12899 3251)
4(1790 5829 12899 5832)
4(494 3299 12900 5946)
4(465 5840 12901 3253)
4(1791 5837 12901 5840)
4(12901 5837 5836 12280)
4(496 3304 12902 5953)
4(467 5848 12903 3255)
4(1792 5845 12903 5848)
4(469 5856 12904 3257)
4(1793 5853 12904 5856)
4(12904 5853 5852 12300)
4(471 5864 12905 3259)
4(1794 5861 12905 5864)
4(473 5872 12906 3261)
4(1795 5869 12906 5872)
4(12906 5869 5868 12320)
4(475 5880 12907 3263)
4(1796 5877 12907 5880)
4(12907 5877 5876 12330)
4(477 5888 12908 3265)
4(1797 5885 12908 5888)
5(12909 3267 480 5894 8389)
4(5893 12909 8389 4853)
5(5902 12910 3271 5901 8393)
4(1798 5900 12910 5902)
4(482 3270 12910 5900)
4(484 5908 12911 3274)
4(5783 12912 8330 9460)
4(451 3239 12912 5783)
4(451 3276 12913 5784)
4(453 5791 12914 3277)
4(5781 12915 12400 5780)
4(1784 5791 12915 5781)
4(453 3241 12915 5791)
4(1785 5792 12916 5914)
4(453 3277 12916 5792)
4(455 5799 12917 3280)
4(1785 5914 12917 5799)
4(12917 5914 5913 9490)
4(5789 12918 12430 5788)
4(1785 5799 12918 5789)
4(455 3243 12918 5799)
4(5919 12919 8399 5918)
4(1786 5800 12919 5919)
4(455 3280 12919 5800)
4(457 5807 12920 3282)
4(1786 5919 12920 5807)
5(3283 12920 5919 5918 9508)
4(1786 5807 12921 5797)
4(457 3245 12921 5807)
4(488 5924 12923 3284)
4(1787 5808 12923 5924)
4(457 3282 12923 5808)
4(459 5815 12924 3287)
4(1787 5924 12924 5815)
4(488 3288 12924 5924)
4(1787 5815 12925 5805)
4(459 3247 12925 5815)
4(488 5925 12926 3288)
4(490 5931 12927 3289)
4(1788 5816 12927 5931)
4(459 3287 12927 5816)
4(461 5823 12928 3292)
4(1788 5931 12928 5823)
4(490 3293 12928 5931)
4(5813 12929 12520 5812)
4(1788 5823 12929 5813)
4(461 3249 12929 5823)
4(490 5932 12930 3293)
4(492 5938 12931 3294)
4(1789 5824 12931 5938)
4(461 3292 12931 5824)
4(463 5831 12932 3297)
4(1789 5938 12932 5831)
4(492 3298 12932 5938)
4(5821 12933 12550 5820)
4(1789 5831 12933 5821)
4(463 3251 12933 5831)
4(492 5939 12934 3298)
4(494 5945 12935 3299)
4(1790 5832 12935 5945)
4(463 3297 12935 5832)
4(465 5839 12936 3302)
4(1790 5945 12936 5839)
4(494 3303 12936 5945)
4(1790 5839 12937 5829)
4(465 3253 12937 5839)
4(494 5946 12938 3303)
4(496 5952 12939 3304)
4(1791 5840 12939 5952)
4(465 3302 12939 5840)
4(467 5847 12940 3307)
4(1791 5952 12940 5847)
4(496 3308 12940 5952)
4(1791 5847 12941 5837)
4(467 3255 12941 5847)
4(496 5953 12942 3308)
4(5959 12943 8420 5958)
4(1792 5848 12943 5959)
4(467 3307 12943 5848)
4(469 5855 12944 3310)
4(1792 5959 12944 5855)
4(12944 5959 5958 9616)
4(5845 12945 12640 5844)
4(1792 5855 12945 5845)
4(469 3257 12945 5855)
4(5964 12946 8421 5963)
4(1793 5856 12946 5964)
4(469 3310 12946 5856)
4(471 5863 12947 3312)
4(1793 5964 12947 5863)
4(12947 5964 5963 9634)
4(5853 12948 12670 5852)
4(1793 5863 12948 5853)
4(471 3259 12948 5863)
4(500 5969 12949 3313)
4(1794 5864 12949 5969)
4(471 3312 12949 5864)
4(473 5871 12950 3315)
4(1794 5969 12950 5871)
4(500 3316 12950 5969)
4(1794 5871 12951 5861)
4(473 3261 12951 5871)
4(502 5974 12952 3317)
4(1795 5872 12952 5974)
4(473 3315 12952 5872)
4(475 5879 2116 9669)
5(1795 5974 9666 2116 5879)
4(1795 5879 12953 5869)
4(475 3263 12953 5879)
5(477 5887 2123 9685 3319)
4(1796 9682 2123 5887)
4(5877 12954 12760 5876)
4(1796 5887 12954 5877)
4(477 3265 12954 5887)
4(1797 5888 12955 5979)
4(477 3319 12955 5888)
4(1797 5979 12956 5895)
4(5885 12957 12790 5884)
4(1797 5895 12957 5885)
4(480 3267 12957 5895)
4(479 5893 12958 3269)
4(3271 12958 9709 5901)
4(482 5900 12959 3273)
4(1798 5907 12959 5900)
4(484 3274 12959 5907)
4(1 3279 8398 3278)
4(3309 8420 12943 3307)
4(7 3314 8422 3313)
4(8 3318 8423 3317)
4(26 3409 8508 3408)
4(27 3414 8509 3413)
4(33 3449 8535 3448)
4(34 3454 8536 3453)
4(35 3459 8537 3458)
4(36 3464 8538 3463)
4(54 3556 8623 3555)
4(55 3561 8624 3560)
4(61 3596 8650 3595)
4(62 3601 8651 3600)
4(63 3606 8652 3605)
4(64 3611 8653 3610)
4(82 3703 8738 3702)
4(83 3708 8739 3707)
4(89 3743 8765 3742)
4(90 3748 8766 3747)
4(91 3753 8767 3752)
4(92 3758 8768 3757)
4(110 3850 8853 3849)
4(111 3855 8854 3854)
4(117 3890 8880 3889)
4(118 3895 8881 3894)
4(119 3900 8882 3899)
4(120 3905 8883 3904)
4(138 3997 8968 3996)
4(139 4002 8969 4001)
4(145 4037 8995 4036)
4(146 4042 8996 4041)
4(147 4047 8997 4046)
4(148 4052 8998 4051)
4(166 4144 9083 4143)
4(167 4149 9084 4148)
4(173 4184 9110 4183)
4(174 4189 9111 4188)
4(175 4194 9112 4193)
4(176 4199 9113 4198)
4(194 4291 9198 4290)
4(195 4296 9199 4295)
4(201 4331 9225 4330)
4(202 4336 9226 4335)
4(203 4341 9227 4340)
4(204 4346 9228 4345)
4(222 4438 9313 4437)
4(223 4443 9314 4442)
4(229 4478 9340 4477)
4(230 4483 9341 4482)
4(231 4488 9342 4487)
4(232 4493 9343 4492)
4(250 4585 9429 4584)
4(251 4590 9430 4589)
4(257 4625 9456 4624)
4(258 4630 9457 4629)
4(259 4635 9458 4634)
4(260 4640 9459 4639)
4(9462 2038 12913 3276)
4(9481 2042 9467 3405)
4(9678 2120 9679 3465)
4(9669 2122 5880 475)
4(9692 2126 9678 3465)
4(9693 2127 9694 3466)
4(9685 2129 12955 3319)
4(9707 2133 9693 3466)
4(2134 9708 548 6128)
4(12942 2155 9598 3308)
4(9746 2160 9481 3405)
4(9764 2164 9751 3552)
4(9679 2238 9952 3465)
4(9961 2242 9962 3612)
4(9952 2244 9692 3465)
4(9694 2245 9968 3466)
4(9975 2248 9961 3612)
4(9976 2249 9977 3613)
4(9968 2251 9707 3466)
4(9708 2252 6131 548)
4(9989 2255 9976 3613)
4(2256 9990 620 6376)
4(10025 3552 6237 10023)
4(10025 2280 9764 3552)
4(10043 2284 10030 3699)
4(9962 2358 10231 3612)
4(10240 2362 10241 3759)
4(10231 2364 9975 3612)
4(9977 2365 10247 3613)
4(10254 2368 10240 3759)
4(10255 2369 10256 3760)
4(10247 2371 9989 3613)
4(9990 2372 6379 620)
4(10268 2375 10255 3760)
4(10170 10301 6694 3741)
4(10304 2400 10043 3699)
4(10322 2404 10309 3846)
4(10241 2478 10510 3759)
4(10519 2482 10520 3906)
4(10510 2484 10254 3759)
4(10256 2485 10526 3760)
4(10533 2488 10519 3906)
4(10534 2489 10535 3907)
4(10526 2491 10268 3760)
4(10269 2492 6627 692)
4(10547 2495 10534 3907)
4(2496 10548 764 6872)
4(10439 3741 6694 8763)
4(10588 10585 6981 3993)
4(10583 2520 10322 3846)
4(10601 2524 10588 3993)
4(10520 2598 10789 3906)
4(10798 2602 10799 4053)
4(10789 2604 10533 3906)
4(10535 2605 10805 3907)
4(10812 2608 10798 4053)
4(10813 2609 10814 4054)
4(10805 2611 10547 3907)
4(10548 2612 6875 764)
4(10826 2615 10813 4054)
4(10862 3993 6981 10860)
4(10862 2640 10601 3993)
4(10880 2644 10867 4140)
4(10799 2718 11068 4053)
4(11077 2722 11078 4200)
4(11068 2724 10812 4053)
4(10814 2725 11084 4054)
4(11091 2728 11077 4200)
4(11092 2729 11093 4201)
4(11084 2731 10826 4054)
4(10827 2732 7123 836)
4(11105 2735 11092 4201)
4(2736 11106 908 7368)
4(10997 4035 7190 8993)
4(11007 11138 7438 4182)
4(11141 2760 10880 4140)
4(11159 2764 11146 4287)
4(11078 2838 11347 4200)
4(11356 2842 11357 4347)
4(11347 2844 11091 4200)
4(11093 2845 11363 4201)
4(11370 2848 11356 4347)
4(11371 2849 11372 4348)
4(11363 2851 11105 4201)
4(11106 2852 7371 908)
4(11384 2855 11371 4348)
4(2856 11385 980 7616)
4(11276 4182 7438 9108)
4(11420 2880 11159 4287)
4(11438 2884 11425 4434)
4(11357 2958 11626 4347)
4(11635 2962 11636 4494)
4(11626 2964 11370 4347)
4(11372 2965 11642 4348)
4(11649 2968 11635 4494)
4(11650 2969 11651 4495)
4(11642 2971 11384 4348)
4(11385 2972 7619 980)
4(11663 2975 11650 4495)
4(11565 11696 7934 4476)
4(11699 3000 11438 4434)
4(11717 3004 11704 4581)
4(11636 3078 11905 4494)
4(11914 3082 11915 4641)
4(11905 3084 11649 4494)
4(11651 3085 11921 4495)
4(11928 3088 11914 4641)
4(11929 3089 11930 4642)
4(11921 3091 11663 4495)
4(11942 3095 11929 4642)
4(3096 11943 1124 8112)
4(11834 4476 7934 9338)
4(11978 3120 11717 4581)
4(12985 3124 11982 4711)
4(11915 3198 12151 4641)
4(12158 3202 13021 4760)
4(12151 3204 11928 4641)
4(11930 3205 12164 4642)
4(13025 3208 12158 4760)
4(12170 3209 13024 4761)
4(12164 3211 11942 4642)
4(11943 3212 8115 1124)
4(13028 3215 12170 4761)
4(3216 13027 1182 8289)
5(8330 4764 289 4762 9460)
4(8396 4859 8397 1831)
5(3278 8398 5913 5914 12916)
4(486 5917 8398 3279)
4(1201 5913 8398 5917)
4(487 5922 8399 3281)
4(1204 5918 8399 5922)
4(8403 4860 8402 1832)
4(8407 4861 8406 1833)
4(8411 4862 8410 1834)
4(8415 4863 8414 1835)
4(8419 4864 8418 1836)
4(498 5962 8420 3309)
4(1222 5958 8420 5962)
4(499 5967 8421 3311)
4(1225 5963 8421 5967)
4(500 3313 8422 5968)
4(501 5972 8422 3314)
4(1228 5968 8422 5972)
4(502 3317 8423 5973)
4(503 5977 8423 3318)
4(1231 5973 8423 5977)
5(4865 8424 4867 4866 9744)
4(1197 5982 8424 4865)
4(8507 1853 6147 1282)
4(555 3408 8508 6155)
4(556 6157 8508 3409)
4(1245 6155 8508 6157)
4(557 3413 8509 6160)
4(558 6163 8509 3414)
4(1248 6160 8509 6163)
4(8514 4962 8513 1854)
4(8519 4963 8518 1855)
4(8524 4964 8523 1856)
4(8529 4965 8528 1857)
4(8534 4966 8533 1858)
4(569 3448 8535 6206)
4(570 6209 8535 3449)
4(1266 6206 8535 6209)
4(571 3453 8536 6212)
4(572 6215 8536 3454)
4(1269 6212 8536 6215)
4(573 3458 8537 6218)
4(574 6221 8537 3459)
4(1272 6218 8537 6221)
4(575 6225 8538 3464)
4(8538 6225 4937 9949)
4(8539 4968 4967 10023)
4(6230 8539 10023 6237)
4(627 3555 8623 6403)
4(628 6405 8623 3556)
4(1288 6403 8623 6405)
4(629 3560 8624 6408)
4(630 6411 8624 3561)
4(1291 6408 8624 6411)
4(8629 5063 8628 1876)
4(8634 5064 8633 1877)
4(8639 5065 8638 1878)
4(8644 5066 8643 1879)
4(8649 5067 8648 1880)
4(641 3595 8650 6454)
4(642 6457 8650 3596)
4(1309 6454 8650 6457)
4(643 3600 8651 6460)
4(644 6463 8651 3601)
4(1312 6460 8651 6463)
4(645 3605 8652 6466)
4(646 6469 8652 3606)
4(1315 6466 8652 6469)
4(3610 8653 10228 6470)
4(647 6473 8653 3611)
4(8654 5069 5068 10302)
4(699 3702 8738 6651)
4(700 6653 8738 3703)
4(1331 6651 8738 6653)
4(701 3707 8739 6656)
4(702 6659 8739 3708)
4(1334 6656 8739 6659)
4(8744 5164 8743 1898)
4(8749 5165 8748 1899)
4(8754 5166 8753 1900)
4(8759 5167 8758 1901)
4(8764 5168 8763 1902)
4(713 3742 8765 6702)
4(714 6705 8765 3743)
4(1352 6702 8765 6705)
4(715 3747 8766 6708)
4(716 6711 8766 3748)
4(1355 6708 8766 6711)
4(717 3752 8767 6714)
4(718 6717 8767 3753)
4(1358 6714 8767 6717)
4(719 6721 8768 3758)
4(8852 1919 6891 1411)
4(771 3849 8853 6899)
4(772 6901 8853 3850)
4(1374 6899 8853 6901)
4(773 3854 8854 6904)
4(774 6907 8854 3855)
4(1377 6904 8854 6907)
4(8859 5265 8858 1920)
4(8864 5266 8863 1921)
4(8869 5267 8868 1922)
4(8874 5268 8873 1923)
4(8879 5269 8878 1924)
4(785 3889 8880 6950)
4(786 6953 8880 3890)
4(1395 6950 8880 6953)
4(787 3894 8881 6956)
4(788 6959 8881 3895)
4(1398 6956 8881 6959)
4(789 3899 8882 6962)
4(790 6965 8882 3900)
4(1401 6962 8882 6965)
4(3904 8883 10786 6966)
4(791 6969 8883 3905)
4(8884 5271 5270 10860)
4(6974 8884 10860 6981)
4(8967 1941 7139 1454)
4(843 3996 8968 7147)
4(844 7149 8968 3997)
4(1417 7147 8968 7149)
4(845 4001 8969 7152)
4(846 7155 8969 4002)
4(1420 7152 8969 7155)
4(8974 5366 8973 1942)
4(8979 5367 8978 1943)
4(8984 5368 8983 1944)
4(8989 5369 8988 1945)
4(8994 5370 8993 1946)
4(857 4036 8995 7198)
4(858 7201 8995 4037)
4(1438 7198 8995 7201)
4(859 4041 8996 7204)
4(860 7207 8996 4042)
4(1441 7204 8996 7207)
4(861 4046 8997 7210)
4(862 7213 8997 4047)
4(1444 7210 8997 7213)
4(863 7217 8998 4052)
4(8998 7217 5341 11065)
4(9082 1963 7387 1497)
4(915 4143 9083 7395)
4(916 7397 9083 4144)
4(1460 7395 9083 7397)
4(917 4148 9084 7400)
4(918 7403 9084 4149)
4(1463 7400 9084 7403)
4(9089 5467 9088 1964)
4(9094 5468 9093 1965)
4(9099 5469 9098 1966)
4(9104 5470 9103 1967)
4(9109 5471 9108 1968)
4(929 4183 9110 7446)
4(930 7449 9110 4184)
4(1481 7446 9110 7449)
4(931 4188 9111 7452)
4(932 7455 9111 4189)
4(1484 7452 9111 7455)
4(933 4193 9112 7458)
4(934 7461 9112 4194)
4(1487 7458 9112 7461)
4(4198 9113 11344 7462)
4(935 7465 9113 4199)
4(9113 7465 5442 11344)
4(987 4290 9198 7643)
4(988 7645 9198 4291)
4(1503 7643 9198 7645)
4(989 4295 9199 7648)
4(990 7651 9199 4296)
4(1506 7648 9199 7651)
4(9204 5568 9203 1986)
4(9209 5569 9208 1987)
4(9214 5570 9213 1988)
4(9219 5571 9218 1989)
4(9224 5572 9223 1990)
4(1001 4330 9225 7694)
4(1002 7697 9225 4331)
4(1524 7694 9225 7697)
4(1003 4335 9226 7700)
4(1004 7703 9226 4336)
4(1527 7700 9226 7703)
4(1005 4340 9227 7706)
4(1006 7709 9227 4341)
4(1530 7706 9227 7709)
4(4345 9228 11623 7710)
4(1007 7713 9228 4346)
4(9228 7713 5543 11623)
4(9229 5575 5573 11697)
4(7718 9229 11697 7725)
4(9312 2007 7883 1584)
4(1059 4437 9313 7891)
4(1060 7893 9313 4438)
4(1547 7891 9313 7893)
4(1061 4442 9314 7896)
4(1062 7899 9314 4443)
4(1550 7896 9314 7899)
4(9319 5670 9318 2008)
4(9324 5671 9323 2009)
4(9329 5672 9328 2010)
4(9334 5673 9333 2011)
4(9339 5674 9338 2012)
4(1073 4477 9340 7942)
4(1074 7945 9340 4478)
4(1568 7942 9340 7945)
4(1075 4482 9341 7948)
4(1076 7951 9341 4483)
4(1571 7948 9341 7951)
4(1077 4487 9342 7954)
4(1078 7957 9342 4488)
4(1574 7954 9342 7957)
4(1079 7961 9343 4493)
4(434 5675 9344 5677)
4(1543 7966 9344 5675)
4(9427 5773 9428 2029)
4(1131 4584 9429 8139)
4(1132 8142 9429 4585)
4(1589 8139 9429 8142)
4(1133 4589 9430 8145)
4(1134 8148 9430 4590)
4(1591 8145 9430 8148)
4(9435 5774 9434 2030)
4(9440 5775 9439 2031)
4(9445 5776 9444 2032)
4(9450 5777 9449 2033)
4(9455 5778 9454 2034)
4(1145 4624 9456 8191)
4(1146 8194 9456 4625)
4(1603 8191 9456 8194)
4(1147 4629 9457 8197)
4(1148 8200 9457 4630)
4(1605 8197 9457 8200)
4(1149 4634 9458 8203)
4(1150 8206 9458 4635)
4(1607 8203 9458 8206)
4(1151 8210 9459 4640)
5(9459 8210 1609 5748 12148)
4(9460 4762 5912 9462)
4(289 4764 9463 4763)
4(1197 4763 9463 5982)
4(4762 9464 9467 5912)
5(12913 2038 9470 1784 5784)
4(9471 2038 9462 5912)
5(9470 2039 12914 5791 1784)
4(9467 2042 9471 5912)
4(9481 6151 9480 2042)
4(9480 6151 9483 2043)
4(9669 2116 9668 5978)
4(9678 5978 9668 2120)
4(9675 6222 9679 2120)
4(2122 9682 1796 5880)
4(9683 2122 9669 5978)
4(9685 2123 9684 5980)
4(9678 2126 9683 5978)
4(9692 6226 9691 2126)
4(9693 5980 9684 2127)
4(9691 6226 9694 2127)
4(12955 2129 9697 5979)
4(9698 2129 9685 5980)
4(12956 5979 9697 2130)
4(9700 2130 9699 5981)
4(9693 2133 9698 5980)
4(9707 6228 9706 2133)
5(5981 9699 2134 6128 1235)
4(9706 6228 9708 2134)
4(8397 4859 9723 2141)
4(8402 4860 9726 2143)
4(9727 4860 8403 2144)
4(9726 4860 9727 2145)
4(8406 4861 9730 2146)
4(9731 4861 8407 2147)
4(9730 4861 9731 2148)
4(8410 4862 9734 2149)
4(9735 4862 8411 2150)
4(9734 4862 9735 2151)
4(8414 4863 9738 2152)
4(9739 4863 8415 2153)
4(9738 4863 9739 2154)
4(8418 4864 9742 2155)
4(9742 5961 9598 2155)
4(9743 4864 8419 2156)
5(9742 4864 9743 9608 5961)
4(9744 4866 6152 9746)
4(4866 9748 9751 6152)
4(9754 6151 9481 2160)
4(9755 2160 9746 6152)
4(9483 6151 9754 2161)
4(9751 2164 9755 6152)
4(9764 6399 9763 2164)
4(9763 6399 9766 2165)
4(9679 6222 9949 2238)
4(9952 2238 9951 6227)
4(9961 6227 9951 2242)
4(9958 6470 9962 2242)
4(9965 6226 9692 2244)
4(9966 2244 9952 6227)
4(9694 6226 9965 2245)
4(9968 2245 9967 6229)
4(9961 2248 9966 6227)
4(9975 6474 9974 2248)
4(9976 6229 9967 2249)
4(9974 6474 9977 2249)
4(9980 6228 9707 2251)
4(9981 2251 9968 6229)
4(9708 6228 9980 2252)
4(9976 2255 9981 6229)
4(9989 6476 9988 2255)
4(9988 6476 9990 2256)
4(8513 4962 10006 2264)
4(10007 4962 8514 2265)
4(10006 4962 10007 2266)
4(8518 4963 10010 2267)
4(10011 4963 8519 2268)
4(10010 4963 10011 2269)
4(8523 4964 10014 2270)
4(10015 4964 8524 2271)
4(10014 4964 10015 2272)
4(8528 4965 10018 2273)
4(10019 4965 8529 2274)
4(10018 4965 10019 2275)
4(8533 4966 6208 9881)
4(10022 4966 8534 2276)
4(4966 10022 9891 6208)
4(10023 4967 6400 10025)
4(4968 10026 10027 4967)
4(4967 10027 10030 6400)
4(10033 6399 9764 2280)
4(10034 2280 10025 6400)
4(9766 6399 10033 2281)
4(10030 2284 10034 6400)
4(10043 6647 10042 2284)
4(10042 6647 10045 2285)
4(9962 6470 10228 2358)
4(10231 2358 10230 6475)
4(10240 6475 10230 2362)
4(10237 6718 10241 2362)
4(10244 6474 9975 2364)
4(10245 2364 10231 6475)
4(9977 6474 10244 2365)
4(10247 2365 10246 6477)
4(10240 2368 10245 6475)
4(10254 6722 10253 2368)
4(10255 6477 10246 2369)
4(10253 6722 10256 2369)
4(10259 6476 9989 2371)
4(10260 2371 10247 6477)
4(9990 6476 10259 2372)
4(2372 10261 1321 6379)
4(10255 2375 10260 6477)
4(10268 6724 10267 2375)
4(10267 6724 10269 2376)
4(8622 1325 6641 2383)
4(8628 5063 10285 2384)
4(10286 5063 8629 2385)
4(10285 5063 10286 2386)
4(8633 5064 10289 2387)
4(10290 5064 8634 2388)
4(10289 5064 10290 2389)
4(8638 5065 10293 2390)
4(10294 5065 8639 2391)
4(10293 5065 10294 2392)
4(8643 5066 10297 2393)
4(10298 5066 8644 2394)
4(10297 5066 10298 2395)
4(8648 5067 6456 10160)
4(10301 5067 8649 2396)
4(5067 10301 10170 6456)
4(10302 5068 6648 10304)
4(5069 10305 10306 5068)
4(10305 6726 6733 10306)
4(5068 10306 10309 6648)
4(10312 6647 10043 2400)
4(10313 2400 10304 6648)
4(10045 6647 10312 2401)
4(10309 2404 10313 6648)
4(10322 6895 10321 2404)
4(10321 6895 10324 2405)
4(10241 6718 10507 2478)
4(10510 2478 10509 6723)
4(10519 6723 10509 2482)
4(10516 6966 10520 2482)
4(10523 6722 10254 2484)
4(10524 2484 10510 6723)
4(10256 6722 10523 2485)
4(10526 2485 10525 6725)
4(10519 2488 10524 6723)
4(10533 6970 10532 2488)
4(10534 6725 10525 2489)
4(10532 6970 10535 2489)
4(10538 6724 10268 2491)
4(10539 2491 10526 6725)
4(10269 6724 10538 2492)
4(10534 2495 10539 6725)
4(10547 6972 10546 2495)
4(10540 2496 6872 1364)
4(10546 6972 10548 2496)
4(8737 1368 6889 2503)
4(8743 5164 10564 2504)
4(10565 5164 8744 2505)
4(10564 5164 10565 2506)
4(8748 5165 10568 2507)
4(10569 5165 8749 2508)
4(10568 5165 10569 2509)
4(8753 5166 10572 2510)
4(10573 5166 8754 2511)
4(10572 5166 10573 2512)
4(8758 5167 10576 2513)
4(10577 5167 8759 2514)
4(10576 5167 10577 2515)
4(8763 5168 6704 10439)
4(10580 5168 8764 2516)
4(5168 10580 10449 6704)
4(10581 5169 6896 10583)
4(5170 10584 10585 5169)
4(10584 6974 6981 10585)
4(5169 10585 10588 6896)
4(10591 6895 10322 2520)
4(10592 2520 10583 6896)
4(10324 6895 10591 2521)
4(10588 2524 10592 6896)
4(10601 7143 10600 2524)
4(10600 7143 10603 2525)
4(10520 6966 10786 2598)
4(10789 2598 10788 6971)
4(10798 6971 10788 2602)
4(10795 7214 10799 2602)
4(10802 6970 10533 2604)
4(10803 2604 10789 6971)
4(10535 6970 10802 2605)
4(10805 2605 10804 6973)
4(10798 2608 10803 6971)
4(10812 7218 10811 2608)
4(10813 6973 10804 2609)
4(10811 7218 10814 2609)
4(10817 6972 10547 2611)
4(10818 2611 10805 6973)
4(10548 6972 10817 2612)
4(2612 10819 1407 6875)
4(10813 2615 10818 6973)
4(10826 7220 10825 2615)
4(10819 2616 7120 1407)
4(10825 7220 10827 2616)
4(8852 1411 7137 2623)
4(8858 5265 10843 2624)
4(10844 5265 8859 2625)
4(10843 5265 10844 2626)
4(8863 5266 10847 2627)
4(10848 5266 8864 2628)
4(10847 5266 10848 2629)
4(8868 5267 10851 2630)
4(10852 5267 8869 2631)
4(10851 5267 10852 2632)
4(8873 5268 10855 2633)
4(10856 5268 8874 2634)
4(10855 5268 10856 2635)
4(6952 10718 8878 5269)
4(10859 5269 8879 2636)
4(5269 10859 10728 6952)
4(10860 5270 7144 10862)
4(5270 10864 10867 7144)
4(10870 7143 10601 2640)
4(10871 2640 10862 7144)
4(10603 7143 10870 2641)
4(10867 2644 10871 7144)
4(10880 7391 10879 2644)
4(10879 7391 10882 2645)
4(10799 7214 11065 2718)
4(11068 2718 11067 7219)
4(11077 7219 11067 2722)
4(11074 7462 11078 2722)
4(11081 7218 10812 2724)
4(11082 2724 11068 7219)
4(10814 7218 11081 2725)
4(11084 2725 11083 7221)
4(11077 2728 11082 7219)
4(11091 7466 11090 2728)
4(11092 7221 11083 2729)
4(11090 7466 11093 2729)
4(11096 7220 10826 2731)
4(11097 2731 11084 7221)
4(10827 7220 11096 2732)
4(11092 2735 11097 7221)
4(11105 7468 11104 2735)
4(11098 2736 7368 1450)
4(11104 7468 11106 2736)
4(8967 1454 7385 2743)
4(8973 5366 11122 2744)
4(11123 5366 8974 2745)
4(11122 5366 11123 2746)
4(8978 5367 11126 2747)
4(11127 5367 8979 2748)
4(11126 5367 11127 2749)
4(8983 5368 11130 2750)
4(11131 5368 8984 2751)
4(11130 5368 11131 2752)
4(8988 5369 11134 2753)
4(11135 5369 8989 2754)
4(11134 5369 11135 2755)
4(8993 5370 7200 10997)
4(11138 5370 8994 2756)
4(5370 11138 11007 7200)
4(11139 5371 7392 11141)
4(5372 11142 11143 5371)
4(11142 7470 7477 11143)
4(5371 11143 11146 7392)
4(11149 7391 10880 2760)
4(11150 2760 11141 7392)
4(10882 7391 11149 2761)
4(11146 2764 11150 7392)
4(11159 7639 11158 2764)
4(11158 7639 11161 2765)
4(11078 7462 11344 2838)
4(11347 2838 11346 7467)
4(11356 7467 11346 2842)
4(11353 7710 11357 2842)
4(11360 7466 11091 2844)
4(11361 2844 11347 7467)
4(11093 7466 11360 2845)
4(11363 2845 11362 7469)
4(11356 2848 11361 7467)
4(11370 7714 11369 2848)
4(11371 7469 11362 2849)
4(11369 7714 11372 2849)
4(11375 7468 11105 2851)
4(11376 2851 11363 7469)
4(11106 7468 11375 2852)
4(2852 11377 1493 7371)
4(11371 2855 11376 7469)
4(11384 7716 11383 2855)
4(11377 2856 7616 1493)
4(11383 7716 11385 2856)
4(9088 5467 11401 2864)
4(11402 5467 9089 2865)
4(11401 5467 11402 2866)
4(9093 5468 11405 2867)
4(11406 5468 9094 2868)
4(11405 5468 11406 2869)
4(9098 5469 11409 2870)
4(11410 5469 9099 2871)
4(11409 5469 11410 2872)
4(9103 5470 11413 2873)
4(11414 5470 9104 2874)
4(11413 5470 11414 2875)
4(9108 5471 7448 11276)
4(11417 5471 9109 2876)
4(5471 11417 11286 7448)
4(11418 5472 7640 11420)
4(5473 11421 11422 5472)
4(11421 7718 7725 11422)
4(5472 11422 11425 7640)
4(11428 7639 11159 2880)
4(11429 2880 11420 7640)
4(11161 7639 11428 2881)
4(11425 2884 11429 7640)
4(11438 7887 11437 2884)
4(11437 7887 11440 2885)
4(11357 7710 11623 2958)
4(11626 2958 11625 7715)
4(11635 7715 11625 2962)
4(11632 7958 11636 2962)
4(11639 7714 11370 2964)
4(11640 2964 11626 7715)
4(11372 7714 11639 2965)
4(11642 2965 11641 7717)
4(11635 2968 11640 7715)
4(11649 7962 11648 2968)
4(11650 7717 11641 2969)
4(11648 7962 11651 2969)
4(11654 7716 11384 2971)
4(11655 2971 11642 7717)
4(11385 7716 11654 2972)
4(2972 11656 1536 7619)
4(11650 2975 11655 7717)
4(11663 7964 11662 2975)
4(11662 7964 11664 2976)
4(9197 1540 7881 2983)
4(9203 5568 11680 2984)
4(11681 5568 9204 2985)
4(11680 5568 11681 2986)
4(9208 5569 11684 2987)
4(11685 5569 9209 2988)
4(11684 5569 11685 2989)
4(9213 5570 11688 2990)
4(11689 5570 9214 2991)
4(11688 5570 11689 2992)
4(9218 5571 11692 2993)
4(11693 5571 9219 2994)
4(11692 5571 11693 2995)
4(9223 5572 7696 11555)
4(11696 5572 9224 2996)
4(5572 11696 11565 7696)
4(11697 5573 7888 11699)
4(1543 5574 11700 7966)
4(5573 11701 11704 7888)
4(11707 7887 11438 3000)
4(11708 3000 11699 7888)
4(11440 7887 11707 3001)
4(11704 3004 11708 7888)
4(11717 8135 11716 3004)
4(11716 8135 11719 3005)
4(11636 7958 11902 3078)
4(11905 3078 11904 7963)
4(11914 7963 11904 3082)
4(11911 8207 11915 3082)
4(11918 7962 11649 3084)
4(11919 3084 11905 7963)
4(11651 7962 11918 3085)
4(11921 3085 11920 7965)
4(11914 3088 11919 7963)
4(11928 8211 11927 3088)
4(11929 7965 11920 3089)
4(11927 8211 11930 3089)
4(11933 7964 11663 3091)
4(11934 3091 11921 7965)
4(11664 7964 11933 3092)
4(11929 3095 11934 7965)
4(11942 8213 11941 3095)
4(11935 3096 8112 1580)
4(11941 8213 11943 3096)
4(9318 5670 11959 3104)
4(11960 5670 9319 3105)
4(11959 5670 11960 3106)
4(9323 5671 11963 3107)
4(11964 5671 9324 3108)
4(11963 5671 11964 3109)
4(9328 5672 11967 3110)
4(11968 5672 9329 3111)
4(11967 5672 11968 3112)
4(9333 5673 11971 3113)
4(11972 5673 9334 3114)
4(11971 5673 11972 3115)
4(7944 11834 9338 5674)
4(11975 5674 9339 3116)
4(5674 11975 11844 7944)
4(11976 5676 8136 11978)
4(434 5677 11979 5678)
4(5676 11980 11982 8136)
4(11985 8135 11717 3120)
4(11986 3120 11978 8136)
4(11719 8135 11985 3121)
4(11982 3124 11986 8136)
4(12985 8300 11993 3124)
4(11993 8300 12984 3125)
4(11915 8207 12148 3198)
4(12151 3198 12150 8212)
4(12158 8212 12150 3202)
4(12156 8327 13021 3202)
4(12161 8211 11928 3204)
4(12162 3204 12151 8212)
4(11930 8211 12161 3205)
4(12164 3205 12163 8214)
4(12158 3208 12162 8212)
4(13025 8328 12169 3208)
4(12170 8214 12163 3209)
4(12169 8328 13024 3209)
4(12173 8213 11942 3211)
4(12174 3211 12164 8214)
4(11943 8213 12173 3212)
4(12170 3215 12174 8214)
4(13028 8329 12180 3215)
4(12180 8329 13027 3216)
4(9428 5773 12193 3223)
4(9434 5774 12196 3225)
4(12197 5774 9435 3226)
4(12196 5774 12197 3227)
4(9439 5775 12199 3228)
4(12200 5775 9440 3229)
4(12199 5775 12200 3230)
4(9444 5776 12202 3231)
4(12203 5776 9445 3232)
4(12202 5776 12203 3233)
4(9449 5777 12205 3234)
4(12206 5777 9450 3235)
4(12205 5777 12206 3236)
5(9454 5778 12208 8193 12092)
4(12209 5778 9455 3237)
4(12208 5778 12209 3238)
4(12100 8193 12208 3238)
4(1614 4764 8330 5779)
4(504 5984 8424 5982)
4(1615 4867 8424 5984)
4(576 6232 8539 6230)
4(1616 4968 8539 6232)
4(648 6480 8654 6478)
4(1617 5069 8654 6480)
4(720 6728 8769 6726)
4(1618 5170 8769 6728)
4(792 6976 8884 6974)
4(1619 5271 8884 6976)
4(864 7224 8999 7222)
4(1620 5372 8999 7224)
4(936 7472 9114 7470)
4(1621 5473 9114 7472)
4(1008 7720 9229 7718)
4(1622 5575 9229 7720)
4(1080 7968 9344 7966)
4(1623 5677 9344 7968)
4(504 5982 9463 5983)
4(1614 5983 9463 4764)
4(576 6230 9747 6231)
4(1615 6231 9747 4867)
4(648 6478 10026 6479)
4(1616 6479 10026 4968)
4(720 6726 10305 6727)
4(1617 6727 10305 5069)
4(792 6974 10584 6975)
4(1618 6975 10584 5170)
4(864 7222 10863 7223)
4(1619 7223 10863 5271)
4(936 7470 11142 7471)
4(1620 7471 11142 5372)
4(1008 7718 11421 7719)
4(1621 7719 11421 5473)
4(1080 7966 11700 7967)
4(1622 7967 11700 5575)
4(1152 8216 11979 8215)
4(1623 8215 11979 5677)
)


// ************************************************************************* //
