/*--------------------------------*- C++ -*----------------------------------*\
  =========                 |
  \\      /  F ield         | OpenFOAM: The Open Source CFD Toolbox
   \\    /   O peration     | Website:  https://openfoam.org
    \\  /    A nd           | Version:  dev
     \\/     M anipulation  |
\*---------------------------------------------------------------------------*/
FoamFile
{
    format      ascii;
    class       labelList;
    note        "nPoints:13031  nCells:10160  nFaces:33223  nInternalFaces:27346";
    location    "1/polyMesh";
    object      neighbour;
}
// * * * * * * * * * * * * * * * * * * * * * * * * * * * * * * * * * * * * * //


27346
(
220
1321
1322
1323
222
1328
1329
1330
227
1335
1336
1337
234
1342
1343
1344
241
1349
1350
1351
248
1356
1357
1358
255
1363
1364
1365
262
1370
1371
1372
269
1377
1378
1379
276
1384
1385
1386
283
1391
1392
1393
290
1398
1399
1400
297
1405
1406
1407
302
1412
1413
1414
305
1419
1420
1421
308
1426
1427
1428
311
1432
1433
242
315
1435
1436
249
317
1438
1439
256
320
1441
1442
263
323
1444
1445
270
326
1447
1448
224
330
1451
1452
1453
230
332
1458
1459
1460
237
337
1465
1466
1467
244
344
1472
1473
1474
251
351
1479
1480
1481
258
358
1486
1487
1488
265
365
1493
1494
1495
272
372
1500
1501
1502
279
379
1507
1508
1509
286
386
1514
1515
1516
293
393
1521
1522
1523
299
400
1528
1529
1530
303
407
1535
1536
1537
306
412
1542
1543
1544
309
415
1549
1550
1551
312
418
1556
1557
1558
314
421
1562
1563
318
352
425
1565
1566
321
359
427
1568
1569
324
366
430
1571
1572
327
373
433
1574
1575
329
380
436
1577
1578
334
440
1581
1582
1583
340
442
1588
1589
1590
347
447
1595
1596
1597
354
454
1602
1603
1604
361
461
1609
1610
1611
368
468
1616
1617
1618
375
475
1623
1624
1625
382
482
1630
1631
1632
389
489
1637
1638
1639
396
496
1644
1645
1646
403
503
1651
1652
1653
409
510
1658
1659
1660
413
517
1665
1666
1667
416
522
1672
1673
1674
419
525
1679
1680
1681
422
528
1686
1687
1688
424
531
1692
1693
428
462
535
1695
1696
431
469
537
1698
1699
434
476
540
1701
1702
437
483
543
1704
1705
439
490
546
1707
1708
444
550
1711
1712
1713
450
552
1718
1719
1720
457
557
1725
1726
1727
464
564
1732
1733
1734
471
571
1739
1740
1741
478
578
1746
1747
1748
485
585
1753
1754
1755
492
592
1760
1761
1762
499
599
1767
1768
1769
506
606
1774
1775
1776
513
613
1781
1782
1783
519
620
1788
1789
1790
523
627
1795
1796
1797
526
632
1802
1803
1804
529
635
1809
1810
1811
532
638
1816
1817
1818
534
641
1822
1823
538
572
645
1825
1826
541
579
647
1828
1829
544
586
650
1831
1832
547
593
653
1834
1835
549
600
656
1837
1838
554
660
1841
1842
1843
560
662
1848
1849
1850
567
667
1855
1856
1857
574
674
1862
1863
1864
581
681
1869
1870
1871
588
688
1876
1877
1878
595
695
1883
1884
1885
602
702
1890
1891
1892
609
709
1897
1898
1899
616
716
1904
1905
1906
623
723
1911
1912
1913
629
730
1918
1919
1920
633
737
1925
1926
1927
636
742
1932
1933
1934
639
745
1939
1940
1941
642
748
1946
1947
1948
644
751
1952
1953
648
682
755
1955
1956
651
689
757
1958
1959
654
696
760
1961
1962
657
703
763
1964
1965
659
710
766
1967
1968
664
770
1971
1972
1973
670
772
1978
1979
1980
677
777
1985
1986
1987
684
784
1992
1993
1994
691
791
1999
2000
2001
698
798
2006
2007
2008
705
805
2013
2014
2015
712
812
2020
2021
2022
719
819
2027
2028
2029
726
826
2034
2035
2036
733
833
2041
2042
2043
739
840
2048
2049
2050
743
847
2055
2056
2057
746
852
2062
2063
2064
749
855
2069
2070
2071
752
858
2076
2077
2078
754
861
2082
2083
758
792
865
2085
2086
761
799
867
2088
2089
764
806
870
2091
2092
767
813
873
2094
2095
769
820
876
2097
2098
774
880
2101
2102
2103
780
882
2108
2109
2110
787
887
2115
2116
2117
794
894
2122
2123
2124
801
901
2129
2130
2131
808
908
2136
2137
2138
815
915
2143
2144
2145
822
922
2150
2151
2152
829
929
2157
2158
2159
836
936
2164
2165
2166
843
943
2171
2172
2173
849
950
2178
2179
2180
853
957
2185
2186
2187
856
962
2192
2193
2194
859
965
2199
2200
2201
862
968
2206
2207
2208
864
971
2212
2213
868
902
975
2215
2216
871
909
977
2218
2219
874
916
980
2221
2222
877
923
983
2224
2225
879
930
986
2227
2228
884
990
2231
2232
2233
890
992
2238
2239
2240
897
997
2245
2246
2247
904
1004
2252
2253
2254
911
1011
2259
2260
2261
918
1018
2266
2267
2268
925
1025
2273
2274
2275
932
1032
2280
2281
2282
939
1039
2287
2288
2289
946
1046
2294
2295
2296
953
1053
2301
2302
2303
959
1060
2308
2309
2310
963
1067
2315
2316
2317
966
1072
2322
2323
2324
969
1075
2329
2330
2331
972
1078
2336
2337
2338
974
1081
2342
2343
978
1012
1085
2345
2346
981
1019
1087
2348
2349
984
1026
1090
2351
2352
987
1033
1093
2354
2355
989
1040
1096
2357
2358
994
1100
2361
2362
2363
1000
1102
2368
2369
2370
1007
1107
2375
2376
2377
1014
1114
2382
2383
2384
1021
1121
2389
2390
2391
1028
1128
2396
2397
2398
1035
1135
2403
2404
2405
1042
1142
2410
2411
2412
1049
1149
2417
2418
2419
1056
1156
2424
2425
2426
1063
1163
2431
2432
2433
1069
1170
2438
2439
2440
1073
1177
2445
2446
2447
1076
1182
2452
2453
2454
1079
1185
2459
2460
2461
1082
1188
2466
2467
2468
1084
1191
2472
2473
1088
1122
1195
2475
2476
1091
1129
1197
2478
2479
1094
1136
1200
2481
2482
1097
1143
1203
2484
2485
1099
1150
1206
2487
2488
1104
1210
2491
2492
2493
1110
1212
2498
2499
2500
1117
1217
2505
2506
2507
1124
1224
2512
2513
2514
1131
1231
2519
2520
2521
1138
1238
2526
2527
2528
1145
1245
2533
2534
2535
1152
1252
2540
2541
2542
1159
1259
2547
2548
2549
1166
1266
2554
2555
2556
1173
1273
2561
2562
2563
1179
1280
2568
2569
2570
1183
1287
2575
2576
2577
1186
1292
2582
2583
2584
1189
1295
2589
2590
2591
1192
1298
2596
2597
2598
1194
1301
2602
2603
1198
1232
1305
2605
2606
1201
1239
1307
2608
2609
1204
1246
1310
2611
2612
1207
1253
1313
2614
2615
1209
1260
1316
2617
2618
2621
2622
2623
224
330
2630
2631
2632
2639
2640
2641
228
2650
2651
2655
2656
2657
230
332
2662
2663
2664
232
333
2673
2674
2678
2679
2680
2685
2686
2687
235
2692
2693
2694
2699
2700
2701
237
337
2706
2707
2708
338
2713
2714
2715
239
339
2720
2721
2722
2727
2728
2729
2734
2735
2736
242
315
2741
2742
2743
2748
2749
2750
244
344
2755
2756
2757
345
2762
2763
2764
246
316
346
2769
2770
2771
2776
2777
2778
2783
2784
2785
249
317
2790
2791
2792
2797
2798
2799
251
351
2804
2805
2806
318
352
2811
2812
2813
253
319
353
2818
2819
2820
2825
2826
2827
2832
2833
2834
256
320
2839
2840
2841
2846
2847
2848
258
358
2853
2854
2855
321
359
2860
2861
2862
260
322
360
2867
2868
2869
2874
2875
2876
2881
2882
2883
263
323
2888
2889
2890
2895
2896
2897
265
365
2902
2903
2904
324
366
2909
2910
2911
267
325
367
2916
2917
2918
2923
2924
2925
2930
2931
2932
270
326
2937
2938
2939
2944
2945
2946
272
372
2951
2952
2953
327
373
2958
2959
2960
274
328
374
2965
2966
2967
2972
2973
2974
2979
2980
2981
277
2986
2987
2988
2993
2994
2995
279
379
3000
3001
3002
329
380
3007
3008
3009
281
381
3014
3015
3016
3021
3022
3023
3028
3029
3030
284
3035
3036
3037
3042
3043
3044
286
386
3049
3050
3051
387
3056
3057
3058
288
388
3063
3064
3065
3070
3071
3072
3077
3078
3079
291
3084
3085
3086
3091
3092
3093
293
393
3098
3099
3100
394
3105
3106
3107
295
395
3112
3113
3114
3119
3120
3121
3126
3127
3128
298
3133
3134
3135
3140
3141
3142
299
400
3147
3148
3149
401
3154
3155
3156
301
402
3161
3162
3163
3168
3169
3170
3175
3176
3177
3186
3187
3188
303
407
3193
3194
3195
408
3200
3201
3202
3211
3212
3213
3226
3227
3228
306
412
3233
3234
3235
3248
3249
3250
3263
3264
3265
309
415
3270
3271
3272
3285
3286
3287
3292
3293
3294
312
418
3299
3300
3301
3306
3307
3308
3313
3314
3315
314
421
3320
3321
3322
3326
3327
3329
318
425
3330
3331
3332
3334
3335
321
427
3337
3338
3340
3341
3343
3344
324
430
3346
3347
3349
3350
3352
3353
327
433
3355
3356
3358
3359
3361
3362
329
436
3364
3365
3369
3370
3375
3376
3377
334
440
3384
3385
3386
3393
3394
3395
338
3404
3405
3409
3410
3411
340
442
3416
3417
3418
342
443
3427
3428
3432
3433
3434
3439
3440
3441
345
3446
3447
3448
3453
3454
3455
347
447
3460
3461
3462
448
3467
3468
3469
349
449
3474
3475
3476
3481
3482
3483
3488
3489
3490
352
425
3495
3496
3497
3502
3503
3504
354
454
3509
3510
3511
455
3516
3517
3518
356
426
456
3523
3524
3525
3530
3531
3532
3537
3538
3539
359
427
3544
3545
3546
3551
3552
3553
361
461
3558
3559
3560
428
462
3565
3566
3567
363
429
463
3572
3573
3574
3579
3580
3581
3586
3587
3588
366
430
3593
3594
3595
3600
3601
3602
368
468
3607
3608
3609
431
469
3614
3615
3616
370
432
470
3621
3622
3623
3628
3629
3630
3635
3636
3637
373
433
3642
3643
3644
3649
3650
3651
375
475
3656
3657
3658
434
476
3663
3664
3665
377
435
477
3670
3671
3672
3677
3678
3679
3684
3685
3686
380
436
3691
3692
3693
3698
3699
3700
382
482
3705
3706
3707
437
483
3712
3713
3714
384
438
484
3719
3720
3721
3726
3727
3728
3733
3734
3735
387
3740
3741
3742
3747
3748
3749
389
489
3754
3755
3756
439
490
3761
3762
3763
391
491
3768
3769
3770
3775
3776
3777
3782
3783
3784
394
3789
3790
3791
3796
3797
3798
396
496
3803
3804
3805
497
3810
3811
3812
398
498
3817
3818
3819
3824
3825
3826
3831
3832
3833
401
3838
3839
3840
3845
3846
3847
403
503
3852
3853
3854
504
3859
3860
3861
405
505
3866
3867
3868
3873
3874
3875
3880
3881
3882
408
3887
3888
3889
3894
3895
3896
409
510
3901
3902
3903
511
3908
3909
3910
411
512
3915
3916
3917
3922
3923
3924
3929
3930
3931
3940
3941
3942
413
517
3947
3948
3949
518
3954
3955
3956
3965
3966
3967
3980
3981
3982
416
522
3987
3988
3989
4002
4003
4004
4017
4018
4019
419
525
4024
4025
4026
4039
4040
4041
4046
4047
4048
422
528
4053
4054
4055
4060
4061
4062
4067
4068
4069
424
531
4074
4075
4076
4080
4081
4083
428
535
4084
4085
4086
4088
4089
431
537
4091
4092
4094
4095
4097
4098
434
540
4100
4101
4103
4104
4106
4107
437
543
4109
4110
4112
4113
4115
4116
439
546
4118
4119
4123
4124
4129
4130
4131
444
550
4138
4139
4140
4147
4148
4149
448
4158
4159
4163
4164
4165
450
552
4170
4171
4172
452
553
4181
4182
4186
4187
4188
4193
4194
4195
455
4200
4201
4202
4207
4208
4209
457
557
4214
4215
4216
558
4221
4222
4223
459
559
4228
4229
4230
4235
4236
4237
4242
4243
4244
462
535
4249
4250
4251
4256
4257
4258
464
564
4263
4264
4265
565
4270
4271
4272
466
536
566
4277
4278
4279
4284
4285
4286
4291
4292
4293
469
537
4298
4299
4300
4305
4306
4307
471
571
4312
4313
4314
538
572
4319
4320
4321
473
539
573
4326
4327
4328
4333
4334
4335
4340
4341
4342
476
540
4347
4348
4349
4354
4355
4356
478
578
4361
4362
4363
541
579
4368
4369
4370
480
542
580
4375
4376
4377
4382
4383
4384
4389
4390
4391
483
543
4396
4397
4398
4403
4404
4405
485
585
4410
4411
4412
544
586
4417
4418
4419
487
545
587
4424
4425
4426
4431
4432
4433
4438
4439
4440
490
546
4445
4446
4447
4452
4453
4454
492
592
4459
4460
4461
547
593
4466
4467
4468
494
548
594
4473
4474
4475
4480
4481
4482
4487
4488
4489
497
4494
4495
4496
4501
4502
4503
499
599
4508
4509
4510
549
600
4515
4516
4517
501
601
4522
4523
4524
4529
4530
4531
4536
4537
4538
504
4543
4544
4545
4550
4551
4552
506
606
4557
4558
4559
607
4564
4565
4566
508
608
4571
4572
4573
4578
4579
4580
4585
4586
4587
511
4592
4593
4594
4599
4600
4601
513
613
4606
4607
4608
614
4613
4614
4615
515
615
4620
4621
4622
4627
4628
4629
4634
4635
4636
518
4641
4642
4643
4648
4649
4650
519
620
4655
4656
4657
621
4662
4663
4664
521
622
4669
4670
4671
4676
4677
4678
4683
4684
4685
4694
4695
4696
523
627
4701
4702
4703
628
4708
4709
4710
4719
4720
4721
4734
4735
4736
526
632
4741
4742
4743
4756
4757
4758
4771
4772
4773
529
635
4778
4779
4780
4793
4794
4795
4800
4801
4802
532
638
4807
4808
4809
4814
4815
4816
4821
4822
4823
534
641
4828
4829
4830
4834
4835
4837
538
645
4838
4839
4840
4842
4843
541
647
4845
4846
4848
4849
4851
4852
544
650
4854
4855
4857
4858
4860
4861
547
653
4863
4864
4866
4867
4869
4870
549
656
4872
4873
4877
4878
4883
4884
4885
554
660
4892
4893
4894
4901
4902
4903
558
4912
4913
4917
4918
4919
560
662
4924
4925
4926
562
663
4935
4936
4940
4941
4942
4947
4948
4949
565
4954
4955
4956
4961
4962
4963
567
667
4968
4969
4970
668
4975
4976
4977
569
669
4982
4983
4984
4989
4990
4991
4996
4997
4998
572
645
5003
5004
5005
5010
5011
5012
574
674
5017
5018
5019
675
5024
5025
5026
576
646
676
5031
5032
5033
5038
5039
5040
5045
5046
5047
579
647
5052
5053
5054
5059
5060
5061
581
681
5066
5067
5068
648
682
5073
5074
5075
583
649
683
5080
5081
5082
5087
5088
5089
5094
5095
5096
586
650
5101
5102
5103
5108
5109
5110
588
688
5115
5116
5117
651
689
5122
5123
5124
590
652
690
5129
5130
5131
5136
5137
5138
5143
5144
5145
593
653
5150
5151
5152
5157
5158
5159
595
695
5164
5165
5166
654
696
5171
5172
5173
597
655
697
5178
5179
5180
5185
5186
5187
5192
5193
5194
600
656
5199
5200
5201
5206
5207
5208
602
702
5213
5214
5215
657
703
5220
5221
5222
604
658
704
5227
5228
5229
5234
5235
5236
5241
5242
5243
607
5248
5249
5250
5255
5256
5257
609
709
5262
5263
5264
659
710
5269
5270
5271
611
711
5276
5277
5278
5283
5284
5285
5290
5291
5292
614
5297
5298
5299
5304
5305
5306
616
716
5311
5312
5313
717
5318
5319
5320
618
718
5325
5326
5327
5332
5333
5334
5339
5340
5341
621
5346
5347
5348
5353
5354
5355
623
723
5360
5361
5362
724
5367
5368
5369
625
725
5374
5375
5376
5381
5382
5383
5388
5389
5390
628
5395
5396
5397
5402
5403
5404
629
730
5409
5410
5411
731
5416
5417
5418
631
732
5423
5424
5425
5430
5431
5432
5437
5438
5439
5448
5449
5450
633
737
5455
5456
5457
738
5462
5463
5464
5473
5474
5475
5488
5489
5490
636
742
5495
5496
5497
5510
5511
5512
5525
5526
5527
639
745
5532
5533
5534
5547
5548
5549
5554
5555
5556
642
748
5561
5562
5563
5568
5569
5570
5575
5576
5577
644
751
5582
5583
5584
5588
5589
5591
648
755
5592
5593
5594
5596
5597
651
757
5599
5600
5602
5603
5605
5606
654
760
5608
5609
5611
5612
5614
5615
657
763
5617
5618
5620
5621
5623
5624
659
766
5626
5627
5631
5632
5637
5638
5639
664
770
5646
5647
5648
5655
5656
5657
668
5666
5667
5671
5672
5673
670
772
5678
5679
5680
672
773
5689
5690
5694
5695
5696
5701
5702
5703
675
5708
5709
5710
5715
5716
5717
677
777
5722
5723
5724
778
5729
5730
5731
679
779
5736
5737
5738
5743
5744
5745
5750
5751
5752
682
755
5757
5758
5759
5764
5765
5766
684
784
5771
5772
5773
785
5778
5779
5780
686
756
786
5785
5786
5787
5792
5793
5794
5799
5800
5801
689
757
5806
5807
5808
5813
5814
5815
691
791
5820
5821
5822
758
792
5827
5828
5829
693
759
793
5834
5835
5836
5841
5842
5843
5848
5849
5850
696
760
5855
5856
5857
5862
5863
5864
698
798
5869
5870
5871
761
799
5876
5877
5878
700
762
800
5883
5884
5885
5890
5891
5892
5897
5898
5899
703
763
5904
5905
5906
5911
5912
5913
705
805
5918
5919
5920
764
806
5925
5926
5927
707
765
807
5932
5933
5934
5939
5940
5941
5946
5947
5948
710
766
5953
5954
5955
5960
5961
5962
712
812
5967
5968
5969
767
813
5974
5975
5976
714
768
814
5981
5982
5983
5988
5989
5990
5995
5996
5997
717
6002
6003
6004
6009
6010
6011
719
819
6016
6017
6018
769
820
6023
6024
6025
721
821
6030
6031
6032
6037
6038
6039
6044
6045
6046
724
6051
6052
6053
6058
6059
6060
726
826
6065
6066
6067
827
6072
6073
6074
728
828
6079
6080
6081
6086
6087
6088
6093
6094
6095
731
6100
6101
6102
6107
6108
6109
733
833
6114
6115
6116
834
6121
6122
6123
735
835
6128
6129
6130
6135
6136
6137
6142
6143
6144
738
6149
6150
6151
6156
6157
6158
739
840
6163
6164
6165
841
6170
6171
6172
741
842
6177
6178
6179
6184
6185
6186
6191
6192
6193
6202
6203
6204
743
847
6209
6210
6211
848
6216
6217
6218
6227
6228
6229
6242
6243
6244
746
852
6249
6250
6251
6264
6265
6266
6279
6280
6281
749
855
6286
6287
6288
6301
6302
6303
6308
6309
6310
752
858
6315
6316
6317
6322
6323
6324
6329
6330
6331
754
861
6336
6337
6338
6342
6343
6345
758
865
6346
6347
6348
6350
6351
761
867
6353
6354
6356
6357
6359
6360
764
870
6362
6363
6365
6366
6368
6369
767
873
6371
6372
6374
6375
6377
6378
769
876
6380
6381
6385
6386
6391
6392
6393
774
880
6400
6401
6402
6409
6410
6411
778
6420
6421
6425
6426
6427
780
882
6432
6433
6434
782
883
6443
6444
6448
6449
6450
6455
6456
6457
785
6462
6463
6464
6469
6470
6471
787
887
6476
6477
6478
888
6483
6484
6485
789
889
6490
6491
6492
6497
6498
6499
6504
6505
6506
792
865
6511
6512
6513
6518
6519
6520
794
894
6525
6526
6527
895
6532
6533
6534
796
866
896
6539
6540
6541
6546
6547
6548
6553
6554
6555
799
867
6560
6561
6562
6567
6568
6569
801
901
6574
6575
6576
868
902
6581
6582
6583
803
869
903
6588
6589
6590
6595
6596
6597
6602
6603
6604
806
870
6609
6610
6611
6616
6617
6618
808
908
6623
6624
6625
871
909
6630
6631
6632
810
872
910
6637
6638
6639
6644
6645
6646
6651
6652
6653
813
873
6658
6659
6660
6665
6666
6667
815
915
6672
6673
6674
874
916
6679
6680
6681
817
875
917
6686
6687
6688
6693
6694
6695
6700
6701
6702
820
876
6707
6708
6709
6714
6715
6716
822
922
6721
6722
6723
877
923
6728
6729
6730
824
878
924
6735
6736
6737
6742
6743
6744
6749
6750
6751
827
6756
6757
6758
6763
6764
6765
829
929
6770
6771
6772
879
930
6777
6778
6779
831
931
6784
6785
6786
6791
6792
6793
6798
6799
6800
834
6805
6806
6807
6812
6813
6814
836
936
6819
6820
6821
937
6826
6827
6828
838
938
6833
6834
6835
6840
6841
6842
6847
6848
6849
841
6854
6855
6856
6861
6862
6863
843
943
6868
6869
6870
944
6875
6876
6877
845
945
6882
6883
6884
6889
6890
6891
6896
6897
6898
848
6903
6904
6905
6910
6911
6912
849
950
6917
6918
6919
951
6924
6925
6926
851
952
6931
6932
6933
6938
6939
6940
6945
6946
6947
6956
6957
6958
853
957
6963
6964
6965
958
6970
6971
6972
6981
6982
6983
6996
6997
6998
856
962
7003
7004
7005
7018
7019
7020
7033
7034
7035
859
965
7040
7041
7042
7055
7056
7057
7062
7063
7064
862
968
7069
7070
7071
7076
7077
7078
7083
7084
7085
864
971
7090
7091
7092
7096
7097
7099
868
975
7100
7101
7102
7104
7105
871
977
7107
7108
7110
7111
7113
7114
874
980
7116
7117
7119
7120
7122
7123
877
983
7125
7126
7128
7129
7131
7132
879
986
7134
7135
7139
7140
7145
7146
7147
884
990
7154
7155
7156
7163
7164
7165
888
7174
7175
7179
7180
7181
890
992
7186
7187
7188
892
993
7197
7198
7202
7203
7204
7209
7210
7211
895
7216
7217
7218
7223
7224
7225
897
997
7230
7231
7232
998
7237
7238
7239
899
999
7244
7245
7246
7251
7252
7253
7258
7259
7260
902
975
7265
7266
7267
7272
7273
7274
904
1004
7279
7280
7281
1005
7286
7287
7288
906
976
1006
7293
7294
7295
7300
7301
7302
7307
7308
7309
909
977
7314
7315
7316
7321
7322
7323
911
1011
7328
7329
7330
978
1012
7335
7336
7337
913
979
1013
7342
7343
7344
7349
7350
7351
7356
7357
7358
916
980
7363
7364
7365
7370
7371
7372
918
1018
7377
7378
7379
981
1019
7384
7385
7386
920
982
1020
7391
7392
7393
7398
7399
7400
7405
7406
7407
923
983
7412
7413
7414
7419
7420
7421
925
1025
7426
7427
7428
984
1026
7433
7434
7435
927
985
1027
7440
7441
7442
7447
7448
7449
7454
7455
7456
930
986
7461
7462
7463
7468
7469
7470
932
1032
7475
7476
7477
987
1033
7482
7483
7484
934
988
1034
7489
7490
7491
7496
7497
7498
7503
7504
7505
937
7510
7511
7512
7517
7518
7519
939
1039
7524
7525
7526
989
1040
7531
7532
7533
941
1041
7538
7539
7540
7545
7546
7547
7552
7553
7554
944
7559
7560
7561
7566
7567
7568
946
1046
7573
7574
7575
1047
7580
7581
7582
948
1048
7587
7588
7589
7594
7595
7596
7601
7602
7603
951
7608
7609
7610
7615
7616
7617
953
1053
7622
7623
7624
1054
7629
7630
7631
955
1055
7636
7637
7638
7643
7644
7645
7650
7651
7652
958
7657
7658
7659
7664
7665
7666
959
1060
7671
7672
7673
1061
7678
7679
7680
961
1062
7685
7686
7687
7692
7693
7694
7699
7700
7701
7710
7711
7712
963
1067
7717
7718
7719
1068
7724
7725
7726
7735
7736
7737
7750
7751
7752
966
1072
7757
7758
7759
7772
7773
7774
7787
7788
7789
969
1075
7794
7795
7796
7809
7810
7811
7816
7817
7818
972
1078
7823
7824
7825
7830
7831
7832
7837
7838
7839
974
1081
7844
7845
7846
7850
7851
7853
978
1085
7854
7855
7856
7858
7859
981
1087
7861
7862
7864
7865
7867
7868
984
1090
7870
7871
7873
7874
7876
7877
987
1093
7879
7880
7882
7883
7885
7886
989
1096
7888
7889
7893
7894
7899
7900
7901
994
1100
7908
7909
7910
7917
7918
7919
998
7928
7929
7933
7934
7935
1000
1102
7940
7941
7942
1002
1103
7951
7952
7956
7957
7958
7963
7964
7965
1005
7970
7971
7972
7977
7978
7979
1007
1107
7984
7985
7986
1108
7991
7992
7993
1009
1109
7998
7999
8000
8005
8006
8007
8012
8013
8014
1012
1085
8019
8020
8021
8026
8027
8028
1014
1114
8033
8034
8035
1115
8040
8041
8042
1016
1086
1116
8047
8048
8049
8054
8055
8056
8061
8062
8063
1019
1087
8068
8069
8070
8075
8076
8077
1021
1121
8082
8083
8084
1088
1122
8089
8090
8091
1023
1089
1123
8096
8097
8098
8103
8104
8105
8110
8111
8112
1026
1090
8117
8118
8119
8124
8125
8126
1028
1128
8131
8132
8133
1091
1129
8138
8139
8140
1030
1092
1130
8145
8146
8147
8152
8153
8154
8159
8160
8161
1033
1093
8166
8167
8168
8173
8174
8175
1035
1135
8180
8181
8182
1094
1136
8187
8188
8189
1037
1095
1137
8194
8195
8196
8201
8202
8203
8208
8209
8210
1040
1096
8215
8216
8217
8222
8223
8224
1042
1142
8229
8230
8231
1097
1143
8236
8237
8238
1044
1098
1144
8243
8244
8245
8250
8251
8252
8257
8258
8259
1047
8264
8265
8266
8271
8272
8273
1049
1149
8278
8279
8280
1099
1150
8285
8286
8287
1051
1151
8292
8293
8294
8299
8300
8301
8306
8307
8308
1054
8313
8314
8315
8320
8321
8322
1056
1156
8327
8328
8329
1157
8334
8335
8336
1058
1158
8341
8342
8343
8348
8349
8350
8355
8356
8357
1061
8362
8363
8364
8369
8370
8371
1063
1163
8376
8377
8378
1164
8383
8384
8385
1065
1165
8390
8391
8392
8397
8398
8399
8404
8405
8406
1068
8411
8412
8413
8418
8419
8420
1069
1170
8425
8426
8427
1171
8432
8433
8434
1071
1172
8439
8440
8441
8446
8447
8448
8453
8454
8455
8464
8465
8466
1073
1177
8471
8472
8473
1178
8478
8479
8480
8489
8490
8491
8504
8505
8506
1076
1182
8511
8512
8513
8526
8527
8528
8541
8542
8543
1079
1185
8548
8549
8550
8563
8564
8565
8570
8571
8572
1082
1188
8577
8578
8579
8584
8585
8586
8591
8592
8593
1084
1191
8598
8599
8600
8604
8605
8607
1088
1195
8608
8609
8610
8612
8613
1091
1197
8615
8616
8618
8619
8621
8622
1094
1200
8624
8625
8627
8628
8630
8631
1097
1203
8633
8634
8636
8637
8639
8640
1099
1206
8642
8643
8647
8648
8653
8654
8655
1104
1210
8662
8663
8664
8671
8672
8673
1108
8682
8683
8687
8688
8689
1110
1212
8694
8695
8696
1112
1213
8705
8706
8710
8711
8712
8717
8718
8719
1115
8724
8725
8726
8731
8732
8733
1117
1217
8738
8739
8740
1218
8745
8746
8747
1119
1219
8752
8753
8754
8759
8760
8761
8766
8767
8768
1122
1195
8773
8774
8775
8780
8781
8782
1124
1224
8787
8788
8789
1225
8794
8795
8796
1126
1196
1226
8801
8802
8803
8808
8809
8810
8815
8816
8817
1129
1197
8822
8823
8824
8829
8830
8831
1131
1231
8836
8837
8838
1198
1232
8843
8844
8845
1133
1199
1233
8850
8851
8852
8857
8858
8859
8864
8865
8866
1136
1200
8871
8872
8873
8878
8879
8880
1138
1238
8885
8886
8887
1201
1239
8892
8893
8894
1140
1202
1240
8899
8900
8901
8906
8907
8908
8913
8914
8915
1143
1203
8920
8921
8922
8927
8928
8929
1145
1245
8934
8935
8936
1204
1246
8941
8942
8943
1147
1205
1247
8948
8949
8950
8955
8956
8957
8962
8963
8964
1150
1206
8969
8970
8971
8976
8977
8978
1152
1252
8983
8984
8985
1207
1253
8990
8991
8992
1154
1208
1254
8997
8998
8999
9004
9005
9006
9011
9012
9013
1157
9018
9019
9020
9025
9026
9027
1159
1259
9032
9033
9034
1209
1260
9039
9040
9041
1161
1261
9046
9047
9048
9053
9054
9055
9060
9061
9062
1164
9067
9068
9069
9074
9075
9076
1166
1266
9081
9082
9083
1267
9088
9089
9090
1168
1268
9095
9096
9097
9102
9103
9104
9109
9110
9111
1171
9116
9117
9118
9123
9124
9125
1173
1273
9130
9131
9132
1274
9137
9138
9139
1175
1275
9144
9145
9146
9151
9152
9153
9158
9159
9160
1178
9165
9166
9167
9172
9173
9174
1179
1280
9179
9180
9181
1281
9186
9187
9188
1181
1282
9193
9194
9195
9200
9201
9202
9207
9208
9209
9218
9219
9220
1183
1287
9225
9226
9227
1288
9232
9233
9234
9243
9244
9245
9258
9259
9260
1186
1292
9265
9266
9267
9280
9281
9282
9295
9296
9297
1189
1295
9302
9303
9304
9317
9318
9319
9324
9325
9326
1192
1298
9331
9332
9333
9338
9339
9340
9345
9346
9347
1194
1301
9352
9353
9354
9358
9359
9361
1198
1305
9362
9363
9364
9366
9367
1201
1307
9369
9370
9372
9373
9375
9376
1204
1310
9378
9379
9381
9382
9384
9385
1207
1313
9387
9388
9390
9391
9393
9394
1209
1316
9396
9397
9401
9402
9407
9408
9409
1214
9416
9417
9418
9425
9426
9427
1218
9436
9437
9441
9442
9443
1220
9448
9449
9450
1222
9459
9460
9464
9465
9466
9471
9472
9473
1225
9478
9479
9480
9485
9486
9487
1227
9492
9493
9494
9499
9500
9501
1229
9506
9507
9508
9513
9514
9515
9520
9521
9522
1232
1305
9527
9528
9529
9534
9535
9536
1234
9541
9542
9543
9548
9549
9550
1236
1306
9555
9556
9557
9562
9563
9564
9569
9570
9571
1239
1307
9576
9577
9578
9583
9584
9585
1241
9590
9591
9592
1308
9597
9598
9599
1243
1309
9604
9605
9606
9611
9612
9613
9618
9619
9620
1246
1310
9625
9626
9627
9632
9633
9634
1248
9639
9640
9641
1311
9646
9647
9648
1250
1312
9653
9654
9655
9660
9661
9662
9667
9668
9669
1253
1313
9674
9675
9676
9681
9682
9683
1255
9688
9689
9690
1314
9695
9696
9697
1257
1315
9702
9703
9704
9709
9710
9711
9716
9717
9718
1260
1316
9723
9724
9725
9730
9731
9732
1262
9737
9738
9739
1317
9744
9745
9746
1264
1318
9751
9752
9753
9758
9759
9760
9765
9766
9767
1267
9772
9773
9774
9779
9780
9781
1269
9786
9787
9788
1319
9793
9794
9795
1271
9800
9801
9802
9807
9808
9809
9814
9815
9816
1274
9821
9822
9823
9828
9829
9830
1276
9835
9836
9837
9842
9843
9844
1278
9849
9850
9851
9856
9857
9858
9863
9864
9865
1281
9870
9871
9872
9877
9878
9879
1283
9884
9885
9886
9891
9892
9893
1285
9898
9899
9900
9905
9906
9907
9912
9913
9914
1288
9919
9920
9921
9926
9927
9928
1289
9933
9934
9935
9940
9941
9942
1291
9947
9948
9949
9954
9955
9956
9961
9962
9963
9972
9973
9974
1293
9979
9980
9981
9986
9987
9988
9997
9998
9999
10012
10013
10014
1296
10019
10020
10021
10034
10035
10036
10049
10050
10051
1299
10056
10057
10058
10071
10072
10073
10078
10079
10080
1302
10085
10086
10087
10092
10093
10094
10099
10100
10101
1304
10106
10107
10108
10112
10113
10115
1308
10116
10117
10118
10120
10121
1311
10123
10124
10126
10127
10129
10130
1314
10132
10133
10135
10136
10138
10139
1317
10141
10142
10144
10145
10147
10148
1319
10150
10151
10155
10156
1324
1325
1326
2638
2645
2654
1325
1326
2639
1324
1326
2622
2646
1324
1325
2623
2655
2624
2647
2658
2643
2660
2644
2648
1331
1332
1333
2677
2684
2698
1332
1333
2678
1331
1333
2640
2685
1331
1332
2641
2699
2642
2688
2702
2682
2704
2683
2690
1338
1339
1340
2726
2733
2747
1339
1340
2727
1338
1340
2679
2734
1338
1339
2680
2748
2681
2737
2751
2731
2753
2732
2739
1345
1346
1347
2775
2782
2796
1346
1347
2776
1345
1347
2728
2783
1345
1346
2729
2797
2730
2786
2800
2780
2802
2781
2788
1352
1353
1354
2824
2831
2845
1353
1354
2825
1352
1354
2777
2832
1352
1353
2778
2846
2779
2835
2849
2829
2851
2830
2837
1359
1360
1361
2873
2880
2894
1360
1361
2874
1359
1361
2826
2881
1359
1360
2827
2895
2828
2884
2898
2878
2900
2879
2886
1366
1367
1368
2922
2929
2943
1367
1368
2923
1366
1368
2875
2930
1366
1367
2876
2944
2877
2933
2947
2927
2949
2928
2935
1373
1374
1375
2971
2978
2992
1374
1375
2972
1373
1375
2924
2979
1373
1374
2925
2993
2926
2982
2996
2976
2998
2977
2984
1380
1381
1382
3020
3027
3041
1381
1382
3021
1380
1382
2973
3028
1380
1381
2974
3042
2975
3031
3045
3025
3047
3026
3033
1387
1388
1389
3069
3076
3090
1388
1389
3070
1387
1389
3022
3077
1387
1388
3023
3091
3024
3080
3094
3074
3096
3075
3082
1394
1395
1396
3118
3125
3139
1395
1396
3119
1394
1396
3071
3126
1394
1395
3072
3140
3073
3129
3143
3123
3145
3124
3131
1401
1402
1403
3167
3174
3185
1402
1403
3168
1401
1403
3120
3175
1401
1402
3121
3186
3122
3178
3189
3172
3191
3173
3180
1408
1409
1410
3210
3217
3225
1409
1410
3211
1408
1410
3169
3218
1408
1409
3170
3226
3171
3219
3229
3215
3231
3216
3220
1415
1416
1417
3247
3254
3262
1416
1417
3248
1415
1417
3212
3255
1415
1416
3213
3263
3214
3256
3266
3252
3268
3253
3257
1422
1423
1424
3284
3291
1423
1424
3285
1422
1424
3249
1422
1423
3250
3292
3251
3295
3289
3297
3290
1429
1430
1431
3305
3312
1430
1431
3306
1429
1431
3286
1429
1430
3287
3313
3288
3316
3310
3318
3311
1434
3307
1434
3308
3326
3309
3328
1437
2784
3331
1437
2785
3329
3334
2787
3333
3336
1440
2833
3340
1440
2834
3332
3343
2836
3342
3345
1443
2882
3349
1443
2883
3341
3352
2885
3351
3354
1446
2931
3358
1446
2932
3350
3361
2934
3360
3363
1449
2980
3367
1449
2981
3359
3369
2983
3368
3371
1454
1455
1456
3392
3399
3408
1454
1456
2656
3393
1454
1455
2657
3376
3400
1455
1456
3377
3409
2659
3396
3401
3379
3402
3412
3398
3414
1461
1462
1463
3431
3438
3452
1461
1463
2700
3432
1461
1462
2701
3394
3439
1462
1463
3395
3453
2703
3435
3442
3397
3443
3456
3437
3458
1468
1469
1470
3480
3487
3501
1468
1470
2749
3481
1468
1469
2750
3433
3488
1469
1470
3434
3502
2752
3484
3491
3436
3492
3505
3486
3507
1475
1476
1477
3529
3536
3550
1475
1477
2798
3530
1475
1476
2799
3482
3537
1476
1477
3483
3551
2801
3533
3540
3485
3541
3554
3535
3556
1482
1483
1484
3578
3585
3599
1482
1484
2847
3579
1482
1483
2848
3531
3586
1483
1484
3532
3600
2850
3582
3589
3534
3590
3603
3584
3605
1489
1490
1491
3627
3634
3648
1489
1491
2896
3628
1489
1490
2897
3580
3635
1490
1491
3581
3649
2899
3631
3638
3583
3639
3652
3633
3654
1496
1497
1498
3676
3683
3697
1496
1498
2945
3677
1496
1497
2946
3629
3684
1497
1498
3630
3698
2948
3680
3687
3632
3688
3701
3682
3703
1503
1504
1505
3725
3732
3746
1503
1505
2994
3726
1503
1504
2995
3678
3733
1504
1505
3679
3747
2997
3729
3736
3681
3737
3750
3731
3752
1510
1511
1512
3774
3781
3795
1510
1512
3043
3775
1510
1511
3044
3727
3782
1511
1512
3728
3796
3046
3778
3785
3730
3786
3799
3780
3801
1517
1518
1519
3823
3830
3844
1517
1519
3092
3824
1517
1518
3093
3776
3831
1518
1519
3777
3845
3095
3827
3834
3779
3835
3848
3829
3850
1524
1525
1526
3872
3879
3893
1524
1526
3141
3873
1524
1525
3142
3825
3880
1525
1526
3826
3894
3144
3876
3883
3828
3884
3897
3878
3899
1531
1532
1533
3921
3928
3939
1531
1533
3187
3922
1531
1532
3188
3874
3929
1532
1533
3875
3940
3190
3925
3932
3877
3933
3943
3927
3945
1538
1539
1540
3964
3971
3979
1538
1540
3227
3965
1538
1539
3228
3923
3972
1539
1540
3924
3980
3230
3968
3973
3926
3974
3983
3970
3985
1545
1546
1547
4001
4008
4016
1545
1547
3264
4002
1545
1546
3265
3966
4009
1546
1547
3967
4017
3267
4005
4010
3969
4011
4020
4007
4022
1552
1553
1554
4038
4045
1552
1554
3293
4039
1552
1553
3294
4003
1553
1554
4004
4046
3296
4042
4006
4049
4044
4051
1559
1560
1561
4059
4066
1559
1561
3314
4060
1559
1560
3315
4040
1560
1561
4041
4067
3317
4063
4043
4070
4065
4072
1564
3327
4061
1564
4062
4080
4064
4082
1567
3335
3538
4085
1567
3539
4083
4088
3542
4087
4090
1570
3344
3587
4094
1570
3588
4086
4097
3591
4096
4099
1573
3353
3636
4103
1573
3637
4095
4106
3640
4105
4108
1576
3362
3685
4112
1576
3686
4104
4115
3689
4114
4117
1579
3370
3734
4121
1579
3735
4113
4123
3738
4122
4125
1584
1585
1586
4146
4153
4162
1584
1586
3410
4147
1584
1585
3411
4130
4154
1585
1586
4131
4163
3413
4150
4155
4133
4156
4166
4152
4168
1591
1592
1593
4185
4192
4206
1591
1593
3454
4186
1591
1592
3455
4148
4193
1592
1593
4149
4207
3457
4189
4196
4151
4197
4210
4191
4212
1598
1599
1600
4234
4241
4255
1598
1600
3503
4235
1598
1599
3504
4187
4242
1599
1600
4188
4256
3506
4238
4245
4190
4246
4259
4240
4261
1605
1606
1607
4283
4290
4304
1605
1607
3552
4284
1605
1606
3553
4236
4291
1606
1607
4237
4305
3555
4287
4294
4239
4295
4308
4289
4310
1612
1613
1614
4332
4339
4353
1612
1614
3601
4333
1612
1613
3602
4285
4340
1613
1614
4286
4354
3604
4336
4343
4288
4344
4357
4338
4359
1619
1620
1621
4381
4388
4402
1619
1621
3650
4382
1619
1620
3651
4334
4389
1620
1621
4335
4403
3653
4385
4392
4337
4393
4406
4387
4408
1626
1627
1628
4430
4437
4451
1626
1628
3699
4431
1626
1627
3700
4383
4438
1627
1628
4384
4452
3702
4434
4441
4386
4442
4455
4436
4457
1633
1634
1635
4479
4486
4500
1633
1635
3748
4480
1633
1634
3749
4432
4487
1634
1635
4433
4501
3751
4483
4490
4435
4491
4504
4485
4506
1640
1641
1642
4528
4535
4549
1640
1642
3797
4529
1640
1641
3798
4481
4536
1641
1642
4482
4550
3800
4532
4539
4484
4540
4553
4534
4555
1647
1648
1649
4577
4584
4598
1647
1649
3846
4578
1647
1648
3847
4530
4585
1648
1649
4531
4599
3849
4581
4588
4533
4589
4602
4583
4604
1654
1655
1656
4626
4633
4647
1654
1656
3895
4627
1654
1655
3896
4579
4634
1655
1656
4580
4648
3898
4630
4637
4582
4638
4651
4632
4653
1661
1662
1663
4675
4682
4693
1661
1663
3941
4676
1661
1662
3942
4628
4683
1662
1663
4629
4694
3944
4679
4686
4631
4687
4697
4681
4699
1668
1669
1670
4718
4725
4733
1668
1670
3981
4719
1668
1669
3982
4677
4726
1669
1670
4678
4734
3984
4722
4727
4680
4728
4737
4724
4739
1675
1676
1677
4755
4762
4770
1675
1677
4018
4756
1675
1676
4019
4720
4763
1676
1677
4721
4771
4021
4759
4764
4723
4765
4774
4761
4776
1682
1683
1684
4792
4799
1682
1684
4047
4793
1682
1683
4048
4757
1683
1684
4758
4800
4050
4796
4760
4803
4798
4805
1689
1690
1691
4813
4820
1689
1691
4068
4814
1689
1690
4069
4794
1690
1691
4795
4821
4071
4817
4797
4824
4819
4826
1694
4081
4815
1694
4816
4834
4818
4836
1697
4089
4292
4839
1697
4293
4837
4842
4296
4841
4844
1700
4098
4341
4848
1700
4342
4840
4851
4345
4850
4853
1703
4107
4390
4857
1703
4391
4849
4860
4394
4859
4862
1706
4116
4439
4866
1706
4440
4858
4869
4443
4868
4871
1709
4124
4488
4875
1709
4489
4867
4877
4492
4876
4879
1714
1715
1716
4900
4907
4916
1714
1716
4164
4901
1714
1715
4165
4884
4908
1715
1716
4885
4917
4167
4904
4909
4887
4910
4920
4906
4922
1721
1722
1723
4939
4946
4960
1721
1723
4208
4940
1721
1722
4209
4902
4947
1722
1723
4903
4961
4211
4943
4950
4905
4951
4964
4945
4966
1728
1729
1730
4988
4995
5009
1728
1730
4257
4989
1728
1729
4258
4941
4996
1729
1730
4942
5010
4260
4992
4999
4944
5000
5013
4994
5015
1735
1736
1737
5037
5044
5058
1735
1737
4306
5038
1735
1736
4307
4990
5045
1736
1737
4991
5059
4309
5041
5048
4993
5049
5062
5043
5064
1742
1743
1744
5086
5093
5107
1742
1744
4355
5087
1742
1743
4356
5039
5094
1743
1744
5040
5108
4358
5090
5097
5042
5098
5111
5092
5113
1749
1750
1751
5135
5142
5156
1749
1751
4404
5136
1749
1750
4405
5088
5143
1750
1751
5089
5157
4407
5139
5146
5091
5147
5160
5141
5162
1756
1757
1758
5184
5191
5205
1756
1758
4453
5185
1756
1757
4454
5137
5192
1757
1758
5138
5206
4456
5188
5195
5140
5196
5209
5190
5211
1763
1764
1765
5233
5240
5254
1763
1765
4502
5234
1763
1764
4503
5186
5241
1764
1765
5187
5255
4505
5237
5244
5189
5245
5258
5239
5260
1770
1771
1772
5282
5289
5303
1770
1772
4551
5283
1770
1771
4552
5235
5290
1771
1772
5236
5304
4554
5286
5293
5238
5294
5307
5288
5309
1777
1778
1779
5331
5338
5352
1777
1779
4600
5332
1777
1778
4601
5284
5339
1778
1779
5285
5353
4603
5335
5342
5287
5343
5356
5337
5358
1784
1785
1786
5380
5387
5401
1784
1786
4649
5381
1784
1785
4650
5333
5388
1785
1786
5334
5402
4652
5384
5391
5336
5392
5405
5386
5407
1791
1792
1793
5429
5436
5447
1791
1793
4695
5430
1791
1792
4696
5382
5437
1792
1793
5383
5448
4698
5433
5440
5385
5441
5451
5435
5453
1798
1799
1800
5472
5479
5487
1798
1800
4735
5473
1798
1799
4736
5431
5480
1799
1800
5432
5488
4738
5476
5481
5434
5482
5491
5478
5493
1805
1806
1807
5509
5516
5524
1805
1807
4772
5510
1805
1806
4773
5474
5517
1806
1807
5475
5525
4775
5513
5518
5477
5519
5528
5515
5530
1812
1813
1814
5546
5553
1812
1814
4801
5547
1812
1813
4802
5511
1813
1814
5512
5554
4804
5550
5514
5557
5552
5559
1819
1820
1821
5567
5574
1819
1821
4822
5568
1819
1820
4823
5548
1820
1821
5549
5575
4825
5571
5551
5578
5573
5580
1824
4835
5569
1824
5570
5588
5572
5590
1827
4843
5046
5593
1827
5047
5591
5596
5050
5595
5598
1830
4852
5095
5602
1830
5096
5594
5605
5099
5604
5607
1833
4861
5144
5611
1833
5145
5603
5614
5148
5613
5616
1836
4870
5193
5620
1836
5194
5612
5623
5197
5622
5625
1839
4878
5242
5629
1839
5243
5621
5631
5246
5630
5633
1844
1845
1846
5654
5661
5670
1844
1846
4918
5655
1844
1845
4919
5638
5662
1845
1846
5639
5671
4921
5658
5663
5641
5664
5674
5660
5676
1851
1852
1853
5693
5700
5714
1851
1853
4962
5694
1851
1852
4963
5656
5701
1852
1853
5657
5715
4965
5697
5704
5659
5705
5718
5699
5720
1858
1859
1860
5742
5749
5763
1858
1860
5011
5743
1858
1859
5012
5695
5750
1859
1860
5696
5764
5014
5746
5753
5698
5754
5767
5748
5769
1865
1866
1867
5791
5798
5812
1865
1867
5060
5792
1865
1866
5061
5744
5799
1866
1867
5745
5813
5063
5795
5802
5747
5803
5816
5797
5818
1872
1873
1874
5840
5847
5861
1872
1874
5109
5841
1872
1873
5110
5793
5848
1873
1874
5794
5862
5112
5844
5851
5796
5852
5865
5846
5867
1879
1880
1881
5889
5896
5910
1879
1881
5158
5890
1879
1880
5159
5842
5897
1880
1881
5843
5911
5161
5893
5900
5845
5901
5914
5895
5916
1886
1887
1888
5938
5945
5959
1886
1888
5207
5939
1886
1887
5208
5891
5946
1887
1888
5892
5960
5210
5942
5949
5894
5950
5963
5944
5965
1893
1894
1895
5987
5994
6008
1893
1895
5256
5988
1893
1894
5257
5940
5995
1894
1895
5941
6009
5259
5991
5998
5943
5999
6012
5993
6014
1900
1901
1902
6036
6043
6057
1900
1902
5305
6037
1900
1901
5306
5989
6044
1901
1902
5990
6058
5308
6040
6047
5992
6048
6061
6042
6063
1907
1908
1909
6085
6092
6106
1907
1909
5354
6086
1907
1908
5355
6038
6093
1908
1909
6039
6107
5357
6089
6096
6041
6097
6110
6091
6112
1914
1915
1916
6134
6141
6155
1914
1916
5403
6135
1914
1915
5404
6087
6142
1915
1916
6088
6156
5406
6138
6145
6090
6146
6159
6140
6161
1921
1922
1923
6183
6190
6201
1921
1923
5449
6184
1921
1922
5450
6136
6191
1922
1923
6137
6202
5452
6187
6194
6139
6195
6205
6189
6207
1928
1929
1930
6226
6233
6241
1928
1930
5489
6227
1928
1929
5490
6185
6234
1929
1930
6186
6242
5492
6230
6235
6188
6236
6245
6232
6247
1935
1936
1937
6263
6270
6278
1935
1937
5526
6264
1935
1936
5527
6228
6271
1936
1937
6229
6279
5529
6267
6272
6231
6273
6282
6269
6284
1942
1943
1944
6300
6307
1942
1944
5555
6301
1942
1943
5556
6265
1943
1944
6266
6308
5558
6304
6268
6311
6306
6313
1949
1950
1951
6321
6328
1949
1951
5576
6322
1949
1950
5577
6302
1950
1951
6303
6329
5579
6325
6305
6332
6327
6334
1954
5589
6323
1954
6324
6342
6326
6344
1957
5597
5800
6347
1957
5801
6345
6350
5804
6349
6352
1960
5606
5849
6356
1960
5850
6348
6359
5853
6358
6361
1963
5615
5898
6365
1963
5899
6357
6368
5902
6367
6370
1966
5624
5947
6374
1966
5948
6366
6377
5951
6376
6379
1969
5632
5996
6383
1969
5997
6375
6385
6000
6384
6387
1974
1975
1976
6408
6415
6424
1974
1976
5672
6409
1974
1975
5673
6392
6416
1975
1976
6393
6425
5675
6412
6417
6395
6418
6428
6414
6430
1981
1982
1983
6447
6454
6468
1981
1983
5716
6448
1981
1982
5717
6410
6455
1982
1983
6411
6469
5719
6451
6458
6413
6459
6472
6453
6474
1988
1989
1990
6496
6503
6517
1988
1990
5765
6497
1988
1989
5766
6449
6504
1989
1990
6450
6518
5768
6500
6507
6452
6508
6521
6502
6523
1995
1996
1997
6545
6552
6566
1995
1997
5814
6546
1995
1996
5815
6498
6553
1996
1997
6499
6567
5817
6549
6556
6501
6557
6570
6551
6572
2002
2003
2004
6594
6601
6615
2002
2004
5863
6595
2002
2003
5864
6547
6602
2003
2004
6548
6616
5866
6598
6605
6550
6606
6619
6600
6621
2009
2010
2011
6643
6650
6664
2009
2011
5912
6644
2009
2010
5913
6596
6651
2010
2011
6597
6665
5915
6647
6654
6599
6655
6668
6649
6670
2016
2017
2018
6692
6699
6713
2016
2018
5961
6693
2016
2017
5962
6645
6700
2017
2018
6646
6714
5964
6696
6703
6648
6704
6717
6698
6719
2023
2024
2025
6741
6748
6762
2023
2025
6010
6742
2023
2024
6011
6694
6749
2024
2025
6695
6763
6013
6745
6752
6697
6753
6766
6747
6768
2030
2031
2032
6790
6797
6811
2030
2032
6059
6791
2030
2031
6060
6743
6798
2031
2032
6744
6812
6062
6794
6801
6746
6802
6815
6796
6817
2037
2038
2039
6839
6846
6860
2037
2039
6108
6840
2037
2038
6109
6792
6847
2038
2039
6793
6861
6111
6843
6850
6795
6851
6864
6845
6866
2044
2045
2046
6888
6895
6909
2044
2046
6157
6889
2044
2045
6158
6841
6896
2045
2046
6842
6910
6160
6892
6899
6844
6900
6913
6894
6915
2051
2052
2053
6937
6944
6955
2051
2053
6203
6938
2051
2052
6204
6890
6945
2052
2053
6891
6956
6206
6941
6948
6893
6949
6959
6943
6961
2058
2059
2060
6980
6987
6995
2058
2060
6243
6981
2058
2059
6244
6939
6988
2059
2060
6940
6996
6246
6984
6989
6942
6990
6999
6986
7001
2065
2066
2067
7017
7024
7032
2065
2067
6280
7018
2065
2066
6281
6982
7025
2066
2067
6983
7033
6283
7021
7026
6985
7027
7036
7023
7038
2072
2073
2074
7054
7061
2072
2074
6309
7055
2072
2073
6310
7019
2073
2074
7020
7062
6312
7058
7022
7065
7060
7067
2079
2080
2081
7075
7082
2079
2081
6330
7076
2079
2080
6331
7056
2080
2081
7057
7083
6333
7079
7059
7086
7081
7088
2084
6343
7077
2084
7078
7096
7080
7098
2087
6351
6554
7101
2087
6555
7099
7104
6558
7103
7106
2090
6360
6603
7110
2090
6604
7102
7113
6607
7112
7115
2093
6369
6652
7119
2093
6653
7111
7122
6656
7121
7124
2096
6378
6701
7128
2096
6702
7120
7131
6705
7130
7133
2099
6386
6750
7137
2099
6751
7129
7139
6754
7138
7141
2104
2105
2106
7162
7169
7178
2104
2106
6426
7163
2104
2105
6427
7146
7170
2105
2106
7147
7179
6429
7166
7171
7149
7172
7182
7168
7184
2111
2112
2113
7201
7208
7222
2111
2113
6470
7202
2111
2112
6471
7164
7209
2112
2113
7165
7223
6473
7205
7212
7167
7213
7226
7207
7228
2118
2119
2120
7250
7257
7271
2118
2120
6519
7251
2118
2119
6520
7203
7258
2119
2120
7204
7272
6522
7254
7261
7206
7262
7275
7256
7277
2125
2126
2127
7299
7306
7320
2125
2127
6568
7300
2125
2126
6569
7252
7307
2126
2127
7253
7321
6571
7303
7310
7255
7311
7324
7305
7326
2132
2133
2134
7348
7355
7369
2132
2134
6617
7349
2132
2133
6618
7301
7356
2133
2134
7302
7370
6620
7352
7359
7304
7360
7373
7354
7375
2139
2140
2141
7397
7404
7418
2139
2141
6666
7398
2139
2140
6667
7350
7405
2140
2141
7351
7419
6669
7401
7408
7353
7409
7422
7403
7424
2146
2147
2148
7446
7453
7467
2146
2148
6715
7447
2146
2147
6716
7399
7454
2147
2148
7400
7468
6718
7450
7457
7402
7458
7471
7452
7473
2153
2154
2155
7495
7502
7516
2153
2155
6764
7496
2153
2154
6765
7448
7503
2154
2155
7449
7517
6767
7499
7506
7451
7507
7520
7501
7522
2160
2161
2162
7544
7551
7565
2160
2162
6813
7545
2160
2161
6814
7497
7552
2161
2162
7498
7566
6816
7548
7555
7500
7556
7569
7550
7571
2167
2168
2169
7593
7600
7614
2167
2169
6862
7594
2167
2168
6863
7546
7601
2168
2169
7547
7615
6865
7597
7604
7549
7605
7618
7599
7620
2174
2175
2176
7642
7649
7663
2174
2176
6911
7643
2174
2175
6912
7595
7650
2175
2176
7596
7664
6914
7646
7653
7598
7654
7667
7648
7669
2181
2182
2183
7691
7698
7709
2181
2183
6957
7692
2181
2182
6958
7644
7699
2182
2183
7645
7710
6960
7695
7702
7647
7703
7713
7697
7715
2188
2189
2190
7734
7741
7749
2188
2190
6997
7735
2188
2189
6998
7693
7742
2189
2190
7694
7750
7000
7738
7743
7696
7744
7753
7740
7755
2195
2196
2197
7771
7778
7786
2195
2197
7034
7772
2195
2196
7035
7736
7779
2196
2197
7737
7787
7037
7775
7780
7739
7781
7790
7777
7792
2202
2203
2204
7808
7815
2202
2204
7063
7809
2202
2203
7064
7773
2203
2204
7774
7816
7066
7812
7776
7819
7814
7821
2209
2210
2211
7829
7836
2209
2211
7084
7830
2209
2210
7085
7810
2210
2211
7811
7837
7087
7833
7813
7840
7835
7842
2214
7097
7831
2214
7832
7850
7834
7852
2217
7105
7308
7855
2217
7309
7853
7858
7312
7857
7860
2220
7114
7357
7864
2220
7358
7856
7867
7361
7866
7869
2223
7123
7406
7873
2223
7407
7865
7876
7410
7875
7878
2226
7132
7455
7882
2226
7456
7874
7885
7459
7884
7887
2229
7140
7504
7891
2229
7505
7883
7893
7508
7892
7895
2234
2235
2236
7916
7923
7932
2234
2236
7180
7917
2234
2235
7181
7900
7924
2235
2236
7901
7933
7183
7920
7925
7903
7926
7936
7922
7938
2241
2242
2243
7955
7962
7976
2241
2243
7224
7956
2241
2242
7225
7918
7963
2242
2243
7919
7977
7227
7959
7966
7921
7967
7980
7961
7982
2248
2249
2250
8004
8011
8025
2248
2250
7273
8005
2248
2249
7274
7957
8012
2249
2250
7958
8026
7276
8008
8015
7960
8016
8029
8010
8031
2255
2256
2257
8053
8060
8074
2255
2257
7322
8054
2255
2256
7323
8006
8061
2256
2257
8007
8075
7325
8057
8064
8009
8065
8078
8059
8080
2262
2263
2264
8102
8109
8123
2262
2264
7371
8103
2262
2263
7372
8055
8110
2263
2264
8056
8124
7374
8106
8113
8058
8114
8127
8108
8129
2269
2270
2271
8151
8158
8172
2269
2271
7420
8152
2269
2270
7421
8104
8159
2270
2271
8105
8173
7423
8155
8162
8107
8163
8176
8157
8178
2276
2277
2278
8200
8207
8221
2276
2278
7469
8201
2276
2277
7470
8153
8208
2277
2278
8154
8222
7472
8204
8211
8156
8212
8225
8206
8227
2283
2284
2285
8249
8256
8270
2283
2285
7518
8250
2283
2284
7519
8202
8257
2284
2285
8203
8271
7521
8253
8260
8205
8261
8274
8255
8276
2290
2291
2292
8298
8305
8319
2290
2292
7567
8299
2290
2291
7568
8251
8306
2291
2292
8252
8320
7570
8302
8309
8254
8310
8323
8304
8325
2297
2298
2299
8347
8354
8368
2297
2299
7616
8348
2297
2298
7617
8300
8355
2298
2299
8301
8369
7619
8351
8358
8303
8359
8372
8353
8374
2304
2305
2306
8396
8403
8417
2304
2306
7665
8397
2304
2305
7666
8349
8404
2305
2306
8350
8418
7668
8400
8407
8352
8408
8421
8402
8423
2311
2312
2313
8445
8452
8463
2311
2313
7711
8446
2311
2312
7712
8398
8453
2312
2313
8399
8464
7714
8449
8456
8401
8457
8467
8451
8469
2318
2319
2320
8488
8495
8503
2318
2320
7751
8489
2318
2319
7752
8447
8496
2319
2320
8448
8504
7754
8492
8497
8450
8498
8507
8494
8509
2325
2326
2327
8525
8532
8540
2325
2327
7788
8526
2325
2326
7789
8490
8533
2326
2327
8491
8541
7791
8529
8534
8493
8535
8544
8531
8546
2332
2333
2334
8562
8569
2332
2334
7817
8563
2332
2333
7818
8527
2333
2334
8528
8570
7820
8566
8530
8573
8568
8575
2339
2340
2341
8583
8590
2339
2341
7838
8584
2339
2340
7839
8564
2340
2341
8565
8591
7841
8587
8567
8594
8589
8596
2344
7851
8585
2344
8586
8604
8588
8606
2347
7859
8062
8609
2347
8063
8607
8612
8066
8611
8614
2350
7868
8111
8618
2350
8112
8610
8621
8115
8620
8623
2353
7877
8160
8627
2353
8161
8619
8630
8164
8629
8632
2356
7886
8209
8636
2356
8210
8628
8639
8213
8638
8641
2359
7894
8258
8645
2359
8259
8637
8647
8262
8646
8649
2364
2365
2366
8670
8677
8686
2364
2366
7934
8671
2364
2365
7935
8654
8678
2365
2366
8655
8687
7937
8674
8679
8657
8680
8690
8676
8692
2371
2372
2373
8709
8716
8730
2371
2373
7978
8710
2371
2372
7979
8672
8717
2372
2373
8673
8731
7981
8713
8720
8675
8721
8734
8715
8736
2378
2379
2380
8758
8765
8779
2378
2380
8027
8759
2378
2379
8028
8711
8766
2379
2380
8712
8780
8030
8762
8769
8714
8770
8783
8764
8785
2385
2386
2387
8807
8814
8828
2385
2387
8076
8808
2385
2386
8077
8760
8815
2386
2387
8761
8829
8079
8811
8818
8763
8819
8832
8813
8834
2392
2393
2394
8856
8863
8877
2392
2394
8125
8857
2392
2393
8126
8809
8864
2393
2394
8810
8878
8128
8860
8867
8812
8868
8881
8862
8883
2399
2400
2401
8905
8912
8926
2399
2401
8174
8906
2399
2400
8175
8858
8913
2400
2401
8859
8927
8177
8909
8916
8861
8917
8930
8911
8932
2406
2407
2408
8954
8961
8975
2406
2408
8223
8955
2406
2407
8224
8907
8962
2407
2408
8908
8976
8226
8958
8965
8910
8966
8979
8960
8981
2413
2414
2415
9003
9010
9024
2413
2415
8272
9004
2413
2414
8273
8956
9011
2414
2415
8957
9025
8275
9007
9014
8959
9015
9028
9009
9030
2420
2421
2422
9052
9059
9073
2420
2422
8321
9053
2420
2421
8322
9005
9060
2421
2422
9006
9074
8324
9056
9063
9008
9064
9077
9058
9079
2427
2428
2429
9101
9108
9122
2427
2429
8370
9102
2427
2428
8371
9054
9109
2428
2429
9055
9123
8373
9105
9112
9057
9113
9126
9107
9128
2434
2435
2436
9150
9157
9171
2434
2436
8419
9151
2434
2435
8420
9103
9158
2435
2436
9104
9172
8422
9154
9161
9106
9162
9175
9156
9177
2441
2442
2443
9199
9206
9217
2441
2443
8465
9200
2441
2442
8466
9152
9207
2442
2443
9153
9218
8468
9203
9210
9155
9211
9221
9205
9223
2448
2449
2450
9242
9249
9257
2448
2450
8505
9243
2448
2449
8506
9201
9250
2449
2450
9202
9258
8508
9246
9251
9204
9252
9261
9248
9263
2455
2456
2457
9279
9286
9294
2455
2457
8542
9280
2455
2456
8543
9244
9287
2456
2457
9245
9295
8545
9283
9288
9247
9289
9298
9285
9300
2462
2463
2464
9316
9323
2462
2464
8571
9317
2462
2463
8572
9281
2463
2464
9282
9324
8574
9320
9284
9327
9322
9329
2469
2470
2471
9337
9344
2469
2471
8592
9338
2469
2470
8593
9318
2470
2471
9319
9345
8595
9341
9321
9348
9343
9350
2474
8605
9339
2474
9340
9358
9342
9360
2477
8613
8816
9363
2477
8817
9361
9366
8820
9365
9368
2480
8622
8865
9372
2480
8866
9364
9375
8869
9374
9377
2483
8631
8914
9381
2483
8915
9373
9384
8918
9383
9386
2486
8640
8963
9390
2486
8964
9382
9393
8967
9392
9395
2489
8648
9012
9399
2489
9013
9391
9401
9016
9400
9403
2494
2495
2496
9424
9431
9440
2494
2496
8688
9425
2494
2495
8689
9408
9432
2495
2496
9409
9441
8691
9428
9433
9411
9434
9444
9430
9445
2501
2502
2503
9463
9470
9484
2501
2503
8732
9464
2501
2502
8733
9426
9471
2502
2503
9427
9485
8735
9467
9474
9429
9475
9488
9469
9489
2508
2509
2510
9512
9519
9533
2508
2510
8781
9513
2508
2509
8782
9465
9520
2509
2510
9466
9534
8784
9516
9523
9468
9524
9537
9518
9538
2515
2516
2517
9561
9568
9582
2515
2517
8830
9562
2515
2516
8831
9514
9569
2516
2517
9515
9583
8833
9565
9572
9517
9573
9586
9567
9587
2522
2523
2524
9610
9617
9631
2522
2524
8879
9611
2522
2523
8880
9563
9618
2523
2524
9564
9632
8882
9614
9621
9566
9622
9635
9616
9636
2529
2530
2531
9659
9666
9680
2529
2531
8928
9660
2529
2530
8929
9612
9667
2530
2531
9613
9681
8931
9663
9670
9615
9671
9684
9665
9685
2536
2537
2538
9708
9715
9729
2536
2538
8977
9709
2536
2537
8978
9661
9716
2537
2538
9662
9730
8980
9712
9719
9664
9720
9733
9714
9734
2543
2544
2545
9757
9764
9778
2543
2545
9026
9758
2543
2544
9027
9710
9765
2544
2545
9711
9779
9029
9761
9768
9713
9769
9782
9763
9783
2550
2551
2552
9806
9813
9827
2550
2552
9075
9807
2550
2551
9076
9759
9814
2551
2552
9760
9828
9078
9810
9817
9762
9818
9831
9812
9832
2557
2558
2559
9855
9862
9876
2557
2559
9124
9856
2557
2558
9125
9808
9863
2558
2559
9809
9877
9127
9859
9866
9811
9867
9880
9861
9881
2564
2565
2566
9904
9911
9925
2564
2566
9173
9905
2564
2565
9174
9857
9912
2565
2566
9858
9926
9176
9908
9915
9860
9916
9929
9910
9930
2571
2572
2573
9953
9960
9971
2571
2573
9219
9954
2571
2572
9220
9906
9961
2572
2573
9907
9972
9222
9957
9964
9909
9965
9975
9959
9976
2578
2579
2580
9996
10003
10011
2578
2580
9259
9997
2578
2579
9260
9955
10004
2579
2580
9956
10012
9262
10000
10005
9958
10006
10015
10002
10016
2585
2586
2587
10033
10040
10048
2585
2587
9296
10034
2585
2586
9297
9998
10041
2586
2587
9999
10049
9299
10037
10042
10001
10043
10052
10039
10053
2592
2593
2594
10070
10077
2592
2594
9325
10071
2592
2593
9326
10035
2593
2594
10036
10078
9328
10074
10038
10081
10076
10082
2599
2600
2601
10091
10098
2599
2601
9346
10092
2599
2600
9347
10072
2600
2601
10073
10099
9349
10095
10075
10102
10097
10103
2604
9359
10093
2604
10094
10112
10096
10114
2607
9367
9570
10117
2607
9571
10115
10120
9574
10119
10122
2610
9376
9619
10126
2610
9620
10118
10129
9623
10128
10131
2613
9385
9668
10135
2613
9669
10127
10138
9672
10137
10140
2616
9394
9717
10144
2616
9718
10136
10147
9721
10146
10149
2619
9402
9766
10153
2619
9767
10145
10155
9770
10154
10157
2624
2625
2626
2629
2625
2626
2624
2626
2627
2624
2625
2630
2628
2633
2635
2628
2646
2637
2647
2633
2634
2635
2633
2635
2655
2634
2635
3375
2633
2634
2636
2657
3376
2637
2658
3378
2637
2669
3381
2670
2642
2643
2644
2649
2661
2643
2644
2642
2644
2650
2642
2643
2662
2652
2665
2667
2653
2647
2648
2649
2668
2647
2648
2670
2653
2652
2653
2672
2652
2653
2685
2652
2673
2687
2675
2688
2658
2659
2660
2661
2668
2658
2660
2659
2660
2663
2658
2659
2669
2670
2666
2671
2667
2665
2666
2667
2672
2665
2667
2699
2666
2667
3393
2665
2666
2674
2701
3394
2675
2702
2676
3396
2670
2671
2672
2670
2671
3400
2676
3401
2675
2676
2675
2713
2675
2676
2714
3404
2716
3406
2681
2682
2683
2691
2705
2682
2683
2681
2683
2692
2681
2682
2706
2695
2709
2711
2697
2688
2689
2690
2691
2712
2688
2690
2689
2690
2693
2688
2689
2713
2716
2696
2717
2697
2695
2696
2697
2719
2695
2697
2734
2696
2697
2695
2696
2720
2736
2723
2737
2724
2702
2703
2704
2705
2712
2702
2704
2703
2704
2707
2702
2703
2714
2716
2710
2718
2711
2709
2710
2711
2719
2709
2711
2748
2710
2711
3432
2709
2710
2721
2750
3433
2723
2751
2725
3435
2716
2717
2718
2719
2716
2717
2716
2718
3439
2717
2718
2722
3440
2724
2725
3442
2723
2724
2725
2723
2724
2762
2723
2725
2763
3446
2724
2725
3447
2765
3449
2730
2731
2732
2740
2754
2731
2732
2730
2732
2741
2730
2731
2755
2744
2758
2760
2746
2737
2738
2739
2740
2761
2737
2739
2738
2739
2742
2737
2738
2762
2765
2745
2766
2746
2744
2745
2746
2768
2744
2746
2783
2745
2746
2744
2745
2769
2785
3329
2772
2786
2773
2751
2752
2753
2754
2761
2751
2753
2752
2753
2756
2751
2752
2763
2765
2759
2767
2760
2758
2759
2760
2768
2758
2760
2797
2759
2760
3481
2758
2759
2770
2799
3482
2772
2800
2774
3484
2765
2766
2767
2768
2765
2766
2765
2767
3488
2766
2767
2771
3489
2773
2774
3491
2772
2773
2774
2772
2773
2811
3330
2772
2774
2812
3495
2773
2774
3496
2814
3498
2779
2780
2781
2789
2803
2780
2781
2779
2781
2790
2779
2780
2804
2793
2807
2809
2795
2786
2787
2788
2789
2810
2786
2788
2787
2788
2791
2786
2787
2811
2814
2794
2815
2795
2793
2794
2795
2817
2793
2795
2832
2794
2795
3331
2793
2794
2818
2834
3332
2821
2835
2822
3333
2800
2801
2802
2803
2810
2800
2802
2801
2802
2805
2800
2801
2812
2814
2808
2816
2809
2807
2808
2809
2817
2807
2809
2846
2808
2809
3530
2807
2808
2819
2848
3531
2821
2849
2823
3533
2814
2815
2816
2817
2814
2815
3334
2814
2816
3537
2815
2816
2820
3335
3538
2822
3336
2823
3540
2821
2822
2823
2821
2822
2860
3337
2821
2823
2861
3544
2822
2823
3338
3545
2863
3339
3547
2828
2829
2830
2838
2852
2829
2830
2828
2830
2839
2828
2829
2853
2842
2856
2858
2844
2835
2836
2837
2838
2859
2835
2837
2836
2837
2840
2835
2836
2860
2863
2843
2864
2844
2842
2843
2844
2866
2842
2844
2881
2843
2844
3340
2842
2843
2867
2883
3341
2870
2884
2871
3342
2849
2850
2851
2852
2859
2849
2851
2850
2851
2854
2849
2850
2861
2863
2857
2865
2858
2856
2857
2858
2866
2856
2858
2895
2857
2858
3579
2856
2857
2868
2897
3580
2870
2898
2872
3582
2863
2864
2865
2866
2863
2864
3343
2863
2865
3586
2864
2865
2869
3344
3587
2871
3345
2872
3589
2870
2871
2872
2870
2871
2909
3346
2870
2872
2910
3593
2871
2872
3347
3594
2912
3348
3596
2877
2878
2879
2887
2901
2878
2879
2877
2879
2888
2877
2878
2902
2891
2905
2907
2893
2884
2885
2886
2887
2908
2884
2886
2885
2886
2889
2884
2885
2909
2912
2892
2913
2893
2891
2892
2893
2915
2891
2893
2930
2892
2893
3349
2891
2892
2916
2932
3350
2919
2933
2920
3351
2898
2899
2900
2901
2908
2898
2900
2899
2900
2903
2898
2899
2910
2912
2906
2914
2907
2905
2906
2907
2915
2905
2907
2944
2906
2907
3628
2905
2906
2917
2946
3629
2919
2947
2921
3631
2912
2913
2914
2915
2912
2913
3352
2912
2914
3635
2913
2914
2918
3353
3636
2920
3354
2921
3638
2919
2920
2921
2919
2920
2958
3355
2919
2921
2959
3642
2920
2921
3356
3643
2961
3357
3645
2926
2927
2928
2936
2950
2927
2928
2926
2928
2937
2926
2927
2951
2940
2954
2956
2942
2933
2934
2935
2936
2957
2933
2935
2934
2935
2938
2933
2934
2958
2961
2941
2962
2942
2940
2941
2942
2964
2940
2942
2979
2941
2942
3358
2940
2941
2965
2981
3359
2968
2982
2969
3360
2947
2948
2949
2950
2957
2947
2949
2948
2949
2952
2947
2948
2959
2961
2955
2963
2956
2954
2955
2956
2964
2954
2956
2993
2955
2956
3677
2954
2955
2966
2995
3678
2968
2996
2970
3680
2961
2962
2963
2964
2961
2962
3361
2961
2963
3684
2962
2963
2967
3362
3685
2969
3363
2970
3687
2968
2969
2970
2968
2969
3007
3364
2968
2970
3008
3691
2969
2970
3365
3692
3010
3366
3694
2975
2976
2977
2985
2999
2976
2977
2975
2977
2986
2975
2976
3000
2989
3003
3005
2991
2982
2983
2984
2985
3006
2982
2984
2983
2984
2987
2982
2983
3007
3010
2990
3011
2991
2989
2990
2991
3013
2989
2991
3028
2990
2991
3367
2989
2990
3014
3030
3017
3031
3018
3368
2996
2997
2998
2999
3006
2996
2998
2997
2998
3001
2996
2997
3008
3010
3004
3012
3005
3003
3004
3005
3013
3003
3005
3042
3004
3005
3726
3003
3004
3015
3044
3727
3017
3045
3019
3729
3010
3011
3012
3013
3010
3011
3369
3010
3012
3733
3011
3012
3016
3370
3734
3018
3371
3019
3736
3017
3018
3019
3017
3018
3056
3017
3019
3057
3740
3018
3019
3372
3741
3059
3373
3743
3024
3025
3026
3034
3048
3025
3026
3024
3026
3035
3024
3025
3049
3038
3052
3054
3040
3031
3032
3033
3034
3055
3031
3033
3032
3033
3036
3031
3032
3056
3059
3039
3060
3040
3038
3039
3040
3062
3038
3040
3077
3039
3040
3038
3039
3063
3079
3066
3080
3067
3045
3046
3047
3048
3055
3045
3047
3046
3047
3050
3045
3046
3057
3059
3053
3061
3054
3052
3053
3054
3062
3052
3054
3091
3053
3054
3775
3052
3053
3064
3093
3776
3066
3094
3068
3778
3059
3060
3061
3062
3059
3060
3059
3061
3782
3060
3061
3065
3783
3067
3068
3785
3066
3067
3068
3066
3067
3105
3066
3068
3106
3789
3067
3068
3790
3108
3792
3073
3074
3075
3083
3097
3074
3075
3073
3075
3084
3073
3074
3098
3087
3101
3103
3089
3080
3081
3082
3083
3104
3080
3082
3081
3082
3085
3080
3081
3105
3108
3088
3109
3089
3087
3088
3089
3111
3087
3089
3126
3088
3089
3087
3088
3112
3128
3115
3129
3116
3094
3095
3096
3097
3104
3094
3096
3095
3096
3099
3094
3095
3106
3108
3102
3110
3103
3101
3102
3103
3111
3101
3103
3140
3102
3103
3824
3101
3102
3113
3142
3825
3115
3143
3117
3827
3108
3109
3110
3111
3108
3109
3108
3110
3831
3109
3110
3114
3832
3116
3117
3834
3115
3116
3117
3115
3116
3154
3115
3117
3155
3838
3116
3117
3839
3157
3841
3122
3123
3124
3132
3146
3123
3124
3122
3124
3133
3122
3123
3147
3136
3150
3152
3138
3129
3130
3131
3132
3153
3129
3131
3130
3131
3134
3129
3130
3154
3157
3137
3158
3138
3136
3137
3138
3160
3136
3138
3175
3137
3138
3136
3137
3161
3177
3164
3178
3165
3143
3144
3145
3146
3153
3143
3145
3144
3145
3148
3143
3144
3155
3157
3151
3159
3152
3150
3151
3152
3160
3150
3152
3186
3151
3152
3873
3150
3151
3162
3188
3874
3164
3189
3166
3876
3157
3158
3159
3160
3157
3158
3157
3159
3880
3158
3159
3163
3881
3165
3166
3883
3164
3165
3166
3164
3165
3200
3164
3166
3201
3887
3165
3166
3888
3203
3890
3171
3172
3173
3181
3192
3172
3173
3171
3173
3182
3171
3172
3193
3183
3196
3198
3184
3178
3179
3180
3181
3199
3178
3180
3179
3180
3178
3179
3200
3203
3204
3184
3183
3184
3206
3183
3184
3218
3208
3219
3189
3190
3191
3192
3199
3189
3191
3190
3191
3194
3189
3190
3201
3203
3197
3205
3198
3196
3197
3198
3206
3196
3198
3226
3197
3198
3922
3196
3197
3207
3228
3923
3208
3229
3209
3925
3203
3204
3205
3206
3203
3204
3203
3205
3929
3204
3205
3930
3209
3932
3208
3209
3208
3209
3240
3936
3241
3937
3214
3215
3216
3221
3232
3215
3216
3214
3216
3222
3214
3215
3233
3223
3236
3238
3224
3219
3220
3221
3239
3219
3220
3241
3224
3223
3224
3243
3223
3224
3255
3245
3256
3229
3230
3231
3232
3239
3229
3231
3230
3231
3234
3229
3230
3240
3241
3237
3242
3238
3236
3237
3238
3243
3236
3238
3263
3237
3238
3965
3236
3237
3244
3265
3966
3245
3266
3246
3968
3241
3242
3243
3241
3242
3972
3246
3973
3245
3246
3245
3246
3277
3976
3278
3977
3251
3252
3253
3258
3269
3252
3253
3251
3253
3259
3251
3252
3270
3260
3273
3275
3261
3256
3257
3258
3276
3256
3257
3278
3261
3260
3261
3280
3260
3261
3282
3266
3267
3268
3269
3276
3266
3268
3267
3268
3271
3266
3267
3277
3278
3274
3279
3275
3273
3274
3275
3280
3273
3275
3292
3274
3275
4002
3273
3274
3281
3294
4003
3282
3295
3283
4005
3278
3279
3280
3278
3279
4009
3283
4010
3282
3283
3282
3283
4013
4014
3288
3289
3290
3298
3289
3290
3288
3290
3288
3289
3299
3302
3304
3295
3296
3297
3298
3295
3297
3296
3297
3300
3295
3296
3303
3304
3302
3303
3304
3302
3304
3313
3303
3304
4039
3302
3303
3315
4040
3316
4042
3309
3310
3311
3319
3310
3311
3309
3311
3309
3310
3320
3323
3325
3316
3317
3318
3319
3316
3318
3317
3318
3321
3316
3317
3324
3325
3323
3324
3325
3323
3325
3326
3324
3325
4060
3323
3324
3327
4061
3328
4063
3328
3328
3330
3334
3333
3333
3337
3339
3336
3336
3338
3339
3339
3343
3339
4085
3342
3342
3346
3348
3345
3345
3347
3348
3348
3352
3348
4094
3351
3351
3355
3357
3354
3354
3356
3357
3357
3361
3357
4103
3360
3360
3364
3366
3363
3363
3365
3366
3366
3369
3366
4112
3368
3373
3371
3371
3372
3373
3373
4121
3378
3379
3380
3383
3378
3380
3378
3379
3381
3379
3380
3384
3382
3387
3389
3382
3400
3391
3402
3387
3388
3389
3387
3389
3409
3388
3389
4129
3387
3388
3390
3411
4130
3391
3412
4132
3391
3423
4135
3424
3396
3397
3398
3403
3415
3396
3398
3396
3397
3404
3397
3398
3416
3406
3407
3419
3421
3401
3402
3403
3422
3401
3402
3406
3424
3406
3407
3426
3406
3407
3439
3407
3427
3441
3429
3443
3412
3413
3414
3415
3422
3412
3414
3413
3414
3417
3412
3413
3423
3424
3420
3425
3421
3419
3420
3421
3426
3419
3421
3453
3420
3421
4147
3419
3420
3428
3455
4148
3429
3456
3430
4150
3424
3425
3426
3424
3425
4154
3430
4155
3429
3430
3429
3467
3429
3430
3468
4158
3470
4160
3435
3436
3437
3445
3459
3435
3437
3435
3436
3446
3436
3437
3460
3449
3450
3463
3465
3442
3443
3444
3445
3466
3442
3443
3442
3444
3447
3443
3444
3467
3449
3470
3451
3471
3449
3450
3451
3473
3449
3450
3488
3449
3451
3450
3451
3474
3490
3477
3492
3478
3456
3457
3458
3459
3466
3456
3458
3457
3458
3461
3456
3457
3468
3470
3464
3472
3465
3463
3464
3465
3473
3463
3465
3502
3464
3465
4186
3463
3464
3475
3504
4187
3477
3505
3479
4189
3470
3471
3472
3473
3470
3471
3470
3472
4193
3471
3472
3476
4194
3478
3479
4196
3477
3478
3479
3477
3478
3516
3477
3479
3517
4200
3478
3479
4201
3519
4203
3484
3485
3486
3494
3508
3484
3486
3484
3485
3495
3485
3486
3509
3498
3499
3512
3514
3491
3492
3493
3494
3515
3491
3492
3491
3493
3496
3492
3493
3516
3498
3519
3500
3520
3498
3499
3500
3522
3498
3499
3537
3498
3500
3499
3500
3523
3539
4083
3526
3541
3527
3505
3506
3507
3508
3515
3505
3507
3506
3507
3510
3505
3506
3517
3519
3513
3521
3514
3512
3513
3514
3522
3512
3514
3551
3513
3514
4235
3512
3513
3524
3553
4236
3526
3554
3528
4238
3519
3520
3521
3522
3519
3520
3519
3521
4242
3520
3521
3525
4243
3527
3528
4245
3526
3527
3528
3526
3527
3565
4084
3526
3528
3566
4249
3527
3528
4250
3568
4252
3533
3534
3535
3543
3557
3533
3535
3533
3534
3544
3534
3535
3558
3547
3548
3561
3563
3540
3541
3542
3543
3564
3540
3541
3540
3542
3545
3541
3542
3565
3547
3568
3549
3569
3547
3548
3549
3571
3547
3548
3586
3547
3549
4085
3548
3549
3572
3588
4086
3575
3590
3576
4087
3554
3555
3556
3557
3564
3554
3556
3555
3556
3559
3554
3555
3566
3568
3562
3570
3563
3561
3562
3563
3571
3561
3563
3600
3562
3563
4284
3561
3562
3573
3602
4285
3575
3603
3577
4287
3568
3569
3570
3571
3568
3569
4088
3568
3570
4291
3569
3570
3574
4089
4292
3576
4090
3577
4294
3575
3576
3577
3575
3576
3614
4091
3575
3577
3615
4298
3576
3577
4092
4299
3617
4093
4301
3582
3583
3584
3592
3606
3582
3584
3582
3583
3593
3583
3584
3607
3596
3597
3610
3612
3589
3590
3591
3592
3613
3589
3590
3589
3591
3594
3590
3591
3614
3596
3617
3598
3618
3596
3597
3598
3620
3596
3597
3635
3596
3598
4094
3597
3598
3621
3637
4095
3624
3639
3625
4096
3603
3604
3605
3606
3613
3603
3605
3604
3605
3608
3603
3604
3615
3617
3611
3619
3612
3610
3611
3612
3620
3610
3612
3649
3611
3612
4333
3610
3611
3622
3651
4334
3624
3652
3626
4336
3617
3618
3619
3620
3617
3618
4097
3617
3619
4340
3618
3619
3623
4098
4341
3625
4099
3626
4343
3624
3625
3626
3624
3625
3663
4100
3624
3626
3664
4347
3625
3626
4101
4348
3666
4102
4350
3631
3632
3633
3641
3655
3631
3633
3631
3632
3642
3632
3633
3656
3645
3646
3659
3661
3638
3639
3640
3641
3662
3638
3639
3638
3640
3643
3639
3640
3663
3645
3666
3647
3667
3645
3646
3647
3669
3645
3646
3684
3645
3647
4103
3646
3647
3670
3686
4104
3673
3688
3674
4105
3652
3653
3654
3655
3662
3652
3654
3653
3654
3657
3652
3653
3664
3666
3660
3668
3661
3659
3660
3661
3669
3659
3661
3698
3660
3661
4382
3659
3660
3671
3700
4383
3673
3701
3675
4385
3666
3667
3668
3669
3666
3667
4106
3666
3668
4389
3667
3668
3672
4107
4390
3674
4108
3675
4392
3673
3674
3675
3673
3674
3712
4109
3673
3675
3713
4396
3674
3675
4110
4397
3715
4111
4399
3680
3681
3682
3690
3704
3680
3682
3680
3681
3691
3681
3682
3705
3694
3695
3708
3710
3687
3688
3689
3690
3711
3687
3688
3687
3689
3692
3688
3689
3712
3694
3715
3696
3716
3694
3695
3696
3718
3694
3695
3733
3694
3696
4112
3695
3696
3719
3735
4113
3722
3737
3723
4114
3701
3702
3703
3704
3711
3701
3703
3702
3703
3706
3701
3702
3713
3715
3709
3717
3710
3708
3709
3710
3718
3708
3710
3747
3709
3710
4431
3708
3709
3720
3749
4432
3722
3750
3724
4434
3715
3716
3717
3718
3715
3716
4115
3715
3717
4438
3716
3717
3721
4116
4439
3723
4117
3724
4441
3722
3723
3724
3722
3723
3761
4118
3722
3724
3762
4445
3723
3724
4119
4446
3764
4120
4448
3729
3730
3731
3739
3753
3729
3731
3729
3730
3740
3730
3731
3754
3743
3744
3757
3759
3736
3737
3738
3739
3760
3736
3737
3736
3738
3741
3737
3738
3761
3743
3764
3745
3765
3743
3744
3745
3767
3743
3744
3782
3743
3745
4121
3744
3745
3768
3784
3771
3786
3772
4122
3750
3751
3752
3753
3760
3750
3752
3751
3752
3755
3750
3751
3762
3764
3758
3766
3759
3757
3758
3759
3767
3757
3759
3796
3758
3759
4480
3757
3758
3769
3798
4481
3771
3799
3773
4483
3764
3765
3766
3767
3764
3765
4123
3764
3766
4487
3765
3766
3770
4124
4488
3772
4125
3773
4490
3771
3772
3773
3771
3772
3810
3771
3773
3811
4494
3772
3773
4126
4495
3813
4127
4497
3778
3779
3780
3788
3802
3778
3780
3778
3779
3789
3779
3780
3803
3792
3793
3806
3808
3785
3786
3787
3788
3809
3785
3786
3785
3787
3790
3786
3787
3810
3792
3813
3794
3814
3792
3793
3794
3816
3792
3793
3831
3792
3794
3793
3794
3817
3833
3820
3835
3821
3799
3800
3801
3802
3809
3799
3801
3800
3801
3804
3799
3800
3811
3813
3807
3815
3808
3806
3807
3808
3816
3806
3808
3845
3807
3808
4529
3806
3807
3818
3847
4530
3820
3848
3822
4532
3813
3814
3815
3816
3813
3814
3813
3815
4536
3814
3815
3819
4537
3821
3822
4539
3820
3821
3822
3820
3821
3859
3820
3822
3860
4543
3821
3822
4544
3862
4546
3827
3828
3829
3837
3851
3827
3829
3827
3828
3838
3828
3829
3852
3841
3842
3855
3857
3834
3835
3836
3837
3858
3834
3835
3834
3836
3839
3835
3836
3859
3841
3862
3843
3863
3841
3842
3843
3865
3841
3842
3880
3841
3843
3842
3843
3866
3882
3869
3884
3870
3848
3849
3850
3851
3858
3848
3850
3849
3850
3853
3848
3849
3860
3862
3856
3864
3857
3855
3856
3857
3865
3855
3857
3894
3856
3857
4578
3855
3856
3867
3896
4579
3869
3897
3871
4581
3862
3863
3864
3865
3862
3863
3862
3864
4585
3863
3864
3868
4586
3870
3871
4588
3869
3870
3871
3869
3870
3908
3869
3871
3909
4592
3870
3871
4593
3911
4595
3876
3877
3878
3886
3900
3876
3878
3876
3877
3887
3877
3878
3901
3890
3891
3904
3906
3883
3884
3885
3886
3907
3883
3884
3883
3885
3888
3884
3885
3908
3890
3911
3892
3912
3890
3891
3892
3914
3890
3891
3929
3890
3892
3891
3892
3915
3931
3918
3933
3919
3897
3898
3899
3900
3907
3897
3899
3898
3899
3902
3897
3898
3909
3911
3905
3913
3906
3904
3905
3906
3914
3904
3906
3940
3905
3906
4627
3904
3905
3916
3942
4628
3918
3943
3920
4630
3911
3912
3913
3914
3911
3912
3911
3913
4634
3912
3913
3917
4635
3919
3920
4637
3918
3919
3920
3918
3919
3954
3918
3920
3955
4641
3919
3920
4642
3957
4644
3925
3926
3927
3935
3946
3925
3927
3925
3926
3936
3926
3927
3947
3937
3938
3950
3952
3932
3933
3934
3935
3953
3932
3933
3932
3934
3933
3934
3954
3937
3957
3958
3937
3938
3960
3937
3938
3972
3962
3974
3943
3944
3945
3946
3953
3943
3945
3944
3945
3948
3943
3944
3955
3957
3951
3959
3952
3950
3951
3952
3960
3950
3952
3980
3951
3952
4676
3950
3951
3961
3982
4677
3962
3983
3963
4679
3957
3958
3959
3960
3957
3958
3957
3959
4683
3958
3959
4684
3963
4686
3962
3963
3962
3963
3994
4690
3995
4691
3968
3969
3970
3975
3986
3968
3970
3968
3969
3976
3969
3970
3987
3977
3978
3990
3992
3973
3974
3975
3993
3973
3974
3977
3995
3977
3978
3997
3977
3978
4009
3999
4011
3983
3984
3985
3986
3993
3983
3985
3984
3985
3988
3983
3984
3994
3995
3991
3996
3992
3990
3991
3992
3997
3990
3992
4017
3991
3992
4719
3990
3991
3998
4019
4720
3999
4020
4000
4722
3995
3996
3997
3995
3996
4726
4000
4727
3999
4000
3999
4000
4031
4730
4032
4731
4005
4006
4007
4012
4023
4005
4007
4005
4006
4013
4006
4007
4024
4014
4015
4027
4029
4010
4011
4012
4030
4010
4011
4014
4032
4014
4015
4034
4014
4015
4036
4020
4021
4022
4023
4030
4020
4022
4021
4022
4025
4020
4021
4031
4032
4028
4033
4029
4027
4028
4029
4034
4027
4029
4046
4028
4029
4756
4027
4028
4035
4048
4757
4036
4049
4037
4759
4032
4033
4034
4032
4033
4763
4037
4764
4036
4037
4036
4037
4767
4768
4042
4043
4044
4052
4042
4044
4042
4043
4043
4044
4053
4056
4058
4049
4050
4051
4052
4049
4051
4050
4051
4054
4049
4050
4057
4058
4056
4057
4058
4056
4058
4067
4057
4058
4793
4056
4057
4069
4794
4070
4796
4063
4064
4065
4073
4063
4065
4063
4064
4064
4065
4074
4077
4079
4070
4071
4072
4073
4070
4072
4071
4072
4075
4070
4071
4078
4079
4077
4078
4079
4077
4079
4080
4078
4079
4814
4077
4078
4081
4815
4082
4817
4082
4082
4084
4088
4087
4087
4091
4093
4090
4090
4092
4093
4093
4097
4093
4839
4096
4096
4100
4102
4099
4099
4101
4102
4102
4106
4102
4848
4105
4105
4109
4111
4108
4108
4110
4111
4111
4115
4111
4857
4114
4114
4118
4120
4117
4117
4119
4120
4120
4123
4120
4866
4122
4127
4125
4125
4126
4127
4127
4875
4132
4133
4134
4137
4132
4134
4132
4133
4135
4133
4134
4138
4136
4141
4143
4136
4154
4145
4156
4141
4142
4143
4141
4143
4163
4142
4143
4883
4141
4142
4144
4165
4884
4145
4166
4886
4145
4177
4889
4178
4150
4151
4152
4157
4169
4150
4152
4150
4151
4158
4151
4152
4170
4160
4161
4173
4175
4155
4156
4157
4176
4155
4156
4160
4178
4160
4161
4180
4160
4161
4193
4161
4181
4195
4183
4197
4166
4167
4168
4169
4176
4166
4168
4167
4168
4171
4166
4167
4177
4178
4174
4179
4175
4173
4174
4175
4180
4173
4175
4207
4174
4175
4901
4173
4174
4182
4209
4902
4183
4210
4184
4904
4178
4179
4180
4178
4179
4908
4184
4909
4183
4184
4183
4221
4183
4184
4222
4912
4224
4914
4189
4190
4191
4199
4213
4189
4191
4189
4190
4200
4190
4191
4214
4203
4204
4217
4219
4196
4197
4198
4199
4220
4196
4197
4196
4198
4201
4197
4198
4221
4203
4224
4205
4225
4203
4204
4205
4227
4203
4204
4242
4203
4205
4204
4205
4228
4244
4231
4246
4232
4210
4211
4212
4213
4220
4210
4212
4211
4212
4215
4210
4211
4222
4224
4218
4226
4219
4217
4218
4219
4227
4217
4219
4256
4218
4219
4940
4217
4218
4229
4258
4941
4231
4259
4233
4943
4224
4225
4226
4227
4224
4225
4224
4226
4947
4225
4226
4230
4948
4232
4233
4950
4231
4232
4233
4231
4232
4270
4231
4233
4271
4954
4232
4233
4955
4273
4957
4238
4239
4240
4248
4262
4238
4240
4238
4239
4249
4239
4240
4263
4252
4253
4266
4268
4245
4246
4247
4248
4269
4245
4246
4245
4247
4250
4246
4247
4270
4252
4273
4254
4274
4252
4253
4254
4276
4252
4253
4291
4252
4254
4253
4254
4277
4293
4837
4280
4295
4281
4259
4260
4261
4262
4269
4259
4261
4260
4261
4264
4259
4260
4271
4273
4267
4275
4268
4266
4267
4268
4276
4266
4268
4305
4267
4268
4989
4266
4267
4278
4307
4990
4280
4308
4282
4992
4273
4274
4275
4276
4273
4274
4273
4275
4996
4274
4275
4279
4997
4281
4282
4999
4280
4281
4282
4280
4281
4319
4838
4280
4282
4320
5003
4281
4282
5004
4322
5006
4287
4288
4289
4297
4311
4287
4289
4287
4288
4298
4288
4289
4312
4301
4302
4315
4317
4294
4295
4296
4297
4318
4294
4295
4294
4296
4299
4295
4296
4319
4301
4322
4303
4323
4301
4302
4303
4325
4301
4302
4340
4301
4303
4839
4302
4303
4326
4342
4840
4329
4344
4330
4841
4308
4309
4310
4311
4318
4308
4310
4309
4310
4313
4308
4309
4320
4322
4316
4324
4317
4315
4316
4317
4325
4315
4317
4354
4316
4317
5038
4315
4316
4327
4356
5039
4329
4357
4331
5041
4322
4323
4324
4325
4322
4323
4842
4322
4324
5045
4323
4324
4328
4843
5046
4330
4844
4331
5048
4329
4330
4331
4329
4330
4368
4845
4329
4331
4369
5052
4330
4331
4846
5053
4371
4847
5055
4336
4337
4338
4346
4360
4336
4338
4336
4337
4347
4337
4338
4361
4350
4351
4364
4366
4343
4344
4345
4346
4367
4343
4344
4343
4345
4348
4344
4345
4368
4350
4371
4352
4372
4350
4351
4352
4374
4350
4351
4389
4350
4352
4848
4351
4352
4375
4391
4849
4378
4393
4379
4850
4357
4358
4359
4360
4367
4357
4359
4358
4359
4362
4357
4358
4369
4371
4365
4373
4366
4364
4365
4366
4374
4364
4366
4403
4365
4366
5087
4364
4365
4376
4405
5088
4378
4406
4380
5090
4371
4372
4373
4374
4371
4372
4851
4371
4373
5094
4372
4373
4377
4852
5095
4379
4853
4380
5097
4378
4379
4380
4378
4379
4417
4854
4378
4380
4418
5101
4379
4380
4855
5102
4420
4856
5104
4385
4386
4387
4395
4409
4385
4387
4385
4386
4396
4386
4387
4410
4399
4400
4413
4415
4392
4393
4394
4395
4416
4392
4393
4392
4394
4397
4393
4394
4417
4399
4420
4401
4421
4399
4400
4401
4423
4399
4400
4438
4399
4401
4857
4400
4401
4424
4440
4858
4427
4442
4428
4859
4406
4407
4408
4409
4416
4406
4408
4407
4408
4411
4406
4407
4418
4420
4414
4422
4415
4413
4414
4415
4423
4413
4415
4452
4414
4415
5136
4413
4414
4425
4454
5137
4427
4455
4429
5139
4420
4421
4422
4423
4420
4421
4860
4420
4422
5143
4421
4422
4426
4861
5144
4428
4862
4429
5146
4427
4428
4429
4427
4428
4466
4863
4427
4429
4467
5150
4428
4429
4864
5151
4469
4865
5153
4434
4435
4436
4444
4458
4434
4436
4434
4435
4445
4435
4436
4459
4448
4449
4462
4464
4441
4442
4443
4444
4465
4441
4442
4441
4443
4446
4442
4443
4466
4448
4469
4450
4470
4448
4449
4450
4472
4448
4449
4487
4448
4450
4866
4449
4450
4473
4489
4867
4476
4491
4477
4868
4455
4456
4457
4458
4465
4455
4457
4456
4457
4460
4455
4456
4467
4469
4463
4471
4464
4462
4463
4464
4472
4462
4464
4501
4463
4464
5185
4462
4463
4474
4503
5186
4476
4504
4478
5188
4469
4470
4471
4472
4469
4470
4869
4469
4471
5192
4470
4471
4475
4870
5193
4477
4871
4478
5195
4476
4477
4478
4476
4477
4515
4872
4476
4478
4516
5199
4477
4478
4873
5200
4518
4874
5202
4483
4484
4485
4493
4507
4483
4485
4483
4484
4494
4484
4485
4508
4497
4498
4511
4513
4490
4491
4492
4493
4514
4490
4491
4490
4492
4495
4491
4492
4515
4497
4518
4499
4519
4497
4498
4499
4521
4497
4498
4536
4497
4499
4875
4498
4499
4522
4538
4525
4540
4526
4876
4504
4505
4506
4507
4514
4504
4506
4505
4506
4509
4504
4505
4516
4518
4512
4520
4513
4511
4512
4513
4521
4511
4513
4550
4512
4513
5234
4511
4512
4523
4552
5235
4525
4553
4527
5237
4518
4519
4520
4521
4518
4519
4877
4518
4520
5241
4519
4520
4524
4878
5242
4526
4879
4527
5244
4525
4526
4527
4525
4526
4564
4525
4527
4565
5248
4526
4527
4880
5249
4567
4881
5251
4532
4533
4534
4542
4556
4532
4534
4532
4533
4543
4533
4534
4557
4546
4547
4560
4562
4539
4540
4541
4542
4563
4539
4540
4539
4541
4544
4540
4541
4564
4546
4567
4548
4568
4546
4547
4548
4570
4546
4547
4585
4546
4548
4547
4548
4571
4587
4574
4589
4575
4553
4554
4555
4556
4563
4553
4555
4554
4555
4558
4553
4554
4565
4567
4561
4569
4562
4560
4561
4562
4570
4560
4562
4599
4561
4562
5283
4560
4561
4572
4601
5284
4574
4602
4576
5286
4567
4568
4569
4570
4567
4568
4567
4569
5290
4568
4569
4573
5291
4575
4576
5293
4574
4575
4576
4574
4575
4613
4574
4576
4614
5297
4575
4576
5298
4616
5300
4581
4582
4583
4591
4605
4581
4583
4581
4582
4592
4582
4583
4606
4595
4596
4609
4611
4588
4589
4590
4591
4612
4588
4589
4588
4590
4593
4589
4590
4613
4595
4616
4597
4617
4595
4596
4597
4619
4595
4596
4634
4595
4597
4596
4597
4620
4636
4623
4638
4624
4602
4603
4604
4605
4612
4602
4604
4603
4604
4607
4602
4603
4614
4616
4610
4618
4611
4609
4610
4611
4619
4609
4611
4648
4610
4611
5332
4609
4610
4621
4650
5333
4623
4651
4625
5335
4616
4617
4618
4619
4616
4617
4616
4618
5339
4617
4618
4622
5340
4624
4625
5342
4623
4624
4625
4623
4624
4662
4623
4625
4663
5346
4624
4625
5347
4665
5349
4630
4631
4632
4640
4654
4630
4632
4630
4631
4641
4631
4632
4655
4644
4645
4658
4660
4637
4638
4639
4640
4661
4637
4638
4637
4639
4642
4638
4639
4662
4644
4665
4646
4666
4644
4645
4646
4668
4644
4645
4683
4644
4646
4645
4646
4669
4685
4672
4687
4673
4651
4652
4653
4654
4661
4651
4653
4652
4653
4656
4651
4652
4663
4665
4659
4667
4660
4658
4659
4660
4668
4658
4660
4694
4659
4660
5381
4658
4659
4670
4696
5382
4672
4697
4674
5384
4665
4666
4667
4668
4665
4666
4665
4667
5388
4666
4667
4671
5389
4673
4674
5391
4672
4673
4674
4672
4673
4708
4672
4674
4709
5395
4673
4674
5396
4711
5398
4679
4680
4681
4689
4700
4679
4681
4679
4680
4690
4680
4681
4701
4691
4692
4704
4706
4686
4687
4688
4689
4707
4686
4687
4686
4688
4687
4688
4708
4691
4711
4712
4691
4692
4714
4691
4692
4726
4716
4728
4697
4698
4699
4700
4707
4697
4699
4698
4699
4702
4697
4698
4709
4711
4705
4713
4706
4704
4705
4706
4714
4704
4706
4734
4705
4706
5430
4704
4705
4715
4736
5431
4716
4737
4717
5433
4711
4712
4713
4714
4711
4712
4711
4713
5437
4712
4713
5438
4717
5440
4716
4717
4716
4717
4748
5444
4749
5445
4722
4723
4724
4729
4740
4722
4724
4722
4723
4730
4723
4724
4741
4731
4732
4744
4746
4727
4728
4729
4747
4727
4728
4731
4749
4731
4732
4751
4731
4732
4763
4753
4765
4737
4738
4739
4740
4747
4737
4739
4738
4739
4742
4737
4738
4748
4749
4745
4750
4746
4744
4745
4746
4751
4744
4746
4771
4745
4746
5473
4744
4745
4752
4773
5474
4753
4774
4754
5476
4749
4750
4751
4749
4750
5480
4754
5481
4753
4754
4753
4754
4785
5484
4786
5485
4759
4760
4761
4766
4777
4759
4761
4759
4760
4767
4760
4761
4778
4768
4769
4781
4783
4764
4765
4766
4784
4764
4765
4768
4786
4768
4769
4788
4768
4769
4790
4774
4775
4776
4777
4784
4774
4776
4775
4776
4779
4774
4775
4785
4786
4782
4787
4783
4781
4782
4783
4788
4781
4783
4800
4782
4783
5510
4781
4782
4789
4802
5511
4790
4803
4791
5513
4786
4787
4788
4786
4787
5517
4791
5518
4790
4791
4790
4791
5521
5522
4796
4797
4798
4806
4796
4798
4796
4797
4797
4798
4807
4810
4812
4803
4804
4805
4806
4803
4805
4804
4805
4808
4803
4804
4811
4812
4810
4811
4812
4810
4812
4821
4811
4812
5547
4810
4811
4823
5548
4824
5550
4817
4818
4819
4827
4817
4819
4817
4818
4818
4819
4828
4831
4833
4824
4825
4826
4827
4824
4826
4825
4826
4829
4824
4825
4832
4833
4831
4832
4833
4831
4833
4834
4832
4833
5568
4831
4832
4835
5569
4836
5571
4836
4836
4838
4842
4841
4841
4845
4847
4844
4844
4846
4847
4847
4851
4847
5593
4850
4850
4854
4856
4853
4853
4855
4856
4856
4860
4856
5602
4859
4859
4863
4865
4862
4862
4864
4865
4865
4869
4865
5611
4868
4868
4872
4874
4871
4871
4873
4874
4874
4877
4874
5620
4876
4881
4879
4879
4880
4881
4881
5629
4886
4887
4888
4891
4886
4888
4886
4887
4889
4887
4888
4892
4890
4895
4897
4890
4908
4899
4910
4895
4896
4897
4895
4897
4917
4896
4897
5637
4895
4896
4898
4919
5638
4899
4920
5640
4899
4931
5643
4932
4904
4905
4906
4911
4923
4904
4906
4904
4905
4912
4905
4906
4924
4914
4915
4927
4929
4909
4910
4911
4930
4909
4910
4914
4932
4914
4915
4934
4914
4915
4947
4915
4935
4949
4937
4951
4920
4921
4922
4923
4930
4920
4922
4921
4922
4925
4920
4921
4931
4932
4928
4933
4929
4927
4928
4929
4934
4927
4929
4961
4928
4929
5655
4927
4928
4936
4963
5656
4937
4964
4938
5658
4932
4933
4934
4932
4933
5662
4938
5663
4937
4938
4937
4975
4937
4938
4976
5666
4978
5668
4943
4944
4945
4953
4967
4943
4945
4943
4944
4954
4944
4945
4968
4957
4958
4971
4973
4950
4951
4952
4953
4974
4950
4951
4950
4952
4955
4951
4952
4975
4957
4978
4959
4979
4957
4958
4959
4981
4957
4958
4996
4957
4959
4958
4959
4982
4998
4985
5000
4986
4964
4965
4966
4967
4974
4964
4966
4965
4966
4969
4964
4965
4976
4978
4972
4980
4973
4971
4972
4973
4981
4971
4973
5010
4972
4973
5694
4971
4972
4983
5012
5695
4985
5013
4987
5697
4978
4979
4980
4981
4978
4979
4978
4980
5701
4979
4980
4984
5702
4986
4987
5704
4985
4986
4987
4985
4986
5024
4985
4987
5025
5708
4986
4987
5709
5027
5711
4992
4993
4994
5002
5016
4992
4994
4992
4993
5003
4993
4994
5017
5006
5007
5020
5022
4999
5000
5001
5002
5023
4999
5000
4999
5001
5004
5000
5001
5024
5006
5027
5008
5028
5006
5007
5008
5030
5006
5007
5045
5006
5008
5007
5008
5031
5047
5591
5034
5049
5035
5013
5014
5015
5016
5023
5013
5015
5014
5015
5018
5013
5014
5025
5027
5021
5029
5022
5020
5021
5022
5030
5020
5022
5059
5021
5022
5743
5020
5021
5032
5061
5744
5034
5062
5036
5746
5027
5028
5029
5030
5027
5028
5027
5029
5750
5028
5029
5033
5751
5035
5036
5753
5034
5035
5036
5034
5035
5073
5592
5034
5036
5074
5757
5035
5036
5758
5076
5760
5041
5042
5043
5051
5065
5041
5043
5041
5042
5052
5042
5043
5066
5055
5056
5069
5071
5048
5049
5050
5051
5072
5048
5049
5048
5050
5053
5049
5050
5073
5055
5076
5057
5077
5055
5056
5057
5079
5055
5056
5094
5055
5057
5593
5056
5057
5080
5096
5594
5083
5098
5084
5595
5062
5063
5064
5065
5072
5062
5064
5063
5064
5067
5062
5063
5074
5076
5070
5078
5071
5069
5070
5071
5079
5069
5071
5108
5070
5071
5792
5069
5070
5081
5110
5793
5083
5111
5085
5795
5076
5077
5078
5079
5076
5077
5596
5076
5078
5799
5077
5078
5082
5597
5800
5084
5598
5085
5802
5083
5084
5085
5083
5084
5122
5599
5083
5085
5123
5806
5084
5085
5600
5807
5125
5601
5809
5090
5091
5092
5100
5114
5090
5092
5090
5091
5101
5091
5092
5115
5104
5105
5118
5120
5097
5098
5099
5100
5121
5097
5098
5097
5099
5102
5098
5099
5122
5104
5125
5106
5126
5104
5105
5106
5128
5104
5105
5143
5104
5106
5602
5105
5106
5129
5145
5603
5132
5147
5133
5604
5111
5112
5113
5114
5121
5111
5113
5112
5113
5116
5111
5112
5123
5125
5119
5127
5120
5118
5119
5120
5128
5118
5120
5157
5119
5120
5841
5118
5119
5130
5159
5842
5132
5160
5134
5844
5125
5126
5127
5128
5125
5126
5605
5125
5127
5848
5126
5127
5131
5606
5849
5133
5607
5134
5851
5132
5133
5134
5132
5133
5171
5608
5132
5134
5172
5855
5133
5134
5609
5856
5174
5610
5858
5139
5140
5141
5149
5163
5139
5141
5139
5140
5150
5140
5141
5164
5153
5154
5167
5169
5146
5147
5148
5149
5170
5146
5147
5146
5148
5151
5147
5148
5171
5153
5174
5155
5175
5153
5154
5155
5177
5153
5154
5192
5153
5155
5611
5154
5155
5178
5194
5612
5181
5196
5182
5613
5160
5161
5162
5163
5170
5160
5162
5161
5162
5165
5160
5161
5172
5174
5168
5176
5169
5167
5168
5169
5177
5167
5169
5206
5168
5169
5890
5167
5168
5179
5208
5891
5181
5209
5183
5893
5174
5175
5176
5177
5174
5175
5614
5174
5176
5897
5175
5176
5180
5615
5898
5182
5616
5183
5900
5181
5182
5183
5181
5182
5220
5617
5181
5183
5221
5904
5182
5183
5618
5905
5223
5619
5907
5188
5189
5190
5198
5212
5188
5190
5188
5189
5199
5189
5190
5213
5202
5203
5216
5218
5195
5196
5197
5198
5219
5195
5196
5195
5197
5200
5196
5197
5220
5202
5223
5204
5224
5202
5203
5204
5226
5202
5203
5241
5202
5204
5620
5203
5204
5227
5243
5621
5230
5245
5231
5622
5209
5210
5211
5212
5219
5209
5211
5210
5211
5214
5209
5210
5221
5223
5217
5225
5218
5216
5217
5218
5226
5216
5218
5255
5217
5218
5939
5216
5217
5228
5257
5940
5230
5258
5232
5942
5223
5224
5225
5226
5223
5224
5623
5223
5225
5946
5224
5225
5229
5624
5947
5231
5625
5232
5949
5230
5231
5232
5230
5231
5269
5626
5230
5232
5270
5953
5231
5232
5627
5954
5272
5628
5956
5237
5238
5239
5247
5261
5237
5239
5237
5238
5248
5238
5239
5262
5251
5252
5265
5267
5244
5245
5246
5247
5268
5244
5245
5244
5246
5249
5245
5246
5269
5251
5272
5253
5273
5251
5252
5253
5275
5251
5252
5290
5251
5253
5629
5252
5253
5276
5292
5279
5294
5280
5630
5258
5259
5260
5261
5268
5258
5260
5259
5260
5263
5258
5259
5270
5272
5266
5274
5267
5265
5266
5267
5275
5265
5267
5304
5266
5267
5988
5265
5266
5277
5306
5989
5279
5307
5281
5991
5272
5273
5274
5275
5272
5273
5631
5272
5274
5995
5273
5274
5278
5632
5996
5280
5633
5281
5998
5279
5280
5281
5279
5280
5318
5279
5281
5319
6002
5280
5281
5634
6003
5321
5635
6005
5286
5287
5288
5296
5310
5286
5288
5286
5287
5297
5287
5288
5311
5300
5301
5314
5316
5293
5294
5295
5296
5317
5293
5294
5293
5295
5298
5294
5295
5318
5300
5321
5302
5322
5300
5301
5302
5324
5300
5301
5339
5300
5302
5301
5302
5325
5341
5328
5343
5329
5307
5308
5309
5310
5317
5307
5309
5308
5309
5312
5307
5308
5319
5321
5315
5323
5316
5314
5315
5316
5324
5314
5316
5353
5315
5316
6037
5314
5315
5326
5355
6038
5328
5356
5330
6040
5321
5322
5323
5324
5321
5322
5321
5323
6044
5322
5323
5327
6045
5329
5330
6047
5328
5329
5330
5328
5329
5367
5328
5330
5368
6051
5329
5330
6052
5370
6054
5335
5336
5337
5345
5359
5335
5337
5335
5336
5346
5336
5337
5360
5349
5350
5363
5365
5342
5343
5344
5345
5366
5342
5343
5342
5344
5347
5343
5344
5367
5349
5370
5351
5371
5349
5350
5351
5373
5349
5350
5388
5349
5351
5350
5351
5374
5390
5377
5392
5378
5356
5357
5358
5359
5366
5356
5358
5357
5358
5361
5356
5357
5368
5370
5364
5372
5365
5363
5364
5365
5373
5363
5365
5402
5364
5365
6086
5363
5364
5375
5404
6087
5377
5405
5379
6089
5370
5371
5372
5373
5370
5371
5370
5372
6093
5371
5372
5376
6094
5378
5379
6096
5377
5378
5379
5377
5378
5416
5377
5379
5417
6100
5378
5379
6101
5419
6103
5384
5385
5386
5394
5408
5384
5386
5384
5385
5395
5385
5386
5409
5398
5399
5412
5414
5391
5392
5393
5394
5415
5391
5392
5391
5393
5396
5392
5393
5416
5398
5419
5400
5420
5398
5399
5400
5422
5398
5399
5437
5398
5400
5399
5400
5423
5439
5426
5441
5427
5405
5406
5407
5408
5415
5405
5407
5406
5407
5410
5405
5406
5417
5419
5413
5421
5414
5412
5413
5414
5422
5412
5414
5448
5413
5414
6135
5412
5413
5424
5450
6136
5426
5451
5428
6138
5419
5420
5421
5422
5419
5420
5419
5421
6142
5420
5421
5425
6143
5427
5428
6145
5426
5427
5428
5426
5427
5462
5426
5428
5463
6149
5427
5428
6150
5465
6152
5433
5434
5435
5443
5454
5433
5435
5433
5434
5444
5434
5435
5455
5445
5446
5458
5460
5440
5441
5442
5443
5461
5440
5441
5440
5442
5441
5442
5462
5445
5465
5466
5445
5446
5468
5445
5446
5480
5470
5482
5451
5452
5453
5454
5461
5451
5453
5452
5453
5456
5451
5452
5463
5465
5459
5467
5460
5458
5459
5460
5468
5458
5460
5488
5459
5460
6184
5458
5459
5469
5490
6185
5470
5491
5471
6187
5465
5466
5467
5468
5465
5466
5465
5467
6191
5466
5467
6192
5471
6194
5470
5471
5470
5471
5502
6198
5503
6199
5476
5477
5478
5483
5494
5476
5478
5476
5477
5484
5477
5478
5495
5485
5486
5498
5500
5481
5482
5483
5501
5481
5482
5485
5503
5485
5486
5505
5485
5486
5517
5507
5519
5491
5492
5493
5494
5501
5491
5493
5492
5493
5496
5491
5492
5502
5503
5499
5504
5500
5498
5499
5500
5505
5498
5500
5525
5499
5500
6227
5498
5499
5506
5527
6228
5507
5528
5508
6230
5503
5504
5505
5503
5504
6234
5508
6235
5507
5508
5507
5508
5539
6238
5540
6239
5513
5514
5515
5520
5531
5513
5515
5513
5514
5521
5514
5515
5532
5522
5523
5535
5537
5518
5519
5520
5538
5518
5519
5522
5540
5522
5523
5542
5522
5523
5544
5528
5529
5530
5531
5538
5528
5530
5529
5530
5533
5528
5529
5539
5540
5536
5541
5537
5535
5536
5537
5542
5535
5537
5554
5536
5537
6264
5535
5536
5543
5556
6265
5544
5557
5545
6267
5540
5541
5542
5540
5541
6271
5545
6272
5544
5545
5544
5545
6275
6276
5550
5551
5552
5560
5550
5552
5550
5551
5551
5552
5561
5564
5566
5557
5558
5559
5560
5557
5559
5558
5559
5562
5557
5558
5565
5566
5564
5565
5566
5564
5566
5575
5565
5566
6301
5564
5565
5577
6302
5578
6304
5571
5572
5573
5581
5571
5573
5571
5572
5572
5573
5582
5585
5587
5578
5579
5580
5581
5578
5580
5579
5580
5583
5578
5579
5586
5587
5585
5586
5587
5585
5587
5588
5586
5587
6322
5585
5586
5589
6323
5590
6325
5590
5590
5592
5596
5595
5595
5599
5601
5598
5598
5600
5601
5601
5605
5601
6347
5604
5604
5608
5610
5607
5607
5609
5610
5610
5614
5610
6356
5613
5613
5617
5619
5616
5616
5618
5619
5619
5623
5619
6365
5622
5622
5626
5628
5625
5625
5627
5628
5628
5631
5628
6374
5630
5635
5633
5633
5634
5635
5635
6383
5640
5641
5642
5645
5640
5642
5640
5641
5643
5641
5642
5646
5644
5649
5651
5644
5662
5653
5664
5649
5650
5651
5649
5651
5671
5650
5651
6391
5649
5650
5652
5673
6392
5653
5674
6394
5653
5685
6397
5686
5658
5659
5660
5665
5677
5658
5660
5658
5659
5666
5659
5660
5678
5668
5669
5681
5683
5663
5664
5665
5684
5663
5664
5668
5686
5668
5669
5688
5668
5669
5701
5669
5689
5703
5691
5705
5674
5675
5676
5677
5684
5674
5676
5675
5676
5679
5674
5675
5685
5686
5682
5687
5683
5681
5682
5683
5688
5681
5683
5715
5682
5683
6409
5681
5682
5690
5717
6410
5691
5718
5692
6412
5686
5687
5688
5686
5687
6416
5692
6417
5691
5692
5691
5729
5691
5692
5730
6420
5732
6422
5697
5698
5699
5707
5721
5697
5699
5697
5698
5708
5698
5699
5722
5711
5712
5725
5727
5704
5705
5706
5707
5728
5704
5705
5704
5706
5709
5705
5706
5729
5711
5732
5713
5733
5711
5712
5713
5735
5711
5712
5750
5711
5713
5712
5713
5736
5752
5739
5754
5740
5718
5719
5720
5721
5728
5718
5720
5719
5720
5723
5718
5719
5730
5732
5726
5734
5727
5725
5726
5727
5735
5725
5727
5764
5726
5727
6448
5725
5726
5737
5766
6449
5739
5767
5741
6451
5732
5733
5734
5735
5732
5733
5732
5734
6455
5733
5734
5738
6456
5740
5741
6458
5739
5740
5741
5739
5740
5778
5739
5741
5779
6462
5740
5741
6463
5781
6465
5746
5747
5748
5756
5770
5746
5748
5746
5747
5757
5747
5748
5771
5760
5761
5774
5776
5753
5754
5755
5756
5777
5753
5754
5753
5755
5758
5754
5755
5778
5760
5781
5762
5782
5760
5761
5762
5784
5760
5761
5799
5760
5762
5761
5762
5785
5801
6345
5788
5803
5789
5767
5768
5769
5770
5777
5767
5769
5768
5769
5772
5767
5768
5779
5781
5775
5783
5776
5774
5775
5776
5784
5774
5776
5813
5775
5776
6497
5774
5775
5786
5815
6498
5788
5816
5790
6500
5781
5782
5783
5784
5781
5782
5781
5783
6504
5782
5783
5787
6505
5789
5790
6507
5788
5789
5790
5788
5789
5827
6346
5788
5790
5828
6511
5789
5790
6512
5830
6514
5795
5796
5797
5805
5819
5795
5797
5795
5796
5806
5796
5797
5820
5809
5810
5823
5825
5802
5803
5804
5805
5826
5802
5803
5802
5804
5807
5803
5804
5827
5809
5830
5811
5831
5809
5810
5811
5833
5809
5810
5848
5809
5811
6347
5810
5811
5834
5850
6348
5837
5852
5838
6349
5816
5817
5818
5819
5826
5816
5818
5817
5818
5821
5816
5817
5828
5830
5824
5832
5825
5823
5824
5825
5833
5823
5825
5862
5824
5825
6546
5823
5824
5835
5864
6547
5837
5865
5839
6549
5830
5831
5832
5833
5830
5831
6350
5830
5832
6553
5831
5832
5836
6351
6554
5838
6352
5839
6556
5837
5838
5839
5837
5838
5876
6353
5837
5839
5877
6560
5838
5839
6354
6561
5879
6355
6563
5844
5845
5846
5854
5868
5844
5846
5844
5845
5855
5845
5846
5869
5858
5859
5872
5874
5851
5852
5853
5854
5875
5851
5852
5851
5853
5856
5852
5853
5876
5858
5879
5860
5880
5858
5859
5860
5882
5858
5859
5897
5858
5860
6356
5859
5860
5883
5899
6357
5886
5901
5887
6358
5865
5866
5867
5868
5875
5865
5867
5866
5867
5870
5865
5866
5877
5879
5873
5881
5874
5872
5873
5874
5882
5872
5874
5911
5873
5874
6595
5872
5873
5884
5913
6596
5886
5914
5888
6598
5879
5880
5881
5882
5879
5880
6359
5879
5881
6602
5880
5881
5885
6360
6603
5887
6361
5888
6605
5886
5887
5888
5886
5887
5925
6362
5886
5888
5926
6609
5887
5888
6363
6610
5928
6364
6612
5893
5894
5895
5903
5917
5893
5895
5893
5894
5904
5894
5895
5918
5907
5908
5921
5923
5900
5901
5902
5903
5924
5900
5901
5900
5902
5905
5901
5902
5925
5907
5928
5909
5929
5907
5908
5909
5931
5907
5908
5946
5907
5909
6365
5908
5909
5932
5948
6366
5935
5950
5936
6367
5914
5915
5916
5917
5924
5914
5916
5915
5916
5919
5914
5915
5926
5928
5922
5930
5923
5921
5922
5923
5931
5921
5923
5960
5922
5923
6644
5921
5922
5933
5962
6645
5935
5963
5937
6647
5928
5929
5930
5931
5928
5929
6368
5928
5930
6651
5929
5930
5934
6369
6652
5936
6370
5937
6654
5935
5936
5937
5935
5936
5974
6371
5935
5937
5975
6658
5936
5937
6372
6659
5977
6373
6661
5942
5943
5944
5952
5966
5942
5944
5942
5943
5953
5943
5944
5967
5956
5957
5970
5972
5949
5950
5951
5952
5973
5949
5950
5949
5951
5954
5950
5951
5974
5956
5977
5958
5978
5956
5957
5958
5980
5956
5957
5995
5956
5958
6374
5957
5958
5981
5997
6375
5984
5999
5985
6376
5963
5964
5965
5966
5973
5963
5965
5964
5965
5968
5963
5964
5975
5977
5971
5979
5972
5970
5971
5972
5980
5970
5972
6009
5971
5972
6693
5970
5971
5982
6011
6694
5984
6012
5986
6696
5977
5978
5979
5980
5977
5978
6377
5977
5979
6700
5978
5979
5983
6378
6701
5985
6379
5986
6703
5984
5985
5986
5984
5985
6023
6380
5984
5986
6024
6707
5985
5986
6381
6708
6026
6382
6710
5991
5992
5993
6001
6015
5991
5993
5991
5992
6002
5992
5993
6016
6005
6006
6019
6021
5998
5999
6000
6001
6022
5998
5999
5998
6000
6003
5999
6000
6023
6005
6026
6007
6027
6005
6006
6007
6029
6005
6006
6044
6005
6007
6383
6006
6007
6030
6046
6033
6048
6034
6384
6012
6013
6014
6015
6022
6012
6014
6013
6014
6017
6012
6013
6024
6026
6020
6028
6021
6019
6020
6021
6029
6019
6021
6058
6020
6021
6742
6019
6020
6031
6060
6743
6033
6061
6035
6745
6026
6027
6028
6029
6026
6027
6385
6026
6028
6749
6027
6028
6032
6386
6750
6034
6387
6035
6752
6033
6034
6035
6033
6034
6072
6033
6035
6073
6756
6034
6035
6388
6757
6075
6389
6759
6040
6041
6042
6050
6064
6040
6042
6040
6041
6051
6041
6042
6065
6054
6055
6068
6070
6047
6048
6049
6050
6071
6047
6048
6047
6049
6052
6048
6049
6072
6054
6075
6056
6076
6054
6055
6056
6078
6054
6055
6093
6054
6056
6055
6056
6079
6095
6082
6097
6083
6061
6062
6063
6064
6071
6061
6063
6062
6063
6066
6061
6062
6073
6075
6069
6077
6070
6068
6069
6070
6078
6068
6070
6107
6069
6070
6791
6068
6069
6080
6109
6792
6082
6110
6084
6794
6075
6076
6077
6078
6075
6076
6075
6077
6798
6076
6077
6081
6799
6083
6084
6801
6082
6083
6084
6082
6083
6121
6082
6084
6122
6805
6083
6084
6806
6124
6808
6089
6090
6091
6099
6113
6089
6091
6089
6090
6100
6090
6091
6114
6103
6104
6117
6119
6096
6097
6098
6099
6120
6096
6097
6096
6098
6101
6097
6098
6121
6103
6124
6105
6125
6103
6104
6105
6127
6103
6104
6142
6103
6105
6104
6105
6128
6144
6131
6146
6132
6110
6111
6112
6113
6120
6110
6112
6111
6112
6115
6110
6111
6122
6124
6118
6126
6119
6117
6118
6119
6127
6117
6119
6156
6118
6119
6840
6117
6118
6129
6158
6841
6131
6159
6133
6843
6124
6125
6126
6127
6124
6125
6124
6126
6847
6125
6126
6130
6848
6132
6133
6850
6131
6132
6133
6131
6132
6170
6131
6133
6171
6854
6132
6133
6855
6173
6857
6138
6139
6140
6148
6162
6138
6140
6138
6139
6149
6139
6140
6163
6152
6153
6166
6168
6145
6146
6147
6148
6169
6145
6146
6145
6147
6150
6146
6147
6170
6152
6173
6154
6174
6152
6153
6154
6176
6152
6153
6191
6152
6154
6153
6154
6177
6193
6180
6195
6181
6159
6160
6161
6162
6169
6159
6161
6160
6161
6164
6159
6160
6171
6173
6167
6175
6168
6166
6167
6168
6176
6166
6168
6202
6167
6168
6889
6166
6167
6178
6204
6890
6180
6205
6182
6892
6173
6174
6175
6176
6173
6174
6173
6175
6896
6174
6175
6179
6897
6181
6182
6899
6180
6181
6182
6180
6181
6216
6180
6182
6217
6903
6181
6182
6904
6219
6906
6187
6188
6189
6197
6208
6187
6189
6187
6188
6198
6188
6189
6209
6199
6200
6212
6214
6194
6195
6196
6197
6215
6194
6195
6194
6196
6195
6196
6216
6199
6219
6220
6199
6200
6222
6199
6200
6234
6224
6236
6205
6206
6207
6208
6215
6205
6207
6206
6207
6210
6205
6206
6217
6219
6213
6221
6214
6212
6213
6214
6222
6212
6214
6242
6213
6214
6938
6212
6213
6223
6244
6939
6224
6245
6225
6941
6219
6220
6221
6222
6219
6220
6219
6221
6945
6220
6221
6946
6225
6948
6224
6225
6224
6225
6256
6952
6257
6953
6230
6231
6232
6237
6248
6230
6232
6230
6231
6238
6231
6232
6249
6239
6240
6252
6254
6235
6236
6237
6255
6235
6236
6239
6257
6239
6240
6259
6239
6240
6271
6261
6273
6245
6246
6247
6248
6255
6245
6247
6246
6247
6250
6245
6246
6256
6257
6253
6258
6254
6252
6253
6254
6259
6252
6254
6279
6253
6254
6981
6252
6253
6260
6281
6982
6261
6282
6262
6984
6257
6258
6259
6257
6258
6988
6262
6989
6261
6262
6261
6262
6293
6992
6294
6993
6267
6268
6269
6274
6285
6267
6269
6267
6268
6275
6268
6269
6286
6276
6277
6289
6291
6272
6273
6274
6292
6272
6273
6276
6294
6276
6277
6296
6276
6277
6298
6282
6283
6284
6285
6292
6282
6284
6283
6284
6287
6282
6283
6293
6294
6290
6295
6291
6289
6290
6291
6296
6289
6291
6308
6290
6291
7018
6289
6290
6297
6310
7019
6298
6311
6299
7021
6294
6295
6296
6294
6295
7025
6299
7026
6298
6299
6298
6299
7029
7030
6304
6305
6306
6314
6304
6306
6304
6305
6305
6306
6315
6318
6320
6311
6312
6313
6314
6311
6313
6312
6313
6316
6311
6312
6319
6320
6318
6319
6320
6318
6320
6329
6319
6320
7055
6318
6319
6331
7056
6332
7058
6325
6326
6327
6335
6325
6327
6325
6326
6326
6327
6336
6339
6341
6332
6333
6334
6335
6332
6334
6333
6334
6337
6332
6333
6340
6341
6339
6340
6341
6339
6341
6342
6340
6341
7076
6339
6340
6343
7077
6344
7079
6344
6344
6346
6350
6349
6349
6353
6355
6352
6352
6354
6355
6355
6359
6355
7101
6358
6358
6362
6364
6361
6361
6363
6364
6364
6368
6364
7110
6367
6367
6371
6373
6370
6370
6372
6373
6373
6377
6373
7119
6376
6376
6380
6382
6379
6379
6381
6382
6382
6385
6382
7128
6384
6389
6387
6387
6388
6389
6389
7137
6394
6395
6396
6399
6394
6396
6394
6395
6397
6395
6396
6400
6398
6403
6405
6398
6416
6407
6418
6403
6404
6405
6403
6405
6425
6404
6405
7145
6403
6404
6406
6427
7146
6407
6428
7148
6407
6439
7151
6440
6412
6413
6414
6419
6431
6412
6414
6412
6413
6420
6413
6414
6432
6422
6423
6435
6437
6417
6418
6419
6438
6417
6418
6422
6440
6422
6423
6442
6422
6423
6455
6423
6443
6457
6445
6459
6428
6429
6430
6431
6438
6428
6430
6429
6430
6433
6428
6429
6439
6440
6436
6441
6437
6435
6436
6437
6442
6435
6437
6469
6436
6437
7163
6435
6436
6444
6471
7164
6445
6472
6446
7166
6440
6441
6442
6440
6441
7170
6446
7171
6445
6446
6445
6483
6445
6446
6484
7174
6486
7176
6451
6452
6453
6461
6475
6451
6453
6451
6452
6462
6452
6453
6476
6465
6466
6479
6481
6458
6459
6460
6461
6482
6458
6459
6458
6460
6463
6459
6460
6483
6465
6486
6467
6487
6465
6466
6467
6489
6465
6466
6504
6465
6467
6466
6467
6490
6506
6493
6508
6494
6472
6473
6474
6475
6482
6472
6474
6473
6474
6477
6472
6473
6484
6486
6480
6488
6481
6479
6480
6481
6489
6479
6481
6518
6480
6481
7202
6479
6480
6491
6520
7203
6493
6521
6495
7205
6486
6487
6488
6489
6486
6487
6486
6488
7209
6487
6488
6492
7210
6494
6495
7212
6493
6494
6495
6493
6494
6532
6493
6495
6533
7216
6494
6495
7217
6535
7219
6500
6501
6502
6510
6524
6500
6502
6500
6501
6511
6501
6502
6525
6514
6515
6528
6530
6507
6508
6509
6510
6531
6507
6508
6507
6509
6512
6508
6509
6532
6514
6535
6516
6536
6514
6515
6516
6538
6514
6515
6553
6514
6516
6515
6516
6539
6555
7099
6542
6557
6543
6521
6522
6523
6524
6531
6521
6523
6522
6523
6526
6521
6522
6533
6535
6529
6537
6530
6528
6529
6530
6538
6528
6530
6567
6529
6530
7251
6528
6529
6540
6569
7252
6542
6570
6544
7254
6535
6536
6537
6538
6535
6536
6535
6537
7258
6536
6537
6541
7259
6543
6544
7261
6542
6543
6544
6542
6543
6581
7100
6542
6544
6582
7265
6543
6544
7266
6584
7268
6549
6550
6551
6559
6573
6549
6551
6549
6550
6560
6550
6551
6574
6563
6564
6577
6579
6556
6557
6558
6559
6580
6556
6557
6556
6558
6561
6557
6558
6581
6563
6584
6565
6585
6563
6564
6565
6587
6563
6564
6602
6563
6565
7101
6564
6565
6588
6604
7102
6591
6606
6592
7103
6570
6571
6572
6573
6580
6570
6572
6571
6572
6575
6570
6571
6582
6584
6578
6586
6579
6577
6578
6579
6587
6577
6579
6616
6578
6579
7300
6577
6578
6589
6618
7301
6591
6619
6593
7303
6584
6585
6586
6587
6584
6585
7104
6584
6586
7307
6585
6586
6590
7105
7308
6592
7106
6593
7310
6591
6592
6593
6591
6592
6630
7107
6591
6593
6631
7314
6592
6593
7108
7315
6633
7109
7317
6598
6599
6600
6608
6622
6598
6600
6598
6599
6609
6599
6600
6623
6612
6613
6626
6628
6605
6606
6607
6608
6629
6605
6606
6605
6607
6610
6606
6607
6630
6612
6633
6614
6634
6612
6613
6614
6636
6612
6613
6651
6612
6614
7110
6613
6614
6637
6653
7111
6640
6655
6641
7112
6619
6620
6621
6622
6629
6619
6621
6620
6621
6624
6619
6620
6631
6633
6627
6635
6628
6626
6627
6628
6636
6626
6628
6665
6627
6628
7349
6626
6627
6638
6667
7350
6640
6668
6642
7352
6633
6634
6635
6636
6633
6634
7113
6633
6635
7356
6634
6635
6639
7114
7357
6641
7115
6642
7359
6640
6641
6642
6640
6641
6679
7116
6640
6642
6680
7363
6641
6642
7117
7364
6682
7118
7366
6647
6648
6649
6657
6671
6647
6649
6647
6648
6658
6648
6649
6672
6661
6662
6675
6677
6654
6655
6656
6657
6678
6654
6655
6654
6656
6659
6655
6656
6679
6661
6682
6663
6683
6661
6662
6663
6685
6661
6662
6700
6661
6663
7119
6662
6663
6686
6702
7120
6689
6704
6690
7121
6668
6669
6670
6671
6678
6668
6670
6669
6670
6673
6668
6669
6680
6682
6676
6684
6677
6675
6676
6677
6685
6675
6677
6714
6676
6677
7398
6675
6676
6687
6716
7399
6689
6717
6691
7401
6682
6683
6684
6685
6682
6683
7122
6682
6684
7405
6683
6684
6688
7123
7406
6690
7124
6691
7408
6689
6690
6691
6689
6690
6728
7125
6689
6691
6729
7412
6690
6691
7126
7413
6731
7127
7415
6696
6697
6698
6706
6720
6696
6698
6696
6697
6707
6697
6698
6721
6710
6711
6724
6726
6703
6704
6705
6706
6727
6703
6704
6703
6705
6708
6704
6705
6728
6710
6731
6712
6732
6710
6711
6712
6734
6710
6711
6749
6710
6712
7128
6711
6712
6735
6751
7129
6738
6753
6739
7130
6717
6718
6719
6720
6727
6717
6719
6718
6719
6722
6717
6718
6729
6731
6725
6733
6726
6724
6725
6726
6734
6724
6726
6763
6725
6726
7447
6724
6725
6736
6765
7448
6738
6766
6740
7450
6731
6732
6733
6734
6731
6732
7131
6731
6733
7454
6732
6733
6737
7132
7455
6739
7133
6740
7457
6738
6739
6740
6738
6739
6777
7134
6738
6740
6778
7461
6739
6740
7135
7462
6780
7136
7464
6745
6746
6747
6755
6769
6745
6747
6745
6746
6756
6746
6747
6770
6759
6760
6773
6775
6752
6753
6754
6755
6776
6752
6753
6752
6754
6757
6753
6754
6777
6759
6780
6761
6781
6759
6760
6761
6783
6759
6760
6798
6759
6761
7137
6760
6761
6784
6800
6787
6802
6788
7138
6766
6767
6768
6769
6776
6766
6768
6767
6768
6771
6766
6767
6778
6780
6774
6782
6775
6773
6774
6775
6783
6773
6775
6812
6774
6775
7496
6773
6774
6785
6814
7497
6787
6815
6789
7499
6780
6781
6782
6783
6780
6781
7139
6780
6782
7503
6781
6782
6786
7140
7504
6788
7141
6789
7506
6787
6788
6789
6787
6788
6826
6787
6789
6827
7510
6788
6789
7142
7511
6829
7143
7513
6794
6795
6796
6804
6818
6794
6796
6794
6795
6805
6795
6796
6819
6808
6809
6822
6824
6801
6802
6803
6804
6825
6801
6802
6801
6803
6806
6802
6803
6826
6808
6829
6810
6830
6808
6809
6810
6832
6808
6809
6847
6808
6810
6809
6810
6833
6849
6836
6851
6837
6815
6816
6817
6818
6825
6815
6817
6816
6817
6820
6815
6816
6827
6829
6823
6831
6824
6822
6823
6824
6832
6822
6824
6861
6823
6824
7545
6822
6823
6834
6863
7546
6836
6864
6838
7548
6829
6830
6831
6832
6829
6830
6829
6831
7552
6830
6831
6835
7553
6837
6838
7555
6836
6837
6838
6836
6837
6875
6836
6838
6876
7559
6837
6838
7560
6878
7562
6843
6844
6845
6853
6867
6843
6845
6843
6844
6854
6844
6845
6868
6857
6858
6871
6873
6850
6851
6852
6853
6874
6850
6851
6850
6852
6855
6851
6852
6875
6857
6878
6859
6879
6857
6858
6859
6881
6857
6858
6896
6857
6859
6858
6859
6882
6898
6885
6900
6886
6864
6865
6866
6867
6874
6864
6866
6865
6866
6869
6864
6865
6876
6878
6872
6880
6873
6871
6872
6873
6881
6871
6873
6910
6872
6873
7594
6871
6872
6883
6912
7595
6885
6913
6887
7597
6878
6879
6880
6881
6878
6879
6878
6880
7601
6879
6880
6884
7602
6886
6887
7604
6885
6886
6887
6885
6886
6924
6885
6887
6925
7608
6886
6887
7609
6927
7611
6892
6893
6894
6902
6916
6892
6894
6892
6893
6903
6893
6894
6917
6906
6907
6920
6922
6899
6900
6901
6902
6923
6899
6900
6899
6901
6904
6900
6901
6924
6906
6927
6908
6928
6906
6907
6908
6930
6906
6907
6945
6906
6908
6907
6908
6931
6947
6934
6949
6935
6913
6914
6915
6916
6923
6913
6915
6914
6915
6918
6913
6914
6925
6927
6921
6929
6922
6920
6921
6922
6930
6920
6922
6956
6921
6922
7643
6920
6921
6932
6958
7644
6934
6959
6936
7646
6927
6928
6929
6930
6927
6928
6927
6929
7650
6928
6929
6933
7651
6935
6936
7653
6934
6935
6936
6934
6935
6970
6934
6936
6971
7657
6935
6936
7658
6973
7660
6941
6942
6943
6951
6962
6941
6943
6941
6942
6952
6942
6943
6963
6953
6954
6966
6968
6948
6949
6950
6951
6969
6948
6949
6948
6950
6949
6950
6970
6953
6973
6974
6953
6954
6976
6953
6954
6988
6978
6990
6959
6960
6961
6962
6969
6959
6961
6960
6961
6964
6959
6960
6971
6973
6967
6975
6968
6966
6967
6968
6976
6966
6968
6996
6967
6968
7692
6966
6967
6977
6998
7693
6978
6999
6979
7695
6973
6974
6975
6976
6973
6974
6973
6975
7699
6974
6975
7700
6979
7702
6978
6979
6978
6979
7010
7706
7011
7707
6984
6985
6986
6991
7002
6984
6986
6984
6985
6992
6985
6986
7003
6993
6994
7006
7008
6989
6990
6991
7009
6989
6990
6993
7011
6993
6994
7013
6993
6994
7025
7015
7027
6999
7000
7001
7002
7009
6999
7001
7000
7001
7004
6999
7000
7010
7011
7007
7012
7008
7006
7007
7008
7013
7006
7008
7033
7007
7008
7735
7006
7007
7014
7035
7736
7015
7036
7016
7738
7011
7012
7013
7011
7012
7742
7016
7743
7015
7016
7015
7016
7047
7746
7048
7747
7021
7022
7023
7028
7039
7021
7023
7021
7022
7029
7022
7023
7040
7030
7031
7043
7045
7026
7027
7028
7046
7026
7027
7030
7048
7030
7031
7050
7030
7031
7052
7036
7037
7038
7039
7046
7036
7038
7037
7038
7041
7036
7037
7047
7048
7044
7049
7045
7043
7044
7045
7050
7043
7045
7062
7044
7045
7772
7043
7044
7051
7064
7773
7052
7065
7053
7775
7048
7049
7050
7048
7049
7779
7053
7780
7052
7053
7052
7053
7783
7784
7058
7059
7060
7068
7058
7060
7058
7059
7059
7060
7069
7072
7074
7065
7066
7067
7068
7065
7067
7066
7067
7070
7065
7066
7073
7074
7072
7073
7074
7072
7074
7083
7073
7074
7809
7072
7073
7085
7810
7086
7812
7079
7080
7081
7089
7079
7081
7079
7080
7080
7081
7090
7093
7095
7086
7087
7088
7089
7086
7088
7087
7088
7091
7086
7087
7094
7095
7093
7094
7095
7093
7095
7096
7094
7095
7830
7093
7094
7097
7831
7098
7833
7098
7098
7100
7104
7103
7103
7107
7109
7106
7106
7108
7109
7109
7113
7109
7855
7112
7112
7116
7118
7115
7115
7117
7118
7118
7122
7118
7864
7121
7121
7125
7127
7124
7124
7126
7127
7127
7131
7127
7873
7130
7130
7134
7136
7133
7133
7135
7136
7136
7139
7136
7882
7138
7143
7141
7141
7142
7143
7143
7891
7148
7149
7150
7153
7148
7150
7148
7149
7151
7149
7150
7154
7152
7157
7159
7152
7170
7161
7172
7157
7158
7159
7157
7159
7179
7158
7159
7899
7157
7158
7160
7181
7900
7161
7182
7902
7161
7193
7905
7194
7166
7167
7168
7173
7185
7166
7168
7166
7167
7174
7167
7168
7186
7176
7177
7189
7191
7171
7172
7173
7192
7171
7172
7176
7194
7176
7177
7196
7176
7177
7209
7177
7197
7211
7199
7213
7182
7183
7184
7185
7192
7182
7184
7183
7184
7187
7182
7183
7193
7194
7190
7195
7191
7189
7190
7191
7196
7189
7191
7223
7190
7191
7917
7189
7190
7198
7225
7918
7199
7226
7200
7920
7194
7195
7196
7194
7195
7924
7200
7925
7199
7200
7199
7237
7199
7200
7238
7928
7240
7930
7205
7206
7207
7215
7229
7205
7207
7205
7206
7216
7206
7207
7230
7219
7220
7233
7235
7212
7213
7214
7215
7236
7212
7213
7212
7214
7217
7213
7214
7237
7219
7240
7221
7241
7219
7220
7221
7243
7219
7220
7258
7219
7221
7220
7221
7244
7260
7247
7262
7248
7226
7227
7228
7229
7236
7226
7228
7227
7228
7231
7226
7227
7238
7240
7234
7242
7235
7233
7234
7235
7243
7233
7235
7272
7234
7235
7956
7233
7234
7245
7274
7957
7247
7275
7249
7959
7240
7241
7242
7243
7240
7241
7240
7242
7963
7241
7242
7246
7964
7248
7249
7966
7247
7248
7249
7247
7248
7286
7247
7249
7287
7970
7248
7249
7971
7289
7973
7254
7255
7256
7264
7278
7254
7256
7254
7255
7265
7255
7256
7279
7268
7269
7282
7284
7261
7262
7263
7264
7285
7261
7262
7261
7263
7266
7262
7263
7286
7268
7289
7270
7290
7268
7269
7270
7292
7268
7269
7307
7268
7270
7269
7270
7293
7309
7853
7296
7311
7297
7275
7276
7277
7278
7285
7275
7277
7276
7277
7280
7275
7276
7287
7289
7283
7291
7284
7282
7283
7284
7292
7282
7284
7321
7283
7284
8005
7282
7283
7294
7323
8006
7296
7324
7298
8008
7289
7290
7291
7292
7289
7290
7289
7291
8012
7290
7291
7295
8013
7297
7298
8015
7296
7297
7298
7296
7297
7335
7854
7296
7298
7336
8019
7297
7298
8020
7338
8022
7303
7304
7305
7313
7327
7303
7305
7303
7304
7314
7304
7305
7328
7317
7318
7331
7333
7310
7311
7312
7313
7334
7310
7311
7310
7312
7315
7311
7312
7335
7317
7338
7319
7339
7317
7318
7319
7341
7317
7318
7356
7317
7319
7855
7318
7319
7342
7358
7856
7345
7360
7346
7857
7324
7325
7326
7327
7334
7324
7326
7325
7326
7329
7324
7325
7336
7338
7332
7340
7333
7331
7332
7333
7341
7331
7333
7370
7332
7333
8054
7331
7332
7343
7372
8055
7345
7373
7347
8057
7338
7339
7340
7341
7338
7339
7858
7338
7340
8061
7339
7340
7344
7859
8062
7346
7860
7347
8064
7345
7346
7347
7345
7346
7384
7861
7345
7347
7385
8068
7346
7347
7862
8069
7387
7863
8071
7352
7353
7354
7362
7376
7352
7354
7352
7353
7363
7353
7354
7377
7366
7367
7380
7382
7359
7360
7361
7362
7383
7359
7360
7359
7361
7364
7360
7361
7384
7366
7387
7368
7388
7366
7367
7368
7390
7366
7367
7405
7366
7368
7864
7367
7368
7391
7407
7865
7394
7409
7395
7866
7373
7374
7375
7376
7383
7373
7375
7374
7375
7378
7373
7374
7385
7387
7381
7389
7382
7380
7381
7382
7390
7380
7382
7419
7381
7382
8103
7380
7381
7392
7421
8104
7394
7422
7396
8106
7387
7388
7389
7390
7387
7388
7867
7387
7389
8110
7388
7389
7393
7868
8111
7395
7869
7396
8113
7394
7395
7396
7394
7395
7433
7870
7394
7396
7434
8117
7395
7396
7871
8118
7436
7872
8120
7401
7402
7403
7411
7425
7401
7403
7401
7402
7412
7402
7403
7426
7415
7416
7429
7431
7408
7409
7410
7411
7432
7408
7409
7408
7410
7413
7409
7410
7433
7415
7436
7417
7437
7415
7416
7417
7439
7415
7416
7454
7415
7417
7873
7416
7417
7440
7456
7874
7443
7458
7444
7875
7422
7423
7424
7425
7432
7422
7424
7423
7424
7427
7422
7423
7434
7436
7430
7438
7431
7429
7430
7431
7439
7429
7431
7468
7430
7431
8152
7429
7430
7441
7470
8153
7443
7471
7445
8155
7436
7437
7438
7439
7436
7437
7876
7436
7438
8159
7437
7438
7442
7877
8160
7444
7878
7445
8162
7443
7444
7445
7443
7444
7482
7879
7443
7445
7483
8166
7444
7445
7880
8167
7485
7881
8169
7450
7451
7452
7460
7474
7450
7452
7450
7451
7461
7451
7452
7475
7464
7465
7478
7480
7457
7458
7459
7460
7481
7457
7458
7457
7459
7462
7458
7459
7482
7464
7485
7466
7486
7464
7465
7466
7488
7464
7465
7503
7464
7466
7882
7465
7466
7489
7505
7883
7492
7507
7493
7884
7471
7472
7473
7474
7481
7471
7473
7472
7473
7476
7471
7472
7483
7485
7479
7487
7480
7478
7479
7480
7488
7478
7480
7517
7479
7480
8201
7478
7479
7490
7519
8202
7492
7520
7494
8204
7485
7486
7487
7488
7485
7486
7885
7485
7487
8208
7486
7487
7491
7886
8209
7493
7887
7494
8211
7492
7493
7494
7492
7493
7531
7888
7492
7494
7532
8215
7493
7494
7889
8216
7534
7890
8218
7499
7500
7501
7509
7523
7499
7501
7499
7500
7510
7500
7501
7524
7513
7514
7527
7529
7506
7507
7508
7509
7530
7506
7507
7506
7508
7511
7507
7508
7531
7513
7534
7515
7535
7513
7514
7515
7537
7513
7514
7552
7513
7515
7891
7514
7515
7538
7554
7541
7556
7542
7892
7520
7521
7522
7523
7530
7520
7522
7521
7522
7525
7520
7521
7532
7534
7528
7536
7529
7527
7528
7529
7537
7527
7529
7566
7528
7529
8250
7527
7528
7539
7568
8251
7541
7569
7543
8253
7534
7535
7536
7537
7534
7535
7893
7534
7536
8257
7535
7536
7540
7894
8258
7542
7895
7543
8260
7541
7542
7543
7541
7542
7580
7541
7543
7581
8264
7542
7543
7896
8265
7583
7897
8267
7548
7549
7550
7558
7572
7548
7550
7548
7549
7559
7549
7550
7573
7562
7563
7576
7578
7555
7556
7557
7558
7579
7555
7556
7555
7557
7560
7556
7557
7580
7562
7583
7564
7584
7562
7563
7564
7586
7562
7563
7601
7562
7564
7563
7564
7587
7603
7590
7605
7591
7569
7570
7571
7572
7579
7569
7571
7570
7571
7574
7569
7570
7581
7583
7577
7585
7578
7576
7577
7578
7586
7576
7578
7615
7577
7578
8299
7576
7577
7588
7617
8300
7590
7618
7592
8302
7583
7584
7585
7586
7583
7584
7583
7585
8306
7584
7585
7589
8307
7591
7592
8309
7590
7591
7592
7590
7591
7629
7590
7592
7630
8313
7591
7592
8314
7632
8316
7597
7598
7599
7607
7621
7597
7599
7597
7598
7608
7598
7599
7622
7611
7612
7625
7627
7604
7605
7606
7607
7628
7604
7605
7604
7606
7609
7605
7606
7629
7611
7632
7613
7633
7611
7612
7613
7635
7611
7612
7650
7611
7613
7612
7613
7636
7652
7639
7654
7640
7618
7619
7620
7621
7628
7618
7620
7619
7620
7623
7618
7619
7630
7632
7626
7634
7627
7625
7626
7627
7635
7625
7627
7664
7626
7627
8348
7625
7626
7637
7666
8349
7639
7667
7641
8351
7632
7633
7634
7635
7632
7633
7632
7634
8355
7633
7634
7638
8356
7640
7641
8358
7639
7640
7641
7639
7640
7678
7639
7641
7679
8362
7640
7641
8363
7681
8365
7646
7647
7648
7656
7670
7646
7648
7646
7647
7657
7647
7648
7671
7660
7661
7674
7676
7653
7654
7655
7656
7677
7653
7654
7653
7655
7658
7654
7655
7678
7660
7681
7662
7682
7660
7661
7662
7684
7660
7661
7699
7660
7662
7661
7662
7685
7701
7688
7703
7689
7667
7668
7669
7670
7677
7667
7669
7668
7669
7672
7667
7668
7679
7681
7675
7683
7676
7674
7675
7676
7684
7674
7676
7710
7675
7676
8397
7674
7675
7686
7712
8398
7688
7713
7690
8400
7681
7682
7683
7684
7681
7682
7681
7683
8404
7682
7683
7687
8405
7689
7690
8407
7688
7689
7690
7688
7689
7724
7688
7690
7725
8411
7689
7690
8412
7727
8414
7695
7696
7697
7705
7716
7695
7697
7695
7696
7706
7696
7697
7717
7707
7708
7720
7722
7702
7703
7704
7705
7723
7702
7703
7702
7704
7703
7704
7724
7707
7727
7728
7707
7708
7730
7707
7708
7742
7732
7744
7713
7714
7715
7716
7723
7713
7715
7714
7715
7718
7713
7714
7725
7727
7721
7729
7722
7720
7721
7722
7730
7720
7722
7750
7721
7722
8446
7720
7721
7731
7752
8447
7732
7753
7733
8449
7727
7728
7729
7730
7727
7728
7727
7729
8453
7728
7729
8454
7733
8456
7732
7733
7732
7733
7764
8460
7765
8461
7738
7739
7740
7745
7756
7738
7740
7738
7739
7746
7739
7740
7757
7747
7748
7760
7762
7743
7744
7745
7763
7743
7744
7747
7765
7747
7748
7767
7747
7748
7779
7769
7781
7753
7754
7755
7756
7763
7753
7755
7754
7755
7758
7753
7754
7764
7765
7761
7766
7762
7760
7761
7762
7767
7760
7762
7787
7761
7762
8489
7760
7761
7768
7789
8490
7769
7790
7770
8492
7765
7766
7767
7765
7766
8496
7770
8497
7769
7770
7769
7770
7801
8500
7802
8501
7775
7776
7777
7782
7793
7775
7777
7775
7776
7783
7776
7777
7794
7784
7785
7797
7799
7780
7781
7782
7800
7780
7781
7784
7802
7784
7785
7804
7784
7785
7806
7790
7791
7792
7793
7800
7790
7792
7791
7792
7795
7790
7791
7801
7802
7798
7803
7799
7797
7798
7799
7804
7797
7799
7816
7798
7799
8526
7797
7798
7805
7818
8527
7806
7819
7807
8529
7802
7803
7804
7802
7803
8533
7807
8534
7806
7807
7806
7807
8537
8538
7812
7813
7814
7822
7812
7814
7812
7813
7813
7814
7823
7826
7828
7819
7820
7821
7822
7819
7821
7820
7821
7824
7819
7820
7827
7828
7826
7827
7828
7826
7828
7837
7827
7828
8563
7826
7827
7839
8564
7840
8566
7833
7834
7835
7843
7833
7835
7833
7834
7834
7835
7844
7847
7849
7840
7841
7842
7843
7840
7842
7841
7842
7845
7840
7841
7848
7849
7847
7848
7849
7847
7849
7850
7848
7849
8584
7847
7848
7851
8585
7852
8587
7852
7852
7854
7858
7857
7857
7861
7863
7860
7860
7862
7863
7863
7867
7863
8609
7866
7866
7870
7872
7869
7869
7871
7872
7872
7876
7872
8618
7875
7875
7879
7881
7878
7878
7880
7881
7881
7885
7881
8627
7884
7884
7888
7890
7887
7887
7889
7890
7890
7893
7890
8636
7892
7897
7895
7895
7896
7897
7897
8645
7902
7903
7904
7907
7902
7904
7902
7903
7905
7903
7904
7908
7906
7911
7913
7906
7924
7915
7926
7911
7912
7913
7911
7913
7933
7912
7913
8653
7911
7912
7914
7935
8654
7915
7936
8656
7915
7947
8659
7948
7920
7921
7922
7927
7939
7920
7922
7920
7921
7928
7921
7922
7940
7930
7931
7943
7945
7925
7926
7927
7946
7925
7926
7930
7948
7930
7931
7950
7930
7931
7963
7931
7951
7965
7953
7967
7936
7937
7938
7939
7946
7936
7938
7937
7938
7941
7936
7937
7947
7948
7944
7949
7945
7943
7944
7945
7950
7943
7945
7977
7944
7945
8671
7943
7944
7952
7979
8672
7953
7980
7954
8674
7948
7949
7950
7948
7949
8678
7954
8679
7953
7954
7953
7991
7953
7954
7992
8682
7994
8684
7959
7960
7961
7969
7983
7959
7961
7959
7960
7970
7960
7961
7984
7973
7974
7987
7989
7966
7967
7968
7969
7990
7966
7967
7966
7968
7971
7967
7968
7991
7973
7994
7975
7995
7973
7974
7975
7997
7973
7974
8012
7973
7975
7974
7975
7998
8014
8001
8016
8002
7980
7981
7982
7983
7990
7980
7982
7981
7982
7985
7980
7981
7992
7994
7988
7996
7989
7987
7988
7989
7997
7987
7989
8026
7988
7989
8710
7987
7988
7999
8028
8711
8001
8029
8003
8713
7994
7995
7996
7997
7994
7995
7994
7996
8717
7995
7996
8000
8718
8002
8003
8720
8001
8002
8003
8001
8002
8040
8001
8003
8041
8724
8002
8003
8725
8043
8727
8008
8009
8010
8018
8032
8008
8010
8008
8009
8019
8009
8010
8033
8022
8023
8036
8038
8015
8016
8017
8018
8039
8015
8016
8015
8017
8020
8016
8017
8040
8022
8043
8024
8044
8022
8023
8024
8046
8022
8023
8061
8022
8024
8023
8024
8047
8063
8607
8050
8065
8051
8029
8030
8031
8032
8039
8029
8031
8030
8031
8034
8029
8030
8041
8043
8037
8045
8038
8036
8037
8038
8046
8036
8038
8075
8037
8038
8759
8036
8037
8048
8077
8760
8050
8078
8052
8762
8043
8044
8045
8046
8043
8044
8043
8045
8766
8044
8045
8049
8767
8051
8052
8769
8050
8051
8052
8050
8051
8089
8608
8050
8052
8090
8773
8051
8052
8774
8092
8776
8057
8058
8059
8067
8081
8057
8059
8057
8058
8068
8058
8059
8082
8071
8072
8085
8087
8064
8065
8066
8067
8088
8064
8065
8064
8066
8069
8065
8066
8089
8071
8092
8073
8093
8071
8072
8073
8095
8071
8072
8110
8071
8073
8609
8072
8073
8096
8112
8610
8099
8114
8100
8611
8078
8079
8080
8081
8088
8078
8080
8079
8080
8083
8078
8079
8090
8092
8086
8094
8087
8085
8086
8087
8095
8085
8087
8124
8086
8087
8808
8085
8086
8097
8126
8809
8099
8127
8101
8811
8092
8093
8094
8095
8092
8093
8612
8092
8094
8815
8093
8094
8098
8613
8816
8100
8614
8101
8818
8099
8100
8101
8099
8100
8138
8615
8099
8101
8139
8822
8100
8101
8616
8823
8141
8617
8825
8106
8107
8108
8116
8130
8106
8108
8106
8107
8117
8107
8108
8131
8120
8121
8134
8136
8113
8114
8115
8116
8137
8113
8114
8113
8115
8118
8114
8115
8138
8120
8141
8122
8142
8120
8121
8122
8144
8120
8121
8159
8120
8122
8618
8121
8122
8145
8161
8619
8148
8163
8149
8620
8127
8128
8129
8130
8137
8127
8129
8128
8129
8132
8127
8128
8139
8141
8135
8143
8136
8134
8135
8136
8144
8134
8136
8173
8135
8136
8857
8134
8135
8146
8175
8858
8148
8176
8150
8860
8141
8142
8143
8144
8141
8142
8621
8141
8143
8864
8142
8143
8147
8622
8865
8149
8623
8150
8867
8148
8149
8150
8148
8149
8187
8624
8148
8150
8188
8871
8149
8150
8625
8872
8190
8626
8874
8155
8156
8157
8165
8179
8155
8157
8155
8156
8166
8156
8157
8180
8169
8170
8183
8185
8162
8163
8164
8165
8186
8162
8163
8162
8164
8167
8163
8164
8187
8169
8190
8171
8191
8169
8170
8171
8193
8169
8170
8208
8169
8171
8627
8170
8171
8194
8210
8628
8197
8212
8198
8629
8176
8177
8178
8179
8186
8176
8178
8177
8178
8181
8176
8177
8188
8190
8184
8192
8185
8183
8184
8185
8193
8183
8185
8222
8184
8185
8906
8183
8184
8195
8224
8907
8197
8225
8199
8909
8190
8191
8192
8193
8190
8191
8630
8190
8192
8913
8191
8192
8196
8631
8914
8198
8632
8199
8916
8197
8198
8199
8197
8198
8236
8633
8197
8199
8237
8920
8198
8199
8634
8921
8239
8635
8923
8204
8205
8206
8214
8228
8204
8206
8204
8205
8215
8205
8206
8229
8218
8219
8232
8234
8211
8212
8213
8214
8235
8211
8212
8211
8213
8216
8212
8213
8236
8218
8239
8220
8240
8218
8219
8220
8242
8218
8219
8257
8218
8220
8636
8219
8220
8243
8259
8637
8246
8261
8247
8638
8225
8226
8227
8228
8235
8225
8227
8226
8227
8230
8225
8226
8237
8239
8233
8241
8234
8232
8233
8234
8242
8232
8234
8271
8233
8234
8955
8232
8233
8244
8273
8956
8246
8274
8248
8958
8239
8240
8241
8242
8239
8240
8639
8239
8241
8962
8240
8241
8245
8640
8963
8247
8641
8248
8965
8246
8247
8248
8246
8247
8285
8642
8246
8248
8286
8969
8247
8248
8643
8970
8288
8644
8972
8253
8254
8255
8263
8277
8253
8255
8253
8254
8264
8254
8255
8278
8267
8268
8281
8283
8260
8261
8262
8263
8284
8260
8261
8260
8262
8265
8261
8262
8285
8267
8288
8269
8289
8267
8268
8269
8291
8267
8268
8306
8267
8269
8645
8268
8269
8292
8308
8295
8310
8296
8646
8274
8275
8276
8277
8284
8274
8276
8275
8276
8279
8274
8275
8286
8288
8282
8290
8283
8281
8282
8283
8291
8281
8283
8320
8282
8283
9004
8281
8282
8293
8322
9005
8295
8323
8297
9007
8288
8289
8290
8291
8288
8289
8647
8288
8290
9011
8289
8290
8294
8648
9012
8296
8649
8297
9014
8295
8296
8297
8295
8296
8334
8295
8297
8335
9018
8296
8297
8650
9019
8337
8651
9021
8302
8303
8304
8312
8326
8302
8304
8302
8303
8313
8303
8304
8327
8316
8317
8330
8332
8309
8310
8311
8312
8333
8309
8310
8309
8311
8314
8310
8311
8334
8316
8337
8318
8338
8316
8317
8318
8340
8316
8317
8355
8316
8318
8317
8318
8341
8357
8344
8359
8345
8323
8324
8325
8326
8333
8323
8325
8324
8325
8328
8323
8324
8335
8337
8331
8339
8332
8330
8331
8332
8340
8330
8332
8369
8331
8332
9053
8330
8331
8342
8371
9054
8344
8372
8346
9056
8337
8338
8339
8340
8337
8338
8337
8339
9060
8338
8339
8343
9061
8345
8346
9063
8344
8345
8346
8344
8345
8383
8344
8346
8384
9067
8345
8346
9068
8386
9070
8351
8352
8353
8361
8375
8351
8353
8351
8352
8362
8352
8353
8376
8365
8366
8379
8381
8358
8359
8360
8361
8382
8358
8359
8358
8360
8363
8359
8360
8383
8365
8386
8367
8387
8365
8366
8367
8389
8365
8366
8404
8365
8367
8366
8367
8390
8406
8393
8408
8394
8372
8373
8374
8375
8382
8372
8374
8373
8374
8377
8372
8373
8384
8386
8380
8388
8381
8379
8380
8381
8389
8379
8381
8418
8380
8381
9102
8379
8380
8391
8420
9103
8393
8421
8395
9105
8386
8387
8388
8389
8386
8387
8386
8388
9109
8387
8388
8392
9110
8394
8395
9112
8393
8394
8395
8393
8394
8432
8393
8395
8433
9116
8394
8395
9117
8435
9119
8400
8401
8402
8410
8424
8400
8402
8400
8401
8411
8401
8402
8425
8414
8415
8428
8430
8407
8408
8409
8410
8431
8407
8408
8407
8409
8412
8408
8409
8432
8414
8435
8416
8436
8414
8415
8416
8438
8414
8415
8453
8414
8416
8415
8416
8439
8455
8442
8457
8443
8421
8422
8423
8424
8431
8421
8423
8422
8423
8426
8421
8422
8433
8435
8429
8437
8430
8428
8429
8430
8438
8428
8430
8464
8429
8430
9151
8428
8429
8440
8466
9152
8442
8467
8444
9154
8435
8436
8437
8438
8435
8436
8435
8437
9158
8436
8437
8441
9159
8443
8444
9161
8442
8443
8444
8442
8443
8478
8442
8444
8479
9165
8443
8444
9166
8481
9168
8449
8450
8451
8459
8470
8449
8451
8449
8450
8460
8450
8451
8471
8461
8462
8474
8476
8456
8457
8458
8459
8477
8456
8457
8456
8458
8457
8458
8478
8461
8481
8482
8461
8462
8484
8461
8462
8496
8486
8498
8467
8468
8469
8470
8477
8467
8469
8468
8469
8472
8467
8468
8479
8481
8475
8483
8476
8474
8475
8476
8484
8474
8476
8504
8475
8476
9200
8474
8475
8485
8506
9201
8486
8507
8487
9203
8481
8482
8483
8484
8481
8482
8481
8483
9207
8482
8483
9208
8487
9210
8486
8487
8486
8487
8518
9214
8519
9215
8492
8493
8494
8499
8510
8492
8494
8492
8493
8500
8493
8494
8511
8501
8502
8514
8516
8497
8498
8499
8517
8497
8498
8501
8519
8501
8502
8521
8501
8502
8533
8523
8535
8507
8508
8509
8510
8517
8507
8509
8508
8509
8512
8507
8508
8518
8519
8515
8520
8516
8514
8515
8516
8521
8514
8516
8541
8515
8516
9243
8514
8515
8522
8543
9244
8523
8544
8524
9246
8519
8520
8521
8519
8520
9250
8524
9251
8523
8524
8523
8524
8555
9254
8556
9255
8529
8530
8531
8536
8547
8529
8531
8529
8530
8537
8530
8531
8548
8538
8539
8551
8553
8534
8535
8536
8554
8534
8535
8538
8556
8538
8539
8558
8538
8539
8560
8544
8545
8546
8547
8554
8544
8546
8545
8546
8549
8544
8545
8555
8556
8552
8557
8553
8551
8552
8553
8558
8551
8553
8570
8552
8553
9280
8551
8552
8559
8572
9281
8560
8573
8561
9283
8556
8557
8558
8556
8557
9287
8561
9288
8560
8561
8560
8561
9291
9292
8566
8567
8568
8576
8566
8568
8566
8567
8567
8568
8577
8580
8582
8573
8574
8575
8576
8573
8575
8574
8575
8578
8573
8574
8581
8582
8580
8581
8582
8580
8582
8591
8581
8582
9317
8580
8581
8593
9318
8594
9320
8587
8588
8589
8597
8587
8589
8587
8588
8588
8589
8598
8601
8603
8594
8595
8596
8597
8594
8596
8595
8596
8599
8594
8595
8602
8603
8601
8602
8603
8601
8603
8604
8602
8603
9338
8601
8602
8605
9339
8606
9341
8606
8606
8608
8612
8611
8611
8615
8617
8614
8614
8616
8617
8617
8621
8617
9363
8620
8620
8624
8626
8623
8623
8625
8626
8626
8630
8626
9372
8629
8629
8633
8635
8632
8632
8634
8635
8635
8639
8635
9381
8638
8638
8642
8644
8641
8641
8643
8644
8644
8647
8644
9390
8646
8651
8649
8649
8650
8651
8651
9399
8656
8657
8658
8661
8656
8658
8656
8657
8659
8657
8658
8662
8660
8665
8667
8660
8678
8669
8680
8665
8666
8667
8665
8667
8687
8666
8667
9407
8665
8666
8668
8689
9408
8669
8690
9410
8669
8701
9413
8702
8674
8675
8676
8681
8693
8674
8676
8674
8675
8682
8675
8676
8694
8684
8685
8697
8699
8679
8680
8681
8700
8679
8680
8684
8702
8684
8685
8704
8684
8685
8717
8685
8705
8719
8707
8721
8690
8691
8692
8693
8700
8690
8692
8691
8692
8695
8690
8691
8701
8702
8698
8703
8699
8697
8698
8699
8704
8697
8699
8731
8698
8699
9425
8697
8698
8706
8733
9426
8707
8734
8708
9428
8702
8703
8704
8702
8703
9432
8708
9433
8707
8708
8707
8745
8707
8708
8746
9436
8748
9438
8713
8714
8715
8723
8737
8713
8715
8713
8714
8724
8714
8715
8738
8727
8728
8741
8743
8720
8721
8722
8723
8744
8720
8721
8720
8722
8725
8721
8722
8745
8727
8748
8729
8749
8727
8728
8729
8751
8727
8728
8766
8727
8729
8728
8729
8752
8768
8755
8770
8756
8734
8735
8736
8737
8744
8734
8736
8735
8736
8739
8734
8735
8746
8748
8742
8750
8743
8741
8742
8743
8751
8741
8743
8780
8742
8743
9464
8741
8742
8753
8782
9465
8755
8783
8757
9467
8748
8749
8750
8751
8748
8749
8748
8750
9471
8749
8750
8754
9472
8756
8757
9474
8755
8756
8757
8755
8756
8794
8755
8757
8795
9478
8756
8757
9479
8797
9481
8762
8763
8764
8772
8786
8762
8764
8762
8763
8773
8763
8764
8787
8776
8777
8790
8792
8769
8770
8771
8772
8793
8769
8770
8769
8771
8774
8770
8771
8794
8776
8797
8778
8798
8776
8777
8778
8800
8776
8777
8815
8776
8778
8777
8778
8801
8817
9361
8804
8819
8805
8783
8784
8785
8786
8793
8783
8785
8784
8785
8788
8783
8784
8795
8797
8791
8799
8792
8790
8791
8792
8800
8790
8792
8829
8791
8792
9513
8790
8791
8802
8831
9514
8804
8832
8806
9516
8797
8798
8799
8800
8797
8798
8797
8799
9520
8798
8799
8803
9521
8805
8806
9523
8804
8805
8806
8804
8805
8843
9362
8804
8806
8844
9527
8805
8806
9528
8846
9530
8811
8812
8813
8821
8835
8811
8813
8811
8812
8822
8812
8813
8836
8825
8826
8839
8841
8818
8819
8820
8821
8842
8818
8819
8818
8820
8823
8819
8820
8843
8825
8846
8827
8847
8825
8826
8827
8849
8825
8826
8864
8825
8827
9363
8826
8827
8850
8866
9364
8853
8868
8854
9365
8832
8833
8834
8835
8842
8832
8834
8833
8834
8837
8832
8833
8844
8846
8840
8848
8841
8839
8840
8841
8849
8839
8841
8878
8840
8841
9562
8839
8840
8851
8880
9563
8853
8881
8855
9565
8846
8847
8848
8849
8846
8847
9366
8846
8848
9569
8847
8848
8852
9367
9570
8854
9368
8855
9572
8853
8854
8855
8853
8854
8892
9369
8853
8855
8893
9576
8854
8855
9370
9577
8895
9371
9579
8860
8861
8862
8870
8884
8860
8862
8860
8861
8871
8861
8862
8885
8874
8875
8888
8890
8867
8868
8869
8870
8891
8867
8868
8867
8869
8872
8868
8869
8892
8874
8895
8876
8896
8874
8875
8876
8898
8874
8875
8913
8874
8876
9372
8875
8876
8899
8915
9373
8902
8917
8903
9374
8881
8882
8883
8884
8891
8881
8883
8882
8883
8886
8881
8882
8893
8895
8889
8897
8890
8888
8889
8890
8898
8888
8890
8927
8889
8890
9611
8888
8889
8900
8929
9612
8902
8930
8904
9614
8895
8896
8897
8898
8895
8896
9375
8895
8897
9618
8896
8897
8901
9376
9619
8903
9377
8904
9621
8902
8903
8904
8902
8903
8941
9378
8902
8904
8942
9625
8903
8904
9379
9626
8944
9380
9628
8909
8910
8911
8919
8933
8909
8911
8909
8910
8920
8910
8911
8934
8923
8924
8937
8939
8916
8917
8918
8919
8940
8916
8917
8916
8918
8921
8917
8918
8941
8923
8944
8925
8945
8923
8924
8925
8947
8923
8924
8962
8923
8925
9381
8924
8925
8948
8964
9382
8951
8966
8952
9383
8930
8931
8932
8933
8940
8930
8932
8931
8932
8935
8930
8931
8942
8944
8938
8946
8939
8937
8938
8939
8947
8937
8939
8976
8938
8939
9660
8937
8938
8949
8978
9661
8951
8979
8953
9663
8944
8945
8946
8947
8944
8945
9384
8944
8946
9667
8945
8946
8950
9385
9668
8952
9386
8953
9670
8951
8952
8953
8951
8952
8990
9387
8951
8953
8991
9674
8952
8953
9388
9675
8993
9389
9677
8958
8959
8960
8968
8982
8958
8960
8958
8959
8969
8959
8960
8983
8972
8973
8986
8988
8965
8966
8967
8968
8989
8965
8966
8965
8967
8970
8966
8967
8990
8972
8993
8974
8994
8972
8973
8974
8996
8972
8973
9011
8972
8974
9390
8973
8974
8997
9013
9391
9000
9015
9001
9392
8979
8980
8981
8982
8989
8979
8981
8980
8981
8984
8979
8980
8991
8993
8987
8995
8988
8986
8987
8988
8996
8986
8988
9025
8987
8988
9709
8986
8987
8998
9027
9710
9000
9028
9002
9712
8993
8994
8995
8996
8993
8994
9393
8993
8995
9716
8994
8995
8999
9394
9717
9001
9395
9002
9719
9000
9001
9002
9000
9001
9039
9396
9000
9002
9040
9723
9001
9002
9397
9724
9042
9398
9726
9007
9008
9009
9017
9031
9007
9009
9007
9008
9018
9008
9009
9032
9021
9022
9035
9037
9014
9015
9016
9017
9038
9014
9015
9014
9016
9019
9015
9016
9039
9021
9042
9023
9043
9021
9022
9023
9045
9021
9022
9060
9021
9023
9399
9022
9023
9046
9062
9049
9064
9050
9400
9028
9029
9030
9031
9038
9028
9030
9029
9030
9033
9028
9029
9040
9042
9036
9044
9037
9035
9036
9037
9045
9035
9037
9074
9036
9037
9758
9035
9036
9047
9076
9759
9049
9077
9051
9761
9042
9043
9044
9045
9042
9043
9401
9042
9044
9765
9043
9044
9048
9402
9766
9050
9403
9051
9768
9049
9050
9051
9049
9050
9088
9049
9051
9089
9772
9050
9051
9404
9773
9091
9405
9775
9056
9057
9058
9066
9080
9056
9058
9056
9057
9067
9057
9058
9081
9070
9071
9084
9086
9063
9064
9065
9066
9087
9063
9064
9063
9065
9068
9064
9065
9088
9070
9091
9072
9092
9070
9071
9072
9094
9070
9071
9109
9070
9072
9071
9072
9095
9111
9098
9113
9099
9077
9078
9079
9080
9087
9077
9079
9078
9079
9082
9077
9078
9089
9091
9085
9093
9086
9084
9085
9086
9094
9084
9086
9123
9085
9086
9807
9084
9085
9096
9125
9808
9098
9126
9100
9810
9091
9092
9093
9094
9091
9092
9091
9093
9814
9092
9093
9097
9815
9099
9100
9817
9098
9099
9100
9098
9099
9137
9098
9100
9138
9821
9099
9100
9822
9140
9824
9105
9106
9107
9115
9129
9105
9107
9105
9106
9116
9106
9107
9130
9119
9120
9133
9135
9112
9113
9114
9115
9136
9112
9113
9112
9114
9117
9113
9114
9137
9119
9140
9121
9141
9119
9120
9121
9143
9119
9120
9158
9119
9121
9120
9121
9144
9160
9147
9162
9148
9126
9127
9128
9129
9136
9126
9128
9127
9128
9131
9126
9127
9138
9140
9134
9142
9135
9133
9134
9135
9143
9133
9135
9172
9134
9135
9856
9133
9134
9145
9174
9857
9147
9175
9149
9859
9140
9141
9142
9143
9140
9141
9140
9142
9863
9141
9142
9146
9864
9148
9149
9866
9147
9148
9149
9147
9148
9186
9147
9149
9187
9870
9148
9149
9871
9189
9873
9154
9155
9156
9164
9178
9154
9156
9154
9155
9165
9155
9156
9179
9168
9169
9182
9184
9161
9162
9163
9164
9185
9161
9162
9161
9163
9166
9162
9163
9186
9168
9189
9170
9190
9168
9169
9170
9192
9168
9169
9207
9168
9170
9169
9170
9193
9209
9196
9211
9197
9175
9176
9177
9178
9185
9175
9177
9176
9177
9180
9175
9176
9187
9189
9183
9191
9184
9182
9183
9184
9192
9182
9184
9218
9183
9184
9905
9182
9183
9194
9220
9906
9196
9221
9198
9908
9189
9190
9191
9192
9189
9190
9189
9191
9912
9190
9191
9195
9913
9197
9198
9915
9196
9197
9198
9196
9197
9232
9196
9198
9233
9919
9197
9198
9920
9235
9922
9203
9204
9205
9213
9224
9203
9205
9203
9204
9214
9204
9205
9225
9215
9216
9228
9230
9210
9211
9212
9213
9231
9210
9211
9210
9212
9211
9212
9232
9215
9235
9236
9215
9216
9238
9215
9216
9250
9240
9252
9221
9222
9223
9224
9231
9221
9223
9222
9223
9226
9221
9222
9233
9235
9229
9237
9230
9228
9229
9230
9238
9228
9230
9258
9229
9230
9954
9228
9229
9239
9260
9955
9240
9261
9241
9957
9235
9236
9237
9238
9235
9236
9235
9237
9961
9236
9237
9962
9241
9964
9240
9241
9240
9241
9272
9968
9273
9969
9246
9247
9248
9253
9264
9246
9248
9246
9247
9254
9247
9248
9265
9255
9256
9268
9270
9251
9252
9253
9271
9251
9252
9255
9273
9255
9256
9275
9255
9256
9287
9277
9289
9261
9262
9263
9264
9271
9261
9263
9262
9263
9266
9261
9262
9272
9273
9269
9274
9270
9268
9269
9270
9275
9268
9270
9295
9269
9270
9997
9268
9269
9276
9297
9998
9277
9298
9278
10000
9273
9274
9275
9273
9274
10004
9278
10005
9277
9278
9277
9278
9309
10008
9310
10009
9283
9284
9285
9290
9301
9283
9285
9283
9284
9291
9284
9285
9302
9292
9293
9305
9307
9288
9289
9290
9308
9288
9289
9292
9310
9292
9293
9312
9292
9293
9314
9298
9299
9300
9301
9308
9298
9300
9299
9300
9303
9298
9299
9309
9310
9306
9311
9307
9305
9306
9307
9312
9305
9307
9324
9306
9307
10034
9305
9306
9313
9326
10035
9314
9327
9315
10037
9310
9311
9312
9310
9311
10041
9315
10042
9314
9315
9314
9315
10045
10046
9320
9321
9322
9330
9320
9322
9320
9321
9321
9322
9331
9334
9336
9327
9328
9329
9330
9327
9329
9328
9329
9332
9327
9328
9335
9336
9334
9335
9336
9334
9336
9345
9335
9336
10071
9334
9335
9347
10072
9348
10074
9341
9342
9343
9351
9341
9343
9341
9342
9342
9343
9352
9355
9357
9348
9349
9350
9351
9348
9350
9349
9350
9353
9348
9349
9356
9357
9355
9356
9357
9355
9357
9358
9356
9357
10092
9355
9356
9359
10093
9360
10095
9360
9360
9362
9366
9365
9365
9369
9371
9368
9368
9370
9371
9371
9375
9371
10117
9374
9374
9378
9380
9377
9377
9379
9380
9380
9384
9380
10126
9383
9383
9387
9389
9386
9386
9388
9389
9389
9393
9389
10135
9392
9392
9396
9398
9395
9395
9397
9398
9398
9401
9398
10144
9400
9405
9403
9403
9404
9405
9405
10153
9410
9411
9412
9415
9410
9412
9410
9411
9413
9411
9412
9416
9414
9419
9420
9414
9432
9423
9434
9419
9420
9421
9419
9420
9441
9420
9421
9419
9421
9422
9443
9423
9444
9423
9455
9456
9428
9429
9430
9435
9447
9428
9430
9428
9429
9436
9429
9430
9448
9438
9439
9451
9452
9433
9434
9435
9454
9433
9434
9438
9456
9438
9439
9458
9438
9439
9471
9439
9459
9473
9461
9475
9444
9445
9446
9447
9454
9444
9445
9445
9446
9449
9444
9446
9455
9456
9452
9453
9457
9451
9452
9453
9458
9451
9452
9485
9452
9453
9451
9453
9460
9487
9461
9488
9462
9456
9457
9458
9456
9457
9462
9461
9462
9461
9499
9461
9462
9500
9502
9467
9468
9469
9477
9491
9467
9469
9467
9468
9478
9468
9469
9492
9481
9482
9495
9496
9474
9475
9476
9477
9498
9474
9475
9474
9476
9479
9475
9476
9499
9481
9502
9483
9503
9481
9482
9483
9505
9481
9482
9520
9481
9483
9482
9483
9506
9522
9509
9524
9510
9488
9489
9490
9491
9498
9488
9489
9489
9490
9493
9488
9490
9500
9502
9496
9497
9504
9495
9496
9497
9505
9495
9496
9534
9496
9497
9495
9497
9507
9536
9509
9537
9511
9502
9503
9504
9505
9502
9503
9502
9504
9503
9504
9508
9510
9511
9509
9510
9511
9509
9510
9548
9509
9511
9549
9510
9511
9551
9516
9517
9518
9526
9540
9516
9518
9516
9517
9527
9517
9518
9541
9530
9531
9544
9545
9523
9524
9525
9526
9547
9523
9524
9523
9525
9528
9524
9525
9548
9530
9551
9532
9552
9530
9531
9532
9554
9530
9531
9569
9530
9532
9531
9532
9555
9571
10115
9558
9573
9559
9537
9538
9539
9540
9547
9537
9538
9538
9539
9542
9537
9539
9549
9551
9545
9546
9553
9544
9545
9546
9554
9544
9545
9583
9545
9546
9544
9546
9556
9585
9558
9586
9560
9551
9552
9553
9554
9551
9552
9551
9553
9552
9553
9557
9559
9560
9558
9559
9560
9558
9559
9597
10116
9558
9560
9598
9559
9560
9600
9565
9566
9567
9575
9589
9565
9567
9565
9566
9576
9566
9567
9590
9579
9580
9593
9594
9572
9573
9574
9575
9596
9572
9573
9572
9574
9577
9573
9574
9597
9579
9600
9581
9601
9579
9580
9581
9603
9579
9580
9618
9579
9581
10117
9580
9581
9604
9620
10118
9607
9622
9608
10119
9586
9587
9588
9589
9596
9586
9587
9587
9588
9591
9586
9588
9598
9600
9594
9595
9602
9593
9594
9595
9603
9593
9594
9632
9594
9595
9593
9595
9605
9634
9607
9635
9609
9600
9601
9602
9603
9600
9601
10120
9600
9602
9601
9602
9606
10121
9608
10122
9609
9607
9608
9609
9607
9608
9646
10123
9607
9609
9647
9608
9609
10124
9649
10125
9614
9615
9616
9624
9638
9614
9616
9614
9615
9625
9615
9616
9639
9628
9629
9642
9643
9621
9622
9623
9624
9645
9621
9622
9621
9623
9626
9622
9623
9646
9628
9649
9630
9650
9628
9629
9630
9652
9628
9629
9667
9628
9630
10126
9629
9630
9653
9669
10127
9656
9671
9657
10128
9635
9636
9637
9638
9645
9635
9636
9636
9637
9640
9635
9637
9647
9649
9643
9644
9651
9642
9643
9644
9652
9642
9643
9681
9643
9644
9642
9644
9654
9683
9656
9684
9658
9649
9650
9651
9652
9649
9650
10129
9649
9651
9650
9651
9655
10130
9657
10131
9658
9656
9657
9658
9656
9657
9695
10132
9656
9658
9696
9657
9658
10133
9698
10134
9663
9664
9665
9673
9687
9663
9665
9663
9664
9674
9664
9665
9688
9677
9678
9691
9692
9670
9671
9672
9673
9694
9670
9671
9670
9672
9675
9671
9672
9695
9677
9698
9679
9699
9677
9678
9679
9701
9677
9678
9716
9677
9679
10135
9678
9679
9702
9718
10136
9705
9720
9706
10137
9684
9685
9686
9687
9694
9684
9685
9685
9686
9689
9684
9686
9696
9698
9692
9693
9700
9691
9692
9693
9701
9691
9692
9730
9692
9693
9691
9693
9703
9732
9705
9733
9707
9698
9699
9700
9701
9698
9699
10138
9698
9700
9699
9700
9704
10139
9706
10140
9707
9705
9706
9707
9705
9706
9744
10141
9705
9707
9745
9706
9707
10142
9747
10143
9712
9713
9714
9722
9736
9712
9714
9712
9713
9723
9713
9714
9737
9726
9727
9740
9741
9719
9720
9721
9722
9743
9719
9720
9719
9721
9724
9720
9721
9744
9726
9747
9728
9748
9726
9727
9728
9750
9726
9727
9765
9726
9728
10144
9727
9728
9751
9767
10145
9754
9769
9755
10146
9733
9734
9735
9736
9743
9733
9734
9734
9735
9738
9733
9735
9745
9747
9741
9742
9749
9740
9741
9742
9750
9740
9741
9779
9741
9742
9740
9742
9752
9781
9754
9782
9756
9747
9748
9749
9750
9747
9748
10147
9747
9749
9748
9749
9753
10148
9755
10149
9756
9754
9755
9756
9754
9755
9793
10150
9754
9756
9794
9755
9756
10151
9796
10152
9761
9762
9763
9771
9785
9761
9763
9761
9762
9772
9762
9763
9786
9775
9776
9789
9790
9768
9769
9770
9771
9792
9768
9769
9768
9770
9773
9769
9770
9793
9775
9796
9777
9797
9775
9776
9777
9799
9775
9776
9814
9775
9777
10153
9776
9777
9800
9816
9803
9818
9804
10154
9782
9783
9784
9785
9792
9782
9783
9783
9784
9787
9782
9784
9794
9796
9790
9791
9798
9789
9790
9791
9799
9789
9790
9828
9790
9791
9789
9791
9801
9830
9803
9831
9805
9796
9797
9798
9799
9796
9797
10155
9796
9798
9797
9798
9802
10156
9804
10157
9805
9803
9804
9805
9803
9804
9842
9803
9805
9843
9804
9805
10158
9845
10159
9810
9811
9812
9820
9834
9810
9812
9810
9811
9821
9811
9812
9835
9824
9825
9838
9839
9817
9818
9819
9820
9841
9817
9818
9817
9819
9822
9818
9819
9842
9824
9845
9826
9846
9824
9825
9826
9848
9824
9825
9863
9824
9826
9825
9826
9849
9865
9852
9867
9853
9831
9832
9833
9834
9841
9831
9832
9832
9833
9836
9831
9833
9843
9845
9839
9840
9847
9838
9839
9840
9848
9838
9839
9877
9839
9840
9838
9840
9850
9879
9852
9880
9854
9845
9846
9847
9848
9845
9846
9845
9847
9846
9847
9851
9853
9854
9852
9853
9854
9852
9853
9891
9852
9854
9892
9853
9854
9894
9859
9860
9861
9869
9883
9859
9861
9859
9860
9870
9860
9861
9884
9873
9874
9887
9888
9866
9867
9868
9869
9890
9866
9867
9866
9868
9871
9867
9868
9891
9873
9894
9875
9895
9873
9874
9875
9897
9873
9874
9912
9873
9875
9874
9875
9898
9914
9901
9916
9902
9880
9881
9882
9883
9890
9880
9881
9881
9882
9885
9880
9882
9892
9894
9888
9889
9896
9887
9888
9889
9897
9887
9888
9926
9888
9889
9887
9889
9899
9928
9901
9929
9903
9894
9895
9896
9897
9894
9895
9894
9896
9895
9896
9900
9902
9903
9901
9902
9903
9901
9902
9940
9901
9903
9941
9902
9903
9943
9908
9909
9910
9918
9932
9908
9910
9908
9909
9919
9909
9910
9933
9922
9923
9936
9937
9915
9916
9917
9918
9939
9915
9916
9915
9917
9920
9916
9917
9940
9922
9943
9924
9944
9922
9923
9924
9946
9922
9923
9961
9922
9924
9923
9924
9947
9963
9950
9965
9951
9929
9930
9931
9932
9939
9929
9930
9930
9931
9934
9929
9931
9941
9943
9937
9938
9945
9936
9937
9938
9946
9936
9937
9972
9937
9938
9936
9938
9948
9974
9950
9975
9952
9943
9944
9945
9946
9943
9944
9943
9945
9944
9945
9949
9951
9952
9950
9951
9952
9950
9951
9986
9950
9952
9987
9951
9952
9989
9957
9958
9959
9967
9978
9957
9959
9957
9958
9968
9958
9959
9979
9969
9970
9982
9983
9964
9965
9966
9967
9985
9964
9965
9964
9966
9965
9966
9986
9969
9989
9990
9969
9970
9992
9969
9970
10004
9994
10006
9975
9976
9977
9978
9985
9975
9976
9976
9977
9980
9975
9977
9987
9989
9983
9984
9991
9982
9983
9984
9992
9982
9983
10012
9983
9984
9982
9984
9993
10014
9994
10015
9995
9989
9990
9991
9992
9989
9990
9989
9991
9990
9991
9995
9994
9995
9994
9995
10026
10027
10000
10001
10002
10007
10018
10000
10002
10000
10001
10008
10001
10002
10019
10009
10010
10022
10023
10005
10006
10007
10025
10005
10006
10009
10027
10009
10010
10029
10009
10010
10041
10031
10043
10015
10016
10017
10018
10025
10015
10016
10016
10017
10020
10015
10017
10026
10027
10023
10024
10028
10022
10023
10024
10029
10022
10023
10049
10023
10024
10022
10024
10030
10051
10031
10052
10032
10027
10028
10029
10027
10028
10032
10031
10032
10031
10032
10063
10064
10037
10038
10039
10044
10055
10037
10039
10037
10038
10045
10038
10039
10056
10046
10047
10059
10060
10042
10043
10044
10062
10042
10043
10046
10064
10046
10047
10066
10046
10047
10068
10052
10053
10054
10055
10062
10052
10053
10053
10054
10057
10052
10054
10063
10064
10060
10061
10065
10059
10060
10061
10066
10059
10060
10078
10060
10061
10059
10061
10067
10080
10068
10081
10069
10064
10065
10066
10064
10065
10069
10068
10069
10068
10069
10074
10075
10076
10084
10074
10076
10074
10075
10075
10076
10085
10088
10089
10081
10082
10083
10084
10081
10082
10082
10083
10086
10081
10083
10089
10090
10088
10089
10090
10088
10089
10099
10089
10090
10088
10090
10101
10102
10095
10096
10097
10105
10095
10097
10095
10096
10096
10097
10106
10109
10110
10102
10103
10104
10105
10102
10103
10103
10104
10107
10102
10104
10110
10111
10109
10110
10111
10109
10110
10112
10110
10111
10109
10111
10113
10114
10114
10114
10116
10120
10119
10119
10123
10125
10122
10122
10124
10125
10125
10129
10125
10128
10128
10132
10134
10131
10131
10133
10134
10134
10138
10134
10137
10137
10141
10143
10140
10140
10142
10143
10143
10147
10143
10146
10146
10150
10152
10149
10149
10151
10152
10152
10155
10152
10154
10159
10157
10157
10158
10159
10159
)


// ************************************************************************* //
