/*--------------------------------*- C++ -*----------------------------------*\
  =========                 |
  \\      /  F ield         | OpenFOAM: The Open Source CFD Toolbox
   \\    /   O peration     | Website:  https://openfoam.org
    \\  /    A nd           | Version:  dev
     \\/     M anipulation  |
\*---------------------------------------------------------------------------*/
FoamFile
{
    format      ascii;
    class       vectorField;
    location    "1/polyMesh";
    object      points;
}
// * * * * * * * * * * * * * * * * * * * * * * * * * * * * * * * * * * * * * //


13031
(
(0.8 0.0057468 0)
(0.101233 0.0435928 0.000242512)
(0.200445 0.0484676 0.00015153)
(0.25 0.0487022 0)
(0.3 0.0487022 0)
(0.35 0.0487022 0)
(0.4 0.0487022 3.70217e-06)
(0.55 0.0441153 0)
(0.599868 0.0440525 5.19822e-05)
(0.0501297 0.000124054 0.01)
(0.100002 0.000126039 0.01)
(0.150002 0.000189002 0.01)
(0.200002 0.000252002 0.01)
(0.250002 0.000315002 0.01)
(0.300002 0.000378002 0.01)
(0.350001 0.000441002 0.01)
(0.400001 0.000504002 0.01)
(0.450001 0.000567002 0.01)
(0.500001 0.000630002 0.01)
(0.550001 0.000693001 0.01)
(0.600001 0.000756004 0.01)
(0.650001 0.000819002 0.01)
(0.700001 0.000882001 0.01)
(0.750001 0.000945334 0.01)
(0.800001 0.001008 0.01)
(0.8487 0.00106936 0.01)
(0.101238 0.0469965 0.01)
(0.149498 0.053362 0.01)
(0.199986 0.0498328 0.00996887)
(0.250031 0.0487697 0.00996533)
(0.300002 0.0492427 0.00996549)
(0.349976 0.0488365 0.00996548)
(0.399926 0.0479139 0.00996392)
(0.451047 0.0557092 0.01)
(0.500285 0.0529063 0.01)
(0.550082 0.0495049 0.01)
(0.59966 0.0456546 0.01)
(0.0501298 6.31635e-05 0.02)
(0.100002 0.000126002 0.02)
(0.150002 0.000189002 0.02)
(0.200002 0.000252002 0.02)
(0.250002 0.000315002 0.02)
(0.300002 0.000378002 0.02)
(0.350001 0.000441002 0.02)
(0.400001 0.000504002 0.02)
(0.450001 0.000567002 0.02)
(0.500001 0.000630002 0.02)
(0.550001 0.000693001 0.02)
(0.600001 0.000756001 0.02)
(0.650001 0.000819001 0.02)
(0.700001 0.000882001 0.02)
(0.750001 0.000945001 0.02)
(0.800001 0.001008 0.02)
(0.8487 0.00106936 0.02)
(0.101239 0.0469921 0.02)
(0.149498 0.0533621 0.02)
(0.199986 0.0497983 0.0199998)
(0.250035 0.0485986 0.0199998)
(0.300002 0.0491364 0.0199998)
(0.349972 0.0486729 0.0199998)
(0.399915 0.0476316 0.0199997)
(0.451048 0.0557351 0.02)
(0.500285 0.0529063 0.02)
(0.550082 0.0495049 0.02)
(0.59966 0.045651 0.02)
(0.0501298 6.31635e-05 0.03)
(0.100002 0.000126002 0.03)
(0.150002 0.000189002 0.03)
(0.200002 0.000252002 0.03)
(0.250002 0.000315002 0.03)
(0.300002 0.000378002 0.03)
(0.350001 0.000441002 0.03)
(0.400001 0.000504002 0.03)
(0.450001 0.000567002 0.03)
(0.500001 0.000630002 0.03)
(0.550001 0.000693001 0.03)
(0.600001 0.000756001 0.03)
(0.650001 0.000819001 0.03)
(0.700001 0.000882001 0.03)
(0.750001 0.000945001 0.03)
(0.800001 0.001008 0.03)
(0.8487 0.00106936 0.03)
(0.101239 0.0469921 0.03)
(0.149498 0.0533621 0.03)
(0.199985 0.0498041 0.03)
(0.250036 0.0485779 0.03)
(0.300002 0.0491247 0.03)
(0.349971 0.0486528 0.03)
(0.399914 0.0475985 0.03)
(0.451048 0.0557351 0.03)
(0.500285 0.0529063 0.03)
(0.550082 0.0495049 0.03)
(0.59966 0.045651 0.03)
(0.0501298 6.31635e-05 0.04)
(0.100002 0.000126002 0.04)
(0.150002 0.000189002 0.04)
(0.200002 0.000252002 0.04)
(0.250002 0.000315002 0.04)
(0.300002 0.000378002 0.04)
(0.350001 0.000441002 0.04)
(0.400001 0.000504002 0.04)
(0.450001 0.000567002 0.04)
(0.500001 0.000630002 0.04)
(0.550001 0.000693001 0.04)
(0.600001 0.000756001 0.04)
(0.650001 0.000819001 0.04)
(0.700001 0.000882001 0.04)
(0.750001 0.000945001 0.04)
(0.800001 0.001008 0.04)
(0.8487 0.00106936 0.04)
(0.101239 0.0469921 0.04)
(0.149498 0.0533621 0.04)
(0.199985 0.049804 0.04)
(0.250036 0.0485773 0.04)
(0.300002 0.0491243 0.04)
(0.349971 0.0486522 0.04)
(0.399914 0.0475978 0.04)
(0.451048 0.0557351 0.04)
(0.500285 0.0529063 0.04)
(0.550082 0.0495049 0.04)
(0.59966 0.045651 0.04)
(0.0501298 6.31635e-05 0.05)
(0.100002 0.000126002 0.05)
(0.150002 0.000189002 0.05)
(0.200002 0.000252002 0.05)
(0.250002 0.000315002 0.05)
(0.300002 0.000378002 0.05)
(0.350001 0.000441002 0.05)
(0.400001 0.000504002 0.05)
(0.450001 0.000567002 0.05)
(0.500001 0.000630002 0.05)
(0.550001 0.000693001 0.05)
(0.600001 0.000756001 0.05)
(0.650001 0.000819001 0.05)
(0.700001 0.000882001 0.05)
(0.750001 0.000945001 0.05)
(0.800001 0.001008 0.05)
(0.8487 0.00106936 0.05)
(0.101239 0.0469921 0.05)
(0.149498 0.0533621 0.05)
(0.199985 0.049804 0.05)
(0.250036 0.0485773 0.05)
(0.300002 0.0491243 0.05)
(0.349971 0.0486522 0.05)
(0.399914 0.0475978 0.05)
(0.451048 0.0557351 0.05)
(0.500285 0.0529063 0.05)
(0.550082 0.0495049 0.05)
(0.59966 0.045651 0.05)
(0.0501298 6.31635e-05 0.06)
(0.100002 0.000126002 0.06)
(0.150002 0.000189002 0.06)
(0.200002 0.000252002 0.06)
(0.250002 0.000315002 0.06)
(0.300002 0.000378002 0.06)
(0.350001 0.000441002 0.06)
(0.400001 0.000504002 0.06)
(0.450001 0.000567002 0.06)
(0.500001 0.000630002 0.06)
(0.550001 0.000693001 0.06)
(0.600001 0.000756001 0.06)
(0.650001 0.000819001 0.06)
(0.700001 0.000882001 0.06)
(0.750001 0.000945001 0.06)
(0.800001 0.001008 0.06)
(0.8487 0.00106936 0.06)
(0.101239 0.0469921 0.06)
(0.149498 0.0533621 0.06)
(0.199985 0.049804 0.06)
(0.250036 0.0485773 0.06)
(0.300002 0.0491243 0.06)
(0.349971 0.0486522 0.06)
(0.399914 0.0475978 0.06)
(0.451048 0.0557351 0.06)
(0.500285 0.0529063 0.06)
(0.550082 0.0495049 0.06)
(0.59966 0.045651 0.06)
(0.0501298 6.31635e-05 0.07)
(0.100002 0.000126002 0.07)
(0.150002 0.000189002 0.07)
(0.200002 0.000252002 0.07)
(0.250002 0.000315002 0.07)
(0.300002 0.000378002 0.07)
(0.350001 0.000441002 0.07)
(0.400001 0.000504002 0.07)
(0.450001 0.000567002 0.07)
(0.500001 0.000630002 0.07)
(0.550001 0.000693001 0.07)
(0.600001 0.000756001 0.07)
(0.650001 0.000819001 0.07)
(0.700001 0.000882001 0.07)
(0.750001 0.000945001 0.07)
(0.800001 0.001008 0.07)
(0.8487 0.00106936 0.07)
(0.101239 0.0469921 0.07)
(0.149498 0.0533621 0.07)
(0.199985 0.049804 0.07)
(0.250036 0.0485773 0.07)
(0.300002 0.0491243 0.07)
(0.349971 0.0486522 0.07)
(0.399914 0.0475978 0.07)
(0.451048 0.0557351 0.07)
(0.500285 0.0529063 0.07)
(0.550082 0.0495049 0.07)
(0.59966 0.045651 0.07)
(0.0501298 6.31635e-05 0.08)
(0.100002 0.000126002 0.08)
(0.150002 0.000189002 0.08)
(0.200002 0.000252002 0.08)
(0.250002 0.000315002 0.08)
(0.300002 0.000378002 0.08)
(0.350001 0.000441002 0.08)
(0.400001 0.000504002 0.08)
(0.450001 0.000567002 0.08)
(0.500001 0.000630002 0.08)
(0.550001 0.000693001 0.08)
(0.600001 0.000756001 0.08)
(0.650001 0.000819001 0.08)
(0.700001 0.000882001 0.08)
(0.750001 0.000945001 0.08)
(0.800001 0.001008 0.08)
(0.8487 0.00106936 0.08)
(0.101239 0.0469921 0.08)
(0.149498 0.0533621 0.08)
(0.199985 0.0498039 0.0800001)
(0.250036 0.0485773 0.08)
(0.300002 0.0491243 0.08)
(0.349971 0.0486522 0.08)
(0.399914 0.0475979 0.0800001)
(0.451048 0.0557351 0.08)
(0.500285 0.0529063 0.08)
(0.550082 0.0495049 0.08)
(0.59966 0.045651 0.08)
(0.0501297 0.000145911 0.09)
(0.100002 0.000126002 0.09)
(0.150002 0.000189002 0.09)
(0.200002 0.000252002 0.09)
(0.250002 0.000315002 0.09)
(0.300002 0.000378002 0.09)
(0.350001 0.000441002 0.09)
(0.400001 0.000504002 0.09)
(0.450001 0.000567002 0.09)
(0.500001 0.000630002 0.09)
(0.550001 0.000693001 0.09)
(0.600001 0.000756001 0.09)
(0.650001 0.000819063 0.09)
(0.700001 0.000882001 0.09)
(0.750001 0.000945382 0.09)
(0.800001 0.00100818 0.09)
(0.8487 0.00108467 0.09)
(0.101239 0.0469922 0.09)
(0.149512 0.0532234 0.09)
(0.199986 0.0497998 0.0900174)
(0.250036 0.0485831 0.0900012)
(0.300002 0.0491275 0.09)
(0.349971 0.0486584 0.090001)
(0.399915 0.0476349 0.0900218)
(0.451038 0.0555404 0.09)
(0.500277 0.0527802 0.09)
(0.550081 0.0495046 0.09)
(0.599661 0.0456636 0.09)
(0.05013 0.00123927 0.1)
(0.1 0.00113127 0.1)
(0.15 0.00113127 0.1)
(0.2 0.00113127 0.1)
(0.25 0.00113127 0.1)
(0.3 0.00113127 0.1)
(0.35 0.00113127 0.1)
(0.4 0.00113127 0.1)
(0.45 0.00113127 0.1)
(0.5 0.00113127 0.1)
(0.55 0.00113127 0.1)
(0.6 0.00113127 0.1)
(0.65 0.00113127 0.1)
(0.7 0.00113127 0.1)
(0.75 0.00113127 0.1)
(0.8 0.00113127 0.1)
(0.8487 0.00218769 0.1)
(0.101177 0.047912 0.1)
(0.15 0.0488687 0.1)
(0.200001 0.0499509 0.1)
(0.25001 0.0495765 0.1)
(0.300001 0.0497155 0.1)
(0.349992 0.0495988 0.1)
(0.399995 0.0498409 0.1)
(0.450803 0.0498957 0.1)
(0.5 0.0488687 0.1)
(0.55 0.0488687 0.1)
(0.599871 0.0487614 0.1)
(0.0271918 0.0226975 0.00499262)
(0.0746122 0.0263441 0.00465408)
(0.124944 0.0250921 0.00468445)
(0.17496 0.0251642 0.00442108)
(0.225004 0.0245606 0.00475891)
(0.275002 0.0246143 0.00476306)
(0.324999 0.0246296 0.00476307)
(0.374996 0.0245697 0.00476281)
(0.425007 0.0248412 0.00471635)
(0.475032 0.025324 0.00431828)
(0.525035 0.0252844 0.00469458)
(0.574992 0.0246852 0.00476439)
(0.625078 0.0257272 0.00450046)
(0.675119 0.0261405 0.00461041)
(0.724962 0.0244915 0.00479346)
(0.775076 0.023393 2.12857e-05)
(0.825015 0.023416 0.00502554)
(0.0742384 0.0278632 0.0149951)
(0.124853 0.0254682 0.0149885)
(0.174821 0.0264998 0.0149791)
(0.225009 0.0240158 0.0149893)
(0.275005 0.0241023 0.0149901)
(0.324998 0.0241388 0.0149901)
(0.374987 0.0239622 0.01499)
(0.42503 0.0249595 0.0149858)
(0.475143 0.0270746 0.0149754)
(0.525087 0.0258492 0.0149901)
(0.574979 0.0243359 0.0149931)
(0.625208 0.0271713 0.0149931)
(0.675228 0.0273113 0.0149967)
(0.724927 0.0241501 0.0149985)
(0.775661 0.028881 0.015)
(0.825003 0.0234173 0.015)
(0.0742288 0.0279024 0.025)
(0.124849 0.0254721 0.025)
(0.174809 0.0265979 0.0249999)
(0.22501 0.0238772 0.025)
(0.275005 0.0239743 0.025)
(0.324998 0.0240174 0.025)
(0.374987 0.0238504 0.025)
(0.425031 0.024883 0.025)
(0.475153 0.0272297 0.0249999)
(0.525092 0.0259001 0.025)
(0.574976 0.0242872 0.025)
(0.625217 0.0272819 0.025)
(0.675229 0.0273268 0.025)
(0.724927 0.0241485 0.025)
(0.775661 0.028881 0.025)
(0.825003 0.0234173 0.025)
(0.0742287 0.0279026 0.035)
(0.124849 0.0254722 0.035)
(0.174809 0.0266032 0.035)
(0.22501 0.0238646 0.035)
(0.275005 0.0239611 0.035)
(0.324998 0.0240049 0.035)
(0.374987 0.0238397 0.035)
(0.425031 0.0248778 0.035)
(0.475154 0.0272368 0.035)
(0.525092 0.0259026 0.035)
(0.574976 0.0242846 0.035)
(0.625217 0.0272824 0.035)
(0.675229 0.0273268 0.035)
(0.724927 0.0241485 0.035)
(0.775661 0.028881 0.035)
(0.825003 0.0234173 0.035)
(0.0742287 0.0279026 0.045)
(0.124849 0.0254722 0.045)
(0.174809 0.0266033 0.045)
(0.22501 0.0238645 0.045)
(0.275005 0.023961 0.045)
(0.324998 0.0240047 0.045)
(0.374987 0.0238395 0.045)
(0.425031 0.0248777 0.045)
(0.475154 0.0272368 0.045)
(0.525092 0.0259026 0.045)
(0.574976 0.0242846 0.045)
(0.625217 0.0272824 0.045)
(0.675229 0.0273268 0.045)
(0.724927 0.0241485 0.045)
(0.775661 0.028881 0.045)
(0.825003 0.0234173 0.045)
(0.0742287 0.0279026 0.055)
(0.124849 0.0254722 0.055)
(0.174809 0.0266033 0.055)
(0.22501 0.0238645 0.055)
(0.275005 0.023961 0.055)
(0.324998 0.0240047 0.055)
(0.374987 0.0238395 0.055)
(0.425031 0.0248777 0.055)
(0.475154 0.0272368 0.055)
(0.525092 0.0259026 0.055)
(0.574976 0.0242846 0.055)
(0.625217 0.0272824 0.055)
(0.675229 0.0273268 0.055)
(0.724927 0.0241485 0.055)
(0.775661 0.028881 0.055)
(0.825003 0.0234173 0.055)
(0.0742287 0.0279026 0.065)
(0.124849 0.0254722 0.065)
(0.174809 0.0266033 0.065)
(0.22501 0.0238645 0.065)
(0.275005 0.023961 0.065)
(0.324998 0.0240047 0.065)
(0.374987 0.0238395 0.065)
(0.425031 0.0248777 0.065)
(0.475154 0.0272368 0.065)
(0.525092 0.0259026 0.065)
(0.574976 0.0242846 0.065)
(0.625217 0.0272824 0.065)
(0.675229 0.0273268 0.065)
(0.724927 0.0241485 0.065)
(0.775661 0.028881 0.065)
(0.825003 0.0234173 0.065)
(0.0742287 0.0279026 0.075)
(0.124849 0.0254722 0.075)
(0.174809 0.0266032 0.075)
(0.22501 0.0238645 0.075)
(0.275005 0.023961 0.075)
(0.324998 0.0240047 0.075)
(0.374987 0.0238395 0.075)
(0.425031 0.0248777 0.075)
(0.475154 0.0272368 0.075)
(0.525092 0.0259026 0.075)
(0.574976 0.0242846 0.075)
(0.625217 0.0272824 0.075)
(0.675229 0.0273268 0.075)
(0.724927 0.0241485 0.075)
(0.775661 0.028881 0.075)
(0.825003 0.0234173 0.075)
(0.0742336 0.0278891 0.0850026)
(0.124849 0.0254692 0.0850018)
(0.17481 0.0265897 0.0850094)
(0.22501 0.0238649 0.0850014)
(0.275005 0.023962 0.085)
(0.324998 0.0240057 0.085)
(0.374987 0.0238415 0.0850009)
(0.425031 0.0248725 0.0850055)
(0.475152 0.0272165 0.0850141)
(0.525092 0.0258992 0.0850022)
(0.574976 0.024285 0.0850005)
(0.625217 0.0272783 0.0850036)
(0.675229 0.0273245 0.0850016)
(0.724927 0.0241483 0.0850002)
(0.775661 0.028881 0.085)
(0.825003 0.0234173 0.085)
(0.0271773 0.0227094 0.0949991)
(0.0744589 0.0270242 0.0952137)
(0.124885 0.0252612 0.0950871)
(0.174932 0.0252239 0.095801)
(0.22501 0.0239911 0.0950433)
(0.275004 0.0240818 0.0950004)
(0.324998 0.0241213 0.0950003)
(0.37499 0.0240192 0.0950317)
(0.425015 0.0246857 0.0952081)
(0.475048 0.0254242 0.0960475)
(0.525067 0.0255779 0.0951574)
(0.574978 0.0243583 0.0950226)
(0.625122 0.0262421 0.0955525)
(0.675164 0.0266551 0.0952446)
(0.724922 0.0241155 0.0950322)
(0.775084 0.0235069 0.09875)
(0.825002 0.0234172 0.095)
(0.0505567 0.0235855 5.28795e-05)
(0.0501374 0.000144968 0.00502651)
(0.100058 0.0249486 2.40601e-05)
(0.100002 0.000126571 0.00502554)
(0.15 0.025 1.5642e-08)
(0.150002 0.000189002 0.00502554)
(0.200006 0.0251187 2.99194e-06)
(0.200002 0.000252002 0.00502554)
(0.25 0.0251277 0)
(0.250002 0.000315002 0.00502554)
(0.3 0.0251277 0)
(0.300002 0.000378002 0.00502554)
(0.35 0.0251277 0)
(0.350002 0.000441002 0.00502554)
(0.4 0.0251277 9.9945e-08)
(0.400002 0.000504002 0.00502554)
(0.449983 0.0250406 1.06898e-06)
(0.450001 0.000567002 0.00502554)
(0.5 0.025 0)
(0.500001 0.000630002 0.00502554)
(0.55 0.025 0)
(0.550001 0.000693002 0.00502554)
(0.599987 0.0249908 5.34001e-06)
(0.600001 0.000756068 0.00502554)
(0.649985 0.0238684 1.88819e-06)
(0.650001 0.000819009 0.00502554)
(0.7 0.0238298 5.01397e-08)
(0.700001 0.000882001 0.00502554)
(0.774993 0.00575559 1.05583e-06)
(0.749247 0.0233586 0.000467452)
(0.750001 0.000948917 0.00502554)
(0.825 0.0057468 0)
(0.800001 0.001008 0.00502554)
(0.848268 0.018814 0)
(0.848671 0.00106933 0.0050296)
(0.101244 0.0470256 0.00502869)
(0.15 0.0482846 1.64755e-06)
(0.225 0.0487022 3.70217e-06)
(0.199995 0.0498557 0.00478435)
(0.275 0.0487022 0)
(0.250018 0.0492966 0.00480504)
(0.325 0.0487022 0)
(0.300001 0.0496061 0.00480527)
(0.375 0.0487022 0)
(0.349986 0.0493407 0.00480527)
(0.424555 0.0484676 0.00015153)
(0.399954 0.0487143 0.00480109)
(0.450693 0.0492801 0.000194565)
(0.500292 0.0529059 0.00502554)
(0.575 0.0441153 4.26689e-08)
(0.550089 0.0495043 0.00502554)
(0.618813 0.0425486 0.000635531)
(0.599663 0.0456854 0.00502651)
(0.0309985 0.00253726 0.01)
(0.0750019 9.53478e-05 0.01)
(0.0488207 0.026281 0.00989558)
(0.0501297 8.08867e-05 0.015)
(0.125002 0.000157502 0.01)
(0.0997903 0.0255491 0.00993947)
(0.100002 0.000126002 0.015)
(0.175002 0.000220502 0.01)
(0.149834 0.026101 0.00983517)
(0.150002 0.000189002 0.015)
(0.225002 0.000283502 0.01)
(0.199965 0.0248159 0.00990818)
(0.200002 0.000252002 0.015)
(0.275002 0.000346502 0.01)
(0.250008 0.0241575 0.00993275)
(0.250002 0.000315002 0.015)
(0.325002 0.000409502 0.01)
(0.300001 0.0242851 0.00993306)
(0.300002 0.000378002 0.015)
(0.375001 0.000472502 0.01)
(0.349995 0.0242158 0.00993304)
(0.350001 0.000441002 0.015)
(0.425001 0.000535502 0.01)
(0.399989 0.0241556 0.00992944)
(0.400001 0.000504002 0.015)
(0.475001 0.000598502 0.01)
(0.450096 0.0263825 0.00983187)
(0.450001 0.000567002 0.015)
(0.525001 0.000661502 0.01)
(0.500104 0.0262745 0.00987866)
(0.500001 0.000630002 0.015)
(0.575001 0.000724501 0.01)
(0.550031 0.025065 0.00993898)
(0.550001 0.000693001 0.015)
(0.625001 0.000787525 0.01)
(0.599968 0.0242586 0.00993787)
(0.600001 0.000756001 0.015)
(0.675001 0.000850501 0.01)
(0.650305 0.0282204 0.0098713)
(0.650001 0.000819001 0.015)
(0.725001 0.00091355 0.01)
(0.700054 0.0253903 0.00997023)
(0.700001 0.000882001 0.015)
(0.775001 0.000976507 0.01)
(0.752965 0.0312103 0.01)
(0.750001 0.000945001 0.015)
(0.825001 0.0010395 0.01)
(0.800308 0.0261935 0.01)
(0.800001 0.001008 0.015)
(0.848499 0.0206967 0.01)
(0.8487 0.00106936 0.015)
(0.124702 0.0505042 0.01)
(0.101239 0.0469921 0.015)
(0.173765 0.0555409 0.01)
(0.149498 0.0533621 0.015)
(0.225063 0.0483141 0.00996393)
(0.199986 0.0497973 0.0149971)
(0.275012 0.0491213 0.00996548)
(0.250034 0.0486342 0.0149965)
(0.32499 0.0491372 0.00996549)
(0.300002 0.049158 0.0149965)
(0.374953 0.0483713 0.00996532)
(0.349973 0.0487069 0.0149965)
(0.424995 0.0496013 0.00996882)
(0.399917 0.047689 0.0149963)
(0.475347 0.0544106 0.01)
(0.451048 0.0557351 0.015)
(0.525196 0.0512677 0.01)
(0.500285 0.0529063 0.015)
(0.574941 0.0476269 0.01)
(0.550082 0.0495049 0.015)
(0.59966 0.045651 0.015)
(0.0310016 3.9062e-05 0.02)
(0.0750019 9.45024e-05 0.02)
(0.0486191 0.0265775 0.0199995)
(0.0501298 6.31635e-05 0.025)
(0.125002 0.000157502 0.02)
(0.0997447 0.0257316 0.0199996)
(0.100002 0.000126002 0.025)
(0.175002 0.000220502 0.02)
(0.149788 0.0264803 0.0199985)
(0.150002 0.000189002 0.025)
(0.225002 0.000283502 0.02)
(0.199952 0.0248264 0.0199989)
(0.200002 0.000252002 0.025)
(0.275002 0.000346502 0.02)
(0.25001 0.0239173 0.0199992)
(0.250002 0.000315002 0.025)
(0.325002 0.000409502 0.02)
(0.300001 0.0240799 0.0199992)
(0.300002 0.000378002 0.025)
(0.375001 0.000472502 0.02)
(0.349993 0.0239904 0.0199992)
(0.350001 0.000441002 0.025)
(0.425001 0.000535502 0.02)
(0.399986 0.0239311 0.0199991)
(0.400001 0.000504002 0.025)
(0.475001 0.000598502 0.02)
(0.450125 0.0268552 0.0199984)
(0.450001 0.000567002 0.025)
(0.525001 0.000661502 0.02)
(0.50013 0.0266228 0.0199988)
(0.500001 0.000630002 0.025)
(0.575001 0.000724501 0.02)
(0.550037 0.025088 0.0199995)
(0.550001 0.000693001 0.025)
(0.625001 0.000787501 0.02)
(0.599963 0.0241486 0.0199995)
(0.600001 0.000756001 0.025)
(0.675001 0.000850501 0.02)
(0.650354 0.0288009 0.0199997)
(0.650001 0.000819001 0.025)
(0.725001 0.000913501 0.02)
(0.70006 0.0254813 0.0199999)
(0.700001 0.000882001 0.025)
(0.775001 0.000976501 0.02)
(0.752973 0.0312857 0.02)
(0.750001 0.000945001 0.025)
(0.825001 0.0010395 0.02)
(0.800308 0.0261935 0.02)
(0.800001 0.001008 0.025)
(0.848499 0.0206967 0.02)
(0.8487 0.00106936 0.025)
(0.124702 0.0505044 0.02)
(0.101239 0.0469921 0.025)
(0.173763 0.0555661 0.02)
(0.149498 0.0533621 0.025)
(0.225072 0.048088 0.0199997)
(0.199985 0.0498039 0.025)
(0.275014 0.0489982 0.0199998)
(0.250036 0.0485823 0.025)
(0.324988 0.0490158 0.0199998)
(0.300002 0.0491273 0.025)
(0.374946 0.0481433 0.0199998)
(0.349971 0.0486572 0.025)
(0.424993 0.0495397 0.0199998)
(0.399914 0.047605 0.025)
(0.475347 0.0544107 0.02)
(0.451048 0.0557351 0.025)
(0.525196 0.0512677 0.02)
(0.500285 0.0529063 0.025)
(0.574941 0.0476269 0.02)
(0.550082 0.0495049 0.025)
(0.59966 0.045651 0.025)
(0.0310016 3.9062e-05 0.03)
(0.0750019 9.45024e-05 0.03)
(0.0486186 0.0265783 0.03)
(0.0501298 6.31635e-05 0.035)
(0.125002 0.000157502 0.03)
(0.0997397 0.0257496 0.03)
(0.100002 0.000126002 0.035)
(0.175002 0.000220502 0.03)
(0.149783 0.0265172 0.03)
(0.150002 0.000189002 0.035)
(0.225002 0.000283502 0.03)
(0.199952 0.0247644 0.03)
(0.200002 0.000252002 0.035)
(0.275002 0.000346502 0.03)
(0.25001 0.0238579 0.03)
(0.250002 0.000315002 0.035)
(0.325002 0.000409502 0.03)
(0.300001 0.0240165 0.03)
(0.300002 0.000378002 0.035)
(0.375001 0.000472502 0.03)
(0.349993 0.0239391 0.03)
(0.350001 0.000441002 0.035)
(0.425001 0.000535502 0.03)
(0.399987 0.0238905 0.03)
(0.400001 0.000504002 0.035)
(0.475001 0.000598502 0.03)
(0.450128 0.0269038 0.03)
(0.450001 0.000567002 0.035)
(0.525001 0.000661502 0.03)
(0.500132 0.026653 0.03)
(0.500001 0.000630002 0.035)
(0.575001 0.000724501 0.03)
(0.550038 0.0250894 0.03)
(0.550001 0.000693001 0.035)
(0.625001 0.000787501 0.03)
(0.59996 0.0241078 0.03)
(0.600001 0.000756001 0.035)
(0.675001 0.000850501 0.03)
(0.650354 0.0288028 0.03)
(0.650001 0.000819001 0.035)
(0.725001 0.000913501 0.03)
(0.70006 0.0254815 0.03)
(0.700001 0.000882001 0.035)
(0.775001 0.000976501 0.03)
(0.752973 0.0312857 0.03)
(0.750001 0.000945001 0.035)
(0.825001 0.0010395 0.03)
(0.800308 0.0261935 0.03)
(0.800001 0.001008 0.035)
(0.848499 0.0206967 0.03)
(0.8487 0.00106936 0.035)
(0.124702 0.0505044 0.03)
(0.101239 0.0469921 0.035)
(0.173763 0.0555661 0.03)
(0.149498 0.0533621 0.035)
(0.225073 0.0480632 0.03)
(0.199985 0.049804 0.035)
(0.275014 0.0489842 0.03)
(0.250036 0.0485773 0.035)
(0.324988 0.0490019 0.03)
(0.300002 0.0491243 0.035)
(0.374945 0.0481141 0.03)
(0.349971 0.0486522 0.035)
(0.424993 0.049543 0.03)
(0.399914 0.0475979 0.035)
(0.475347 0.0544107 0.03)
(0.451048 0.0557351 0.035)
(0.525196 0.0512677 0.03)
(0.500285 0.0529063 0.035)
(0.574941 0.0476269 0.03)
(0.550082 0.0495049 0.035)
(0.59966 0.045651 0.035)
(0.0310016 3.9062e-05 0.04)
(0.0750019 9.45024e-05 0.04)
(0.0486186 0.0265783 0.04)
(0.0501298 6.31635e-05 0.045)
(0.125002 0.000157502 0.04)
(0.0997396 0.0257497 0.04)
(0.100002 0.000126002 0.045)
(0.175002 0.000220502 0.04)
(0.149783 0.0265176 0.04)
(0.150002 0.000189002 0.045)
(0.225002 0.000283502 0.04)
(0.199952 0.0247639 0.04)
(0.200002 0.000252002 0.045)
(0.275002 0.000346502 0.04)
(0.25001 0.0238562 0.04)
(0.250002 0.000315002 0.045)
(0.325002 0.000409502 0.04)
(0.300001 0.024015 0.04)
(0.300002 0.000378002 0.045)
(0.375001 0.000472502 0.04)
(0.349993 0.0239376 0.04)
(0.350001 0.000441002 0.045)
(0.425001 0.000535502 0.04)
(0.399987 0.023889 0.04)
(0.400001 0.000504002 0.045)
(0.475001 0.000598502 0.04)
(0.450128 0.0269043 0.04)
(0.450001 0.000567002 0.045)
(0.525001 0.000661502 0.04)
(0.500132 0.0266535 0.04)
(0.500001 0.000630002 0.045)
(0.575001 0.000724501 0.04)
(0.550038 0.0250894 0.04)
(0.550001 0.000693001 0.045)
(0.625001 0.000787501 0.04)
(0.59996 0.0241076 0.04)
(0.600001 0.000756001 0.045)
(0.675001 0.000850501 0.04)
(0.650354 0.0288028 0.04)
(0.650001 0.000819001 0.045)
(0.725001 0.000913501 0.04)
(0.70006 0.0254815 0.04)
(0.700001 0.000882001 0.045)
(0.775001 0.000976501 0.04)
(0.752973 0.0312857 0.04)
(0.750001 0.000945001 0.045)
(0.825001 0.0010395 0.04)
(0.800308 0.0261935 0.04)
(0.800001 0.001008 0.045)
(0.848499 0.0206967 0.04)
(0.8487 0.00106936 0.045)
(0.124702 0.0505044 0.04)
(0.101239 0.0469921 0.045)
(0.173763 0.0555661 0.04)
(0.149498 0.0533621 0.045)
(0.225073 0.0480626 0.04)
(0.199985 0.049804 0.045)
(0.275014 0.0489837 0.04)
(0.250036 0.0485773 0.045)
(0.324988 0.0490015 0.04)
(0.300002 0.0491243 0.045)
(0.374945 0.0481133 0.04)
(0.349971 0.0486522 0.045)
(0.424993 0.0495429 0.04)
(0.399914 0.0475978 0.045)
(0.475347 0.0544107 0.04)
(0.451048 0.0557351 0.045)
(0.525196 0.0512677 0.04)
(0.500285 0.0529063 0.045)
(0.574941 0.0476269 0.04)
(0.550082 0.0495049 0.045)
(0.59966 0.045651 0.045)
(0.0310016 3.9062e-05 0.05)
(0.0750019 9.45024e-05 0.05)
(0.0486186 0.0265783 0.05)
(0.0501298 6.31635e-05 0.055)
(0.125002 0.000157502 0.05)
(0.0997396 0.0257497 0.05)
(0.100002 0.000126002 0.055)
(0.175002 0.000220502 0.05)
(0.149783 0.0265176 0.05)
(0.150002 0.000189002 0.055)
(0.225002 0.000283502 0.05)
(0.199952 0.0247639 0.05)
(0.200002 0.000252002 0.055)
(0.275002 0.000346502 0.05)
(0.25001 0.0238562 0.05)
(0.250002 0.000315002 0.055)
(0.325002 0.000409502 0.05)
(0.300001 0.024015 0.05)
(0.300002 0.000378002 0.055)
(0.375001 0.000472502 0.05)
(0.349993 0.0239376 0.05)
(0.350001 0.000441002 0.055)
(0.425001 0.000535502 0.05)
(0.399987 0.023889 0.05)
(0.400001 0.000504002 0.055)
(0.475001 0.000598502 0.05)
(0.450128 0.0269043 0.05)
(0.450001 0.000567002 0.055)
(0.525001 0.000661502 0.05)
(0.500132 0.0266535 0.05)
(0.500001 0.000630002 0.055)
(0.575001 0.000724501 0.05)
(0.550038 0.0250894 0.05)
(0.550001 0.000693001 0.055)
(0.625001 0.000787501 0.05)
(0.59996 0.0241076 0.05)
(0.600001 0.000756001 0.055)
(0.675001 0.000850501 0.05)
(0.650354 0.0288028 0.05)
(0.650001 0.000819001 0.055)
(0.725001 0.000913501 0.05)
(0.70006 0.0254815 0.05)
(0.700001 0.000882001 0.055)
(0.775001 0.000976501 0.05)
(0.752973 0.0312857 0.05)
(0.750001 0.000945001 0.055)
(0.825001 0.0010395 0.05)
(0.800308 0.0261935 0.05)
(0.800001 0.001008 0.055)
(0.848499 0.0206967 0.05)
(0.8487 0.00106936 0.055)
(0.124702 0.0505044 0.05)
(0.101239 0.0469921 0.055)
(0.173763 0.0555661 0.05)
(0.149498 0.0533621 0.055)
(0.225073 0.0480626 0.05)
(0.199985 0.049804 0.055)
(0.275014 0.0489837 0.05)
(0.250036 0.0485773 0.055)
(0.324988 0.0490015 0.05)
(0.300002 0.0491243 0.055)
(0.374945 0.0481133 0.05)
(0.349971 0.0486522 0.055)
(0.424993 0.0495429 0.05)
(0.399914 0.0475978 0.055)
(0.475347 0.0544107 0.05)
(0.451048 0.0557351 0.055)
(0.525196 0.0512677 0.05)
(0.500285 0.0529063 0.055)
(0.574941 0.0476269 0.05)
(0.550082 0.0495049 0.055)
(0.59966 0.045651 0.055)
(0.0310016 3.9062e-05 0.06)
(0.0750019 9.45024e-05 0.06)
(0.0486186 0.0265783 0.06)
(0.0501298 6.31635e-05 0.065)
(0.125002 0.000157502 0.06)
(0.0997396 0.0257497 0.06)
(0.100002 0.000126002 0.065)
(0.175002 0.000220502 0.06)
(0.149783 0.0265176 0.06)
(0.150002 0.000189002 0.065)
(0.225002 0.000283502 0.06)
(0.199952 0.0247639 0.06)
(0.200002 0.000252002 0.065)
(0.275002 0.000346502 0.06)
(0.25001 0.0238562 0.06)
(0.250002 0.000315002 0.065)
(0.325002 0.000409502 0.06)
(0.300001 0.024015 0.06)
(0.300002 0.000378002 0.065)
(0.375001 0.000472502 0.06)
(0.349993 0.0239376 0.06)
(0.350001 0.000441002 0.065)
(0.425001 0.000535502 0.06)
(0.399987 0.023889 0.06)
(0.400001 0.000504002 0.065)
(0.475001 0.000598502 0.06)
(0.450128 0.0269043 0.06)
(0.450001 0.000567002 0.065)
(0.525001 0.000661502 0.06)
(0.500132 0.0266535 0.06)
(0.500001 0.000630002 0.065)
(0.575001 0.000724501 0.06)
(0.550038 0.0250894 0.06)
(0.550001 0.000693001 0.065)
(0.625001 0.000787501 0.06)
(0.59996 0.0241076 0.06)
(0.600001 0.000756001 0.065)
(0.675001 0.000850501 0.06)
(0.650354 0.0288028 0.06)
(0.650001 0.000819001 0.065)
(0.725001 0.000913501 0.06)
(0.70006 0.0254815 0.06)
(0.700001 0.000882001 0.065)
(0.775001 0.000976501 0.06)
(0.752973 0.0312857 0.06)
(0.750001 0.000945001 0.065)
(0.825001 0.0010395 0.06)
(0.800308 0.0261935 0.06)
(0.800001 0.001008 0.065)
(0.848499 0.0206967 0.06)
(0.8487 0.00106936 0.065)
(0.124702 0.0505044 0.06)
(0.101239 0.0469921 0.065)
(0.173763 0.0555661 0.06)
(0.149498 0.0533621 0.065)
(0.225073 0.0480626 0.06)
(0.199985 0.049804 0.065)
(0.275014 0.0489837 0.06)
(0.250036 0.0485773 0.065)
(0.324988 0.0490015 0.06)
(0.300002 0.0491243 0.065)
(0.374945 0.0481133 0.06)
(0.349971 0.0486522 0.065)
(0.424993 0.0495429 0.06)
(0.399914 0.0475978 0.065)
(0.475347 0.0544107 0.06)
(0.451048 0.0557351 0.065)
(0.525196 0.0512677 0.06)
(0.500285 0.0529063 0.065)
(0.574941 0.0476269 0.06)
(0.550082 0.0495049 0.065)
(0.59966 0.045651 0.065)
(0.0310016 3.9062e-05 0.07)
(0.0750019 9.45024e-05 0.07)
(0.0486186 0.0265783 0.07)
(0.0501298 6.31635e-05 0.075)
(0.125002 0.000157502 0.07)
(0.0997396 0.0257497 0.07)
(0.100002 0.000126002 0.075)
(0.175002 0.000220502 0.07)
(0.149783 0.0265176 0.07)
(0.150002 0.000189002 0.075)
(0.225002 0.000283502 0.07)
(0.199952 0.0247639 0.07)
(0.200002 0.000252002 0.075)
(0.275002 0.000346502 0.07)
(0.25001 0.0238562 0.07)
(0.250002 0.000315002 0.075)
(0.325002 0.000409502 0.07)
(0.300001 0.024015 0.07)
(0.300002 0.000378002 0.075)
(0.375001 0.000472502 0.07)
(0.349993 0.0239376 0.07)
(0.350001 0.000441002 0.075)
(0.425001 0.000535502 0.07)
(0.399987 0.023889 0.07)
(0.400001 0.000504002 0.075)
(0.475001 0.000598502 0.07)
(0.450128 0.0269043 0.07)
(0.450001 0.000567002 0.075)
(0.525001 0.000661502 0.07)
(0.500132 0.0266535 0.07)
(0.500001 0.000630002 0.075)
(0.575001 0.000724501 0.07)
(0.550038 0.0250894 0.07)
(0.550001 0.000693001 0.075)
(0.625001 0.000787501 0.07)
(0.59996 0.0241076 0.07)
(0.600001 0.000756001 0.075)
(0.675001 0.000850501 0.07)
(0.650354 0.0288028 0.07)
(0.650001 0.000819001 0.075)
(0.725001 0.000913501 0.07)
(0.70006 0.0254815 0.07)
(0.700001 0.000882001 0.075)
(0.775001 0.000976501 0.07)
(0.752973 0.0312857 0.07)
(0.750001 0.000945001 0.075)
(0.825001 0.0010395 0.07)
(0.800308 0.0261935 0.07)
(0.800001 0.001008 0.075)
(0.848499 0.0206967 0.07)
(0.8487 0.00106936 0.075)
(0.124702 0.0505044 0.07)
(0.101239 0.0469921 0.075)
(0.173763 0.0555661 0.07)
(0.149498 0.0533621 0.075)
(0.225073 0.0480626 0.07)
(0.199985 0.049804 0.075)
(0.275014 0.0489837 0.07)
(0.250036 0.0485773 0.075)
(0.324988 0.0490015 0.07)
(0.300002 0.0491243 0.075)
(0.374945 0.0481133 0.07)
(0.349971 0.0486522 0.075)
(0.424993 0.0495429 0.07)
(0.399914 0.0475978 0.075)
(0.475347 0.0544107 0.07)
(0.451048 0.0557351 0.075)
(0.525196 0.0512677 0.07)
(0.500285 0.0529063 0.075)
(0.574941 0.0476269 0.07)
(0.550082 0.0495049 0.075)
(0.59966 0.045651 0.075)
(0.0310016 3.9062e-05 0.08)
(0.0750019 9.45024e-05 0.08)
(0.048619 0.0265779 0.0800005)
(0.0501297 8.46535e-05 0.085)
(0.125002 0.000157502 0.08)
(0.0997397 0.0257496 0.0800001)
(0.100002 0.000126002 0.085)
(0.175002 0.000220502 0.08)
(0.149783 0.0265171 0.0800004)
(0.150002 0.000189002 0.085)
(0.225002 0.000283502 0.08)
(0.199952 0.0247635 0.0800003)
(0.200002 0.000252002 0.085)
(0.275002 0.000346502 0.08)
(0.25001 0.0238563 0.08)
(0.250002 0.000315002 0.085)
(0.325002 0.000409502 0.08)
(0.300001 0.024015 0.08)
(0.300002 0.000378002 0.085)
(0.375001 0.000472502 0.08)
(0.349993 0.0239377 0.08)
(0.350001 0.000441002 0.085)
(0.425001 0.000535502 0.08)
(0.399987 0.0238891 0.0800002)
(0.400001 0.000504002 0.085)
(0.475001 0.000598502 0.08)
(0.450128 0.0269033 0.0800007)
(0.450001 0.000567002 0.085)
(0.525001 0.000661502 0.08)
(0.500132 0.0266528 0.0800005)
(0.500001 0.000630002 0.085)
(0.575001 0.000724501 0.08)
(0.550038 0.0250893 0.08)
(0.550001 0.000693001 0.085)
(0.625001 0.000787501 0.08)
(0.59996 0.0241075 0.0800001)
(0.600001 0.000756001 0.085)
(0.675001 0.000850501 0.08)
(0.650354 0.0288025 0.0800002)
(0.650001 0.000819001 0.085)
(0.725001 0.000913501 0.08)
(0.70006 0.0254815 0.08)
(0.700001 0.000882001 0.085)
(0.775001 0.000976501 0.08)
(0.752973 0.0312857 0.08)
(0.750001 0.000945001 0.085)
(0.825001 0.0010395 0.08)
(0.800308 0.0261935 0.08)
(0.800001 0.001008 0.085)
(0.848499 0.0206967 0.08)
(0.8487 0.00106936 0.085)
(0.124702 0.0505044 0.08)
(0.101239 0.0469921 0.085)
(0.173763 0.0555661 0.08)
(0.149498 0.0533621 0.085)
(0.225073 0.0480626 0.08)
(0.199985 0.0498032 0.0850013)
(0.275014 0.0489837 0.08)
(0.250036 0.0485777 0.0850001)
(0.324988 0.0490015 0.08)
(0.300002 0.0491245 0.085)
(0.374945 0.0481133 0.08)
(0.349971 0.0486527 0.0850001)
(0.424993 0.0495428 0.0800001)
(0.399914 0.0475993 0.0850016)
(0.475347 0.0544107 0.08)
(0.451048 0.0557351 0.085)
(0.525196 0.0512677 0.08)
(0.500285 0.0529063 0.085)
(0.574941 0.0476269 0.08)
(0.550082 0.0495049 0.085)
(0.59966 0.045651 0.085)
(0.0309985 0.00253726 0.09)
(0.0750019 9.85749e-05 0.09)
(0.0487783 0.0263998 0.0900615)
(0.0501294 0.000198131 0.0950001)
(0.125002 0.000157502 0.09)
(0.0997463 0.0257243 0.0900128)
(0.100002 0.000126063 0.095)
(0.175002 0.000220502 0.09)
(0.149794 0.0264032 0.0900677)
(0.150002 0.00018902 0.095)
(0.225002 0.000283502 0.09)
(0.199957 0.024719 0.0900427)
(0.200002 0.000252002 0.095)
(0.275002 0.000346502 0.09)
(0.25001 0.0238716 0.0900017)
(0.250002 0.000315002 0.095)
(0.325002 0.000409502 0.09)
(0.300001 0.0240278 0.09)
(0.300002 0.000378002 0.095)
(0.375001 0.000472502 0.09)
(0.349994 0.0239534 0.0900013)
(0.350001 0.000441002 0.095)
(0.425001 0.000535502 0.09)
(0.399988 0.0239121 0.0900203)
(0.400001 0.000504002 0.095)
(0.475001 0.000598502 0.09)
(0.450117 0.0266965 0.0901313)
(0.450001 0.000567047 0.095)
(0.525001 0.000661502 0.09)
(0.500125 0.0265328 0.0900763)
(0.500001 0.000630014 0.095)
(0.575001 0.000724501 0.09)
(0.550037 0.0250834 0.0900044)
(0.550001 0.000693001 0.095)
(0.625001 0.000787503 0.09)
(0.59996 0.0241096 0.0900225)
(0.600001 0.00075601 0.095)
(0.675001 0.000850501 0.09)
(0.650333 0.0285711 0.0901012)
(0.650001 0.000820334 0.095)
(0.725001 0.000913501 0.09)
(0.700059 0.0254761 0.0900028)
(0.700001 0.000882002 0.095)
(0.775001 0.000978463 0.09)
(0.752963 0.0311889 0.09)
(0.750001 0.000956254 0.095)
(0.825001 0.0010395 0.09)
(0.800306 0.0261729 0.09)
(0.800001 0.00101664 0.095)
(0.8485 0.0207076 0.09)
(0.848701 0.00128243 0.0950003)
(0.124703 0.0504947 0.09)
(0.101237 0.0469999 0.0950002)
(0.173778 0.0553766 0.09)
(0.149624 0.0521214 0.095)
(0.225073 0.0480727 0.0900091)
(0.199991 0.0498281 0.0952582)
(0.275014 0.0489876 0.0900001)
(0.250034 0.0486405 0.0950052)
(0.324988 0.0490053 0.0900001)
(0.300002 0.0491558 0.095)
(0.374945 0.0481307 0.0900081)
(0.349973 0.0487141 0.0950047)
(0.424993 0.0495446 0.0900198)
(0.399937 0.0482421 0.095268)
(0.475336 0.0542231 0.09)
(0.450723 0.0493901 0.0987499)
(0.525195 0.0512533 0.09)
(0.500213 0.0517795 0.095)
(0.574941 0.0476271 0.09)
(0.55008 0.0494915 0.095)
(0.599683 0.0459419 0.0950001)
(0.0308563 0.00560692 0.1)
(0.075 0.00113127 0.1)
(0.0498305 0.0251475 0.1)
(0.125 0.00113127 0.1)
(0.0999728 0.0249327 0.1)
(0.175 0.00113127 0.1)
(0.149976 0.0249719 0.1)
(0.225 0.00113127 0.1)
(0.199996 0.0247124 0.1)
(0.275 0.00113127 0.1)
(0.250005 0.0244823 0.1)
(0.325 0.00113127 0.1)
(0.300001 0.0245562 0.1)
(0.375 0.00113127 0.1)
(0.349996 0.0245219 0.1)
(0.425 0.00113127 0.1)
(0.399997 0.0246082 0.1)
(0.475 0.00113127 0.1)
(0.450007 0.0249309 0.1)
(0.525 0.00113127 0.1)
(0.500013 0.0250369 0.1)
(0.575 0.00113127 0.1)
(0.550011 0.0249952 0.1)
(0.625 0.00113127 0.1)
(0.599992 0.0247619 0.1)
(0.675 0.00113127 0.1)
(0.650007 0.0250335 0.1)
(0.725 0.00113127 0.1)
(0.70001 0.0250572 0.1)
(0.775 0.00113127 0.1)
(0.753022 0.0277861 0.1)
(0.825 0.00113127 0.1)
(0.8 0.0238687 0.1)
(0.8487 0.0228123 0.1)
(0.125 0.0488687 0.1)
(0.174197 0.0498957 0.1)
(0.225014 0.0495834 0.1)
(0.275004 0.0496771 0.1)
(0.324996 0.0496837 0.1)
(0.374989 0.0495968 0.1)
(0.424999 0.0499603 0.1)
(0.475 0.0488687 0.1)
(0.525 0.0488687 0.1)
(0.575 0.0488687 0.1)
(0.049126 0.0259239 0.00474139)
(0.0271626 0.0227202 0.01)
(0.099899 0.0252148 0.00472036)
(0.0743327 0.0274228 0.00994782)
(0.149949 0.0251771 0.00439215)
(0.124688 0.0504993 0.00502554)
(0.124875 0.0253656 0.0099137)
(0.199989 0.0248025 0.00471664)
(0.174307 0.0492801 0.000194565)
(0.174857 0.0261499 0.00983616)
(0.250003 0.0245756 0.00476281)
(0.225039 0.0489776 0.00480109)
(0.225008 0.0241545 0.00992946)
(0.3 0.0246332 0.00476307)
(0.275007 0.0495273 0.00480527)
(0.275004 0.024243 0.00993304)
(0.349998 0.0246063 0.00476306)
(0.324994 0.0495368 0.00480527)
(0.324998 0.024274 0.00993306)
(0.399995 0.0245685 0.00475889)
(0.374972 0.0490353 0.00480504)
(0.37499 0.0241303 0.00993275)
(0.450027 0.0252577 0.0044159)
(0.424994 0.0497052 0.00478431)
(0.425022 0.0248902 0.00990782)
(0.500044 0.0254583 0.00459742)
(0.475 0.0482846 1.6443e-06)
(0.475116 0.0266419 0.00980456)
(0.550017 0.0250158 0.00474845)
(0.525203 0.0512672 0.00502554)
(0.525075 0.0257147 0.00992288)
(0.599981 0.0245568 0.00474527)
(0.574949 0.0476263 0.00502554)
(0.574982 0.0244108 0.00994439)
(0.650072 0.0256489 0.00345872)
(0.620218 0.0441429 0.00502919)
(0.625174 0.0267515 0.00991153)
(0.700041 0.0252795 0.00477214)
(0.675203 0.0270147 0.00995006)
(0.752858 0.0304907 0.00502288)
(0.724935 0.0241998 0.00997502)
(0.80032 0.0261923 0.00502554)
(0.775661 0.0288787 0.01)
(0.84848 0.020699 0.0050296)
(0.825003 0.0234173 0.01)
(0.0486462 0.0265442 0.0149909)
(0.0997557 0.0256832 0.014993)
(0.0742296 0.0278998 0.0199997)
(0.149798 0.0264005 0.0149795)
(0.124702 0.0505044 0.015)
(0.124849 0.0254788 0.0199992)
(0.199953 0.0248728 0.0149859)
(0.173763 0.0555661 0.015)
(0.174814 0.0265581 0.0199985)
(0.25001 0.0240002 0.01499)
(0.22507 0.0481334 0.0149963)
(0.22501 0.0239283 0.0199991)
(0.300001 0.0241535 0.0149901)
(0.275013 0.0490235 0.0149965)
(0.275005 0.0240255 0.0199992)
(0.349993 0.0240659 0.0149901)
(0.324988 0.0490407 0.0149965)
(0.324998 0.0240656 0.0199992)
(0.399987 0.0240118 0.0149893)
(0.374947 0.0481912 0.0149965)
(0.374986 0.0238825 0.0199992)
(0.45012 0.0267834 0.0149782)
(0.424993 0.0495427 0.0149971)
(0.425031 0.0249253 0.0199989)
(0.500124 0.0265492 0.0149837)
(0.475347 0.0544107 0.015)
(0.47515 0.0271869 0.0199982)
(0.550036 0.0250837 0.0149924)
(0.525196 0.0512677 0.015)
(0.525091 0.0258865 0.0199993)
(0.599967 0.0242008 0.0149924)
(0.574941 0.0476269 0.015)
(0.574977 0.0243042 0.0199995)
(0.650352 0.028771 0.014993)
(0.625217 0.0272743 0.0199996)
(0.70006 0.0254773 0.0149981)
(0.675229 0.027326 0.0199998)
(0.752973 0.0312857 0.015)
(0.724927 0.0241486 0.0199999)
(0.800308 0.0261935 0.015)
(0.775661 0.028881 0.02)
(0.848499 0.0206967 0.015)
(0.825003 0.0234173 0.02)
(0.0486186 0.0265783 0.025)
(0.09974 0.0257486 0.025)
(0.0742287 0.0279026 0.03)
(0.149784 0.0265127 0.0249999)
(0.124702 0.0505044 0.025)
(0.124849 0.0254721 0.03)
(0.199952 0.0247711 0.025)
(0.173763 0.0555661 0.025)
(0.174809 0.0266029 0.03)
(0.25001 0.0238694 0.025)
(0.225073 0.048068 0.025)
(0.22501 0.023866 0.03)
(0.300001 0.0240281 0.025)
(0.275014 0.0489873 0.025)
(0.275005 0.0239625 0.03)
(0.349993 0.0239495 0.025)
(0.324988 0.049005 0.025)
(0.324998 0.0240062 0.03)
(0.399987 0.0238988 0.025)
(0.374945 0.0481203 0.025)
(0.374987 0.0238411 0.03)
(0.450128 0.026898 0.0249999)
(0.424993 0.0495433 0.025)
(0.425031 0.0248782 0.03)
(0.500132 0.0266486 0.025)
(0.475347 0.0544107 0.025)
(0.475154 0.0272361 0.03)
(0.550038 0.0250892 0.025)
(0.525196 0.0512677 0.025)
(0.525092 0.0259024 0.03)
(0.599961 0.0241112 0.025)
(0.574941 0.0476269 0.025)
(0.574976 0.0242848 0.03)
(0.650354 0.0288023 0.025)
(0.625217 0.0272824 0.03)
(0.70006 0.0254815 0.025)
(0.675229 0.0273268 0.03)
(0.752973 0.0312857 0.025)
(0.724927 0.0241485 0.03)
(0.800308 0.0261935 0.025)
(0.775661 0.028881 0.03)
(0.848499 0.0206967 0.025)
(0.825003 0.0234173 0.03)
(0.0486186 0.0265783 0.035)
(0.0997396 0.0257497 0.035)
(0.0742287 0.0279026 0.04)
(0.149783 0.0265176 0.035)
(0.124702 0.0505044 0.035)
(0.124849 0.0254722 0.04)
(0.199952 0.0247639 0.035)
(0.173763 0.0555661 0.035)
(0.174809 0.0266033 0.04)
(0.25001 0.0238564 0.035)
(0.225073 0.0480627 0.035)
(0.22501 0.0238645 0.04)
(0.300001 0.0240151 0.035)
(0.275014 0.0489837 0.035)
(0.275005 0.023961 0.04)
(0.349993 0.0239377 0.035)
(0.324988 0.0490015 0.035)
(0.324998 0.0240047 0.04)
(0.399987 0.0238892 0.035)
(0.374945 0.0481133 0.035)
(0.374987 0.0238395 0.04)
(0.450128 0.0269042 0.035)
(0.424993 0.0495429 0.035)
(0.425031 0.0248777 0.04)
(0.500132 0.0266534 0.035)
(0.475347 0.0544107 0.035)
(0.475154 0.0272368 0.04)
(0.550038 0.0250894 0.035)
(0.525196 0.0512677 0.035)
(0.525092 0.0259026 0.04)
(0.59996 0.0241076 0.035)
(0.574941 0.0476269 0.035)
(0.574976 0.0242846 0.04)
(0.650354 0.0288025 0.035)
(0.625217 0.0272824 0.04)
(0.70006 0.0254815 0.035)
(0.675229 0.0273268 0.04)
(0.752973 0.0312857 0.035)
(0.724927 0.0241485 0.04)
(0.800308 0.0261935 0.035)
(0.775661 0.028881 0.04)
(0.848499 0.0206967 0.035)
(0.825003 0.0234173 0.04)
(0.0486186 0.0265783 0.045)
(0.0997396 0.0257497 0.045)
(0.0742287 0.0279026 0.05)
(0.149783 0.0265176 0.045)
(0.124702 0.0505044 0.045)
(0.124849 0.0254722 0.05)
(0.199952 0.0247639 0.045)
(0.173763 0.0555661 0.045)
(0.174809 0.0266033 0.05)
(0.25001 0.0238562 0.045)
(0.225073 0.0480626 0.045)
(0.22501 0.0238645 0.05)
(0.300001 0.024015 0.045)
(0.275014 0.0489837 0.045)
(0.275005 0.023961 0.05)
(0.349993 0.0239376 0.045)
(0.324988 0.0490015 0.045)
(0.324998 0.0240047 0.05)
(0.399987 0.023889 0.045)
(0.374945 0.0481133 0.045)
(0.374987 0.0238395 0.05)
(0.450128 0.0269043 0.045)
(0.424993 0.0495429 0.045)
(0.425031 0.0248777 0.05)
(0.500132 0.0266535 0.045)
(0.475347 0.0544107 0.045)
(0.475154 0.0272368 0.05)
(0.550038 0.0250894 0.045)
(0.525196 0.0512677 0.045)
(0.525092 0.0259026 0.05)
(0.59996 0.0241076 0.045)
(0.574941 0.0476269 0.045)
(0.574976 0.0242846 0.05)
(0.650354 0.0288025 0.045)
(0.625217 0.0272824 0.05)
(0.70006 0.0254815 0.045)
(0.675229 0.0273268 0.05)
(0.752973 0.0312857 0.045)
(0.724927 0.0241485 0.05)
(0.800308 0.0261935 0.045)
(0.775661 0.028881 0.05)
(0.848499 0.0206967 0.045)
(0.825003 0.0234173 0.05)
(0.0486186 0.0265783 0.055)
(0.0997396 0.0257497 0.055)
(0.0742287 0.0279026 0.06)
(0.149783 0.0265176 0.055)
(0.124702 0.0505044 0.055)
(0.124849 0.0254722 0.06)
(0.199952 0.0247639 0.055)
(0.173763 0.0555661 0.055)
(0.174809 0.0266033 0.06)
(0.25001 0.0238562 0.055)
(0.225073 0.0480626 0.055)
(0.22501 0.0238645 0.06)
(0.300001 0.024015 0.055)
(0.275014 0.0489837 0.055)
(0.275005 0.023961 0.06)
(0.349993 0.0239376 0.055)
(0.324988 0.0490015 0.055)
(0.324998 0.0240047 0.06)
(0.399987 0.023889 0.055)
(0.374945 0.0481133 0.055)
(0.374987 0.0238395 0.06)
(0.450128 0.0269043 0.055)
(0.424993 0.0495429 0.055)
(0.425031 0.0248777 0.06)
(0.500132 0.0266535 0.055)
(0.475347 0.0544107 0.055)
(0.475154 0.0272368 0.06)
(0.550038 0.0250894 0.055)
(0.525196 0.0512677 0.055)
(0.525092 0.0259026 0.06)
(0.59996 0.0241076 0.055)
(0.574941 0.0476269 0.055)
(0.574976 0.0242846 0.06)
(0.650354 0.0288025 0.055)
(0.625217 0.0272824 0.06)
(0.70006 0.0254815 0.055)
(0.675229 0.0273268 0.06)
(0.752973 0.0312857 0.055)
(0.724927 0.0241485 0.06)
(0.800308 0.0261935 0.055)
(0.775661 0.028881 0.06)
(0.848499 0.0206967 0.055)
(0.825003 0.0234173 0.06)
(0.0486186 0.0265783 0.065)
(0.0997396 0.0257497 0.065)
(0.0742287 0.0279026 0.07)
(0.149783 0.0265176 0.065)
(0.124702 0.0505044 0.065)
(0.124849 0.0254722 0.07)
(0.199952 0.0247639 0.065)
(0.173763 0.0555661 0.065)
(0.174809 0.0266033 0.07)
(0.25001 0.0238562 0.065)
(0.225073 0.0480626 0.065)
(0.22501 0.0238645 0.07)
(0.300001 0.024015 0.065)
(0.275014 0.0489837 0.065)
(0.275005 0.023961 0.07)
(0.349993 0.0239376 0.065)
(0.324988 0.0490015 0.065)
(0.324998 0.0240047 0.07)
(0.399987 0.023889 0.065)
(0.374945 0.0481133 0.065)
(0.374987 0.0238395 0.07)
(0.450128 0.0269043 0.065)
(0.424993 0.0495429 0.065)
(0.425031 0.0248777 0.07)
(0.500132 0.0266535 0.065)
(0.475347 0.0544107 0.065)
(0.475154 0.0272368 0.07)
(0.550038 0.0250894 0.065)
(0.525196 0.0512677 0.065)
(0.525092 0.0259026 0.07)
(0.59996 0.0241076 0.065)
(0.574941 0.0476269 0.065)
(0.574976 0.0242846 0.07)
(0.650354 0.0288025 0.065)
(0.625217 0.0272824 0.07)
(0.70006 0.0254815 0.065)
(0.675229 0.0273268 0.07)
(0.752973 0.0312857 0.065)
(0.724927 0.0241485 0.07)
(0.800308 0.0261935 0.065)
(0.775661 0.028881 0.07)
(0.848499 0.0206967 0.065)
(0.825003 0.0234173 0.07)
(0.0486186 0.0265783 0.075)
(0.0997396 0.0257497 0.075)
(0.0742289 0.0279024 0.0800002)
(0.149783 0.0265176 0.075)
(0.124702 0.0505044 0.075)
(0.124849 0.0254721 0.0800001)
(0.199952 0.0247639 0.075)
(0.173763 0.0555661 0.075)
(0.174809 0.0266025 0.0800006)
(0.25001 0.0238562 0.075)
(0.225073 0.0480626 0.075)
(0.22501 0.0238645 0.0800001)
(0.300001 0.024015 0.075)
(0.275014 0.0489837 0.075)
(0.275005 0.023961 0.08)
(0.349993 0.0239376 0.075)
(0.324988 0.0490015 0.075)
(0.324998 0.0240048 0.08)
(0.399987 0.023889 0.075)
(0.374945 0.0481133 0.075)
(0.374987 0.0238396 0.0800001)
(0.450128 0.0269042 0.075)
(0.424993 0.0495429 0.075)
(0.425031 0.0248774 0.0800004)
(0.500132 0.0266534 0.075)
(0.475347 0.0544107 0.075)
(0.475154 0.0272356 0.0800009)
(0.550038 0.0250894 0.075)
(0.525196 0.0512677 0.075)
(0.525092 0.0259024 0.0800001)
(0.59996 0.0241076 0.075)
(0.574941 0.0476269 0.075)
(0.574976 0.0242846 0.08)
(0.650354 0.0288025 0.075)
(0.625217 0.0272822 0.0800002)
(0.70006 0.0254815 0.075)
(0.675229 0.0273266 0.0800001)
(0.752973 0.0312857 0.075)
(0.724927 0.0241485 0.08)
(0.800308 0.0261935 0.075)
(0.775661 0.028881 0.08)
(0.848499 0.0206967 0.075)
(0.825003 0.0234173 0.08)
(0.0486465 0.0265471 0.0850076)
(0.0271627 0.0227201 0.09)
(0.0997403 0.0257478 0.0850011)
(0.0742671 0.02778 0.09002)
(0.149784 0.0265078 0.0850063)
(0.124702 0.0505044 0.085)
(0.124854 0.0254397 0.0900169)
(0.199953 0.0247588 0.0850048)
(0.173763 0.0555661 0.085)
(0.174824 0.0264306 0.0901117)
(0.25001 0.0238574 0.0850002)
(0.225073 0.048063 0.0850008)
(0.22501 0.0238751 0.0900113)
(0.300001 0.0240159 0.085)
(0.275014 0.048984 0.085)
(0.275005 0.0239745 0.0900001)
(0.349993 0.0239388 0.0850002)
(0.324988 0.0490017 0.085)
(0.324998 0.0240179 0.0900001)
(0.399987 0.0238906 0.0850023)
(0.374945 0.0481144 0.0850007)
(0.374988 0.0238633 0.0900076)
(0.450127 0.026887 0.0850118)
(0.424993 0.0495424 0.0850015)
(0.425028 0.0248324 0.0900476)
(0.500131 0.0266427 0.0850074)
(0.475347 0.0544107 0.085)
(0.475139 0.0269895 0.0901604)
(0.550038 0.0250888 0.0850005)
(0.525196 0.0512677 0.085)
(0.525089 0.0258632 0.0900225)
(0.59996 0.0241072 0.0850019)
(0.574941 0.0476269 0.085)
(0.574976 0.0242911 0.0900046)
(0.650354 0.028796 0.0850051)
(0.625209 0.0271958 0.0900554)
(0.70006 0.0254811 0.0850003)
(0.675225 0.0272815 0.0900219)
(0.752973 0.0312857 0.085)
(0.724926 0.0241452 0.0900026)
(0.800308 0.0261935 0.085)
(0.775643 0.0287146 0.09)
(0.848499 0.0206967 0.085)
(0.825003 0.0234173 0.09)
(0.0489365 0.0261769 0.0950823)
(0.0998127 0.0254489 0.0951299)
(0.149869 0.0256915 0.0953946)
(0.124733 0.0502914 0.095)
(0.199977 0.0245691 0.0951927)
(0.174277 0.0493901 0.0987499)
(0.250009 0.0239915 0.0950053)
(0.225067 0.0482371 0.0950776)
(0.300001 0.0241291 0.095)
(0.275014 0.0490228 0.0950003)
(0.349994 0.0240692 0.0950043)
(0.324988 0.0490394 0.0950003)
(0.399991 0.0240909 0.0950911)
(0.374951 0.0483244 0.0950716)
(0.450043 0.0253519 0.0958654)
(0.424994 0.0496519 0.095272)
(0.500078 0.0258165 0.0954253)
(0.475 0.0483988 0.09875)
(0.550032 0.0250521 0.0950208)
(0.525174 0.050948 0.095)
(0.599965 0.0242246 0.0951786)
(0.574941 0.0476364 0.095)
(0.650071 0.0256844 0.0967399)
(0.620244 0.0439884 0.0950001)
(0.700053 0.025422 0.0950177)
(0.752873 0.0302851 0.0949998)
(0.800269 0.0258456 0.095)
(0.848513 0.0208136 0.0950003)
(0.0310487 0.00580018 0.00150202)
(0.0310009 0.000570528 0.015)
(0.0310016 3.9062e-05 0.025)
(0.0310016 3.9062e-05 0.035)
(0.0310016 3.9062e-05 0.045)
(0.0310016 3.9062e-05 0.055)
(0.0310016 3.9062e-05 0.065)
(0.0310016 3.9062e-05 0.075)
(0.0310009 0.00057633 0.085)
(0.0309898 0.00574427 0.0982042)
(0.075002 9.6593e-05 0.00502554)
(0.0750019 9.473e-05 0.015)
(0.0750019 9.45024e-05 0.025)
(0.0750019 9.45024e-05 0.035)
(0.0750019 9.45024e-05 0.045)
(0.0750019 9.45024e-05 0.055)
(0.0750019 9.45024e-05 0.065)
(0.0750019 9.45024e-05 0.075)
(0.0750019 9.50519e-05 0.085)
(0.0750019 0.000110057 0.095)
(0.125002 0.000157511 0.00502554)
(0.125002 0.000157502 0.015)
(0.125002 0.000157502 0.025)
(0.125002 0.000157502 0.035)
(0.125002 0.000157502 0.045)
(0.125002 0.000157502 0.055)
(0.125002 0.000157502 0.065)
(0.125002 0.000157502 0.075)
(0.125002 0.000157502 0.085)
(0.125002 0.000157502 0.095)
(0.175002 0.000220502 0.00502554)
(0.175002 0.000220502 0.015)
(0.175002 0.000220502 0.025)
(0.175002 0.000220502 0.035)
(0.175002 0.000220502 0.045)
(0.175002 0.000220502 0.055)
(0.175002 0.000220502 0.065)
(0.175002 0.000220502 0.075)
(0.175002 0.000220502 0.085)
(0.175002 0.000220562 0.095)
(0.225002 0.000283502 0.00502554)
(0.225002 0.000283502 0.015)
(0.225002 0.000283502 0.025)
(0.225002 0.000283502 0.035)
(0.225002 0.000283502 0.045)
(0.225002 0.000283502 0.055)
(0.225002 0.000283502 0.065)
(0.225002 0.000283502 0.075)
(0.225002 0.000283502 0.085)
(0.225002 0.000283502 0.095)
(0.275002 0.000346502 0.00502554)
(0.275002 0.000346502 0.015)
(0.275002 0.000346502 0.025)
(0.275002 0.000346502 0.035)
(0.275002 0.000346502 0.045)
(0.275002 0.000346502 0.055)
(0.275002 0.000346502 0.065)
(0.275002 0.000346502 0.075)
(0.275002 0.000346502 0.085)
(0.275002 0.000346502 0.095)
(0.325002 0.000409502 0.00502554)
(0.325002 0.000409502 0.015)
(0.325002 0.000409502 0.025)
(0.325002 0.000409502 0.035)
(0.325002 0.000409502 0.045)
(0.325002 0.000409502 0.055)
(0.325002 0.000409502 0.065)
(0.325002 0.000409502 0.075)
(0.325002 0.000409502 0.085)
(0.325002 0.000409502 0.095)
(0.375002 0.000472502 0.00502554)
(0.375001 0.000472502 0.015)
(0.375001 0.000472502 0.025)
(0.375001 0.000472502 0.035)
(0.375001 0.000472502 0.045)
(0.375001 0.000472502 0.055)
(0.375001 0.000472502 0.065)
(0.375001 0.000472502 0.075)
(0.375001 0.000472502 0.085)
(0.375001 0.000472502 0.095)
(0.425001 0.000535502 0.00502554)
(0.425001 0.000535502 0.015)
(0.425001 0.000535502 0.025)
(0.425001 0.000535502 0.035)
(0.425001 0.000535502 0.045)
(0.425001 0.000535502 0.055)
(0.425001 0.000535502 0.065)
(0.425001 0.000535502 0.075)
(0.425001 0.000535502 0.085)
(0.425001 0.000535502 0.095)
(0.475001 0.000598502 0.00502554)
(0.475001 0.000598502 0.015)
(0.475001 0.000598502 0.025)
(0.475001 0.000598502 0.035)
(0.475001 0.000598502 0.045)
(0.475001 0.000598502 0.055)
(0.475001 0.000598502 0.065)
(0.475001 0.000598502 0.075)
(0.475001 0.000598502 0.085)
(0.475001 0.000598547 0.095)
(0.525001 0.000661502 0.00502554)
(0.525001 0.000661502 0.015)
(0.525001 0.000661502 0.025)
(0.525001 0.000661502 0.035)
(0.525001 0.000661502 0.045)
(0.525001 0.000661502 0.055)
(0.525001 0.000661502 0.065)
(0.525001 0.000661502 0.075)
(0.525001 0.000661502 0.085)
(0.525001 0.000661511 0.095)
(0.575001 0.000724502 0.00502554)
(0.575001 0.000724501 0.015)
(0.575001 0.000724501 0.025)
(0.575001 0.000724501 0.035)
(0.575001 0.000724501 0.045)
(0.575001 0.000724501 0.055)
(0.575001 0.000724501 0.065)
(0.575001 0.000724501 0.075)
(0.575001 0.000724501 0.085)
(0.575001 0.000724501 0.095)
(0.625001 0.000787845 0.00502554)
(0.625001 0.000787501 0.015)
(0.625001 0.000787501 0.025)
(0.625001 0.000787501 0.035)
(0.625001 0.000787501 0.045)
(0.625001 0.000787501 0.055)
(0.625001 0.000787501 0.065)
(0.625001 0.000787501 0.075)
(0.625001 0.000787501 0.085)
(0.625001 0.000788114 0.095)
(0.675001 0.000850501 0.00502554)
(0.675001 0.000850501 0.015)
(0.675001 0.000850501 0.025)
(0.675001 0.000850501 0.035)
(0.675001 0.000850501 0.045)
(0.675001 0.000850501 0.055)
(0.675001 0.000850501 0.065)
(0.675001 0.000850501 0.075)
(0.675001 0.000850501 0.085)
(0.675001 0.000850978 0.095)
(0.725001 0.000914296 0.00502554)
(0.725001 0.000913501 0.015)
(0.725001 0.000913501 0.025)
(0.725001 0.000913501 0.035)
(0.725001 0.000913501 0.045)
(0.725001 0.000913501 0.055)
(0.725001 0.000913501 0.065)
(0.725001 0.000913501 0.075)
(0.725001 0.000913501 0.085)
(0.725001 0.000913548 0.095)
(0.775001 0.000976608 0.00502554)
(0.775001 0.000976501 0.015)
(0.775001 0.000976501 0.025)
(0.775001 0.000976501 0.035)
(0.775001 0.000976501 0.045)
(0.775001 0.000976501 0.055)
(0.775001 0.000976501 0.065)
(0.775001 0.000976501 0.075)
(0.775001 0.000976501 0.085)
(0.775001 0.00099742 0.095)
(0.825001 0.0010395 0.00502554)
(0.825001 0.0010395 0.015)
(0.825001 0.0010395 0.025)
(0.825001 0.0010395 0.035)
(0.825001 0.0010395 0.045)
(0.825001 0.0010395 0.055)
(0.825001 0.0010395 0.065)
(0.825001 0.0010395 0.075)
(0.825001 0.0010395 0.085)
(0.825001 0.00104003 0.095)
(0.0751193 0.0241791 2.05385e-05)
(0.125 0.025 7.42188e-07)
(0.175017 0.0250406 1.06898e-06)
(0.225 0.0251277 9.9945e-08)
(0.275 0.0251277 0)
(0.325 0.0251277 0)
(0.375 0.0251277 0)
(0.424994 0.0251187 2.99194e-06)
(0.475 0.025 1.48814e-08)
(0.525 0.025 0)
(0.575 0.025 2.5593e-09)
(0.624862 0.0247189 4.00773e-05)
(0.675 0.0238298 0)
(0.72494 0.0237965 2.76875e-05)
(0.825 0.0192532 0)
(0.0749543 0.0250483 0.1)
(0.124965 0.0249999 0.1)
(0.174988 0.0248817 0.1)
(0.225005 0.0244997 0.1)
(0.275003 0.0245298 0.1)
(0.324999 0.0245499 0.1)
(0.374995 0.0245226 0.1)
(0.425003 0.0247857 0.1)
(0.475008 0.0249613 0.1)
(0.525016 0.0250612 0.1)
(0.574991 0.0247371 0.1)
(0.625005 0.0249962 0.1)
(0.675013 0.0250954 0.1)
(0.72498 0.0247635 0.1)
(0.775092 0.0239821 0.1)
(0.825 0.0238687 0.1)
(0.0624416 0.0121389 0.0020417)
(0.112494 0.0120425 0.00212422)
(0.162496 0.012064 0.00209461)
(0.2125 0.0120282 0.00213195)
(0.262501 0.0120378 0.00213394)
(0.312501 0.0120546 0.00213394)
(0.3625 0.0120645 0.00213394)
(0.4125 0.0120847 0.00213194)
(0.462503 0.0121571 0.00209224)
(0.512504 0.0121752 0.00211747)
(0.562501 0.0121433 0.00213095)
(0.612502 0.0121665 0.00211045)
(0.662511 0.012291 0.00203245)
(0.712501 0.0121976 0.00210847)
(0.76251 0.0123541 0.00159058)
(0.812538 0.0126092 0.0020034)
(0.858303 0.0125 0)
(0.21274 0.0580809 0.00276306)
(0.262504 0.0596615 0.00275957)
(0.3125 0.0599549 0.00275957)
(0.362484 0.0591837 0.00275957)
(0.412267 0.057601 0.00276306)
(0.0621764 0.0119892 0.0124507)
(0.112458 0.0115609 0.0124876)
(0.162453 0.0118858 0.0124737)
(0.212499 0.0113864 0.0124869)
(0.262503 0.0113683 0.0124886)
(0.312501 0.0114356 0.0124887)
(0.362499 0.0114498 0.0124886)
(0.412502 0.0115748 0.0124869)
(0.462534 0.0122665 0.0124716)
(0.512528 0.0121163 0.0124845)
(0.562503 0.0117852 0.0124897)
(0.612516 0.0119854 0.0124863)
(0.662572 0.0126665 0.0124844)
(0.712499 0.0119251 0.0124932)
(0.762771 0.0146782 0.012488)
(0.812581 0.0129243 0.0124971)
(0.859713 0.0193761 0.0125)
(0.212772 0.0580347 0.0125)
(0.262519 0.0596617 0.0125)
(0.312495 0.059955 0.0125)
(0.362461 0.0591842 0.0125)
(0.41225 0.0575405 0.0125)
(0.0621431 0.011986 0.0224998)
(0.112461 0.0114806 0.0224999)
(0.162454 0.0118119 0.0224999)
(0.212499 0.011314 0.0224999)
(0.262503 0.0112989 0.0224999)
(0.312501 0.011369 0.0224999)
(0.362499 0.0113888 0.0224999)
(0.412502 0.0115181 0.0224999)
(0.462534 0.0122099 0.0224999)
(0.512527 0.0120557 0.0224999)
(0.562503 0.0117438 0.0225)
(0.612516 0.0119566 0.0224999)
(0.662571 0.0126476 0.0225)
(0.712499 0.0119149 0.0225)
(0.762773 0.0147001 0.0225)
(0.812581 0.0129262 0.0225)
(0.859713 0.0193761 0.0225)
(0.212772 0.0580347 0.0225)
(0.262519 0.0596617 0.0225)
(0.312495 0.059955 0.0225)
(0.362461 0.0591842 0.0225)
(0.41225 0.0575405 0.0225)
(0.0621429 0.0119862 0.0325)
(0.112461 0.0114792 0.0325)
(0.162453 0.0118175 0.0325)
(0.212499 0.0113053 0.0325)
(0.262503 0.0112896 0.0325)
(0.312501 0.0113597 0.0325)
(0.362499 0.0113818 0.0325)
(0.412502 0.0115124 0.0325)
(0.462534 0.0122168 0.0325)
(0.512527 0.0120589 0.0325)
(0.562503 0.0117426 0.0325)
(0.612516 0.0119574 0.0325)
(0.662571 0.0126477 0.0325)
(0.712499 0.0119149 0.0325)
(0.762773 0.0147001 0.0325)
(0.812581 0.0129262 0.0325)
(0.859713 0.0193761 0.0325)
(0.212772 0.0580347 0.0325)
(0.262519 0.0596617 0.0325)
(0.312495 0.059955 0.0325)
(0.362461 0.0591842 0.0325)
(0.41225 0.0575405 0.0325)
(0.0621429 0.0119862 0.0425)
(0.112461 0.0114792 0.0425)
(0.162453 0.0118175 0.0425)
(0.212499 0.0113052 0.0425)
(0.262503 0.0112895 0.0425)
(0.312501 0.0113596 0.0425)
(0.362499 0.0113817 0.0425)
(0.412502 0.0115123 0.0425)
(0.462534 0.0122168 0.0425)
(0.512527 0.012059 0.0425)
(0.562503 0.0117426 0.0425)
(0.612516 0.0119574 0.0425)
(0.662571 0.0126477 0.0425)
(0.712499 0.0119149 0.0425)
(0.762773 0.0147001 0.0425)
(0.812581 0.0129262 0.0425)
(0.859713 0.0193761 0.0425)
(0.212772 0.0580347 0.0425)
(0.262519 0.0596617 0.0425)
(0.312495 0.059955 0.0425)
(0.362461 0.0591842 0.0425)
(0.41225 0.0575405 0.0425)
(0.0621429 0.0119862 0.0525)
(0.112461 0.0114792 0.0525)
(0.162453 0.0118175 0.0525)
(0.212499 0.0113052 0.0525)
(0.262503 0.0112895 0.0525)
(0.312501 0.0113596 0.0525)
(0.362499 0.0113817 0.0525)
(0.412502 0.0115123 0.0525)
(0.462534 0.0122168 0.0525)
(0.512527 0.012059 0.0525)
(0.562503 0.0117426 0.0525)
(0.612516 0.0119574 0.0525)
(0.662571 0.0126477 0.0525)
(0.712499 0.0119149 0.0525)
(0.762773 0.0147001 0.0525)
(0.812581 0.0129262 0.0525)
(0.859713 0.0193761 0.0525)
(0.212772 0.0580347 0.0525)
(0.262519 0.0596617 0.0525)
(0.312495 0.059955 0.0525)
(0.362461 0.0591842 0.0525)
(0.41225 0.0575405 0.0525)
(0.0621429 0.0119862 0.0625)
(0.112461 0.0114792 0.0625)
(0.162453 0.0118175 0.0625)
(0.212499 0.0113052 0.0625)
(0.262503 0.0112895 0.0625)
(0.312501 0.0113596 0.0625)
(0.362499 0.0113817 0.0625)
(0.412502 0.0115123 0.0625)
(0.462534 0.0122168 0.0625)
(0.512527 0.012059 0.0625)
(0.562503 0.0117426 0.0625)
(0.612516 0.0119574 0.0625)
(0.662571 0.0126477 0.0625)
(0.712499 0.0119149 0.0625)
(0.762773 0.0147001 0.0625)
(0.812581 0.0129262 0.0625)
(0.859713 0.0193761 0.0625)
(0.212772 0.0580347 0.0625)
(0.262519 0.0596617 0.0625)
(0.312495 0.059955 0.0625)
(0.362461 0.0591842 0.0625)
(0.41225 0.0575405 0.0625)
(0.0621429 0.0119862 0.0725)
(0.112461 0.0114792 0.0725)
(0.162453 0.0118175 0.0725)
(0.212499 0.0113052 0.0725)
(0.262503 0.0112895 0.0725)
(0.312501 0.0113596 0.0725)
(0.362499 0.0113817 0.0725)
(0.412502 0.0115123 0.0725)
(0.462534 0.0122168 0.0725)
(0.512527 0.012059 0.0725)
(0.562503 0.0117426 0.0725)
(0.612516 0.0119574 0.0725)
(0.662571 0.0126477 0.0725)
(0.712499 0.0119149 0.0725)
(0.762773 0.0147001 0.0725)
(0.812581 0.0129262 0.0725)
(0.859713 0.0193761 0.0725)
(0.212772 0.0580347 0.0725)
(0.262519 0.0596617 0.0725)
(0.312495 0.059955 0.0725)
(0.362461 0.0591842 0.0725)
(0.41225 0.0575405 0.0725)
(0.0621463 0.0119838 0.0825034)
(0.112461 0.011479 0.0825001)
(0.162453 0.0118163 0.0825009)
(0.212499 0.011305 0.0825002)
(0.262503 0.0112896 0.0825)
(0.312501 0.0113597 0.0825)
(0.362499 0.0113818 0.0825)
(0.412502 0.0115122 0.0825003)
(0.462534 0.0122149 0.0825014)
(0.512527 0.0120584 0.0825004)
(0.562503 0.0117426 0.0825)
(0.612516 0.0119571 0.0825004)
(0.662571 0.012647 0.0825005)
(0.712499 0.0119149 0.0825)
(0.762773 0.0146999 0.0825002)
(0.812581 0.0129262 0.0825)
(0.859713 0.0193761 0.0825)
(0.212772 0.0580347 0.0825)
(0.262519 0.0596617 0.0825)
(0.312495 0.059955 0.0825)
(0.362461 0.0591842 0.0825)
(0.41225 0.0575405 0.0825)
(0.0622798 0.0118655 0.0926166)
(0.112466 0.0114693 0.0925104)
(0.162465 0.0116984 0.092577)
(0.2125 0.0113163 0.0925135)
(0.262503 0.0113147 0.0925003)
(0.312501 0.0113831 0.0925)
(0.362499 0.0114086 0.0925018)
(0.412501 0.0115258 0.092517)
(0.462524 0.0120417 0.0926086)
(0.512523 0.0120096 0.0925309)
(0.562502 0.0117545 0.0925022)
(0.612512 0.0119313 0.09254)
(0.662561 0.0125423 0.0925713)
(0.712498 0.0119165 0.0925037)
(0.762714 0.0141897 0.0927302)
(0.812579 0.0129103 0.0925088)
(0.859627 0.0186574 0.0925)
(0.212767 0.058119 0.0925)
(0.262519 0.0596617 0.0925)
(0.312495 0.059955 0.0925)
(0.362461 0.0591889 0.0925)
(0.412254 0.0576404 0.0925)
(0.0371613 0.0126881 0.00156388)
(0.0371466 0.0124513 0.00647097)
(0.0874786 0.0121059 0.00208493)
(0.0626043 0.0349117 7.01276e-05)
(0.0853973 0.0388878 0.00119824)
(0.062237 0.0121464 0.00729489)
(0.0873703 0.0120933 0.00739594)
(0.0618117 0.0387643 0.0075)
(0.084217 0.0436074 0.0075)
(0.137495 0.012056 0.00211136)
(0.112458 0.037756 0.00208445)
(0.137469 0.0377271 0.0016745)
(0.112464 0.0117097 0.00740185)
(0.137465 0.0118174 0.00737049)
(0.11238 0.0381286 0.00738854)
(0.137243 0.0395476 0.00724119)
(0.187498 0.012058 0.00211717)
(0.162485 0.0376346 0.00147486)
(0.187486 0.0376624 0.00187028)
(0.162466 0.0119178 0.00732731)
(0.187481 0.0117925 0.00737431)
(0.162232 0.0404402 0.0069096)
(0.187354 0.0392851 0.00722741)
(0.237501 0.0120279 0.00213381)
(0.212504 0.0373753 0.0021637)
(0.237503 0.0373674 0.00217639)
(0.2125 0.0115527 0.00740581)
(0.237503 0.0115163 0.0074113)
(0.212512 0.0369136 0.00734242)
(0.237518 0.036723 0.00736009)
(0.287501 0.0120471 0.00213394)
(0.262501 0.0374052 0.0021769)
(0.2875 0.0374267 0.00217692)
(0.262502 0.0115504 0.00741184)
(0.287501 0.0115835 0.00741187)
(0.262509 0.0368909 0.00736177)
(0.287503 0.0369971 0.00736187)
(0.3375 0.0120603 0.00213394)
(0.3125 0.0374277 0.00217692)
(0.337499 0.03741 0.00217692)
(0.312501 0.0116052 0.00741187)
(0.3375 0.0116157 0.00741187)
(0.312498 0.037004 0.00736187)
(0.337493 0.0369179 0.00736187)
(0.3875 0.0120689 0.0021338)
(0.362498 0.0373759 0.0021769)
(0.387496 0.0373331 0.00217639)
(0.362499 0.0116172 0.00741184)
(0.387498 0.0116224 0.0074113)
(0.362485 0.0367526 0.00736177)
(0.387475 0.0365642 0.00736008)
(0.437502 0.0121319 0.00211699)
(0.412496 0.0373491 0.00216369)
(0.43751 0.0376639 0.00186993)
(0.412501 0.0117061 0.00740576)
(0.437514 0.0120066 0.00737355)
(0.412483 0.0367987 0.00734232)
(0.437602 0.0393041 0.00722592)
(0.487504 0.0121672 0.00209701)
(0.46251 0.0376546 0.00146573)
(0.487512 0.0376763 0.00149154)
(0.462525 0.0122168 0.00731918)
(0.487526 0.0122206 0.0073343)
(0.46268 0.0407876 0.0068863)
(0.487674 0.0403572 0.00696323)
(0.537503 0.0121612 0.00212305)
(0.512521 0.0377918 0.00171447)
(0.537515 0.0376831 0.00176172)
(0.512523 0.012164 0.00738846)
(0.537514 0.0120371 0.00740346)
(0.512659 0.0397686 0.00732387)
(0.537594 0.0387146 0.0073675)
(0.587499 0.0121238 0.00213056)
(0.562515 0.0376708 0.00212731)
(0.587481 0.0372485 0.00213041)
(0.562503 0.0118912 0.00741267)
(0.587493 0.0117838 0.00741176)
(0.562511 0.0375611 0.00740989)
(0.58742 0.0364152 0.0074117)
(0.637507 0.0122412 0.0020006)
(0.61248 0.0372496 0.00205029)
(0.637936 0.0358894 0.000201342)
(0.612512 0.0120345 0.00738811)
(0.637565 0.0126772 0.00726688)
(0.612472 0.037099 0.00741637)
(0.638697 0.0422438 0.0075)
(0.687507 0.0122537 0.00206236)
(0.6625 0.0348886 2.01319e-06)
(0.6875 0.0348886 0)
(0.662571 0.0127382 0.00734273)
(0.687538 0.0123891 0.00739896)
(0.662893 0.0401421 0.0075)
(0.687685 0.0378177 0.0075)
(0.737503 0.0122444 0.00205175)
(0.71255 0.0353975 0.00275957)
(0.736046 0.0331982 0.00278703)
(0.712499 0.0120031 0.00741937)
(0.73753 0.0123433 0.00739876)
(0.712453 0.035409 0.0075)
(0.73615 0.0330862 0.0075)
(0.787523 0.0124736 0.00167634)
(0.762711 0.0141294 0.00716511)
(0.787695 0.0139718 0.00735051)
(0.837493 0.0121897 0.00195751)
(0.812576 0.012881 0.00743475)
(0.837486 0.0120157 0.00738821)
(0.859713 0.0193761 0.0075)
(0.192579 0.056804 0.00279939)
(0.237523 0.0590447 0.00275957)
(0.212771 0.0580488 0.0075)
(0.23755 0.0590454 0.0075)
(0.2875 0.0599546 0.00275957)
(0.262519 0.0596617 0.0075)
(0.287505 0.0599546 0.0075)
(0.337497 0.0596898 0.00275957)
(0.312495 0.059955 0.0075)
(0.337483 0.05969 0.0075)
(0.387456 0.0584587 0.00275957)
(0.362461 0.0591842 0.0075)
(0.387425 0.0584597 0.0075)
(0.432412 0.0566626 0.00279939)
(0.41225 0.0575572 0.0075)
(0.0348888 0.0143058 0.012186)
(0.0339731 0.0150323 0.0174924)
(0.0873578 0.0119728 0.0124879)
(0.0618058 0.0387877 0.0125)
(0.0841626 0.0438933 0.0125)
(0.0621463 0.0119845 0.0174962)
(0.0873652 0.0118811 0.017499)
(0.0618041 0.0387944 0.0175)
(0.0841626 0.0438933 0.0175)
(0.137457 0.0117136 0.0124809)
(0.112354 0.0382919 0.0124871)
(0.137163 0.0402453 0.0124718)
(0.112461 0.0114898 0.017499)
(0.13746 0.0116372 0.0174983)
(0.112348 0.0383479 0.017499)
(0.137145 0.0404201 0.0174979)
(0.187474 0.0117062 0.0124807)
(0.162106 0.0418901 0.0124517)
(0.18729 0.0400956 0.012462)
(0.162455 0.0118068 0.0174977)
(0.187475 0.011638 0.0174983)
(0.162081 0.0421883 0.0174967)
(0.187264 0.0404481 0.017497)
(0.237504 0.0113289 0.0124885)
(0.21251 0.0367604 0.0124674)
(0.237525 0.0364057 0.0124716)
(0.212499 0.0113343 0.0174988)
(0.237504 0.0112782 0.017499)
(0.21251 0.036696 0.0174964)
(0.237528 0.036282 0.0174969)
(0.287502 0.011409 0.0124887)
(0.262512 0.0366165 0.0124722)
(0.287504 0.0367611 0.0124722)
(0.262503 0.0113176 0.017499)
(0.287502 0.0113589 0.017499)
(0.262514 0.0365137 0.017497)
(0.287505 0.0366747 0.017497)
(0.3375 0.0114482 0.0124887)
(0.312498 0.0367714 0.0124723)
(0.33749 0.0366547 0.0124722)
(0.312501 0.0113868 0.017499)
(0.3375 0.0114014 0.017499)
(0.312497 0.0366861 0.017497)
(0.337489 0.0365559 0.017497)
(0.387498 0.0114586 0.0124885)
(0.362479 0.0364314 0.0124722)
(0.387466 0.0361952 0.0124716)
(0.362499 0.0114055 0.017499)
(0.387498 0.0114174 0.017499)
(0.362477 0.0363069 0.017497)
(0.387462 0.0360472 0.0174969)
(0.43752 0.0119714 0.0124804)
(0.412482 0.0366148 0.0124673)
(0.437647 0.0401294 0.0124615)
(0.412502 0.0115348 0.0174988)
(0.437519 0.0119169 0.0174982)
(0.41248 0.0365345 0.0174964)
(0.437665 0.0404843 0.017497)
(0.487534 0.012243 0.0124747)
(0.462766 0.0424141 0.0124479)
(0.487748 0.0416447 0.0124562)
(0.462533 0.0122011 0.0174975)
(0.487532 0.0121782 0.0174978)
(0.462783 0.0427428 0.0174964)
(0.487763 0.0419041 0.017497)
(0.537517 0.0119559 0.0124881)
(0.512702 0.0404134 0.0124798)
(0.537617 0.0390349 0.0124862)
(0.512526 0.0120539 0.0174987)
(0.537515 0.011905 0.0174991)
(0.512712 0.0405818 0.0174984)
(0.537623 0.0391265 0.017499)
(0.587492 0.0116751 0.0124895)
(0.562512 0.0375627 0.0124894)
(0.587399 0.0361597 0.0124897)
(0.562503 0.0117493 0.0174992)
(0.587493 0.0116534 0.0174992)
(0.562512 0.037578 0.0174992)
(0.587394 0.0361073 0.0174992)
(0.637575 0.0126996 0.0124783)
(0.612467 0.037031 0.0124919)
(0.638704 0.0423237 0.0125)
(0.612515 0.0119556 0.017499)
(0.637576 0.012687 0.0174987)
(0.612465 0.0370113 0.0174994)
(0.638704 0.0423237 0.0175)
(0.687536 0.0122888 0.0124911)
(0.662893 0.0401425 0.0125)
(0.687685 0.0378177 0.0125)
(0.662571 0.012647 0.017499)
(0.687535 0.0122709 0.0174995)
(0.662893 0.0401425 0.0175)
(0.687685 0.0378177 0.0175)
(0.737536 0.0123285 0.0124924)
(0.712453 0.0354088 0.0125)
(0.736144 0.033026 0.0125)
(0.712499 0.0119154 0.0174996)
(0.737537 0.0123253 0.0174996)
(0.712453 0.0354088 0.0175)
(0.736144 0.033026 0.0175)
(0.787724 0.0142285 0.0124934)
(0.762773 0.0146995 0.0174997)
(0.787725 0.01424 0.0174998)
(0.837482 0.0119793 0.012496)
(0.812581 0.0129262 0.0174999)
(0.837482 0.0119768 0.0174999)
(0.859713 0.0193761 0.0175)
(0.23755 0.0590454 0.0125)
(0.212772 0.0580347 0.0175)
(0.23755 0.0590454 0.0175)
(0.287505 0.0599546 0.0125)
(0.262519 0.0596617 0.0175)
(0.287505 0.0599546 0.0175)
(0.337483 0.05969 0.0125)
(0.312495 0.059955 0.0175)
(0.337483 0.05969 0.0175)
(0.387425 0.0584597 0.0125)
(0.362461 0.0591842 0.0175)
(0.387425 0.0584597 0.0175)
(0.41225 0.0575405 0.0175)
(0.0338742 0.0151049 0.0224998)
(0.033874 0.0151051 0.0275)
(0.0873648 0.0118774 0.0224999)
(0.0618039 0.0387951 0.0225)
(0.0841626 0.0438933 0.0225)
(0.0621429 0.0119862 0.0275)
(0.0873646 0.0118778 0.0275)
(0.0618039 0.0387951 0.0275)
(0.0841626 0.0438933 0.0275)
(0.137459 0.0116357 0.0224999)
(0.112347 0.0383504 0.0224999)
(0.137142 0.0404405 0.0224999)
(0.112461 0.0114793 0.0275)
(0.137458 0.0116376 0.0275)
(0.112347 0.0383497 0.0275)
(0.137142 0.0404435 0.0275)
(0.187475 0.0116263 0.0224999)
(0.162077 0.0422284 0.0224998)
(0.187258 0.0405365 0.0224998)
(0.162453 0.0118168 0.0275)
(0.187474 0.0116257 0.0275)
(0.162076 0.0422355 0.0275)
(0.187257 0.0405468 0.0275)
(0.237504 0.0112586 0.0224999)
(0.212514 0.0366097 0.0224998)
(0.237531 0.0361841 0.0224998)
(0.212499 0.0113064 0.0275)
(0.237504 0.0112515 0.0275)
(0.212516 0.0365751 0.0275)
(0.237533 0.0361368 0.0275)
(0.287502 0.0113406 0.0224999)
(0.262515 0.0364479 0.0224998)
(0.287505 0.0366249 0.0224998)
(0.262503 0.0112911 0.0275)
(0.287502 0.0113324 0.0275)
(0.262516 0.036419 0.0275)
(0.287505 0.0366065 0.0275)
(0.3375 0.0113841 0.0224999)
(0.312497 0.0366366 0.0224998)
(0.337488 0.0364924 0.0224998)
(0.312501 0.0113611 0.0275)
(0.3375 0.011377 0.0275)
(0.312497 0.036618 0.0275)
(0.337487 0.0364638 0.0275)
(0.387498 0.0114008 0.0224999)
(0.362475 0.0362169 0.0224998)
(0.387458 0.0359204 0.0224998)
(0.362499 0.0113831 0.0275)
(0.387498 0.0113964 0.0275)
(0.362473 0.0361696 0.0275)
(0.387455 0.0358509 0.0275)
(0.437519 0.0119084 0.0224999)
(0.412476 0.0364263 0.0224998)
(0.437669 0.0405703 0.0224998)
(0.412502 0.0115133 0.0275)
(0.437519 0.0119087 0.0275)
(0.412474 0.0363745 0.0275)
(0.437669 0.0405801 0.0275)
(0.487533 0.0121843 0.0224999)
(0.462785 0.0427878 0.0224998)
(0.487765 0.0419379 0.0224998)
(0.462534 0.0122159 0.0275)
(0.487534 0.012189 0.0275)
(0.462786 0.0427962 0.0275)
(0.487765 0.041944 0.0275)
(0.537516 0.0119033 0.0225)
(0.512714 0.0406038 0.0224999)
(0.537624 0.0391374 0.0224999)
(0.512527 0.0120585 0.0275)
(0.537516 0.0119042 0.0275)
(0.512714 0.0406076 0.0275)
(0.537624 0.0391389 0.0275)
(0.587493 0.0116429 0.0225)
(0.562512 0.0375772 0.0225)
(0.587393 0.036095 0.0225)
(0.562503 0.0117427 0.0275)
(0.587492 0.0116394 0.0275)
(0.562512 0.0375763 0.0275)
(0.587393 0.0360915 0.0275)
(0.637576 0.0126882 0.0224999)
(0.612465 0.0370128 0.0225)
(0.638704 0.0423237 0.0225)
(0.612516 0.0119574 0.0275)
(0.637576 0.0126885 0.0275)
(0.612465 0.0370134 0.0275)
(0.638704 0.0423237 0.0275)
(0.687536 0.0122706 0.0225)
(0.662893 0.0401425 0.0225)
(0.687685 0.0378177 0.0225)
(0.662571 0.0126477 0.0275)
(0.687536 0.0122706 0.0275)
(0.662893 0.0401425 0.0275)
(0.687685 0.0378177 0.0275)
(0.737537 0.0123251 0.0225)
(0.712453 0.0354088 0.0225)
(0.736144 0.033026 0.0225)
(0.712499 0.0119149 0.0275)
(0.737537 0.0123251 0.0275)
(0.712453 0.0354088 0.0275)
(0.736144 0.033026 0.0275)
(0.787725 0.0142404 0.0225)
(0.762773 0.0147001 0.0275)
(0.787725 0.0142404 0.0275)
(0.837482 0.0119768 0.0225)
(0.812581 0.0129262 0.0275)
(0.837482 0.0119768 0.0275)
(0.859713 0.0193761 0.0275)
(0.23755 0.0590454 0.0225)
(0.212772 0.0580347 0.0275)
(0.23755 0.0590454 0.0275)
(0.287505 0.0599546 0.0225)
(0.262519 0.0596617 0.0275)
(0.287505 0.0599546 0.0275)
(0.337483 0.05969 0.0225)
(0.312495 0.059955 0.0275)
(0.337483 0.05969 0.0275)
(0.387425 0.0584597 0.0225)
(0.362461 0.0591842 0.0275)
(0.387425 0.0584597 0.0275)
(0.41225 0.0575405 0.0275)
(0.033874 0.0151051 0.0325)
(0.033874 0.0151051 0.0375)
(0.0873646 0.0118779 0.0325)
(0.0618039 0.0387951 0.0325)
(0.0841626 0.0438933 0.0325)
(0.0621429 0.0119862 0.0375)
(0.0873646 0.0118779 0.0375)
(0.0618039 0.0387951 0.0375)
(0.0841626 0.0438933 0.0375)
(0.137458 0.0116379 0.0325)
(0.112347 0.0383496 0.0325)
(0.137142 0.0404439 0.0325)
(0.112461 0.0114793 0.0375)
(0.137458 0.011638 0.0375)
(0.112347 0.0383497 0.0375)
(0.137142 0.0404439 0.0375)
(0.187474 0.0116257 0.0325)
(0.162076 0.0422363 0.0325)
(0.187257 0.0405473 0.0325)
(0.162453 0.0118175 0.0375)
(0.187474 0.0116257 0.0375)
(0.162076 0.0422364 0.0375)
(0.187257 0.0405473 0.0375)
(0.237504 0.0112501 0.0325)
(0.212516 0.0365717 0.0325)
(0.237533 0.0361313 0.0325)
(0.212499 0.0113052 0.0375)
(0.237504 0.0112499 0.0375)
(0.212516 0.0365714 0.0375)
(0.237533 0.0361308 0.0375)
(0.287502 0.011331 0.0325)
(0.262516 0.0364146 0.0325)
(0.287505 0.0366029 0.0325)
(0.262503 0.0112895 0.0375)
(0.287502 0.0113309 0.0375)
(0.262516 0.0364142 0.0375)
(0.287505 0.0366026 0.0375)
(0.3375 0.0113757 0.0325)
(0.312497 0.0366145 0.0325)
(0.337487 0.0364595 0.0325)
(0.312501 0.0113596 0.0375)
(0.3375 0.0113756 0.0375)
(0.312497 0.0366141 0.0375)
(0.337487 0.0364591 0.0375)
(0.387498 0.0113953 0.0325)
(0.362473 0.0361639 0.0325)
(0.387455 0.0358439 0.0325)
(0.362499 0.0113817 0.0375)
(0.387498 0.0113951 0.0375)
(0.362473 0.0361634 0.0375)
(0.387455 0.0358433 0.0375)
(0.437519 0.0119089 0.0325)
(0.412474 0.0363702 0.0325)
(0.43767 0.0405806 0.0325)
(0.412502 0.0115123 0.0375)
(0.437519 0.0119089 0.0375)
(0.412474 0.0363698 0.0375)
(0.43767 0.0405806 0.0375)
(0.487534 0.0121898 0.0325)
(0.462786 0.042797 0.0325)
(0.487765 0.0419449 0.0325)
(0.462534 0.0122169 0.0375)
(0.487534 0.0121899 0.0375)
(0.462786 0.0427973 0.0375)
(0.487765 0.0419449 0.0375)
(0.537516 0.0119044 0.0325)
(0.512714 0.0406081 0.0325)
(0.537624 0.0391392 0.0325)
(0.512527 0.012059 0.0375)
(0.537516 0.0119044 0.0375)
(0.512714 0.0406082 0.0375)
(0.537624 0.0391392 0.0375)
(0.587492 0.011639 0.0325)
(0.562512 0.0375762 0.0325)
(0.587393 0.0360911 0.0325)
(0.562503 0.0117426 0.0375)
(0.587492 0.011639 0.0375)
(0.562512 0.0375762 0.0375)
(0.587393 0.036091 0.0375)
(0.637576 0.0126886 0.0325)
(0.612465 0.0370134 0.0325)
(0.638704 0.0423237 0.0325)
(0.612516 0.0119574 0.0375)
(0.637576 0.0126886 0.0375)
(0.612465 0.0370134 0.0375)
(0.638704 0.0423237 0.0375)
(0.687536 0.0122706 0.0325)
(0.662893 0.0401425 0.0325)
(0.687685 0.0378177 0.0325)
(0.662571 0.0126477 0.0375)
(0.687536 0.0122706 0.0375)
(0.662893 0.0401425 0.0375)
(0.687685 0.0378177 0.0375)
(0.737537 0.0123251 0.0325)
(0.712453 0.0354088 0.0325)
(0.736144 0.033026 0.0325)
(0.712499 0.0119149 0.0375)
(0.737537 0.0123251 0.0375)
(0.712453 0.0354088 0.0375)
(0.736144 0.033026 0.0375)
(0.787725 0.0142404 0.0325)
(0.762773 0.0147001 0.0375)
(0.787725 0.0142404 0.0375)
(0.837482 0.0119768 0.0325)
(0.812581 0.0129262 0.0375)
(0.837482 0.0119768 0.0375)
(0.859713 0.0193761 0.0375)
(0.23755 0.0590454 0.0325)
(0.212772 0.0580347 0.0375)
(0.23755 0.0590454 0.0375)
(0.287505 0.0599546 0.0325)
(0.262519 0.0596617 0.0375)
(0.287505 0.0599546 0.0375)
(0.337483 0.05969 0.0325)
(0.312495 0.059955 0.0375)
(0.337483 0.05969 0.0375)
(0.387425 0.0584597 0.0325)
(0.362461 0.0591842 0.0375)
(0.387425 0.0584597 0.0375)
(0.41225 0.0575405 0.0375)
(0.033874 0.0151051 0.0425)
(0.033874 0.0151051 0.0475)
(0.0873646 0.0118779 0.0425)
(0.0618039 0.0387951 0.0425)
(0.0841626 0.0438933 0.0425)
(0.0621429 0.0119862 0.0475)
(0.0873646 0.0118779 0.0475)
(0.0618039 0.0387951 0.0475)
(0.0841626 0.0438933 0.0475)
(0.137458 0.011638 0.0425)
(0.112347 0.0383496 0.0425)
(0.137142 0.0404439 0.0425)
(0.112461 0.0114793 0.0475)
(0.137458 0.011638 0.0475)
(0.112347 0.0383497 0.0475)
(0.137142 0.0404439 0.0475)
(0.187474 0.0116257 0.0425)
(0.162076 0.0422364 0.0425)
(0.187257 0.0405473 0.0425)
(0.162453 0.0118175 0.0475)
(0.187474 0.0116257 0.0475)
(0.162076 0.0422364 0.0475)
(0.187257 0.0405473 0.0475)
(0.237504 0.0112499 0.0425)
(0.212516 0.0365714 0.0425)
(0.237533 0.0361308 0.0425)
(0.212499 0.0113052 0.0475)
(0.237504 0.0112499 0.0475)
(0.212516 0.0365714 0.0475)
(0.237533 0.0361308 0.0475)
(0.287502 0.0113309 0.0425)
(0.262516 0.0364141 0.0425)
(0.287505 0.0366026 0.0425)
(0.262503 0.0112895 0.0475)
(0.287502 0.0113309 0.0475)
(0.262516 0.0364141 0.0475)
(0.287505 0.0366026 0.0475)
(0.3375 0.0113756 0.0425)
(0.312497 0.0366141 0.0425)
(0.337487 0.036459 0.0425)
(0.312501 0.0113596 0.0475)
(0.3375 0.0113756 0.0475)
(0.312497 0.0366141 0.0475)
(0.337487 0.036459 0.0475)
(0.387498 0.0113951 0.0425)
(0.362473 0.0361634 0.0425)
(0.387455 0.0358433 0.0425)
(0.362499 0.0113817 0.0475)
(0.387498 0.0113951 0.0475)
(0.362473 0.0361634 0.0475)
(0.387455 0.0358433 0.0475)
(0.437519 0.0119089 0.0425)
(0.412474 0.0363698 0.0425)
(0.43767 0.0405806 0.0425)
(0.412502 0.0115123 0.0475)
(0.437519 0.0119089 0.0475)
(0.412474 0.0363698 0.0475)
(0.43767 0.0405806 0.0475)
(0.487534 0.0121899 0.0425)
(0.462786 0.0427971 0.0425)
(0.487765 0.0419449 0.0425)
(0.462534 0.0122169 0.0475)
(0.487534 0.0121899 0.0475)
(0.462786 0.0427973 0.0475)
(0.487765 0.0419449 0.0475)
(0.537516 0.0119044 0.0425)
(0.512714 0.0406082 0.0425)
(0.537624 0.0391392 0.0425)
(0.512527 0.012059 0.0475)
(0.537516 0.0119044 0.0475)
(0.512714 0.0406082 0.0475)
(0.537624 0.0391392 0.0475)
(0.587492 0.011639 0.0425)
(0.562512 0.0375762 0.0425)
(0.587393 0.036091 0.0425)
(0.562503 0.0117426 0.0475)
(0.587492 0.011639 0.0475)
(0.562512 0.0375762 0.0475)
(0.587393 0.036091 0.0475)
(0.637576 0.0126886 0.0425)
(0.612465 0.0370134 0.0425)
(0.638704 0.0423237 0.0425)
(0.612516 0.0119574 0.0475)
(0.637576 0.0126886 0.0475)
(0.612465 0.0370134 0.0475)
(0.638704 0.0423237 0.0475)
(0.687536 0.0122706 0.0425)
(0.662893 0.0401425 0.0425)
(0.687685 0.0378177 0.0425)
(0.662571 0.0126477 0.0475)
(0.687536 0.0122706 0.0475)
(0.662893 0.0401425 0.0475)
(0.687685 0.0378177 0.0475)
(0.737537 0.0123251 0.0425)
(0.712453 0.0354088 0.0425)
(0.736144 0.033026 0.0425)
(0.712499 0.0119149 0.0475)
(0.737537 0.0123251 0.0475)
(0.712453 0.0354088 0.0475)
(0.736144 0.033026 0.0475)
(0.787725 0.0142404 0.0425)
(0.762773 0.0147001 0.0475)
(0.787725 0.0142404 0.0475)
(0.837482 0.0119768 0.0425)
(0.812581 0.0129262 0.0475)
(0.837482 0.0119768 0.0475)
(0.859713 0.0193761 0.0475)
(0.23755 0.0590454 0.0425)
(0.212772 0.0580347 0.0475)
(0.23755 0.0590454 0.0475)
(0.287505 0.0599546 0.0425)
(0.262519 0.0596617 0.0475)
(0.287505 0.0599546 0.0475)
(0.337483 0.05969 0.0425)
(0.312495 0.059955 0.0475)
(0.337483 0.05969 0.0475)
(0.387425 0.0584597 0.0425)
(0.362461 0.0591842 0.0475)
(0.387425 0.0584597 0.0475)
(0.41225 0.0575405 0.0475)
(0.033874 0.0151051 0.0525)
(0.033874 0.0151051 0.0575)
(0.0873646 0.0118779 0.0525)
(0.0618039 0.0387951 0.0525)
(0.0841626 0.0438933 0.0525)
(0.0621429 0.0119862 0.0575)
(0.0873646 0.0118779 0.0575)
(0.0618039 0.0387951 0.0575)
(0.0841626 0.0438933 0.0575)
(0.137458 0.011638 0.0525)
(0.112347 0.0383496 0.0525)
(0.137142 0.0404439 0.0525)
(0.112461 0.0114793 0.0575)
(0.137458 0.011638 0.0575)
(0.112347 0.0383497 0.0575)
(0.137142 0.0404439 0.0575)
(0.187474 0.0116257 0.0525)
(0.162076 0.0422364 0.0525)
(0.187257 0.0405473 0.0525)
(0.162453 0.0118175 0.0575)
(0.187474 0.0116257 0.0575)
(0.162076 0.0422364 0.0575)
(0.187257 0.0405473 0.0575)
(0.237504 0.0112499 0.0525)
(0.212516 0.0365714 0.0525)
(0.237533 0.0361308 0.0525)
(0.212499 0.0113052 0.0575)
(0.237504 0.0112499 0.0575)
(0.212516 0.0365714 0.0575)
(0.237533 0.0361308 0.0575)
(0.287502 0.0113309 0.0525)
(0.262516 0.0364141 0.0525)
(0.287505 0.0366026 0.0525)
(0.262503 0.0112895 0.0575)
(0.287502 0.0113309 0.0575)
(0.262516 0.0364141 0.0575)
(0.287505 0.0366026 0.0575)
(0.3375 0.0113756 0.0525)
(0.312497 0.0366141 0.0525)
(0.337487 0.036459 0.0525)
(0.312501 0.0113596 0.0575)
(0.3375 0.0113756 0.0575)
(0.312497 0.0366141 0.0575)
(0.337487 0.036459 0.0575)
(0.387498 0.0113951 0.0525)
(0.362473 0.0361634 0.0525)
(0.387455 0.0358433 0.0525)
(0.362499 0.0113817 0.0575)
(0.387498 0.0113951 0.0575)
(0.362473 0.0361634 0.0575)
(0.387455 0.0358433 0.0575)
(0.437519 0.0119089 0.0525)
(0.412474 0.0363698 0.0525)
(0.43767 0.0405806 0.0525)
(0.412502 0.0115123 0.0575)
(0.437519 0.0119089 0.0575)
(0.412474 0.0363698 0.0575)
(0.43767 0.0405806 0.0575)
(0.487534 0.0121899 0.0525)
(0.462786 0.0427971 0.0525)
(0.487765 0.0419449 0.0525)
(0.462534 0.0122169 0.0575)
(0.487534 0.0121899 0.0575)
(0.462786 0.0427973 0.0575)
(0.487765 0.0419449 0.0575)
(0.537516 0.0119044 0.0525)
(0.512714 0.0406082 0.0525)
(0.537624 0.0391392 0.0525)
(0.512527 0.012059 0.0575)
(0.537516 0.0119044 0.0575)
(0.512714 0.0406082 0.0575)
(0.537624 0.0391392 0.0575)
(0.587492 0.011639 0.0525)
(0.562512 0.0375762 0.0525)
(0.587393 0.036091 0.0525)
(0.562503 0.0117426 0.0575)
(0.587492 0.011639 0.0575)
(0.562512 0.0375762 0.0575)
(0.587393 0.036091 0.0575)
(0.637576 0.0126886 0.0525)
(0.612465 0.0370134 0.0525)
(0.638704 0.0423237 0.0525)
(0.612516 0.0119574 0.0575)
(0.637576 0.0126886 0.0575)
(0.612465 0.0370134 0.0575)
(0.638704 0.0423237 0.0575)
(0.687536 0.0122706 0.0525)
(0.662893 0.0401425 0.0525)
(0.687685 0.0378177 0.0525)
(0.662571 0.0126477 0.0575)
(0.687536 0.0122706 0.0575)
(0.662893 0.0401425 0.0575)
(0.687685 0.0378177 0.0575)
(0.737537 0.0123251 0.0525)
(0.712453 0.0354088 0.0525)
(0.736144 0.033026 0.0525)
(0.712499 0.0119149 0.0575)
(0.737537 0.0123251 0.0575)
(0.712453 0.0354088 0.0575)
(0.736144 0.033026 0.0575)
(0.787725 0.0142404 0.0525)
(0.762773 0.0147001 0.0575)
(0.787725 0.0142404 0.0575)
(0.837482 0.0119768 0.0525)
(0.812581 0.0129262 0.0575)
(0.837482 0.0119768 0.0575)
(0.859713 0.0193761 0.0575)
(0.23755 0.0590454 0.0525)
(0.212772 0.0580347 0.0575)
(0.23755 0.0590454 0.0575)
(0.287505 0.0599546 0.0525)
(0.262519 0.0596617 0.0575)
(0.287505 0.0599546 0.0575)
(0.337483 0.05969 0.0525)
(0.312495 0.059955 0.0575)
(0.337483 0.05969 0.0575)
(0.387425 0.0584597 0.0525)
(0.362461 0.0591842 0.0575)
(0.387425 0.0584597 0.0575)
(0.41225 0.0575405 0.0575)
(0.033874 0.0151051 0.0625)
(0.033874 0.0151051 0.0675)
(0.0873646 0.0118779 0.0625)
(0.0618039 0.0387951 0.0625)
(0.0841626 0.0438933 0.0625)
(0.0621429 0.0119862 0.0675)
(0.0873646 0.0118779 0.0675)
(0.0618039 0.0387951 0.0675)
(0.0841626 0.0438933 0.0675)
(0.137458 0.011638 0.0625)
(0.112347 0.0383496 0.0625)
(0.137142 0.0404439 0.0625)
(0.112461 0.0114793 0.0675)
(0.137458 0.011638 0.0675)
(0.112347 0.0383497 0.0675)
(0.137142 0.0404439 0.0675)
(0.187474 0.0116257 0.0625)
(0.162076 0.0422364 0.0625)
(0.187257 0.0405473 0.0625)
(0.162453 0.0118175 0.0675)
(0.187474 0.0116257 0.0675)
(0.162076 0.0422364 0.0675)
(0.187257 0.0405473 0.0675)
(0.237504 0.0112499 0.0625)
(0.212516 0.0365714 0.0625)
(0.237533 0.0361308 0.0625)
(0.212499 0.0113052 0.0675)
(0.237504 0.0112499 0.0675)
(0.212516 0.0365714 0.0675)
(0.237533 0.0361308 0.0675)
(0.287502 0.0113309 0.0625)
(0.262516 0.0364141 0.0625)
(0.287505 0.0366026 0.0625)
(0.262503 0.0112895 0.0675)
(0.287502 0.0113309 0.0675)
(0.262516 0.0364141 0.0675)
(0.287505 0.0366026 0.0675)
(0.3375 0.0113756 0.0625)
(0.312497 0.0366141 0.0625)
(0.337487 0.036459 0.0625)
(0.312501 0.0113596 0.0675)
(0.3375 0.0113756 0.0675)
(0.312497 0.0366141 0.0675)
(0.337487 0.036459 0.0675)
(0.387498 0.0113951 0.0625)
(0.362473 0.0361634 0.0625)
(0.387455 0.0358433 0.0625)
(0.362499 0.0113817 0.0675)
(0.387498 0.0113951 0.0675)
(0.362473 0.0361634 0.0675)
(0.387455 0.0358433 0.0675)
(0.437519 0.0119089 0.0625)
(0.412474 0.0363698 0.0625)
(0.43767 0.0405806 0.0625)
(0.412502 0.0115123 0.0675)
(0.437519 0.0119089 0.0675)
(0.412474 0.0363698 0.0675)
(0.43767 0.0405806 0.0675)
(0.487534 0.0121899 0.0625)
(0.462786 0.0427971 0.0625)
(0.487765 0.0419449 0.0625)
(0.462534 0.0122169 0.0675)
(0.487534 0.0121899 0.0675)
(0.462786 0.0427973 0.0675)
(0.487765 0.0419449 0.0675)
(0.537516 0.0119044 0.0625)
(0.512714 0.0406082 0.0625)
(0.537624 0.0391392 0.0625)
(0.512527 0.012059 0.0675)
(0.537516 0.0119044 0.0675)
(0.512714 0.0406082 0.0675)
(0.537624 0.0391392 0.0675)
(0.587492 0.011639 0.0625)
(0.562512 0.0375762 0.0625)
(0.587393 0.036091 0.0625)
(0.562503 0.0117426 0.0675)
(0.587492 0.011639 0.0675)
(0.562512 0.0375762 0.0675)
(0.587393 0.036091 0.0675)
(0.637576 0.0126886 0.0625)
(0.612465 0.0370134 0.0625)
(0.638704 0.0423237 0.0625)
(0.612516 0.0119574 0.0675)
(0.637576 0.0126886 0.0675)
(0.612465 0.0370134 0.0675)
(0.638704 0.0423237 0.0675)
(0.687536 0.0122706 0.0625)
(0.662893 0.0401425 0.0625)
(0.687685 0.0378177 0.0625)
(0.662571 0.0126477 0.0675)
(0.687536 0.0122706 0.0675)
(0.662893 0.0401425 0.0675)
(0.687685 0.0378177 0.0675)
(0.737537 0.0123251 0.0625)
(0.712453 0.0354088 0.0625)
(0.736144 0.033026 0.0625)
(0.712499 0.0119149 0.0675)
(0.737537 0.0123251 0.0675)
(0.712453 0.0354088 0.0675)
(0.736144 0.033026 0.0675)
(0.787725 0.0142404 0.0625)
(0.762773 0.0147001 0.0675)
(0.787725 0.0142404 0.0675)
(0.837482 0.0119768 0.0625)
(0.812581 0.0129262 0.0675)
(0.837482 0.0119768 0.0675)
(0.859713 0.0193761 0.0675)
(0.23755 0.0590454 0.0625)
(0.212772 0.0580347 0.0675)
(0.23755 0.0590454 0.0675)
(0.287505 0.0599546 0.0625)
(0.262519 0.0596617 0.0675)
(0.287505 0.0599546 0.0675)
(0.337483 0.05969 0.0625)
(0.312495 0.059955 0.0675)
(0.337483 0.05969 0.0675)
(0.387425 0.0584597 0.0625)
(0.362461 0.0591842 0.0675)
(0.387425 0.0584597 0.0675)
(0.41225 0.0575405 0.0675)
(0.033874 0.0151051 0.0725)
(0.0338742 0.0151049 0.0775002)
(0.0873646 0.0118779 0.0725)
(0.0618039 0.0387951 0.0725)
(0.0841626 0.0438933 0.0725)
(0.0621431 0.0119861 0.0775002)
(0.0873646 0.0118779 0.0775)
(0.0618039 0.0387951 0.0775)
(0.0841626 0.0438933 0.0775)
(0.137458 0.011638 0.0725)
(0.112347 0.0383496 0.0725)
(0.137142 0.0404439 0.0725)
(0.112461 0.0114793 0.0775)
(0.137458 0.0116379 0.0775)
(0.112347 0.0383497 0.0775)
(0.137142 0.0404439 0.0775)
(0.187474 0.0116257 0.0725)
(0.162076 0.0422364 0.0725)
(0.187257 0.0405473 0.0725)
(0.162453 0.0118175 0.0775)
(0.187474 0.0116256 0.0775)
(0.162076 0.0422363 0.0775001)
(0.187257 0.0405472 0.0775001)
(0.237504 0.0112499 0.0725)
(0.212516 0.0365714 0.0725)
(0.237533 0.0361308 0.0725)
(0.212499 0.0113052 0.0775)
(0.237504 0.0112499 0.0775)
(0.212516 0.0365714 0.0775)
(0.237533 0.0361308 0.0775)
(0.287502 0.0113309 0.0725)
(0.262516 0.0364141 0.0725)
(0.287505 0.0366026 0.0725)
(0.262503 0.0112895 0.0775)
(0.287502 0.0113309 0.0775)
(0.262516 0.0364141 0.0775)
(0.287505 0.0366026 0.0775)
(0.3375 0.0113756 0.0725)
(0.312497 0.0366141 0.0725)
(0.337487 0.036459 0.0725)
(0.312501 0.0113596 0.0775)
(0.3375 0.0113756 0.0775)
(0.312497 0.0366141 0.0775)
(0.337487 0.0364591 0.0775)
(0.387498 0.0113951 0.0725)
(0.362473 0.0361634 0.0725)
(0.387455 0.0358433 0.0725)
(0.362499 0.0113817 0.0775)
(0.387498 0.0113951 0.0775)
(0.362473 0.0361634 0.0775)
(0.387455 0.0358433 0.0775)
(0.437519 0.0119089 0.0725)
(0.412474 0.0363698 0.0725)
(0.43767 0.0405806 0.0725)
(0.412502 0.0115123 0.0775)
(0.437519 0.0119088 0.0775)
(0.412474 0.0363698 0.0775001)
(0.43767 0.0405805 0.0775001)
(0.487534 0.0121899 0.0725)
(0.462786 0.0427971 0.0725)
(0.487765 0.0419449 0.0725)
(0.462534 0.0122168 0.0775001)
(0.487534 0.0121898 0.0775001)
(0.462786 0.0427971 0.0775001)
(0.487765 0.0419448 0.0775001)
(0.537516 0.0119044 0.0725)
(0.512714 0.0406082 0.0725)
(0.537624 0.0391392 0.0725)
(0.512527 0.012059 0.0775)
(0.537516 0.0119044 0.0775)
(0.512714 0.0406081 0.0775)
(0.537624 0.0391392 0.0775)
(0.587492 0.011639 0.0725)
(0.562512 0.0375762 0.0725)
(0.587393 0.036091 0.0725)
(0.562503 0.0117426 0.0775)
(0.587492 0.011639 0.0775)
(0.562512 0.0375762 0.0775)
(0.587393 0.036091 0.0775)
(0.637576 0.0126886 0.0725)
(0.612465 0.0370134 0.0725)
(0.638704 0.0423237 0.0725)
(0.612516 0.0119574 0.0775)
(0.637576 0.0126885 0.0775)
(0.612465 0.0370134 0.0775)
(0.638704 0.0423237 0.0775)
(0.687536 0.0122706 0.0725)
(0.662893 0.0401425 0.0725)
(0.687685 0.0378177 0.0725)
(0.662571 0.0126476 0.0775)
(0.687536 0.0122706 0.0775)
(0.662893 0.0401425 0.0775)
(0.687685 0.0378177 0.0775)
(0.737537 0.0123251 0.0725)
(0.712453 0.0354088 0.0725)
(0.736144 0.033026 0.0725)
(0.712499 0.0119149 0.0775)
(0.737537 0.0123251 0.0775)
(0.712453 0.0354088 0.0775)
(0.736144 0.033026 0.0775)
(0.787725 0.0142404 0.0725)
(0.762773 0.0147001 0.0775)
(0.787725 0.0142404 0.0775)
(0.837482 0.0119768 0.0725)
(0.812581 0.0129262 0.0775)
(0.837482 0.0119768 0.0775)
(0.859713 0.0193761 0.0775)
(0.23755 0.0590454 0.0725)
(0.212772 0.0580347 0.0775)
(0.23755 0.0590454 0.0775)
(0.287505 0.0599546 0.0725)
(0.262519 0.0596617 0.0775)
(0.287505 0.0599546 0.0775)
(0.337483 0.05969 0.0725)
(0.312495 0.059955 0.0775)
(0.337483 0.05969 0.0775)
(0.387425 0.0584597 0.0725)
(0.362461 0.0591842 0.0775)
(0.387425 0.0584597 0.0775)
(0.41225 0.0575405 0.0775)
(0.0339743 0.0150312 0.0825076)
(0.0348931 0.014299 0.0878175)
(0.0873649 0.0118774 0.0825005)
(0.0618049 0.0387912 0.0825)
(0.0841626 0.0438933 0.0825)
(0.0621827 0.0119531 0.0875417)
(0.0873676 0.0118728 0.087504)
(0.0618159 0.0387481 0.0875)
(0.0841626 0.0438933 0.0875)
(0.137458 0.0116374 0.0825004)
(0.112347 0.0383494 0.0825002)
(0.137142 0.0404429 0.0825006)
(0.112462 0.011477 0.0875016)
(0.137459 0.0116314 0.0875041)
(0.112348 0.0383453 0.0875021)
(0.137143 0.0404277 0.0875087)
(0.187474 0.0116248 0.0825007)
(0.162077 0.0422339 0.0825017)
(0.187257 0.0405455 0.0825014)
(0.162455 0.0118016 0.0875106)
(0.187475 0.0116155 0.0875076)
(0.162082 0.0421723 0.0875294)
(0.18726 0.0405158 0.0875209)
(0.237504 0.01125 0.0825)
(0.212516 0.036571 0.0825009)
(0.237533 0.036131 0.0825002)
(0.212499 0.0113045 0.0875025)
(0.237504 0.0112518 0.0875005)
(0.212517 0.0365679 0.0875115)
(0.237533 0.0361351 0.0875027)
(0.287502 0.011331 0.0825)
(0.262516 0.0364143 0.0825)
(0.287505 0.0366027 0.0825)
(0.262503 0.0112914 0.0875001)
(0.287502 0.0113326 0.0875)
(0.262516 0.0364177 0.0875003)
(0.287505 0.0366055 0.0875)
(0.3375 0.0113757 0.0825)
(0.312497 0.0366143 0.0825)
(0.337487 0.0364593 0.0825)
(0.312501 0.0113613 0.0875)
(0.3375 0.0113774 0.0875)
(0.312497 0.036617 0.0875)
(0.337487 0.0364626 0.0875003)
(0.387498 0.0113953 0.0825001)
(0.362473 0.0361638 0.0825002)
(0.387455 0.035844 0.0825006)
(0.362499 0.0113839 0.0875003)
(0.387498 0.0113979 0.0875013)
(0.362473 0.0361697 0.0875021)
(0.387455 0.0358551 0.0875081)
(0.437519 0.0119079 0.0825008)
(0.412474 0.0363697 0.0825012)
(0.437669 0.0405784 0.0825016)
(0.412502 0.0115121 0.0875031)
(0.437519 0.011897 0.0875087)
(0.412474 0.0363712 0.0875152)
(0.437668 0.0405458 0.0875234)
(0.487533 0.0121883 0.0825011)
(0.462786 0.0427934 0.0825026)
(0.487765 0.041942 0.0825021)
(0.462533 0.0121928 0.087516)
(0.487532 0.0121706 0.0875133)
(0.462781 0.0427105 0.0875426)
(0.487762 0.0418771 0.0875347)
(0.537516 0.0119043 0.0825001)
(0.512714 0.0406071 0.0825007)
(0.537624 0.0391389 0.0825002)
(0.512526 0.0120517 0.0875048)
(0.537516 0.0119028 0.0875013)
(0.512713 0.0405907 0.0875102)
(0.537624 0.0391346 0.0875024)
(0.587492 0.011639 0.0825001)
(0.562512 0.0375762 0.0825)
(0.587393 0.0360911 0.0825001)
(0.562502 0.0117431 0.0875004)
(0.587492 0.01164 0.0875014)
(0.562512 0.0375759 0.0875006)
(0.587393 0.0360927 0.0875022)
(0.637576 0.0126876 0.0825008)
(0.612465 0.0370133 0.0825002)
(0.638704 0.0423237 0.0825)
(0.612516 0.0119534 0.087505)
(0.637574 0.0126732 0.0875122)
(0.612465 0.037013 0.0875037)
(0.638702 0.0422976 0.0875)
(0.687536 0.0122704 0.0825001)
(0.662893 0.0401425 0.0825)
(0.687685 0.0378177 0.0825)
(0.66257 0.0126374 0.0875075)
(0.687535 0.0122683 0.0875016)
(0.662891 0.0401234 0.0875)
(0.687685 0.0378171 0.0875)
(0.737537 0.012325 0.0825001)
(0.712453 0.0354088 0.0825)
(0.736144 0.033026 0.0825)
(0.712499 0.0119145 0.0875005)
(0.737536 0.0123225 0.087502)
(0.712453 0.0354088 0.0875)
(0.736144 0.033026 0.0875)
(0.787725 0.0142403 0.0825001)
(0.762771 0.0146825 0.0875067)
(0.787724 0.0142348 0.0875029)
(0.837482 0.0119767 0.0825)
(0.812581 0.0129255 0.0875005)
(0.837481 0.0119747 0.0875015)
(0.85971 0.0193509 0.0875)
(0.23755 0.0590454 0.0825)
(0.212772 0.0580355 0.0875)
(0.23755 0.0590454 0.0875)
(0.287505 0.0599546 0.0825)
(0.262519 0.0596617 0.0875)
(0.287505 0.0599546 0.0875)
(0.337483 0.05969 0.0825)
(0.312495 0.059955 0.0875)
(0.337483 0.05969 0.0875)
(0.387425 0.0584597 0.0825)
(0.362461 0.0591842 0.0875)
(0.387425 0.0584597 0.0875)
(0.41225 0.0575416 0.0875)
(0.0371345 0.0124361 0.0935867)
(0.0370167 0.0123925 0.098101)
(0.0873812 0.011841 0.0925245)
(0.0618682 0.0385428 0.0925)
(0.0841832 0.0437852 0.0925)
(0.0623892 0.0118242 0.0976603)
(0.0874607 0.0117458 0.0976373)
(0.0625395 0.036005 0.099375)
(0.0848801 0.0398692 0.0993747)
(0.137465 0.0115976 0.0925261)
(0.112357 0.0382957 0.0925203)
(0.137171 0.0401777 0.0925915)
(0.112484 0.0116355 0.0975259)
(0.137485 0.0116849 0.0975571)
(0.112433 0.0378642 0.0976221)
(0.137435 0.0379623 0.0983024)
(0.187481 0.0115631 0.0925475)
(0.16218 0.0410534 0.0929756)
(0.187297 0.040071 0.0927332)
(0.16249 0.0116827 0.0976119)
(0.187495 0.0116548 0.0975743)
(0.162471 0.037732 0.0987174)
(0.187476 0.03772 0.098442)
(0.237503 0.0112759 0.0925025)
(0.212519 0.0365781 0.0925957)
(0.237532 0.0361813 0.0925169)
(0.212501 0.0115721 0.0975219)
(0.237503 0.0115538 0.0975035)
(0.212511 0.0369584 0.0979196)
(0.237524 0.0365014 0.097537)
(0.287502 0.0113548 0.0925)
(0.262516 0.0364527 0.0925016)
(0.287505 0.0366339 0.0925001)
(0.262502 0.011584 0.0975003)
(0.287501 0.0116161 0.0975)
(0.262512 0.0366842 0.0975023)
(0.287504 0.0368203 0.0975001)
(0.3375 0.0113997 0.0925002)
(0.312497 0.0366449 0.0925001)
(0.337488 0.0364966 0.0925014)
(0.312501 0.0116393 0.0975)
(0.3375 0.011654 0.0975003)
(0.312498 0.0368287 0.0975001)
(0.33749 0.0367187 0.0975021)
(0.387499 0.0114268 0.0925073)
(0.362474 0.0362259 0.0925139)
(0.387459 0.035977 0.0925721)
(0.3625 0.0116662 0.0975027)
(0.387499 0.011695 0.0975137)
(0.362481 0.0365536 0.0975324)
(0.387482 0.0367591 0.0978564)
(0.437514 0.0118354 0.0925521)
(0.412474 0.0364286 0.0926259)
(0.437642 0.0400809 0.0927466)
(0.412501 0.0117564 0.0975278)
(0.437505 0.0118757 0.0975783)
(0.412491 0.0370524 0.0980236)
(0.437517 0.0377319 0.0984527)
(0.487525 0.0120514 0.0925908)
(0.462707 0.0413228 0.0931041)
(0.487698 0.0407944 0.0930122)
(0.462506 0.0119288 0.0976394)
(0.487507 0.0119679 0.0976251)
(0.462513 0.0376723 0.0988206)
(0.487517 0.0377311 0.0987489)
(0.537514 0.0118975 0.0925084)
(0.512695 0.040318 0.0926074)
(0.537619 0.0390731 0.0925248)
(0.512509 0.0120113 0.0975695)
(0.537509 0.0120118 0.0975197)
(0.512533 0.0379319 0.0984042)
(0.537576 0.0384901 0.0976577)
(0.587493 0.0116575 0.0925097)
(0.562511 0.0375724 0.0925043)
(0.587396 0.0361276 0.0925247)
(0.562501 0.0119353 0.0975036)
(0.587495 0.011877 0.097523)
(0.562505 0.0375115 0.0975108)
(0.587425 0.0365208 0.0976667)
(0.637558 0.012504 0.0926401)
(0.612466 0.037037 0.0925592)
(0.638651 0.0417253 0.0925)
(0.612503 0.0120082 0.0976095)
(0.63751 0.0121418 0.0977673)
(0.612493 0.037389 0.0985922)
(0.638251 0.0369943 0.0993746)
(0.687533 0.0122522 0.0925127)
(0.662853 0.0397078 0.0925)
(0.687679 0.0377634 0.0925)
(0.662517 0.0122321 0.0977036)
(0.687519 0.0122591 0.0975423)
(0.6625 0.036 0.0993751)
(0.68763 0.0373641 0.0975002)
(0.737531 0.0122874 0.0925283)
(0.712453 0.0354088 0.0925)
(0.736144 0.0330348 0.0925)
(0.712496 0.0120442 0.0975096)
(0.737496 0.0121062 0.0976588)
(0.712442 0.0354111 0.0975002)
(0.73615 0.0331045 0.0975012)
(0.787704 0.0140624 0.0925732)
(0.762508 0.0123853 0.0982663)
(0.78752 0.012515 0.098173)
(0.837474 0.0119187 0.0925425)
(0.812549 0.0127311 0.0975893)
(0.837447 0.0117827 0.0976083)
(0.858955 0.0125 0.0993756)
(0.192168 0.0569408 0.0975011)
(0.23755 0.0590505 0.0925)
(0.212626 0.060896 0.0993751)
(0.237552 0.0591036 0.0975002)
(0.287505 0.0599546 0.0925)
(0.262521 0.0596618 0.0975002)
(0.287505 0.0599546 0.0975002)
(0.337483 0.05969 0.0925)
(0.312495 0.059955 0.0975002)
(0.337481 0.0596901 0.0975002)
(0.387427 0.0585351 0.0925)
(0.362459 0.0592383 0.0975002)
(0.3875 0.061 0.0993751)
(0.412374 0.060896 0.0993751)
(0.432836 0.0567196 0.0975011)
(0.0502168 0.0136254 4.95348e-05)
(0.0501644 0.000190024 0.00276389)
(0.100006 0.0137889 4.67697e-06)
(0.100003 0.000128129 0.00275957)
(0.15 0.0137978 1.46803e-09)
(0.150003 0.000189004 0.00275957)
(0.2 0.0137978 4.57323e-07)
(0.200003 0.000252004 0.00275957)
(0.25 0.0137978 0)
(0.250003 0.000315004 0.00275957)
(0.3 0.0137978 0)
(0.300003 0.000378004 0.00275957)
(0.35 0.0137978 0)
(0.350003 0.000441003 0.00275957)
(0.4 0.0137978 1.29958e-08)
(0.400003 0.000504003 0.00275957)
(0.45 0.0137978 1.35029e-07)
(0.450003 0.000567003 0.00275957)
(0.5 0.0137978 0)
(0.500002 0.000630003 0.00275957)
(0.55 0.0137978 0)
(0.550002 0.000693003 0.00275957)
(0.599999 0.0137973 1.17977e-06)
(0.600002 0.000756364 0.00275957)
(0.649994 0.0136785 2.41689e-07)
(0.650002 0.000819054 0.00275957)
(0.7 0.0136702 3.78321e-09)
(0.700002 0.000882003 0.00275957)
(0.749853 0.0133895 5.56897e-05)
(0.750002 0.000963501 0.00275997)
(0.7875 0.0057468 1.00138e-07)
(0.8125 0.0057468 0)
(0.8 0.0125 0)
(0.800002 0.001008 0.00276035)
(0.837316 0.00579325 0)
(0.848369 0.0125 0)
(0.848465 0.00106907 0.00279223)
(0.051268 0.0310921 7.32715e-05)
(0.100445 0.0359676 0.00015153)
(0.112632 0.0440525 5.19823e-05)
(0.101308 0.0469532 0.00278703)
(0.15 0.0362022 2.01016e-07)
(0.15 0.0473886 2.03254e-06)
(0.200058 0.0373209 2.30566e-05)
(0.18825 0.0482498 0.000459834)
(0.21256 0.0486687 2.72302e-05)
(0.201233 0.0560928 0.000242514)
(0.200009 0.0497956 0.00205143)
(0.25 0.0373723 0)
(0.2375 0.0487022 5.3121e-08)
(0.2625 0.0487022 0)
(0.25 0.0566153 0)
(0.250005 0.0497871 0.00213386)
(0.3 0.0373723 0)
(0.2875 0.0487022 0)
(0.3125 0.0487022 0)
(0.3 0.0566153 0)
(0.3 0.0499332 0.00213394)
(0.35 0.0373723 0)
(0.3375 0.0487022 0)
(0.3625 0.0487022 0)
(0.35 0.0566153 0)
(0.349996 0.0498077 0.00213394)
(0.4 0.0373723 7.16074e-07)
(0.3875 0.0487022 5.3121e-08)
(0.41244 0.0486687 2.72302e-05)
(0.4 0.0566153 7.55757e-06)
(0.399982 0.0494961 0.00213262)
(0.449881 0.0365515 1.19653e-05)
(0.43675 0.0482498 0.000459834)
(0.450436 0.0483894 0.000201615)
(0.5 0.0362022 0)
(0.5 0.0473886 0)
(0.55 0.0362022 0)
(0.5625 0.0441153 0)
(0.550154 0.0494996 0.00275957)
(0.59994 0.0361687 2.71844e-05)
(0.5875 0.0441153 7.5514e-06)
(0.611342 0.0444722 0.0012484)
(0.59972 0.0456911 0.00276306)
(0.7 0.0316153 4.15836e-08)
(0.0501297 0.000138557 0.0075)
(0.0388043 0.000506625 0.01)
(0.0625019 8.64954e-05 0.01)
(0.0494724 0.0121335 0.00949415)
(0.0501297 0.000100323 0.0125)
(0.100002 0.000126171 0.0075)
(0.0875019 0.0001103 0.01)
(0.112502 0.000141756 0.01)
(0.0999256 0.0117553 0.00996306)
(0.100002 0.000126002 0.0125)
(0.150002 0.000189002 0.0075)
(0.137502 0.000173252 0.01)
(0.162502 0.000204752 0.01)
(0.149954 0.0118799 0.00992916)
(0.150002 0.000189002 0.0125)
(0.200002 0.000252002 0.0075)
(0.187502 0.000236252 0.01)
(0.212502 0.000267752 0.01)
(0.19999 0.0115733 0.00995579)
(0.200002 0.000252002 0.0125)
(0.250002 0.000315002 0.0075)
(0.237502 0.000299252 0.01)
(0.262502 0.000330752 0.01)
(0.250003 0.0114132 0.00996537)
(0.250002 0.000315002 0.0125)
(0.300002 0.000378002 0.0075)
(0.287502 0.000362252 0.01)
(0.312502 0.000393752 0.01)
(0.300001 0.0114882 0.00996549)
(0.300002 0.000378002 0.0125)
(0.350001 0.000441002 0.0075)
(0.337501 0.000425252 0.01)
(0.362501 0.000456752 0.01)
(0.349999 0.0115109 0.00996548)
(0.350001 0.000441002 0.0125)
(0.400001 0.000504002 0.0075)
(0.387501 0.000488252 0.01)
(0.412501 0.000519752 0.01)
(0.399998 0.0115448 0.00996412)
(0.400001 0.000504002 0.0125)
(0.450001 0.000567002 0.0075)
(0.437501 0.000551252 0.01)
(0.462501 0.000582752 0.01)
(0.450028 0.0121947 0.00992831)
(0.450001 0.000567002 0.0125)
(0.500001 0.000630002 0.0075)
(0.487501 0.000614252 0.01)
(0.512501 0.000645752 0.01)
(0.500031 0.0122272 0.00994288)
(0.500001 0.000630002 0.0125)
(0.550001 0.000693001 0.0075)
(0.537501 0.000677252 0.01)
(0.562501 0.000708751 0.01)
(0.55001 0.011917 0.00996553)
(0.550001 0.000693001 0.0125)
(0.600001 0.000756017 0.0075)
(0.587501 0.000740251 0.01)
(0.612501 0.000771772 0.01)
(0.599995 0.0117667 0.00996358)
(0.600001 0.000756001 0.0125)
(0.650001 0.000819003 0.0075)
(0.637501 0.000803255 0.01)
(0.662501 0.000834751 0.01)
(0.650088 0.0128937 0.00991888)
(0.650001 0.000819001 0.0125)
(0.700001 0.000882001 0.0075)
(0.687501 0.000866251 0.01)
(0.712501 0.000897754 0.01)
(0.700018 0.0121505 0.00997186)
(0.700001 0.000882001 0.0125)
(0.750001 0.000946228 0.0075)
(0.737501 0.000929558 0.01)
(0.762501 0.00096082 0.01)
(0.750162 0.0136383 0.00996005)
(0.750001 0.000945001 0.0125)
(0.800001 0.001008 0.0075)
(0.787501 0.000992251 0.01)
(0.812501 0.00102375 0.01)
(0.800151 0.013563 0.00997846)
(0.800001 0.001008 0.0125)
(0.8487 0.00106936 0.0075)
(0.837373 0.00105509 0.01)
(0.85651 0.0010792 0.01)
(0.850196 0.0136504 0.00996889)
(0.8487 0.00106936 0.0125)
(0.0509353 0.0357488 0.01)
(0.101236 0.0470074 0.0075)
(0.0997773 0.0385516 0.00997285)
(0.112554 0.0487928 0.01)
(0.101239 0.0469921 0.0125)
(0.149498 0.0533615 0.0075)
(0.149649 0.0408448 0.00984202)
(0.137066 0.0520092 0.01)
(0.161908 0.0545711 0.01)
(0.149498 0.0533621 0.0125)
(0.199989 0.0498346 0.00741266)
(0.199948 0.0377959 0.00990893)
(0.184674 0.0562897 0.01)
(0.21257 0.0484289 0.00996287)
(0.201292 0.0574464 0.01)
(0.199986 0.0498106 0.0124903)
(0.250026 0.0489503 0.00741162)
(0.250017 0.036613 0.0099327)
(0.237542 0.0485333 0.00996492)
(0.262518 0.0489732 0.00996545)
(0.250041 0.0593857 0.01)
(0.250033 0.0486771 0.0124886)
(0.300002 0.0493647 0.00741187)
(0.300001 0.0368685 0.00993306)
(0.287505 0.0492049 0.00996548)
(0.312496 0.0492096 0.00996549)
(0.300004 0.0600157 0.01)
(0.300002 0.049184 0.0124887)
(0.349979 0.0490092 0.00741186)
(0.349987 0.0366591 0.00993304)
(0.337485 0.0490066 0.00996548)
(0.362467 0.0486205 0.00996545)
(0.349967 0.0594717 0.01)
(0.349974 0.0487479 0.0124887)
(0.399935 0.0481945 0.00740874)
(0.399967 0.0363324 0.00992899)
(0.387441 0.0481106 0.00996492)
(0.412432 0.0480851 0.00996285)
(0.39989 0.0580158 0.01)
(0.39992 0.0477608 0.0124881)
(0.451043 0.0556417 0.0075)
(0.450211 0.0414146 0.00983303)
(0.440258 0.0562171 0.01)
(0.462925 0.0551183 0.01)
(0.451048 0.0557351 0.0125)
(0.500285 0.0529063 0.0075)
(0.50021 0.0407386 0.00990351)
(0.487806 0.0536931 0.01)
(0.512754 0.0521161 0.01)
(0.500285 0.0529063 0.0125)
(0.550082 0.0495049 0.0075)
(0.550062 0.0382401 0.00996207)
(0.537648 0.0504118 0.01)
(0.562516 0.0485881 0.01)
(0.550082 0.0495049 0.0125)
(0.599661 0.0456645 0.0075)
(0.599885 0.0359901 0.00996626)
(0.587359 0.0466535 0.01)
(0.611108 0.0447307 0.01)
(0.59966 0.045651 0.0125)
(0.650552 0.0412672 0.01)
(0.700073 0.0366314 0.01)
(0.0501298 6.92997e-05 0.0175)
(0.0388049 4.88942e-05 0.02)
(0.0625019 7.87524e-05 0.02)
(0.0490136 0.0123924 0.0199985)
(0.0501298 6.31635e-05 0.0225)
(0.100002 0.000126002 0.0175)
(0.0875019 0.000110252 0.02)
(0.112502 0.000141752 0.02)
(0.0999307 0.0115986 0.0199998)
(0.100002 0.000126002 0.0225)
(0.150002 0.000189002 0.0175)
(0.137502 0.000173252 0.02)
(0.162502 0.000204752 0.02)
(0.149955 0.0117454 0.0199995)
(0.150002 0.000189002 0.0225)
(0.200002 0.000252002 0.0175)
(0.187502 0.000236252 0.02)
(0.212502 0.000267752 0.02)
(0.199989 0.0114479 0.0199996)
(0.200002 0.000252002 0.0225)
(0.250002 0.000315002 0.0175)
(0.237502 0.000299252 0.02)
(0.262502 0.000330752 0.02)
(0.250003 0.0112838 0.0199998)
(0.250002 0.000315002 0.0225)
(0.300002 0.000378002 0.0175)
(0.287502 0.000362252 0.02)
(0.312502 0.000393752 0.02)
(0.300001 0.0113642 0.0199998)
(0.300002 0.000378002 0.0225)
(0.350001 0.000441002 0.0175)
(0.337501 0.000425252 0.02)
(0.362501 0.000456752 0.02)
(0.35 0.0113944 0.0199998)
(0.350001 0.000441002 0.0225)
(0.400001 0.000504002 0.0175)
(0.387501 0.000488252 0.02)
(0.412501 0.000519752 0.02)
(0.399999 0.0114409 0.0199997)
(0.400001 0.000504002 0.0225)
(0.450001 0.000567002 0.0175)
(0.437501 0.000551252 0.02)
(0.462501 0.000582752 0.02)
(0.450028 0.0121043 0.0199994)
(0.450001 0.000567002 0.0225)
(0.500001 0.000630002 0.0175)
(0.487501 0.000614252 0.02)
(0.512501 0.000645752 0.02)
(0.50003 0.0121213 0.0199996)
(0.500001 0.000630002 0.0225)
(0.550001 0.000693001 0.0175)
(0.537501 0.000677252 0.02)
(0.562501 0.000708751 0.02)
(0.550009 0.0118235 0.0199998)
(0.550001 0.000693001 0.0225)
(0.600001 0.000756001 0.0175)
(0.587501 0.000740251 0.02)
(0.612501 0.000771751 0.02)
(0.599997 0.0117107 0.0199998)
(0.600001 0.000756001 0.0225)
(0.650001 0.000819001 0.0175)
(0.637501 0.000803251 0.02)
(0.662501 0.000834751 0.02)
(0.650081 0.0127524 0.0199997)
(0.650001 0.000819001 0.0225)
(0.700001 0.000882001 0.0175)
(0.687501 0.000866251 0.02)
(0.712501 0.000897751 0.02)
(0.700016 0.0120733 0.0199999)
(0.700001 0.000882001 0.0225)
(0.750001 0.000945001 0.0175)
(0.737501 0.000929251 0.02)
(0.762501 0.000960751 0.02)
(0.75017 0.0137039 0.0199999)
(0.750001 0.000945001 0.0225)
(0.800001 0.001008 0.0175)
(0.787501 0.000992251 0.02)
(0.812501 0.00102375 0.02)
(0.800154 0.0135953 0.02)
(0.800001 0.001008 0.0225)
(0.8487 0.00106936 0.0175)
(0.837373 0.00105509 0.02)
(0.85651 0.0010792 0.02)
(0.850204 0.0137145 0.02)
(0.8487 0.00106936 0.0225)
(0.0509294 0.0357686 0.02)
(0.101239 0.0469921 0.0175)
(0.09976 0.0386664 0.0199999)
(0.112554 0.0487935 0.02)
(0.101239 0.0469921 0.0225)
(0.149498 0.0533621 0.0175)
(0.149587 0.0414957 0.0199993)
(0.137066 0.0520092 0.02)
(0.161908 0.0545738 0.02)
(0.149498 0.0533621 0.0225)
(0.199986 0.049795 0.0174992)
(0.199925 0.0380236 0.0199991)
(0.184669 0.0563667 0.02)
(0.212578 0.0482399 0.0199997)
(0.201293 0.0574235 0.02)
(0.199986 0.0498018 0.0225)
(0.250035 0.0486118 0.017499)
(0.250022 0.0363462 0.0199992)
(0.237548 0.0483312 0.0199998)
(0.26252 0.0488298 0.0199998)
(0.250041 0.0593857 0.02)
(0.250036 0.048589 0.0224999)
(0.300002 0.0491446 0.017499)
(0.300001 0.0366737 0.0199992)
(0.287506 0.0490934 0.0199998)
(0.312496 0.0490985 0.0199998)
(0.300004 0.0600157 0.02)
(0.300002 0.0491307 0.0224999)
(0.349972 0.0486855 0.017499)
(0.349982 0.0364029 0.0199992)
(0.337483 0.0488669 0.0199998)
(0.362463 0.0484269 0.0199998)
(0.349967 0.0594717 0.02)
(0.349972 0.0486637 0.0224999)
(0.399916 0.0476518 0.017499)
(0.399958 0.0360086 0.0199991)
(0.387433 0.0478483 0.0199998)
(0.412423 0.0478507 0.0199997)
(0.39989 0.0580155 0.02)
(0.399915 0.0476165 0.0224999)
(0.451048 0.0557351 0.0175)
(0.450257 0.0423055 0.0199992)
(0.440261 0.0562926 0.02)
(0.462925 0.0551212 0.02)
(0.451048 0.0557351 0.0225)
(0.500285 0.0529063 0.0175)
(0.500243 0.0412796 0.0199995)
(0.487806 0.0536931 0.02)
(0.512754 0.0521161 0.02)
(0.500285 0.0529063 0.0225)
(0.550082 0.0495049 0.0175)
(0.550069 0.038362 0.0199998)
(0.537648 0.0504118 0.02)
(0.562516 0.0485881 0.02)
(0.550082 0.0495049 0.0225)
(0.59966 0.045651 0.0175)
(0.59987 0.0358252 0.0199998)
(0.587359 0.0466533 0.02)
(0.611106 0.0447059 0.02)
(0.59966 0.045651 0.0225)
(0.650552 0.0412694 0.02)
(0.700073 0.0366314 0.02)
(0.0501298 6.31635e-05 0.0275)
(0.0388049 4.88942e-05 0.03)
(0.0625019 7.87524e-05 0.03)
(0.0490123 0.0123935 0.03)
(0.0501298 6.31635e-05 0.0325)
(0.100002 0.000126002 0.0275)
(0.0875019 0.000110252 0.03)
(0.112502 0.000141752 0.03)
(0.0999298 0.0115998 0.03)
(0.100002 0.000126002 0.0325)
(0.150002 0.000189002 0.0275)
(0.137502 0.000173252 0.03)
(0.162502 0.000204752 0.03)
(0.149953 0.0117532 0.03)
(0.150002 0.000189002 0.0325)
(0.200002 0.000252002 0.0275)
(0.187502 0.000236252 0.03)
(0.212502 0.000267752 0.03)
(0.199989 0.0114343 0.03)
(0.200002 0.000252002 0.0325)
(0.250002 0.000315002 0.0275)
(0.237502 0.000299252 0.03)
(0.262502 0.000330752 0.03)
(0.250003 0.0112674 0.03)
(0.250002 0.000315002 0.0325)
(0.300002 0.000378002 0.0275)
(0.287502 0.000362252 0.03)
(0.312502 0.000393752 0.03)
(0.300001 0.0113474 0.03)
(0.300002 0.000378002 0.0325)
(0.350001 0.000441002 0.0275)
(0.337501 0.000425252 0.03)
(0.362501 0.000456752 0.03)
(0.35 0.01138 0.03)
(0.350001 0.000441002 0.0325)
(0.400001 0.000504002 0.0275)
(0.387501 0.000488252 0.03)
(0.412501 0.000519752 0.03)
(0.399999 0.0114289 0.03)
(0.400001 0.000504002 0.0325)
(0.450001 0.000567002 0.0275)
(0.437501 0.000551252 0.03)
(0.462501 0.000582752 0.03)
(0.450029 0.0121135 0.03)
(0.450001 0.000567002 0.0325)
(0.500001 0.000630002 0.0275)
(0.487501 0.000614252 0.03)
(0.512501 0.000645752 0.03)
(0.500031 0.012129 0.03)
(0.500001 0.000630002 0.0325)
(0.550001 0.000693001 0.0275)
(0.537501 0.000677252 0.03)
(0.562501 0.000708751 0.03)
(0.550009 0.011823 0.03)
(0.550001 0.000693001 0.0325)
(0.600001 0.000756001 0.0275)
(0.587501 0.000740251 0.03)
(0.612501 0.000771751 0.03)
(0.599996 0.011703 0.03)
(0.600001 0.000756001 0.0325)
(0.650001 0.000819001 0.0275)
(0.637501 0.000803251 0.03)
(0.662501 0.000834751 0.03)
(0.650081 0.0127529 0.03)
(0.650001 0.000819001 0.0325)
(0.700001 0.000882001 0.0275)
(0.687501 0.000866251 0.03)
(0.712501 0.000897751 0.03)
(0.700016 0.0120732 0.03)
(0.700001 0.000882001 0.0325)
(0.750001 0.000945001 0.0275)
(0.737501 0.000929251 0.03)
(0.762501 0.000960751 0.03)
(0.75017 0.0137039 0.03)
(0.750001 0.000945001 0.0325)
(0.800001 0.001008 0.0275)
(0.787501 0.000992251 0.03)
(0.812501 0.00102375 0.03)
(0.800154 0.0135954 0.03)
(0.800001 0.001008 0.0325)
(0.8487 0.00106936 0.0275)
(0.837373 0.00105509 0.03)
(0.85651 0.0010792 0.03)
(0.850204 0.0137145 0.03)
(0.8487 0.00106936 0.0325)
(0.0509294 0.0357686 0.03)
(0.101239 0.0469921 0.0275)
(0.0997592 0.038669 0.03)
(0.112554 0.0487935 0.03)
(0.101239 0.0469921 0.0325)
(0.149498 0.0533621 0.0275)
(0.149585 0.0415102 0.03)
(0.137066 0.0520092 0.03)
(0.161908 0.0545738 0.03)
(0.149498 0.0533621 0.0325)
(0.199985 0.0498042 0.0275)
(0.19992 0.0380937 0.03)
(0.184669 0.0563667 0.03)
(0.212579 0.0482243 0.03)
(0.201293 0.0574235 0.03)
(0.199985 0.049804 0.0325)
(0.250036 0.0485791 0.0275)
(0.250025 0.0362683 0.03)
(0.237549 0.0483069 0.03)
(0.262521 0.0488128 0.03)
(0.250041 0.0593857 0.03)
(0.250036 0.0485774 0.0325)
(0.300002 0.0491255 0.0275)
(0.300002 0.0366338 0.03)
(0.287506 0.0490811 0.03)
(0.312495 0.0490863 0.03)
(0.300004 0.0600157 0.03)
(0.300002 0.0491244 0.0325)
(0.349971 0.048654 0.0275)
(0.34998 0.0363283 0.03)
(0.337482 0.0488504 0.03)
(0.362462 0.0484024 0.03)
(0.349967 0.0594717 0.03)
(0.349971 0.0486524 0.0325)
(0.399914 0.0476002 0.0275)
(0.399953 0.0358649 0.03)
(0.387431 0.0478152 0.03)
(0.412422 0.0478287 0.03)
(0.39989 0.0580155 0.03)
(0.399914 0.047598 0.0325)
(0.451048 0.0557351 0.0275)
(0.450258 0.0423296 0.03)
(0.440261 0.0562926 0.03)
(0.462925 0.0551212 0.03)
(0.451048 0.0557351 0.0325)
(0.500285 0.0529063 0.0275)
(0.500244 0.0412928 0.03)
(0.487806 0.0536931 0.03)
(0.512754 0.0521161 0.03)
(0.500285 0.0529063 0.0325)
(0.550082 0.0495049 0.0275)
(0.55007 0.0383635 0.03)
(0.537648 0.0504118 0.03)
(0.562516 0.0485881 0.03)
(0.550082 0.0495049 0.0325)
(0.59966 0.045651 0.0275)
(0.59987 0.0358172 0.03)
(0.587359 0.0466533 0.03)
(0.611106 0.0447059 0.03)
(0.59966 0.045651 0.0325)
(0.650552 0.0412694 0.03)
(0.700073 0.0366314 0.03)
(0.0501298 6.31635e-05 0.0375)
(0.0388049 4.88942e-05 0.04)
(0.0625019 7.87524e-05 0.04)
(0.0490123 0.0123935 0.04)
(0.0501298 6.31635e-05 0.0425)
(0.100002 0.000126002 0.0375)
(0.0875019 0.000110252 0.04)
(0.112502 0.000141752 0.04)
(0.0999298 0.0115999 0.04)
(0.100002 0.000126002 0.0425)
(0.150002 0.000189002 0.0375)
(0.137502 0.000173252 0.04)
(0.162502 0.000204752 0.04)
(0.149953 0.0117534 0.04)
(0.150002 0.000189002 0.0425)
(0.200002 0.000252002 0.0375)
(0.187502 0.000236252 0.04)
(0.212502 0.000267752 0.04)
(0.199989 0.0114341 0.04)
(0.200002 0.000252002 0.0425)
(0.250002 0.000315002 0.0375)
(0.237502 0.000299252 0.04)
(0.262502 0.000330752 0.04)
(0.250003 0.0112668 0.04)
(0.250002 0.000315002 0.0425)
(0.300002 0.000378002 0.0375)
(0.287502 0.000362252 0.04)
(0.312502 0.000393752 0.04)
(0.300001 0.0113469 0.04)
(0.300002 0.000378002 0.0425)
(0.350001 0.000441002 0.0375)
(0.337501 0.000425252 0.04)
(0.362501 0.000456752 0.04)
(0.35 0.0113795 0.04)
(0.350001 0.000441002 0.0425)
(0.400001 0.000504002 0.0375)
(0.387501 0.000488252 0.04)
(0.412501 0.000519752 0.04)
(0.399999 0.0114285 0.04)
(0.400001 0.000504002 0.0425)
(0.450001 0.000567002 0.0375)
(0.437501 0.000551252 0.04)
(0.462501 0.000582752 0.04)
(0.450029 0.0121137 0.04)
(0.450001 0.000567002 0.0425)
(0.500001 0.000630002 0.0375)
(0.487501 0.000614252 0.04)
(0.512501 0.000645752 0.04)
(0.500031 0.0121292 0.04)
(0.500001 0.000630002 0.0425)
(0.550001 0.000693001 0.0375)
(0.537501 0.000677252 0.04)
(0.562501 0.000708751 0.04)
(0.550009 0.011823 0.04)
(0.550001 0.000693001 0.0425)
(0.600001 0.000756001 0.0375)
(0.587501 0.000740251 0.04)
(0.612501 0.000771751 0.04)
(0.599996 0.0117029 0.04)
(0.600001 0.000756001 0.0425)
(0.650001 0.000819001 0.0375)
(0.637501 0.000803251 0.04)
(0.662501 0.000834751 0.04)
(0.650081 0.0127529 0.04)
(0.650001 0.000819001 0.0425)
(0.700001 0.000882001 0.0375)
(0.687501 0.000866251 0.04)
(0.712501 0.000897751 0.04)
(0.700016 0.0120732 0.04)
(0.700001 0.000882001 0.0425)
(0.750001 0.000945001 0.0375)
(0.737501 0.000929251 0.04)
(0.762501 0.000960751 0.04)
(0.75017 0.0137039 0.04)
(0.750001 0.000945001 0.0425)
(0.800001 0.001008 0.0375)
(0.787501 0.000992251 0.04)
(0.812501 0.00102375 0.04)
(0.800154 0.0135954 0.04)
(0.800001 0.001008 0.0425)
(0.8487 0.00106936 0.0375)
(0.837373 0.00105509 0.04)
(0.85651 0.0010792 0.04)
(0.850204 0.0137145 0.04)
(0.8487 0.00106936 0.0425)
(0.0509294 0.0357686 0.04)
(0.101239 0.0469921 0.0375)
(0.0997592 0.0386691 0.04)
(0.112554 0.0487935 0.04)
(0.101239 0.0469921 0.0425)
(0.149498 0.0533621 0.0375)
(0.149585 0.0415104 0.04)
(0.137066 0.0520092 0.04)
(0.161908 0.0545738 0.04)
(0.149498 0.0533621 0.0425)
(0.199985 0.049804 0.0375)
(0.19992 0.0380934 0.04)
(0.184669 0.0563667 0.04)
(0.212579 0.0482239 0.04)
(0.201293 0.0574235 0.04)
(0.199985 0.049804 0.0425)
(0.250036 0.0485773 0.0375)
(0.250025 0.0362665 0.04)
(0.237549 0.0483062 0.04)
(0.262521 0.0488123 0.04)
(0.250041 0.0593857 0.04)
(0.250036 0.0485773 0.0425)
(0.300002 0.0491243 0.0375)
(0.300002 0.0366326 0.04)
(0.287506 0.0490807 0.04)
(0.312495 0.0490858 0.04)
(0.300004 0.0600157 0.04)
(0.300002 0.0491243 0.0425)
(0.349971 0.0486522 0.0375)
(0.34998 0.0363266 0.04)
(0.337482 0.0488499 0.04)
(0.362462 0.0484017 0.04)
(0.349967 0.0594717 0.04)
(0.349971 0.0486522 0.0425)
(0.399914 0.0475978 0.0375)
(0.399953 0.0358629 0.04)
(0.387431 0.0478143 0.04)
(0.412422 0.0478283 0.04)
(0.39989 0.0580155 0.04)
(0.399914 0.0475978 0.0425)
(0.451048 0.0557351 0.0375)
(0.450258 0.0423299 0.04)
(0.440261 0.0562926 0.04)
(0.462925 0.0551212 0.04)
(0.451048 0.0557351 0.0425)
(0.500285 0.0529063 0.0375)
(0.500244 0.0412931 0.04)
(0.487806 0.0536931 0.04)
(0.512754 0.0521161 0.04)
(0.500285 0.0529063 0.0425)
(0.550082 0.0495049 0.0375)
(0.55007 0.0383635 0.04)
(0.537648 0.0504118 0.04)
(0.562516 0.0485881 0.04)
(0.550082 0.0495049 0.0425)
(0.59966 0.045651 0.0375)
(0.59987 0.0358172 0.04)
(0.587359 0.0466533 0.04)
(0.611106 0.0447059 0.04)
(0.59966 0.045651 0.0425)
(0.650552 0.0412694 0.04)
(0.700073 0.0366314 0.04)
(0.0501298 6.31635e-05 0.0475)
(0.0388049 4.88942e-05 0.05)
(0.0625019 7.87524e-05 0.05)
(0.0490123 0.0123935 0.05)
(0.0501298 6.31635e-05 0.0525)
(0.100002 0.000126002 0.0475)
(0.0875019 0.000110252 0.05)
(0.112502 0.000141752 0.05)
(0.0999298 0.0115999 0.05)
(0.100002 0.000126002 0.0525)
(0.150002 0.000189002 0.0475)
(0.137502 0.000173252 0.05)
(0.162502 0.000204752 0.05)
(0.149953 0.0117534 0.05)
(0.150002 0.000189002 0.0525)
(0.200002 0.000252002 0.0475)
(0.187502 0.000236252 0.05)
(0.212502 0.000267752 0.05)
(0.199989 0.0114341 0.05)
(0.200002 0.000252002 0.0525)
(0.250002 0.000315002 0.0475)
(0.237502 0.000299252 0.05)
(0.262502 0.000330752 0.05)
(0.250003 0.0112668 0.05)
(0.250002 0.000315002 0.0525)
(0.300002 0.000378002 0.0475)
(0.287502 0.000362252 0.05)
(0.312502 0.000393752 0.05)
(0.300001 0.0113469 0.05)
(0.300002 0.000378002 0.0525)
(0.350001 0.000441002 0.0475)
(0.337501 0.000425252 0.05)
(0.362501 0.000456752 0.05)
(0.35 0.0113795 0.05)
(0.350001 0.000441002 0.0525)
(0.400001 0.000504002 0.0475)
(0.387501 0.000488252 0.05)
(0.412501 0.000519752 0.05)
(0.399999 0.0114285 0.05)
(0.400001 0.000504002 0.0525)
(0.450001 0.000567002 0.0475)
(0.437501 0.000551252 0.05)
(0.462501 0.000582752 0.05)
(0.450029 0.0121137 0.05)
(0.450001 0.000567002 0.0525)
(0.500001 0.000630002 0.0475)
(0.487501 0.000614252 0.05)
(0.512501 0.000645752 0.05)
(0.500031 0.0121292 0.05)
(0.500001 0.000630002 0.0525)
(0.550001 0.000693001 0.0475)
(0.537501 0.000677252 0.05)
(0.562501 0.000708751 0.05)
(0.550009 0.011823 0.05)
(0.550001 0.000693001 0.0525)
(0.600001 0.000756001 0.0475)
(0.587501 0.000740251 0.05)
(0.612501 0.000771751 0.05)
(0.599996 0.0117029 0.05)
(0.600001 0.000756001 0.0525)
(0.650001 0.000819001 0.0475)
(0.637501 0.000803251 0.05)
(0.662501 0.000834751 0.05)
(0.650081 0.0127529 0.05)
(0.650001 0.000819001 0.0525)
(0.700001 0.000882001 0.0475)
(0.687501 0.000866251 0.05)
(0.712501 0.000897751 0.05)
(0.700016 0.0120732 0.05)
(0.700001 0.000882001 0.0525)
(0.750001 0.000945001 0.0475)
(0.737501 0.000929251 0.05)
(0.762501 0.000960751 0.05)
(0.75017 0.0137039 0.05)
(0.750001 0.000945001 0.0525)
(0.800001 0.001008 0.0475)
(0.787501 0.000992251 0.05)
(0.812501 0.00102375 0.05)
(0.800154 0.0135954 0.05)
(0.800001 0.001008 0.0525)
(0.8487 0.00106936 0.0475)
(0.837373 0.00105509 0.05)
(0.85651 0.0010792 0.05)
(0.850204 0.0137145 0.05)
(0.8487 0.00106936 0.0525)
(0.0509294 0.0357686 0.05)
(0.101239 0.0469921 0.0475)
(0.0997592 0.0386691 0.05)
(0.112554 0.0487935 0.05)
(0.101239 0.0469921 0.0525)
(0.149498 0.0533621 0.0475)
(0.149585 0.0415104 0.05)
(0.137066 0.0520092 0.05)
(0.161908 0.0545738 0.05)
(0.149498 0.0533621 0.0525)
(0.199985 0.049804 0.0475)
(0.19992 0.0380934 0.05)
(0.184669 0.0563667 0.05)
(0.212579 0.0482239 0.05)
(0.201293 0.0574235 0.05)
(0.199985 0.049804 0.0525)
(0.250036 0.0485773 0.0475)
(0.250025 0.0362665 0.05)
(0.237549 0.0483062 0.05)
(0.262521 0.0488123 0.05)
(0.250041 0.0593857 0.05)
(0.250036 0.0485773 0.0525)
(0.300002 0.0491243 0.0475)
(0.300002 0.0366326 0.05)
(0.287506 0.0490807 0.05)
(0.312495 0.0490858 0.05)
(0.300004 0.0600157 0.05)
(0.300002 0.0491243 0.0525)
(0.349971 0.0486522 0.0475)
(0.34998 0.0363266 0.05)
(0.337482 0.0488499 0.05)
(0.362462 0.0484017 0.05)
(0.349967 0.0594717 0.05)
(0.349971 0.0486522 0.0525)
(0.399914 0.0475978 0.0475)
(0.399953 0.0358629 0.05)
(0.387431 0.0478143 0.05)
(0.412422 0.0478283 0.05)
(0.39989 0.0580155 0.05)
(0.399914 0.0475978 0.0525)
(0.451048 0.0557351 0.0475)
(0.450258 0.0423299 0.05)
(0.440261 0.0562926 0.05)
(0.462925 0.0551212 0.05)
(0.451048 0.0557351 0.0525)
(0.500285 0.0529063 0.0475)
(0.500244 0.0412931 0.05)
(0.487806 0.0536931 0.05)
(0.512754 0.0521161 0.05)
(0.500285 0.0529063 0.0525)
(0.550082 0.0495049 0.0475)
(0.55007 0.0383635 0.05)
(0.537648 0.0504118 0.05)
(0.562516 0.0485881 0.05)
(0.550082 0.0495049 0.0525)
(0.59966 0.045651 0.0475)
(0.59987 0.0358172 0.05)
(0.587359 0.0466533 0.05)
(0.611106 0.0447059 0.05)
(0.59966 0.045651 0.0525)
(0.650552 0.0412694 0.05)
(0.700073 0.0366314 0.05)
(0.0501298 6.31635e-05 0.0575)
(0.0388049 4.88942e-05 0.06)
(0.0625019 7.87524e-05 0.06)
(0.0490123 0.0123935 0.06)
(0.0501298 6.31635e-05 0.0625)
(0.100002 0.000126002 0.0575)
(0.0875019 0.000110252 0.06)
(0.112502 0.000141752 0.06)
(0.0999298 0.0115999 0.06)
(0.100002 0.000126002 0.0625)
(0.150002 0.000189002 0.0575)
(0.137502 0.000173252 0.06)
(0.162502 0.000204752 0.06)
(0.149953 0.0117534 0.06)
(0.150002 0.000189002 0.0625)
(0.200002 0.000252002 0.0575)
(0.187502 0.000236252 0.06)
(0.212502 0.000267752 0.06)
(0.199989 0.0114341 0.06)
(0.200002 0.000252002 0.0625)
(0.250002 0.000315002 0.0575)
(0.237502 0.000299252 0.06)
(0.262502 0.000330752 0.06)
(0.250003 0.0112668 0.06)
(0.250002 0.000315002 0.0625)
(0.300002 0.000378002 0.0575)
(0.287502 0.000362252 0.06)
(0.312502 0.000393752 0.06)
(0.300001 0.0113469 0.06)
(0.300002 0.000378002 0.0625)
(0.350001 0.000441002 0.0575)
(0.337501 0.000425252 0.06)
(0.362501 0.000456752 0.06)
(0.35 0.0113795 0.06)
(0.350001 0.000441002 0.0625)
(0.400001 0.000504002 0.0575)
(0.387501 0.000488252 0.06)
(0.412501 0.000519752 0.06)
(0.399999 0.0114285 0.06)
(0.400001 0.000504002 0.0625)
(0.450001 0.000567002 0.0575)
(0.437501 0.000551252 0.06)
(0.462501 0.000582752 0.06)
(0.450029 0.0121137 0.06)
(0.450001 0.000567002 0.0625)
(0.500001 0.000630002 0.0575)
(0.487501 0.000614252 0.06)
(0.512501 0.000645752 0.06)
(0.500031 0.0121292 0.06)
(0.500001 0.000630002 0.0625)
(0.550001 0.000693001 0.0575)
(0.537501 0.000677252 0.06)
(0.562501 0.000708751 0.06)
(0.550009 0.011823 0.06)
(0.550001 0.000693001 0.0625)
(0.600001 0.000756001 0.0575)
(0.587501 0.000740251 0.06)
(0.612501 0.000771751 0.06)
(0.599996 0.0117029 0.06)
(0.600001 0.000756001 0.0625)
(0.650001 0.000819001 0.0575)
(0.637501 0.000803251 0.06)
(0.662501 0.000834751 0.06)
(0.650081 0.0127529 0.06)
(0.650001 0.000819001 0.0625)
(0.700001 0.000882001 0.0575)
(0.687501 0.000866251 0.06)
(0.712501 0.000897751 0.06)
(0.700016 0.0120732 0.06)
(0.700001 0.000882001 0.0625)
(0.750001 0.000945001 0.0575)
(0.737501 0.000929251 0.06)
(0.762501 0.000960751 0.06)
(0.75017 0.0137039 0.06)
(0.750001 0.000945001 0.0625)
(0.800001 0.001008 0.0575)
(0.787501 0.000992251 0.06)
(0.812501 0.00102375 0.06)
(0.800154 0.0135954 0.06)
(0.800001 0.001008 0.0625)
(0.8487 0.00106936 0.0575)
(0.837373 0.00105509 0.06)
(0.85651 0.0010792 0.06)
(0.850204 0.0137145 0.06)
(0.8487 0.00106936 0.0625)
(0.0509294 0.0357686 0.06)
(0.101239 0.0469921 0.0575)
(0.0997592 0.0386691 0.06)
(0.112554 0.0487935 0.06)
(0.101239 0.0469921 0.0625)
(0.149498 0.0533621 0.0575)
(0.149585 0.0415104 0.06)
(0.137066 0.0520092 0.06)
(0.161908 0.0545738 0.06)
(0.149498 0.0533621 0.0625)
(0.199985 0.049804 0.0575)
(0.19992 0.0380934 0.06)
(0.184669 0.0563667 0.06)
(0.212579 0.0482239 0.06)
(0.201293 0.0574235 0.06)
(0.199985 0.049804 0.0625)
(0.250036 0.0485773 0.0575)
(0.250025 0.0362665 0.06)
(0.237549 0.0483062 0.06)
(0.262521 0.0488123 0.06)
(0.250041 0.0593857 0.06)
(0.250036 0.0485773 0.0625)
(0.300002 0.0491243 0.0575)
(0.300002 0.0366326 0.06)
(0.287506 0.0490807 0.06)
(0.312495 0.0490858 0.06)
(0.300004 0.0600157 0.06)
(0.300002 0.0491243 0.0625)
(0.349971 0.0486522 0.0575)
(0.34998 0.0363266 0.06)
(0.337482 0.0488499 0.06)
(0.362462 0.0484017 0.06)
(0.349967 0.0594717 0.06)
(0.349971 0.0486522 0.0625)
(0.399914 0.0475978 0.0575)
(0.399953 0.0358629 0.06)
(0.387431 0.0478143 0.06)
(0.412422 0.0478283 0.06)
(0.39989 0.0580155 0.06)
(0.399914 0.0475978 0.0625)
(0.451048 0.0557351 0.0575)
(0.450258 0.0423299 0.06)
(0.440261 0.0562926 0.06)
(0.462925 0.0551212 0.06)
(0.451048 0.0557351 0.0625)
(0.500285 0.0529063 0.0575)
(0.500244 0.0412931 0.06)
(0.487806 0.0536931 0.06)
(0.512754 0.0521161 0.06)
(0.500285 0.0529063 0.0625)
(0.550082 0.0495049 0.0575)
(0.55007 0.0383635 0.06)
(0.537648 0.0504118 0.06)
(0.562516 0.0485881 0.06)
(0.550082 0.0495049 0.0625)
(0.59966 0.045651 0.0575)
(0.59987 0.0358172 0.06)
(0.587359 0.0466533 0.06)
(0.611106 0.0447059 0.06)
(0.59966 0.045651 0.0625)
(0.650552 0.0412694 0.06)
(0.700073 0.0366314 0.06)
(0.0501298 6.31635e-05 0.0675)
(0.0388049 4.88942e-05 0.07)
(0.0625019 7.87524e-05 0.07)
(0.0490123 0.0123935 0.07)
(0.0501298 6.31635e-05 0.0725)
(0.100002 0.000126002 0.0675)
(0.0875019 0.000110252 0.07)
(0.112502 0.000141752 0.07)
(0.0999298 0.0115999 0.07)
(0.100002 0.000126002 0.0725)
(0.150002 0.000189002 0.0675)
(0.137502 0.000173252 0.07)
(0.162502 0.000204752 0.07)
(0.149953 0.0117534 0.07)
(0.150002 0.000189002 0.0725)
(0.200002 0.000252002 0.0675)
(0.187502 0.000236252 0.07)
(0.212502 0.000267752 0.07)
(0.199989 0.0114341 0.07)
(0.200002 0.000252002 0.0725)
(0.250002 0.000315002 0.0675)
(0.237502 0.000299252 0.07)
(0.262502 0.000330752 0.07)
(0.250003 0.0112668 0.07)
(0.250002 0.000315002 0.0725)
(0.300002 0.000378002 0.0675)
(0.287502 0.000362252 0.07)
(0.312502 0.000393752 0.07)
(0.300001 0.0113469 0.07)
(0.300002 0.000378002 0.0725)
(0.350001 0.000441002 0.0675)
(0.337501 0.000425252 0.07)
(0.362501 0.000456752 0.07)
(0.35 0.0113795 0.07)
(0.350001 0.000441002 0.0725)
(0.400001 0.000504002 0.0675)
(0.387501 0.000488252 0.07)
(0.412501 0.000519752 0.07)
(0.399999 0.0114285 0.07)
(0.400001 0.000504002 0.0725)
(0.450001 0.000567002 0.0675)
(0.437501 0.000551252 0.07)
(0.462501 0.000582752 0.07)
(0.450029 0.0121137 0.07)
(0.450001 0.000567002 0.0725)
(0.500001 0.000630002 0.0675)
(0.487501 0.000614252 0.07)
(0.512501 0.000645752 0.07)
(0.500031 0.0121292 0.07)
(0.500001 0.000630002 0.0725)
(0.550001 0.000693001 0.0675)
(0.537501 0.000677252 0.07)
(0.562501 0.000708751 0.07)
(0.550009 0.011823 0.07)
(0.550001 0.000693001 0.0725)
(0.600001 0.000756001 0.0675)
(0.587501 0.000740251 0.07)
(0.612501 0.000771751 0.07)
(0.599996 0.0117029 0.07)
(0.600001 0.000756001 0.0725)
(0.650001 0.000819001 0.0675)
(0.637501 0.000803251 0.07)
(0.662501 0.000834751 0.07)
(0.650081 0.0127529 0.07)
(0.650001 0.000819001 0.0725)
(0.700001 0.000882001 0.0675)
(0.687501 0.000866251 0.07)
(0.712501 0.000897751 0.07)
(0.700016 0.0120732 0.07)
(0.700001 0.000882001 0.0725)
(0.750001 0.000945001 0.0675)
(0.737501 0.000929251 0.07)
(0.762501 0.000960751 0.07)
(0.75017 0.0137039 0.07)
(0.750001 0.000945001 0.0725)
(0.800001 0.001008 0.0675)
(0.787501 0.000992251 0.07)
(0.812501 0.00102375 0.07)
(0.800154 0.0135954 0.07)
(0.800001 0.001008 0.0725)
(0.8487 0.00106936 0.0675)
(0.837373 0.00105509 0.07)
(0.85651 0.0010792 0.07)
(0.850204 0.0137145 0.07)
(0.8487 0.00106936 0.0725)
(0.0509294 0.0357686 0.07)
(0.101239 0.0469921 0.0675)
(0.0997592 0.0386691 0.07)
(0.112554 0.0487935 0.07)
(0.101239 0.0469921 0.0725)
(0.149498 0.0533621 0.0675)
(0.149585 0.0415104 0.07)
(0.137066 0.0520092 0.07)
(0.161908 0.0545738 0.07)
(0.149498 0.0533621 0.0725)
(0.199985 0.049804 0.0675)
(0.19992 0.0380934 0.07)
(0.184669 0.0563667 0.07)
(0.212579 0.0482239 0.07)
(0.201293 0.0574235 0.07)
(0.199985 0.049804 0.0725)
(0.250036 0.0485773 0.0675)
(0.250025 0.0362665 0.07)
(0.237549 0.0483062 0.07)
(0.262521 0.0488123 0.07)
(0.250041 0.0593857 0.07)
(0.250036 0.0485773 0.0725)
(0.300002 0.0491243 0.0675)
(0.300002 0.0366326 0.07)
(0.287506 0.0490807 0.07)
(0.312495 0.0490858 0.07)
(0.300004 0.0600157 0.07)
(0.300002 0.0491243 0.0725)
(0.349971 0.0486522 0.0675)
(0.34998 0.0363266 0.07)
(0.337482 0.0488499 0.07)
(0.362462 0.0484017 0.07)
(0.349967 0.0594717 0.07)
(0.349971 0.0486522 0.0725)
(0.399914 0.0475978 0.0675)
(0.399953 0.0358629 0.07)
(0.387431 0.0478143 0.07)
(0.412422 0.0478283 0.07)
(0.39989 0.0580155 0.07)
(0.399914 0.0475978 0.0725)
(0.451048 0.0557351 0.0675)
(0.450258 0.0423299 0.07)
(0.440261 0.0562926 0.07)
(0.462925 0.0551212 0.07)
(0.451048 0.0557351 0.0725)
(0.500285 0.0529063 0.0675)
(0.500244 0.0412931 0.07)
(0.487806 0.0536931 0.07)
(0.512754 0.0521161 0.07)
(0.500285 0.0529063 0.0725)
(0.550082 0.0495049 0.0675)
(0.55007 0.0383635 0.07)
(0.537648 0.0504118 0.07)
(0.562516 0.0485881 0.07)
(0.550082 0.0495049 0.0725)
(0.59966 0.045651 0.0675)
(0.59987 0.0358172 0.07)
(0.587359 0.0466533 0.07)
(0.611106 0.0447059 0.07)
(0.59966 0.045651 0.0725)
(0.650552 0.0412694 0.07)
(0.700073 0.0366314 0.07)
(0.0501298 6.31635e-05 0.0775)
(0.0388049 4.88942e-05 0.08)
(0.0625019 7.87524e-05 0.08)
(0.0490136 0.0123923 0.0800015)
(0.0501298 7.03716e-05 0.0825)
(0.100002 0.000126002 0.0775)
(0.0875019 0.000110252 0.08)
(0.112502 0.000141752 0.08)
(0.0999298 0.0115998 0.0800001)
(0.100002 0.000126002 0.0825)
(0.150002 0.000189002 0.0775)
(0.137502 0.000173252 0.08)
(0.162502 0.000204752 0.08)
(0.149953 0.0117531 0.0800002)
(0.150002 0.000189002 0.0825)
(0.200002 0.000252002 0.0775)
(0.187502 0.000236252 0.08)
(0.212502 0.000267752 0.08)
(0.199989 0.011434 0.0800001)
(0.200002 0.000252002 0.0825)
(0.250002 0.000315002 0.0775)
(0.237502 0.000299252 0.08)
(0.262502 0.000330752 0.08)
(0.250003 0.0112669 0.08)
(0.250002 0.000315002 0.0825)
(0.300002 0.000378002 0.0775)
(0.287502 0.000362252 0.08)
(0.312502 0.000393752 0.08)
(0.300001 0.0113469 0.08)
(0.300002 0.000378002 0.0825)
(0.350001 0.000441002 0.0775)
(0.337501 0.000425252 0.08)
(0.362501 0.000456752 0.08)
(0.35 0.0113795 0.08)
(0.350001 0.000441002 0.0825)
(0.400001 0.000504002 0.0775)
(0.387501 0.000488252 0.08)
(0.412501 0.000519752 0.08)
(0.399999 0.0114285 0.08)
(0.400001 0.000504002 0.0825)
(0.450001 0.000567002 0.0775)
(0.437501 0.000551252 0.08)
(0.462501 0.000582752 0.08)
(0.450029 0.0121133 0.0800003)
(0.450001 0.000567002 0.0825)
(0.500001 0.000630002 0.0775)
(0.487501 0.000614252 0.08)
(0.512501 0.000645752 0.08)
(0.500031 0.0121289 0.0800002)
(0.500001 0.000630002 0.0825)
(0.550001 0.000693001 0.0775)
(0.537501 0.000677252 0.08)
(0.562501 0.000708751 0.08)
(0.550009 0.011823 0.08)
(0.550001 0.000693001 0.0825)
(0.600001 0.000756001 0.0775)
(0.587501 0.000740251 0.08)
(0.612501 0.000771751 0.08)
(0.599996 0.0117028 0.0800001)
(0.600001 0.000756001 0.0825)
(0.650001 0.000819001 0.0775)
(0.637501 0.000803251 0.08)
(0.662501 0.000834751 0.08)
(0.650081 0.0127527 0.0800002)
(0.650001 0.000819001 0.0825)
(0.700001 0.000882001 0.0775)
(0.687501 0.000866251 0.08)
(0.712501 0.000897751 0.08)
(0.700016 0.0120732 0.08)
(0.700001 0.000882001 0.0825)
(0.750001 0.000945001 0.0775)
(0.737501 0.000929251 0.08)
(0.762501 0.000960751 0.08)
(0.75017 0.0137039 0.08)
(0.750001 0.000945001 0.0825)
(0.800001 0.001008 0.0775)
(0.787501 0.000992251 0.08)
(0.812501 0.00102375 0.08)
(0.800154 0.0135954 0.08)
(0.800001 0.001008 0.0825)
(0.8487 0.00106936 0.0775)
(0.837373 0.00105509 0.08)
(0.85651 0.0010792 0.08)
(0.850204 0.0137145 0.08)
(0.8487 0.00106936 0.0825)
(0.0509294 0.0357686 0.08)
(0.101239 0.0469921 0.0775)
(0.0997592 0.038669 0.08)
(0.112554 0.0487935 0.08)
(0.101239 0.0469921 0.0825)
(0.149498 0.0533621 0.0775)
(0.149585 0.04151 0.0800003)
(0.137066 0.0520092 0.08)
(0.161908 0.0545738 0.08)
(0.149498 0.0533621 0.0825)
(0.199985 0.049804 0.0775)
(0.19992 0.0380931 0.0800003)
(0.184669 0.0563667 0.08)
(0.212579 0.0482239 0.0800001)
(0.201293 0.0574235 0.08)
(0.199985 0.0498038 0.0825003)
(0.250036 0.0485773 0.0775)
(0.250025 0.0362666 0.08)
(0.237549 0.0483062 0.08)
(0.262521 0.0488123 0.08)
(0.250041 0.0593857 0.08)
(0.250036 0.0485774 0.0825)
(0.300002 0.0491243 0.0775)
(0.300002 0.0366326 0.08)
(0.287506 0.0490807 0.08)
(0.312495 0.0490858 0.08)
(0.300004 0.0600157 0.08)
(0.300002 0.0491243 0.0825)
(0.349971 0.0486522 0.0775)
(0.34998 0.0363267 0.08)
(0.337482 0.0488499 0.08)
(0.362462 0.0484017 0.08)
(0.349967 0.0594717 0.08)
(0.349971 0.0486523 0.0825)
(0.399914 0.0475978 0.0775)
(0.399953 0.035863 0.0800002)
(0.387431 0.0478144 0.0800001)
(0.412422 0.0478283 0.0800001)
(0.39989 0.0580155 0.08)
(0.399914 0.0475981 0.0825004)
(0.451048 0.0557351 0.0775)
(0.450258 0.0423292 0.0800005)
(0.440261 0.0562926 0.08)
(0.462925 0.0551212 0.08)
(0.451048 0.0557351 0.0825)
(0.500285 0.0529063 0.0775)
(0.500244 0.0412926 0.0800003)
(0.487806 0.0536931 0.08)
(0.512754 0.0521161 0.08)
(0.500285 0.0529063 0.0825)
(0.550082 0.0495049 0.0775)
(0.55007 0.0383635 0.08)
(0.537648 0.0504118 0.08)
(0.562516 0.0485881 0.08)
(0.550082 0.0495049 0.0825)
(0.59966 0.045651 0.0775)
(0.59987 0.0358171 0.0800001)
(0.587359 0.0466533 0.08)
(0.611106 0.0447059 0.08)
(0.59966 0.045651 0.0825)
(0.650552 0.0412694 0.08)
(0.700073 0.0366314 0.08)
(0.0501297 0.00011036 0.0875)
(0.0388042 0.00057484 0.09)
(0.0625019 9.33003e-05 0.09)
(0.0495174 0.0119799 0.0904837)
(0.0501296 0.000178085 0.0925)
(0.100002 0.000126002 0.0875)
(0.0875019 0.000110252 0.09)
(0.112502 0.000141752 0.09)
(0.0999331 0.0115913 0.0900058)
(0.100002 0.000126002 0.0925)
(0.150002 0.000189002 0.0875)
(0.137502 0.000173252 0.09)
(0.162502 0.000204752 0.09)
(0.149957 0.0117207 0.0900205)
(0.150002 0.000189002 0.0925)
(0.200002 0.000252002 0.0875)
(0.187502 0.000236252 0.09)
(0.212502 0.000267752 0.09)
(0.199991 0.0114233 0.0900121)
(0.200002 0.000252002 0.0925)
(0.250002 0.000315002 0.0875)
(0.237502 0.000299252 0.09)
(0.262502 0.000330752 0.09)
(0.250003 0.0112741 0.0900004)
(0.250002 0.000315002 0.0925)
(0.300002 0.000378002 0.0875)
(0.287502 0.000362252 0.09)
(0.312502 0.000393752 0.09)
(0.300001 0.0113535 0.09)
(0.300002 0.000378002 0.0925)
(0.350001 0.000441002 0.0875)
(0.337501 0.000425252 0.09)
(0.362501 0.000456752 0.09)
(0.35 0.0113867 0.0900003)
(0.350001 0.000441002 0.0925)
(0.400001 0.000504002 0.0875)
(0.387501 0.000488252 0.09)
(0.412501 0.000519752 0.09)
(0.399999 0.0114367 0.0900051)
(0.400001 0.000504002 0.0925)
(0.450001 0.000567002 0.0875)
(0.437501 0.000551252 0.09)
(0.462501 0.000582752 0.09)
(0.450026 0.0120566 0.0900372)
(0.450001 0.000567012 0.0925)
(0.500001 0.000630002 0.0875)
(0.487501 0.000614252 0.09)
(0.512501 0.000645752 0.09)
(0.500028 0.0120932 0.0900235)
(0.500001 0.000630002 0.0925)
(0.550001 0.000693001 0.0875)
(0.537501 0.000677252 0.09)
(0.562501 0.000708751 0.09)
(0.550009 0.0118231 0.0900016)
(0.550001 0.000693001 0.0925)
(0.600001 0.000756001 0.0875)
(0.587501 0.000740251 0.09)
(0.612501 0.000771751 0.09)
(0.599996 0.0117036 0.0900084)
(0.600001 0.000756001 0.0925)
(0.650001 0.000819001 0.0875)
(0.637501 0.000803315 0.09)
(0.662501 0.000834753 0.09)
(0.650075 0.0126957 0.0900433)
(0.650001 0.000819475 0.0925)
(0.700001 0.000882001 0.0875)
(0.687501 0.000866251 0.09)
(0.712501 0.000897751 0.09)
(0.700015 0.0120712 0.0900019)
(0.700001 0.000882001 0.0925)
(0.750001 0.000945009 0.0875)
(0.737501 0.000929254 0.09)
(0.762501 0.000962764 0.09)
(0.750165 0.0136704 0.0900173)
(0.750001 0.000948106 0.0925)
(0.800001 0.001008 0.0875)
(0.787501 0.000992632 0.09)
(0.812501 0.00102376 0.09)
(0.800153 0.0135824 0.0900058)
(0.800001 0.00100995 0.0925)
(0.8487 0.00107069 0.0875)
(0.837373 0.00105545 0.09)
(0.85651 0.0012114 0.09)
(0.850196 0.0136546 0.0900206)
(0.8487 0.0011454 0.0925)
(0.0509413 0.0357285 0.09)
(0.101239 0.0469921 0.0875)
(0.0997625 0.038653 0.0900053)
(0.112554 0.0487933 0.09)
(0.101238 0.0469937 0.0925)
(0.1495 0.0533397 0.0875)
(0.149599 0.0413678 0.0900621)
(0.137069 0.0519826 0.09)
(0.161924 0.0543858 0.09)
(0.149549 0.0528538 0.0925)
(0.199986 0.0498019 0.0875047)
(0.199925 0.0380386 0.0900557)
(0.184675 0.0562678 0.09)
(0.212579 0.0482373 0.0900174)
(0.201293 0.0574351 0.09)
(0.199988 0.0498023 0.092565)
(0.250036 0.0485789 0.0875004)
(0.250025 0.0362808 0.0900026)
(0.237549 0.0483136 0.0900036)
(0.262521 0.048817 0.0900003)
(0.250041 0.0593857 0.09)
(0.250036 0.048597 0.0925028)
(0.300002 0.0491252 0.0875)
(0.300002 0.0366423 0.09)
(0.287506 0.0490841 0.09)
(0.312496 0.0490892 0.09)
(0.300004 0.0600157 0.09)
(0.300002 0.0491348 0.0925)
(0.349971 0.048654 0.0875004)
(0.349981 0.0363419 0.0900021)
(0.337482 0.0488545 0.0900003)
(0.362462 0.0484113 0.0900031)
(0.349967 0.0594717 0.09)
(0.349972 0.0486723 0.0925025)
(0.399914 0.0476049 0.087506)
(0.399954 0.0359018 0.0900356)
(0.387432 0.0478481 0.0900164)
(0.412423 0.0478549 0.0900241)
(0.39989 0.0580295 0.09)
(0.39992 0.047771 0.0925772)
(0.451046 0.0557046 0.0875)
(0.45024 0.0419918 0.0901375)
(0.440256 0.0561956 0.09)
(0.462915 0.0549155 0.09)
(0.451012 0.0550364 0.0925)
(0.500284 0.0528859 0.0875)
(0.500235 0.0411512 0.0900682)
(0.487796 0.0535282 0.09)
(0.512752 0.0520888 0.09)
(0.500256 0.0524445 0.0925)
(0.550082 0.0495049 0.0875)
(0.550069 0.038357 0.0900031)
(0.537647 0.0504027 0.09)
(0.562516 0.0485881 0.09)
(0.550081 0.0495018 0.0925)
(0.59966 0.0456518 0.0875)
(0.599871 0.0358321 0.0900148)
(0.587359 0.0466611 0.09)
(0.611107 0.0447185 0.09)
(0.599666 0.0457318 0.0925)
(0.650538 0.0411063 0.09)
(0.700073 0.0366312 0.09)
(0.0501294 0.000203911 0.0975003)
(0.0388004 0.00218769 0.1)
(0.0625 0.00113127 0.1)
(0.049904 0.0123857 0.1)
(0.100002 0.000126306 0.0975002)
(0.0875 0.00113127 0.1)
(0.1125 0.00113127 0.1)
(0.099988 0.012258 0.1)
(0.150002 0.000189077 0.0975002)
(0.1375 0.00113127 0.1)
(0.1625 0.00113127 0.1)
(0.149993 0.0122674 0.1)
(0.200002 0.000252005 0.0975002)
(0.1875 0.00113127 0.1)
(0.2125 0.00113127 0.1)
(0.199999 0.0122044 0.1)
(0.250001 0.000315002 0.0975002)
(0.2375 0.00113127 0.1)
(0.2625 0.00113127 0.1)
(0.250001 0.0121582 0.1)
(0.300001 0.000378002 0.0975002)
(0.2875 0.00113127 0.1)
(0.3125 0.00113127 0.1)
(0.3 0.0121863 0.1)
(0.350001 0.000441002 0.0975002)
(0.3375 0.00113127 0.1)
(0.3625 0.00113127 0.1)
(0.349999 0.0121903 0.1)
(0.400001 0.000504002 0.0975002)
(0.3875 0.00113127 0.1)
(0.4125 0.00113127 0.1)
(0.4 0.0122214 0.1)
(0.450001 0.000567062 0.0975002)
(0.4375 0.00113127 0.1)
(0.4625 0.00113127 0.1)
(0.450003 0.0123202 0.1)
(0.500001 0.000630051 0.0975002)
(0.4875 0.00113127 0.1)
(0.5125 0.00113127 0.1)
(0.500005 0.0123632 0.1)
(0.550001 0.000693001 0.0975002)
(0.5375 0.00113127 0.1)
(0.5625 0.00113127 0.1)
(0.550003 0.0123519 0.1)
(0.600001 0.000756045 0.0975002)
(0.5875 0.00113127 0.1)
(0.6125 0.00113127 0.1)
(0.599998 0.0123015 0.1)
(0.650001 0.000820689 0.0975002)
(0.6375 0.00113127 0.1)
(0.6625 0.00113127 0.1)
(0.650005 0.0124185 0.1)
(0.700001 0.000882006 0.0975002)
(0.6875 0.00113127 0.1)
(0.7125 0.00113127 0.1)
(0.700004 0.0124127 0.1)
(0.750001 0.000965092 0.0975002)
(0.7375 0.00113127 0.1)
(0.7625 0.00113127 0.1)
(0.750002 0.0124667 0.1)
(0.800001 0.0010255 0.0975002)
(0.7875 0.00113127 0.1)
(0.8125 0.00113127 0.1)
(0.800004 0.0125053 0.1)
(0.848708 0.00143147 0.0975014)
(0.83737 0.00123927 0.1)
(0.856643 0.00560576 0.1)
(0.849994 0.0123987 0.1)
(0.0511767 0.035412 0.1)
(0.101242 0.0470166 0.0975012)
(0.0999928 0.0375069 0.1)
(0.112629 0.0487614 0.1)
(0.15 0.0485 0.0993751)
(0.149982 0.0376109 0.1)
(0.1375 0.0488687 0.1)
(0.162408 0.0489821 0.1)
(0.2 0.0499141 0.0986001)
(0.199996 0.0373829 0.1)
(0.184478 0.0527861 0.1)
(0.212505 0.0498342 0.1)
(0.201177 0.060412 0.1)
(0.25003 0.0488008 0.0975062)
(0.250011 0.0369301 0.1)
(0.237513 0.0495342 0.1)
(0.262506 0.0496323 0.1)
(0.25 0.0613687 0.1)
(0.300002 0.0492373 0.0975)
(0.300001 0.0370753 0.1)
(0.287502 0.0497043 0.1)
(0.312499 0.0497068 0.1)
(0.3 0.0613687 0.1)
(0.349976 0.0488646 0.0975057)
(0.349991 0.0369623 0.1)
(0.337495 0.0496452 0.1)
(0.36249 0.0495612 0.1)
(0.35 0.0613687 0.1)
(0.399986 0.0495872 0.0983939)
(0.399993 0.0371474 0.1)
(0.387494 0.0497919 0.1)
(0.412497 0.0498866 0.1)
(0.4 0.0613687 0.1)
(0.450751 0.0494943 0.0993746)
(0.450004 0.0375384 0.1)
(0.440522 0.0527861 0.1)
(0.462592 0.0489821 0.1)
(0.5 0.0485 0.0993751)
(0.50001 0.0376137 0.1)
(0.4875 0.0488687 0.1)
(0.5125 0.0488687 0.1)
(0.550071 0.0494755 0.0975002)
(0.550014 0.0376519 0.1)
(0.5375 0.0488687 0.1)
(0.5625 0.0488687 0.1)
(0.599874 0.048396 0.0993751)
(0.599992 0.0373718 0.1)
(0.5875 0.0488687 0.1)
(0.611323 0.047912 0.1)
(0.650092 0.0364821 0.1)
(0.7 0.0363687 0.1)
(0.0342108 0.0280589 0.00499902)
(0.0278675 0.0221651 0.00749539)
(0.0285749 0.012643 0.00220188)
(0.0620368 0.0260499 0.00464943)
(0.087246 0.0259566 0.00468434)
(0.073316 0.0412808 0.00502281)
(0.0744303 0.0270168 0.00735911)
(0.0748719 0.0121619 0.00474317)
(0.0749222 0.0252 0.00179171)
(0.112444 0.0250191 0.00472875)
(0.137437 0.0252121 0.00460296)
(0.124868 0.0383712 0.00462561)
(0.124903 0.0252466 0.0073156)
(0.124982 0.0118264 0.00477904)
(0.124986 0.0249855 0.0021)
(0.162454 0.0251901 0.00434742)
(0.187469 0.0250873 0.00462998)
(0.174932 0.0382333 0.00348079)
(0.1749 0.0257252 0.00714365)
(0.174986 0.0118855 0.00471902)
(0.174991 0.0249923 0.00203595)
(0.2125 0.0246239 0.00474839)
(0.237504 0.0245577 0.00476199)
(0.225014 0.0370109 0.00475678)
(0.225007 0.0243127 0.00735695)
(0.225002 0.0117083 0.00480359)
(0.225001 0.0248504 0.00217555)
(0.262502 0.0245967 0.00476301)
(0.287501 0.0246265 0.00476307)
(0.275003 0.0371903 0.00476306)
(0.275003 0.0243924 0.00736186)
(0.275001 0.0117475 0.00480527)
(0.275 0.0248674 0.00217692)
(0.3125 0.024634 0.00476307)
(0.337499 0.0246202 0.00476307)
(0.324998 0.0371995 0.00476307)
(0.324999 0.0244172 0.00736187)
(0.325001 0.0117797 0.00480527)
(0.325 0.0248723 0.00217692)
(0.362497 0.0245886 0.00476301)
(0.387495 0.0245568 0.00476199)
(0.374988 0.0369951 0.00476272)
(0.374992 0.0243088 0.00736151)
(0.374999 0.0117895 0.00480517)
(0.374999 0.0248565 0.00217685)
(0.412498 0.0246447 0.00474833)
(0.437522 0.0251508 0.00462872)
(0.425009 0.037515 0.00467976)
(0.425015 0.0248462 0.00731934)
(0.425004 0.0119125 0.00478863)
(0.425002 0.0249226 0.00215471)
(0.46253 0.0253164 0.00432707)
(0.487535 0.0253399 0.00438373)
(0.475049 0.0382942 0.00321555)
(0.475081 0.0260828 0.00707403)
(0.475013 0.0121124 0.00469047)
(0.475007 0.0250357 0.00199627)
(0.512542 0.0254041 0.00467083)
(0.537527 0.0251489 0.00471282)
(0.525087 0.0387048 0.00463138)
(0.52506 0.0255438 0.00732943)
(0.525012 0.0120979 0.00478413)
(0.525009 0.025039 0.00209853)
(0.562505 0.0248527 0.00476164)
(0.587481 0.0245549 0.00476114)
(0.574978 0.0371621 0.00480305)
(0.574985 0.0245122 0.00737397)
(0.574998 0.0119352 0.00480414)
(0.574998 0.024896 0.00215896)
(0.612508 0.024892 0.00469049)
(0.637562 0.02554 0.00353769)
(0.62776 0.0425804 0.00502288)
(0.625137 0.0263506 0.00725815)
(0.625024 0.0122802 0.00469567)
(0.625013 0.0250853 0.00186423)
(0.662644 0.0264131 0.00445028)
(0.687581 0.0257032 0.00466241)
(0.675297 0.0389963 0.00502554)
(0.675174 0.0267007 0.00734592)
(0.675037 0.0124378 0.00473273)
(0.675023 0.0251855 0.00170892)
(0.712492 0.0247884 0.00479617)
(0.737513 0.0250158 0.00478959)
(0.724717 0.0342089 0.00502651)
(0.724945 0.0243003 0.00741957)
(0.724996 0.0120317 0.00478994)
(0.724987 0.0248108 0.00210259)
(0.763193 0.0242801 0.000192844)
(0.787969 0.0275487 0.00502554)
(0.77566 0.0288725 0.0075)
(0.775059 0.012735 0.00366456)
(0.775044 0.0224974 2.27057e-05)
(0.812672 0.024811 0.00502554)
(0.83723 0.0220116 0.00502651)
(0.825003 0.0234173 0.0075)
(0.825013 0.0123209 0.00478461)
(0.825116 0.0234043 0.00276035)
(0.856515 0.0197559 0.00503438)
(0.225088 0.0585704 0.00502554)
(0.275015 0.0598572 0.00502554)
(0.324987 0.0598698 0.00502554)
(0.37494 0.0588468 0.00502554)
(0.423699 0.0572672 0.00502869)
(0.0259648 0.0236584 0.0125)
(0.0328526 0.0292589 0.015)
(0.0213444 0.0198017 0.015)
(0.07426 0.0277699 0.0124834)
(0.0616811 0.0271032 0.0149927)
(0.0869529 0.0272682 0.0149954)
(0.0732505 0.0415592 0.015)
(0.0742315 0.0278921 0.0174987)
(0.0747957 0.0120051 0.0149939)
(0.124861 0.0254352 0.0124661)
(0.11236 0.0252323 0.0149912)
(0.137321 0.0259416 0.0149844)
(0.124747 0.0392374 0.0149946)
(0.12485 0.0254795 0.0174967)
(0.124964 0.011555 0.0149955)
(0.174833 0.0263885 0.0124371)
(0.162297 0.0266597 0.0149775)
(0.187385 0.0258125 0.014983)
(0.174619 0.0419127 0.0149876)
(0.174817 0.0265287 0.0174939)
(0.174961 0.0118026 0.0149925)
(0.225009 0.0240688 0.0124703)
(0.212494 0.0242686 0.0149881)
(0.237512 0.0239667 0.0149898)
(0.225028 0.0363495 0.0149893)
(0.22501 0.0239712 0.0174967)
(0.225003 0.011301 0.0149963)
(0.275004 0.0241563 0.0124722)
(0.262507 0.0240541 0.0149901)
(0.287503 0.024136 0.0149901)
(0.275008 0.0366512 0.0149901)
(0.275005 0.0240613 0.017497)
(0.275002 0.0113575 0.0149965)
(0.324998 0.0241907 0.0124723)
(0.312499 0.0241538 0.0149901)
(0.337496 0.0241088 0.0149901)
(0.324994 0.036676 0.0149901)
(0.324997 0.0240996 0.017497)
(0.325001 0.0114126 0.0149965)
(0.374988 0.0240254 0.0124721)
(0.36249 0.0240135 0.0149901)
(0.387485 0.0239399 0.0149898)
(0.37497 0.0362219 0.01499)
(0.374987 0.0239177 0.017497)
(0.374998 0.0114227 0.0149965)
(0.425027 0.024938 0.0124607)
(0.4125 0.0243012 0.0149881)
(0.437579 0.0259761 0.0149827)
(0.425039 0.0378621 0.0149872)
(0.425031 0.024951 0.0174957)
(0.425009 0.0117121 0.0149951)
(0.475134 0.0269361 0.0124255)
(0.462639 0.0271158 0.0149753)
(0.487635 0.0268515 0.0149785)
(0.475282 0.0423595 0.0149862)
(0.475147 0.0271437 0.0174929)
(0.475035 0.0122364 0.0149911)
(0.525083 0.0258049 0.0124704)
(0.512608 0.0262111 0.0149878)
(0.537563 0.0254725 0.0149915)
(0.525166 0.0398232 0.0149954)
(0.525089 0.0258724 0.0174972)
(0.525022 0.0120003 0.0149961)
(0.57498 0.0243612 0.012479)
(0.562507 0.0246952 0.014993)
(0.587459 0.0240961 0.0149929)
(0.574952 0.0368036 0.0149971)
(0.574978 0.0243188 0.0174981)
(0.574996 0.0116924 0.0149971)
(0.625195 0.0270072 0.0124733)
(0.612538 0.0250921 0.0149919)
(0.637838 0.0286324 0.0149925)
(0.627853 0.0432766 0.015)
(0.625215 0.0272571 0.0174984)
(0.625051 0.0124016 0.0149954)
(0.675223 0.0272576 0.0124867)
(0.662804 0.0281595 0.0149951)
(0.687646 0.0263963 0.0149975)
(0.675287 0.0389971 0.015)
(0.675229 0.0273233 0.0174992)
(0.675055 0.0124727 0.0149971)
(0.724928 0.024157 0.0124938)
(0.712476 0.0246212 0.0149983)
(0.737523 0.0251023 0.014999)
(0.724712 0.0341888 0.015)
(0.724927 0.0241488 0.0174997)
(0.724997 0.0119069 0.0149983)
(0.775661 0.028881 0.0125)
(0.763839 0.0301495 0.015)
(0.787958 0.0275513 0.015)
(0.775661 0.028881 0.0175)
(0.775276 0.0147381 0.0149981)
(0.825003 0.0234173 0.0125)
(0.81266 0.0248123 0.015)
(0.837226 0.022012 0.015)
(0.825003 0.0234173 0.0175)
(0.825011 0.0122954 0.0149995)
(0.225092 0.0585674 0.015)
(0.275016 0.0598572 0.015)
(0.324985 0.0598699 0.015)
(0.374937 0.0588469 0.015)
(0.42371 0.0570459 0.015)
(0.0326571 0.0294309 0.025)
(0.020573 0.020573 0.025)
(0.074229 0.0279018 0.0224999)
(0.061671 0.0271277 0.025)
(0.0869326 0.027376 0.025)
(0.0732496 0.041563 0.025)
(0.0742287 0.0279026 0.0275)
(0.0747924 0.0119998 0.025)
(0.124849 0.0254746 0.0224998)
(0.112361 0.0251977 0.025)
(0.13731 0.0260024 0.025)
(0.124742 0.0392811 0.025)
(0.124849 0.025472 0.0275)
(0.124964 0.0115235 0.025)
(0.174811 0.0265834 0.0224997)
(0.162282 0.0268005 0.0249999)
(0.187381 0.0257839 0.0249999)
(0.174605 0.0420859 0.025)
(0.174809 0.0266018 0.0275)
(0.17496 0.0117775 0.025)
(0.22501 0.0238936 0.0224998)
(0.212494 0.02413 0.025)
(0.237512 0.0238329 0.025)
(0.225037 0.0361429 0.025)
(0.22501 0.0238691 0.0275)
(0.225003 0.0112575 0.025)
(0.275005 0.0239964 0.0224998)
(0.262507 0.0239249 0.025)
(0.287503 0.0240091 0.025)
(0.27501 0.0365421 0.025)
(0.275005 0.0239657 0.0275)
(0.275002 0.0113157 0.025)
(0.324998 0.0240379 0.0224998)
(0.3125 0.0240302 0.025)
(0.337496 0.0239898 0.025)
(0.324992 0.0365686 0.025)
(0.324998 0.0240092 0.0275)
(0.325001 0.011373 0.025)
(0.374987 0.0238575 0.0224998)
(0.36249 0.0238997 0.025)
(0.387485 0.0238285 0.025)
(0.374964 0.0360085 0.025)
(0.374987 0.0238441 0.0275)
(0.374998 0.0113878 0.025)
(0.425031 0.024901 0.0224997)
(0.4125 0.0241903 0.025)
(0.437582 0.0259659 0.0249999)
(0.425047 0.0380018 0.025)
(0.425031 0.0248792 0.0275)
(0.425009 0.0116783 0.025)
(0.475152 0.0272149 0.0224996)
(0.462649 0.0272822 0.0249999)
(0.487644 0.0269796 0.0249999)
(0.475289 0.0424947 0.025)
(0.475153 0.0272346 0.0275)
(0.475035 0.0122255 0.025)
(0.525092 0.0258954 0.0224999)
(0.512615 0.0262854 0.025)
(0.537567 0.0255012 0.025)
(0.52517 0.0398822 0.025)
(0.525092 0.0259018 0.0275)
(0.525022 0.0119824 0.025)
(0.574977 0.0242932 0.0224999)
(0.562507 0.0246758 0.025)
(0.587454 0.0240152 0.025)
(0.574951 0.0367883 0.025)
(0.574976 0.0242854 0.0275)
(0.574996 0.0116734 0.025)
(0.625217 0.0272798 0.0224999)
(0.612544 0.0251569 0.025)
(0.637842 0.0286794 0.025)
(0.627853 0.0432766 0.025)
(0.625217 0.0272823 0.0275)
(0.62505 0.0123823 0.025)
(0.675229 0.0273266 0.0225)
(0.662806 0.0281819 0.025)
(0.687647 0.0264058 0.025)
(0.675287 0.0389971 0.025)
(0.675229 0.0273268 0.0275)
(0.675055 0.0124707 0.025)
(0.724927 0.0241485 0.0225)
(0.712475 0.0246212 0.025)
(0.737523 0.0251021 0.025)
(0.724712 0.0341888 0.025)
(0.724927 0.0241485 0.0275)
(0.724997 0.0119053 0.025)
(0.775661 0.028881 0.0225)
(0.763839 0.0301495 0.025)
(0.787958 0.0275513 0.025)
(0.775661 0.028881 0.0275)
(0.775276 0.0147415 0.025)
(0.825003 0.0234173 0.0225)
(0.81266 0.0248123 0.025)
(0.837226 0.022012 0.025)
(0.825003 0.0234173 0.0275)
(0.825011 0.0122953 0.025)
(0.225092 0.0585674 0.025)
(0.275016 0.0598572 0.025)
(0.324985 0.0598699 0.025)
(0.374937 0.0588469 0.025)
(0.42371 0.0570459 0.025)
(0.0326571 0.0294309 0.035)
(0.020573 0.020573 0.035)
(0.0742287 0.0279026 0.0325)
(0.0616709 0.0271278 0.035)
(0.0869325 0.0273765 0.035)
(0.0732496 0.041563 0.035)
(0.0742287 0.0279026 0.0375)
(0.0747924 0.0119999 0.035)
(0.124849 0.0254724 0.0325)
(0.112361 0.0251965 0.035)
(0.13731 0.0260051 0.035)
(0.124742 0.0392815 0.035)
(0.124849 0.0254722 0.0375)
(0.124964 0.0115237 0.035)
(0.174809 0.0266032 0.0325)
(0.162281 0.0268068 0.035)
(0.187381 0.0257844 0.035)
(0.174605 0.0420887 0.035)
(0.174809 0.0266033 0.0375)
(0.17496 0.0117791 0.035)
(0.22501 0.0238649 0.0325)
(0.212494 0.0241184 0.035)
(0.237512 0.02382 0.035)
(0.225038 0.036125 0.035)
(0.22501 0.0238645 0.0375)
(0.225003 0.0112537 0.035)
(0.275005 0.0239614 0.0325)
(0.262507 0.0239117 0.035)
(0.287503 0.023996 0.035)
(0.27501 0.0365307 0.035)
(0.275005 0.023961 0.0375)
(0.275002 0.0113116 0.035)
(0.324998 0.0240052 0.0325)
(0.3125 0.0240174 0.035)
(0.337496 0.0239776 0.035)
(0.324992 0.0365574 0.035)
(0.324998 0.0240048 0.0375)
(0.325001 0.0113691 0.035)
(0.374987 0.02384 0.0325)
(0.362491 0.0238884 0.035)
(0.387485 0.0238183 0.035)
(0.374963 0.0359868 0.035)
(0.374987 0.0238396 0.0375)
(0.374999 0.0113847 0.035)
(0.425031 0.0248779 0.0325)
(0.4125 0.0241815 0.035)
(0.437582 0.0259673 0.035)
(0.425047 0.0380025 0.035)
(0.425031 0.0248778 0.0375)
(0.425009 0.0116767 0.035)
(0.475154 0.0272366 0.0325)
(0.46265 0.0272898 0.035)
(0.487644 0.0269855 0.035)
(0.475289 0.0424978 0.035)
(0.475154 0.0272368 0.0375)
(0.475035 0.0122282 0.035)
(0.525092 0.0259026 0.0325)
(0.512615 0.026289 0.035)
(0.537567 0.0255026 0.035)
(0.52517 0.0398833 0.035)
(0.525092 0.0259026 0.0375)
(0.525022 0.0119834 0.035)
(0.574976 0.0242847 0.0325)
(0.562507 0.0246747 0.035)
(0.587453 0.0240113 0.035)
(0.574951 0.0367873 0.035)
(0.574976 0.0242846 0.0375)
(0.574996 0.0116724 0.035)
(0.625217 0.0272824 0.0325)
(0.612544 0.0251579 0.035)
(0.637842 0.0286797 0.035)
(0.627853 0.0432766 0.035)
(0.625217 0.0272824 0.0375)
(0.62505 0.0123825 0.035)
(0.675229 0.0273268 0.0325)
(0.662806 0.028182 0.035)
(0.687647 0.0264058 0.035)
(0.675287 0.0389971 0.035)
(0.675229 0.0273268 0.0375)
(0.675055 0.0124707 0.035)
(0.724927 0.0241485 0.0325)
(0.712475 0.0246212 0.035)
(0.737523 0.0251021 0.035)
(0.724712 0.0341888 0.035)
(0.724927 0.0241485 0.0375)
(0.724997 0.0119053 0.035)
(0.775661 0.028881 0.0325)
(0.763839 0.0301495 0.035)
(0.787958 0.0275513 0.035)
(0.775661 0.028881 0.0375)
(0.775276 0.0147415 0.035)
(0.825003 0.0234173 0.0325)
(0.81266 0.0248123 0.035)
(0.837226 0.022012 0.035)
(0.825003 0.0234173 0.0375)
(0.825011 0.0122953 0.035)
(0.225092 0.0585674 0.035)
(0.275016 0.0598572 0.035)
(0.324985 0.0598699 0.035)
(0.374937 0.0588469 0.035)
(0.42371 0.0570459 0.035)
(0.0326571 0.0294309 0.045)
(0.020573 0.020573 0.045)
(0.0742287 0.0279026 0.0425)
(0.0616709 0.0271279 0.045)
(0.0869325 0.0273765 0.045)
(0.0732496 0.041563 0.045)
(0.0742287 0.0279026 0.0475)
(0.0747924 0.0119999 0.045)
(0.124849 0.0254724 0.0425)
(0.112361 0.0251965 0.045)
(0.13731 0.0260051 0.045)
(0.124742 0.0392815 0.045)
(0.124849 0.0254722 0.0475)
(0.124964 0.0115237 0.045)
(0.174809 0.0266033 0.0425)
(0.162281 0.0268068 0.045)
(0.187381 0.0257844 0.045)
(0.174605 0.0420887 0.045)
(0.174809 0.0266033 0.0475)
(0.17496 0.0117792 0.045)
(0.22501 0.0238645 0.0425)
(0.212494 0.0241183 0.045)
(0.237512 0.0238199 0.045)
(0.225038 0.0361249 0.045)
(0.22501 0.0238645 0.0475)
(0.225003 0.0112537 0.045)
(0.275005 0.023961 0.0425)
(0.262507 0.0239116 0.045)
(0.287503 0.0239959 0.045)
(0.27501 0.0365306 0.045)
(0.275005 0.023961 0.0475)
(0.275002 0.0113116 0.045)
(0.324998 0.0240047 0.0425)
(0.3125 0.0240173 0.045)
(0.337496 0.0239775 0.045)
(0.324992 0.0365573 0.045)
(0.324998 0.0240047 0.0475)
(0.325001 0.0113691 0.045)
(0.374987 0.0238395 0.0425)
(0.362491 0.0238883 0.045)
(0.387485 0.0238182 0.045)
(0.374963 0.0359867 0.045)
(0.374987 0.0238395 0.0475)
(0.374999 0.0113846 0.045)
(0.425031 0.0248777 0.0425)
(0.4125 0.0241815 0.045)
(0.437582 0.0259674 0.045)
(0.425047 0.0380025 0.045)
(0.425031 0.0248777 0.0475)
(0.425009 0.0116767 0.045)
(0.475154 0.0272368 0.0425)
(0.46265 0.0272899 0.045)
(0.487644 0.0269855 0.045)
(0.475289 0.0424978 0.045)
(0.475154 0.0272368 0.0475)
(0.475035 0.0122282 0.045)
(0.525092 0.0259026 0.0425)
(0.512615 0.0262891 0.045)
(0.537567 0.0255026 0.045)
(0.52517 0.0398834 0.045)
(0.525092 0.0259026 0.0475)
(0.525022 0.0119834 0.045)
(0.574976 0.0242846 0.0425)
(0.562507 0.0246747 0.045)
(0.587453 0.0240113 0.045)
(0.574951 0.0367873 0.045)
(0.574976 0.0242846 0.0475)
(0.574996 0.0116723 0.045)
(0.625217 0.0272824 0.0425)
(0.612544 0.0251579 0.045)
(0.637842 0.0286797 0.045)
(0.627853 0.0432766 0.045)
(0.625217 0.0272824 0.0475)
(0.62505 0.0123825 0.045)
(0.675229 0.0273268 0.0425)
(0.662806 0.028182 0.045)
(0.687647 0.0264058 0.045)
(0.675287 0.0389971 0.045)
(0.675229 0.0273268 0.0475)
(0.675055 0.0124707 0.045)
(0.724927 0.0241485 0.0425)
(0.712475 0.0246212 0.045)
(0.737523 0.0251021 0.045)
(0.724712 0.0341888 0.045)
(0.724927 0.0241485 0.0475)
(0.724997 0.0119053 0.045)
(0.775661 0.028881 0.0425)
(0.763839 0.0301495 0.045)
(0.787958 0.0275513 0.045)
(0.775661 0.028881 0.0475)
(0.775276 0.0147415 0.045)
(0.825003 0.0234173 0.0425)
(0.81266 0.0248123 0.045)
(0.837226 0.022012 0.045)
(0.825003 0.0234173 0.0475)
(0.825011 0.0122953 0.045)
(0.225092 0.0585674 0.045)
(0.275016 0.0598572 0.045)
(0.324985 0.0598699 0.045)
(0.374937 0.0588469 0.045)
(0.42371 0.0570459 0.045)
(0.0326571 0.0294309 0.055)
(0.020573 0.020573 0.055)
(0.0742287 0.0279026 0.0525)
(0.0616709 0.0271279 0.055)
(0.0869325 0.0273765 0.055)
(0.0732496 0.041563 0.055)
(0.0742287 0.0279026 0.0575)
(0.0747924 0.0119999 0.055)
(0.124849 0.0254724 0.0525)
(0.112361 0.0251965 0.055)
(0.13731 0.0260051 0.055)
(0.124742 0.0392815 0.055)
(0.124849 0.0254722 0.0575)
(0.124964 0.0115237 0.055)
(0.174809 0.0266033 0.0525)
(0.162281 0.0268068 0.055)
(0.187381 0.0257844 0.055)
(0.174605 0.0420887 0.055)
(0.174809 0.0266033 0.0575)
(0.17496 0.0117792 0.055)
(0.22501 0.0238645 0.0525)
(0.212494 0.0241183 0.055)
(0.237512 0.0238199 0.055)
(0.225038 0.0361249 0.055)
(0.22501 0.0238645 0.0575)
(0.225003 0.0112537 0.055)
(0.275005 0.023961 0.0525)
(0.262507 0.0239116 0.055)
(0.287503 0.0239959 0.055)
(0.27501 0.0365306 0.055)
(0.275005 0.023961 0.0575)
(0.275002 0.0113116 0.055)
(0.324998 0.0240047 0.0525)
(0.3125 0.0240173 0.055)
(0.337496 0.0239775 0.055)
(0.324992 0.0365573 0.055)
(0.324998 0.0240047 0.0575)
(0.325001 0.0113691 0.055)
(0.374987 0.0238395 0.0525)
(0.362491 0.0238883 0.055)
(0.387485 0.0238182 0.055)
(0.374963 0.0359867 0.055)
(0.374987 0.0238395 0.0575)
(0.374999 0.0113846 0.055)
(0.425031 0.0248777 0.0525)
(0.4125 0.0241815 0.055)
(0.437582 0.0259674 0.055)
(0.425047 0.0380025 0.055)
(0.425031 0.0248777 0.0575)
(0.425009 0.0116767 0.055)
(0.475154 0.0272368 0.0525)
(0.46265 0.0272899 0.055)
(0.487644 0.0269855 0.055)
(0.475289 0.0424978 0.055)
(0.475154 0.0272368 0.0575)
(0.475035 0.0122282 0.055)
(0.525092 0.0259026 0.0525)
(0.512615 0.0262891 0.055)
(0.537567 0.0255026 0.055)
(0.52517 0.0398834 0.055)
(0.525092 0.0259026 0.0575)
(0.525022 0.0119834 0.055)
(0.574976 0.0242846 0.0525)
(0.562507 0.0246747 0.055)
(0.587453 0.0240113 0.055)
(0.574951 0.0367873 0.055)
(0.574976 0.0242846 0.0575)
(0.574996 0.0116723 0.055)
(0.625217 0.0272824 0.0525)
(0.612544 0.0251579 0.055)
(0.637842 0.0286797 0.055)
(0.627853 0.0432766 0.055)
(0.625217 0.0272824 0.0575)
(0.62505 0.0123825 0.055)
(0.675229 0.0273268 0.0525)
(0.662806 0.028182 0.055)
(0.687647 0.0264058 0.055)
(0.675287 0.0389971 0.055)
(0.675229 0.0273268 0.0575)
(0.675055 0.0124707 0.055)
(0.724927 0.0241485 0.0525)
(0.712475 0.0246212 0.055)
(0.737523 0.0251021 0.055)
(0.724712 0.0341888 0.055)
(0.724927 0.0241485 0.0575)
(0.724997 0.0119053 0.055)
(0.775661 0.028881 0.0525)
(0.763839 0.0301495 0.055)
(0.787958 0.0275513 0.055)
(0.775661 0.028881 0.0575)
(0.775276 0.0147415 0.055)
(0.825003 0.0234173 0.0525)
(0.81266 0.0248123 0.055)
(0.837226 0.022012 0.055)
(0.825003 0.0234173 0.0575)
(0.825011 0.0122953 0.055)
(0.225092 0.0585674 0.055)
(0.275016 0.0598572 0.055)
(0.324985 0.0598699 0.055)
(0.374937 0.0588469 0.055)
(0.42371 0.0570459 0.055)
(0.0326571 0.0294309 0.065)
(0.020573 0.020573 0.065)
(0.0742287 0.0279026 0.0625)
(0.0616709 0.0271279 0.065)
(0.0869325 0.0273765 0.065)
(0.0732496 0.041563 0.065)
(0.0742287 0.0279026 0.0675)
(0.0747924 0.0119999 0.065)
(0.124849 0.0254724 0.0625)
(0.112361 0.0251965 0.065)
(0.13731 0.0260051 0.065)
(0.124742 0.0392815 0.065)
(0.124849 0.0254722 0.0675)
(0.124964 0.0115237 0.065)
(0.174809 0.0266033 0.0625)
(0.162281 0.0268068 0.065)
(0.187381 0.0257844 0.065)
(0.174605 0.0420887 0.065)
(0.174809 0.0266033 0.0675)
(0.17496 0.0117792 0.065)
(0.22501 0.0238645 0.0625)
(0.212494 0.0241183 0.065)
(0.237512 0.0238199 0.065)
(0.225038 0.0361249 0.065)
(0.22501 0.0238645 0.0675)
(0.225003 0.0112537 0.065)
(0.275005 0.023961 0.0625)
(0.262507 0.0239116 0.065)
(0.287503 0.0239959 0.065)
(0.27501 0.0365306 0.065)
(0.275005 0.023961 0.0675)
(0.275002 0.0113116 0.065)
(0.324998 0.0240047 0.0625)
(0.3125 0.0240173 0.065)
(0.337496 0.0239775 0.065)
(0.324992 0.0365573 0.065)
(0.324998 0.0240047 0.0675)
(0.325001 0.0113691 0.065)
(0.374987 0.0238395 0.0625)
(0.362491 0.0238883 0.065)
(0.387485 0.0238182 0.065)
(0.374963 0.0359867 0.065)
(0.374987 0.0238395 0.0675)
(0.374999 0.0113846 0.065)
(0.425031 0.0248777 0.0625)
(0.4125 0.0241815 0.065)
(0.437582 0.0259674 0.065)
(0.425047 0.0380025 0.065)
(0.425031 0.0248777 0.0675)
(0.425009 0.0116767 0.065)
(0.475154 0.0272368 0.0625)
(0.46265 0.0272899 0.065)
(0.487644 0.0269855 0.065)
(0.475289 0.0424978 0.065)
(0.475154 0.0272368 0.0675)
(0.475035 0.0122282 0.065)
(0.525092 0.0259026 0.0625)
(0.512615 0.0262891 0.065)
(0.537567 0.0255026 0.065)
(0.52517 0.0398834 0.065)
(0.525092 0.0259026 0.0675)
(0.525022 0.0119834 0.065)
(0.574976 0.0242846 0.0625)
(0.562507 0.0246747 0.065)
(0.587453 0.0240113 0.065)
(0.574951 0.0367873 0.065)
(0.574976 0.0242846 0.0675)
(0.574996 0.0116723 0.065)
(0.625217 0.0272824 0.0625)
(0.612544 0.0251579 0.065)
(0.637842 0.0286797 0.065)
(0.627853 0.0432766 0.065)
(0.625217 0.0272824 0.0675)
(0.62505 0.0123825 0.065)
(0.675229 0.0273268 0.0625)
(0.662806 0.028182 0.065)
(0.687647 0.0264058 0.065)
(0.675287 0.0389971 0.065)
(0.675229 0.0273268 0.0675)
(0.675055 0.0124707 0.065)
(0.724927 0.0241485 0.0625)
(0.712475 0.0246212 0.065)
(0.737523 0.0251021 0.065)
(0.724712 0.0341888 0.065)
(0.724927 0.0241485 0.0675)
(0.724997 0.0119053 0.065)
(0.775661 0.028881 0.0625)
(0.763839 0.0301495 0.065)
(0.787958 0.0275513 0.065)
(0.775661 0.028881 0.0675)
(0.775276 0.0147415 0.065)
(0.825003 0.0234173 0.0625)
(0.81266 0.0248123 0.065)
(0.837226 0.022012 0.065)
(0.825003 0.0234173 0.0675)
(0.825011 0.0122953 0.065)
(0.225092 0.0585674 0.065)
(0.275016 0.0598572 0.065)
(0.324985 0.0598699 0.065)
(0.374937 0.0588469 0.065)
(0.42371 0.0570459 0.065)
(0.0326571 0.0294309 0.075)
(0.020573 0.020573 0.075)
(0.0742287 0.0279026 0.0725)
(0.061671 0.0271278 0.075)
(0.0869325 0.0273765 0.075)
(0.0732496 0.041563 0.075)
(0.0742288 0.0279026 0.0775001)
(0.0747924 0.0119998 0.075)
(0.124849 0.0254724 0.0725)
(0.112361 0.0251965 0.075)
(0.13731 0.0260051 0.075)
(0.124742 0.0392815 0.075)
(0.124849 0.0254722 0.0775)
(0.124964 0.0115237 0.075)
(0.174809 0.0266033 0.0725)
(0.162281 0.0268068 0.075)
(0.187381 0.0257844 0.075)
(0.174605 0.0420887 0.075)
(0.174809 0.0266031 0.0775001)
(0.17496 0.0117791 0.075)
(0.22501 0.0238645 0.0725)
(0.212494 0.0241183 0.075)
(0.237512 0.0238199 0.075)
(0.225038 0.0361249 0.075)
(0.22501 0.0238645 0.0775)
(0.225003 0.0112537 0.075)
(0.275005 0.023961 0.0725)
(0.262507 0.0239116 0.075)
(0.287503 0.0239959 0.075)
(0.27501 0.0365306 0.075)
(0.275005 0.023961 0.0775)
(0.275002 0.0113116 0.075)
(0.324998 0.0240047 0.0725)
(0.3125 0.0240173 0.075)
(0.337496 0.0239775 0.075)
(0.324992 0.0365573 0.075)
(0.324998 0.0240047 0.0775)
(0.325001 0.0113691 0.075)
(0.374987 0.0238395 0.0725)
(0.362491 0.0238883 0.075)
(0.387485 0.0238182 0.075)
(0.374963 0.0359867 0.075)
(0.374987 0.0238396 0.0775)
(0.374999 0.0113846 0.075)
(0.425031 0.0248777 0.0725)
(0.4125 0.0241815 0.075)
(0.437582 0.0259673 0.075)
(0.425047 0.0380025 0.075)
(0.425031 0.0248777 0.0775001)
(0.425009 0.0116767 0.075)
(0.475154 0.0272368 0.0725)
(0.46265 0.0272898 0.075)
(0.487644 0.0269855 0.075)
(0.475289 0.0424978 0.075)
(0.475154 0.0272365 0.0775002)
(0.475035 0.0122282 0.075)
(0.525092 0.0259026 0.0725)
(0.512615 0.026289 0.075)
(0.537567 0.0255026 0.075)
(0.52517 0.0398833 0.075)
(0.525092 0.0259026 0.0775)
(0.525022 0.0119834 0.075)
(0.574976 0.0242846 0.0725)
(0.562507 0.0246747 0.075)
(0.587453 0.0240113 0.075)
(0.574951 0.0367873 0.075)
(0.574976 0.0242846 0.0775)
(0.574996 0.0116723 0.075)
(0.625217 0.0272824 0.0725)
(0.612544 0.0251579 0.075)
(0.637842 0.0286796 0.075)
(0.627853 0.0432766 0.075)
(0.625217 0.0272824 0.0775)
(0.62505 0.0123825 0.075)
(0.675229 0.0273268 0.0725)
(0.662806 0.028182 0.075)
(0.687647 0.0264058 0.075)
(0.675287 0.0389971 0.075)
(0.675229 0.0273268 0.0775)
(0.675055 0.0124707 0.075)
(0.724927 0.0241485 0.0725)
(0.712475 0.0246212 0.075)
(0.737523 0.0251021 0.075)
(0.724712 0.0341888 0.075)
(0.724927 0.0241485 0.0775)
(0.724997 0.0119053 0.075)
(0.775661 0.028881 0.0725)
(0.763839 0.0301495 0.075)
(0.787958 0.0275513 0.075)
(0.775661 0.028881 0.0775)
(0.775276 0.0147415 0.075)
(0.825003 0.0234173 0.0725)
(0.81266 0.0248123 0.075)
(0.837226 0.022012 0.075)
(0.825003 0.0234173 0.0775)
(0.825011 0.0122953 0.075)
(0.225092 0.0585674 0.075)
(0.275016 0.0598572 0.075)
(0.324985 0.0598699 0.075)
(0.374937 0.0588469 0.075)
(0.42371 0.0570459 0.075)
(0.0328537 0.0292579 0.085)
(0.0259654 0.023658 0.0875)
(0.0213462 0.0197998 0.085)
(0.0742301 0.0278992 0.0825008)
(0.06168 0.0271111 0.0850053)
(0.0869334 0.0273746 0.0850014)
(0.073254 0.0415432 0.085)
(0.0742434 0.0278592 0.0875074)
(0.0747962 0.0119964 0.0850042)
(0.124849 0.0254716 0.0825005)
(0.112362 0.0251946 0.0850011)
(0.13731 0.0259993 0.0850035)
(0.124742 0.0392794 0.0850012)
(0.12485 0.0254617 0.0875059)
(0.124964 0.0115226 0.0850007)
(0.174809 0.0265998 0.0825024)
(0.162282 0.0267932 0.0850092)
(0.187382 0.0257749 0.0850071)
(0.174606 0.0420781 0.0850074)
(0.174813 0.0265532 0.0875337)
(0.17496 0.0117745 0.0850032)
(0.22501 0.0238645 0.0825004)
(0.212495 0.0241168 0.0850028)
(0.237512 0.0238209 0.0850006)
(0.225038 0.0361254 0.0850019)
(0.22501 0.0238668 0.0875043)
(0.225003 0.0112539 0.0850004)
(0.275005 0.0239612 0.0825)
(0.262507 0.0239127 0.0850001)
(0.287503 0.0239968 0.085)
(0.27501 0.0365314 0.085)
(0.275005 0.0239648 0.0875001)
(0.275002 0.011312 0.085)
(0.324998 0.024005 0.0825)
(0.3125 0.0240183 0.085)
(0.337496 0.0239785 0.0850001)
(0.324992 0.0365581 0.085)
(0.324998 0.0240085 0.0875)
(0.325001 0.0113695 0.085)
(0.374987 0.02384 0.0825002)
(0.362491 0.0238899 0.0850004)
(0.387485 0.0238204 0.0850015)
(0.374963 0.0359892 0.0850014)
(0.374988 0.0238468 0.0875028)
(0.374999 0.0113853 0.0850002)
(0.425031 0.0248762 0.0825015)
(0.4125 0.0241807 0.0850035)
(0.437581 0.0259563 0.0850081)
(0.425047 0.0379975 0.0850059)
(0.42503 0.0248612 0.0875172)
(0.425009 0.011675 0.0850017)
(0.475153 0.0272316 0.0825037)
(0.462648 0.0272692 0.0850141)
(0.487643 0.0269691 0.0850116)
(0.475288 0.0424825 0.0850107)
(0.475149 0.0271632 0.0875497)
(0.475035 0.0122211 0.085005)
(0.525092 0.0259018 0.0825006)
(0.512615 0.0262828 0.0850041)
(0.537567 0.025501 0.085001)
(0.52517 0.039881 0.0850015)
(0.525091 0.0258905 0.0875073)
(0.525022 0.0119822 0.0850008)
(0.574976 0.0242847 0.0825001)
(0.562507 0.0246747 0.0850003)
(0.587454 0.0240117 0.085001)
(0.574951 0.0367875 0.0850003)
(0.574976 0.0242862 0.0875016)
(0.574996 0.0116726 0.0850002)
(0.625217 0.0272815 0.0825009)
(0.612544 0.0251556 0.085003)
(0.637842 0.0286733 0.0850052)
(0.627853 0.0432766 0.085)
(0.625216 0.0272633 0.0875145)
(0.62505 0.0123799 0.0850022)
(0.675229 0.0273263 0.0825004)
(0.662805 0.0281777 0.0850032)
(0.687647 0.0264047 0.0850007)
(0.675287 0.0389971 0.085)
(0.675228 0.027317 0.087506)
(0.675054 0.0124692 0.0850011)
(0.724927 0.0241485 0.0825)
(0.712475 0.024621 0.0850002)
(0.737523 0.0251018 0.0850002)
(0.724712 0.0341888 0.085)
(0.724927 0.0241476 0.0875007)
(0.724997 0.011905 0.0850002)
(0.775661 0.028881 0.0825)
(0.763839 0.0301495 0.085)
(0.787958 0.0275513 0.085)
(0.775658 0.0288549 0.0875)
(0.775276 0.0147402 0.085001)
(0.825003 0.0234173 0.0825)
(0.81266 0.0248123 0.085)
(0.837226 0.022012 0.085)
(0.825003 0.0234173 0.0875)
(0.825011 0.0122951 0.0850001)
(0.225092 0.0585674 0.085)
(0.275016 0.0598572 0.085)
(0.324985 0.0598699 0.085)
(0.374937 0.0588469 0.085)
(0.42371 0.0570459 0.085)
(0.0278693 0.0221669 0.0924999)
(0.0341804 0.0280908 0.0949992)
(0.0284995 0.0126397 0.0977925)
(0.0266127 0.0231573 0.097497)
(0.0743205 0.0275792 0.0925587)
(0.0619154 0.0264698 0.0951919)
(0.0870851 0.0267201 0.0951964)
(0.073406 0.0408487 0.0949997)
(0.0748676 0.0118892 0.0950808)
(0.0748693 0.0252899 0.0983272)
(0.124863 0.0253832 0.0925423)
(0.112399 0.02504 0.0950674)
(0.137367 0.0255441 0.0952047)
(0.124782 0.0389832 0.09509)
(0.124975 0.0115216 0.0950238)
(0.124925 0.0250731 0.0976224)
(0.174857 0.0260656 0.092833)
(0.162413 0.0253632 0.0958201)
(0.187441 0.025132 0.0953797)
(0.174925 0.0383086 0.0968071)
(0.174984 0.0115734 0.0951404)
(0.174973 0.0248511 0.0980961)
(0.22501 0.0239044 0.092525)
(0.212501 0.0241669 0.0950991)
(0.237511 0.0239601 0.0950161)
(0.225035 0.0362818 0.0950935)
(0.225003 0.0113403 0.0950098)
(0.225008 0.0241932 0.0975476)
(0.275005 0.0240038 0.0925003)
(0.262506 0.024039 0.0950015)
(0.287503 0.0241122 0.0950001)
(0.275009 0.0366254 0.0950006)
(0.275002 0.0113981 0.0950001)
(0.275004 0.0242567 0.0975003)
(0.324998 0.0240462 0.0925002)
(0.3125 0.0241315 0.0950001)
(0.337496 0.0240992 0.0950013)
(0.324993 0.0366492 0.0950006)
(0.325001 0.0114526 0.0950001)
(0.324998 0.0242893 0.0975003)
(0.374989 0.023909 0.0925174)
(0.362492 0.0240379 0.0950126)
(0.387489 0.0240318 0.0950639)
(0.374969 0.0362336 0.095078)
(0.374999 0.0114797 0.0950066)
(0.374993 0.0242362 0.0975369)
(0.425023 0.0247721 0.0926121)
(0.412498 0.0242728 0.0951264)
(0.437541 0.025261 0.0954006)
(0.425025 0.0376703 0.0954115)
(0.425005 0.0116741 0.0950469)
(0.425007 0.0246595 0.0977388)
(0.475111 0.0264943 0.0929606)
(0.462545 0.0254079 0.0960406)
(0.487555 0.0254997 0.0958945)
(0.475047 0.0382522 0.0970826)
(0.475014 0.0119079 0.0951932)
(0.475018 0.0249921 0.0982323)
(0.525083 0.0257837 0.0925628)
(0.512578 0.0257654 0.0952443)
(0.537554 0.0253636 0.095062)
(0.525124 0.0392328 0.0952219)
(0.525015 0.0119477 0.0950359)
(0.525032 0.0251627 0.0978124)
(0.574977 0.0243077 0.0925115)
(0.562505 0.0246992 0.0950112)
(0.587459 0.0241283 0.0950687)
(0.574953 0.0368234 0.0950196)
(0.574997 0.0117366 0.0950069)
(0.574982 0.0244892 0.0975286)
(0.625186 0.0269434 0.0926926)
(0.612522 0.0249552 0.0953137)
(0.637562 0.0255838 0.0967324)
(0.627783 0.0424033 0.0949998)
(0.625026 0.0121744 0.0951644)
(0.62502 0.0251161 0.0983795)
(0.67521 0.0271345 0.0925755)
(0.662689 0.0269296 0.0955165)
(0.687626 0.0262045 0.0950695)
(0.675251 0.0386113 0.095)
(0.675038 0.0123443 0.0950812)
(0.675039 0.0253455 0.0982763)
(0.724925 0.0241377 0.0925095)
(0.712472 0.0246023 0.0950113)
(0.737505 0.024952 0.0950815)
(0.724711 0.0341913 0.0950001)
(0.724992 0.0119038 0.0950231)
(0.724917 0.0240976 0.0975871)
(0.775597 0.0282865 0.0925)
(0.763223 0.0243901 0.0987499)
(0.787842 0.0265133 0.095)
(0.775044 0.0126734 0.0962569)
(0.775086 0.023609 0.099375)
(0.825003 0.0234172 0.0925)
(0.812643 0.0246692 0.095)
(0.837226 0.0220205 0.0950001)
(0.825004 0.012255 0.0950279)
(0.824991 0.0234212 0.0975002)
(0.856552 0.0196269 0.0950005)
(0.225083 0.0588014 0.095)
(0.275016 0.0598572 0.095)
(0.324985 0.0598699 0.095)
(0.374943 0.059053 0.095)
(0.423725 0.0573589 0.0950002)
(0.0315067 0.00625277 0.000595624)
(0.0750032 9.97923e-05 0.00275957)
(0.0750178 0.0137107 4.91265e-06)
(0.049466 0.0255824 0.00206587)
(0.0395684 0.0230803 0.000284489)
(0.0625753 0.0238351 1.35646e-05)
(0.0496556 0.0121887 0.00447734)
(0.0388334 0.000523497 0.0050296)
(0.062502 9.12524e-05 0.00502554)
(0.125003 0.000157555 0.00275957)
(0.125 0.0137978 1.56555e-07)
(0.0999754 0.0250179 0.00210074)
(0.0876381 0.0247189 4.01011e-05)
(0.112513 0.0249908 5.34003e-06)
(0.0999601 0.0118827 0.00478419)
(0.087502 0.000110856 0.00502554)
(0.112502 0.000141861 0.00502554)
(0.175003 0.000220504 0.00275957)
(0.175 0.0137978 1.35029e-07)
(0.149988 0.0249971 0.00201759)
(0.1375 0.025 2.5593e-09)
(0.162506 0.0250084 1.60178e-07)
(0.149982 0.0118799 0.00471251)
(0.137502 0.000173252 0.00502554)
(0.162502 0.000204752 0.00502554)
(0.225003 0.000283504 0.00275957)
(0.225 0.0137978 1.29958e-08)
(0.199997 0.0249092 0.00215478)
(0.187517 0.0250878 3.73432e-06)
(0.212501 0.0251271 7.52814e-07)
(0.199996 0.0117765 0.00478877)
(0.187502 0.000236252 0.00502554)
(0.212502 0.000267752 0.00502554)
(0.275003 0.000346504 0.00275957)
(0.275 0.0137978 0)
(0.250001 0.0248564 0.00217685)
(0.2375 0.0251277 0)
(0.2625 0.0251277 0)
(0.250002 0.0117225 0.00480517)
(0.237502 0.000299252 0.00502554)
(0.262502 0.000330752 0.00502554)
(0.325003 0.000409504 0.00275957)
(0.325 0.0137978 0)
(0.3 0.0248729 0.00217692)
(0.2875 0.0251277 0)
(0.3125 0.0251277 0)
(0.300001 0.011767 0.00480527)
(0.287502 0.000362252 0.00502554)
(0.312502 0.000393752 0.00502554)
(0.375003 0.000472503 0.00275957)
(0.375 0.0137978 0)
(0.35 0.0248663 0.00217692)
(0.3375 0.0251277 0)
(0.3625 0.0251277 0)
(0.35 0.0117864 0.00480527)
(0.337502 0.000425252 0.00502554)
(0.362502 0.000456752 0.00502554)
(0.425003 0.000535503 0.00275957)
(0.425 0.0137978 4.57323e-07)
(0.399999 0.0248548 0.00217555)
(0.3875 0.0251277 0)
(0.412499 0.0251271 7.52814e-07)
(0.399999 0.0118071 0.00480358)
(0.387502 0.000488252 0.00502554)
(0.412502 0.000519752 0.00502554)
(0.475003 0.000598503 0.00275957)
(0.475 0.0137978 1.39809e-09)
(0.450006 0.0250201 0.00203447)
(0.437483 0.0250878 3.73432e-06)
(0.462494 0.0250084 1.60113e-07)
(0.45001 0.0120675 0.00471679)
(0.437501 0.000551252 0.00502554)
(0.462501 0.000582752 0.00502554)
(0.525002 0.000661503 0.00275957)
(0.525 0.0137978 0)
(0.500011 0.0250762 0.00206977)
(0.4875 0.025 0)
(0.5125 0.025 0)
(0.500015 0.0121408 0.00475343)
(0.487501 0.000614252 0.00502554)
(0.512501 0.000645752 0.00502554)
(0.575002 0.000724503 0.00275957)
(0.575 0.0137978 0)
(0.550006 0.0249996 0.00214893)
(0.5375 0.025 0)
(0.5625 0.025 0)
(0.550006 0.012023 0.00479921)
(0.537501 0.000677252 0.00502554)
(0.562501 0.000708752 0.00502554)
(0.625002 0.00078916 0.00275957)
(0.624982 0.013758 5.80419e-06)
(0.599993 0.024839 0.00214772)
(0.5875 0.025 7.42186e-07)
(0.612442 0.0249486 2.40593e-05)
(0.599997 0.011932 0.00479422)
(0.587501 0.000740257 0.00502554)
(0.612501 0.000772089 0.00502554)
(0.675002 0.000850503 0.00275957)
(0.675 0.0136702 0)
(0.650015 0.0251021 0.00151319)
(0.637381 0.0241791 1.21768e-05)
(0.6625 0.0238298 1.91788e-07)
(0.650033 0.012387 0.00450626)
(0.637501 0.000803328 0.00502554)
(0.662501 0.000834752 0.00502554)
(0.725002 0.000917433 0.00275957)
(0.724987 0.0136612 8.00361e-06)
(0.700027 0.0252161 0.0020755)
(0.6875 0.0238298 0)
(0.7125 0.0238298 3.68006e-06)
(0.700013 0.0121937 0.00478978)
(0.687501 0.000866251 0.00502554)
(0.712501 0.000897835 0.00502554)
(0.775002 0.000977119 0.00276035)
(0.774983 0.0125384 2.10796e-06)
(0.752103 0.0263917 0.00119854)
(0.737054 0.0235956 0.000156678)
(0.750088 0.0129789 0.00458753)
(0.737501 0.000932856 0.00502554)
(0.762501 0.000961674 0.00502554)
(0.825002 0.0010395 0.00276035)
(0.825 0.0125 0)
(0.8 0.0223929 0)
(0.8125 0.0192532 0)
(0.800102 0.0131287 0.00468575)
(0.787501 0.000992258 0.00502554)
(0.812501 0.00102375 0.00502554)
(0.848357 0.0207134 0.00279223)
(0.837316 0.0192068 0)
(0.854819 0.0176491 0)
(0.849986 0.0119221 0.00380809)
(0.837366 0.00105508 0.00502651)
(0.856456 0.00107913 0.00503438)
(0.0509402 0.0357302 0.00502869)
(0.125 0.0473886 8.9677e-06)
(0.125 0.0362022 3.69136e-06)
(0.0998651 0.038142 0.00478503)
(0.092143 0.0453026 0.00502919)
(0.112549 0.0487844 0.00502651)
(0.174564 0.0483894 0.000201615)
(0.175119 0.0365515 1.19653e-05)
(0.149916 0.0382169 0.0033855)
(0.137053 0.0520077 0.00502554)
(0.162424 0.048393 2.17933e-05)
(0.225015 0.0496214 0.00213262)
(0.225 0.0373723 7.16074e-07)
(0.225 0.0566153 7.55757e-06)
(0.199982 0.0375599 0.00468004)
(0.184759 0.0555553 0.00502288)
(0.212545 0.0490225 0.00479135)
(0.201304 0.0576158 0.00502869)
(0.275001 0.0498963 0.00213394)
(0.275 0.0373723 0)
(0.275 0.0566153 0)
(0.250008 0.037094 0.00476272)
(0.237525 0.049137 0.0048042)
(0.26251 0.0494307 0.00480523)
(0.250038 0.0593856 0.00502554)
(0.324999 0.0499002 0.00213394)
(0.325 0.0373723 0)
(0.325 0.0566153 0)
(0.3 0.0372261 0.00476307)
(0.287503 0.0495813 0.00480527)
(0.312498 0.0495839 0.00480527)
(0.300004 0.0600157 0.00502554)
(0.37499 0.049663 0.00213386)
(0.375 0.0373723 0)
(0.375 0.0566153 0)
(0.349994 0.0371184 0.00476306)
(0.337492 0.0494515 0.00480527)
(0.362481 0.0491995 0.00480523)
(0.34997 0.0594717 0.00502554)
(0.424989 0.0497326 0.00205141)
(0.424942 0.0373209 2.30566e-05)
(0.423801 0.0568571 0.0012484)
(0.399983 0.0369163 0.00475677)
(0.387464 0.048859 0.0048042)
(0.412456 0.048797 0.00479133)
(0.399894 0.0580193 0.00502554)
(0.475 0.0473886 2.02479e-06)
(0.475 0.0362022 1.93737e-07)
(0.450045 0.038285 0.00347484)
(0.440184 0.0554952 0.00502288)
(0.462576 0.048393 2.17931e-05)
(0.525 0.0473886 0)
(0.525 0.0362022 0)
(0.500112 0.0391891 0.00442634)
(0.4875 0.0482846 0)
(0.512761 0.0521157 0.00502554)
(0.575018 0.047621 0.00275957)
(0.575 0.0362022 5.29233e-08)
(0.550044 0.0380375 0.0047719)
(0.537655 0.0504112 0.00502554)
(0.562523 0.0485875 0.00502554)
(0.619902 0.0440525 0.00279939)
(0.62425 0.0357498 0.000459834)
(0.599928 0.0365541 0.00479211)
(0.587367 0.0466549 0.00502554)
(0.611106 0.0449154 0.00502869)
(0.650076 0.035893 2.17551e-05)
(0.724868 0.0315525 5.17455e-05)
(0.700084 0.0366304 0.00502554)
(0.745257 0.0321634 0.00502919)
(0.0285064 0.0126396 0.0045369)
(0.0309985 0.00253726 0.0075)
(0.031 0.0013153 0.0125)
(0.0747864 0.0121956 0.00994546)
(0.0750019 9.57918e-05 0.0075)
(0.0750019 9.49923e-05 0.0125)
(0.048956 0.0261134 0.00733867)
(0.0337483 0.028471 0.01)
(0.0617775 0.0267898 0.00992861)
(0.0486957 0.026478 0.0124671)
(0.0490588 0.0123718 0.0149651)
(0.0388048 0.000167272 0.015)
(0.0625019 8.10935e-05 0.015)
(0.124962 0.0116742 0.00995552)
(0.125002 0.000157504 0.0075)
(0.125002 0.000157502 0.0125)
(0.0998315 0.025415 0.00735604)
(0.0870303 0.0268571 0.00994977)
(0.112381 0.0251655 0.00993093)
(0.0997672 0.025636 0.012478)
(0.0999294 0.0116275 0.0149966)
(0.0875019 0.000110252 0.015)
(0.112502 0.000141752 0.015)
(0.174961 0.0118997 0.00993009)
(0.175002 0.000220502 0.0075)
(0.175002 0.000220502 0.0125)
(0.149881 0.0257107 0.00713394)
(0.137349 0.0257507 0.00988207)
(0.162335 0.0262964 0.00981835)
(0.14981 0.0263048 0.0124378)
(0.149954 0.0117726 0.0149925)
(0.137502 0.000173252 0.015)
(0.162502 0.000204752 0.015)
(0.225003 0.0113995 0.00996412)
(0.225002 0.000283502 0.0075)
(0.225002 0.000283502 0.0125)
(0.199976 0.024786 0.00731977)
(0.18741 0.0255729 0.00988006)
(0.212497 0.0243425 0.00992292)
(0.199957 0.0248565 0.012461)
(0.199989 0.0114798 0.0149951)
(0.187502 0.000236252 0.015)
(0.212502 0.000267752 0.015)
(0.275002 0.0114561 0.00996548)
(0.275002 0.000346502 0.0075)
(0.275002 0.000346502 0.0125)
(0.250006 0.0243259 0.00736151)
(0.23751 0.0241254 0.00993194)
(0.262506 0.0242032 0.00993298)
(0.250009 0.0240601 0.0124721)
(0.250003 0.0113128 0.0149965)
(0.237502 0.000299252 0.015)
(0.262502 0.000330752 0.015)
(0.325001 0.0115059 0.00996549)
(0.325002 0.000409502 0.0075)
(0.325002 0.000409502 0.0125)
(0.300001 0.0244249 0.00736187)
(0.287502 0.0242706 0.00993305)
(0.3125 0.0242857 0.00993306)
(0.300001 0.0242042 0.0124723)
(0.300001 0.0113921 0.0149965)
(0.287502 0.000362252 0.015)
(0.312502 0.000393752 0.015)
(0.374998 0.0115094 0.00996537)
(0.375001 0.000472502 0.0075)
(0.375001 0.000472502 0.0125)
(0.349996 0.024374 0.00736186)
(0.337497 0.0242501 0.00993305)
(0.362492 0.0241733 0.00993298)
(0.349994 0.0241229 0.0124722)
(0.35 0.0114205 0.0149965)
(0.337501 0.000425252 0.015)
(0.362501 0.000456752 0.015)
(0.425008 0.0117807 0.00995564)
(0.425001 0.000535502 0.0075)
(0.425001 0.000535502 0.0125)
(0.399991 0.024318 0.00735693)
(0.387488 0.0241077 0.00993194)
(0.412499 0.0243731 0.00992283)
(0.399988 0.0240659 0.0124703)
(0.399999 0.0114655 0.0149963)
(0.387501 0.000488252 0.015)
(0.412501 0.000519752 0.015)
(0.475034 0.0123027 0.009918)
(0.475001 0.000598502 0.0075)
(0.475001 0.000598502 0.0125)
(0.450067 0.0258991 0.00713751)
(0.437562 0.02571 0.00987874)
(0.462612 0.0266664 0.00980569)
(0.450112 0.0266547 0.0124349)
(0.450028 0.012129 0.0149922)
(0.437501 0.000551252 0.015)
(0.462501 0.000582752 0.015)
(0.525023 0.012087 0.0099594)
(0.525001 0.000661502 0.0075)
(0.525001 0.000661502 0.0125)
(0.50008 0.0259341 0.0072466)
(0.487611 0.0264827 0.00982958)
(0.512593 0.0260136 0.00990878)
(0.500117 0.0264591 0.012452)
(0.50003 0.0121431 0.0149939)
(0.487501 0.000614252 0.015)
(0.512501 0.000645752 0.015)
(0.574996 0.011751 0.00996751)
(0.575001 0.000724501 0.0075)
(0.575001 0.000724501 0.0125)
(0.550026 0.0250431 0.0073628)
(0.537555 0.0253964 0.00993121)
(0.562506 0.0247282 0.00994324)
(0.550034 0.0250776 0.0124769)
(0.550009 0.0118409 0.0149968)
(0.537501 0.000677252 0.015)
(0.562501 0.000708751 0.015)
(0.625052 0.0124719 0.00994202)
(0.625001 0.0007876 0.0075)
(0.625001 0.000787501 0.0125)
(0.599972 0.0243596 0.00736025)
(0.587463 0.02419 0.00994292)
(0.612529 0.0250055 0.0099276)
(0.599967 0.0242212 0.0124766)
(0.599997 0.0117243 0.0149966)
(0.587501 0.000740251 0.015)
(0.612501 0.000771751 0.015)
(0.675062 0.0126082 0.0099587)
(0.675001 0.000850501 0.0075)
(0.675001 0.000850501 0.0125)
(0.650237 0.027453 0.00702421)
(0.637789 0.0280403 0.00986774)
(0.662769 0.0277436 0.00992426)
(0.650343 0.0286696 0.0124696)
(0.65008 0.0127516 0.0149947)
(0.637501 0.000803251 0.015)
(0.662501 0.000834751 0.015)
(0.724994 0.0119257 0.00997301)
(0.725001 0.000913725 0.0075)
(0.725001 0.000913501 0.0125)
(0.700049 0.0253331 0.007408)
(0.687631 0.0262069 0.00996146)
(0.712479 0.0246249 0.0099738)
(0.700059 0.0254621 0.0124922)
(0.700016 0.0120758 0.0149981)
(0.687501 0.000866251 0.015)
(0.712501 0.000897751 0.015)
(0.775263 0.01462 0.0099306)
(0.775001 0.000976529 0.0075)
(0.775001 0.000976501 0.0125)
(0.752944 0.0310072 0.0075)
(0.737524 0.0250899 0.00998034)
(0.763836 0.0301261 0.01)
(0.752973 0.0312857 0.0125)
(0.750169 0.013702 0.0149984)
(0.737501 0.000929251 0.015)
(0.762501 0.000960751 0.015)
(0.825012 0.0123037 0.00998406)
(0.825001 0.0010395 0.0075)
(0.825001 0.0010395 0.0125)
(0.800308 0.0261935 0.0075)
(0.787958 0.0275512 0.01)
(0.81266 0.0248123 0.01)
(0.800308 0.0261935 0.0125)
(0.800154 0.0135943 0.0149993)
(0.787501 0.000992251 0.015)
(0.812501 0.00102375 0.015)
(0.848499 0.0206967 0.0075)
(0.837226 0.022012 0.01)
(0.848499 0.0206967 0.0125)
(0.850204 0.0137136 0.0149994)
(0.837373 0.00105509 0.015)
(0.85651 0.0010792 0.015)
(0.0732611 0.0415107 0.01)
(0.0509307 0.0357642 0.015)
(0.124702 0.0505034 0.0075)
(0.124774 0.0390179 0.00993981)
(0.124702 0.0505044 0.0125)
(0.0997622 0.0386519 0.0149979)
(0.112554 0.0487935 0.015)
(0.17377 0.0554752 0.0075)
(0.174676 0.041213 0.00983635)
(0.173763 0.0555661 0.0125)
(0.149596 0.0413993 0.0149887)
(0.137066 0.0520092 0.015)
(0.161908 0.0545738 0.015)
(0.225055 0.0485456 0.00740874)
(0.225026 0.0365084 0.00992901)
(0.225092 0.0585677 0.01)
(0.225068 0.0481903 0.0124881)
(0.199932 0.0379337 0.0149873)
(0.184669 0.0563667 0.015)
(0.212577 0.0482743 0.0149963)
(0.201293 0.0574235 0.015)
(0.27501 0.0492586 0.00741186)
(0.275007 0.036797 0.00993304)
(0.275016 0.0598572 0.01)
(0.275013 0.0490538 0.0124887)
(0.25002 0.0364398 0.01499)
(0.237547 0.0483732 0.0149965)
(0.26252 0.0488595 0.0149965)
(0.250041 0.0593857 0.015)
(0.324991 0.0492723 0.00741187)
(0.324995 0.0368175 0.00993306)
(0.324985 0.0598699 0.01)
(0.324989 0.0490706 0.0124887)
(0.300001 0.0367352 0.0149901)
(0.287506 0.0491161 0.0149965)
(0.312496 0.0491211 0.0149965)
(0.300004 0.0600157 0.015)
(0.374959 0.0486012 0.00741162)
(0.374975 0.0364245 0.0099327)
(0.374937 0.0588469 0.01)
(0.374949 0.0482491 0.0124886)
(0.349984 0.0364913 0.0149901)
(0.337483 0.0488957 0.0149965)
(0.362464 0.0484674 0.0149965)
(0.349967 0.0594717 0.015)
(0.424994 0.0496298 0.00741259)
(0.42503 0.0377276 0.00990864)
(0.423711 0.0570721 0.01)
(0.424994 0.0495628 0.0124903)
(0.399963 0.0361485 0.0149893)
(0.387434 0.0479032 0.0149965)
(0.412425 0.0478944 0.0149963)
(0.39989 0.0580155 0.015)
(0.475347 0.0544101 0.0075)
(0.475243 0.0416641 0.00981045)
(0.475347 0.0544107 0.0125)
(0.450249 0.0421477 0.0149871)
(0.440261 0.0562926 0.015)
(0.462925 0.0551212 0.015)
(0.525196 0.0512677 0.0075)
(0.525148 0.0395565 0.00994678)
(0.525196 0.0512677 0.0125)
(0.500238 0.0411944 0.0149917)
(0.487806 0.0536931 0.015)
(0.512754 0.0521161 0.015)
(0.574941 0.0476269 0.0075)
(0.574958 0.036859 0.00996728)
(0.574941 0.0476269 0.0125)
(0.550068 0.0383409 0.0149966)
(0.537648 0.0504118 0.015)
(0.562516 0.0485881 0.015)
(0.627847 0.0432108 0.01)
(0.599873 0.0358516 0.0149971)
(0.587359 0.0466533 0.015)
(0.611106 0.0447059 0.015)
(0.675287 0.0389971 0.01)
(0.650552 0.0412694 0.015)
(0.724712 0.034191 0.01)
(0.700073 0.0366314 0.015)
(0.020573 0.020573 0.02)
(0.0310014 0.000209047 0.0175)
(0.0310016 3.9062e-05 0.0225)
(0.0747929 0.0119993 0.0199995)
(0.0750019 9.4573e-05 0.0175)
(0.0750019 9.45024e-05 0.0225)
(0.0486269 0.0265682 0.0174977)
(0.0326571 0.0294309 0.02)
(0.0616716 0.0271263 0.0199995)
(0.0486187 0.0265781 0.0224999)
(0.0490124 0.0123935 0.0249999)
(0.0388049 4.88942e-05 0.025)
(0.0625019 7.87524e-05 0.025)
(0.124965 0.0115251 0.0199997)
(0.125002 0.000157502 0.0175)
(0.125002 0.000157502 0.0225)
(0.0997493 0.0257135 0.0174981)
(0.0869342 0.0273699 0.0199997)
(0.112359 0.0252209 0.0199994)
(0.0997415 0.0257434 0.0224999)
(0.0999299 0.0115996 0.025)
(0.0875019 0.000110252 0.025)
(0.112502 0.000141752 0.025)
(0.174961 0.0117717 0.0199995)
(0.175002 0.000220502 0.0175)
(0.175002 0.000220502 0.0225)
(0.149792 0.0264488 0.0174941)
(0.137313 0.0259881 0.0199989)
(0.162287 0.0267548 0.0199984)
(0.149785 0.0265015 0.0224997)
(0.149954 0.0117516 0.025)
(0.137502 0.000173252 0.025)
(0.162502 0.000204752 0.025)
(0.225003 0.0112709 0.0199997)
(0.225002 0.000283502 0.0175)
(0.225002 0.000283502 0.0225)
(0.199951 0.0248589 0.0174957)
(0.187382 0.0257921 0.0199987)
(0.212494 0.0241902 0.019999)
(0.199952 0.0247955 0.0224997)
(0.199989 0.0114365 0.025)
(0.187502 0.000236252 0.025)
(0.212502 0.000267752 0.025)
(0.275002 0.011329 0.0199998)
(0.275002 0.000346502 0.0175)
(0.275002 0.000346502 0.0225)
(0.25001 0.0239555 0.017497)
(0.237512 0.0238804 0.0199992)
(0.262507 0.0239746 0.0199992)
(0.25001 0.0238873 0.0224998)
(0.250003 0.0112709 0.025)
(0.237502 0.000299252 0.025)
(0.262502 0.000330752 0.025)
(0.325001 0.0113855 0.0199998)
(0.325002 0.000409502 0.0175)
(0.325002 0.000409502 0.0225)
(0.300001 0.0241145 0.017497)
(0.287503 0.0240612 0.0199992)
(0.312499 0.0240807 0.0199992)
(0.300001 0.0240512 0.0224998)
(0.300001 0.0113511 0.025)
(0.287502 0.000362252 0.025)
(0.312502 0.000393752 0.025)
(0.374998 0.0113976 0.0199998)
(0.375001 0.000472502 0.0175)
(0.375001 0.000472502 0.0225)
(0.349993 0.0240245 0.017497)
(0.337495 0.0240347 0.0199992)
(0.36249 0.0239361 0.0199992)
(0.349993 0.0239643 0.0224998)
(0.35 0.0113831 0.025)
(0.337501 0.000425252 0.025)
(0.362501 0.000456752 0.025)
(0.425009 0.0116868 0.0199996)
(0.425001 0.000535502 0.0175)
(0.425001 0.000535502 0.0225)
(0.399987 0.0239692 0.0174967)
(0.387484 0.0238582 0.0199992)
(0.412499 0.024232 0.019999)
(0.399986 0.0239028 0.0224998)
(0.399999 0.0114313 0.025)
(0.387501 0.000488252 0.025)
(0.412501 0.000519752 0.025)
(0.475034 0.012216 0.0199994)
(0.475001 0.000598502 0.0175)
(0.475001 0.000598502 0.0225)
(0.450123 0.0268214 0.0174936)
(0.437581 0.0259694 0.0199987)
(0.462646 0.0272312 0.0199982)
(0.450127 0.0268825 0.0224997)
(0.450029 0.0121116 0.025)
(0.437501 0.000551252 0.025)
(0.462501 0.000582752 0.025)
(0.525021 0.0119797 0.0199997)
(0.525001 0.000661502 0.0175)
(0.525001 0.000661502 0.0225)
(0.500127 0.0265953 0.0174953)
(0.487642 0.026946 0.0199985)
(0.512613 0.0262658 0.0199991)
(0.500131 0.0266397 0.0224997)
(0.500031 0.0121273 0.025)
(0.487501 0.000614252 0.025)
(0.512501 0.000645752 0.025)
(0.574996 0.0116781 0.0199998)
(0.575001 0.000724501 0.0175)
(0.575001 0.000724501 0.0225)
(0.550037 0.0250866 0.0174979)
(0.537566 0.0254935 0.0199994)
(0.562507 0.0246823 0.0199995)
(0.550037 0.0250888 0.0224999)
(0.550009 0.011823 0.025)
(0.537501 0.000677252 0.025)
(0.562501 0.000708751 0.025)
(0.62505 0.0123813 0.0199997)
(0.625001 0.000787501 0.0175)
(0.625001 0.000787501 0.0225)
(0.599965 0.0241769 0.0174979)
(0.587456 0.024046 0.0199995)
(0.612542 0.0251302 0.0199995)
(0.599961 0.0241241 0.0224999)
(0.599996 0.011704 0.025)
(0.587501 0.000740251 0.025)
(0.612501 0.000771751 0.025)
(0.675055 0.0124705 0.0199998)
(0.675001 0.000850501 0.0175)
(0.675001 0.000850501 0.0225)
(0.650354 0.0287948 0.0174984)
(0.637842 0.0286763 0.0199996)
(0.662806 0.0281804 0.0199997)
(0.650354 0.028802 0.0224999)
(0.650081 0.0127528 0.025)
(0.637501 0.000803251 0.025)
(0.662501 0.000834751 0.025)
(0.724997 0.0119054 0.0199999)
(0.725001 0.000913501 0.0175)
(0.725001 0.000913501 0.0225)
(0.70006 0.0254806 0.0174995)
(0.687647 0.0264053 0.0199999)
(0.712475 0.0246212 0.0199999)
(0.70006 0.0254815 0.0225)
(0.700016 0.0120732 0.025)
(0.687501 0.000866251 0.025)
(0.712501 0.000897751 0.025)
(0.775276 0.0147414 0.02)
(0.775001 0.000976501 0.0175)
(0.775001 0.000976501 0.0225)
(0.752973 0.0312857 0.0175)
(0.737523 0.0251021 0.02)
(0.763839 0.0301495 0.02)
(0.752973 0.0312857 0.0225)
(0.75017 0.0137039 0.025)
(0.737501 0.000929251 0.025)
(0.762501 0.000960751 0.025)
(0.825011 0.0122953 0.02)
(0.825001 0.0010395 0.0175)
(0.825001 0.0010395 0.0225)
(0.800308 0.0261935 0.0175)
(0.787958 0.0275513 0.02)
(0.81266 0.0248123 0.02)
(0.800308 0.0261935 0.0225)
(0.800154 0.0135954 0.025)
(0.787501 0.000992251 0.025)
(0.812501 0.00102375 0.025)
(0.848499 0.0206967 0.0175)
(0.837226 0.022012 0.02)
(0.848499 0.0206967 0.0225)
(0.850204 0.0137145 0.025)
(0.837373 0.00105509 0.025)
(0.85651 0.0010792 0.025)
(0.0732496 0.041563 0.02)
(0.0509294 0.0357686 0.025)
(0.124702 0.0505044 0.0175)
(0.124743 0.0392791 0.0199996)
(0.124702 0.0505044 0.0225)
(0.0997593 0.0386688 0.025)
(0.112554 0.0487935 0.025)
(0.173763 0.0555661 0.0175)
(0.174607 0.0420657 0.0199992)
(0.173763 0.0555661 0.0225)
(0.149585 0.0415082 0.025)
(0.137066 0.0520092 0.025)
(0.161908 0.0545738 0.025)
(0.225071 0.0481041 0.017499)
(0.225032 0.0362344 0.0199991)
(0.225092 0.0585674 0.02)
(0.225072 0.0480762 0.0224999)
(0.19992 0.0380912 0.025)
(0.184669 0.0563667 0.025)
(0.212579 0.0482272 0.025)
(0.201293 0.0574235 0.025)
(0.275014 0.0490077 0.017499)
(0.275009 0.0365814 0.0199992)
(0.275016 0.0598572 0.02)
(0.275014 0.0489915 0.0224999)
(0.250025 0.0362825 0.025)
(0.237549 0.0483119 0.025)
(0.262521 0.0488165 0.025)
(0.250041 0.0593857 0.025)
(0.324988 0.0490252 0.017499)
(0.324993 0.0366078 0.0199992)
(0.324985 0.0598699 0.02)
(0.324988 0.0490093 0.0224999)
(0.300002 0.0366423 0.025)
(0.287506 0.0490838 0.025)
(0.312496 0.049089 0.025)
(0.300004 0.0600157 0.025)
(0.374946 0.0481608 0.017499)
(0.374967 0.0361026 0.0199992)
(0.374937 0.0588469 0.02)
(0.374945 0.0481303 0.0224999)
(0.349981 0.0363422 0.025)
(0.337482 0.048854 0.025)
(0.362462 0.0484077 0.025)
(0.349967 0.0594717 0.025)
(0.424993 0.0495378 0.0174992)
(0.425044 0.0379429 0.0199991)
(0.42371 0.0570459 0.02)
(0.424993 0.0495422 0.0225)
(0.399953 0.0358864 0.025)
(0.387432 0.047822 0.025)
(0.412422 0.0478329 0.025)
(0.39989 0.0580155 0.025)
(0.475347 0.0544107 0.0175)
(0.475288 0.0424778 0.0199992)
(0.475347 0.0544107 0.0225)
(0.450258 0.0423267 0.025)
(0.440261 0.0562926 0.025)
(0.462925 0.0551212 0.025)
(0.525196 0.0512677 0.0175)
(0.525169 0.0398758 0.0199997)
(0.525196 0.0512677 0.0225)
(0.500244 0.0412909 0.025)
(0.487806 0.0536931 0.025)
(0.512754 0.0521161 0.025)
(0.574941 0.0476269 0.0175)
(0.574951 0.0367928 0.0199998)
(0.574941 0.0476269 0.0225)
(0.550069 0.0383634 0.025)
(0.537648 0.0504118 0.025)
(0.562516 0.0485881 0.025)
(0.627853 0.0432766 0.02)
(0.59987 0.0358183 0.025)
(0.587359 0.0466533 0.025)
(0.611106 0.0447059 0.025)
(0.675287 0.0389971 0.02)
(0.650552 0.0412694 0.025)
(0.724712 0.0341888 0.02)
(0.700073 0.0366314 0.025)
(0.020573 0.020573 0.03)
(0.0310016 3.9062e-05 0.0275)
(0.0310016 3.9062e-05 0.0325)
(0.0747924 0.0119999 0.03)
(0.0750019 9.45024e-05 0.0275)
(0.0750019 9.45024e-05 0.0325)
(0.0486186 0.0265783 0.0275)
(0.0326571 0.0294309 0.03)
(0.061671 0.0271277 0.03)
(0.0486186 0.0265783 0.0325)
(0.0490123 0.0123935 0.035)
(0.0388049 4.88942e-05 0.035)
(0.0625019 7.87524e-05 0.035)
(0.124964 0.0115236 0.03)
(0.125002 0.000157502 0.0275)
(0.125002 0.000157502 0.0325)
(0.0997397 0.0257494 0.0275)
(0.0869325 0.0273765 0.03)
(0.112361 0.0251965 0.03)
(0.0997396 0.0257498 0.0325)
(0.0999298 0.0115999 0.035)
(0.0875019 0.000110252 0.035)
(0.112502 0.000141752 0.035)
(0.17496 0.011779 0.03)
(0.175002 0.000220502 0.0275)
(0.175002 0.000220502 0.0325)
(0.149784 0.0265161 0.0275)
(0.13731 0.0260048 0.03)
(0.162281 0.0268063 0.03)
(0.149783 0.0265175 0.0325)
(0.149953 0.0117534 0.035)
(0.137502 0.000173252 0.035)
(0.162502 0.000204752 0.035)
(0.225003 0.0112542 0.03)
(0.225002 0.000283502 0.0275)
(0.225002 0.000283502 0.0325)
(0.199952 0.0247658 0.0275)
(0.187381 0.0257843 0.03)
(0.212494 0.0241194 0.03)
(0.199952 0.024764 0.0325)
(0.199989 0.0114341 0.035)
(0.187502 0.000236252 0.035)
(0.212502 0.000267752 0.035)
(0.275002 0.0113121 0.03)
(0.275002 0.000346502 0.0275)
(0.275002 0.000346502 0.0325)
(0.25001 0.0238612 0.0275)
(0.237512 0.0238215 0.03)
(0.262507 0.0239132 0.03)
(0.25001 0.0238567 0.0325)
(0.250003 0.0112669 0.035)
(0.237502 0.000299252 0.035)
(0.262502 0.000330752 0.035)
(0.325001 0.0113696 0.03)
(0.325002 0.000409502 0.0275)
(0.325002 0.000409502 0.0325)
(0.300001 0.0240195 0.0275)
(0.287503 0.0239973 0.03)
(0.3125 0.0240188 0.03)
(0.300001 0.0240154 0.0325)
(0.300001 0.011347 0.035)
(0.287502 0.000362252 0.035)
(0.312502 0.000393752 0.035)
(0.374999 0.0113851 0.03)
(0.375001 0.000472502 0.0275)
(0.375001 0.000472502 0.0325)
(0.349993 0.0239422 0.0275)
(0.337496 0.023979 0.03)
(0.362491 0.0238899 0.03)
(0.349993 0.0239381 0.0325)
(0.35 0.0113795 0.035)
(0.337501 0.000425252 0.035)
(0.362501 0.000456752 0.035)
(0.425009 0.0116768 0.03)
(0.425001 0.000535502 0.0275)
(0.425001 0.000535502 0.0325)
(0.399987 0.0238932 0.0275)
(0.387485 0.0238198 0.03)
(0.4125 0.0241825 0.03)
(0.399987 0.0238895 0.0325)
(0.399999 0.0114285 0.035)
(0.387501 0.000488252 0.035)
(0.412501 0.000519752 0.035)
(0.475035 0.0122279 0.03)
(0.475001 0.000598502 0.0275)
(0.475001 0.000598502 0.0325)
(0.450128 0.0269025 0.0275)
(0.437582 0.0259672 0.03)
(0.46265 0.0272893 0.03)
(0.450128 0.0269041 0.0325)
(0.450029 0.0121137 0.035)
(0.437501 0.000551252 0.035)
(0.462501 0.000582752 0.035)
(0.525022 0.0119833 0.03)
(0.525001 0.000661502 0.0275)
(0.525001 0.000661502 0.0325)
(0.500132 0.0266519 0.0275)
(0.487644 0.026985 0.03)
(0.512615 0.0262887 0.03)
(0.500132 0.0266533 0.0325)
(0.500031 0.0121292 0.035)
(0.487501 0.000614252 0.035)
(0.512501 0.000645752 0.035)
(0.574996 0.0116724 0.03)
(0.575001 0.000724501 0.0275)
(0.575001 0.000724501 0.0325)
(0.550038 0.0250893 0.0275)
(0.537567 0.0255024 0.03)
(0.562507 0.0246748 0.03)
(0.550038 0.0250894 0.0325)
(0.550009 0.011823 0.035)
(0.537501 0.000677252 0.035)
(0.562501 0.000708751 0.035)
(0.62505 0.0123825 0.03)
(0.625001 0.000787501 0.0275)
(0.625001 0.000787501 0.0325)
(0.59996 0.0241085 0.0275)
(0.587454 0.0240116 0.03)
(0.612544 0.0251579 0.03)
(0.59996 0.0241076 0.0325)
(0.599996 0.0117029 0.035)
(0.587501 0.000740251 0.035)
(0.612501 0.000771751 0.035)
(0.675055 0.0124707 0.03)
(0.675001 0.000850501 0.0275)
(0.675001 0.000850501 0.0325)
(0.650354 0.0288025 0.0275)
(0.637842 0.0286797 0.03)
(0.662806 0.0281817 0.03)
(0.650354 0.0288025 0.0325)
(0.650081 0.0127529 0.035)
(0.637501 0.000803251 0.035)
(0.662501 0.000834751 0.035)
(0.724997 0.0119053 0.03)
(0.725001 0.000913501 0.0275)
(0.725001 0.000913501 0.0325)
(0.70006 0.0254815 0.0275)
(0.687647 0.0264058 0.03)
(0.712475 0.0246212 0.03)
(0.70006 0.0254815 0.0325)
(0.700016 0.0120732 0.035)
(0.687501 0.000866251 0.035)
(0.712501 0.000897751 0.035)
(0.775276 0.0147415 0.03)
(0.775001 0.000976501 0.0275)
(0.775001 0.000976501 0.0325)
(0.752973 0.0312857 0.0275)
(0.737523 0.0251021 0.03)
(0.763839 0.0301495 0.03)
(0.752973 0.0312857 0.0325)
(0.75017 0.0137039 0.035)
(0.737501 0.000929251 0.035)
(0.762501 0.000960751 0.035)
(0.825011 0.0122953 0.03)
(0.825001 0.0010395 0.0275)
(0.825001 0.0010395 0.0325)
(0.800308 0.0261935 0.0275)
(0.787958 0.0275513 0.03)
(0.81266 0.0248123 0.03)
(0.800308 0.0261935 0.0325)
(0.800154 0.0135954 0.035)
(0.787501 0.000992251 0.035)
(0.812501 0.00102375 0.035)
(0.848499 0.0206967 0.0275)
(0.837226 0.022012 0.03)
(0.848499 0.0206967 0.0325)
(0.850204 0.0137145 0.035)
(0.837373 0.00105509 0.035)
(0.85651 0.0010792 0.035)
(0.0732496 0.041563 0.03)
(0.0509294 0.0357686 0.035)
(0.124702 0.0505044 0.0275)
(0.124742 0.0392814 0.03)
(0.124702 0.0505044 0.0325)
(0.0997592 0.0386691 0.035)
(0.112554 0.0487935 0.035)
(0.173763 0.0555661 0.0275)
(0.174605 0.0420885 0.03)
(0.173763 0.0555661 0.0325)
(0.149585 0.0415104 0.035)
(0.137066 0.0520092 0.035)
(0.161908 0.0545738 0.035)
(0.225073 0.0480645 0.0275)
(0.225038 0.0361266 0.03)
(0.225092 0.0585674 0.03)
(0.225073 0.0480628 0.0325)
(0.19992 0.0380935 0.035)
(0.184669 0.0563667 0.035)
(0.212579 0.0482239 0.035)
(0.201293 0.0574235 0.035)
(0.275014 0.0489851 0.0275)
(0.27501 0.0365321 0.03)
(0.275016 0.0598572 0.03)
(0.275014 0.0489838 0.0325)
(0.250025 0.0362667 0.035)
(0.237549 0.0483063 0.035)
(0.262521 0.0488123 0.035)
(0.250041 0.0593857 0.035)
(0.324988 0.0490028 0.0275)
(0.324992 0.0365587 0.03)
(0.324985 0.0598699 0.03)
(0.324988 0.0490016 0.0325)
(0.300002 0.0366327 0.035)
(0.287506 0.0490807 0.035)
(0.312495 0.0490859 0.035)
(0.300004 0.0600157 0.035)
(0.374945 0.0481158 0.0275)
(0.374963 0.0359889 0.03)
(0.374937 0.0588469 0.03)
(0.374945 0.0481135 0.0325)
(0.34998 0.0363267 0.035)
(0.337482 0.0488499 0.035)
(0.362462 0.0484018 0.035)
(0.349967 0.0594717 0.035)
(0.424993 0.0495432 0.0275)
(0.425047 0.0380029 0.03)
(0.42371 0.0570459 0.03)
(0.424993 0.0495429 0.0325)
(0.399953 0.035863 0.035)
(0.387431 0.0478144 0.035)
(0.412422 0.0478283 0.035)
(0.39989 0.0580155 0.035)
(0.475347 0.0544107 0.0275)
(0.475289 0.0424973 0.03)
(0.475347 0.0544107 0.0325)
(0.450258 0.0423299 0.035)
(0.440261 0.0562926 0.035)
(0.462925 0.0551212 0.035)
(0.525196 0.0512677 0.0275)
(0.52517 0.0398832 0.03)
(0.525196 0.0512677 0.0325)
(0.500244 0.0412931 0.035)
(0.487806 0.0536931 0.035)
(0.512754 0.0521161 0.035)
(0.574941 0.0476269 0.0275)
(0.574951 0.0367874 0.03)
(0.574941 0.0476269 0.0325)
(0.55007 0.0383635 0.035)
(0.537648 0.0504118 0.035)
(0.562516 0.0485881 0.035)
(0.627853 0.0432766 0.03)
(0.59987 0.0358172 0.035)
(0.587359 0.0466533 0.035)
(0.611106 0.0447059 0.035)
(0.675287 0.0389971 0.03)
(0.650552 0.0412694 0.035)
(0.724712 0.0341888 0.03)
(0.700073 0.0366314 0.035)
(0.020573 0.020573 0.04)
(0.0310016 3.9062e-05 0.0375)
(0.0310016 3.9062e-05 0.0425)
(0.0747924 0.0119999 0.04)
(0.0750019 9.45024e-05 0.0375)
(0.0750019 9.45024e-05 0.0425)
(0.0486186 0.0265783 0.0375)
(0.0326571 0.0294309 0.04)
(0.061671 0.0271278 0.04)
(0.0486186 0.0265783 0.0425)
(0.0490123 0.0123935 0.045)
(0.0388049 4.88942e-05 0.045)
(0.0625019 7.87524e-05 0.045)
(0.124964 0.0115237 0.04)
(0.125002 0.000157502 0.0375)
(0.125002 0.000157502 0.0425)
(0.0997396 0.0257497 0.0375)
(0.0869325 0.0273765 0.04)
(0.112361 0.0251965 0.04)
(0.0997396 0.0257498 0.0425)
(0.0999298 0.0115999 0.045)
(0.0875019 0.000110252 0.045)
(0.112502 0.000141752 0.045)
(0.17496 0.0117792 0.04)
(0.175002 0.000220502 0.0375)
(0.175002 0.000220502 0.0425)
(0.149783 0.0265176 0.0375)
(0.13731 0.0260051 0.04)
(0.162281 0.0268068 0.04)
(0.149783 0.0265177 0.0425)
(0.149953 0.0117534 0.045)
(0.137502 0.000173252 0.045)
(0.162502 0.000204752 0.045)
(0.225003 0.0112537 0.04)
(0.225002 0.000283502 0.0375)
(0.225002 0.000283502 0.0425)
(0.199952 0.0247639 0.0375)
(0.187381 0.0257844 0.04)
(0.212494 0.0241183 0.04)
(0.199952 0.0247639 0.0425)
(0.199989 0.0114341 0.045)
(0.187502 0.000236252 0.045)
(0.212502 0.000267752 0.045)
(0.275002 0.0113116 0.04)
(0.275002 0.000346502 0.0375)
(0.275002 0.000346502 0.0425)
(0.25001 0.0238563 0.0375)
(0.237512 0.0238199 0.04)
(0.262507 0.0239116 0.04)
(0.25001 0.0238562 0.0425)
(0.250003 0.0112668 0.045)
(0.237502 0.000299252 0.045)
(0.262502 0.000330752 0.045)
(0.325001 0.0113691 0.04)
(0.325002 0.000409502 0.0375)
(0.325002 0.000409502 0.0425)
(0.300001 0.024015 0.0375)
(0.287503 0.0239959 0.04)
(0.3125 0.0240173 0.04)
(0.300001 0.024015 0.0425)
(0.300001 0.0113469 0.045)
(0.287502 0.000362252 0.045)
(0.312502 0.000393752 0.045)
(0.374999 0.0113846 0.04)
(0.375001 0.000472502 0.0375)
(0.375001 0.000472502 0.0425)
(0.349993 0.0239376 0.0375)
(0.337496 0.0239775 0.04)
(0.362491 0.0238883 0.04)
(0.349993 0.0239376 0.0425)
(0.35 0.0113795 0.045)
(0.337501 0.000425252 0.045)
(0.362501 0.000456752 0.045)
(0.425009 0.0116767 0.04)
(0.425001 0.000535502 0.0375)
(0.425001 0.000535502 0.0425)
(0.399987 0.0238891 0.0375)
(0.387485 0.0238182 0.04)
(0.4125 0.0241815 0.04)
(0.399987 0.023889 0.0425)
(0.399999 0.0114285 0.045)
(0.387501 0.000488252 0.045)
(0.412501 0.000519752 0.045)
(0.475035 0.0122282 0.04)
(0.475001 0.000598502 0.0375)
(0.475001 0.000598502 0.0425)
(0.450128 0.0269043 0.0375)
(0.437582 0.0259674 0.04)
(0.46265 0.0272899 0.04)
(0.450128 0.0269043 0.0425)
(0.450029 0.0121137 0.045)
(0.437501 0.000551252 0.045)
(0.462501 0.000582752 0.045)
(0.525022 0.0119834 0.04)
(0.525001 0.000661502 0.0375)
(0.525001 0.000661502 0.0425)
(0.500132 0.0266534 0.0375)
(0.487644 0.0269855 0.04)
(0.512615 0.026289 0.04)
(0.500132 0.0266535 0.0425)
(0.500031 0.0121292 0.045)
(0.487501 0.000614252 0.045)
(0.512501 0.000645752 0.045)
(0.574996 0.0116723 0.04)
(0.575001 0.000724501 0.0375)
(0.575001 0.000724501 0.0425)
(0.550038 0.0250894 0.0375)
(0.537567 0.0255026 0.04)
(0.562507 0.0246747 0.04)
(0.550038 0.0250894 0.0425)
(0.550009 0.011823 0.045)
(0.537501 0.000677252 0.045)
(0.562501 0.000708751 0.045)
(0.62505 0.0123825 0.04)
(0.625001 0.000787501 0.0375)
(0.625001 0.000787501 0.0425)
(0.59996 0.0241076 0.0375)
(0.587453 0.0240113 0.04)
(0.612544 0.0251579 0.04)
(0.59996 0.0241076 0.0425)
(0.599996 0.0117029 0.045)
(0.587501 0.000740251 0.045)
(0.612501 0.000771751 0.045)
(0.675055 0.0124707 0.04)
(0.675001 0.000850501 0.0375)
(0.675001 0.000850501 0.0425)
(0.650354 0.0288025 0.0375)
(0.637842 0.0286797 0.04)
(0.662806 0.0281817 0.04)
(0.650354 0.0288025 0.0425)
(0.650081 0.0127529 0.045)
(0.637501 0.000803251 0.045)
(0.662501 0.000834751 0.045)
(0.724997 0.0119053 0.04)
(0.725001 0.000913501 0.0375)
(0.725001 0.000913501 0.0425)
(0.70006 0.0254815 0.0375)
(0.687647 0.0264058 0.04)
(0.712475 0.0246212 0.04)
(0.70006 0.0254815 0.0425)
(0.700016 0.0120732 0.045)
(0.687501 0.000866251 0.045)
(0.712501 0.000897751 0.045)
(0.775276 0.0147415 0.04)
(0.775001 0.000976501 0.0375)
(0.775001 0.000976501 0.0425)
(0.752973 0.0312857 0.0375)
(0.737523 0.0251021 0.04)
(0.763839 0.0301495 0.04)
(0.752973 0.0312857 0.0425)
(0.75017 0.0137039 0.045)
(0.737501 0.000929251 0.045)
(0.762501 0.000960751 0.045)
(0.825011 0.0122953 0.04)
(0.825001 0.0010395 0.0375)
(0.825001 0.0010395 0.0425)
(0.800308 0.0261935 0.0375)
(0.787958 0.0275513 0.04)
(0.81266 0.0248123 0.04)
(0.800308 0.0261935 0.0425)
(0.800154 0.0135954 0.045)
(0.787501 0.000992251 0.045)
(0.812501 0.00102375 0.045)
(0.848499 0.0206967 0.0375)
(0.837226 0.022012 0.04)
(0.848499 0.0206967 0.0425)
(0.850204 0.0137145 0.045)
(0.837373 0.00105509 0.045)
(0.85651 0.0010792 0.045)
(0.0732496 0.041563 0.04)
(0.0509294 0.0357686 0.045)
(0.124702 0.0505044 0.0375)
(0.124742 0.0392815 0.04)
(0.124702 0.0505044 0.0425)
(0.0997592 0.0386691 0.045)
(0.112554 0.0487935 0.045)
(0.173763 0.0555661 0.0375)
(0.174605 0.0420887 0.04)
(0.173763 0.0555661 0.0425)
(0.149585 0.0415104 0.045)
(0.137066 0.0520092 0.045)
(0.161908 0.0545738 0.045)
(0.225073 0.0480626 0.0375)
(0.225038 0.0361249 0.04)
(0.225092 0.0585674 0.04)
(0.225073 0.0480626 0.0425)
(0.19992 0.0380934 0.045)
(0.184669 0.0563667 0.045)
(0.212579 0.0482239 0.045)
(0.201293 0.0574235 0.045)
(0.275014 0.0489837 0.0375)
(0.27501 0.0365306 0.04)
(0.275016 0.0598572 0.04)
(0.275014 0.0489837 0.0425)
(0.250025 0.0362665 0.045)
(0.237549 0.0483062 0.045)
(0.262521 0.0488123 0.045)
(0.250041 0.0593857 0.045)
(0.324988 0.0490015 0.0375)
(0.324992 0.0365573 0.04)
(0.324985 0.0598699 0.04)
(0.324988 0.0490015 0.0425)
(0.300002 0.0366326 0.045)
(0.287506 0.0490807 0.045)
(0.312495 0.0490858 0.045)
(0.300004 0.0600157 0.045)
(0.374945 0.0481133 0.0375)
(0.374963 0.0359867 0.04)
(0.374937 0.0588469 0.04)
(0.374945 0.0481133 0.0425)
(0.34998 0.0363266 0.045)
(0.337482 0.0488499 0.045)
(0.362462 0.0484017 0.045)
(0.349967 0.0594717 0.045)
(0.424993 0.0495429 0.0375)
(0.425047 0.0380025 0.04)
(0.42371 0.0570459 0.04)
(0.424993 0.0495429 0.0425)
(0.399953 0.0358629 0.045)
(0.387431 0.0478143 0.045)
(0.412422 0.0478283 0.045)
(0.39989 0.0580155 0.045)
(0.475347 0.0544107 0.0375)
(0.475289 0.0424976 0.04)
(0.475347 0.0544107 0.0425)
(0.450258 0.0423299 0.045)
(0.440261 0.0562926 0.045)
(0.462925 0.0551212 0.045)
(0.525196 0.0512677 0.0375)
(0.52517 0.0398834 0.04)
(0.525196 0.0512677 0.0425)
(0.500244 0.0412931 0.045)
(0.487806 0.0536931 0.045)
(0.512754 0.0521161 0.045)
(0.574941 0.0476269 0.0375)
(0.574951 0.0367873 0.04)
(0.574941 0.0476269 0.0425)
(0.55007 0.0383635 0.045)
(0.537648 0.0504118 0.045)
(0.562516 0.0485881 0.045)
(0.627853 0.0432766 0.04)
(0.59987 0.0358172 0.045)
(0.587359 0.0466533 0.045)
(0.611106 0.0447059 0.045)
(0.675287 0.0389971 0.04)
(0.650552 0.0412694 0.045)
(0.724712 0.0341888 0.04)
(0.700073 0.0366314 0.045)
(0.020573 0.020573 0.05)
(0.0310016 3.9062e-05 0.0475)
(0.0310016 3.9062e-05 0.0525)
(0.0747924 0.0119999 0.05)
(0.0750019 9.45024e-05 0.0475)
(0.0750019 9.45024e-05 0.0525)
(0.0486186 0.0265783 0.0475)
(0.0326571 0.0294309 0.05)
(0.061671 0.0271278 0.05)
(0.0486186 0.0265783 0.0525)
(0.0490123 0.0123935 0.055)
(0.0388049 4.88942e-05 0.055)
(0.0625019 7.87524e-05 0.055)
(0.124964 0.0115237 0.05)
(0.125002 0.000157502 0.0475)
(0.125002 0.000157502 0.0525)
(0.0997396 0.0257497 0.0475)
(0.0869325 0.0273765 0.05)
(0.112361 0.0251965 0.05)
(0.0997396 0.0257498 0.0525)
(0.0999298 0.0115999 0.055)
(0.0875019 0.000110252 0.055)
(0.112502 0.000141752 0.055)
(0.17496 0.0117792 0.05)
(0.175002 0.000220502 0.0475)
(0.175002 0.000220502 0.0525)
(0.149783 0.0265176 0.0475)
(0.13731 0.0260051 0.05)
(0.162281 0.0268068 0.05)
(0.149783 0.0265177 0.0525)
(0.149953 0.0117534 0.055)
(0.137502 0.000173252 0.055)
(0.162502 0.000204752 0.055)
(0.225003 0.0112537 0.05)
(0.225002 0.000283502 0.0475)
(0.225002 0.000283502 0.0525)
(0.199952 0.0247639 0.0475)
(0.187381 0.0257844 0.05)
(0.212494 0.0241183 0.05)
(0.199952 0.0247639 0.0525)
(0.199989 0.0114341 0.055)
(0.187502 0.000236252 0.055)
(0.212502 0.000267752 0.055)
(0.275002 0.0113116 0.05)
(0.275002 0.000346502 0.0475)
(0.275002 0.000346502 0.0525)
(0.25001 0.0238562 0.0475)
(0.237512 0.0238199 0.05)
(0.262507 0.0239116 0.05)
(0.25001 0.0238562 0.0525)
(0.250003 0.0112668 0.055)
(0.237502 0.000299252 0.055)
(0.262502 0.000330752 0.055)
(0.325001 0.0113691 0.05)
(0.325002 0.000409502 0.0475)
(0.325002 0.000409502 0.0525)
(0.300001 0.024015 0.0475)
(0.287503 0.0239959 0.05)
(0.3125 0.0240173 0.05)
(0.300001 0.024015 0.0525)
(0.300001 0.0113469 0.055)
(0.287502 0.000362252 0.055)
(0.312502 0.000393752 0.055)
(0.374999 0.0113846 0.05)
(0.375001 0.000472502 0.0475)
(0.375001 0.000472502 0.0525)
(0.349993 0.0239376 0.0475)
(0.337496 0.0239775 0.05)
(0.362491 0.0238883 0.05)
(0.349993 0.0239376 0.0525)
(0.35 0.0113795 0.055)
(0.337501 0.000425252 0.055)
(0.362501 0.000456752 0.055)
(0.425009 0.0116767 0.05)
(0.425001 0.000535502 0.0475)
(0.425001 0.000535502 0.0525)
(0.399987 0.023889 0.0475)
(0.387485 0.0238182 0.05)
(0.4125 0.0241815 0.05)
(0.399987 0.023889 0.0525)
(0.399999 0.0114285 0.055)
(0.387501 0.000488252 0.055)
(0.412501 0.000519752 0.055)
(0.475035 0.0122282 0.05)
(0.475001 0.000598502 0.0475)
(0.475001 0.000598502 0.0525)
(0.450128 0.0269043 0.0475)
(0.437582 0.0259674 0.05)
(0.46265 0.0272899 0.05)
(0.450128 0.0269043 0.0525)
(0.450029 0.0121137 0.055)
(0.437501 0.000551252 0.055)
(0.462501 0.000582752 0.055)
(0.525022 0.0119834 0.05)
(0.525001 0.000661502 0.0475)
(0.525001 0.000661502 0.0525)
(0.500132 0.0266535 0.0475)
(0.487644 0.0269855 0.05)
(0.512615 0.0262891 0.05)
(0.500132 0.0266535 0.0525)
(0.500031 0.0121292 0.055)
(0.487501 0.000614252 0.055)
(0.512501 0.000645752 0.055)
(0.574996 0.0116723 0.05)
(0.575001 0.000724501 0.0475)
(0.575001 0.000724501 0.0525)
(0.550038 0.0250894 0.0475)
(0.537567 0.0255026 0.05)
(0.562507 0.0246747 0.05)
(0.550038 0.0250894 0.0525)
(0.550009 0.011823 0.055)
(0.537501 0.000677252 0.055)
(0.562501 0.000708751 0.055)
(0.62505 0.0123825 0.05)
(0.625001 0.000787501 0.0475)
(0.625001 0.000787501 0.0525)
(0.59996 0.0241076 0.0475)
(0.587453 0.0240113 0.05)
(0.612544 0.0251579 0.05)
(0.59996 0.0241076 0.0525)
(0.599996 0.0117029 0.055)
(0.587501 0.000740251 0.055)
(0.612501 0.000771751 0.055)
(0.675055 0.0124707 0.05)
(0.675001 0.000850501 0.0475)
(0.675001 0.000850501 0.0525)
(0.650354 0.0288025 0.0475)
(0.637842 0.0286797 0.05)
(0.662806 0.0281817 0.05)
(0.650354 0.0288025 0.0525)
(0.650081 0.0127529 0.055)
(0.637501 0.000803251 0.055)
(0.662501 0.000834751 0.055)
(0.724997 0.0119053 0.05)
(0.725001 0.000913501 0.0475)
(0.725001 0.000913501 0.0525)
(0.70006 0.0254815 0.0475)
(0.687647 0.0264058 0.05)
(0.712475 0.0246212 0.05)
(0.70006 0.0254815 0.0525)
(0.700016 0.0120732 0.055)
(0.687501 0.000866251 0.055)
(0.712501 0.000897751 0.055)
(0.775276 0.0147415 0.05)
(0.775001 0.000976501 0.0475)
(0.775001 0.000976501 0.0525)
(0.752973 0.0312857 0.0475)
(0.737523 0.0251021 0.05)
(0.763839 0.0301495 0.05)
(0.752973 0.0312857 0.0525)
(0.75017 0.0137039 0.055)
(0.737501 0.000929251 0.055)
(0.762501 0.000960751 0.055)
(0.825011 0.0122953 0.05)
(0.825001 0.0010395 0.0475)
(0.825001 0.0010395 0.0525)
(0.800308 0.0261935 0.0475)
(0.787958 0.0275513 0.05)
(0.81266 0.0248123 0.05)
(0.800308 0.0261935 0.0525)
(0.800154 0.0135954 0.055)
(0.787501 0.000992251 0.055)
(0.812501 0.00102375 0.055)
(0.848499 0.0206967 0.0475)
(0.837226 0.022012 0.05)
(0.848499 0.0206967 0.0525)
(0.850204 0.0137145 0.055)
(0.837373 0.00105509 0.055)
(0.85651 0.0010792 0.055)
(0.0732496 0.041563 0.05)
(0.0509294 0.0357686 0.055)
(0.124702 0.0505044 0.0475)
(0.124742 0.0392815 0.05)
(0.124702 0.0505044 0.0525)
(0.0997592 0.0386691 0.055)
(0.112554 0.0487935 0.055)
(0.173763 0.0555661 0.0475)
(0.174605 0.0420887 0.05)
(0.173763 0.0555661 0.0525)
(0.149585 0.0415104 0.055)
(0.137066 0.0520092 0.055)
(0.161908 0.0545738 0.055)
(0.225073 0.0480626 0.0475)
(0.225038 0.0361249 0.05)
(0.225092 0.0585674 0.05)
(0.225073 0.0480626 0.0525)
(0.19992 0.0380934 0.055)
(0.184669 0.0563667 0.055)
(0.212579 0.0482239 0.055)
(0.201293 0.0574235 0.055)
(0.275014 0.0489837 0.0475)
(0.27501 0.0365306 0.05)
(0.275016 0.0598572 0.05)
(0.275014 0.0489837 0.0525)
(0.250025 0.0362665 0.055)
(0.237549 0.0483062 0.055)
(0.262521 0.0488123 0.055)
(0.250041 0.0593857 0.055)
(0.324988 0.0490015 0.0475)
(0.324992 0.0365573 0.05)
(0.324985 0.0598699 0.05)
(0.324988 0.0490015 0.0525)
(0.300002 0.0366326 0.055)
(0.287506 0.0490807 0.055)
(0.312495 0.0490858 0.055)
(0.300004 0.0600157 0.055)
(0.374945 0.0481133 0.0475)
(0.374963 0.0359867 0.05)
(0.374937 0.0588469 0.05)
(0.374945 0.0481133 0.0525)
(0.34998 0.0363266 0.055)
(0.337482 0.0488499 0.055)
(0.362462 0.0484017 0.055)
(0.349967 0.0594717 0.055)
(0.424993 0.0495429 0.0475)
(0.425047 0.0380025 0.05)
(0.42371 0.0570459 0.05)
(0.424993 0.0495429 0.0525)
(0.399953 0.0358629 0.055)
(0.387431 0.0478143 0.055)
(0.412422 0.0478283 0.055)
(0.39989 0.0580155 0.055)
(0.475347 0.0544107 0.0475)
(0.475289 0.0424976 0.05)
(0.475347 0.0544107 0.0525)
(0.450258 0.0423299 0.055)
(0.440261 0.0562926 0.055)
(0.462925 0.0551212 0.055)
(0.525196 0.0512677 0.0475)
(0.52517 0.0398834 0.05)
(0.525196 0.0512677 0.0525)
(0.500244 0.0412931 0.055)
(0.487806 0.0536931 0.055)
(0.512754 0.0521161 0.055)
(0.574941 0.0476269 0.0475)
(0.574951 0.0367873 0.05)
(0.574941 0.0476269 0.0525)
(0.55007 0.0383635 0.055)
(0.537648 0.0504118 0.055)
(0.562516 0.0485881 0.055)
(0.627853 0.0432766 0.05)
(0.59987 0.0358172 0.055)
(0.587359 0.0466533 0.055)
(0.611106 0.0447059 0.055)
(0.675287 0.0389971 0.05)
(0.650552 0.0412694 0.055)
(0.724712 0.0341888 0.05)
(0.700073 0.0366314 0.055)
(0.020573 0.020573 0.06)
(0.0310016 3.9062e-05 0.0575)
(0.0310016 3.9062e-05 0.0625)
(0.0747924 0.0119999 0.06)
(0.0750019 9.45024e-05 0.0575)
(0.0750019 9.45024e-05 0.0625)
(0.0486186 0.0265783 0.0575)
(0.0326571 0.0294309 0.06)
(0.061671 0.0271278 0.06)
(0.0486186 0.0265783 0.0625)
(0.0490123 0.0123935 0.065)
(0.0388049 4.88942e-05 0.065)
(0.0625019 7.87524e-05 0.065)
(0.124964 0.0115237 0.06)
(0.125002 0.000157502 0.0575)
(0.125002 0.000157502 0.0625)
(0.0997396 0.0257497 0.0575)
(0.0869325 0.0273765 0.06)
(0.112361 0.0251965 0.06)
(0.0997396 0.0257498 0.0625)
(0.0999298 0.0115999 0.065)
(0.0875019 0.000110252 0.065)
(0.112502 0.000141752 0.065)
(0.17496 0.0117792 0.06)
(0.175002 0.000220502 0.0575)
(0.175002 0.000220502 0.0625)
(0.149783 0.0265176 0.0575)
(0.13731 0.0260051 0.06)
(0.162281 0.0268068 0.06)
(0.149783 0.0265177 0.0625)
(0.149953 0.0117534 0.065)
(0.137502 0.000173252 0.065)
(0.162502 0.000204752 0.065)
(0.225003 0.0112537 0.06)
(0.225002 0.000283502 0.0575)
(0.225002 0.000283502 0.0625)
(0.199952 0.0247639 0.0575)
(0.187381 0.0257844 0.06)
(0.212494 0.0241183 0.06)
(0.199952 0.0247639 0.0625)
(0.199989 0.0114341 0.065)
(0.187502 0.000236252 0.065)
(0.212502 0.000267752 0.065)
(0.275002 0.0113116 0.06)
(0.275002 0.000346502 0.0575)
(0.275002 0.000346502 0.0625)
(0.25001 0.0238562 0.0575)
(0.237512 0.0238199 0.06)
(0.262507 0.0239116 0.06)
(0.25001 0.0238562 0.0625)
(0.250003 0.0112668 0.065)
(0.237502 0.000299252 0.065)
(0.262502 0.000330752 0.065)
(0.325001 0.0113691 0.06)
(0.325002 0.000409502 0.0575)
(0.325002 0.000409502 0.0625)
(0.300001 0.024015 0.0575)
(0.287503 0.0239959 0.06)
(0.3125 0.0240173 0.06)
(0.300001 0.024015 0.0625)
(0.300001 0.0113469 0.065)
(0.287502 0.000362252 0.065)
(0.312502 0.000393752 0.065)
(0.374999 0.0113846 0.06)
(0.375001 0.000472502 0.0575)
(0.375001 0.000472502 0.0625)
(0.349993 0.0239376 0.0575)
(0.337496 0.0239775 0.06)
(0.362491 0.0238883 0.06)
(0.349993 0.0239376 0.0625)
(0.35 0.0113795 0.065)
(0.337501 0.000425252 0.065)
(0.362501 0.000456752 0.065)
(0.425009 0.0116767 0.06)
(0.425001 0.000535502 0.0575)
(0.425001 0.000535502 0.0625)
(0.399987 0.023889 0.0575)
(0.387485 0.0238182 0.06)
(0.4125 0.0241815 0.06)
(0.399987 0.023889 0.0625)
(0.399999 0.0114285 0.065)
(0.387501 0.000488252 0.065)
(0.412501 0.000519752 0.065)
(0.475035 0.0122282 0.06)
(0.475001 0.000598502 0.0575)
(0.475001 0.000598502 0.0625)
(0.450128 0.0269043 0.0575)
(0.437582 0.0259674 0.06)
(0.46265 0.0272899 0.06)
(0.450128 0.0269043 0.0625)
(0.450029 0.0121137 0.065)
(0.437501 0.000551252 0.065)
(0.462501 0.000582752 0.065)
(0.525022 0.0119834 0.06)
(0.525001 0.000661502 0.0575)
(0.525001 0.000661502 0.0625)
(0.500132 0.0266535 0.0575)
(0.487644 0.0269855 0.06)
(0.512615 0.0262891 0.06)
(0.500132 0.0266535 0.0625)
(0.500031 0.0121292 0.065)
(0.487501 0.000614252 0.065)
(0.512501 0.000645752 0.065)
(0.574996 0.0116723 0.06)
(0.575001 0.000724501 0.0575)
(0.575001 0.000724501 0.0625)
(0.550038 0.0250894 0.0575)
(0.537567 0.0255026 0.06)
(0.562507 0.0246747 0.06)
(0.550038 0.0250894 0.0625)
(0.550009 0.011823 0.065)
(0.537501 0.000677252 0.065)
(0.562501 0.000708751 0.065)
(0.62505 0.0123825 0.06)
(0.625001 0.000787501 0.0575)
(0.625001 0.000787501 0.0625)
(0.59996 0.0241076 0.0575)
(0.587453 0.0240113 0.06)
(0.612544 0.0251579 0.06)
(0.59996 0.0241076 0.0625)
(0.599996 0.0117029 0.065)
(0.587501 0.000740251 0.065)
(0.612501 0.000771751 0.065)
(0.675055 0.0124707 0.06)
(0.675001 0.000850501 0.0575)
(0.675001 0.000850501 0.0625)
(0.650354 0.0288025 0.0575)
(0.637842 0.0286797 0.06)
(0.662806 0.0281817 0.06)
(0.650354 0.0288025 0.0625)
(0.650081 0.0127529 0.065)
(0.637501 0.000803251 0.065)
(0.662501 0.000834751 0.065)
(0.724997 0.0119053 0.06)
(0.725001 0.000913501 0.0575)
(0.725001 0.000913501 0.0625)
(0.70006 0.0254815 0.0575)
(0.687647 0.0264058 0.06)
(0.712475 0.0246212 0.06)
(0.70006 0.0254815 0.0625)
(0.700016 0.0120732 0.065)
(0.687501 0.000866251 0.065)
(0.712501 0.000897751 0.065)
(0.775276 0.0147415 0.06)
(0.775001 0.000976501 0.0575)
(0.775001 0.000976501 0.0625)
(0.752973 0.0312857 0.0575)
(0.737523 0.0251021 0.06)
(0.763839 0.0301495 0.06)
(0.752973 0.0312857 0.0625)
(0.75017 0.0137039 0.065)
(0.737501 0.000929251 0.065)
(0.762501 0.000960751 0.065)
(0.825011 0.0122953 0.06)
(0.825001 0.0010395 0.0575)
(0.825001 0.0010395 0.0625)
(0.800308 0.0261935 0.0575)
(0.787958 0.0275513 0.06)
(0.81266 0.0248123 0.06)
(0.800308 0.0261935 0.0625)
(0.800154 0.0135954 0.065)
(0.787501 0.000992251 0.065)
(0.812501 0.00102375 0.065)
(0.848499 0.0206967 0.0575)
(0.837226 0.022012 0.06)
(0.848499 0.0206967 0.0625)
(0.850204 0.0137145 0.065)
(0.837373 0.00105509 0.065)
(0.85651 0.0010792 0.065)
(0.0732496 0.041563 0.06)
(0.0509294 0.0357686 0.065)
(0.124702 0.0505044 0.0575)
(0.124742 0.0392815 0.06)
(0.124702 0.0505044 0.0625)
(0.0997592 0.0386691 0.065)
(0.112554 0.0487935 0.065)
(0.173763 0.0555661 0.0575)
(0.174605 0.0420887 0.06)
(0.173763 0.0555661 0.0625)
(0.149585 0.0415104 0.065)
(0.137066 0.0520092 0.065)
(0.161908 0.0545738 0.065)
(0.225073 0.0480626 0.0575)
(0.225038 0.0361249 0.06)
(0.225092 0.0585674 0.06)
(0.225073 0.0480626 0.0625)
(0.19992 0.0380934 0.065)
(0.184669 0.0563667 0.065)
(0.212579 0.0482239 0.065)
(0.201293 0.0574235 0.065)
(0.275014 0.0489837 0.0575)
(0.27501 0.0365306 0.06)
(0.275016 0.0598572 0.06)
(0.275014 0.0489837 0.0625)
(0.250025 0.0362665 0.065)
(0.237549 0.0483062 0.065)
(0.262521 0.0488123 0.065)
(0.250041 0.0593857 0.065)
(0.324988 0.0490015 0.0575)
(0.324992 0.0365573 0.06)
(0.324985 0.0598699 0.06)
(0.324988 0.0490015 0.0625)
(0.300002 0.0366326 0.065)
(0.287506 0.0490807 0.065)
(0.312495 0.0490858 0.065)
(0.300004 0.0600157 0.065)
(0.374945 0.0481133 0.0575)
(0.374963 0.0359867 0.06)
(0.374937 0.0588469 0.06)
(0.374945 0.0481133 0.0625)
(0.34998 0.0363266 0.065)
(0.337482 0.0488499 0.065)
(0.362462 0.0484017 0.065)
(0.349967 0.0594717 0.065)
(0.424993 0.0495429 0.0575)
(0.425047 0.0380025 0.06)
(0.42371 0.0570459 0.06)
(0.424993 0.0495429 0.0625)
(0.399953 0.0358629 0.065)
(0.387431 0.0478143 0.065)
(0.412422 0.0478283 0.065)
(0.39989 0.0580155 0.065)
(0.475347 0.0544107 0.0575)
(0.475289 0.0424976 0.06)
(0.475347 0.0544107 0.0625)
(0.450258 0.0423299 0.065)
(0.440261 0.0562926 0.065)
(0.462925 0.0551212 0.065)
(0.525196 0.0512677 0.0575)
(0.52517 0.0398834 0.06)
(0.525196 0.0512677 0.0625)
(0.500244 0.0412931 0.065)
(0.487806 0.0536931 0.065)
(0.512754 0.0521161 0.065)
(0.574941 0.0476269 0.0575)
(0.574951 0.0367873 0.06)
(0.574941 0.0476269 0.0625)
(0.55007 0.0383635 0.065)
(0.537648 0.0504118 0.065)
(0.562516 0.0485881 0.065)
(0.627853 0.0432766 0.06)
(0.59987 0.0358172 0.065)
(0.587359 0.0466533 0.065)
(0.611106 0.0447059 0.065)
(0.675287 0.0389971 0.06)
(0.650552 0.0412694 0.065)
(0.724712 0.0341888 0.06)
(0.700073 0.0366314 0.065)
(0.020573 0.020573 0.07)
(0.0310016 3.9062e-05 0.0675)
(0.0310016 3.9062e-05 0.0725)
(0.0747924 0.0119999 0.07)
(0.0750019 9.45024e-05 0.0675)
(0.0750019 9.45024e-05 0.0725)
(0.0486186 0.0265783 0.0675)
(0.0326571 0.0294309 0.07)
(0.061671 0.0271278 0.07)
(0.0486186 0.0265783 0.0725)
(0.0490124 0.0123935 0.0750001)
(0.0388049 4.88942e-05 0.075)
(0.0625019 7.87524e-05 0.075)
(0.124964 0.0115237 0.07)
(0.125002 0.000157502 0.0675)
(0.125002 0.000157502 0.0725)
(0.0997396 0.0257497 0.0675)
(0.0869325 0.0273765 0.07)
(0.112361 0.0251965 0.07)
(0.0997396 0.0257498 0.0725)
(0.0999298 0.0115998 0.075)
(0.0875019 0.000110252 0.075)
(0.112502 0.000141752 0.075)
(0.17496 0.0117792 0.07)
(0.175002 0.000220502 0.0675)
(0.175002 0.000220502 0.0725)
(0.149783 0.0265176 0.0675)
(0.13731 0.0260051 0.07)
(0.162281 0.0268068 0.07)
(0.149783 0.0265176 0.0725)
(0.149953 0.0117534 0.075)
(0.137502 0.000173252 0.075)
(0.162502 0.000204752 0.075)
(0.225003 0.0112537 0.07)
(0.225002 0.000283502 0.0675)
(0.225002 0.000283502 0.0725)
(0.199952 0.0247639 0.0675)
(0.187381 0.0257844 0.07)
(0.212494 0.0241183 0.07)
(0.199952 0.0247639 0.0725)
(0.199989 0.0114341 0.075)
(0.187502 0.000236252 0.075)
(0.212502 0.000267752 0.075)
(0.275002 0.0113116 0.07)
(0.275002 0.000346502 0.0675)
(0.275002 0.000346502 0.0725)
(0.25001 0.0238562 0.0675)
(0.237512 0.0238199 0.07)
(0.262507 0.0239116 0.07)
(0.25001 0.0238562 0.0725)
(0.250003 0.0112668 0.075)
(0.237502 0.000299252 0.075)
(0.262502 0.000330752 0.075)
(0.325001 0.0113691 0.07)
(0.325002 0.000409502 0.0675)
(0.325002 0.000409502 0.0725)
(0.300001 0.024015 0.0675)
(0.287503 0.0239959 0.07)
(0.3125 0.0240173 0.07)
(0.300001 0.024015 0.0725)
(0.300001 0.0113469 0.075)
(0.287502 0.000362252 0.075)
(0.312502 0.000393752 0.075)
(0.374999 0.0113846 0.07)
(0.375001 0.000472502 0.0675)
(0.375001 0.000472502 0.0725)
(0.349993 0.0239376 0.0675)
(0.337496 0.0239775 0.07)
(0.362491 0.0238883 0.07)
(0.349993 0.0239376 0.0725)
(0.35 0.0113795 0.075)
(0.337501 0.000425252 0.075)
(0.362501 0.000456752 0.075)
(0.425009 0.0116767 0.07)
(0.425001 0.000535502 0.0675)
(0.425001 0.000535502 0.0725)
(0.399987 0.023889 0.0675)
(0.387485 0.0238182 0.07)
(0.4125 0.0241815 0.07)
(0.399987 0.023889 0.0725)
(0.399999 0.0114285 0.075)
(0.387501 0.000488252 0.075)
(0.412501 0.000519752 0.075)
(0.475035 0.0122282 0.07)
(0.475001 0.000598502 0.0675)
(0.475001 0.000598502 0.0725)
(0.450128 0.0269043 0.0675)
(0.437582 0.0259674 0.07)
(0.46265 0.0272899 0.07)
(0.450128 0.0269043 0.0725)
(0.450029 0.0121137 0.075)
(0.437501 0.000551252 0.075)
(0.462501 0.000582752 0.075)
(0.525022 0.0119834 0.07)
(0.525001 0.000661502 0.0675)
(0.525001 0.000661502 0.0725)
(0.500132 0.0266535 0.0675)
(0.487644 0.0269855 0.07)
(0.512615 0.0262891 0.07)
(0.500132 0.0266534 0.0725)
(0.500031 0.0121292 0.075)
(0.487501 0.000614252 0.075)
(0.512501 0.000645752 0.075)
(0.574996 0.0116723 0.07)
(0.575001 0.000724501 0.0675)
(0.575001 0.000724501 0.0725)
(0.550038 0.0250894 0.0675)
(0.537567 0.0255026 0.07)
(0.562507 0.0246747 0.07)
(0.550038 0.0250894 0.0725)
(0.550009 0.011823 0.075)
(0.537501 0.000677252 0.075)
(0.562501 0.000708751 0.075)
(0.62505 0.0123825 0.07)
(0.625001 0.000787501 0.0675)
(0.625001 0.000787501 0.0725)
(0.59996 0.0241076 0.0675)
(0.587453 0.0240113 0.07)
(0.612544 0.0251579 0.07)
(0.59996 0.0241076 0.0725)
(0.599996 0.0117029 0.075)
(0.587501 0.000740251 0.075)
(0.612501 0.000771751 0.075)
(0.675055 0.0124707 0.07)
(0.675001 0.000850501 0.0675)
(0.675001 0.000850501 0.0725)
(0.650354 0.0288025 0.0675)
(0.637842 0.0286797 0.07)
(0.662806 0.0281817 0.07)
(0.650354 0.0288025 0.0725)
(0.650081 0.0127529 0.075)
(0.637501 0.000803251 0.075)
(0.662501 0.000834751 0.075)
(0.724997 0.0119053 0.07)
(0.725001 0.000913501 0.0675)
(0.725001 0.000913501 0.0725)
(0.70006 0.0254815 0.0675)
(0.687647 0.0264058 0.07)
(0.712475 0.0246212 0.07)
(0.70006 0.0254815 0.0725)
(0.700016 0.0120732 0.075)
(0.687501 0.000866251 0.075)
(0.712501 0.000897751 0.075)
(0.775276 0.0147415 0.07)
(0.775001 0.000976501 0.0675)
(0.775001 0.000976501 0.0725)
(0.752973 0.0312857 0.0675)
(0.737523 0.0251021 0.07)
(0.763839 0.0301495 0.07)
(0.752973 0.0312857 0.0725)
(0.75017 0.0137039 0.075)
(0.737501 0.000929251 0.075)
(0.762501 0.000960751 0.075)
(0.825011 0.0122953 0.07)
(0.825001 0.0010395 0.0675)
(0.825001 0.0010395 0.0725)
(0.800308 0.0261935 0.0675)
(0.787958 0.0275513 0.07)
(0.81266 0.0248123 0.07)
(0.800308 0.0261935 0.0725)
(0.800154 0.0135954 0.075)
(0.787501 0.000992251 0.075)
(0.812501 0.00102375 0.075)
(0.848499 0.0206967 0.0675)
(0.837226 0.022012 0.07)
(0.848499 0.0206967 0.0725)
(0.850204 0.0137145 0.075)
(0.837373 0.00105509 0.075)
(0.85651 0.0010792 0.075)
(0.0732496 0.041563 0.07)
(0.0509294 0.0357686 0.075)
(0.124702 0.0505044 0.0675)
(0.124742 0.0392815 0.07)
(0.124702 0.0505044 0.0725)
(0.0997592 0.0386691 0.075)
(0.112554 0.0487935 0.075)
(0.173763 0.0555661 0.0675)
(0.174605 0.0420887 0.07)
(0.173763 0.0555661 0.0725)
(0.149585 0.0415104 0.075)
(0.137066 0.0520092 0.075)
(0.161908 0.0545738 0.075)
(0.225073 0.0480626 0.0675)
(0.225038 0.0361249 0.07)
(0.225092 0.0585674 0.07)
(0.225073 0.0480626 0.0725)
(0.19992 0.0380934 0.075)
(0.184669 0.0563667 0.075)
(0.212579 0.0482239 0.075)
(0.201293 0.0574235 0.075)
(0.275014 0.0489837 0.0675)
(0.27501 0.0365306 0.07)
(0.275016 0.0598572 0.07)
(0.275014 0.0489837 0.0725)
(0.250025 0.0362665 0.075)
(0.237549 0.0483062 0.075)
(0.262521 0.0488123 0.075)
(0.250041 0.0593857 0.075)
(0.324988 0.0490015 0.0675)
(0.324992 0.0365573 0.07)
(0.324985 0.0598699 0.07)
(0.324988 0.0490015 0.0725)
(0.300002 0.0366326 0.075)
(0.287506 0.0490807 0.075)
(0.312495 0.0490858 0.075)
(0.300004 0.0600157 0.075)
(0.374945 0.0481133 0.0675)
(0.374963 0.0359867 0.07)
(0.374937 0.0588469 0.07)
(0.374945 0.0481133 0.0725)
(0.34998 0.0363266 0.075)
(0.337482 0.0488499 0.075)
(0.362462 0.0484017 0.075)
(0.349967 0.0594717 0.075)
(0.424993 0.0495429 0.0675)
(0.425047 0.0380025 0.07)
(0.42371 0.0570459 0.07)
(0.424993 0.0495429 0.0725)
(0.399953 0.0358629 0.075)
(0.387431 0.0478143 0.075)
(0.412422 0.0478283 0.075)
(0.39989 0.0580155 0.075)
(0.475347 0.0544107 0.0675)
(0.475289 0.0424976 0.07)
(0.475347 0.0544107 0.0725)
(0.450258 0.0423298 0.075)
(0.440261 0.0562926 0.075)
(0.462925 0.0551212 0.075)
(0.525196 0.0512677 0.0675)
(0.52517 0.0398834 0.07)
(0.525196 0.0512677 0.0725)
(0.500244 0.0412931 0.075)
(0.487806 0.0536931 0.075)
(0.512754 0.0521161 0.075)
(0.574941 0.0476269 0.0675)
(0.574951 0.0367873 0.07)
(0.574941 0.0476269 0.0725)
(0.55007 0.0383635 0.075)
(0.537648 0.0504118 0.075)
(0.562516 0.0485881 0.075)
(0.627853 0.0432766 0.07)
(0.59987 0.0358172 0.075)
(0.587359 0.0466533 0.075)
(0.611106 0.0447059 0.075)
(0.675287 0.0389971 0.07)
(0.650552 0.0412694 0.075)
(0.724712 0.0341888 0.07)
(0.700073 0.0366314 0.075)
(0.020573 0.020573 0.08)
(0.0310016 3.9062e-05 0.0775)
(0.0310014 0.000211118 0.0825)
(0.0747927 0.0119996 0.0800004)
(0.0750019 9.45024e-05 0.0775)
(0.0750019 9.46401e-05 0.0825)
(0.0486187 0.0265782 0.0775001)
(0.0326571 0.0294309 0.08)
(0.0616713 0.0271274 0.0800004)
(0.048627 0.0265688 0.082502)
(0.0490604 0.0123668 0.0850338)
(0.0388047 0.000179522 0.085)
(0.0625019 8.2003e-05 0.085)
(0.124964 0.0115236 0.08)
(0.125002 0.000157502 0.0775)
(0.125002 0.000157502 0.0825)
(0.0997397 0.0257496 0.0775)
(0.0869325 0.0273764 0.0800001)
(0.112361 0.0251964 0.0800001)
(0.0997398 0.0257493 0.0825003)
(0.0999302 0.0115989 0.0850007)
(0.0875019 0.000110252 0.085)
(0.112502 0.000141752 0.085)
(0.17496 0.0117789 0.0800002)
(0.175002 0.000220502 0.0775)
(0.175002 0.000220502 0.0825)
(0.149783 0.0265175 0.0775001)
(0.13731 0.0260047 0.0800002)
(0.162281 0.026806 0.0800006)
(0.149784 0.0265151 0.0825017)
(0.149954 0.0117499 0.0850023)
(0.137502 0.000173252 0.085)
(0.162502 0.000204752 0.085)
(0.225003 0.0112537 0.08)
(0.225002 0.000283502 0.0775)
(0.225002 0.000283502 0.0825)
(0.199952 0.0247638 0.0775001)
(0.187381 0.0257838 0.0800005)
(0.212494 0.0241181 0.0800002)
(0.199952 0.0247625 0.0825013)
(0.199989 0.0114326 0.0850015)
(0.187502 0.000236252 0.085)
(0.212502 0.000267752 0.085)
(0.275002 0.0113116 0.08)
(0.275002 0.000346502 0.0775)
(0.275002 0.000346502 0.0825)
(0.25001 0.0238562 0.0775)
(0.237512 0.0238199 0.08)
(0.262507 0.0239117 0.08)
(0.25001 0.0238565 0.0825001)
(0.250003 0.0112673 0.0850001)
(0.237502 0.000299252 0.085)
(0.262502 0.000330752 0.085)
(0.325001 0.0113691 0.08)
(0.325002 0.000409502 0.0775)
(0.325002 0.000409502 0.0825)
(0.300001 0.024015 0.0775)
(0.287503 0.0239959 0.08)
(0.3125 0.0240174 0.08)
(0.300001 0.0240152 0.0825)
(0.300001 0.0113473 0.085)
(0.287502 0.000362252 0.085)
(0.312502 0.000393752 0.085)
(0.374999 0.0113847 0.08)
(0.375001 0.000472502 0.0775)
(0.375001 0.000472502 0.0825)
(0.349993 0.0239376 0.0775)
(0.337496 0.0239775 0.08)
(0.362491 0.0238884 0.08)
(0.349993 0.0239379 0.0825)
(0.35 0.01138 0.085)
(0.337501 0.000425252 0.085)
(0.362501 0.000456752 0.085)
(0.425009 0.0116765 0.0800001)
(0.425001 0.000535502 0.0775)
(0.425001 0.000535502 0.0825)
(0.399987 0.0238891 0.0775)
(0.387485 0.0238183 0.0800001)
(0.4125 0.0241814 0.0800002)
(0.399987 0.0238894 0.0825007)
(0.399999 0.011429 0.0850006)
(0.387501 0.000488252 0.085)
(0.412501 0.000519752 0.085)
(0.475035 0.0122278 0.0800003)
(0.475001 0.000598502 0.0775)
(0.475001 0.000598502 0.0825)
(0.450128 0.0269041 0.0775002)
(0.437582 0.0259666 0.0800005)
(0.462649 0.0272887 0.0800009)
(0.450128 0.0268998 0.0825031)
(0.450029 0.0121077 0.0850041)
(0.437501 0.000551252 0.085)
(0.462501 0.000582752 0.085)
(0.525022 0.0119833 0.0800001)
(0.525001 0.000661502 0.0775)
(0.525001 0.000661502 0.0825)
(0.500132 0.0266533 0.0775001)
(0.487644 0.0269846 0.0800007)
(0.512615 0.0262887 0.0800003)
(0.500132 0.0266507 0.082502)
(0.50003 0.0121253 0.0850027)
(0.487501 0.000614252 0.085)
(0.512501 0.000645752 0.085)
(0.574996 0.0116724 0.08)
(0.575001 0.000724501 0.0775)
(0.575001 0.000724501 0.0825)
(0.550038 0.0250894 0.0775)
(0.537567 0.0255025 0.0800001)
(0.562507 0.0246747 0.08)
(0.550038 0.0250892 0.0825001)
(0.550009 0.0118229 0.0850002)
(0.537501 0.000677252 0.085)
(0.562501 0.000708751 0.085)
(0.62505 0.0123824 0.0800001)
(0.625001 0.000787501 0.0775)
(0.625001 0.000787501 0.0825)
(0.59996 0.0241076 0.0775)
(0.587453 0.0240113 0.0800001)
(0.612544 0.0251578 0.0800002)
(0.59996 0.0241074 0.0825005)
(0.599996 0.0117026 0.0850008)
(0.587501 0.000740251 0.085)
(0.612501 0.000771751 0.085)
(0.675055 0.0124706 0.0800001)
(0.675001 0.000850501 0.0775)
(0.675001 0.000850501 0.0825)
(0.650354 0.0288025 0.0775)
(0.637842 0.0286794 0.0800002)
(0.662806 0.0281815 0.0800002)
(0.650354 0.0288011 0.0825011)
(0.65008 0.0127489 0.0850031)
(0.637501 0.000803251 0.085)
(0.662501 0.000834751 0.085)
(0.724997 0.0119053 0.08)
(0.725001 0.000913501 0.0775)
(0.725001 0.000913501 0.0825)
(0.70006 0.0254815 0.0775)
(0.687647 0.0264057 0.08)
(0.712475 0.0246212 0.08)
(0.70006 0.0254814 0.0825001)
(0.700016 0.012073 0.0850002)
(0.687501 0.000866251 0.085)
(0.712501 0.000897751 0.085)
(0.775276 0.0147415 0.08)
(0.775001 0.000976501 0.0775)
(0.775001 0.000976501 0.0825)
(0.752973 0.0312857 0.0775)
(0.737523 0.025102 0.08)
(0.763839 0.0301495 0.08)
(0.752973 0.0312857 0.0825)
(0.750169 0.013703 0.0850007)
(0.737501 0.000929251 0.085)
(0.762501 0.000960751 0.085)
(0.825011 0.0122952 0.08)
(0.825001 0.0010395 0.0775)
(0.825001 0.0010395 0.0825)
(0.800308 0.0261935 0.0775)
(0.787958 0.0275513 0.08)
(0.81266 0.0248123 0.08)
(0.800308 0.0261935 0.0825)
(0.800154 0.0135951 0.0850002)
(0.787501 0.000992251 0.085)
(0.812501 0.00102375 0.085)
(0.848499 0.0206967 0.0775)
(0.837226 0.022012 0.08)
(0.848499 0.0206967 0.0825)
(0.850204 0.013714 0.0850003)
(0.837373 0.00105509 0.085)
(0.85651 0.0010792 0.085)
(0.0732496 0.041563 0.08)
(0.0509314 0.0357618 0.085)
(0.124702 0.0505044 0.0775)
(0.124742 0.0392814 0.0800001)
(0.124702 0.0505044 0.0825)
(0.0997593 0.0386684 0.0850004)
(0.112554 0.0487935 0.085)
(0.173763 0.0555661 0.0775)
(0.174605 0.0420881 0.0800004)
(0.173763 0.0555661 0.0825)
(0.149586 0.0415032 0.0850046)
(0.137066 0.0520092 0.085)
(0.161908 0.0545738 0.085)
(0.225073 0.0480626 0.0775)
(0.225038 0.0361249 0.0800001)
(0.225092 0.0585674 0.08)
(0.225073 0.0480627 0.0825002)
(0.199921 0.0380883 0.0850051)
(0.184669 0.0563667 0.085)
(0.212579 0.0482238 0.0850013)
(0.201293 0.0574235 0.085)
(0.275014 0.0489837 0.0775)
(0.27501 0.0365307 0.08)
(0.275016 0.0598572 0.08)
(0.275014 0.0489838 0.0825)
(0.250025 0.0362676 0.0850003)
(0.237549 0.0483067 0.0850004)
(0.262521 0.0488126 0.085)
(0.250041 0.0593857 0.085)
(0.324988 0.0490015 0.0775)
(0.324992 0.0365573 0.08)
(0.324985 0.0598699 0.08)
(0.324988 0.0490015 0.0825)
(0.300002 0.0366333 0.085)
(0.287506 0.0490809 0.085)
(0.312495 0.0490861 0.085)
(0.300004 0.0600157 0.085)
(0.374945 0.0481133 0.0775)
(0.374963 0.0359868 0.0800001)
(0.374937 0.0588469 0.08)
(0.374945 0.0481136 0.0825002)
(0.34998 0.0363278 0.0850003)
(0.337482 0.0488502 0.085)
(0.362462 0.0484024 0.0850003)
(0.349967 0.0594717 0.085)
(0.424993 0.0495429 0.0775)
(0.425047 0.0380022 0.0800004)
(0.42371 0.0570459 0.08)
(0.424993 0.0495427 0.0825004)
(0.399953 0.0358654 0.0850034)
(0.387431 0.0478159 0.0850012)
(0.412422 0.0478289 0.0850018)
(0.39989 0.0580155 0.085)
(0.475347 0.0544107 0.0775)
(0.475289 0.0424968 0.0800006)
(0.475347 0.0544107 0.0825)
(0.450257 0.0423167 0.0850091)
(0.440261 0.0562926 0.085)
(0.462925 0.0551212 0.085)
(0.525196 0.0512677 0.0775)
(0.52517 0.0398832 0.0800001)
(0.525196 0.0512677 0.0825)
(0.500243 0.0412854 0.0850053)
(0.487806 0.0536931 0.085)
(0.512754 0.0521161 0.085)
(0.574941 0.0476269 0.0775)
(0.574951 0.0367873 0.08)
(0.574941 0.0476269 0.0825)
(0.550069 0.0383631 0.0850003)
(0.537648 0.0504118 0.085)
(0.562516 0.0485881 0.085)
(0.627853 0.0432766 0.08)
(0.59987 0.0358173 0.085001)
(0.587359 0.0466533 0.085)
(0.611106 0.0447059 0.085)
(0.675287 0.0389971 0.08)
(0.650552 0.0412694 0.085)
(0.724712 0.0341888 0.08)
(0.700073 0.0366314 0.085)
(0.0285064 0.0126396 0.095463)
(0.031 0.00132447 0.0875)
(0.0309983 0.00263569 0.0925)
(0.074817 0.0119747 0.0900259)
(0.0750019 9.61383e-05 0.0875)
(0.0750019 0.000103151 0.0925)
(0.0486923 0.0264961 0.0875249)
(0.0337534 0.0284664 0.09)
(0.0617325 0.0270044 0.090035)
(0.0488614 0.0262966 0.0925686)
(0.0496683 0.0118875 0.0953344)
(0.0388026 0.000708552 0.0950003)
(0.0625019 0.000113365 0.095)
(0.124966 0.011515 0.0900059)
(0.125002 0.000157502 0.0875)
(0.125002 0.000157502 0.0925)
(0.0997417 0.0257427 0.0875038)
(0.0869432 0.02734 0.0900142)
(0.112366 0.0251746 0.0900111)
(0.0997622 0.025659 0.092542)
(0.0999523 0.0115703 0.0950365)
(0.0875019 0.000111193 0.095)
(0.112502 0.000141752 0.095)
(0.174964 0.0117336 0.0900309)
(0.175002 0.000220502 0.0875)
(0.175002 0.000220516 0.0925)
(0.149787 0.0264826 0.0875218)
(0.137317 0.0259414 0.090035)
(0.162297 0.0266296 0.0901114)
(0.149817 0.0261822 0.0926836)
(0.149973 0.0116206 0.0950858)
(0.137502 0.000173267 0.095)
(0.162502 0.000204813 0.095)
(0.225003 0.0112593 0.090003)
(0.225002 0.000283502 0.0875)
(0.225002 0.000283502 0.0925)
(0.199954 0.0247477 0.0875152)
(0.18739 0.0256815 0.0900714)
(0.212496 0.0241121 0.0900235)
(0.199964 0.0246579 0.0926021)
(0.199995 0.0114412 0.095043)
(0.187502 0.000236269 0.095)
(0.212502 0.000267752 0.095)
(0.275002 0.0113184 0.09)
(0.275002 0.000346502 0.0875)
(0.275002 0.000346502 0.0925)
(0.25001 0.0238606 0.0875007)
(0.237512 0.0238351 0.0900047)
(0.262507 0.0239261 0.0900005)
(0.250009 0.0239045 0.0925035)
(0.250003 0.0113575 0.0950013)
(0.237502 0.000299252 0.095)
(0.262502 0.000330752 0.095)
(0.325001 0.0113757 0.09)
(0.325002 0.000409502 0.0875)
(0.325002 0.000409502 0.0925)
(0.300001 0.0240186 0.0875)
(0.287503 0.0240089 0.09)
(0.3125 0.0240301 0.09)
(0.300001 0.0240553 0.0925)
(0.300001 0.0114309 0.095)
(0.287502 0.000362252 0.095)
(0.312502 0.000393752 0.095)
(0.374999 0.0113937 0.0900019)
(0.375001 0.000472502 0.0875)
(0.375001 0.000472502 0.0925)
(0.349993 0.0239423 0.0875005)
(0.337496 0.0239915 0.0900004)
(0.362491 0.0239073 0.0900034)
(0.349994 0.0239858 0.0925027)
(0.35 0.0114655 0.095001)
(0.337501 0.000425252 0.095)
(0.362501 0.000456752 0.095)
(0.425008 0.0116649 0.0900135)
(0.425001 0.000535502 0.0875)
(0.425001 0.000535502 0.0925)
(0.399987 0.0238954 0.0875074)
(0.387486 0.0238457 0.0900136)
(0.412499 0.0241828 0.0900298)
(0.399988 0.0239623 0.0925478)
(0.399999 0.0115227 0.0950187)
(0.387501 0.000488252 0.095)
(0.412501 0.000519752 0.095)
(0.475031 0.012159 0.0900457)
(0.475001 0.000598502 0.0875)
(0.475001 0.000598512 0.0925)
(0.450125 0.0268422 0.0875411)
(0.437575 0.025852 0.0900791)
(0.462636 0.0270363 0.0901599)
(0.450094 0.0262785 0.0928756)
(0.450012 0.0118546 0.0951576)
(0.437501 0.000551265 0.095)
(0.462501 0.000582797 0.095)
(0.525021 0.0119725 0.0900073)
(0.525001 0.000661502 0.0875)
(0.525001 0.000661502 0.0925)
(0.50013 0.0266157 0.0875251)
(0.487633 0.0267864 0.0901319)
(0.512611 0.0262192 0.0900411)
(0.50011 0.0263074 0.0927024)
(0.500018 0.0119746 0.0950948)
(0.487501 0.000614294 0.095)
(0.512501 0.000645761 0.095)
(0.574996 0.0116766 0.0900017)
(0.575001 0.000724501 0.0875)
(0.575001 0.000724501 0.0925)
(0.550038 0.0250874 0.0875015)
(0.537565 0.0254841 0.0900104)
(0.562507 0.0246761 0.0900027)
(0.550035 0.0250732 0.0925107)
(0.550008 0.0118568 0.0950061)
(0.537501 0.000677252 0.095)
(0.562501 0.000708751 0.095)
(0.625047 0.0123514 0.0900262)
(0.625001 0.000787501 0.0875)
(0.625001 0.000787601 0.0925)
(0.59996 0.0241071 0.0875068)
(0.587454 0.02402 0.0900109)
(0.612541 0.0251301 0.090038)
(0.599961 0.0241296 0.0925677)
(0.599996 0.0117578 0.0950446)
(0.587501 0.000740251 0.095)
(0.612501 0.000771789 0.095)
(0.675053 0.0124529 0.0900119)
(0.675001 0.000850501 0.0875)
(0.675001 0.000850561 0.0925)
(0.65035 0.0287573 0.0875228)
(0.637822 0.0284527 0.0901013)
(0.662796 0.0280806 0.0900497)
(0.650269 0.0278717 0.0929339)
(0.65003 0.0122506 0.0953605)
(0.637501 0.000804611 0.095)
(0.662501 0.000835351 0.095)
(0.724996 0.0119022 0.0900031)
(0.725001 0.000913501 0.0875)
(0.725001 0.000913501 0.0925)
(0.70006 0.02548 0.0875009)
(0.687645 0.0263901 0.0900081)
(0.712475 0.0246188 0.0900017)
(0.700058 0.0254634 0.0925076)
(0.700013 0.0120835 0.095009)
(0.687501 0.000866287 0.095)
(0.712501 0.000897751 0.095)
(0.775263 0.0146333 0.0900395)
(0.775001 0.000976681 0.0875)
(0.775001 0.000985359 0.0925)
(0.752972 0.0312712 0.0875)
(0.737522 0.0250957 0.0900037)
(0.76382 0.0299729 0.09)
(0.752934 0.0309065 0.0925)
(0.750104 0.0131547 0.0952735)
(0.737501 0.000930644 0.095)
(0.762501 0.000982185 0.095)
(0.82501 0.0122915 0.0900025)
(0.825001 0.0010395 0.0875)
(0.825001 0.00103958 0.0925)
(0.800308 0.0261918 0.0875)
(0.787945 0.0274352 0.09)
(0.81266 0.0248058 0.09)
(0.800296 0.0260817 0.0925)
(0.800117 0.0133004 0.0951296)
(0.787501 0.00100332 0.095)
(0.812501 0.00102499 0.095)
(0.848499 0.0206977 0.0875)
(0.837226 0.0220124 0.09)
(0.848505 0.0207455 0.0925)
(0.849975 0.0119351 0.0960046)
(0.837373 0.00106627 0.0950001)
(0.856513 0.00224487 0.0950005)
(0.0732862 0.0413966 0.09)
(0.0509669 0.0356461 0.0950002)
(0.124702 0.0505037 0.0875)
(0.124745 0.0392538 0.0900124)
(0.12471 0.050445 0.0925)
(0.0998223 0.0383529 0.0950925)
(0.0920967 0.0453956 0.0950001)
(0.112556 0.048787 0.0950001)
(0.173765 0.0555364 0.0875)
(0.174631 0.0417857 0.0901216)
(0.17382 0.0548861 0.0925)
(0.149742 0.0399075 0.0955606)
(0.137121 0.0515596 0.095)
(0.162416 0.0485069 0.09875)
(0.225073 0.0480646 0.0875028)
(0.225038 0.0361372 0.0900176)
(0.225092 0.0585779 0.09)
(0.225072 0.048109 0.0925278)
(0.199957 0.0377153 0.0953865)
(0.184733 0.0553459 0.0949998)
(0.212563 0.0485992 0.0952296)
(0.201278 0.0576965 0.0950002)
(0.275014 0.0489848 0.0875)
(0.27501 0.0365416 0.0900002)
(0.275016 0.0598572 0.09)
(0.275014 0.0489964 0.0925002)
(0.250023 0.0363919 0.0950092)
(0.237546 0.0483959 0.0950208)
(0.26252 0.048861 0.0950012)
(0.250041 0.0593866 0.095)
(0.324988 0.0490025 0.0875)
(0.324992 0.036568 0.0900002)
(0.324985 0.0598699 0.09)
(0.324988 0.0490138 0.0925002)
(0.300001 0.0367165 0.0950001)
(0.287506 0.0491143 0.0950001)
(0.312496 0.0491189 0.0950001)
(0.300004 0.0600157 0.095)
(0.374945 0.0481177 0.0875024)
(0.374964 0.0360173 0.0900136)
(0.374937 0.0588561 0.09)
(0.374947 0.0481781 0.0925252)
(0.349982 0.0364519 0.095008)
(0.337483 0.0488966 0.0950011)
(0.362464 0.0484976 0.095019)
(0.349967 0.0594726 0.095)
(0.424993 0.049542 0.0875055)
(0.425044 0.0379512 0.090062)
(0.423711 0.0570591 0.09)
(0.424993 0.049566 0.0925714)
(0.399965 0.0362728 0.0952435)
(0.387449 0.0483632 0.0952171)
(0.412442 0.0483833 0.0952881)
(0.399902 0.0583356 0.095)
(0.475345 0.0543813 0.0875)
(0.475268 0.042118 0.0901639)
(0.475308 0.0537416 0.0925)
(0.450047 0.038313 0.0968633)
(0.440214 0.0552904 0.0949998)
(0.462584 0.0485069 0.09875)
(0.525196 0.0512667 0.0875)
(0.525167 0.0398398 0.0900186)
(0.52519 0.0511768 0.0925)
(0.500149 0.0397656 0.0955845)
(0.4875 0.0483988 0.09875)
(0.512722 0.0516512 0.095)
(0.574941 0.0476269 0.0875)
(0.574951 0.0367905 0.0900031)
(0.574941 0.047629 0.0925)
(0.550063 0.0382835 0.0950187)
(0.537632 0.0502096 0.095)
(0.562515 0.0485879 0.095)
(0.627845 0.043192 0.09)
(0.599898 0.0361886 0.0952212)
(0.587372 0.0468285 0.095)
(0.611132 0.045002 0.0950002)
(0.675285 0.0389743 0.09)
(0.650084 0.0360069 0.09875)
(0.724712 0.0341888 0.09)
(0.700071 0.0366226 0.095)
(0.030952 0.00570339 0.0992539)
(0.0281448 0.0126238 0.1)
(0.0750017 0.00011683 0.0975002)
(0.0749705 0.0123183 0.1)
(0.04913 0.0258706 0.0976339)
(0.0357045 0.0267955 0.1)
(0.0624166 0.0250738 0.1)
(0.125002 0.000157506 0.0975002)
(0.12499 0.0122642 0.1)
(0.099935 0.0249352 0.0978197)
(0.0874715 0.0250067 0.1)
(0.112472 0.0249339 0.1)
(0.175002 0.000220584 0.0975002)
(0.174996 0.0122465 0.1)
(0.149947 0.025048 0.0979713)
(0.137471 0.0249902 0.1)
(0.162484 0.0249221 0.1)
(0.225002 0.000283502 0.0975002)
(0.225001 0.0121583 0.1)
(0.19999 0.0245453 0.0977247)
(0.187491 0.0248301 0.1)
(0.212502 0.0245885 0.1)
(0.275001 0.000346502 0.0975002)
(0.275001 0.0121744 0.1)
(0.250007 0.0241848 0.0975049)
(0.237506 0.024472 0.1)
(0.262504 0.0245062 0.1)
(0.325001 0.000409502 0.0975002)
(0.325 0.0121906 0.1)
(0.300001 0.0242958 0.0975)
(0.287502 0.024547 0.1)
(0.3125 0.0245568 0.1)
(0.375001 0.000472502 0.0975002)
(0.374999 0.0121963 0.1)
(0.349995 0.02425 0.097504)
(0.337498 0.0245369 0.1)
(0.362495 0.0245127 0.1)
(0.425001 0.000535504 0.0975002)
(0.425001 0.0122732 0.1)
(0.399995 0.0243429 0.0976158)
(0.387496 0.0245614 0.1)
(0.412499 0.0246784 0.1)
(0.475001 0.000598559 0.0975002)
(0.475003 0.0123371 0.1)
(0.450016 0.0249471 0.098132)
(0.437506 0.0248911 0.1)
(0.462507 0.0249469 0.1)
(0.525001 0.000661548 0.0975002)
(0.525005 0.0123731 0.1)
(0.500031 0.0251673 0.0979997)
(0.48751 0.02499 0.1)
(0.512515 0.0250543 0.1)
(0.575001 0.000724501 0.0975002)
(0.574998 0.0122906 0.1)
(0.550023 0.0250198 0.0975262)
(0.537517 0.0250768 0.1)
(0.562501 0.0248641 0.1)
(0.625001 0.000788961 0.0975002)
(0.625003 0.0123875 0.1)
(0.599983 0.0245281 0.0978571)
(0.587486 0.0246787 0.1)
(0.6125 0.0248892 0.1)
(0.675001 0.000851816 0.0975002)
(0.675007 0.0124498 0.1)
(0.65002 0.0251439 0.0986671)
(0.637505 0.0250135 0.1)
(0.662511 0.0250751 0.1)
(0.725001 0.000913702 0.0975002)
(0.724995 0.0123295 0.1)
(0.700039 0.0253032 0.0975281)
(0.687521 0.0251753 0.1)
(0.712492 0.0248777 0.1)
(0.775001 0.000999052 0.0975002)
(0.775002 0.0124828 0.1)
(0.75262 0.0273692 0.0993747)
(0.737488 0.0248568 0.1)
(0.763303 0.0248957 0.1)
(0.825001 0.00104073 0.0975002)
(0.825 0.0124514 0.1)
(0.8 0.0235 0.0993751)
(0.7875 0.0238687 0.1)
(0.8125 0.0238687 0.1)
(0.848515 0.0208472 0.0975014)
(0.83737 0.0237607 0.1)
(0.856643 0.0193942 0.1)
(0.0741968 0.0373957 0.1)
(0.124788 0.050005 0.0975002)
(0.124961 0.0377232 0.1)
(0.174249 0.0494943 0.0993746)
(0.174992 0.0375351 0.1)
(0.225051 0.0486129 0.0976713)
(0.225014 0.0369523 0.1)
(0.225 0.0613687 0.1)
(0.275012 0.0491238 0.0975003)
(0.275005 0.0370311 0.1)
(0.275 0.0613687 0.1)
(0.324989 0.0491378 0.0975002)
(0.324996 0.037045 0.1)
(0.325 0.0613687 0.1)
(0.374963 0.0487074 0.0976601)
(0.374988 0.0369486 0.1)
(0.375 0.0613687 0.1)
(0.424998 0.0499055 0.0986196)
(0.425002 0.0374186 0.1)
(0.423823 0.060412 0.1)
(0.475 0.0485 0.0993751)
(0.475005 0.0375459 0.1)
(0.525 0.0485 0.0993751)
(0.525012 0.0376371 0.1)
(0.574935 0.0476536 0.0975002)
(0.574988 0.0373084 0.1)
(0.620285 0.0440293 0.0975011)
(0.628022 0.0402861 0.1)
(0.675 0.0363687 0.1)
(0.724871 0.0362614 0.1)
(0.0291371 0.0126758 0.000912589)
(0.0498446 0.0122573 0.00196485)
(0.0749659 0.0121318 0.00206352)
(0.0623664 0.0251987 0.00175959)
(0.0623152 0.0121238 0.00468928)
(0.0999894 0.0120614 0.0021153)
(0.124995 0.0120454 0.0021193)
(0.112484 0.0249844 0.00213744)
(0.112479 0.0118121 0.00478996)
(0.149996 0.0120599 0.00209813)
(0.174997 0.0120642 0.00210147)
(0.16249 0.0249974 0.00200664)
(0.162484 0.0118925 0.00470052)
(0.199999 0.0120402 0.00212763)
(0.225001 0.0120253 0.00213339)
(0.2125 0.0248652 0.00217105)
(0.2125 0.0117256 0.00479964)
(0.250001 0.0120326 0.00213391)
(0.275001 0.0120426 0.00213394)
(0.262501 0.0248624 0.0021769)
(0.262502 0.0117354 0.00480525)
(0.300001 0.0120511 0.00213394)
(0.325 0.0120576 0.00213394)
(0.3125 0.0248733 0.00217692)
(0.312501 0.0117741 0.00480528)
(0.35 0.0120625 0.00213394)
(0.375 0.0120664 0.00213391)
(0.362499 0.0248616 0.0021769)
(0.3625 0.011788 0.00480525)
(0.4 0.0120739 0.00213339)
(0.425001 0.0121051 0.00212759)
(0.412499 0.0248734 0.00217104)
(0.412501 0.0118422 0.00479961)
(0.450003 0.0121476 0.00210079)
(0.475003 0.0121621 0.0020912)
(0.462507 0.0250326 0.00200066)
(0.462512 0.0121003 0.0046929)
(0.500004 0.0121759 0.0021106)
(0.525004 0.0121689 0.00212035)
(0.51251 0.0250666 0.00209096)
(0.512514 0.0121285 0.00477526)
(0.550002 0.0121547 0.00212892)
(0.575 0.0121313 0.00213131)
(0.562503 0.0249512 0.00215763)
(0.562502 0.0119785 0.00480328)
(0.599999 0.0121305 0.00212642)
(0.625006 0.0122269 0.00206375)
(0.612499 0.0249162 0.00209312)
(0.612506 0.0120558 0.00476831)
(0.650008 0.0122585 0.00198996)
(0.67501 0.0122795 0.00205008)
(0.662527 0.025225 0.00166638)
(0.662543 0.0125012 0.0046756)
(0.700006 0.0122402 0.00210138)
(0.724999 0.0121793 0.00210159)
(0.712505 0.0249936 0.00210679)
(0.7125 0.0120673 0.00479857)
(0.750015 0.0123817 0.00182345)
(0.775012 0.0123714 0.00154478)
(0.762936 0.0233937 0.000198569)
(0.762554 0.0126787 0.00372679)
(0.80002 0.0124525 0.00172615)
(0.825015 0.0124061 0.00201848)
(0.812771 0.0247999 0.00276035)
(0.812564 0.0127784 0.00478564)
(0.849986 0.0120421 0.00158099)
(0.856117 0.0198026 0.00283103)
(0.858828 0.0125 0)
(0.112447 0.0487381 0.00276306)
(0.162456 0.047493 2.3659e-05)
(0.212519 0.0495966 0.00212309)
(0.201435 0.057679 0.00278703)
(0.225052 0.0585702 0.00275957)
(0.212772 0.0580708 0.00502651)
(0.262503 0.0498508 0.00213393)
(0.250014 0.059385 0.00275957)
(0.275 0.059857 0.00275957)
(0.262518 0.0596617 0.00502554)
(0.3125 0.0499219 0.00213394)
(0.299999 0.0600156 0.00275957)
(0.325 0.0598697 0.00275957)
(0.312496 0.0599549 0.00502554)
(0.362494 0.049741 0.00213393)
(0.34999 0.0594712 0.00275957)
(0.374968 0.0588459 0.00275957)
(0.362463 0.0591842 0.00502554)
(0.412481 0.0494899 0.00212308)
(0.399928 0.0580201 0.00275957)
(0.423562 0.0573546 0.00278703)
(0.412248 0.0575835 0.00502651)
(0.462544 0.047493 2.36583e-05)
(0.5125 0.0473886 0)
(0.562592 0.0485821 0.00275957)
(0.611002 0.0449948 0.00278703)
(0.0224485 0.0186976 0.0125)
(0.0622048 0.0121033 0.00986698)
(0.0491722 0.0123034 0.0123514)
(0.0747985 0.0120319 0.0124807)
(0.0617039 0.0270398 0.0124759)
(0.0621545 0.0119826 0.0149854)
(0.112458 0.0116338 0.00996148)
(0.0999266 0.0116788 0.0124885)
(0.124962 0.0116032 0.0124851)
(0.112367 0.0252114 0.0124735)
(0.11246 0.0115141 0.0149963)
(0.162455 0.0119352 0.00992358)
(0.149952 0.0118241 0.0124757)
(0.174959 0.0118513 0.0124758)
(0.162309 0.0265439 0.0124314)
(0.162454 0.0118344 0.0149919)
(0.212499 0.0114491 0.00996158)
(0.199989 0.0115156 0.0124846)
(0.225003 0.0113333 0.012488)
(0.212495 0.0242986 0.0124672)
(0.212498 0.0113535 0.0149959)
(0.262503 0.0114352 0.00996546)
(0.250003 0.0113457 0.0124886)
(0.275002 0.0113902 0.0124887)
(0.262507 0.0241111 0.0124722)
(0.262503 0.0113355 0.0149965)
(0.312501 0.0114987 0.00996549)
(0.300001 0.0114242 0.0124887)
(0.325001 0.0114436 0.0124887)
(0.3125 0.0242046 0.0124723)
(0.312501 0.011404 0.0149965)
(0.362499 0.01151 0.00996546)
(0.35 0.01145 0.0124887)
(0.374998 0.0114503 0.0124886)
(0.362491 0.0240739 0.0124722)
(0.362499 0.0114211 0.0149965)
(0.412501 0.0116234 0.00996154)
(0.399999 0.0114908 0.012488)
(0.425009 0.0117393 0.0124845)
(0.412499 0.0243297 0.0124671)
(0.412502 0.0115498 0.0149959)
(0.462533 0.0122898 0.0099186)
(0.450029 0.0121683 0.012475)
(0.475035 0.0122784 0.0124715)
(0.46263 0.0269717 0.0124257)
(0.462533 0.0122248 0.0149911)
(0.512528 0.0121633 0.00995384)
(0.500032 0.0121858 0.0124803)
(0.525023 0.0120386 0.0124868)
(0.512603 0.0261459 0.012464)
(0.512527 0.0120749 0.0149953)
(0.562503 0.0118293 0.00996713)
(0.55001 0.0118702 0.0124892)
(0.574996 0.011711 0.0124899)
(0.562507 0.0247063 0.0124785)
(0.562503 0.0117611 0.014997)
(0.612515 0.0120139 0.00995636)
(0.599996 0.0117369 0.0124885)
(0.625052 0.0124349 0.012483)
(0.612535 0.0250612 0.0124739)
(0.612516 0.011966 0.0149961)
(0.66258 0.0127993 0.00994338)
(0.650081 0.0127658 0.0124787)
(0.675055 0.0124909 0.0124887)
(0.662797 0.0280834 0.0124801)
(0.662571 0.0126484 0.014996)
(0.712499 0.0119583 0.0099739)
(0.700016 0.0120878 0.0124926)
(0.724996 0.0119115 0.012493)
(0.712476 0.0246214 0.0124932)
(0.712499 0.0119172 0.0149983)
(0.762759 0.014567 0.00992991)
(0.750168 0.0136927 0.0124918)
(0.775274 0.0147211 0.0124884)
(0.763839 0.0301495 0.0125)
(0.762773 0.0146965 0.014998)
(0.81258 0.0129163 0.00998469)
(0.800153 0.0135894 0.012496)
(0.825011 0.0122965 0.0124971)
(0.81266 0.0248123 0.0125)
(0.812581 0.0129259 0.0149995)
(0.859713 0.0193761 0.01)
(0.850203 0.0137069 0.0124959)
(0.859713 0.0193761 0.015)
(0.112554 0.0487935 0.0125)
(0.161908 0.0545738 0.0125)
(0.212772 0.0580385 0.01)
(0.212575 0.0483224 0.0124879)
(0.201293 0.0574235 0.0125)
(0.225092 0.0585674 0.0125)
(0.212772 0.0580347 0.015)
(0.262519 0.0596617 0.01)
(0.262519 0.0488951 0.0124886)
(0.250041 0.0593857 0.0125)
(0.275016 0.0598572 0.0125)
(0.262519 0.0596617 0.015)
(0.312495 0.059955 0.01)
(0.312496 0.0491482 0.0124887)
(0.300004 0.0600157 0.0125)
(0.324985 0.0598699 0.0125)
(0.312495 0.059955 0.015)
(0.362461 0.0591842 0.01)
(0.362465 0.0485163 0.0124886)
(0.349967 0.0594717 0.0125)
(0.374937 0.0588469 0.0125)
(0.362461 0.0591842 0.015)
(0.41225 0.0575451 0.01)
(0.412427 0.0479545 0.0124879)
(0.39989 0.0580155 0.0125)
(0.42371 0.0570459 0.0125)
(0.41225 0.0575405 0.015)
(0.462925 0.0551212 0.0125)
(0.512754 0.0521161 0.0125)
(0.562516 0.0485881 0.0125)
(0.611106 0.0447059 0.0125)
(0.020573 0.020573 0.0225)
(0.0621437 0.0119856 0.0199991)
(0.0490126 0.0123933 0.0224997)
(0.0747926 0.0119996 0.0224999)
(0.0616711 0.0271274 0.0224999)
(0.062143 0.0119861 0.025)
(0.112461 0.0114833 0.0199998)
(0.0999302 0.011599 0.0225)
(0.124965 0.0115238 0.0224999)
(0.11236 0.0252057 0.0224999)
(0.112461 0.0114795 0.025)
(0.162455 0.0118072 0.0199994)
(0.149954 0.0117489 0.0224999)
(0.174961 0.0117748 0.0224999)
(0.162284 0.0267845 0.0224997)
(0.162454 0.0118154 0.025)
(0.212499 0.0113226 0.0199997)
(0.199989 0.011441 0.0224999)
(0.225003 0.0112624 0.0224999)
(0.212495 0.0241525 0.0224998)
(0.212499 0.0113087 0.025)
(0.262503 0.0113067 0.0199998)
(0.250003 0.0112758 0.0224999)
(0.275002 0.0113212 0.0224999)
(0.262507 0.0239452 0.0224998)
(0.262503 0.0112936 0.025)
(0.312501 0.0113765 0.0199998)
(0.300001 0.0113566 0.0224999)
(0.325001 0.0113781 0.0224999)
(0.3125 0.0240525 0.0224998)
(0.312501 0.0113636 0.025)
(0.362499 0.0113956 0.0199998)
(0.35 0.0113874 0.0224999)
(0.374998 0.0113909 0.0224999)
(0.36249 0.0239108 0.0224998)
(0.362499 0.0113851 0.025)
(0.412502 0.011525 0.0199997)
(0.399999 0.011434 0.0224999)
(0.425009 0.0116815 0.0224999)
(0.412499 0.0242012 0.0224998)
(0.412502 0.0115148 0.025)
(0.462533 0.0122038 0.0199994)
(0.450029 0.0121085 0.0224999)
(0.475035 0.0122216 0.0224999)
(0.462648 0.0272644 0.0224996)
(0.462534 0.0122141 0.025)
(0.512526 0.0120532 0.0199997)
(0.50003 0.0121248 0.0224999)
(0.525021 0.0119811 0.0224999)
(0.512614 0.0262786 0.0224998)
(0.512527 0.0120576 0.025)
(0.562503 0.0117455 0.0199998)
(0.550009 0.011823 0.0225)
(0.574996 0.0116751 0.0225)
(0.562507 0.0246781 0.0224999)
(0.562503 0.011743 0.025)
(0.612516 0.0119553 0.0199998)
(0.599997 0.0117064 0.0225)
(0.62505 0.0123819 0.0224999)
(0.612543 0.0251485 0.0224999)
(0.612516 0.0119574 0.025)
(0.662571 0.0126473 0.0199998)
(0.650081 0.0127527 0.0224999)
(0.675055 0.0124706 0.0225)
(0.662806 0.0281816 0.0224999)
(0.662571 0.0126477 0.025)
(0.712499 0.011915 0.0199999)
(0.700016 0.0120732 0.0225)
(0.724997 0.0119053 0.0225)
(0.712475 0.0246212 0.0225)
(0.712499 0.0119149 0.025)
(0.762773 0.0147 0.0199999)
(0.75017 0.0137039 0.0225)
(0.775276 0.0147415 0.0225)
(0.763839 0.0301495 0.0225)
(0.762773 0.0147001 0.025)
(0.812581 0.0129262 0.02)
(0.800154 0.0135954 0.0225)
(0.825011 0.0122953 0.0225)
(0.81266 0.0248123 0.0225)
(0.812581 0.0129262 0.025)
(0.859713 0.0193761 0.02)
(0.850204 0.0137145 0.0225)
(0.859713 0.0193761 0.025)
(0.112554 0.0487935 0.0225)
(0.161908 0.0545738 0.0225)
(0.212772 0.0580347 0.02)
(0.212579 0.0482322 0.0224999)
(0.201293 0.0574235 0.0225)
(0.225092 0.0585674 0.0225)
(0.212772 0.0580347 0.025)
(0.262519 0.0596617 0.02)
(0.262521 0.0488219 0.0224999)
(0.250041 0.0593857 0.0225)
(0.275016 0.0598572 0.0225)
(0.262519 0.0596617 0.025)
(0.312495 0.059955 0.02)
(0.312496 0.0490926 0.0224999)
(0.300004 0.0600157 0.0225)
(0.324985 0.0598699 0.0225)
(0.312495 0.059955 0.025)
(0.362461 0.0591842 0.02)
(0.362462 0.0484159 0.0224999)
(0.349967 0.0594717 0.0225)
(0.374937 0.0588469 0.0225)
(0.362461 0.0591842 0.025)
(0.41225 0.0575405 0.02)
(0.412423 0.0478404 0.0224999)
(0.39989 0.0580155 0.0225)
(0.42371 0.0570459 0.0225)
(0.41225 0.0575405 0.025)
(0.462925 0.0551212 0.0225)
(0.512754 0.0521161 0.0225)
(0.562516 0.0485881 0.0225)
(0.611106 0.0447059 0.0225)
(0.020573 0.020573 0.0325)
(0.0621429 0.0119863 0.03)
(0.0490123 0.0123935 0.0325)
(0.0747924 0.0119999 0.0325)
(0.061671 0.0271278 0.0325)
(0.0621429 0.0119862 0.035)
(0.112461 0.0114792 0.03)
(0.0999298 0.0115999 0.0325)
(0.124964 0.0115237 0.0325)
(0.112361 0.0251961 0.0325)
(0.112461 0.0114793 0.035)
(0.162453 0.0118173 0.03)
(0.149953 0.0117533 0.0325)
(0.17496 0.0117791 0.0325)
(0.162281 0.0268067 0.0325)
(0.162453 0.0118175 0.035)
(0.212499 0.0113056 0.03)
(0.199989 0.0114342 0.0325)
(0.225003 0.0112538 0.0325)
(0.212494 0.0241186 0.0325)
(0.212499 0.0113052 0.035)
(0.262503 0.01129 0.03)
(0.250003 0.011267 0.0325)
(0.275002 0.0113117 0.0325)
(0.262507 0.0239121 0.0325)
(0.262503 0.0112895 0.035)
(0.312501 0.0113601 0.03)
(0.300001 0.0113471 0.0325)
(0.325001 0.0113692 0.0325)
(0.3125 0.0240178 0.0325)
(0.312501 0.0113596 0.035)
(0.362499 0.0113822 0.03)
(0.35 0.0113796 0.0325)
(0.374999 0.0113848 0.0325)
(0.362491 0.0238888 0.0325)
(0.362499 0.0113817 0.035)
(0.412502 0.0115126 0.03)
(0.399999 0.0114286 0.0325)
(0.425009 0.0116767 0.0325)
(0.4125 0.0241818 0.0325)
(0.412502 0.0115123 0.035)
(0.462534 0.0122166 0.03)
(0.450029 0.0121137 0.0325)
(0.475035 0.0122281 0.0325)
(0.46265 0.0272897 0.0325)
(0.462534 0.0122168 0.035)
(0.512527 0.0120588 0.03)
(0.500031 0.0121291 0.0325)
(0.525022 0.0119834 0.0325)
(0.512615 0.0262889 0.0325)
(0.512527 0.012059 0.035)
(0.562503 0.0117426 0.03)
(0.550009 0.011823 0.0325)
(0.574996 0.0116724 0.0325)
(0.562507 0.0246747 0.0325)
(0.562503 0.0117426 0.035)
(0.612516 0.0119574 0.03)
(0.599996 0.0117029 0.0325)
(0.62505 0.0123825 0.0325)
(0.612544 0.0251579 0.0325)
(0.612516 0.0119574 0.035)
(0.662571 0.0126477 0.03)
(0.650081 0.0127529 0.0325)
(0.675055 0.0124707 0.0325)
(0.662806 0.0281819 0.0325)
(0.662571 0.0126477 0.035)
(0.712499 0.0119149 0.03)
(0.700016 0.0120732 0.0325)
(0.724997 0.0119053 0.0325)
(0.712475 0.0246212 0.0325)
(0.712499 0.0119149 0.035)
(0.762773 0.0147001 0.03)
(0.75017 0.0137039 0.0325)
(0.775276 0.0147415 0.0325)
(0.763839 0.0301495 0.0325)
(0.762773 0.0147001 0.035)
(0.812581 0.0129262 0.03)
(0.800154 0.0135954 0.0325)
(0.825011 0.0122953 0.0325)
(0.81266 0.0248123 0.0325)
(0.812581 0.0129262 0.035)
(0.859713 0.0193761 0.03)
(0.850204 0.0137145 0.0325)
(0.859713 0.0193761 0.035)
(0.112554 0.0487935 0.0325)
(0.161908 0.0545738 0.0325)
(0.212772 0.0580347 0.03)
(0.212579 0.048224 0.0325)
(0.201293 0.0574235 0.0325)
(0.225092 0.0585674 0.0325)
(0.212772 0.0580347 0.035)
(0.262519 0.0596617 0.03)
(0.262521 0.0488125 0.0325)
(0.250041 0.0593857 0.0325)
(0.275016 0.0598572 0.0325)
(0.262519 0.0596617 0.035)
(0.312495 0.059955 0.03)
(0.312495 0.049086 0.0325)
(0.300004 0.0600157 0.0325)
(0.324985 0.0598699 0.0325)
(0.312495 0.059955 0.035)
(0.362461 0.0591842 0.03)
(0.362462 0.0484019 0.0325)
(0.349967 0.0594717 0.0325)
(0.374937 0.0588469 0.0325)
(0.362461 0.0591842 0.035)
(0.41225 0.0575405 0.03)
(0.412422 0.0478284 0.0325)
(0.39989 0.0580155 0.0325)
(0.42371 0.0570459 0.0325)
(0.41225 0.0575405 0.035)
(0.462925 0.0551212 0.0325)
(0.512754 0.0521161 0.0325)
(0.562516 0.0485881 0.0325)
(0.611106 0.0447059 0.0325)
(0.020573 0.020573 0.0425)
(0.0621429 0.0119863 0.04)
(0.0490123 0.0123935 0.0425)
(0.0747924 0.0119999 0.0425)
(0.0616709 0.0271278 0.0425)
(0.0621429 0.0119862 0.045)
(0.112461 0.0114793 0.04)
(0.0999298 0.0115999 0.0425)
(0.124964 0.0115237 0.0425)
(0.112361 0.0251962 0.0425)
(0.112461 0.0114793 0.045)
(0.162453 0.0118175 0.04)
(0.149953 0.0117534 0.0425)
(0.17496 0.0117792 0.0425)
(0.162281 0.0268068 0.0425)
(0.162453 0.0118175 0.045)
(0.212499 0.0113052 0.04)
(0.199989 0.0114341 0.0425)
(0.225003 0.0112537 0.0425)
(0.212494 0.0241183 0.0425)
(0.212499 0.0113052 0.045)
(0.262503 0.0112895 0.04)
(0.250003 0.0112668 0.0425)
(0.275002 0.0113116 0.0425)
(0.262507 0.0239116 0.0425)
(0.262503 0.0112895 0.045)
(0.312501 0.0113596 0.04)
(0.300001 0.0113469 0.0425)
(0.325001 0.0113691 0.0425)
(0.3125 0.0240173 0.0425)
(0.312501 0.0113596 0.045)
(0.362499 0.0113817 0.04)
(0.35 0.0113795 0.0425)
(0.374999 0.0113846 0.0425)
(0.362491 0.0238883 0.0425)
(0.362499 0.0113817 0.045)
(0.412502 0.0115123 0.04)
(0.399999 0.0114285 0.0425)
(0.425009 0.0116767 0.0425)
(0.4125 0.0241815 0.0425)
(0.412502 0.0115123 0.045)
(0.462534 0.0122169 0.04)
(0.450029 0.0121137 0.0425)
(0.475035 0.0122282 0.0425)
(0.46265 0.0272899 0.0425)
(0.462534 0.0122168 0.045)
(0.512527 0.012059 0.04)
(0.500031 0.0121292 0.0425)
(0.525022 0.0119834 0.0425)
(0.512615 0.0262891 0.0425)
(0.512527 0.012059 0.045)
(0.562503 0.0117426 0.04)
(0.550009 0.011823 0.0425)
(0.574996 0.0116723 0.0425)
(0.562507 0.0246747 0.0425)
(0.562503 0.0117426 0.045)
(0.612516 0.0119574 0.04)
(0.599996 0.0117029 0.0425)
(0.62505 0.0123825 0.0425)
(0.612544 0.0251579 0.0425)
(0.612516 0.0119574 0.045)
(0.662571 0.0126477 0.04)
(0.650081 0.0127529 0.0425)
(0.675055 0.0124707 0.0425)
(0.662806 0.0281819 0.0425)
(0.662571 0.0126477 0.045)
(0.712499 0.0119149 0.04)
(0.700016 0.0120732 0.0425)
(0.724997 0.0119053 0.0425)
(0.712475 0.0246212 0.0425)
(0.712499 0.0119149 0.045)
(0.762773 0.0147001 0.04)
(0.75017 0.0137039 0.0425)
(0.775276 0.0147415 0.0425)
(0.763839 0.0301495 0.0425)
(0.762773 0.0147001 0.045)
(0.812581 0.0129262 0.04)
(0.800154 0.0135954 0.0425)
(0.825011 0.0122953 0.0425)
(0.81266 0.0248123 0.0425)
(0.812581 0.0129262 0.045)
(0.859713 0.0193761 0.04)
(0.850204 0.0137145 0.0425)
(0.859713 0.0193761 0.045)
(0.112554 0.0487935 0.0425)
(0.161908 0.0545738 0.0425)
(0.212772 0.0580347 0.04)
(0.212579 0.0482239 0.0425)
(0.201293 0.0574235 0.0425)
(0.225092 0.0585674 0.0425)
(0.212772 0.0580347 0.045)
(0.262519 0.0596617 0.04)
(0.262521 0.0488123 0.0425)
(0.250041 0.0593857 0.0425)
(0.275016 0.0598572 0.0425)
(0.262519 0.0596617 0.045)
(0.312495 0.059955 0.04)
(0.312495 0.0490858 0.0425)
(0.300004 0.0600157 0.0425)
(0.324985 0.0598699 0.0425)
(0.312495 0.059955 0.045)
(0.362461 0.0591842 0.04)
(0.362462 0.0484017 0.0425)
(0.349967 0.0594717 0.0425)
(0.374937 0.0588469 0.0425)
(0.362461 0.0591842 0.045)
(0.41225 0.0575405 0.04)
(0.412422 0.0478283 0.0425)
(0.39989 0.0580155 0.0425)
(0.42371 0.0570459 0.0425)
(0.41225 0.0575405 0.045)
(0.462925 0.0551212 0.0425)
(0.512754 0.0521161 0.0425)
(0.562516 0.0485881 0.0425)
(0.611106 0.0447059 0.0425)
(0.020573 0.020573 0.0525)
(0.0621429 0.0119863 0.05)
(0.0490123 0.0123935 0.0525)
(0.0747924 0.0119999 0.0525)
(0.0616709 0.0271278 0.0525)
(0.0621429 0.0119862 0.055)
(0.112461 0.0114793 0.05)
(0.0999298 0.0115999 0.0525)
(0.124964 0.0115237 0.0525)
(0.112361 0.0251962 0.0525)
(0.112461 0.0114793 0.055)
(0.162453 0.0118175 0.05)
(0.149953 0.0117534 0.0525)
(0.17496 0.0117792 0.0525)
(0.162281 0.0268068 0.0525)
(0.162453 0.0118175 0.055)
(0.212499 0.0113052 0.05)
(0.199989 0.0114341 0.0525)
(0.225003 0.0112537 0.0525)
(0.212494 0.0241183 0.0525)
(0.212499 0.0113052 0.055)
(0.262503 0.0112895 0.05)
(0.250003 0.0112668 0.0525)
(0.275002 0.0113116 0.0525)
(0.262507 0.0239116 0.0525)
(0.262503 0.0112895 0.055)
(0.312501 0.0113596 0.05)
(0.300001 0.0113469 0.0525)
(0.325001 0.0113691 0.0525)
(0.3125 0.0240173 0.0525)
(0.312501 0.0113596 0.055)
(0.362499 0.0113817 0.05)
(0.35 0.0113795 0.0525)
(0.374999 0.0113846 0.0525)
(0.362491 0.0238883 0.0525)
(0.362499 0.0113817 0.055)
(0.412502 0.0115123 0.05)
(0.399999 0.0114285 0.0525)
(0.425009 0.0116767 0.0525)
(0.4125 0.0241815 0.0525)
(0.412502 0.0115123 0.055)
(0.462534 0.0122169 0.05)
(0.450029 0.0121137 0.0525)
(0.475035 0.0122282 0.0525)
(0.46265 0.0272899 0.0525)
(0.462534 0.0122168 0.055)
(0.512527 0.012059 0.05)
(0.500031 0.0121292 0.0525)
(0.525022 0.0119834 0.0525)
(0.512615 0.0262891 0.0525)
(0.512527 0.012059 0.055)
(0.562503 0.0117426 0.05)
(0.550009 0.011823 0.0525)
(0.574996 0.0116723 0.0525)
(0.562507 0.0246747 0.0525)
(0.562503 0.0117426 0.055)
(0.612516 0.0119574 0.05)
(0.599996 0.0117029 0.0525)
(0.62505 0.0123825 0.0525)
(0.612544 0.0251579 0.0525)
(0.612516 0.0119574 0.055)
(0.662571 0.0126477 0.05)
(0.650081 0.0127529 0.0525)
(0.675055 0.0124707 0.0525)
(0.662806 0.0281819 0.0525)
(0.662571 0.0126477 0.055)
(0.712499 0.0119149 0.05)
(0.700016 0.0120732 0.0525)
(0.724997 0.0119053 0.0525)
(0.712475 0.0246212 0.0525)
(0.712499 0.0119149 0.055)
(0.762773 0.0147001 0.05)
(0.75017 0.0137039 0.0525)
(0.775276 0.0147415 0.0525)
(0.763839 0.0301495 0.0525)
(0.762773 0.0147001 0.055)
(0.812581 0.0129262 0.05)
(0.800154 0.0135954 0.0525)
(0.825011 0.0122953 0.0525)
(0.81266 0.0248123 0.0525)
(0.812581 0.0129262 0.055)
(0.859713 0.0193761 0.05)
(0.850204 0.0137145 0.0525)
(0.859713 0.0193761 0.055)
(0.112554 0.0487935 0.0525)
(0.161908 0.0545738 0.0525)
(0.212772 0.0580347 0.05)
(0.212579 0.0482239 0.0525)
(0.201293 0.0574235 0.0525)
(0.225092 0.0585674 0.0525)
(0.212772 0.0580347 0.055)
(0.262519 0.0596617 0.05)
(0.262521 0.0488123 0.0525)
(0.250041 0.0593857 0.0525)
(0.275016 0.0598572 0.0525)
(0.262519 0.0596617 0.055)
(0.312495 0.059955 0.05)
(0.312495 0.0490858 0.0525)
(0.300004 0.0600157 0.0525)
(0.324985 0.0598699 0.0525)
(0.312495 0.059955 0.055)
(0.362461 0.0591842 0.05)
(0.362462 0.0484017 0.0525)
(0.349967 0.0594717 0.0525)
(0.374937 0.0588469 0.0525)
(0.362461 0.0591842 0.055)
(0.41225 0.0575405 0.05)
(0.412422 0.0478283 0.0525)
(0.39989 0.0580155 0.0525)
(0.42371 0.0570459 0.0525)
(0.41225 0.0575405 0.055)
(0.462925 0.0551212 0.0525)
(0.512754 0.0521161 0.0525)
(0.562516 0.0485881 0.0525)
(0.611106 0.0447059 0.0525)
(0.020573 0.020573 0.0625)
(0.0621429 0.0119863 0.06)
(0.0490123 0.0123935 0.0625)
(0.0747924 0.0119999 0.0625)
(0.0616709 0.0271278 0.0625)
(0.0621429 0.0119862 0.065)
(0.112461 0.0114793 0.06)
(0.0999298 0.0115999 0.0625)
(0.124964 0.0115237 0.0625)
(0.112361 0.0251962 0.0625)
(0.112461 0.0114793 0.065)
(0.162453 0.0118175 0.06)
(0.149953 0.0117534 0.0625)
(0.17496 0.0117792 0.0625)
(0.162281 0.0268068 0.0625)
(0.162453 0.0118175 0.065)
(0.212499 0.0113052 0.06)
(0.199989 0.0114341 0.0625)
(0.225003 0.0112537 0.0625)
(0.212494 0.0241183 0.0625)
(0.212499 0.0113052 0.065)
(0.262503 0.0112895 0.06)
(0.250003 0.0112668 0.0625)
(0.275002 0.0113116 0.0625)
(0.262507 0.0239116 0.0625)
(0.262503 0.0112895 0.065)
(0.312501 0.0113596 0.06)
(0.300001 0.0113469 0.0625)
(0.325001 0.0113691 0.0625)
(0.3125 0.0240173 0.0625)
(0.312501 0.0113596 0.065)
(0.362499 0.0113817 0.06)
(0.35 0.0113795 0.0625)
(0.374999 0.0113846 0.0625)
(0.362491 0.0238883 0.0625)
(0.362499 0.0113817 0.065)
(0.412502 0.0115123 0.06)
(0.399999 0.0114285 0.0625)
(0.425009 0.0116767 0.0625)
(0.4125 0.0241815 0.0625)
(0.412502 0.0115123 0.065)
(0.462534 0.0122169 0.06)
(0.450029 0.0121137 0.0625)
(0.475035 0.0122282 0.0625)
(0.46265 0.0272899 0.0625)
(0.462534 0.0122168 0.065)
(0.512527 0.012059 0.06)
(0.500031 0.0121292 0.0625)
(0.525022 0.0119834 0.0625)
(0.512615 0.0262891 0.0625)
(0.512527 0.012059 0.065)
(0.562503 0.0117426 0.06)
(0.550009 0.011823 0.0625)
(0.574996 0.0116723 0.0625)
(0.562507 0.0246747 0.0625)
(0.562503 0.0117426 0.065)
(0.612516 0.0119574 0.06)
(0.599996 0.0117029 0.0625)
(0.62505 0.0123825 0.0625)
(0.612544 0.0251579 0.0625)
(0.612516 0.0119574 0.065)
(0.662571 0.0126477 0.06)
(0.650081 0.0127529 0.0625)
(0.675055 0.0124707 0.0625)
(0.662806 0.0281819 0.0625)
(0.662571 0.0126477 0.065)
(0.712499 0.0119149 0.06)
(0.700016 0.0120732 0.0625)
(0.724997 0.0119053 0.0625)
(0.712475 0.0246212 0.0625)
(0.712499 0.0119149 0.065)
(0.762773 0.0147001 0.06)
(0.75017 0.0137039 0.0625)
(0.775276 0.0147415 0.0625)
(0.763839 0.0301495 0.0625)
(0.762773 0.0147001 0.065)
(0.812581 0.0129262 0.06)
(0.800154 0.0135954 0.0625)
(0.825011 0.0122953 0.0625)
(0.81266 0.0248123 0.0625)
(0.812581 0.0129262 0.065)
(0.859713 0.0193761 0.06)
(0.850204 0.0137145 0.0625)
(0.859713 0.0193761 0.065)
(0.112554 0.0487935 0.0625)
(0.161908 0.0545738 0.0625)
(0.212772 0.0580347 0.06)
(0.212579 0.0482239 0.0625)
(0.201293 0.0574235 0.0625)
(0.225092 0.0585674 0.0625)
(0.212772 0.0580347 0.065)
(0.262519 0.0596617 0.06)
(0.262521 0.0488123 0.0625)
(0.250041 0.0593857 0.0625)
(0.275016 0.0598572 0.0625)
(0.262519 0.0596617 0.065)
(0.312495 0.059955 0.06)
(0.312495 0.0490858 0.0625)
(0.300004 0.0600157 0.0625)
(0.324985 0.0598699 0.0625)
(0.312495 0.059955 0.065)
(0.362461 0.0591842 0.06)
(0.362462 0.0484017 0.0625)
(0.349967 0.0594717 0.0625)
(0.374937 0.0588469 0.0625)
(0.362461 0.0591842 0.065)
(0.41225 0.0575405 0.06)
(0.412422 0.0478283 0.0625)
(0.39989 0.0580155 0.0625)
(0.42371 0.0570459 0.0625)
(0.41225 0.0575405 0.065)
(0.462925 0.0551212 0.0625)
(0.512754 0.0521161 0.0625)
(0.562516 0.0485881 0.0625)
(0.611106 0.0447059 0.0625)
(0.020573 0.020573 0.0725)
(0.0621429 0.0119863 0.07)
(0.0490123 0.0123935 0.0725)
(0.0747924 0.0119999 0.0725)
(0.061671 0.0271278 0.0725)
(0.062143 0.0119862 0.075)
(0.112461 0.0114793 0.07)
(0.0999298 0.0115999 0.0725)
(0.124964 0.0115237 0.0725)
(0.112361 0.0251962 0.0725)
(0.112461 0.0114793 0.075)
(0.162453 0.0118175 0.07)
(0.149953 0.0117534 0.0725)
(0.17496 0.0117792 0.0725)
(0.162281 0.0268068 0.0725)
(0.162453 0.0118175 0.075)
(0.212499 0.0113052 0.07)
(0.199989 0.0114341 0.0725)
(0.225003 0.0112537 0.0725)
(0.212494 0.0241183 0.0725)
(0.212499 0.0113052 0.075)
(0.262503 0.0112895 0.07)
(0.250003 0.0112668 0.0725)
(0.275002 0.0113116 0.0725)
(0.262507 0.0239116 0.0725)
(0.262503 0.0112895 0.075)
(0.312501 0.0113596 0.07)
(0.300001 0.0113469 0.0725)
(0.325001 0.0113691 0.0725)
(0.3125 0.0240173 0.0725)
(0.312501 0.0113596 0.075)
(0.362499 0.0113817 0.07)
(0.35 0.0113795 0.0725)
(0.374999 0.0113846 0.0725)
(0.362491 0.0238883 0.0725)
(0.362499 0.0113817 0.075)
(0.412502 0.0115123 0.07)
(0.399999 0.0114285 0.0725)
(0.425009 0.0116767 0.0725)
(0.4125 0.0241815 0.0725)
(0.412502 0.0115123 0.075)
(0.462534 0.0122169 0.07)
(0.450029 0.0121137 0.0725)
(0.475035 0.0122282 0.0725)
(0.46265 0.0272899 0.0725)
(0.462534 0.0122168 0.075)
(0.512527 0.012059 0.07)
(0.500031 0.0121292 0.0725)
(0.525022 0.0119834 0.0725)
(0.512615 0.026289 0.0725)
(0.512527 0.012059 0.075)
(0.562503 0.0117426 0.07)
(0.550009 0.011823 0.0725)
(0.574996 0.0116723 0.0725)
(0.562507 0.0246747 0.0725)
(0.562503 0.0117426 0.075)
(0.612516 0.0119574 0.07)
(0.599996 0.0117029 0.0725)
(0.62505 0.0123825 0.0725)
(0.612544 0.0251579 0.0725)
(0.612516 0.0119574 0.075)
(0.662571 0.0126477 0.07)
(0.650081 0.0127529 0.0725)
(0.675055 0.0124707 0.0725)
(0.662806 0.0281819 0.0725)
(0.662571 0.0126477 0.075)
(0.712499 0.0119149 0.07)
(0.700016 0.0120732 0.0725)
(0.724997 0.0119053 0.0725)
(0.712475 0.0246212 0.0725)
(0.712499 0.0119149 0.075)
(0.762773 0.0147001 0.07)
(0.75017 0.0137039 0.0725)
(0.775276 0.0147415 0.0725)
(0.763839 0.0301495 0.0725)
(0.762773 0.0147001 0.075)
(0.812581 0.0129262 0.07)
(0.800154 0.0135954 0.0725)
(0.825011 0.0122953 0.0725)
(0.81266 0.0248123 0.0725)
(0.812581 0.0129262 0.075)
(0.859713 0.0193761 0.07)
(0.850204 0.0137145 0.0725)
(0.859713 0.0193761 0.075)
(0.112554 0.0487935 0.0725)
(0.161908 0.0545738 0.0725)
(0.212772 0.0580347 0.07)
(0.212579 0.0482239 0.0725)
(0.201293 0.0574235 0.0725)
(0.225092 0.0585674 0.0725)
(0.212772 0.0580347 0.075)
(0.262519 0.0596617 0.07)
(0.262521 0.0488123 0.0725)
(0.250041 0.0593857 0.0725)
(0.275016 0.0598572 0.0725)
(0.262519 0.0596617 0.075)
(0.312495 0.059955 0.07)
(0.312495 0.0490858 0.0725)
(0.300004 0.0600157 0.0725)
(0.324985 0.0598699 0.0725)
(0.312495 0.059955 0.075)
(0.362461 0.0591842 0.07)
(0.362462 0.0484017 0.0725)
(0.349967 0.0594717 0.0725)
(0.374937 0.0588469 0.0725)
(0.362461 0.0591842 0.075)
(0.41225 0.0575405 0.07)
(0.412422 0.0478283 0.0725)
(0.39989 0.0580155 0.0725)
(0.42371 0.0570459 0.0725)
(0.41225 0.0575405 0.075)
(0.462925 0.0551212 0.0725)
(0.512754 0.0521161 0.0725)
(0.562516 0.0485881 0.0725)
(0.611106 0.0447059 0.0725)
(0.0208148 0.0203313 0.0825)
(0.0621436 0.0119856 0.0800008)
(0.0490248 0.012388 0.0825072)
(0.0747935 0.0119988 0.0825013)
(0.0616735 0.0271232 0.0825016)
(0.0621553 0.0119767 0.0850128)
(0.112461 0.0114792 0.08)
(0.0999299 0.0115996 0.0825002)
(0.124964 0.0115234 0.0825002)
(0.112361 0.0251957 0.0825003)
(0.112461 0.0114785 0.0850005)
(0.162453 0.0118172 0.0800002)
(0.149953 0.0117524 0.0825006)
(0.17496 0.0117779 0.0825009)
(0.162282 0.0268034 0.0825024)
(0.162454 0.0118128 0.0850032)
(0.212499 0.0113051 0.0800001)
(0.199989 0.0114337 0.0825004)
(0.225003 0.0112537 0.0825001)
(0.212494 0.0241178 0.0825008)
(0.212499 0.0113048 0.0850008)
(0.262503 0.0112895 0.08)
(0.250003 0.0112669 0.0825)
(0.275002 0.0113117 0.0825)
(0.262507 0.0239119 0.0825)
(0.262503 0.01129 0.085)
(0.312501 0.0113596 0.08)
(0.300001 0.011347 0.0825)
(0.325001 0.0113692 0.0825)
(0.3125 0.0240176 0.0825)
(0.312501 0.01136 0.085)
(0.362499 0.0113817 0.08)
(0.35 0.0113796 0.0825)
(0.374999 0.0113848 0.0825001)
(0.362491 0.0238887 0.0825001)
(0.362499 0.0113822 0.0850001)
(0.412502 0.0115123 0.0800001)
(0.399999 0.0114286 0.0825002)
(0.425009 0.0116762 0.0825005)
(0.4125 0.0241812 0.082501)
(0.412502 0.0115121 0.085001)
(0.462534 0.0122164 0.0800003)
(0.450029 0.0121121 0.0825011)
(0.475035 0.0122263 0.0825014)
(0.462649 0.0272846 0.0825037)
(0.462534 0.0122096 0.085005)
(0.512527 0.0120588 0.0800001)
(0.500031 0.0121281 0.0825008)
(0.525022 0.0119831 0.0825002)
(0.512615 0.0262874 0.0825011)
(0.512527 0.0120567 0.0850015)
(0.562503 0.0117426 0.08)
(0.550009 0.011823 0.0825)
(0.574996 0.0116724 0.0825001)
(0.562507 0.0246747 0.0825001)
(0.562503 0.0117427 0.0850001)
(0.612516 0.0119573 0.0800001)
(0.599996 0.0117028 0.0825002)
(0.62505 0.0123819 0.0825006)
(0.612544 0.0251573 0.0825007)
(0.612516 0.0119562 0.0850015)
(0.662571 0.0126475 0.0800001)
(0.650081 0.0127519 0.0825008)
(0.675055 0.0124703 0.0825003)
(0.662806 0.028181 0.0825007)
(0.662571 0.0126449 0.0850021)
(0.712499 0.0119149 0.08)
(0.700016 0.0120732 0.0825001)
(0.724997 0.0119052 0.0825001)
(0.712475 0.0246212 0.0825)
(0.712499 0.0119148 0.0850001)
(0.762773 0.0147001 0.08)
(0.75017 0.0137038 0.0825001)
(0.775276 0.0147413 0.0825002)
(0.763839 0.0301495 0.0825)
(0.762773 0.0146987 0.0850011)
(0.812581 0.0129262 0.08)
(0.800154 0.0135953 0.0825)
(0.825011 0.0122952 0.0825)
(0.81266 0.0248123 0.0825)
(0.812581 0.0129261 0.0850001)
(0.859713 0.0193761 0.08)
(0.850204 0.0137144 0.0825)
(0.859713 0.0193761 0.085)
(0.112554 0.0487935 0.0825)
(0.161908 0.0545738 0.0825)
(0.212772 0.0580347 0.08)
(0.212579 0.0482238 0.0825003)
(0.201293 0.0574235 0.0825)
(0.225092 0.0585674 0.0825)
(0.212772 0.0580347 0.085)
(0.262519 0.0596617 0.08)
(0.262521 0.0488124 0.0825)
(0.250041 0.0593857 0.0825)
(0.275016 0.0598572 0.0825)
(0.262519 0.0596617 0.085)
(0.312495 0.059955 0.08)
(0.312495 0.0490859 0.0825)
(0.300004 0.0600157 0.0825)
(0.324985 0.0598699 0.0825)
(0.312495 0.059955 0.085)
(0.362461 0.0591842 0.08)
(0.362462 0.0484019 0.0825001)
(0.349967 0.0594717 0.0825)
(0.374937 0.0588469 0.0825)
(0.362461 0.0591842 0.085)
(0.41225 0.0575405 0.08)
(0.412422 0.0478284 0.0825005)
(0.39989 0.0580155 0.0825)
(0.42371 0.0570459 0.0825)
(0.41225 0.0575405 0.085)
(0.462925 0.0551212 0.0825)
(0.512754 0.0521161 0.0825)
(0.562516 0.0485881 0.0825)
(0.611106 0.0447059 0.0825)
(0.0285064 0.0126396 0.0956641)
(0.0622433 0.011898 0.0901032)
(0.0496259 0.0119047 0.0929549)
(0.074834 0.0119491 0.0925422)
(0.0617899 0.0268526 0.0925663)
(0.0623179 0.0118317 0.0951249)
(0.112463 0.0114734 0.0900043)
(0.0999387 0.0115793 0.0925153)
(0.124969 0.0115077 0.0925133)
(0.112375 0.0251334 0.0925296)
(0.112473 0.0114873 0.0950203)
(0.162458 0.0117702 0.090031)
(0.149962 0.0116753 0.0925481)
(0.174971 0.0116655 0.0925762)
(0.162332 0.0262492 0.0928366)
(0.162479 0.0115971 0.0951433)
(0.212499 0.0113057 0.0900064)
(0.199992 0.0114171 0.0925262)
(0.225003 0.0112765 0.0925063)
(0.212498 0.0241182 0.0925539)
(0.212501 0.0113698 0.0950219)
(0.262503 0.0112966 0.0900001)
(0.250003 0.0112928 0.0925009)
(0.275002 0.0113361 0.0925001)
(0.262507 0.023957 0.0925011)
(0.262502 0.011378 0.0950004)
(0.312501 0.0113661 0.09)
(0.300001 0.0113706 0.0925)
(0.325001 0.0113927 0.0925001)
(0.3125 0.0240577 0.0925001)
(0.312501 0.0114431 0.095)
(0.362499 0.0113896 0.0900009)
(0.35 0.0114046 0.0925007)
(0.374999 0.0114143 0.092504)
(0.362491 0.0239448 0.0925075)
(0.362499 0.0114711 0.0950028)
(0.412502 0.0115141 0.090008)
(0.399999 0.0114569 0.0925111)
(0.425007 0.0116569 0.0925289)
(0.412498 0.0242013 0.0925687)
(0.412501 0.0115773 0.0950276)
(0.46253 0.0121464 0.0900455)
(0.450021 0.0119731 0.0925887)
(0.475025 0.0120566 0.0926094)
(0.462607 0.0265235 0.0929584)
(0.462513 0.0118889 0.0951916)
(0.512525 0.0120382 0.0900133)
(0.500025 0.012043 0.0925542)
(0.525019 0.0119583 0.0925178)
(0.512601 0.0260859 0.0926087)
(0.512517 0.0119738 0.0950573)
(0.562502 0.0117453 0.090001)
(0.550009 0.0118277 0.0925035)
(0.574996 0.0116892 0.0925039)
(0.562506 0.0246812 0.0925063)
(0.562502 0.0117939 0.0950036)
(0.612515 0.011946 0.0900152)
(0.599996 0.0117124 0.0925215)
(0.625041 0.0122917 0.0925743)
(0.612536 0.0250751 0.0926183)
(0.612508 0.011924 0.0950838)
(0.662568 0.0126128 0.0900247)
(0.650062 0.0125644 0.0926401)
(0.675049 0.0124189 0.0925337)
(0.662768 0.0277778 0.0926756)
(0.662543 0.0123885 0.0951625)
(0.712499 0.0119142 0.0900015)
(0.700015 0.0120707 0.0925046)
(0.724995 0.0118982 0.0925094)
(0.712474 0.024614 0.0925047)
(0.712497 0.0119383 0.0950075)
(0.762761 0.0145907 0.0900401)
(0.750151 0.0135485 0.0925766)
(0.775218 0.0142349 0.0927327)
(0.763771 0.0295155 0.0925)
(0.76254 0.0126273 0.0962059)
(0.812581 0.0129227 0.0900021)
(0.800145 0.013525 0.0925281)
(0.825009 0.0122809 0.0925098)
(0.812656 0.0247722 0.0925)
(0.812571 0.0128647 0.0950319)
(0.859691 0.0191925 0.09)
(0.850158 0.0133771 0.0926511)
(0.856556 0.019699 0.0925)
(0.858896 0.0125 0.0987501)
(0.112554 0.048792 0.0925)
(0.161964 0.0539024 0.0925)
(0.212771 0.0580478 0.09)
(0.212576 0.0483097 0.0925629)
(0.201289 0.0574983 0.0925)
(0.22509 0.0586315 0.0925)
(0.212756 0.0583384 0.0950001)
(0.262519 0.0596617 0.09)
(0.262521 0.0488278 0.0925007)
(0.250041 0.0593858 0.0925)
(0.275016 0.0598572 0.0925)
(0.262519 0.0596617 0.095)
(0.312495 0.059955 0.09)
(0.312496 0.0490968 0.0925)
(0.300004 0.0600157 0.0925)
(0.324985 0.0598699 0.0925)
(0.312495 0.059955 0.095)
(0.362461 0.0591847 0.09)
(0.362463 0.048433 0.0925084)
(0.349967 0.0594718 0.0925)
(0.374938 0.0589033 0.0925)
(0.362461 0.0592051 0.095)
(0.41225 0.0575561 0.09)
(0.412427 0.0479678 0.092584)
(0.399893 0.0581049 0.0925)
(0.423714 0.0571316 0.0925)
(0.412263 0.0579003 0.0950001)
(0.462887 0.0543862 0.0925)
(0.512744 0.0519671 0.0925)
(0.562516 0.048588 0.0925)
(0.611113 0.044787 0.0925)
(0.0338535 0.0282528 0.00263622)
(0.037094 0.0124619 0.00403781)
(0.0509105 0.035678 0.00278712)
(0.0285064 0.0126396 0.00433594)
(0.0346746 0.0276564 0.00749709)
(0.0495642 0.0121508 0.00694889)
(0.0368553 0.0125826 0.00834079)
(0.0509382 0.0357389 0.0075)
(0.0874515 0.025127 0.00191019)
(0.0874164 0.0120658 0.0047653)
(0.0745638 0.0358894 0.000263572)
(0.0618075 0.0387409 0.00502556)
(0.0843419 0.0430784 0.00502288)
(0.0999719 0.0376362 0.00204831)
(0.0924509 0.044893 0.00279939)
(0.074807 0.0122281 0.00737627)
(0.0618628 0.0265157 0.00734366)
(0.0871083 0.0265092 0.0073638)
(0.0999353 0.011819 0.00740207)
(0.0873543 0.0120601 0.00996118)
(0.0732792 0.0414286 0.0075)
(0.0618081 0.0387788 0.01)
(0.0998063 0.0384098 0.00741726)
(0.0841774 0.0438159 0.01)
(0.137485 0.0250089 0.00207197)
(0.137481 0.0118649 0.00475556)
(0.124972 0.0376754 0.00175233)
(0.112413 0.0379706 0.00475566)
(0.137336 0.038774 0.00443393)
(0.149982 0.0376414 0.0014958)
(0.1375 0.0473886 1.80359e-08)
(0.124968 0.0117391 0.00739161)
(0.112406 0.0250985 0.00734765)
(0.137385 0.0255183 0.00725206)
(0.149964 0.0118814 0.00733804)
(0.137457 0.0117794 0.00994425)
(0.124807 0.0387816 0.00733775)
(0.112554 0.0487909 0.0075)
(0.112363 0.0382238 0.00995818)
(0.149729 0.0400464 0.0069714)
(0.137066 0.0520092 0.0075)
(0.137191 0.039992 0.00990618)
(0.187493 0.0249763 0.00210769)
(0.18749 0.011851 0.00476348)
(0.174986 0.0376384 0.00157555)
(0.162428 0.0382163 0.00326746)
(0.18742 0.0385007 0.00447889)
(0.199997 0.0374797 0.00210614)
(0.185397 0.0513878 0.00119824)
(0.174971 0.0118927 0.00734151)
(0.162385 0.0258262 0.00709905)
(0.187436 0.0253435 0.00725864)
(0.199992 0.0116488 0.0073956)
(0.187475 0.0117586 0.00994495)
(0.174756 0.0402833 0.00697682)
(0.161909 0.054564 0.0075)
(0.162146 0.04142 0.00982088)
(0.199963 0.037685 0.00730911)
(0.184688 0.0560826 0.0075)
(0.187313 0.0397899 0.00988911)
(0.237501 0.0248509 0.0021766)
(0.237502 0.0117113 0.00480482)
(0.225004 0.0373539 0.00217457)
(0.212509 0.0371175 0.00473908)
(0.237511 0.0370373 0.00476152)
(0.250002 0.0373871 0.00217681)
(0.237508 0.0497095 0.00213347)
(0.225003 0.0115162 0.00740989)
(0.212499 0.0244426 0.00734659)
(0.237507 0.0242981 0.00736046)
(0.250003 0.0115315 0.00741173)
(0.237504 0.0113964 0.00996507)
(0.225022 0.0367017 0.00735561)
(0.21256 0.048643 0.00740488)
(0.212511 0.036802 0.00992219)
(0.250013 0.0368059 0.00736142)
(0.237536 0.0487414 0.0074109)
(0.237523 0.0365173 0.00993177)
(0.2875 0.0248709 0.00217692)
(0.287501 0.0117581 0.00480527)
(0.275001 0.0374187 0.00217692)
(0.262505 0.0371487 0.004763)
(0.287502 0.0372154 0.00476307)
(0.3 0.0374301 0.00217692)
(0.287501 0.0499211 0.00213394)
(0.275002 0.0115683 0.00741187)
(0.262504 0.0243618 0.00736179)
(0.287502 0.0244136 0.00736187)
(0.300001 0.0115958 0.00741187)
(0.287502 0.0114739 0.00996548)
(0.275005 0.0369567 0.00736185)
(0.262515 0.049129 0.00741182)
(0.262511 0.0367159 0.00993297)
(0.300001 0.0370141 0.00736187)
(0.287504 0.0493317 0.00741187)
(0.287504 0.0368473 0.00993305)
(0.3375 0.0248699 0.00217692)
(0.3375 0.0117837 0.00480527)
(0.324999 0.0374213 0.00217692)
(0.312499 0.0372193 0.00476307)
(0.337496 0.0371649 0.00476307)
(0.349998 0.0373949 0.00217692)
(0.337498 0.0498597 0.00213394)
(0.325001 0.0116117 0.00741187)
(0.3125 0.0244257 0.00736187)
(0.337498 0.0243996 0.00736187)
(0.35 0.0116173 0.00741187)
(0.3375 0.0115098 0.00996548)
(0.324996 0.0369725 0.00736187)
(0.312497 0.0493357 0.00741187)
(0.312498 0.0368562 0.00993306)
(0.34999 0.0368442 0.00736185)
(0.337487 0.0491581 0.00741187)
(0.337491 0.0367501 0.00993305)
(0.387499 0.0248526 0.0021766)
(0.387499 0.0117936 0.00480482)
(0.374997 0.0373543 0.00217681)
(0.362491 0.0370603 0.004763)
(0.387485 0.0369349 0.00476152)
(0.399995 0.0373221 0.00217457)
(0.387487 0.0495768 0.00213347)
(0.374999 0.0116172 0.00741173)
(0.362494 0.024342 0.00736179)
(0.387491 0.0242888 0.00736045)
(0.399999 0.0116447 0.00740989)
(0.387498 0.011516 0.00996507)
(0.37498 0.0366516 0.00736142)
(0.362472 0.0488201 0.00741182)
(0.362482 0.0365467 0.00993297)
(0.399973 0.0365561 0.00735559)
(0.387449 0.0483709 0.0074109)
(0.387469 0.0363241 0.00993177)
(0.437505 0.0249967 0.00210734)
(0.437508 0.0120089 0.00476289)
(0.425001 0.0374637 0.00210606)
(0.412488 0.0370412 0.00473902)
(0.437557 0.0385031 0.00447764)
(0.450009 0.0376505 0.00157376)
(0.439603 0.0513878 0.00119824)
(0.425006 0.0118303 0.00739541)
(0.412498 0.0244702 0.00734649)
(0.437544 0.0254503 0.00725692)
(0.450021 0.0121457 0.00733887)
(0.437519 0.0120052 0.0099444)
(0.425021 0.0376232 0.00730873)
(0.412441 0.0483416 0.00740485)
(0.412482 0.0366656 0.00992211)
(0.450159 0.0404337 0.00697097)
(0.440247 0.0560137 0.0075)
(0.43763 0.0398203 0.00988811)
(0.487508 0.0250437 0.00201486)
(0.487513 0.0121212 0.00470905)
(0.47501 0.0376544 0.00145114)
(0.462547 0.0383104 0.00323701)
(0.487556 0.0383582 0.00337483)
(0.500021 0.0378112 0.00166996)
(0.4875 0.0473886 0)
(0.475026 0.0122308 0.00731757)
(0.462578 0.0260922 0.00707829)
(0.48758 0.0260047 0.00712516)
(0.500025 0.0122053 0.00736827)
(0.487533 0.0122738 0.00992682)
(0.475184 0.0406284 0.00688267)
(0.462925 0.0551105 0.0075)
(0.462739 0.0418898 0.00981002)
(0.500175 0.0401806 0.00723567)
(0.487806 0.0536931 0.0075)
(0.487725 0.04123 0.00983802)
(0.537507 0.0250101 0.0021087)
(0.537509 0.0120611 0.0047904)
(0.525018 0.0377321 0.00172726)
(0.512608 0.0390321 0.00459583)
(0.537566 0.0383554 0.00466362)
(0.550027 0.037848 0.00209465)
(0.5375 0.0473886 0)
(0.525019 0.0121046 0.00739769)
(0.512573 0.0257672 0.00730588)
(0.537544 0.0252985 0.00734431)
(0.550009 0.0119659 0.00740946)
(0.537517 0.012004 0.0099627)
(0.525127 0.0392559 0.00735019)
(0.512754 0.0521161 0.0075)
(0.512686 0.0401764 0.00993474)
(0.550055 0.0381545 0.00739807)
(0.537648 0.0504118 0.0075)
(0.537609 0.0389127 0.00995385)
(0.587495 0.0248496 0.00215768)
(0.587495 0.0119089 0.00480229)
(0.574998 0.0374557 0.00213069)
(0.562513 0.0376146 0.00479837)
(0.587444 0.0367473 0.00480121)
(0.59997 0.0371145 0.00212119)
(0.58744 0.0466491 0.00275957)
(0.574997 0.0118224 0.0074134)
(0.562506 0.0247735 0.00737175)
(0.58747 0.0243223 0.00737123)
(0.599995 0.0118274 0.00740546)
(0.587492 0.01171 0.00996662)
(0.574964 0.0369554 0.00741274)
(0.562516 0.0485881 0.0075)
(0.562511 0.0375518 0.00996611)
(0.599901 0.0361901 0.00740847)
(0.587359 0.0466541 0.0075)
(0.587407 0.0362452 0.00996691)
(0.637513 0.0250744 0.00158044)
(0.637528 0.0123316 0.00451971)
(0.627103 0.0388878 0.00119824)
(0.612478 0.0371893 0.0047857)
(0.638193 0.0367801 0.000194426)
(0.650044 0.034993 2.35791e-05)
(0.625043 0.0124206 0.00734672)
(0.61252 0.0249432 0.00733126)
(0.63772 0.0272705 0.00702916)
(0.650072 0.0127605 0.00726339)
(0.637581 0.0128092 0.00991885)
(0.627832 0.0430335 0.0075)
(0.611113 0.0447911 0.0075)
(0.61247 0.0370632 0.00997208)
(0.650552 0.041261 0.0075)
(0.638702 0.0423015 0.01)
(0.687517 0.0251188 0.00174825)
(0.687526 0.0123173 0.00475714)
(0.675 0.0348886 0)
(0.662903 0.0401402 0.00502554)
(0.687694 0.0378168 0.00502554)
(0.700171 0.0366217 0.00275957)
(0.675057 0.0125893 0.00738131)
(0.662725 0.0272651 0.00726653)
(0.687614 0.0260232 0.00737584)
(0.700018 0.0121828 0.00741427)
(0.687541 0.0123804 0.00996645)
(0.675287 0.0389971 0.0075)
(0.662893 0.0401424 0.01)
(0.700073 0.0366314 0.0075)
(0.687685 0.0378177 0.01)
(0.737491 0.024869 0.00203948)
(0.737518 0.0122766 0.00474712)
(0.72479 0.0341979 0.00276306)
(0.712463 0.0354083 0.00502554)
(0.736142 0.0331725 0.00502869)
(0.744939 0.0319281 0.00279939)
(0.724994 0.011967 0.00741559)
(0.712483 0.0246684 0.00741856)
(0.73752 0.0250598 0.00742803)
(0.75014 0.0134482 0.00734862)
(0.737535 0.0123503 0.00996906)
(0.724713 0.034197 0.0075)
(0.712453 0.0354088 0.01)
(0.736145 0.0330435 0.01)
(0.7875 0.0223929 1.88022e-06)
(0.787632 0.0133974 0.00454912)
(0.775217 0.0141957 0.00715887)
(0.76383 0.0300652 0.0075)
(0.787958 0.0275508 0.0075)
(0.800139 0.0134569 0.00740698)
(0.787718 0.0141753 0.0099643)
(0.837303 0.0220032 0.00276456)
(0.837474 0.0119337 0.0046442)
(0.825013 0.0123108 0.00743237)
(0.81266 0.0248123 0.0075)
(0.837226 0.022012 0.0075)
(0.850158 0.0133372 0.00728227)
(0.837484 0.012001 0.00997595)
(0.856562 0.0197503 0.0075)
(0.192245 0.0569971 0.00502919)
(0.201289 0.0575021 0.0075)
(0.237547 0.0590454 0.00502554)
(0.225092 0.0585685 0.0075)
(0.250041 0.0593857 0.0075)
(0.23755 0.0590454 0.01)
(0.287504 0.0599546 0.00502554)
(0.275016 0.0598572 0.0075)
(0.300004 0.0600157 0.0075)
(0.287505 0.0599546 0.01)
(0.337484 0.05969 0.00502554)
(0.324985 0.0598699 0.0075)
(0.349967 0.0594717 0.0075)
(0.337483 0.05969 0.01)
(0.387428 0.0584596 0.00502554)
(0.374937 0.0588469 0.0075)
(0.39989 0.0580168 0.0075)
(0.387425 0.0584597 0.01)
(0.432756 0.056805 0.00502919)
(0.423714 0.057136 0.0075)
(0.0331615 0.0289872 0.0125)
(0.0342143 0.0148498 0.0149499)
(0.0509325 0.0357582 0.0125)
(0.0208141 0.0203319 0.0175)
(0.0327167 0.0293785 0.0175)
(0.0490245 0.0123888 0.0174925)
(0.033875 0.0151041 0.0199989)
(0.0509298 0.0357672 0.0175)
(0.0869824 0.0271073 0.0124839)
(0.0873624 0.0119128 0.0149964)
(0.073253 0.0415477 0.0125)
(0.0618046 0.0387923 0.015)
(0.0841626 0.0438933 0.015)
(0.0997653 0.038625 0.0124922)
(0.0747938 0.0119997 0.0174983)
(0.0616739 0.0271211 0.017498)
(0.0869375 0.0273537 0.0174988)
(0.099931 0.011602 0.0174991)
(0.0873651 0.0118774 0.0199998)
(0.0732498 0.0415622 0.0175)
(0.0618039 0.0387951 0.02)
(0.0997607 0.0386625 0.0174994)
(0.0841626 0.0438933 0.02)
(0.13733 0.0258795 0.0124536)
(0.137459 0.011663 0.0149941)
(0.124756 0.0391627 0.0124813)
(0.11235 0.0383309 0.0149963)
(0.13715 0.0403662 0.014992)
(0.149612 0.0412299 0.0124577)
(0.137066 0.0520092 0.0125)
(0.124965 0.0115303 0.0174987)
(0.112358 0.0252339 0.0174975)
(0.137316 0.0259717 0.0174954)
(0.149955 0.011746 0.0174979)
(0.137459 0.0116345 0.0199996)
(0.124744 0.039271 0.0174985)
(0.112554 0.0487935 0.0175)
(0.112348 0.038351 0.0199998)
(0.149589 0.0414734 0.0174971)
(0.137066 0.0520092 0.0175)
(0.137143 0.0404353 0.0199995)
(0.187393 0.0257324 0.012451)
(0.187474 0.0116641 0.0149939)
(0.174637 0.0416891 0.0124536)
(0.162088 0.0420954 0.0149872)
(0.187274 0.0403109 0.0149887)
(0.199938 0.0378803 0.0124632)
(0.184669 0.0563667 0.0125)
(0.174961 0.0117738 0.0174979)
(0.162291 0.0267142 0.0174935)
(0.187382 0.0258208 0.0174949)
(0.199989 0.0114584 0.0174986)
(0.187475 0.011629 0.0199996)
(0.17461 0.0420296 0.0174968)
(0.161908 0.0545738 0.0175)
(0.162078 0.0422169 0.0199992)
(0.199929 0.0379733 0.0174963)
(0.184669 0.0563667 0.0175)
(0.18726 0.0405118 0.0199993)
(0.237511 0.024027 0.0124716)
(0.237504 0.0112963 0.0149965)
(0.225027 0.0364106 0.0124702)
(0.212509 0.0367326 0.0149883)
(0.237526 0.0363373 0.0149898)
(0.250019 0.036505 0.012472)
(0.237545 0.0484242 0.0124884)
(0.225003 0.0112827 0.017499)
(0.212493 0.0242328 0.0174963)
(0.237512 0.0239207 0.0174969)
(0.250003 0.0112949 0.017499)
(0.237504 0.0112668 0.0199998)
(0.22503 0.0362935 0.0174967)
(0.212578 0.0482509 0.017499)
(0.212512 0.0366514 0.0199991)
(0.250021 0.0363902 0.017497)
(0.237548 0.0483466 0.017499)
(0.237529 0.0362291 0.0199992)
(0.287503 0.0241878 0.0124722)
(0.287502 0.0113766 0.0149965)
(0.275008 0.0367056 0.0124722)
(0.262513 0.036557 0.0149901)
(0.287504 0.0367102 0.0149901)
(0.300001 0.0367846 0.0124723)
(0.287506 0.0491434 0.0124887)
(0.275002 0.0113397 0.017499)
(0.262507 0.0240113 0.017497)
(0.287503 0.0240963 0.017497)
(0.300001 0.0113746 0.017499)
(0.287502 0.0113483 0.0199998)
(0.275009 0.0366128 0.017497)
(0.26252 0.0488409 0.017499)
(0.262515 0.0364771 0.0199992)
(0.300001 0.0367009 0.017497)
(0.287506 0.049102 0.017499)
(0.287505 0.0366463 0.0199992)
(0.337496 0.0241628 0.0124722)
(0.3375 0.0114179 0.0149965)
(0.324994 0.0367288 0.0124723)
(0.312498 0.0367212 0.0149901)
(0.33749 0.0365975 0.0149901)
(0.349985 0.0365546 0.0124722)
(0.337484 0.0489304 0.0124887)
(0.325001 0.0113957 0.017499)
(0.312499 0.024115 0.017497)
(0.337495 0.0240687 0.017497)
(0.35 0.0114043 0.017499)
(0.3375 0.0113913 0.0199998)
(0.324993 0.0366385 0.017497)
(0.312496 0.049107 0.017499)
(0.312497 0.036658 0.0199992)
(0.349983 0.0364441 0.017497)
(0.337483 0.0488777 0.017499)
(0.337489 0.0365206 0.0199992)
(0.387486 0.0240028 0.0124716)
(0.387498 0.0114322 0.0149965)
(0.374972 0.0362991 0.012472)
(0.362478 0.036361 0.0149901)
(0.387464 0.0361149 0.0149898)
(0.399965 0.0362199 0.0124702)
(0.387437 0.0479701 0.0124884)
(0.374998 0.0114075 0.017499)
(0.36249 0.0239705 0.017497)
(0.387485 0.0238947 0.0174969)
(0.399999 0.011451 0.017499)
(0.387498 0.0114075 0.0199998)
(0.374969 0.0361603 0.017497)
(0.362463 0.0484418 0.017499)
(0.362476 0.0362581 0.0199992)
(0.399961 0.0360813 0.0174967)
(0.387433 0.0478682 0.017499)
(0.38746 0.0359799 0.0199992)
(0.437573 0.0258861 0.0124503)
(0.437519 0.0119384 0.0149938)
(0.425036 0.0378107 0.012463)
(0.412482 0.03658 0.0149883)
(0.437658 0.0403472 0.0149885)
(0.450237 0.0419146 0.0124522)
(0.440261 0.0562926 0.0125)
(0.425009 0.0116952 0.0174986)
(0.4125 0.0242689 0.0174963)
(0.437581 0.0259918 0.0174948)
(0.450028 0.0121044 0.0174978)
(0.437519 0.01191 0.0199996)
(0.425042 0.0378968 0.0174962)
(0.412424 0.0478648 0.017499)
(0.412478 0.0364791 0.0199991)
(0.450255 0.042268 0.0174967)
(0.440261 0.0562926 0.0175)
(0.437668 0.0405465 0.0199993)
(0.487627 0.0267333 0.0124352)
(0.487533 0.0122009 0.0149922)
(0.47527 0.0421508 0.0124486)
(0.462778 0.042641 0.014986)
(0.487759 0.0418256 0.0149883)
(0.500229 0.0410486 0.0124709)
(0.487806 0.0536931 0.0125)
(0.475034 0.0122134 0.0174975)
(0.462643 0.0271839 0.0174929)
(0.487639 0.0269107 0.0174938)
(0.50003 0.012121 0.0174983)
(0.487533 0.0121798 0.0199994)
(0.475286 0.0424496 0.0174965)
(0.462925 0.0551212 0.0175)
(0.462785 0.0427748 0.0199991)
(0.500242 0.0412597 0.0174978)
(0.487806 0.0536931 0.0175)
(0.487764 0.0419283 0.0199993)
(0.53756 0.0254476 0.012474)
(0.537516 0.0119218 0.0149965)
(0.52516 0.0397345 0.0124839)
(0.512709 0.0405292 0.0149941)
(0.537621 0.0390976 0.0149961)
(0.550066 0.0383048 0.0124883)
(0.537648 0.0504118 0.0125)
(0.525021 0.0119812 0.0174989)
(0.512611 0.0262452 0.0174965)
(0.537565 0.0254855 0.0174976)
(0.550009 0.0118265 0.0174992)
(0.537516 0.0119028 0.0199998)
(0.525168 0.0398639 0.0174988)
(0.512754 0.0521161 0.0175)
(0.512713 0.0405977 0.0199996)
(0.550069 0.038358 0.0174991)
(0.537648 0.0504118 0.0175)
(0.537624 0.0391346 0.0199998)
(0.58746 0.0241283 0.0124784)
(0.587493 0.0116612 0.0149969)
(0.574954 0.0368183 0.0124898)
(0.562512 0.037573 0.0149969)
(0.587396 0.036124 0.014997)
(0.599877 0.0358926 0.0124897)
(0.587359 0.0466533 0.0125)
(0.574996 0.011683 0.0174992)
(0.562507 0.0246881 0.017498)
(0.587457 0.0240709 0.017498)
(0.599997 0.0117164 0.0174991)
(0.587493 0.0116474 0.0199998)
(0.574951 0.0367969 0.0174992)
(0.562516 0.0485881 0.0175)
(0.562512 0.037578 0.0199998)
(0.599871 0.0358327 0.0174992)
(0.587359 0.0466533 0.0175)
(0.587394 0.0360997 0.0199998)
(0.637828 0.0285098 0.0124672)
(0.637575 0.0126878 0.0149945)
(0.627853 0.0432766 0.0125)
(0.612465 0.0370158 0.0149978)
(0.638704 0.0423237 0.015)
(0.650552 0.0412694 0.0125)
(0.62505 0.0123824 0.0174989)
(0.61254 0.0251086 0.0174978)
(0.637841 0.0286673 0.0174983)
(0.650081 0.0127516 0.0174987)
(0.637576 0.0126877 0.0199997)
(0.627853 0.0432766 0.0175)
(0.611106 0.0447059 0.0175)
(0.612465 0.0370117 0.0199999)
(0.650552 0.0412694 0.0175)
(0.638704 0.0423237 0.02)
(0.687643 0.0263625 0.01249)
(0.687536 0.0122732 0.0149977)
(0.675287 0.0389971 0.0125)
(0.662893 0.0401425 0.015)
(0.687685 0.0378177 0.015)
(0.700073 0.0366314 0.0125)
(0.675055 0.0124706 0.0174993)
(0.662805 0.0281767 0.0174989)
(0.687647 0.0264037 0.0174994)
(0.700016 0.0120737 0.0174996)
(0.687536 0.0122706 0.0199999)
(0.675287 0.0389971 0.0175)
(0.662893 0.0401425 0.02)
(0.700073 0.0366314 0.0175)
(0.687685 0.0378177 0.02)
(0.737523 0.025102 0.0124955)
(0.737536 0.0123257 0.0149983)
(0.724712 0.0341888 0.0125)
(0.712453 0.0354088 0.015)
(0.736144 0.033026 0.015)
(0.724997 0.0119057 0.0174996)
(0.712475 0.0246212 0.0174996)
(0.737523 0.0251022 0.0174998)
(0.750169 0.0137036 0.0174997)
(0.737537 0.0123252 0.0199999)
(0.724712 0.0341888 0.0175)
(0.712453 0.0354088 0.02)
(0.736144 0.033026 0.02)
(0.787958 0.0275513 0.0125)
(0.787725 0.0142383 0.0149988)
(0.775276 0.0147409 0.0174997)
(0.763839 0.0301495 0.0175)
(0.787958 0.0275513 0.0175)
(0.800154 0.0135952 0.0174999)
(0.787725 0.0142403 0.02)
(0.837226 0.022012 0.0125)
(0.837482 0.011977 0.0149993)
(0.825011 0.0122953 0.0174999)
(0.81266 0.0248123 0.0175)
(0.837226 0.022012 0.0175)
(0.850204 0.0137144 0.0174999)
(0.837482 0.0119768 0.02)
(0.201293 0.0574235 0.0175)
(0.23755 0.0590454 0.015)
(0.225092 0.0585674 0.0175)
(0.250041 0.0593857 0.0175)
(0.23755 0.0590454 0.02)
(0.287505 0.0599546 0.015)
(0.275016 0.0598572 0.0175)
(0.300004 0.0600157 0.0175)
(0.287505 0.0599546 0.02)
(0.337483 0.05969 0.015)
(0.324985 0.0598699 0.0175)
(0.349967 0.0594717 0.0175)
(0.337483 0.05969 0.02)
(0.387425 0.0584597 0.015)
(0.374937 0.0588469 0.0175)
(0.39989 0.0580155 0.0175)
(0.387425 0.0584597 0.02)
(0.42371 0.0570459 0.0175)
(0.0326571 0.0294309 0.0225)
(0.0338741 0.015105 0.025)
(0.0509294 0.0357686 0.0225)
(0.020573 0.020573 0.0275)
(0.0326571 0.0294309 0.0275)
(0.0490123 0.0123935 0.0275)
(0.033874 0.0151051 0.03)
(0.0509294 0.0357686 0.0275)
(0.086933 0.0273744 0.0224999)
(0.0873647 0.0118777 0.025)
(0.0732496 0.041563 0.0225)
(0.0618039 0.0387951 0.025)
(0.0841626 0.0438933 0.025)
(0.0997595 0.0386681 0.0225)
(0.0747924 0.0119998 0.0275)
(0.061671 0.0271278 0.0275)
(0.0869325 0.0273764 0.0275)
(0.0999298 0.0115998 0.0275)
(0.0873646 0.0118779 0.03)
(0.0732496 0.041563 0.0275)
(0.0618039 0.0387951 0.03)
(0.0997592 0.038669 0.0275)
(0.0841626 0.0438933 0.03)
(0.137311 0.0259975 0.0224998)
(0.137459 0.011637 0.025)
(0.124742 0.0392808 0.0224999)
(0.112347 0.0383498 0.025)
(0.137142 0.0404427 0.025)
(0.149586 0.0415044 0.0224999)
(0.137066 0.0520092 0.0225)
(0.124964 0.0115235 0.0275)
(0.112361 0.0251966 0.0275)
(0.13731 0.0260042 0.0275)
(0.149953 0.0117527 0.0275)
(0.137458 0.0116379 0.03)
(0.124742 0.0392813 0.0275)
(0.112554 0.0487935 0.0275)
(0.112347 0.0383496 0.03)
(0.149585 0.0415097 0.0275)
(0.137066 0.0520092 0.0275)
(0.137142 0.0404438 0.03)
(0.187382 0.0257835 0.0224997)
(0.187475 0.0116257 0.025)
(0.174606 0.0420799 0.0224998)
(0.162077 0.0422336 0.025)
(0.187258 0.0405448 0.025)
(0.199922 0.0380664 0.0224998)
(0.184669 0.0563667 0.0225)
(0.17496 0.0117786 0.0275)
(0.162281 0.026805 0.0275)
(0.187381 0.0257842 0.0275)
(0.199989 0.0114348 0.0275)
(0.187474 0.0116257 0.03)
(0.174605 0.0420879 0.0275)
(0.161908 0.0545738 0.0275)
(0.162076 0.0422361 0.03)
(0.19992 0.0380938 0.0275)
(0.184669 0.0563667 0.0275)
(0.187257 0.0405472 0.03)
(0.237512 0.0238489 0.0224998)
(0.237504 0.0112539 0.025)
(0.225035 0.036182 0.0224998)
(0.212515 0.0365831 0.025)
(0.237532 0.036149 0.025)
(0.250023 0.0363099 0.0224998)
(0.237549 0.0483199 0.0224999)
(0.225003 0.0112551 0.0275)
(0.212494 0.0241221 0.0275)
(0.237512 0.0238248 0.0275)
(0.250003 0.0112684 0.0275)
(0.237504 0.0112505 0.03)
(0.225037 0.0361306 0.0275)
(0.212579 0.0482251 0.0275)
(0.212516 0.0365726 0.03)
(0.250025 0.0362721 0.0275)
(0.237549 0.0483082 0.0275)
(0.237533 0.0361327 0.03)
(0.287503 0.0240322 0.0224998)
(0.287502 0.0113351 0.025)
(0.27501 0.0365572 0.0224998)
(0.262516 0.0364276 0.025)
(0.287505 0.0366128 0.025)
(0.300001 0.0366534 0.0224998)
(0.287506 0.0490875 0.0224999)
(0.275002 0.0113131 0.0275)
(0.262507 0.0239164 0.0275)
(0.287503 0.0240005 0.0275)
(0.300001 0.0113485 0.0275)
(0.287502 0.0113314 0.03)
(0.27501 0.0365349 0.0275)
(0.262521 0.0488139 0.0275)
(0.262516 0.0364157 0.03)
(0.300002 0.0366364 0.0275)
(0.287506 0.0490819 0.0275)
(0.287505 0.0366039 0.03)
(0.337496 0.0240078 0.0224998)
(0.3375 0.0113794 0.025)
(0.324993 0.0365839 0.0224998)
(0.312497 0.0366242 0.025)
(0.337487 0.0364722 0.025)
(0.349982 0.036369 0.0224998)
(0.337483 0.0488593 0.0224999)
(0.325001 0.0113705 0.0275)
(0.3125 0.0240218 0.0275)
(0.337496 0.023982 0.0275)
(0.35 0.0113809 0.0275)
(0.3375 0.0113761 0.03)
(0.324992 0.0365615 0.0275)
(0.312495 0.0490871 0.0275)
(0.312497 0.0366154 0.03)
(0.34998 0.036332 0.0275)
(0.337482 0.0488514 0.0275)
(0.337487 0.0364606 0.03)
(0.387484 0.0238324 0.0224998)
(0.387498 0.0113981 0.025)
(0.374965 0.0360526 0.0224998)
(0.362473 0.036182 0.025)
(0.387456 0.0358675 0.025)
(0.399956 0.0359426 0.0224998)
(0.387432 0.0478334 0.0224999)
(0.374999 0.011386 0.0275)
(0.362491 0.0238929 0.0275)
(0.387485 0.0238227 0.0275)
(0.399999 0.0114297 0.0275)
(0.387498 0.0113956 0.03)
(0.374963 0.0359938 0.0275)
(0.362462 0.0484039 0.0275)
(0.362473 0.0361653 0.03)
(0.399953 0.0358699 0.0275)
(0.387431 0.047817 0.0275)
(0.387455 0.0358456 0.03)
(0.437581 0.0259639 0.0224997)
(0.437519 0.0119085 0.025)
(0.425046 0.0379816 0.0224998)
(0.412474 0.0363856 0.025)
(0.437669 0.0405782 0.025)
(0.450258 0.0423204 0.0224998)
(0.440261 0.0562926 0.0225)
(0.425009 0.0116772 0.0275)
(0.4125 0.0241847 0.0275)
(0.437582 0.0259669 0.0275)
(0.450029 0.012113 0.0275)
(0.437519 0.0119088 0.03)
(0.425047 0.0380032 0.0275)
(0.412422 0.0478298 0.0275)
(0.412474 0.0363712 0.03)
(0.450258 0.042329 0.0275)
(0.440261 0.0562926 0.0275)
(0.43767 0.0405805 0.03)
(0.487643 0.026968 0.0224997)
(0.487533 0.0121875 0.025)
(0.475289 0.0424895 0.0224998)
(0.462786 0.0427938 0.025)
(0.487765 0.0419423 0.025)
(0.500243 0.0412874 0.0224999)
(0.487806 0.0536931 0.0225)
(0.475035 0.0122273 0.0275)
(0.462649 0.0272876 0.0275)
(0.487644 0.0269836 0.0275)
(0.500031 0.0121285 0.0275)
(0.487534 0.0121896 0.03)
(0.475289 0.0424966 0.0275)
(0.462925 0.0551212 0.0275)
(0.462786 0.042797 0.03)
(0.500244 0.0412923 0.0275)
(0.487806 0.0536931 0.0275)
(0.487765 0.0419446 0.03)
(0.537566 0.0254985 0.0224999)
(0.537516 0.0119039 0.025)
(0.525169 0.0398803 0.0224999)
(0.512714 0.0406065 0.025)
(0.537624 0.0391385 0.025)
(0.550069 0.0383631 0.0225)
(0.537648 0.0504118 0.0225)
(0.525022 0.011983 0.0275)
(0.512615 0.0262878 0.0275)
(0.537567 0.0255021 0.0275)
(0.550009 0.011823 0.0275)
(0.537516 0.0119044 0.03)
(0.52517 0.0398829 0.0275)
(0.512754 0.0521161 0.0275)
(0.512714 0.040608 0.03)
(0.550069 0.0383635 0.0275)
(0.537648 0.0504118 0.0275)
(0.537624 0.0391391 0.03)
(0.587454 0.024026 0.0224999)
(0.587492 0.0116404 0.025)
(0.574951 0.0367899 0.0225)
(0.562512 0.0375766 0.025)
(0.587393 0.0360924 0.025)
(0.59987 0.0358207 0.0225)
(0.587359 0.0466533 0.0225)
(0.574996 0.0116727 0.0275)
(0.562507 0.024675 0.0275)
(0.587454 0.0240124 0.0275)
(0.599996 0.0117032 0.0275)
(0.587492 0.0116391 0.03)
(0.574951 0.0367876 0.0275)
(0.562516 0.0485881 0.0275)
(0.562512 0.0375762 0.03)
(0.59987 0.0358175 0.0275)
(0.587359 0.0466533 0.0275)
(0.587393 0.0360912 0.03)
(0.637842 0.0286787 0.0224999)
(0.637576 0.0126885 0.025)
(0.627853 0.0432766 0.0225)
(0.612465 0.0370134 0.025)
(0.638704 0.0423237 0.025)
(0.650552 0.0412694 0.0225)
(0.62505 0.0123825 0.0275)
(0.612544 0.0251579 0.0275)
(0.637842 0.0286796 0.0275)
(0.650081 0.0127529 0.0275)
(0.637576 0.0126886 0.03)
(0.627853 0.0432766 0.0275)
(0.611106 0.0447059 0.0275)
(0.612465 0.0370134 0.03)
(0.650552 0.0412694 0.0275)
(0.638704 0.0423237 0.03)
(0.687647 0.0264057 0.0225)
(0.687536 0.0122706 0.025)
(0.675287 0.0389971 0.0225)
(0.662893 0.0401425 0.025)
(0.687685 0.0378177 0.025)
(0.700073 0.0366314 0.0225)
(0.675055 0.0124707 0.0275)
(0.662806 0.0281819 0.0275)
(0.687647 0.0264058 0.0275)
(0.700016 0.0120732 0.0275)
(0.687536 0.0122706 0.03)
(0.675287 0.0389971 0.0275)
(0.662893 0.0401425 0.03)
(0.700073 0.0366314 0.0275)
(0.687685 0.0378177 0.03)
(0.737523 0.0251021 0.0225)
(0.737537 0.0123251 0.025)
(0.724712 0.0341888 0.0225)
(0.712453 0.0354088 0.025)
(0.736144 0.033026 0.025)
(0.724997 0.0119053 0.0275)
(0.712475 0.0246212 0.0275)
(0.737523 0.0251021 0.0275)
(0.75017 0.0137039 0.0275)
(0.737537 0.0123251 0.03)
(0.724712 0.0341888 0.0275)
(0.712453 0.0354088 0.03)
(0.736144 0.033026 0.03)
(0.787958 0.0275513 0.0225)
(0.787725 0.0142404 0.025)
(0.775276 0.0147415 0.0275)
(0.763839 0.0301495 0.0275)
(0.787958 0.0275513 0.0275)
(0.800154 0.0135954 0.0275)
(0.787725 0.0142404 0.03)
(0.837226 0.022012 0.0225)
(0.837482 0.0119768 0.025)
(0.825011 0.0122953 0.0275)
(0.81266 0.0248123 0.0275)
(0.837226 0.022012 0.0275)
(0.850204 0.0137145 0.0275)
(0.837482 0.0119768 0.03)
(0.201293 0.0574235 0.0275)
(0.23755 0.0590454 0.025)
(0.225092 0.0585674 0.0275)
(0.250041 0.0593857 0.0275)
(0.23755 0.0590454 0.03)
(0.287505 0.0599546 0.025)
(0.275016 0.0598572 0.0275)
(0.300004 0.0600157 0.0275)
(0.287505 0.0599546 0.03)
(0.337483 0.05969 0.025)
(0.324985 0.0598699 0.0275)
(0.349967 0.0594717 0.0275)
(0.337483 0.05969 0.03)
(0.387425 0.0584597 0.025)
(0.374937 0.0588469 0.0275)
(0.39989 0.0580155 0.0275)
(0.387425 0.0584597 0.03)
(0.42371 0.0570459 0.0275)
(0.0326571 0.0294309 0.0325)
(0.033874 0.0151051 0.035)
(0.0509294 0.0357686 0.0325)
(0.020573 0.020573 0.0375)
(0.0326571 0.0294309 0.0375)
(0.0490123 0.0123935 0.0375)
(0.033874 0.0151051 0.04)
(0.0509294 0.0357686 0.0375)
(0.0869324 0.0273765 0.0325)
(0.0873646 0.0118779 0.035)
(0.0732496 0.041563 0.0325)
(0.0618039 0.0387951 0.035)
(0.0841626 0.0438933 0.035)
(0.0997592 0.0386691 0.0325)
(0.0747924 0.0119999 0.0375)
(0.0616709 0.0271278 0.0375)
(0.0869325 0.0273765 0.0375)
(0.0999298 0.0115998 0.0375)
(0.0873646 0.0118779 0.04)
(0.0732496 0.041563 0.0375)
(0.0618039 0.0387951 0.04)
(0.0997592 0.0386691 0.0375)
(0.0841626 0.0438933 0.04)
(0.13731 0.026005 0.0325)
(0.137458 0.011638 0.035)
(0.124742 0.0392815 0.0325)
(0.112347 0.0383497 0.035)
(0.137142 0.0404439 0.035)
(0.149585 0.0415103 0.0325)
(0.137066 0.0520092 0.0325)
(0.124964 0.0115237 0.0375)
(0.112361 0.0251965 0.0375)
(0.13731 0.0260051 0.0375)
(0.149953 0.0117534 0.0375)
(0.137458 0.011638 0.04)
(0.124742 0.0392815 0.0375)
(0.112554 0.0487935 0.0375)
(0.112347 0.0383497 0.04)
(0.149585 0.0415104 0.0375)
(0.137066 0.0520092 0.0375)
(0.137142 0.0404439 0.04)
(0.187381 0.0257844 0.0325)
(0.187474 0.0116257 0.035)
(0.174605 0.0420886 0.0325)
(0.162076 0.0422364 0.035)
(0.187257 0.0405473 0.035)
(0.19992 0.0380935 0.0325)
(0.184669 0.0563667 0.0325)
(0.17496 0.0117792 0.0375)
(0.162281 0.0268068 0.0375)
(0.187381 0.0257844 0.0375)
(0.199989 0.0114341 0.0375)
(0.187474 0.0116257 0.04)
(0.174605 0.0420887 0.0375)
(0.161908 0.0545738 0.0375)
(0.162076 0.0422364 0.04)
(0.19992 0.0380934 0.0375)
(0.184669 0.0563667 0.0375)
(0.187257 0.0405473 0.04)
(0.237512 0.0238204 0.0325)
(0.237504 0.01125 0.035)
(0.225038 0.0361254 0.0325)
(0.212516 0.0365715 0.035)
(0.237533 0.036131 0.035)
(0.250025 0.036267 0.0325)
(0.237549 0.0483064 0.0325)
(0.225003 0.0112537 0.0375)
(0.212494 0.0241183 0.0375)
(0.237512 0.0238199 0.0375)
(0.250003 0.0112668 0.0375)
(0.237504 0.0112499 0.04)
(0.225038 0.0361249 0.0375)
(0.212579 0.0482239 0.0375)
(0.212516 0.0365714 0.04)
(0.250025 0.0362666 0.0375)
(0.237549 0.0483062 0.0375)
(0.237533 0.0361308 0.04)
(0.287503 0.0239963 0.0325)
(0.287502 0.0113309 0.035)
(0.27501 0.036531 0.0325)
(0.262516 0.0364142 0.035)
(0.287505 0.0366027 0.035)
(0.300002 0.0366329 0.0325)
(0.287506 0.0490808 0.0325)
(0.275002 0.0113116 0.0375)
(0.262507 0.0239116 0.0375)
(0.287503 0.0239959 0.0375)
(0.300001 0.0113469 0.0375)
(0.287502 0.0113309 0.04)
(0.27501 0.0365306 0.0375)
(0.262521 0.0488123 0.0375)
(0.262516 0.0364141 0.04)
(0.300002 0.0366326 0.0375)
(0.287506 0.0490807 0.0375)
(0.287505 0.0366026 0.04)
(0.337496 0.0239779 0.0325)
(0.3375 0.0113756 0.035)
(0.324992 0.0365577 0.0325)
(0.312497 0.0366142 0.035)
(0.337487 0.0364592 0.035)
(0.34998 0.0363271 0.0325)
(0.337482 0.04885 0.0325)
(0.325001 0.0113691 0.0375)
(0.3125 0.0240174 0.0375)
(0.337496 0.0239775 0.0375)
(0.35 0.0113795 0.0375)
(0.3375 0.0113756 0.04)
(0.324992 0.0365573 0.0375)
(0.312495 0.0490858 0.0375)
(0.312497 0.0366141 0.04)
(0.34998 0.0363266 0.0375)
(0.337482 0.0488499 0.0375)
(0.337487 0.0364591 0.04)
(0.387485 0.0238186 0.0325)
(0.387498 0.0113951 0.035)
(0.374963 0.0359873 0.0325)
(0.362473 0.0361635 0.035)
(0.387455 0.0358435 0.035)
(0.399953 0.0358634 0.0325)
(0.387431 0.0478146 0.0325)
(0.374999 0.0113846 0.0375)
(0.362491 0.0238883 0.0375)
(0.387485 0.0238182 0.0375)
(0.399999 0.0114285 0.0375)
(0.387498 0.0113951 0.04)
(0.374963 0.0359867 0.0375)
(0.362462 0.0484017 0.0375)
(0.362473 0.0361634 0.04)
(0.399953 0.0358629 0.0375)
(0.387431 0.0478143 0.0375)
(0.387455 0.0358433 0.04)
(0.437582 0.0259673 0.0325)
(0.437519 0.0119089 0.035)
(0.425047 0.0380026 0.0325)
(0.412474 0.0363699 0.035)
(0.43767 0.0405806 0.035)
(0.450258 0.0423298 0.0325)
(0.440261 0.0562926 0.0325)
(0.425009 0.0116767 0.0375)
(0.4125 0.0241815 0.0375)
(0.437582 0.0259674 0.0375)
(0.450029 0.0121137 0.0375)
(0.437519 0.0119089 0.04)
(0.425047 0.0380025 0.0375)
(0.412422 0.0478283 0.0375)
(0.412474 0.0363698 0.04)
(0.450258 0.0423299 0.0375)
(0.440261 0.0562926 0.0375)
(0.43767 0.0405806 0.04)
(0.487644 0.0269854 0.0325)
(0.487534 0.0121898 0.035)
(0.475289 0.0424977 0.0325)
(0.462786 0.0427971 0.035)
(0.487765 0.0419449 0.035)
(0.500244 0.041293 0.0325)
(0.487806 0.0536931 0.0325)
(0.475035 0.0122282 0.0375)
(0.46265 0.0272899 0.0375)
(0.487644 0.0269855 0.0375)
(0.500031 0.0121292 0.0375)
(0.487534 0.0121899 0.04)
(0.475289 0.0424976 0.0375)
(0.462925 0.0551212 0.0375)
(0.462786 0.0427973 0.04)
(0.500244 0.0412931 0.0375)
(0.487806 0.0536931 0.0375)
(0.487765 0.0419449 0.04)
(0.537567 0.0255025 0.0325)
(0.537516 0.0119044 0.035)
(0.52517 0.0398833 0.0325)
(0.512714 0.0406082 0.035)
(0.537624 0.0391392 0.035)
(0.55007 0.0383635 0.0325)
(0.537648 0.0504118 0.0325)
(0.525022 0.0119834 0.0375)
(0.512615 0.026289 0.0375)
(0.537567 0.0255026 0.0375)
(0.550009 0.011823 0.0375)
(0.537516 0.0119044 0.04)
(0.52517 0.0398833 0.0375)
(0.512754 0.0521161 0.0375)
(0.512714 0.0406082 0.04)
(0.55007 0.0383635 0.0375)
(0.537648 0.0504118 0.0375)
(0.537624 0.0391392 0.04)
(0.587454 0.0240114 0.0325)
(0.587492 0.011639 0.035)
(0.574951 0.0367873 0.0325)
(0.562512 0.0375762 0.035)
(0.587393 0.0360911 0.035)
(0.59987 0.0358172 0.0325)
(0.587359 0.0466533 0.0325)
(0.574996 0.0116723 0.0375)
(0.562507 0.0246747 0.0375)
(0.587453 0.0240113 0.0375)
(0.599996 0.0117029 0.0375)
(0.587492 0.011639 0.04)
(0.574951 0.0367873 0.0375)
(0.562516 0.0485881 0.0375)
(0.562512 0.0375762 0.04)
(0.59987 0.0358172 0.0375)
(0.587359 0.0466533 0.0375)
(0.587393 0.036091 0.04)
(0.637842 0.0286797 0.0325)
(0.637576 0.0126886 0.035)
(0.627853 0.0432766 0.0325)
(0.612465 0.0370134 0.035)
(0.638704 0.0423237 0.035)
(0.650552 0.0412694 0.0325)
(0.62505 0.0123825 0.0375)
(0.612544 0.0251579 0.0375)
(0.637842 0.0286797 0.0375)
(0.650081 0.0127529 0.0375)
(0.637576 0.0126886 0.04)
(0.627853 0.0432766 0.0375)
(0.611106 0.0447059 0.0375)
(0.612465 0.0370134 0.04)
(0.650552 0.0412694 0.0375)
(0.638704 0.0423237 0.04)
(0.687647 0.0264058 0.0325)
(0.687536 0.0122706 0.035)
(0.675287 0.0389971 0.0325)
(0.662893 0.0401425 0.035)
(0.687685 0.0378177 0.035)
(0.700073 0.0366314 0.0325)
(0.675055 0.0124707 0.0375)
(0.662806 0.0281819 0.0375)
(0.687647 0.0264058 0.0375)
(0.700016 0.0120732 0.0375)
(0.687536 0.0122706 0.04)
(0.675287 0.0389971 0.0375)
(0.662893 0.0401425 0.04)
(0.700073 0.0366314 0.0375)
(0.687685 0.0378177 0.04)
(0.737523 0.0251021 0.0325)
(0.737537 0.0123251 0.035)
(0.724712 0.0341888 0.0325)
(0.712453 0.0354088 0.035)
(0.736144 0.033026 0.035)
(0.724997 0.0119053 0.0375)
(0.712475 0.0246212 0.0375)
(0.737523 0.0251021 0.0375)
(0.75017 0.0137039 0.0375)
(0.737537 0.0123251 0.04)
(0.724712 0.0341888 0.0375)
(0.712453 0.0354088 0.04)
(0.736144 0.033026 0.04)
(0.787958 0.0275513 0.0325)
(0.787725 0.0142404 0.035)
(0.775276 0.0147415 0.0375)
(0.763839 0.0301495 0.0375)
(0.787958 0.0275513 0.0375)
(0.800154 0.0135954 0.0375)
(0.787725 0.0142404 0.04)
(0.837226 0.022012 0.0325)
(0.837482 0.0119768 0.035)
(0.825011 0.0122953 0.0375)
(0.81266 0.0248123 0.0375)
(0.837226 0.022012 0.0375)
(0.850204 0.0137145 0.0375)
(0.837482 0.0119768 0.04)
(0.201293 0.0574235 0.0375)
(0.23755 0.0590454 0.035)
(0.225092 0.0585674 0.0375)
(0.250041 0.0593857 0.0375)
(0.23755 0.0590454 0.04)
(0.287505 0.0599546 0.035)
(0.275016 0.0598572 0.0375)
(0.300004 0.0600157 0.0375)
(0.287505 0.0599546 0.04)
(0.337483 0.05969 0.035)
(0.324985 0.0598699 0.0375)
(0.349967 0.0594717 0.0375)
(0.337483 0.05969 0.04)
(0.387425 0.0584597 0.035)
(0.374937 0.0588469 0.0375)
(0.39989 0.0580155 0.0375)
(0.387425 0.0584597 0.04)
(0.42371 0.0570459 0.0375)
(0.0326571 0.0294309 0.0425)
(0.033874 0.0151051 0.045)
(0.0509294 0.0357686 0.0425)
(0.020573 0.020573 0.0475)
(0.0326571 0.0294309 0.0475)
(0.0490123 0.0123935 0.0475)
(0.033874 0.0151051 0.05)
(0.0509294 0.0357686 0.0475)
(0.0869324 0.0273765 0.0425)
(0.0873646 0.0118779 0.045)
(0.0732496 0.041563 0.0425)
(0.0618039 0.0387951 0.045)
(0.0841626 0.0438933 0.045)
(0.0997592 0.0386691 0.0425)
(0.0747924 0.0119999 0.0475)
(0.0616709 0.0271278 0.0475)
(0.0869325 0.0273765 0.0475)
(0.0999298 0.0115999 0.0475)
(0.0873646 0.0118779 0.05)
(0.0732496 0.041563 0.0475)
(0.0618039 0.0387951 0.05)
(0.0997592 0.0386691 0.0475)
(0.0841626 0.0438933 0.05)
(0.13731 0.0260051 0.0425)
(0.137458 0.011638 0.045)
(0.124742 0.0392815 0.0425)
(0.112347 0.0383497 0.045)
(0.137142 0.0404439 0.045)
(0.149585 0.0415104 0.0425)
(0.137066 0.0520092 0.0425)
(0.124964 0.0115237 0.0475)
(0.112361 0.0251965 0.0475)
(0.13731 0.0260051 0.0475)
(0.149953 0.0117534 0.0475)
(0.137458 0.011638 0.05)
(0.124742 0.0392815 0.0475)
(0.112554 0.0487935 0.0475)
(0.112347 0.0383497 0.05)
(0.149585 0.0415104 0.0475)
(0.137066 0.0520092 0.0475)
(0.137142 0.0404439 0.05)
(0.187381 0.0257844 0.0425)
(0.187474 0.0116257 0.045)
(0.174605 0.0420887 0.0425)
(0.162076 0.0422364 0.045)
(0.187257 0.0405473 0.045)
(0.19992 0.0380934 0.0425)
(0.184669 0.0563667 0.0425)
(0.17496 0.0117792 0.0475)
(0.162281 0.0268068 0.0475)
(0.187381 0.0257844 0.0475)
(0.199989 0.0114341 0.0475)
(0.187474 0.0116257 0.05)
(0.174605 0.0420887 0.0475)
(0.161908 0.0545738 0.0475)
(0.162076 0.0422364 0.05)
(0.19992 0.0380934 0.0475)
(0.184669 0.0563667 0.0475)
(0.187257 0.0405473 0.05)
(0.237512 0.0238199 0.0425)
(0.237504 0.0112499 0.045)
(0.225038 0.0361249 0.0425)
(0.212516 0.0365714 0.045)
(0.237533 0.0361308 0.045)
(0.250025 0.0362665 0.0425)
(0.237549 0.0483062 0.0425)
(0.225003 0.0112537 0.0475)
(0.212494 0.0241183 0.0475)
(0.237512 0.0238199 0.0475)
(0.250003 0.0112668 0.0475)
(0.237504 0.0112499 0.05)
(0.225038 0.0361249 0.0475)
(0.212579 0.0482239 0.0475)
(0.212516 0.0365714 0.05)
(0.250025 0.0362665 0.0475)
(0.237549 0.0483062 0.0475)
(0.237533 0.0361308 0.05)
(0.287503 0.0239959 0.0425)
(0.287502 0.0113309 0.045)
(0.27501 0.0365306 0.0425)
(0.262516 0.0364141 0.045)
(0.287505 0.0366026 0.045)
(0.300002 0.0366326 0.0425)
(0.287506 0.0490807 0.0425)
(0.275002 0.0113116 0.0475)
(0.262507 0.0239116 0.0475)
(0.287503 0.0239959 0.0475)
(0.300001 0.0113469 0.0475)
(0.287502 0.0113309 0.05)
(0.27501 0.0365306 0.0475)
(0.262521 0.0488123 0.0475)
(0.262516 0.0364141 0.05)
(0.300002 0.0366326 0.0475)
(0.287506 0.0490807 0.0475)
(0.287505 0.0366026 0.05)
(0.337496 0.0239775 0.0425)
(0.3375 0.0113756 0.045)
(0.324992 0.0365573 0.0425)
(0.312497 0.0366141 0.045)
(0.337487 0.036459 0.045)
(0.34998 0.0363266 0.0425)
(0.337482 0.0488499 0.0425)
(0.325001 0.0113691 0.0475)
(0.3125 0.0240173 0.0475)
(0.337496 0.0239775 0.0475)
(0.35 0.0113795 0.0475)
(0.3375 0.0113756 0.05)
(0.324992 0.0365573 0.0475)
(0.312495 0.0490858 0.0475)
(0.312497 0.0366141 0.05)
(0.34998 0.0363266 0.0475)
(0.337482 0.0488499 0.0475)
(0.337487 0.036459 0.05)
(0.387485 0.0238182 0.0425)
(0.387498 0.0113951 0.045)
(0.374963 0.0359867 0.0425)
(0.362473 0.0361634 0.045)
(0.387455 0.0358433 0.045)
(0.399953 0.0358629 0.0425)
(0.387431 0.0478143 0.0425)
(0.374999 0.0113846 0.0475)
(0.362491 0.0238883 0.0475)
(0.387485 0.0238182 0.0475)
(0.399999 0.0114285 0.0475)
(0.387498 0.0113951 0.05)
(0.374963 0.0359867 0.0475)
(0.362462 0.0484017 0.0475)
(0.362473 0.0361634 0.05)
(0.399953 0.0358629 0.0475)
(0.387431 0.0478143 0.0475)
(0.387455 0.0358433 0.05)
(0.437582 0.0259674 0.0425)
(0.437519 0.0119089 0.045)
(0.425047 0.0380025 0.0425)
(0.412474 0.0363698 0.045)
(0.43767 0.0405806 0.045)
(0.450258 0.0423299 0.0425)
(0.440261 0.0562926 0.0425)
(0.425009 0.0116767 0.0475)
(0.4125 0.0241815 0.0475)
(0.437582 0.0259674 0.0475)
(0.450029 0.0121137 0.0475)
(0.437519 0.0119089 0.05)
(0.425047 0.0380025 0.0475)
(0.412422 0.0478283 0.0475)
(0.412474 0.0363698 0.05)
(0.450258 0.0423299 0.0475)
(0.440261 0.0562926 0.0475)
(0.43767 0.0405806 0.05)
(0.487644 0.0269855 0.0425)
(0.487534 0.0121899 0.045)
(0.475289 0.0424978 0.0425)
(0.462786 0.0427971 0.045)
(0.487765 0.0419449 0.045)
(0.500244 0.0412931 0.0425)
(0.487806 0.0536931 0.0425)
(0.475035 0.0122282 0.0475)
(0.46265 0.0272899 0.0475)
(0.487644 0.0269855 0.0475)
(0.500031 0.0121292 0.0475)
(0.487534 0.0121899 0.05)
(0.475289 0.0424976 0.0475)
(0.462925 0.0551212 0.0475)
(0.462786 0.0427973 0.05)
(0.500244 0.0412931 0.0475)
(0.487806 0.0536931 0.0475)
(0.487765 0.0419449 0.05)
(0.537567 0.0255026 0.0425)
(0.537516 0.0119044 0.045)
(0.52517 0.0398834 0.0425)
(0.512714 0.0406082 0.045)
(0.537624 0.0391392 0.045)
(0.55007 0.0383635 0.0425)
(0.537648 0.0504118 0.0425)
(0.525022 0.0119834 0.0475)
(0.512615 0.0262891 0.0475)
(0.537567 0.0255026 0.0475)
(0.550009 0.011823 0.0475)
(0.537516 0.0119044 0.05)
(0.52517 0.0398834 0.0475)
(0.512754 0.0521161 0.0475)
(0.512714 0.0406082 0.05)
(0.55007 0.0383635 0.0475)
(0.537648 0.0504118 0.0475)
(0.537624 0.0391392 0.05)
(0.587453 0.0240113 0.0425)
(0.587492 0.011639 0.045)
(0.574951 0.0367873 0.0425)
(0.562512 0.0375762 0.045)
(0.587393 0.036091 0.045)
(0.59987 0.0358172 0.0425)
(0.587359 0.0466533 0.0425)
(0.574996 0.0116723 0.0475)
(0.562507 0.0246747 0.0475)
(0.587453 0.0240113 0.0475)
(0.599996 0.0117029 0.0475)
(0.587492 0.011639 0.05)
(0.574951 0.0367873 0.0475)
(0.562516 0.0485881 0.0475)
(0.562512 0.0375762 0.05)
(0.59987 0.0358172 0.0475)
(0.587359 0.0466533 0.0475)
(0.587393 0.036091 0.05)
(0.637842 0.0286797 0.0425)
(0.637576 0.0126886 0.045)
(0.627853 0.0432766 0.0425)
(0.612465 0.0370134 0.045)
(0.638704 0.0423237 0.045)
(0.650552 0.0412694 0.0425)
(0.62505 0.0123825 0.0475)
(0.612544 0.0251579 0.0475)
(0.637842 0.0286797 0.0475)
(0.650081 0.0127529 0.0475)
(0.637576 0.0126886 0.05)
(0.627853 0.0432766 0.0475)
(0.611106 0.0447059 0.0475)
(0.612465 0.0370134 0.05)
(0.650552 0.0412694 0.0475)
(0.638704 0.0423237 0.05)
(0.687647 0.0264058 0.0425)
(0.687536 0.0122706 0.045)
(0.675287 0.0389971 0.0425)
(0.662893 0.0401425 0.045)
(0.687685 0.0378177 0.045)
(0.700073 0.0366314 0.0425)
(0.675055 0.0124707 0.0475)
(0.662806 0.0281819 0.0475)
(0.687647 0.0264058 0.0475)
(0.700016 0.0120732 0.0475)
(0.687536 0.0122706 0.05)
(0.675287 0.0389971 0.0475)
(0.662893 0.0401425 0.05)
(0.700073 0.0366314 0.0475)
(0.687685 0.0378177 0.05)
(0.737523 0.0251021 0.0425)
(0.737537 0.0123251 0.045)
(0.724712 0.0341888 0.0425)
(0.712453 0.0354088 0.045)
(0.736144 0.033026 0.045)
(0.724997 0.0119053 0.0475)
(0.712475 0.0246212 0.0475)
(0.737523 0.0251021 0.0475)
(0.75017 0.0137039 0.0475)
(0.737537 0.0123251 0.05)
(0.724712 0.0341888 0.0475)
(0.712453 0.0354088 0.05)
(0.736144 0.033026 0.05)
(0.787958 0.0275513 0.0425)
(0.787725 0.0142404 0.045)
(0.775276 0.0147415 0.0475)
(0.763839 0.0301495 0.0475)
(0.787958 0.0275513 0.0475)
(0.800154 0.0135954 0.0475)
(0.787725 0.0142404 0.05)
(0.837226 0.022012 0.0425)
(0.837482 0.0119768 0.045)
(0.825011 0.0122953 0.0475)
(0.81266 0.0248123 0.0475)
(0.837226 0.022012 0.0475)
(0.850204 0.0137145 0.0475)
(0.837482 0.0119768 0.05)
(0.201293 0.0574235 0.0475)
(0.23755 0.0590454 0.045)
(0.225092 0.0585674 0.0475)
(0.250041 0.0593857 0.0475)
(0.23755 0.0590454 0.05)
(0.287505 0.0599546 0.045)
(0.275016 0.0598572 0.0475)
(0.300004 0.0600157 0.0475)
(0.287505 0.0599546 0.05)
(0.337483 0.05969 0.045)
(0.324985 0.0598699 0.0475)
(0.349967 0.0594717 0.0475)
(0.337483 0.05969 0.05)
(0.387425 0.0584597 0.045)
(0.374937 0.0588469 0.0475)
(0.39989 0.0580155 0.0475)
(0.387425 0.0584597 0.05)
(0.42371 0.0570459 0.0475)
(0.0326571 0.0294309 0.0525)
(0.033874 0.0151051 0.055)
(0.0509294 0.0357686 0.0525)
(0.020573 0.020573 0.0575)
(0.0326571 0.0294309 0.0575)
(0.0490123 0.0123935 0.0575)
(0.033874 0.0151051 0.06)
(0.0509294 0.0357686 0.0575)
(0.0869324 0.0273765 0.0525)
(0.0873646 0.0118779 0.055)
(0.0732496 0.041563 0.0525)
(0.0618039 0.0387951 0.055)
(0.0841626 0.0438933 0.055)
(0.0997592 0.0386691 0.0525)
(0.0747924 0.0119999 0.0575)
(0.0616709 0.0271278 0.0575)
(0.0869325 0.0273765 0.0575)
(0.0999298 0.0115999 0.0575)
(0.0873646 0.0118779 0.06)
(0.0732496 0.041563 0.0575)
(0.0618039 0.0387951 0.06)
(0.0997592 0.0386691 0.0575)
(0.0841626 0.0438933 0.06)
(0.13731 0.0260051 0.0525)
(0.137458 0.011638 0.055)
(0.124742 0.0392815 0.0525)
(0.112347 0.0383497 0.055)
(0.137142 0.0404439 0.055)
(0.149585 0.0415104 0.0525)
(0.137066 0.0520092 0.0525)
(0.124964 0.0115237 0.0575)
(0.112361 0.0251965 0.0575)
(0.13731 0.0260051 0.0575)
(0.149953 0.0117534 0.0575)
(0.137458 0.011638 0.06)
(0.124742 0.0392815 0.0575)
(0.112554 0.0487935 0.0575)
(0.112347 0.0383497 0.06)
(0.149585 0.0415104 0.0575)
(0.137066 0.0520092 0.0575)
(0.137142 0.0404439 0.06)
(0.187381 0.0257844 0.0525)
(0.187474 0.0116257 0.055)
(0.174605 0.0420887 0.0525)
(0.162076 0.0422364 0.055)
(0.187257 0.0405473 0.055)
(0.19992 0.0380934 0.0525)
(0.184669 0.0563667 0.0525)
(0.17496 0.0117792 0.0575)
(0.162281 0.0268068 0.0575)
(0.187381 0.0257844 0.0575)
(0.199989 0.0114341 0.0575)
(0.187474 0.0116257 0.06)
(0.174605 0.0420887 0.0575)
(0.161908 0.0545738 0.0575)
(0.162076 0.0422364 0.06)
(0.19992 0.0380934 0.0575)
(0.184669 0.0563667 0.0575)
(0.187257 0.0405473 0.06)
(0.237512 0.0238199 0.0525)
(0.237504 0.0112499 0.055)
(0.225038 0.0361249 0.0525)
(0.212516 0.0365714 0.055)
(0.237533 0.0361308 0.055)
(0.250025 0.0362665 0.0525)
(0.237549 0.0483062 0.0525)
(0.225003 0.0112537 0.0575)
(0.212494 0.0241183 0.0575)
(0.237512 0.0238199 0.0575)
(0.250003 0.0112668 0.0575)
(0.237504 0.0112499 0.06)
(0.225038 0.0361249 0.0575)
(0.212579 0.0482239 0.0575)
(0.212516 0.0365714 0.06)
(0.250025 0.0362665 0.0575)
(0.237549 0.0483062 0.0575)
(0.237533 0.0361308 0.06)
(0.287503 0.0239959 0.0525)
(0.287502 0.0113309 0.055)
(0.27501 0.0365306 0.0525)
(0.262516 0.0364141 0.055)
(0.287505 0.0366026 0.055)
(0.300002 0.0366326 0.0525)
(0.287506 0.0490807 0.0525)
(0.275002 0.0113116 0.0575)
(0.262507 0.0239116 0.0575)
(0.287503 0.0239959 0.0575)
(0.300001 0.0113469 0.0575)
(0.287502 0.0113309 0.06)
(0.27501 0.0365306 0.0575)
(0.262521 0.0488123 0.0575)
(0.262516 0.0364141 0.06)
(0.300002 0.0366326 0.0575)
(0.287506 0.0490807 0.0575)
(0.287505 0.0366026 0.06)
(0.337496 0.0239775 0.0525)
(0.3375 0.0113756 0.055)
(0.324992 0.0365573 0.0525)
(0.312497 0.0366141 0.055)
(0.337487 0.036459 0.055)
(0.34998 0.0363266 0.0525)
(0.337482 0.0488499 0.0525)
(0.325001 0.0113691 0.0575)
(0.3125 0.0240173 0.0575)
(0.337496 0.0239775 0.0575)
(0.35 0.0113795 0.0575)
(0.3375 0.0113756 0.06)
(0.324992 0.0365573 0.0575)
(0.312495 0.0490858 0.0575)
(0.312497 0.0366141 0.06)
(0.34998 0.0363266 0.0575)
(0.337482 0.0488499 0.0575)
(0.337487 0.036459 0.06)
(0.387485 0.0238182 0.0525)
(0.387498 0.0113951 0.055)
(0.374963 0.0359867 0.0525)
(0.362473 0.0361634 0.055)
(0.387455 0.0358433 0.055)
(0.399953 0.0358629 0.0525)
(0.387431 0.0478143 0.0525)
(0.374999 0.0113846 0.0575)
(0.362491 0.0238883 0.0575)
(0.387485 0.0238182 0.0575)
(0.399999 0.0114285 0.0575)
(0.387498 0.0113951 0.06)
(0.374963 0.0359867 0.0575)
(0.362462 0.0484017 0.0575)
(0.362473 0.0361634 0.06)
(0.399953 0.0358629 0.0575)
(0.387431 0.0478143 0.0575)
(0.387455 0.0358433 0.06)
(0.437582 0.0259674 0.0525)
(0.437519 0.0119089 0.055)
(0.425047 0.0380025 0.0525)
(0.412474 0.0363698 0.055)
(0.43767 0.0405806 0.055)
(0.450258 0.0423299 0.0525)
(0.440261 0.0562926 0.0525)
(0.425009 0.0116767 0.0575)
(0.4125 0.0241815 0.0575)
(0.437582 0.0259674 0.0575)
(0.450029 0.0121137 0.0575)
(0.437519 0.0119089 0.06)
(0.425047 0.0380025 0.0575)
(0.412422 0.0478283 0.0575)
(0.412474 0.0363698 0.06)
(0.450258 0.0423299 0.0575)
(0.440261 0.0562926 0.0575)
(0.43767 0.0405806 0.06)
(0.487644 0.0269855 0.0525)
(0.487534 0.0121899 0.055)
(0.475289 0.0424978 0.0525)
(0.462786 0.0427971 0.055)
(0.487765 0.0419449 0.055)
(0.500244 0.0412931 0.0525)
(0.487806 0.0536931 0.0525)
(0.475035 0.0122282 0.0575)
(0.46265 0.0272899 0.0575)
(0.487644 0.0269855 0.0575)
(0.500031 0.0121292 0.0575)
(0.487534 0.0121899 0.06)
(0.475289 0.0424976 0.0575)
(0.462925 0.0551212 0.0575)
(0.462786 0.0427973 0.06)
(0.500244 0.0412931 0.0575)
(0.487806 0.0536931 0.0575)
(0.487765 0.0419449 0.06)
(0.537567 0.0255026 0.0525)
(0.537516 0.0119044 0.055)
(0.52517 0.0398834 0.0525)
(0.512714 0.0406082 0.055)
(0.537624 0.0391392 0.055)
(0.55007 0.0383635 0.0525)
(0.537648 0.0504118 0.0525)
(0.525022 0.0119834 0.0575)
(0.512615 0.0262891 0.0575)
(0.537567 0.0255026 0.0575)
(0.550009 0.011823 0.0575)
(0.537516 0.0119044 0.06)
(0.52517 0.0398834 0.0575)
(0.512754 0.0521161 0.0575)
(0.512714 0.0406082 0.06)
(0.55007 0.0383635 0.0575)
(0.537648 0.0504118 0.0575)
(0.537624 0.0391392 0.06)
(0.587453 0.0240113 0.0525)
(0.587492 0.011639 0.055)
(0.574951 0.0367873 0.0525)
(0.562512 0.0375762 0.055)
(0.587393 0.036091 0.055)
(0.59987 0.0358172 0.0525)
(0.587359 0.0466533 0.0525)
(0.574996 0.0116723 0.0575)
(0.562507 0.0246747 0.0575)
(0.587453 0.0240113 0.0575)
(0.599996 0.0117029 0.0575)
(0.587492 0.011639 0.06)
(0.574951 0.0367873 0.0575)
(0.562516 0.0485881 0.0575)
(0.562512 0.0375762 0.06)
(0.59987 0.0358172 0.0575)
(0.587359 0.0466533 0.0575)
(0.587393 0.036091 0.06)
(0.637842 0.0286797 0.0525)
(0.637576 0.0126886 0.055)
(0.627853 0.0432766 0.0525)
(0.612465 0.0370134 0.055)
(0.638704 0.0423237 0.055)
(0.650552 0.0412694 0.0525)
(0.62505 0.0123825 0.0575)
(0.612544 0.0251579 0.0575)
(0.637842 0.0286797 0.0575)
(0.650081 0.0127529 0.0575)
(0.637576 0.0126886 0.06)
(0.627853 0.0432766 0.0575)
(0.611106 0.0447059 0.0575)
(0.612465 0.0370134 0.06)
(0.650552 0.0412694 0.0575)
(0.638704 0.0423237 0.06)
(0.687647 0.0264058 0.0525)
(0.687536 0.0122706 0.055)
(0.675287 0.0389971 0.0525)
(0.662893 0.0401425 0.055)
(0.687685 0.0378177 0.055)
(0.700073 0.0366314 0.0525)
(0.675055 0.0124707 0.0575)
(0.662806 0.0281819 0.0575)
(0.687647 0.0264058 0.0575)
(0.700016 0.0120732 0.0575)
(0.687536 0.0122706 0.06)
(0.675287 0.0389971 0.0575)
(0.662893 0.0401425 0.06)
(0.700073 0.0366314 0.0575)
(0.687685 0.0378177 0.06)
(0.737523 0.0251021 0.0525)
(0.737537 0.0123251 0.055)
(0.724712 0.0341888 0.0525)
(0.712453 0.0354088 0.055)
(0.736144 0.033026 0.055)
(0.724997 0.0119053 0.0575)
(0.712475 0.0246212 0.0575)
(0.737523 0.0251021 0.0575)
(0.75017 0.0137039 0.0575)
(0.737537 0.0123251 0.06)
(0.724712 0.0341888 0.0575)
(0.712453 0.0354088 0.06)
(0.736144 0.033026 0.06)
(0.787958 0.0275513 0.0525)
(0.787725 0.0142404 0.055)
(0.775276 0.0147415 0.0575)
(0.763839 0.0301495 0.0575)
(0.787958 0.0275513 0.0575)
(0.800154 0.0135954 0.0575)
(0.787725 0.0142404 0.06)
(0.837226 0.022012 0.0525)
(0.837482 0.0119768 0.055)
(0.825011 0.0122953 0.0575)
(0.81266 0.0248123 0.0575)
(0.837226 0.022012 0.0575)
(0.850204 0.0137145 0.0575)
(0.837482 0.0119768 0.06)
(0.201293 0.0574235 0.0575)
(0.23755 0.0590454 0.055)
(0.225092 0.0585674 0.0575)
(0.250041 0.0593857 0.0575)
(0.23755 0.0590454 0.06)
(0.287505 0.0599546 0.055)
(0.275016 0.0598572 0.0575)
(0.300004 0.0600157 0.0575)
(0.287505 0.0599546 0.06)
(0.337483 0.05969 0.055)
(0.324985 0.0598699 0.0575)
(0.349967 0.0594717 0.0575)
(0.337483 0.05969 0.06)
(0.387425 0.0584597 0.055)
(0.374937 0.0588469 0.0575)
(0.39989 0.0580155 0.0575)
(0.387425 0.0584597 0.06)
(0.42371 0.0570459 0.0575)
(0.0326571 0.0294309 0.0625)
(0.033874 0.0151051 0.065)
(0.0509294 0.0357686 0.0625)
(0.020573 0.020573 0.0675)
(0.0326571 0.0294309 0.0675)
(0.0490123 0.0123935 0.0675)
(0.033874 0.0151051 0.07)
(0.0509294 0.0357686 0.0675)
(0.0869324 0.0273765 0.0625)
(0.0873646 0.0118779 0.065)
(0.0732496 0.041563 0.0625)
(0.0618039 0.0387951 0.065)
(0.0841626 0.0438933 0.065)
(0.0997592 0.0386691 0.0625)
(0.0747924 0.0119999 0.0675)
(0.0616709 0.0271278 0.0675)
(0.0869325 0.0273765 0.0675)
(0.0999298 0.0115999 0.0675)
(0.0873646 0.0118779 0.07)
(0.0732496 0.041563 0.0675)
(0.0618039 0.0387951 0.07)
(0.0997592 0.0386691 0.0675)
(0.0841626 0.0438933 0.07)
(0.13731 0.0260051 0.0625)
(0.137458 0.011638 0.065)
(0.124742 0.0392815 0.0625)
(0.112347 0.0383497 0.065)
(0.137142 0.0404439 0.065)
(0.149585 0.0415104 0.0625)
(0.137066 0.0520092 0.0625)
(0.124964 0.0115237 0.0675)
(0.112361 0.0251965 0.0675)
(0.13731 0.0260051 0.0675)
(0.149953 0.0117534 0.0675)
(0.137458 0.011638 0.07)
(0.124742 0.0392815 0.0675)
(0.112554 0.0487935 0.0675)
(0.112347 0.0383497 0.07)
(0.149585 0.0415104 0.0675)
(0.137066 0.0520092 0.0675)
(0.137142 0.0404439 0.07)
(0.187381 0.0257844 0.0625)
(0.187474 0.0116257 0.065)
(0.174605 0.0420887 0.0625)
(0.162076 0.0422364 0.065)
(0.187257 0.0405473 0.065)
(0.19992 0.0380934 0.0625)
(0.184669 0.0563667 0.0625)
(0.17496 0.0117792 0.0675)
(0.162281 0.0268068 0.0675)
(0.187381 0.0257844 0.0675)
(0.199989 0.0114341 0.0675)
(0.187474 0.0116257 0.07)
(0.174605 0.0420887 0.0675)
(0.161908 0.0545738 0.0675)
(0.162076 0.0422364 0.07)
(0.19992 0.0380934 0.0675)
(0.184669 0.0563667 0.0675)
(0.187257 0.0405473 0.07)
(0.237512 0.0238199 0.0625)
(0.237504 0.0112499 0.065)
(0.225038 0.0361249 0.0625)
(0.212516 0.0365714 0.065)
(0.237533 0.0361308 0.065)
(0.250025 0.0362665 0.0625)
(0.237549 0.0483062 0.0625)
(0.225003 0.0112537 0.0675)
(0.212494 0.0241183 0.0675)
(0.237512 0.0238199 0.0675)
(0.250003 0.0112668 0.0675)
(0.237504 0.0112499 0.07)
(0.225038 0.0361249 0.0675)
(0.212579 0.0482239 0.0675)
(0.212516 0.0365714 0.07)
(0.250025 0.0362665 0.0675)
(0.237549 0.0483062 0.0675)
(0.237533 0.0361308 0.07)
(0.287503 0.0239959 0.0625)
(0.287502 0.0113309 0.065)
(0.27501 0.0365306 0.0625)
(0.262516 0.0364141 0.065)
(0.287505 0.0366026 0.065)
(0.300002 0.0366326 0.0625)
(0.287506 0.0490807 0.0625)
(0.275002 0.0113116 0.0675)
(0.262507 0.0239116 0.0675)
(0.287503 0.0239959 0.0675)
(0.300001 0.0113469 0.0675)
(0.287502 0.0113309 0.07)
(0.27501 0.0365306 0.0675)
(0.262521 0.0488123 0.0675)
(0.262516 0.0364141 0.07)
(0.300002 0.0366326 0.0675)
(0.287506 0.0490807 0.0675)
(0.287505 0.0366026 0.07)
(0.337496 0.0239775 0.0625)
(0.3375 0.0113756 0.065)
(0.324992 0.0365573 0.0625)
(0.312497 0.0366141 0.065)
(0.337487 0.036459 0.065)
(0.34998 0.0363266 0.0625)
(0.337482 0.0488499 0.0625)
(0.325001 0.0113691 0.0675)
(0.3125 0.0240173 0.0675)
(0.337496 0.0239775 0.0675)
(0.35 0.0113795 0.0675)
(0.3375 0.0113756 0.07)
(0.324992 0.0365573 0.0675)
(0.312495 0.0490858 0.0675)
(0.312497 0.0366141 0.07)
(0.34998 0.0363266 0.0675)
(0.337482 0.0488499 0.0675)
(0.337487 0.036459 0.07)
(0.387485 0.0238182 0.0625)
(0.387498 0.0113951 0.065)
(0.374963 0.0359867 0.0625)
(0.362473 0.0361634 0.065)
(0.387455 0.0358433 0.065)
(0.399953 0.0358629 0.0625)
(0.387431 0.0478143 0.0625)
(0.374999 0.0113846 0.0675)
(0.362491 0.0238883 0.0675)
(0.387485 0.0238182 0.0675)
(0.399999 0.0114285 0.0675)
(0.387498 0.0113951 0.07)
(0.374963 0.0359867 0.0675)
(0.362462 0.0484017 0.0675)
(0.362473 0.0361634 0.07)
(0.399953 0.0358629 0.0675)
(0.387431 0.0478143 0.0675)
(0.387455 0.0358433 0.07)
(0.437582 0.0259674 0.0625)
(0.437519 0.0119089 0.065)
(0.425047 0.0380025 0.0625)
(0.412474 0.0363698 0.065)
(0.43767 0.0405806 0.065)
(0.450258 0.0423299 0.0625)
(0.440261 0.0562926 0.0625)
(0.425009 0.0116767 0.0675)
(0.4125 0.0241815 0.0675)
(0.437582 0.0259674 0.0675)
(0.450029 0.0121137 0.0675)
(0.437519 0.0119089 0.07)
(0.425047 0.0380025 0.0675)
(0.412422 0.0478283 0.0675)
(0.412474 0.0363698 0.07)
(0.450258 0.0423299 0.0675)
(0.440261 0.0562926 0.0675)
(0.43767 0.0405806 0.07)
(0.487644 0.0269855 0.0625)
(0.487534 0.0121899 0.065)
(0.475289 0.0424978 0.0625)
(0.462786 0.0427971 0.065)
(0.487765 0.0419449 0.065)
(0.500244 0.0412931 0.0625)
(0.487806 0.0536931 0.0625)
(0.475035 0.0122282 0.0675)
(0.46265 0.0272899 0.0675)
(0.487644 0.0269855 0.0675)
(0.500031 0.0121292 0.0675)
(0.487534 0.0121899 0.07)
(0.475289 0.0424976 0.0675)
(0.462925 0.0551212 0.0675)
(0.462786 0.0427973 0.07)
(0.500244 0.0412931 0.0675)
(0.487806 0.0536931 0.0675)
(0.487765 0.0419449 0.07)
(0.537567 0.0255026 0.0625)
(0.537516 0.0119044 0.065)
(0.52517 0.0398834 0.0625)
(0.512714 0.0406082 0.065)
(0.537624 0.0391392 0.065)
(0.55007 0.0383635 0.0625)
(0.537648 0.0504118 0.0625)
(0.525022 0.0119834 0.0675)
(0.512615 0.0262891 0.0675)
(0.537567 0.0255026 0.0675)
(0.550009 0.011823 0.0675)
(0.537516 0.0119044 0.07)
(0.52517 0.0398834 0.0675)
(0.512754 0.0521161 0.0675)
(0.512714 0.0406082 0.07)
(0.55007 0.0383635 0.0675)
(0.537648 0.0504118 0.0675)
(0.537624 0.0391392 0.07)
(0.587453 0.0240113 0.0625)
(0.587492 0.011639 0.065)
(0.574951 0.0367873 0.0625)
(0.562512 0.0375762 0.065)
(0.587393 0.036091 0.065)
(0.59987 0.0358172 0.0625)
(0.587359 0.0466533 0.0625)
(0.574996 0.0116723 0.0675)
(0.562507 0.0246747 0.0675)
(0.587453 0.0240113 0.0675)
(0.599996 0.0117029 0.0675)
(0.587492 0.011639 0.07)
(0.574951 0.0367873 0.0675)
(0.562516 0.0485881 0.0675)
(0.562512 0.0375762 0.07)
(0.59987 0.0358172 0.0675)
(0.587359 0.0466533 0.0675)
(0.587393 0.036091 0.07)
(0.637842 0.0286797 0.0625)
(0.637576 0.0126886 0.065)
(0.627853 0.0432766 0.0625)
(0.612465 0.0370134 0.065)
(0.638704 0.0423237 0.065)
(0.650552 0.0412694 0.0625)
(0.62505 0.0123825 0.0675)
(0.612544 0.0251579 0.0675)
(0.637842 0.0286797 0.0675)
(0.650081 0.0127529 0.0675)
(0.637576 0.0126886 0.07)
(0.627853 0.0432766 0.0675)
(0.611106 0.0447059 0.0675)
(0.612465 0.0370134 0.07)
(0.650552 0.0412694 0.0675)
(0.638704 0.0423237 0.07)
(0.687647 0.0264058 0.0625)
(0.687536 0.0122706 0.065)
(0.675287 0.0389971 0.0625)
(0.662893 0.0401425 0.065)
(0.687685 0.0378177 0.065)
(0.700073 0.0366314 0.0625)
(0.675055 0.0124707 0.0675)
(0.662806 0.0281819 0.0675)
(0.687647 0.0264058 0.0675)
(0.700016 0.0120732 0.0675)
(0.687536 0.0122706 0.07)
(0.675287 0.0389971 0.0675)
(0.662893 0.0401425 0.07)
(0.700073 0.0366314 0.0675)
(0.687685 0.0378177 0.07)
(0.737523 0.0251021 0.0625)
(0.737537 0.0123251 0.065)
(0.724712 0.0341888 0.0625)
(0.712453 0.0354088 0.065)
(0.736144 0.033026 0.065)
(0.724997 0.0119053 0.0675)
(0.712475 0.0246212 0.0675)
(0.737523 0.0251021 0.0675)
(0.75017 0.0137039 0.0675)
(0.737537 0.0123251 0.07)
(0.724712 0.0341888 0.0675)
(0.712453 0.0354088 0.07)
(0.736144 0.033026 0.07)
(0.787958 0.0275513 0.0625)
(0.787725 0.0142404 0.065)
(0.775276 0.0147415 0.0675)
(0.763839 0.0301495 0.0675)
(0.787958 0.0275513 0.0675)
(0.800154 0.0135954 0.0675)
(0.787725 0.0142404 0.07)
(0.837226 0.022012 0.0625)
(0.837482 0.0119768 0.065)
(0.825011 0.0122953 0.0675)
(0.81266 0.0248123 0.0675)
(0.837226 0.022012 0.0675)
(0.850204 0.0137145 0.0675)
(0.837482 0.0119768 0.07)
(0.201293 0.0574235 0.0675)
(0.23755 0.0590454 0.065)
(0.225092 0.0585674 0.0675)
(0.250041 0.0593857 0.0675)
(0.23755 0.0590454 0.07)
(0.287505 0.0599546 0.065)
(0.275016 0.0598572 0.0675)
(0.300004 0.0600157 0.0675)
(0.287505 0.0599546 0.07)
(0.337483 0.05969 0.065)
(0.324985 0.0598699 0.0675)
(0.349967 0.0594717 0.0675)
(0.337483 0.05969 0.07)
(0.387425 0.0584597 0.065)
(0.374937 0.0588469 0.0675)
(0.39989 0.0580155 0.0675)
(0.387425 0.0584597 0.07)
(0.42371 0.0570459 0.0675)
(0.0326571 0.0294309 0.0725)
(0.0338741 0.015105 0.075)
(0.0509294 0.0357686 0.0725)
(0.020573 0.020573 0.0775)
(0.0326571 0.0294309 0.0775)
(0.0490126 0.0123933 0.0775003)
(0.033875 0.0151041 0.0800011)
(0.0509294 0.0357686 0.0775)
(0.0869324 0.0273765 0.0725)
(0.0873646 0.0118779 0.075)
(0.0732496 0.041563 0.0725)
(0.0618039 0.0387951 0.075)
(0.0841626 0.0438933 0.075)
(0.0997592 0.0386691 0.0725)
(0.0747925 0.0119998 0.0775001)
(0.061671 0.0271277 0.0775001)
(0.0869325 0.0273765 0.0775)
(0.0999298 0.0115998 0.0775)
(0.0873647 0.0118778 0.0800001)
(0.0732496 0.041563 0.0775)
(0.0618039 0.0387951 0.08)
(0.0997592 0.0386691 0.0775)
(0.0841626 0.0438933 0.08)
(0.13731 0.0260051 0.0725)
(0.137458 0.011638 0.075)
(0.124742 0.0392815 0.0725)
(0.112347 0.0383497 0.075)
(0.137142 0.0404439 0.075)
(0.149585 0.0415104 0.0725)
(0.137066 0.0520092 0.0725)
(0.124964 0.0115237 0.0775)
(0.112361 0.0251965 0.0775)
(0.13731 0.026005 0.0775001)
(0.149953 0.0117533 0.0775)
(0.137458 0.0116378 0.0800001)
(0.124742 0.0392815 0.0775)
(0.112554 0.0487935 0.0775)
(0.112347 0.0383496 0.08)
(0.149585 0.0415103 0.0775001)
(0.137066 0.0520092 0.0775)
(0.137142 0.0404437 0.0800001)
(0.187381 0.0257844 0.0725)
(0.187474 0.0116257 0.075)
(0.174605 0.0420887 0.0725)
(0.162076 0.0422364 0.075)
(0.187257 0.0405473 0.075)
(0.19992 0.0380934 0.0725)
(0.184669 0.0563667 0.0725)
(0.17496 0.0117791 0.0775)
(0.162281 0.0268067 0.0775001)
(0.187381 0.0257843 0.0775001)
(0.199989 0.0114341 0.0775)
(0.187474 0.0116255 0.0800002)
(0.174605 0.0420886 0.0775001)
(0.161908 0.0545738 0.0775)
(0.162076 0.0422358 0.0800004)
(0.19992 0.0380934 0.0775001)
(0.184669 0.0563667 0.0775)
(0.187257 0.0405469 0.0800003)
(0.237512 0.0238199 0.0725)
(0.237504 0.0112499 0.075)
(0.225038 0.0361249 0.0725)
(0.212516 0.0365714 0.075)
(0.237533 0.0361308 0.075)
(0.250025 0.0362665 0.0725)
(0.237549 0.0483062 0.0725)
(0.225003 0.0112537 0.0775)
(0.212494 0.0241182 0.0775)
(0.237512 0.0238199 0.0775)
(0.250003 0.0112668 0.0775)
(0.237504 0.01125 0.08)
(0.225038 0.0361249 0.0775)
(0.212579 0.0482239 0.0775)
(0.212516 0.0365713 0.0800002)
(0.250025 0.0362665 0.0775)
(0.237549 0.0483062 0.0775)
(0.237533 0.0361309 0.0800001)
(0.287503 0.0239959 0.0725)
(0.287502 0.0113309 0.075)
(0.27501 0.0365306 0.0725)
(0.262516 0.0364141 0.075)
(0.287505 0.0366026 0.075)
(0.300002 0.0366326 0.0725)
(0.287506 0.0490807 0.0725)
(0.275002 0.0113116 0.0775)
(0.262507 0.0239116 0.0775)
(0.287503 0.0239959 0.0775)
(0.300001 0.0113469 0.0775)
(0.287502 0.0113309 0.08)
(0.27501 0.0365306 0.0775)
(0.262521 0.0488123 0.0775)
(0.262516 0.0364142 0.08)
(0.300002 0.0366326 0.0775)
(0.287506 0.0490807 0.0775)
(0.287505 0.0366026 0.08)
(0.337496 0.0239775 0.0725)
(0.3375 0.0113756 0.075)
(0.324992 0.0365573 0.0725)
(0.312497 0.0366141 0.075)
(0.337487 0.036459 0.075)
(0.34998 0.0363266 0.0725)
(0.337482 0.0488499 0.0725)
(0.325001 0.0113691 0.0775)
(0.3125 0.0240173 0.0775)
(0.337496 0.0239775 0.0775)
(0.35 0.0113795 0.0775)
(0.3375 0.0113756 0.08)
(0.324992 0.0365573 0.0775)
(0.312495 0.0490858 0.0775)
(0.312497 0.0366141 0.08)
(0.34998 0.0363266 0.0775)
(0.337482 0.0488499 0.0775)
(0.337487 0.0364591 0.08)
(0.387485 0.0238182 0.0725)
(0.387498 0.0113951 0.075)
(0.374963 0.0359867 0.0725)
(0.362473 0.0361634 0.075)
(0.387455 0.0358433 0.075)
(0.399953 0.0358629 0.0725)
(0.387431 0.0478143 0.0725)
(0.374999 0.0113846 0.0775)
(0.362491 0.0238883 0.0775)
(0.387485 0.0238182 0.0775)
(0.399999 0.0114285 0.0775)
(0.387498 0.0113951 0.08)
(0.374963 0.0359867 0.0775)
(0.362462 0.0484017 0.0775)
(0.362473 0.0361635 0.08)
(0.399953 0.0358629 0.0775)
(0.387431 0.0478143 0.0775)
(0.387455 0.0358435 0.0800001)
(0.437582 0.0259673 0.0725)
(0.437519 0.0119089 0.075)
(0.425047 0.0380025 0.0725)
(0.412474 0.0363698 0.075)
(0.43767 0.0405806 0.075)
(0.450258 0.0423299 0.0725)
(0.440261 0.0562926 0.0725)
(0.425009 0.0116766 0.0775)
(0.4125 0.0241814 0.0775001)
(0.437582 0.0259672 0.0775001)
(0.450029 0.0121137 0.0775001)
(0.437519 0.0119086 0.0800002)
(0.425047 0.0380024 0.0775001)
(0.412422 0.0478283 0.0775)
(0.412474 0.0363698 0.0800003)
(0.450258 0.0423298 0.0775001)
(0.440261 0.0562926 0.0775)
(0.43767 0.0405801 0.0800004)
(0.487644 0.0269855 0.0725)
(0.487534 0.0121899 0.075)
(0.475289 0.0424978 0.0725)
(0.462786 0.0427971 0.075)
(0.487765 0.0419449 0.075)
(0.500244 0.0412931 0.0725)
(0.487806 0.0536931 0.0725)
(0.475035 0.0122281 0.0775001)
(0.46265 0.0272897 0.0775002)
(0.487644 0.0269853 0.0775002)
(0.500031 0.0121291 0.0775)
(0.487534 0.0121895 0.0800003)
(0.475289 0.0424975 0.0775001)
(0.462925 0.0551212 0.0775)
(0.462786 0.0427964 0.0800006)
(0.500244 0.041293 0.0775001)
(0.487806 0.0536931 0.0775)
(0.487765 0.0419443 0.0800005)
(0.537567 0.0255026 0.0725)
(0.537516 0.0119044 0.075)
(0.52517 0.0398834 0.0725)
(0.512714 0.0406082 0.075)
(0.537624 0.0391392 0.075)
(0.55007 0.0383635 0.0725)
(0.537648 0.0504118 0.0725)
(0.525022 0.0119834 0.0775)
(0.512615 0.026289 0.0775001)
(0.537567 0.0255026 0.0775)
(0.550009 0.011823 0.0775)
(0.537516 0.0119044 0.08)
(0.52517 0.0398833 0.0775)
(0.512754 0.0521161 0.0775)
(0.512714 0.0406079 0.0800002)
(0.55007 0.0383635 0.0775)
(0.537648 0.0504118 0.0775)
(0.537624 0.0391391 0.08)
(0.587453 0.0240113 0.0725)
(0.587492 0.011639 0.075)
(0.574951 0.0367873 0.0725)
(0.562512 0.0375762 0.075)
(0.587393 0.036091 0.075)
(0.59987 0.0358172 0.0725)
(0.587359 0.0466533 0.0725)
(0.574996 0.0116723 0.0775)
(0.562507 0.0246747 0.0775)
(0.587453 0.0240113 0.0775)
(0.599996 0.0117029 0.0775)
(0.587492 0.011639 0.08)
(0.574951 0.0367873 0.0775)
(0.562516 0.0485881 0.0775)
(0.562512 0.0375762 0.08)
(0.59987 0.0358172 0.0775)
(0.587359 0.0466533 0.0775)
(0.587393 0.0360911 0.08)
(0.637842 0.0286797 0.0725)
(0.637576 0.0126885 0.075)
(0.627853 0.0432766 0.0725)
(0.612465 0.0370134 0.075)
(0.638704 0.0423237 0.075)
(0.650552 0.0412694 0.0725)
(0.62505 0.0123825 0.0775)
(0.612544 0.0251579 0.0775)
(0.637842 0.0286796 0.0775)
(0.650081 0.0127529 0.0775)
(0.637576 0.0126884 0.0800002)
(0.627853 0.0432766 0.0775)
(0.611106 0.0447059 0.0775)
(0.612465 0.0370133 0.08)
(0.650552 0.0412694 0.0775)
(0.638704 0.0423237 0.08)
(0.687647 0.0264058 0.0725)
(0.687536 0.0122706 0.075)
(0.675287 0.0389971 0.0725)
(0.662893 0.0401425 0.075)
(0.687685 0.0378177 0.075)
(0.700073 0.0366314 0.0725)
(0.675055 0.0124707 0.0775)
(0.662806 0.0281819 0.0775)
(0.687647 0.0264058 0.0775)
(0.700016 0.0120732 0.0775)
(0.687536 0.0122706 0.08)
(0.675287 0.0389971 0.0775)
(0.662893 0.0401425 0.08)
(0.700073 0.0366314 0.0775)
(0.687685 0.0378177 0.08)
(0.737523 0.0251021 0.0725)
(0.737537 0.0123251 0.075)
(0.724712 0.0341888 0.0725)
(0.712453 0.0354088 0.075)
(0.736144 0.033026 0.075)
(0.724997 0.0119053 0.0775)
(0.712475 0.0246212 0.0775)
(0.737523 0.0251021 0.0775)
(0.75017 0.0137039 0.0775)
(0.737537 0.0123251 0.08)
(0.724712 0.0341888 0.0775)
(0.712453 0.0354088 0.08)
(0.736144 0.033026 0.08)
(0.787958 0.0275513 0.0725)
(0.787725 0.0142404 0.075)
(0.775276 0.0147415 0.0775)
(0.763839 0.0301495 0.0775)
(0.787958 0.0275513 0.0775)
(0.800154 0.0135954 0.0775)
(0.787725 0.0142404 0.08)
(0.837226 0.022012 0.0725)
(0.837482 0.0119768 0.075)
(0.825011 0.0122952 0.0775)
(0.81266 0.0248123 0.0775)
(0.837226 0.022012 0.0775)
(0.850204 0.0137145 0.0775)
(0.837482 0.0119767 0.08)
(0.201293 0.0574235 0.0775)
(0.23755 0.0590454 0.075)
(0.225092 0.0585674 0.0775)
(0.250041 0.0593857 0.0775)
(0.23755 0.0590454 0.08)
(0.287505 0.0599546 0.075)
(0.275016 0.0598572 0.0775)
(0.300004 0.0600157 0.0775)
(0.287505 0.0599546 0.08)
(0.337483 0.05969 0.075)
(0.324985 0.0598699 0.0775)
(0.349967 0.0594717 0.0775)
(0.337483 0.05969 0.08)
(0.387425 0.0584597 0.075)
(0.374937 0.0588469 0.0775)
(0.39989 0.0580155 0.0775)
(0.387425 0.0584597 0.08)
(0.42371 0.0570459 0.0775)
(0.032717 0.0293782 0.0825)
(0.0342175 0.0148465 0.0850506)
(0.05093 0.0357666 0.0825)
(0.022451 0.0186951 0.0875)
(0.0331646 0.0289844 0.0875)
(0.04918 0.0122756 0.0876432)
(0.0368504 0.0125755 0.0916837)
(0.0509348 0.0357506 0.0875)
(0.0869328 0.027376 0.0825004)
(0.0873657 0.0118763 0.0850014)
(0.0732507 0.0415581 0.0825)
(0.0618078 0.0387797 0.085)
(0.0841626 0.0438933 0.085)
(0.0997592 0.0386689 0.0825001)
(0.0748031 0.0119897 0.0875116)
(0.061697 0.0270786 0.0875151)
(0.0869353 0.0273695 0.0875044)
(0.099931 0.0115969 0.087502)
(0.0873719 0.0118637 0.0900101)
(0.0732634 0.0415002 0.0875)
(0.0618341 0.0386765 0.09)
(0.0997598 0.0386662 0.0875014)
(0.0841657 0.0438774 0.09)
(0.13731 0.0260036 0.082501)
(0.137459 0.0116359 0.0850013)
(0.124742 0.039281 0.0825003)
(0.112348 0.0383485 0.0850006)
(0.137142 0.0404399 0.0850024)
(0.149585 0.0415086 0.0825011)
(0.137066 0.0520092 0.0825)
(0.124965 0.0115203 0.0875022)
(0.112363 0.0251897 0.0875037)
(0.137312 0.025985 0.0875118)
(0.149954 0.011742 0.0875073)
(0.137461 0.0116199 0.0900113)
(0.124743 0.0392738 0.0875039)
(0.112554 0.0487935 0.0875)
(0.11235 0.0383341 0.0900068)
(0.149588 0.0414778 0.0875174)
(0.137066 0.0520071 0.0875)
(0.137149 0.0403761 0.0900291)
(0.187381 0.0257819 0.0825019)
(0.187475 0.0116225 0.0850024)
(0.174605 0.0420862 0.0825017)
(0.162077 0.0422258 0.0850071)
(0.187258 0.0405398 0.0850056)
(0.19992 0.0380921 0.0825014)
(0.184669 0.0563667 0.0825)
(0.174961 0.0117637 0.0875107)
(0.162286 0.026756 0.0875333)
(0.187384 0.0257515 0.0875237)
(0.19999 0.0114296 0.0875046)
(0.187477 0.0115977 0.0900208)
(0.17461 0.0420252 0.0875302)
(0.161911 0.0545442 0.0875)
(0.162103 0.041929 0.0901197)
(0.199922 0.0380759 0.0875177)
(0.18467 0.0563519 0.0875)
(0.187268 0.0404168 0.090073)
(0.237512 0.0238201 0.0825002)
(0.237504 0.0112504 0.0850002)
(0.225038 0.036125 0.0825005)
(0.212516 0.03657 0.0850034)
(0.237533 0.0361319 0.0850008)
(0.250025 0.0362668 0.0825001)
(0.237549 0.0483063 0.0825001)
(0.225003 0.0112549 0.0875012)
(0.212495 0.0241146 0.0875087)
(0.237512 0.0238241 0.0875018)
(0.250003 0.0112688 0.0875002)
(0.237504 0.0112571 0.0900012)
(0.225038 0.0361276 0.0875061)
(0.212579 0.0482249 0.0875048)
(0.212518 0.0365659 0.0900349)
(0.250025 0.0362706 0.087501)
(0.237549 0.0483081 0.0875012)
(0.237533 0.0361463 0.0900073)
(0.287503 0.0239961 0.0825)
(0.287502 0.0113313 0.085)
(0.27501 0.0365308 0.0825)
(0.262516 0.036415 0.0850001)
(0.287505 0.0366033 0.085)
(0.300002 0.0366327 0.0825)
(0.287506 0.0490807 0.0825)
(0.275002 0.0113134 0.0875)
(0.262507 0.0239158 0.0875002)
(0.287503 0.0239996 0.0875)
(0.300001 0.0113487 0.0875)
(0.287502 0.0113375 0.09)
(0.27501 0.0365338 0.0875001)
(0.262521 0.0488136 0.0875001)
(0.262516 0.0364265 0.0900008)
(0.300002 0.0366354 0.0875)
(0.287506 0.0490816 0.0875)
(0.287505 0.0366127 0.0900001)
(0.337496 0.0239777 0.0825)
(0.3375 0.011376 0.085)
(0.324992 0.0365575 0.0825)
(0.312497 0.0366148 0.085)
(0.337487 0.03646 0.0850001)
(0.34998 0.0363269 0.0825001)
(0.337482 0.04885 0.0825)
(0.325001 0.0113708 0.0875)
(0.3125 0.024021 0.0875)
(0.337496 0.0239815 0.0875002)
(0.35 0.0113815 0.0875001)
(0.3375 0.0113824 0.0900001)
(0.324992 0.0365604 0.0875001)
(0.312495 0.0490868 0.0875)
(0.312497 0.036624 0.09)
(0.34998 0.0363311 0.0875008)
(0.337482 0.0488512 0.0875001)
(0.337487 0.0364713 0.0900007)
(0.387485 0.0238187 0.0825004)
(0.387498 0.0113958 0.0850004)
(0.374963 0.0359873 0.0825004)
(0.362473 0.0361651 0.0850006)
(0.387455 0.0358464 0.0850024)
(0.399953 0.0358634 0.0825009)
(0.387431 0.0478147 0.0825003)
(0.374999 0.0113872 0.0875007)
(0.362491 0.023894 0.0875013)
(0.387486 0.0238264 0.0875049)
(0.399999 0.0114307 0.087502)
(0.387498 0.0114048 0.0900033)
(0.374963 0.0359959 0.0875046)
(0.362462 0.0484044 0.087501)
(0.362473 0.0361844 0.0900058)
(0.399953 0.0358732 0.0875116)
(0.387432 0.0478206 0.0875045)
(0.387456 0.0358846 0.0900253)
(0.437582 0.0259644 0.0825022)
(0.437519 0.0119051 0.0850028)
(0.425047 0.0380011 0.0825016)
(0.412474 0.0363697 0.0850045)
(0.437669 0.0405721 0.0850064)
(0.450258 0.0423267 0.0825022)
(0.440261 0.0562926 0.0825)
(0.425009 0.0116718 0.0875052)
(0.412499 0.0241802 0.087511)
(0.43758 0.0259299 0.0875268)
(0.450028 0.0120941 0.0875132)
(0.437517 0.0118763 0.0900233)
(0.425046 0.0379858 0.08752)
(0.412422 0.0478323 0.0875068)
(0.412473 0.0363812 0.0900462)
(0.450254 0.0422563 0.0875357)
(0.440261 0.0562781 0.0875)
(0.437662 0.0404407 0.0900794)
(0.487644 0.0269813 0.082503)
(0.487533 0.0121841 0.0850041)
(0.475289 0.0424941 0.0825026)
(0.462785 0.0427814 0.0850107)
(0.487765 0.0419327 0.0850087)
(0.500244 0.0412912 0.0825013)
(0.487806 0.0536931 0.0825)
(0.475034 0.0122045 0.0875161)
(0.462645 0.0272148 0.0875496)
(0.487641 0.0269262 0.0875408)
(0.50003 0.0121166 0.0875085)
(0.48753 0.0121339 0.0900378)
(0.475285 0.0424143 0.0875425)
(0.462924 0.055089 0.0875)
(0.462764 0.0423992 0.0901641)
(0.500242 0.0412596 0.0875196)
(0.487804 0.0536671 0.0875)
(0.487747 0.0416353 0.0901351)
(0.537567 0.0255022 0.0825003)
(0.537516 0.0119039 0.0850004)
(0.52517 0.0398828 0.0825004)
(0.512714 0.0406038 0.0850028)
(0.537624 0.039138 0.0850007)
(0.55007 0.0383634 0.0825001)
(0.537648 0.0504118 0.0825)
(0.525021 0.0119795 0.0875026)
(0.512614 0.0262671 0.0875138)
(0.537566 0.0254968 0.0875035)
(0.550009 0.0118228 0.0875006)
(0.537515 0.0119003 0.0900035)
(0.525169 0.0398735 0.0875053)
(0.512754 0.052114 0.0875)
(0.512709 0.0405349 0.0900341)
(0.550069 0.0383617 0.087501)
(0.537648 0.0504111 0.0875)
(0.537623 0.0391216 0.090008)
(0.587453 0.0240114 0.0825003)
(0.587492 0.0116392 0.0850004)
(0.574951 0.0367873 0.0825001)
(0.562512 0.0375761 0.0850002)
(0.587393 0.0360914 0.0850006)
(0.59987 0.0358172 0.0825002)
(0.587359 0.0466533 0.0825)
(0.574996 0.0116734 0.0875006)
(0.562507 0.0246749 0.087501)
(0.587454 0.0240133 0.0875035)
(0.599996 0.0117025 0.0875028)
(0.587492 0.0116435 0.090004)
(0.574951 0.0367881 0.087501)
(0.562516 0.0485881 0.0875)
(0.562512 0.0375753 0.0900018)
(0.59987 0.0358189 0.0875038)
(0.587359 0.0466538 0.0875)
(0.587394 0.0360991 0.0900076)
(0.637842 0.0286783 0.0825011)
(0.637575 0.0126846 0.0850032)
(0.627853 0.0432766 0.0825)
(0.612465 0.0370131 0.0850009)
(0.638704 0.0423237 0.085)
(0.650552 0.0412694 0.0825)
(0.625049 0.0123731 0.087508)
(0.612543 0.0251495 0.0875111)
(0.637838 0.0286353 0.087523)
(0.650079 0.0127373 0.0875121)
(0.63757 0.0126325 0.0900435)
(0.627852 0.0432639 0.0875)
(0.611106 0.0447067 0.0875)
(0.612465 0.0370161 0.0900146)
(0.65055 0.0412438 0.0875)
(0.638689 0.042157 0.09)
(0.687647 0.0264055 0.0825002)
(0.687535 0.0122699 0.0850005)
(0.675287 0.0389971 0.0825)
(0.662893 0.0401425 0.085)
(0.687685 0.0378177 0.085)
(0.700073 0.0366314 0.0825)
(0.675054 0.0124652 0.0875038)
(0.662804 0.0281608 0.0875129)
(0.687646 0.0264018 0.0875024)
(0.700016 0.0120724 0.0875007)
(0.687535 0.0122635 0.0900048)
(0.675287 0.0389953 0.0875)
(0.662882 0.0400239 0.09)
(0.700073 0.0366314 0.0875)
(0.687684 0.0378089 0.09)
(0.737523 0.025102 0.0825)
(0.737537 0.0123245 0.0850005)
(0.724712 0.0341888 0.0825)
(0.712453 0.0354088 0.085)
(0.736144 0.033026 0.085)
(0.724997 0.0119043 0.0875009)
(0.712475 0.0246205 0.0875005)
(0.737523 0.0251008 0.0875008)
(0.750169 0.0136982 0.0875036)
(0.737535 0.0123146 0.0900079)
(0.724712 0.0341888 0.0875)
(0.712453 0.0354088 0.09)
(0.736144 0.033027 0.09)
(0.787958 0.0275513 0.0825)
(0.787725 0.0142397 0.0850005)
(0.775274 0.0147243 0.0875064)
(0.763836 0.0301219 0.0875)
(0.787956 0.0275325 0.0875)
(0.800154 0.0135935 0.0875012)
(0.787721 0.0142036 0.0900153)
(0.837226 0.022012 0.0825)
(0.837482 0.0119764 0.0850002)
(0.825011 0.0122944 0.0875006)
(0.81266 0.0248118 0.0875)
(0.837226 0.022012 0.0875)
(0.850203 0.0137061 0.0875027)
(0.83748 0.0119655 0.0900083)
(0.201293 0.0574243 0.0875)
(0.23755 0.0590454 0.085)
(0.225092 0.0585682 0.0875)
(0.250041 0.0593857 0.0875)
(0.23755 0.0590459 0.09)
(0.287505 0.0599546 0.085)
(0.275016 0.0598572 0.0875)
(0.300004 0.0600157 0.0875)
(0.287505 0.0599546 0.09)
(0.337483 0.05969 0.085)
(0.324985 0.0598699 0.0875)
(0.349967 0.0594717 0.0875)
(0.337483 0.05969 0.09)
(0.387425 0.0584597 0.085)
(0.374937 0.0588469 0.0875)
(0.39989 0.0580164 0.0875)
(0.387425 0.0584716 0.09)
(0.42371 0.0570467 0.0875)
(0.0346742 0.0276563 0.0924999)
(0.0370434 0.0123957 0.0959885)
(0.0509518 0.0356929 0.0925)
(0.0284378 0.012639 0.0991328)
(0.0336995 0.0285215 0.0974968)
(0.0497385 0.0119494 0.0976934)
(0.0509983 0.0356014 0.0975012)
(0.0869746 0.0272083 0.0925509)
(0.0874059 0.0117912 0.0950633)
(0.0733318 0.0411895 0.0925)
(0.0619222 0.0383377 0.095)
(0.0842378 0.0434794 0.0949998)
(0.0997747 0.0385923 0.0925214)
(0.074939 0.0118063 0.0976562)
(0.0622638 0.0253141 0.0982469)
(0.0874143 0.025176 0.0982504)
(0.0999772 0.0116572 0.0975619)
(0.0742489 0.0369943 0.0993746)
(0.0999875 0.0375064 0.0979105)
(0.0920687 0.0453829 0.0975011)
(0.137331 0.0258225 0.092592)
(0.137473 0.0115821 0.0950479)
(0.124755 0.0391862 0.0925354)
(0.112378 0.0381741 0.0950558)
(0.137243 0.039564 0.0952712)
(0.149637 0.0409721 0.0927033)
(0.137083 0.0518649 0.0925)
(0.124984 0.0116653 0.097527)
(0.112443 0.0248968 0.0976072)
(0.137438 0.0250535 0.0978393)
(0.149987 0.0116957 0.0975844)
(0.12485 0.0384867 0.0976786)
(0.112572 0.0487821 0.0975002)
(0.149945 0.0379411 0.098476)
(0.1375 0.0485 0.0993751)
(0.187407 0.0254986 0.0926863)
(0.187488 0.0115352 0.0950814)
(0.174704 0.0409225 0.0929796)
(0.162407 0.0384203 0.0968045)
(0.187371 0.0391568 0.0956213)
(0.199935 0.0379373 0.0926587)
(0.184695 0.0559791 0.0925)
(0.174993 0.0116715 0.0976083)
(0.162464 0.0249233 0.0981176)
(0.187478 0.0247801 0.0979063)
(0.199998 0.0116109 0.0975419)
(0.174978 0.0376818 0.0987111)
(0.162414 0.048609 0.099375)
(0.199987 0.0374212 0.098168)
(0.18488 0.0523692 0.0993747)
(0.237511 0.0238691 0.09251)
(0.237503 0.0113415 0.0950038)
(0.225037 0.0361726 0.0925444)
(0.212519 0.036663 0.0952298)
(0.23753 0.0362767 0.0950311)
(0.250024 0.0363112 0.0925055)
(0.237548 0.0483329 0.0925094)
(0.225002 0.0115525 0.0975095)
(0.212502 0.0243283 0.0976194)
(0.237509 0.0241628 0.0975161)
(0.250002 0.0115669 0.0975011)
(0.225026 0.0365497 0.0976355)
(0.212515 0.0495942 0.0983234)
(0.250019 0.036582 0.0975095)
(0.23754 0.0486121 0.0975322)
(0.287503 0.024037 0.0925001)
(0.287502 0.0114159 0.095)
(0.27501 0.0365647 0.0925004)
(0.262515 0.0365217 0.0950025)
(0.287505 0.0366896 0.0950001)
(0.300002 0.0366628 0.0925)
(0.287506 0.0490918 0.0925)
(0.275002 0.0116009 0.0975001)
(0.262505 0.0242222 0.0975013)
(0.287502 0.0242818 0.0975001)
(0.300001 0.0116289 0.0975)
(0.275008 0.0367679 0.0975005)
(0.262518 0.048986 0.0975013)
(0.300001 0.0368424 0.0975)
(0.287505 0.0492016 0.0975001)
(0.337496 0.0240212 0.0925009)
(0.3375 0.0114598 0.0950003)
(0.324992 0.0365903 0.0925004)
(0.312497 0.0366998 0.0950001)
(0.337488 0.036563 0.0950022)
(0.349981 0.0363727 0.0925047)
(0.337483 0.0488649 0.0925007)
(0.325001 0.0116475 0.0975001)
(0.3125 0.0242978 0.0975001)
(0.337497 0.024272 0.0975011)
(0.35 0.0116596 0.0975009)
(0.324994 0.0367878 0.0975005)
(0.312496 0.0492054 0.0975)
(0.349985 0.0366334 0.0975084)
(0.337485 0.0490164 0.0975012)
(0.387487 0.0239001 0.0925327)
(0.387499 0.0114951 0.0950126)
(0.374965 0.036079 0.0925356)
(0.362476 0.0363292 0.0950265)
(0.387466 0.036229 0.0951821)
(0.399956 0.0359975 0.0925995)
(0.387436 0.0479652 0.0925595)
(0.374999 0.011677 0.0975067)
(0.362494 0.0242321 0.097513)
(0.387493 0.0242835 0.0975843)
(0.4 0.011719 0.0975197)
(0.374978 0.0365484 0.0976177)
(0.362469 0.0487035 0.0975298)
(0.399985 0.0368682 0.0979514)
(0.387485 0.0495048 0.0982834)
(0.437564 0.0256527 0.0927015)
(0.43751 0.0117937 0.0950874)
(0.425038 0.0378605 0.0926729)
(0.412478 0.0366019 0.0952976)
(0.437592 0.0391477 0.0956403)
(0.450191 0.0410606 0.0930164)
(0.440242 0.055912 0.0925)
(0.425003 0.0118133 0.0975451)
(0.412499 0.0244544 0.0976519)
(0.437515 0.024888 0.0979199)
(0.450006 0.0119087 0.0976187)
(0.425008 0.0374468 0.0981955)
(0.412489 0.0496719 0.098444)
(0.450013 0.037683 0.0987388)
(0.44012 0.0523692 0.0993747)
(0.487609 0.0263861 0.0928825)
(0.487515 0.0119316 0.0951632)
(0.47521 0.0411011 0.0931042)
(0.462545 0.0382689 0.0970818)
(0.487556 0.0383702 0.096862)
(0.500211 0.0407706 0.0927173)
(0.487772 0.053106 0.0925)
(0.475006 0.0119455 0.097641)
(0.462517 0.0249714 0.0982256)
(0.487522 0.0250461 0.0981639)
(0.500009 0.0119991 0.0975921)
(0.475013 0.0376777 0.0988226)
(0.462586 0.048609 0.099375)
(0.500031 0.0379266 0.0984995)
(0.4875 0.0485 0.0993751)
(0.537562 0.0254487 0.0925277)
(0.537512 0.011911 0.095016)
(0.525157 0.0397001 0.0925639)
(0.51265 0.0396479 0.0953169)
(0.537607 0.0389141 0.0950703)
(0.550068 0.0383406 0.0925082)
(0.537644 0.0503558 0.0925)
(0.525009 0.0120127 0.0975495)
(0.512533 0.0251815 0.097906)
(0.537537 0.0252054 0.097597)
(0.550006 0.011981 0.0975066)
(0.525033 0.037926 0.0982817)
(0.5125 0.0485 0.0993751)
(0.550049 0.0381059 0.0975295)
(0.537605 0.0499343 0.0975002)
(0.587455 0.0240453 0.09253)
(0.587493 0.0117099 0.0950187)
(0.574951 0.0367989 0.0925085)
(0.56251 0.0375583 0.0950085)
(0.587403 0.036228 0.0950728)
(0.599876 0.0359044 0.0925574)
(0.587363 0.0467011 0.0925)
(0.574997 0.0118926 0.0975074)
(0.562503 0.0247522 0.0975123)
(0.58747 0.0243433 0.097608)
(0.599997 0.0119204 0.0975616)
(0.574958 0.0369037 0.0975312)
(0.562507 0.0485884 0.0975002)
(0.599975 0.0371548 0.098316)
(0.587387 0.0471155 0.0975002)
(0.637759 0.0277647 0.0929327)
(0.637526 0.0121971 0.0953594)
(0.627824 0.0429449 0.0925)
(0.612472 0.0371201 0.0952493)
(0.638223 0.0368901 0.0987499)
(0.6505 0.0406869 0.0925)
(0.625009 0.0121152 0.0976905)
(0.612505 0.0248305 0.0980849)
(0.637517 0.0250984 0.0986526)
(0.650012 0.0121743 0.0977707)
(0.62762 0.0398692 0.0993747)
(0.611351 0.0475858 0.0993753)
(0.650086 0.036109 0.099375)
(0.687641 0.0263468 0.092525)
(0.687528 0.0122373 0.095028)
(0.675276 0.0388732 0.0925)
(0.662794 0.0390817 0.095)
(0.687665 0.0376234 0.095)
(0.700073 0.0366293 0.0925)
(0.675017 0.0122454 0.0976466)
(0.662537 0.0253192 0.0984392)
(0.687588 0.0258253 0.0976514)
(0.700009 0.0121623 0.0975113)
(0.675 0.036 0.0993751)
(0.700061 0.0366136 0.0975002)
(0.737519 0.0250711 0.092517)
(0.73752 0.0122134 0.0950835)
(0.724712 0.0341892 0.0925)
(0.712452 0.0354092 0.095)
(0.736148 0.0330598 0.0950002)
(0.724988 0.0119858 0.0975366)
(0.712469 0.0246026 0.0975189)
(0.737444 0.024402 0.0978941)
(0.750013 0.0124062 0.0980205)
(0.724701 0.0341975 0.0975002)
(0.787911 0.027126 0.0925)
(0.787648 0.0135935 0.0952869)
(0.775009 0.0124073 0.0983068)
(0.763251 0.0244943 0.0993746)
(0.7875 0.0235 0.0993751)
(0.80002 0.0125143 0.0980824)
(0.837226 0.0220148 0.0925)
(0.83745 0.0117365 0.0951681)
(0.824998 0.012267 0.0975267)
(0.812611 0.0244853 0.0975002)
(0.837215 0.0220276 0.0975003)
(0.849959 0.0118491 0.0980823)
(0.856586 0.0196341 0.0975025)
(0.192209 0.0569149 0.0950001)
(0.201149 0.0600858 0.0993753)
(0.23755 0.0590679 0.095)
(0.225073 0.0591757 0.0975002)
(0.250044 0.0593888 0.0975002)
(0.287505 0.0599546 0.095)
(0.275018 0.0598572 0.0975002)
(0.300005 0.0600157 0.0975002)
(0.337483 0.05969 0.095)
(0.324984 0.0598699 0.0975002)
(0.349965 0.0594747 0.0975002)
(0.387433 0.0587294 0.095)
(0.37495 0.0593852 0.0975002)
(0.4 0.061 0.0993751)
(0.432794 0.0566846 0.0950001)
(0.423851 0.0600858 0.0993753)
(0.0625032 0.000102357 0.00275957)
(0.0625019 8.35578e-05 0.0125)
(0.0625019 7.87524e-05 0.0225)
(0.0625019 7.87524e-05 0.0325)
(0.0625019 7.87524e-05 0.0425)
(0.0625019 7.87524e-05 0.0525)
(0.0625019 7.87524e-05 0.0625)
(0.0625019 7.87524e-05 0.0725)
(0.0625019 7.97652e-05 0.0825)
(0.0625019 0.00010262 0.0925)
(0.112503 0.000142234 0.00275957)
(0.112502 0.000141752 0.0125)
(0.112502 0.000141752 0.0225)
(0.112502 0.000141752 0.0325)
(0.112502 0.000141752 0.0425)
(0.112502 0.000141752 0.0525)
(0.112502 0.000141752 0.0625)
(0.112502 0.000141752 0.0725)
(0.112502 0.000141752 0.0825)
(0.112502 0.000141752 0.0925)
(0.162503 0.000204754 0.00275957)
(0.162502 0.000204752 0.0125)
(0.162502 0.000204752 0.0225)
(0.162502 0.000204752 0.0325)
(0.162502 0.000204752 0.0425)
(0.162502 0.000204752 0.0525)
(0.162502 0.000204752 0.0625)
(0.162502 0.000204752 0.0725)
(0.162502 0.000204752 0.0825)
(0.162502 0.000204766 0.0925)
(0.212503 0.000267754 0.00275957)
(0.212502 0.000267752 0.0125)
(0.212502 0.000267752 0.0225)
(0.212502 0.000267752 0.0325)
(0.212502 0.000267752 0.0425)
(0.212502 0.000267752 0.0525)
(0.212502 0.000267752 0.0625)
(0.212502 0.000267752 0.0725)
(0.212502 0.000267752 0.0825)
(0.212502 0.000267752 0.0925)
(0.262503 0.000330754 0.00275957)
(0.262502 0.000330752 0.0125)
(0.262502 0.000330752 0.0225)
(0.262502 0.000330752 0.0325)
(0.262502 0.000330752 0.0425)
(0.262502 0.000330752 0.0525)
(0.262502 0.000330752 0.0625)
(0.262502 0.000330752 0.0725)
(0.262502 0.000330752 0.0825)
(0.262502 0.000330752 0.0925)
(0.312503 0.000393754 0.00275957)
(0.312502 0.000393752 0.0125)
(0.312502 0.000393752 0.0225)
(0.312502 0.000393752 0.0325)
(0.312502 0.000393752 0.0425)
(0.312502 0.000393752 0.0525)
(0.312502 0.000393752 0.0625)
(0.312502 0.000393752 0.0725)
(0.312502 0.000393752 0.0825)
(0.312502 0.000393752 0.0925)
(0.362503 0.000456753 0.00275957)
(0.362501 0.000456752 0.0125)
(0.362501 0.000456752 0.0225)
(0.362501 0.000456752 0.0325)
(0.362501 0.000456752 0.0425)
(0.362501 0.000456752 0.0525)
(0.362501 0.000456752 0.0625)
(0.362501 0.000456752 0.0725)
(0.362501 0.000456752 0.0825)
(0.362501 0.000456752 0.0925)
(0.412503 0.000519753 0.00275957)
(0.412501 0.000519752 0.0125)
(0.412501 0.000519752 0.0225)
(0.412501 0.000519752 0.0325)
(0.412501 0.000519752 0.0425)
(0.412501 0.000519752 0.0525)
(0.412501 0.000519752 0.0625)
(0.412501 0.000519752 0.0725)
(0.412501 0.000519752 0.0825)
(0.412501 0.000519752 0.0925)
(0.462503 0.000582753 0.00275957)
(0.462501 0.000582752 0.0125)
(0.462501 0.000582752 0.0225)
(0.462501 0.000582752 0.0325)
(0.462501 0.000582752 0.0425)
(0.462501 0.000582752 0.0525)
(0.462501 0.000582752 0.0625)
(0.462501 0.000582752 0.0725)
(0.462501 0.000582752 0.0825)
(0.462501 0.000582762 0.0925)
(0.512502 0.000645753 0.00275957)
(0.512501 0.000645752 0.0125)
(0.512501 0.000645752 0.0225)
(0.512501 0.000645752 0.0325)
(0.512501 0.000645752 0.0425)
(0.512501 0.000645752 0.0525)
(0.512501 0.000645752 0.0625)
(0.512501 0.000645752 0.0725)
(0.512501 0.000645752 0.0825)
(0.512501 0.000645752 0.0925)
(0.562502 0.000708753 0.00275957)
(0.562501 0.000708751 0.0125)
(0.562501 0.000708751 0.0225)
(0.562501 0.000708751 0.0325)
(0.562501 0.000708751 0.0425)
(0.562501 0.000708751 0.0525)
(0.562501 0.000708751 0.0625)
(0.562501 0.000708751 0.0725)
(0.562501 0.000708751 0.0825)
(0.562501 0.000708751 0.0925)
(0.612502 0.000773325 0.00275957)
(0.612501 0.000771751 0.0125)
(0.612501 0.000771751 0.0225)
(0.612501 0.000771751 0.0325)
(0.612501 0.000771751 0.0425)
(0.612501 0.000771751 0.0525)
(0.612501 0.000771751 0.0625)
(0.612501 0.000771751 0.0725)
(0.612501 0.000771751 0.0825)
(0.612501 0.000771752 0.0925)
(0.662502 0.000834756 0.00275957)
(0.662501 0.000834751 0.0125)
(0.662501 0.000834751 0.0225)
(0.662501 0.000834751 0.0325)
(0.662501 0.000834751 0.0425)
(0.662501 0.000834751 0.0525)
(0.662501 0.000834751 0.0625)
(0.662501 0.000834751 0.0725)
(0.662501 0.000834751 0.0825)
(0.662501 0.000834848 0.0925)
(0.712502 0.000898245 0.00275957)
(0.712501 0.000897751 0.0125)
(0.712501 0.000897751 0.0225)
(0.712501 0.000897751 0.0325)
(0.712501 0.000897751 0.0425)
(0.712501 0.000897751 0.0525)
(0.712501 0.000897751 0.0625)
(0.712501 0.000897751 0.0725)
(0.712501 0.000897751 0.0825)
(0.712501 0.000897751 0.0925)
(0.762502 0.000965459 0.00276026)
(0.762501 0.000960751 0.0125)
(0.762501 0.000960751 0.0225)
(0.762501 0.000960751 0.0325)
(0.762501 0.000960751 0.0425)
(0.762501 0.000960751 0.0525)
(0.762501 0.000960751 0.0625)
(0.762501 0.000960751 0.0725)
(0.762501 0.000960751 0.0825)
(0.762501 0.000969829 0.0925)
(0.812502 0.00102375 0.00276035)
(0.812501 0.00102375 0.0125)
(0.812501 0.00102375 0.0225)
(0.812501 0.00102375 0.0325)
(0.812501 0.00102375 0.0425)
(0.812501 0.00102375 0.0525)
(0.812501 0.00102375 0.0625)
(0.812501 0.00102375 0.0725)
(0.812501 0.00102375 0.0825)
(0.812501 0.00102396 0.0925)
(0.855995 0.0062379 0)
(0.85651 0.0010792 0.0125)
(0.85651 0.0010792 0.0225)
(0.85651 0.0010792 0.0325)
(0.85651 0.0010792 0.0425)
(0.85651 0.0010792 0.0525)
(0.85651 0.0010792 0.0625)
(0.85651 0.0010792 0.0725)
(0.85651 0.0010792 0.0825)
(0.856509 0.00156628 0.0925)
(0.0390381 0.00339402 0.000426624)
(0.0388042 0.000580923 0.0075)
(0.0388046 0.000314369 0.0125)
(0.0388049 8.84816e-05 0.0175)
(0.0388049 4.88942e-05 0.0225)
(0.0388049 4.88942e-05 0.0275)
(0.0388049 4.88942e-05 0.0325)
(0.0388049 4.88942e-05 0.0375)
(0.0388049 4.88942e-05 0.0425)
(0.0388049 4.88942e-05 0.0475)
(0.0388049 4.88942e-05 0.0525)
(0.0388049 4.88942e-05 0.0575)
(0.0388049 4.88942e-05 0.0625)
(0.0388049 4.88942e-05 0.0675)
(0.0388049 4.88942e-05 0.0725)
(0.0388049 4.88942e-05 0.0775)
(0.0388049 9.21476e-05 0.0825)
(0.0388045 0.000345908 0.0875)
(0.0388041 0.000710053 0.0925)
(0.0387957 0.000666123 0.0975014)
(0.0875031 0.000112562 0.00275957)
(0.0875019 0.000110439 0.0075)
(0.0625019 8.88354e-05 0.0075)
(0.0875019 0.000110252 0.0125)
(0.0875019 0.000110252 0.0175)
(0.0625019 7.95401e-05 0.0175)
(0.0875019 0.000110252 0.0225)
(0.0875019 0.000110252 0.0275)
(0.0625019 7.87524e-05 0.0275)
(0.0875019 0.000110252 0.0325)
(0.0875019 0.000110252 0.0375)
(0.0625019 7.87524e-05 0.0375)
(0.0875019 0.000110252 0.0425)
(0.0875019 0.000110252 0.0475)
(0.0625019 7.87524e-05 0.0475)
(0.0875019 0.000110252 0.0525)
(0.0875019 0.000110252 0.0575)
(0.0625019 7.87524e-05 0.0575)
(0.0875019 0.000110252 0.0625)
(0.0875019 0.000110252 0.0675)
(0.0625019 7.87524e-05 0.0675)
(0.0875019 0.000110252 0.0725)
(0.0875019 0.000110252 0.0775)
(0.0625019 7.87524e-05 0.0775)
(0.0875019 0.000110252 0.0825)
(0.0875019 0.000110252 0.0875)
(0.0625019 8.63262e-05 0.0875)
(0.0875019 0.00011037 0.0925)
(0.0875017 0.000113066 0.0975002)
(0.0625017 0.000122082 0.0975002)
(0.137503 0.000173254 0.00275957)
(0.137502 0.000173252 0.0075)
(0.112502 0.000141778 0.0075)
(0.137502 0.000173252 0.0125)
(0.137502 0.000173252 0.0175)
(0.112502 0.000141752 0.0175)
(0.137502 0.000173252 0.0225)
(0.137502 0.000173252 0.0275)
(0.112502 0.000141752 0.0275)
(0.137502 0.000173252 0.0325)
(0.137502 0.000173252 0.0375)
(0.112502 0.000141752 0.0375)
(0.137502 0.000173252 0.0425)
(0.137502 0.000173252 0.0475)
(0.112502 0.000141752 0.0475)
(0.137502 0.000173252 0.0525)
(0.137502 0.000173252 0.0575)
(0.112502 0.000141752 0.0575)
(0.137502 0.000173252 0.0625)
(0.137502 0.000173252 0.0675)
(0.112502 0.000141752 0.0675)
(0.137502 0.000173252 0.0725)
(0.137502 0.000173252 0.0775)
(0.112502 0.000141752 0.0775)
(0.137502 0.000173252 0.0825)
(0.137502 0.000173252 0.0875)
(0.112502 0.000141752 0.0875)
(0.137502 0.000173252 0.0925)
(0.137502 0.000173326 0.0975002)
(0.112502 0.000141759 0.0975002)
(0.187503 0.000236254 0.00275957)
(0.187502 0.000236252 0.0075)
(0.162502 0.000204752 0.0075)
(0.187502 0.000236252 0.0125)
(0.187502 0.000236252 0.0175)
(0.162502 0.000204752 0.0175)
(0.187502 0.000236252 0.0225)
(0.187502 0.000236252 0.0275)
(0.162502 0.000204752 0.0275)
(0.187502 0.000236252 0.0325)
(0.187502 0.000236252 0.0375)
(0.162502 0.000204752 0.0375)
(0.187502 0.000236252 0.0425)
(0.187502 0.000236252 0.0475)
(0.162502 0.000204752 0.0475)
(0.187502 0.000236252 0.0525)
(0.187502 0.000236252 0.0575)
(0.162502 0.000204752 0.0575)
(0.187502 0.000236252 0.0625)
(0.187502 0.000236252 0.0675)
(0.162502 0.000204752 0.0675)
(0.187502 0.000236252 0.0725)
(0.187502 0.000236252 0.0775)
(0.162502 0.000204752 0.0775)
(0.187502 0.000236252 0.0825)
(0.187502 0.000236252 0.0875)
(0.162502 0.000204752 0.0875)
(0.187502 0.000236252 0.0925)
(0.187502 0.000236322 0.0975002)
(0.162502 0.000204835 0.0975002)
(0.237503 0.000299254 0.00275957)
(0.237502 0.000299252 0.0075)
(0.212502 0.000267752 0.0075)
(0.237502 0.000299252 0.0125)
(0.237502 0.000299252 0.0175)
(0.212502 0.000267752 0.0175)
(0.237502 0.000299252 0.0225)
(0.237502 0.000299252 0.0275)
(0.212502 0.000267752 0.0275)
(0.237502 0.000299252 0.0325)
(0.237502 0.000299252 0.0375)
(0.212502 0.000267752 0.0375)
(0.237502 0.000299252 0.0425)
(0.237502 0.000299252 0.0475)
(0.212502 0.000267752 0.0475)
(0.237502 0.000299252 0.0525)
(0.237502 0.000299252 0.0575)
(0.212502 0.000267752 0.0575)
(0.237502 0.000299252 0.0625)
(0.237502 0.000299252 0.0675)
(0.212502 0.000267752 0.0675)
(0.237502 0.000299252 0.0725)
(0.237502 0.000299252 0.0775)
(0.212502 0.000267752 0.0775)
(0.237502 0.000299252 0.0825)
(0.237502 0.000299252 0.0875)
(0.212502 0.000267752 0.0875)
(0.237502 0.000299252 0.0925)
(0.237502 0.000299252 0.0975002)
(0.212502 0.000267753 0.0975002)
(0.287503 0.000362254 0.00275957)
(0.287502 0.000362252 0.0075)
(0.262502 0.000330752 0.0075)
(0.287502 0.000362252 0.0125)
(0.287502 0.000362252 0.0175)
(0.262502 0.000330752 0.0175)
(0.287502 0.000362252 0.0225)
(0.287502 0.000362252 0.0275)
(0.262502 0.000330752 0.0275)
(0.287502 0.000362252 0.0325)
(0.287502 0.000362252 0.0375)
(0.262502 0.000330752 0.0375)
(0.287502 0.000362252 0.0425)
(0.287502 0.000362252 0.0475)
(0.262502 0.000330752 0.0475)
(0.287502 0.000362252 0.0525)
(0.287502 0.000362252 0.0575)
(0.262502 0.000330752 0.0575)
(0.287502 0.000362252 0.0625)
(0.287502 0.000362252 0.0675)
(0.262502 0.000330752 0.0675)
(0.287502 0.000362252 0.0725)
(0.287502 0.000362252 0.0775)
(0.262502 0.000330752 0.0775)
(0.287502 0.000362252 0.0825)
(0.287502 0.000362252 0.0875)
(0.262502 0.000330752 0.0875)
(0.287502 0.000362252 0.0925)
(0.287501 0.000362252 0.0975002)
(0.262501 0.000330752 0.0975002)
(0.337503 0.000425253 0.00275957)
(0.337501 0.000425252 0.0075)
(0.312502 0.000393752 0.0075)
(0.337501 0.000425252 0.0125)
(0.337501 0.000425252 0.0175)
(0.312502 0.000393752 0.0175)
(0.337501 0.000425252 0.0225)
(0.337501 0.000425252 0.0275)
(0.312502 0.000393752 0.0275)
(0.337501 0.000425252 0.0325)
(0.337501 0.000425252 0.0375)
(0.312502 0.000393752 0.0375)
(0.337501 0.000425252 0.0425)
(0.337501 0.000425252 0.0475)
(0.312502 0.000393752 0.0475)
(0.337501 0.000425252 0.0525)
(0.337501 0.000425252 0.0575)
(0.312502 0.000393752 0.0575)
(0.337501 0.000425252 0.0625)
(0.337501 0.000425252 0.0675)
(0.312502 0.000393752 0.0675)
(0.337501 0.000425252 0.0725)
(0.337501 0.000425252 0.0775)
(0.312502 0.000393752 0.0775)
(0.337501 0.000425252 0.0825)
(0.337501 0.000425252 0.0875)
(0.312502 0.000393752 0.0875)
(0.337501 0.000425252 0.0925)
(0.337501 0.000425252 0.0975002)
(0.312501 0.000393752 0.0975002)
(0.387503 0.000488253 0.00275957)
(0.387501 0.000488252 0.0075)
(0.362501 0.000456752 0.0075)
(0.387501 0.000488252 0.0125)
(0.387501 0.000488252 0.0175)
(0.362501 0.000456752 0.0175)
(0.387501 0.000488252 0.0225)
(0.387501 0.000488252 0.0275)
(0.362501 0.000456752 0.0275)
(0.387501 0.000488252 0.0325)
(0.387501 0.000488252 0.0375)
(0.362501 0.000456752 0.0375)
(0.387501 0.000488252 0.0425)
(0.387501 0.000488252 0.0475)
(0.362501 0.000456752 0.0475)
(0.387501 0.000488252 0.0525)
(0.387501 0.000488252 0.0575)
(0.362501 0.000456752 0.0575)
(0.387501 0.000488252 0.0625)
(0.387501 0.000488252 0.0675)
(0.362501 0.000456752 0.0675)
(0.387501 0.000488252 0.0725)
(0.387501 0.000488252 0.0775)
(0.362501 0.000456752 0.0775)
(0.387501 0.000488252 0.0825)
(0.387501 0.000488252 0.0875)
(0.362501 0.000456752 0.0875)
(0.387501 0.000488252 0.0925)
(0.387501 0.000488252 0.0975002)
(0.362501 0.000456752 0.0975002)
(0.437503 0.000551253 0.00275957)
(0.437501 0.000551252 0.0075)
(0.412501 0.000519752 0.0075)
(0.437501 0.000551252 0.0125)
(0.437501 0.000551252 0.0175)
(0.412501 0.000519752 0.0175)
(0.437501 0.000551252 0.0225)
(0.437501 0.000551252 0.0275)
(0.412501 0.000519752 0.0275)
(0.437501 0.000551252 0.0325)
(0.437501 0.000551252 0.0375)
(0.412501 0.000519752 0.0375)
(0.437501 0.000551252 0.0425)
(0.437501 0.000551252 0.0475)
(0.412501 0.000519752 0.0475)
(0.437501 0.000551252 0.0525)
(0.437501 0.000551252 0.0575)
(0.412501 0.000519752 0.0575)
(0.437501 0.000551252 0.0625)
(0.437501 0.000551252 0.0675)
(0.412501 0.000519752 0.0675)
(0.437501 0.000551252 0.0725)
(0.437501 0.000551252 0.0775)
(0.412501 0.000519752 0.0775)
(0.437501 0.000551252 0.0825)
(0.437501 0.000551252 0.0875)
(0.412501 0.000519752 0.0875)
(0.437501 0.000551252 0.0925)
(0.437501 0.000551304 0.0975002)
(0.412501 0.000519752 0.0975002)
(0.487503 0.000614253 0.00275957)
(0.487501 0.000614252 0.0075)
(0.462501 0.000582752 0.0075)
(0.487501 0.000614252 0.0125)
(0.487501 0.000614252 0.0175)
(0.462501 0.000582752 0.0175)
(0.487501 0.000614252 0.0225)
(0.487501 0.000614252 0.0275)
(0.462501 0.000582752 0.0275)
(0.487501 0.000614252 0.0325)
(0.487501 0.000614252 0.0375)
(0.462501 0.000582752 0.0375)
(0.487501 0.000614252 0.0425)
(0.487501 0.000614252 0.0475)
(0.462501 0.000582752 0.0475)
(0.487501 0.000614252 0.0525)
(0.487501 0.000614252 0.0575)
(0.462501 0.000582752 0.0575)
(0.487501 0.000614252 0.0625)
(0.487501 0.000614252 0.0675)
(0.462501 0.000582752 0.0675)
(0.487501 0.000614252 0.0725)
(0.487501 0.000614252 0.0775)
(0.462501 0.000582752 0.0775)
(0.487501 0.000614252 0.0825)
(0.487501 0.000614252 0.0875)
(0.462501 0.000582752 0.0875)
(0.487501 0.000614262 0.0925)
(0.487501 0.000614308 0.0975002)
(0.462501 0.000582811 0.0975002)
(0.537502 0.000677253 0.00275957)
(0.537501 0.000677252 0.0075)
(0.512501 0.000645752 0.0075)
(0.537501 0.000677252 0.0125)
(0.537501 0.000677252 0.0175)
(0.512501 0.000645752 0.0175)
(0.537501 0.000677252 0.0225)
(0.537501 0.000677252 0.0275)
(0.512501 0.000645752 0.0275)
(0.537501 0.000677252 0.0325)
(0.537501 0.000677252 0.0375)
(0.512501 0.000645752 0.0375)
(0.537501 0.000677252 0.0425)
(0.537501 0.000677252 0.0475)
(0.512501 0.000645752 0.0475)
(0.537501 0.000677252 0.0525)
(0.537501 0.000677252 0.0575)
(0.512501 0.000645752 0.0575)
(0.537501 0.000677252 0.0625)
(0.537501 0.000677252 0.0675)
(0.512501 0.000645752 0.0675)
(0.537501 0.000677252 0.0725)
(0.537501 0.000677252 0.0775)
(0.512501 0.000645752 0.0775)
(0.537501 0.000677252 0.0825)
(0.537501 0.000677252 0.0875)
(0.512501 0.000645752 0.0875)
(0.537501 0.000677252 0.0925)
(0.537501 0.000677253 0.0975002)
(0.512501 0.0006458 0.0975002)
(0.587502 0.000740292 0.00275957)
(0.587501 0.000740252 0.0075)
(0.562501 0.000708751 0.0075)
(0.587501 0.000740251 0.0125)
(0.587501 0.000740251 0.0175)
(0.562501 0.000708751 0.0175)
(0.587501 0.000740251 0.0225)
(0.587501 0.000740251 0.0275)
(0.562501 0.000708751 0.0275)
(0.587501 0.000740251 0.0325)
(0.587501 0.000740251 0.0375)
(0.562501 0.000708751 0.0375)
(0.587501 0.000740251 0.0425)
(0.587501 0.000740251 0.0475)
(0.562501 0.000708751 0.0475)
(0.587501 0.000740251 0.0525)
(0.587501 0.000740251 0.0575)
(0.562501 0.000708751 0.0575)
(0.587501 0.000740251 0.0625)
(0.587501 0.000740251 0.0675)
(0.562501 0.000708751 0.0675)
(0.587501 0.000740251 0.0725)
(0.587501 0.000740251 0.0775)
(0.562501 0.000708751 0.0775)
(0.587501 0.000740251 0.0825)
(0.587501 0.000740251 0.0875)
(0.562501 0.000708751 0.0875)
(0.587501 0.000740251 0.0925)
(0.587501 0.000740253 0.0975002)
(0.562501 0.000708751 0.0975002)
(0.637502 0.000803671 0.00275957)
(0.637501 0.000803271 0.0075)
(0.612501 0.000771847 0.0075)
(0.637501 0.000803251 0.0125)
(0.637501 0.000803251 0.0175)
(0.612501 0.000771751 0.0175)
(0.637501 0.000803251 0.0225)
(0.637501 0.000803251 0.0275)
(0.612501 0.000771751 0.0275)
(0.637501 0.000803251 0.0325)
(0.637501 0.000803251 0.0375)
(0.612501 0.000771751 0.0375)
(0.637501 0.000803251 0.0425)
(0.637501 0.000803251 0.0475)
(0.612501 0.000771751 0.0475)
(0.637501 0.000803251 0.0525)
(0.637501 0.000803251 0.0575)
(0.612501 0.000771751 0.0575)
(0.637501 0.000803251 0.0625)
(0.637501 0.000803251 0.0675)
(0.612501 0.000771751 0.0675)
(0.637501 0.000803251 0.0725)
(0.637501 0.000803251 0.0775)
(0.612501 0.000771751 0.0775)
(0.637501 0.000803251 0.0825)
(0.637501 0.000803251 0.0875)
(0.612501 0.000771751 0.0875)
(0.637501 0.000803734 0.0925)
(0.637501 0.000804977 0.0975002)
(0.612501 0.000771913 0.0975002)
(0.687502 0.000866253 0.00275957)
(0.687501 0.000866251 0.0075)
(0.662501 0.000834751 0.0075)
(0.687501 0.000866251 0.0125)
(0.687501 0.000866251 0.0175)
(0.662501 0.000834751 0.0175)
(0.687501 0.000866251 0.0225)
(0.687501 0.000866251 0.0275)
(0.662501 0.000834751 0.0275)
(0.687501 0.000866251 0.0325)
(0.687501 0.000866251 0.0375)
(0.662501 0.000834751 0.0375)
(0.687501 0.000866251 0.0425)
(0.687501 0.000866251 0.0475)
(0.662501 0.000834751 0.0475)
(0.687501 0.000866251 0.0525)
(0.687501 0.000866251 0.0575)
(0.662501 0.000834751 0.0575)
(0.687501 0.000866251 0.0625)
(0.687501 0.000866251 0.0675)
(0.662501 0.000834751 0.0675)
(0.687501 0.000866251 0.0725)
(0.687501 0.000866251 0.0775)
(0.662501 0.000834751 0.0775)
(0.687501 0.000866251 0.0825)
(0.687501 0.000866251 0.0875)
(0.662501 0.000834751 0.0875)
(0.687501 0.000866253 0.0925)
(0.687501 0.000866396 0.0975002)
(0.662501 0.000836187 0.0975002)
(0.737502 0.000945285 0.00275967)
(0.737501 0.000930411 0.0075)
(0.712501 0.00089777 0.0075)
(0.737501 0.000929251 0.0125)
(0.737501 0.000929251 0.0175)
(0.712501 0.000897751 0.0175)
(0.737501 0.000929251 0.0225)
(0.737501 0.000929251 0.0275)
(0.712501 0.000897751 0.0275)
(0.737501 0.000929251 0.0325)
(0.737501 0.000929251 0.0375)
(0.712501 0.000897751 0.0375)
(0.737501 0.000929251 0.0425)
(0.737501 0.000929251 0.0475)
(0.712501 0.000897751 0.0475)
(0.737501 0.000929251 0.0525)
(0.737501 0.000929251 0.0575)
(0.712501 0.000897751 0.0575)
(0.737501 0.000929251 0.0625)
(0.737501 0.000929251 0.0675)
(0.712501 0.000897751 0.0675)
(0.737501 0.000929251 0.0725)
(0.737501 0.000929251 0.0775)
(0.712501 0.000897751 0.0775)
(0.737501 0.000929251 0.0825)
(0.737501 0.000929251 0.0875)
(0.712501 0.000897751 0.0875)
(0.737501 0.000929463 0.0925)
(0.737501 0.000932693 0.0975002)
(0.712501 0.000897754 0.0975002)
(0.787502 0.000992301 0.00276035)
(0.787501 0.000992253 0.0075)
(0.762501 0.000961024 0.0075)
(0.787501 0.000992251 0.0125)
(0.787501 0.000992251 0.0175)
(0.762501 0.000960751 0.0175)
(0.787501 0.000992251 0.0225)
(0.787501 0.000992251 0.0275)
(0.762501 0.000960751 0.0275)
(0.787501 0.000992251 0.0325)
(0.787501 0.000992251 0.0375)
(0.762501 0.000960751 0.0375)
(0.787501 0.000992251 0.0425)
(0.787501 0.000992251 0.0475)
(0.762501 0.000960751 0.0475)
(0.787501 0.000992251 0.0525)
(0.787501 0.000992251 0.0575)
(0.762501 0.000960751 0.0575)
(0.787501 0.000992251 0.0625)
(0.787501 0.000992251 0.0675)
(0.762501 0.000960751 0.0675)
(0.787501 0.000992251 0.0725)
(0.787501 0.000992251 0.0775)
(0.762501 0.000960751 0.0775)
(0.787501 0.000992251 0.0825)
(0.787501 0.000992262 0.0875)
(0.762501 0.000960936 0.0875)
(0.787501 0.000995302 0.0925)
(0.787501 0.00101167 0.0975002)
(0.762501 0.000983946 0.0975002)
(0.837341 0.00105505 0.00276456)
(0.837373 0.00105509 0.0075)
(0.812501 0.00102375 0.0075)
(0.837373 0.00105509 0.0125)
(0.837373 0.00105509 0.0175)
(0.812501 0.00102375 0.0175)
(0.837373 0.00105509 0.0225)
(0.837373 0.00105509 0.0275)
(0.812501 0.00102375 0.0275)
(0.837373 0.00105509 0.0325)
(0.837373 0.00105509 0.0375)
(0.812501 0.00102375 0.0375)
(0.837373 0.00105509 0.0425)
(0.837373 0.00105509 0.0475)
(0.812501 0.00102375 0.0475)
(0.837373 0.00105509 0.0525)
(0.837373 0.00105509 0.0575)
(0.812501 0.00102375 0.0575)
(0.837373 0.00105509 0.0625)
(0.837373 0.00105509 0.0675)
(0.812501 0.00102375 0.0675)
(0.837373 0.00105509 0.0725)
(0.837373 0.00105509 0.0775)
(0.812501 0.00102375 0.0775)
(0.837373 0.00105509 0.0825)
(0.837373 0.00105509 0.0875)
(0.812501 0.00102375 0.0875)
(0.837373 0.00105823 0.0925)
(0.837373 0.00107418 0.0975003)
(0.812501 0.00102676 0.0975002)
(0.85651 0.0010792 0.0075)
(0.85651 0.0010792 0.0175)
(0.85651 0.0010792 0.0275)
(0.85651 0.0010792 0.0375)
(0.85651 0.0010792 0.0475)
(0.85651 0.0010792 0.0575)
(0.85651 0.0010792 0.0675)
(0.85651 0.0010792 0.0775)
(0.85651 0.00110011 0.0875)
(0.856547 0.00570157 0.0993756)
(0.0625187 0.0136696 9.90429e-06)
(0.112501 0.0137973 1.1798e-06)
(0.1625 0.0137978 1.83434e-08)
(0.2125 0.0137978 1.1125e-07)
(0.212632 0.0565525 5.20032e-05)
(0.2625 0.0137978 0)
(0.2625 0.0566153 0)
(0.3125 0.0137978 0)
(0.3125 0.0566153 0)
(0.3625 0.0137978 0)
(0.3625 0.0566153 0)
(0.4125 0.0137978 1.1125e-07)
(0.412404 0.0574914 0.00118385)
(0.4625 0.0137978 1.8338e-08)
(0.5125 0.0137978 0)
(0.5625 0.0137978 0)
(0.612494 0.0137889 4.67569e-06)
(0.6625 0.0136702 2.21764e-08)
(0.7125 0.0136702 1.10064e-06)
(0.762371 0.0128493 1.52148e-05)
(0.8125 0.0125 0)
(0.855677 0.0125 0)
(0.0392191 0.0134122 0.000193707)
(0.0626318 0.0316368 4.10711e-05)
(0.0882501 0.0357498 0.000459834)
(0.0875176 0.013758 5.83353e-06)
(0.11256 0.0361687 2.71844e-05)
(0.1375 0.0362022 5.29233e-08)
(0.1375 0.0137978 0)
(0.162515 0.0362408 1.88241e-06)
(0.187638 0.0370912 3.8772e-05)
(0.1875 0.0137978 5.00869e-07)
(0.193687 0.0550486 0.000635531)
(0.212513 0.0373631 5.11887e-06)
(0.2375 0.0373723 2.49805e-09)
(0.2375 0.0137978 0)
(0.2375 0.0566153 4.27117e-08)
(0.2625 0.0373723 0)
(0.2875 0.0373723 0)
(0.2875 0.0137978 0)
(0.2875 0.0566153 0)
(0.3125 0.0373723 0)
(0.3375 0.0373723 0)
(0.3375 0.0137978 0)
(0.3375 0.0566153 0)
(0.3625 0.0373723 0)
(0.3875 0.0373723 2.49805e-09)
(0.3875 0.0137978 0)
(0.3875 0.0566153 4.27117e-08)
(0.412487 0.0373631 5.11887e-06)
(0.437362 0.0370912 3.8772e-05)
(0.4375 0.0137978 5.00869e-07)
(0.431313 0.0550486 0.000635531)
(0.462485 0.0362408 1.88181e-06)
(0.4875 0.0362022 0)
(0.4875 0.0137978 0)
(0.5125 0.0362022 0)
(0.5375 0.0362022 0)
(0.5375 0.0137978 0)
(0.5625 0.0362022 0)
(0.5875 0.0362022 3.6913e-06)
(0.5875 0.0137978 1.56554e-07)
(0.612055 0.0359676 0.00015153)
(0.637482 0.0137107 1.63705e-06)
(0.6875 0.0136702 0)
(0.7125 0.0316153 7.45202e-06)
(0.736267 0.0310928 0.00024278)
(0.73744 0.0136194 3.53763e-05)
(0.7875 0.0125 1.92649e-07)
(0.837328 0.0125 0)
(0.0624464 0.0123366 0.1)
(0.11249 0.012251 0.1)
(0.162495 0.012257 0.1)
(0.2125 0.0121766 0.1)
(0.212629 0.0612614 0.1)
(0.262501 0.0121662 0.1)
(0.2625 0.0613687 0.1)
(0.3125 0.0121893 0.1)
(0.3125 0.0613687 0.1)
(0.362499 0.0121913 0.1)
(0.3625 0.0613687 0.1)
(0.4125 0.0122428 0.1)
(0.412371 0.0612614 0.1)
(0.462503 0.0123292 0.1)
(0.512505 0.0123706 0.1)
(0.562501 0.0123203 0.1)
(0.612501 0.0123435 0.1)
(0.662507 0.0124398 0.1)
(0.712498 0.0123575 0.1)
(0.762502 0.0124755 0.1)
(0.812508 0.0125292 0.1)
(0.859255 0.0125 0.1)
(0.0374145 0.0124728 0.1)
(0.0874818 0.0122916 0.1)
(0.0844779 0.0402861 0.1)
(0.0625374 0.0363748 0.1)
(0.137491 0.0122688 0.1)
(0.137477 0.0376328 0.1)
(0.112477 0.037597 0.1)
(0.187497 0.012232 0.1)
(0.187493 0.0375159 0.1)
(0.162489 0.0375594 0.1)
(0.237502 0.0121538 0.1)
(0.237514 0.0368991 0.1)
(0.212506 0.0371627 0.1)
(0.2375 0.0613687 0.1)
(0.287501 0.0121812 0.1)
(0.287503 0.0370622 0.1)
(0.262508 0.0369836 0.1)
(0.2875 0.0613687 0.1)
(0.3375 0.0121906 0.1)
(0.337494 0.0370068 0.1)
(0.312499 0.0370684 0.1)
(0.3375 0.0613687 0.1)
(0.387499 0.0122069 0.1)
(0.387491 0.037065 0.1)
(0.362489 0.0369292 0.1)
(0.3875 0.0613687 0.1)
(0.437502 0.0123037 0.1)
(0.437505 0.0375286 0.1)
(0.412496 0.0372525 0.1)
(0.487504 0.0123484 0.1)
(0.487506 0.037567 0.1)
(0.462504 0.0375401 0.1)
(0.537505 0.0123722 0.1)
(0.53752 0.0377418 0.1)
(0.512511 0.0376259 0.1)
(0.587497 0.0122793 0.1)
(0.587481 0.0372297 0.1)
(0.562501 0.0374803 0.1)
(0.637504 0.0124035 0.1)
(0.638303 0.0373957 0.1)
(0.612498 0.0374519 0.1)
(0.687508 0.0124546 0.1)
(0.6875 0.0363687 0.1)
(0.6625 0.0363687 0.1)
(0.737497 0.012373 0.1)
(0.736323 0.035412 0.1)
(0.7125 0.0363687 0.1)
(0.787504 0.0125007 0.1)
(0.837491 0.0123696 0.1)
)


// ************************************************************************* //
