/*--------------------------------*- C++ -*----------------------------------*\
  =========                 |
  \\      /  F ield         | OpenFOAM: The Open Source CFD Toolbox
   \\    /   O peration     | Website:  https://openfoam.org
    \\  /    A nd           | Version:  dev
     \\/     M anipulation  |
\*---------------------------------------------------------------------------*/
FoamFile
{
    format      ascii;
    class       labelList;
    note        "nPoints: 46431 nCells: 40000 nFaces: 126200 nInternalFaces: 113800";
    location    "constant/polyMesh";
    object      neighbour;
}
// * * * * * * * * * * * * * * * * * * * * * * * * * * * * * * * * * * * * * //


113800
(
1
200
4000
2
201
4001
3
202
4002
4
203
4003
5
204
4004
6
205
4005
7
206
4006
8
207
4007
9
208
4008
10
209
4009
11
210
4010
12
211
4011
13
212
4012
14
213
4013
15
214
4014
16
215
4015
17
216
4016
18
217
4017
19
218
4018
20
219
4019
21
220
4020
22
221
4021
23
222
4022
24
223
4023
25
224
4024
26
225
4025
27
226
4026
28
227
4027
29
228
4028
30
229
4029
31
230
4030
32
231
4031
33
232
4032
34
233
4033
35
234
4034
36
235
4035
37
236
4036
38
237
4037
39
238
4038
40
239
4039
41
240
4040
42
241
4041
43
242
4042
44
243
4043
45
244
4044
46
245
4045
47
246
4046
48
247
4047
49
248
4048
50
249
4049
51
250
4050
52
251
4051
53
252
4052
54
253
4053
55
254
4054
56
255
4055
57
256
4056
58
257
4057
59
258
4058
60
259
4059
61
260
4060
62
261
4061
63
262
4062
64
263
4063
65
264
4064
66
265
4065
67
266
4066
68
267
4067
69
268
4068
70
269
4069
71
270
4070
72
271
4071
73
272
4072
74
273
4073
75
274
4074
76
275
4075
77
276
4076
78
277
4077
79
278
4078
80
279
4079
81
280
4080
82
281
4081
83
282
4082
84
283
4083
85
284
4084
86
285
4085
87
286
4086
88
287
4087
89
288
4088
90
289
4089
91
290
4090
92
291
4091
93
292
4092
94
293
4093
95
294
4094
96
295
4095
97
296
4096
98
297
4097
99
298
4098
100
299
4099
101
300
4100
102
301
4101
103
302
4102
104
303
4103
105
304
4104
106
305
4105
107
306
4106
108
307
4107
109
308
4108
110
309
4109
111
310
4110
112
311
4111
113
312
4112
114
313
4113
115
314
4114
116
315
4115
117
316
4116
118
317
4117
119
318
4118
120
319
4119
121
320
4120
122
321
4121
123
322
4122
124
323
4123
125
324
4124
126
325
4125
127
326
4126
128
327
4127
129
328
4128
130
329
4129
131
330
4130
132
331
4131
133
332
4132
134
333
4133
135
334
4134
136
335
4135
137
336
4136
138
337
4137
139
338
4138
140
339
4139
141
340
4140
142
341
4141
143
342
4142
144
343
4143
145
344
4144
146
345
4145
147
346
4146
148
347
4147
149
348
4148
150
349
4149
151
350
4150
152
351
4151
153
352
4152
154
353
4153
155
354
4154
156
355
4155
157
356
4156
158
357
4157
159
358
4158
160
359
4159
161
360
4160
162
361
4161
163
362
4162
164
363
4163
165
364
4164
166
365
4165
167
366
4166
168
367
4167
169
368
4168
170
369
4169
171
370
4170
172
371
4171
173
372
4172
174
373
4173
175
374
4174
176
375
4175
177
376
4176
178
377
4177
179
378
4178
180
379
4179
181
380
4180
182
381
4181
183
382
4182
184
383
4183
185
384
4184
186
385
4185
187
386
4186
188
387
4187
189
388
4188
190
389
4189
191
390
4190
192
391
4191
193
392
4192
194
393
4193
195
394
4194
196
395
4195
197
396
4196
198
397
4197
199
398
4198
399
4199
201
400
4200
202
401
4201
203
402
4202
204
403
4203
205
404
4204
206
405
4205
207
406
4206
208
407
4207
209
408
4208
210
409
4209
211
410
4210
212
411
4211
213
412
4212
214
413
4213
215
414
4214
216
415
4215
217
416
4216
218
417
4217
219
418
4218
220
419
4219
221
420
4220
222
421
4221
223
422
4222
224
423
4223
225
424
4224
226
425
4225
227
426
4226
228
427
4227
229
428
4228
230
429
4229
231
430
4230
232
431
4231
233
432
4232
234
433
4233
235
434
4234
236
435
4235
237
436
4236
238
437
4237
239
438
4238
240
439
4239
241
440
4240
242
441
4241
243
442
4242
244
443
4243
245
444
4244
246
445
4245
247
446
4246
248
447
4247
249
448
4248
250
449
4249
251
450
4250
252
451
4251
253
452
4252
254
453
4253
255
454
4254
256
455
4255
257
456
4256
258
457
4257
259
458
4258
260
459
4259
261
460
4260
262
461
4261
263
462
4262
264
463
4263
265
464
4264
266
465
4265
267
466
4266
268
467
4267
269
468
4268
270
469
4269
271
470
4270
272
471
4271
273
472
4272
274
473
4273
275
474
4274
276
475
4275
277
476
4276
278
477
4277
279
478
4278
280
479
4279
281
480
4280
282
481
4281
283
482
4282
284
483
4283
285
484
4284
286
485
4285
287
486
4286
288
487
4287
289
488
4288
290
489
4289
291
490
4290
292
491
4291
293
492
4292
294
493
4293
295
494
4294
296
495
4295
297
496
4296
298
497
4297
299
498
4298
300
499
4299
301
500
4300
302
501
4301
303
502
4302
304
503
4303
305
504
4304
306
505
4305
307
506
4306
308
507
4307
309
508
4308
310
509
4309
311
510
4310
312
511
4311
313
512
4312
314
513
4313
315
514
4314
316
515
4315
317
516
4316
318
517
4317
319
518
4318
320
519
4319
321
520
4320
322
521
4321
323
522
4322
324
523
4323
325
524
4324
326
525
4325
327
526
4326
328
527
4327
329
528
4328
330
529
4329
331
530
4330
332
531
4331
333
532
4332
334
533
4333
335
534
4334
336
535
4335
337
536
4336
338
537
4337
339
538
4338
340
539
4339
341
540
4340
342
541
4341
343
542
4342
344
543
4343
345
544
4344
346
545
4345
347
546
4346
348
547
4347
349
548
4348
350
549
4349
351
550
4350
352
551
4351
353
552
4352
354
553
4353
355
554
4354
356
555
4355
357
556
4356
358
557
4357
359
558
4358
360
559
4359
361
560
4360
362
561
4361
363
562
4362
364
563
4363
365
564
4364
366
565
4365
367
566
4366
368
567
4367
369
568
4368
370
569
4369
371
570
4370
372
571
4371
373
572
4372
374
573
4373
375
574
4374
376
575
4375
377
576
4376
378
577
4377
379
578
4378
380
579
4379
381
580
4380
382
581
4381
383
582
4382
384
583
4383
385
584
4384
386
585
4385
387
586
4386
388
587
4387
389
588
4388
390
589
4389
391
590
4390
392
591
4391
393
592
4392
394
593
4393
395
594
4394
396
595
4395
397
596
4396
398
597
4397
399
598
4398
599
4399
401
600
4400
402
601
4401
403
602
4402
404
603
4403
405
604
4404
406
605
4405
407
606
4406
408
607
4407
409
608
4408
410
609
4409
411
610
4410
412
611
4411
413
612
4412
414
613
4413
415
614
4414
416
615
4415
417
616
4416
418
617
4417
419
618
4418
420
619
4419
421
620
4420
422
621
4421
423
622
4422
424
623
4423
425
624
4424
426
625
4425
427
626
4426
428
627
4427
429
628
4428
430
629
4429
431
630
4430
432
631
4431
433
632
4432
434
633
4433
435
634
4434
436
635
4435
437
636
4436
438
637
4437
439
638
4438
440
639
4439
441
640
4440
442
641
4441
443
642
4442
444
643
4443
445
644
4444
446
645
4445
447
646
4446
448
647
4447
449
648
4448
450
649
4449
451
650
4450
452
651
4451
453
652
4452
454
653
4453
455
654
4454
456
655
4455
457
656
4456
458
657
4457
459
658
4458
460
659
4459
461
660
4460
462
661
4461
463
662
4462
464
663
4463
465
664
4464
466
665
4465
467
666
4466
468
667
4467
469
668
4468
470
669
4469
471
670
4470
472
671
4471
473
672
4472
474
673
4473
475
674
4474
476
675
4475
477
676
4476
478
677
4477
479
678
4478
480
679
4479
481
680
4480
482
681
4481
483
682
4482
484
683
4483
485
684
4484
486
685
4485
487
686
4486
488
687
4487
489
688
4488
490
689
4489
491
690
4490
492
691
4491
493
692
4492
494
693
4493
495
694
4494
496
695
4495
497
696
4496
498
697
4497
499
698
4498
500
699
4499
501
700
4500
502
701
4501
503
702
4502
504
703
4503
505
704
4504
506
705
4505
507
706
4506
508
707
4507
509
708
4508
510
709
4509
511
710
4510
512
711
4511
513
712
4512
514
713
4513
515
714
4514
516
715
4515
517
716
4516
518
717
4517
519
718
4518
520
719
4519
521
720
4520
522
721
4521
523
722
4522
524
723
4523
525
724
4524
526
725
4525
527
726
4526
528
727
4527
529
728
4528
530
729
4529
531
730
4530
532
731
4531
533
732
4532
534
733
4533
535
734
4534
536
735
4535
537
736
4536
538
737
4537
539
738
4538
540
739
4539
541
740
4540
542
741
4541
543
742
4542
544
743
4543
545
744
4544
546
745
4545
547
746
4546
548
747
4547
549
748
4548
550
749
4549
551
750
4550
552
751
4551
553
752
4552
554
753
4553
555
754
4554
556
755
4555
557
756
4556
558
757
4557
559
758
4558
560
759
4559
561
760
4560
562
761
4561
563
762
4562
564
763
4563
565
764
4564
566
765
4565
567
766
4566
568
767
4567
569
768
4568
570
769
4569
571
770
4570
572
771
4571
573
772
4572
574
773
4573
575
774
4574
576
775
4575
577
776
4576
578
777
4577
579
778
4578
580
779
4579
581
780
4580
582
781
4581
583
782
4582
584
783
4583
585
784
4584
586
785
4585
587
786
4586
588
787
4587
589
788
4588
590
789
4589
591
790
4590
592
791
4591
593
792
4592
594
793
4593
595
794
4594
596
795
4595
597
796
4596
598
797
4597
599
798
4598
799
4599
601
800
4600
602
801
4601
603
802
4602
604
803
4603
605
804
4604
606
805
4605
607
806
4606
608
807
4607
609
808
4608
610
809
4609
611
810
4610
612
811
4611
613
812
4612
614
813
4613
615
814
4614
616
815
4615
617
816
4616
618
817
4617
619
818
4618
620
819
4619
621
820
4620
622
821
4621
623
822
4622
624
823
4623
625
824
4624
626
825
4625
627
826
4626
628
827
4627
629
828
4628
630
829
4629
631
830
4630
632
831
4631
633
832
4632
634
833
4633
635
834
4634
636
835
4635
637
836
4636
638
837
4637
639
838
4638
640
839
4639
641
840
4640
642
841
4641
643
842
4642
644
843
4643
645
844
4644
646
845
4645
647
846
4646
648
847
4647
649
848
4648
650
849
4649
651
850
4650
652
851
4651
653
852
4652
654
853
4653
655
854
4654
656
855
4655
657
856
4656
658
857
4657
659
858
4658
660
859
4659
661
860
4660
662
861
4661
663
862
4662
664
863
4663
665
864
4664
666
865
4665
667
866
4666
668
867
4667
669
868
4668
670
869
4669
671
870
4670
672
871
4671
673
872
4672
674
873
4673
675
874
4674
676
875
4675
677
876
4676
678
877
4677
679
878
4678
680
879
4679
681
880
4680
682
881
4681
683
882
4682
684
883
4683
685
884
4684
686
885
4685
687
886
4686
688
887
4687
689
888
4688
690
889
4689
691
890
4690
692
891
4691
693
892
4692
694
893
4693
695
894
4694
696
895
4695
697
896
4696
698
897
4697
699
898
4698
700
899
4699
701
900
4700
702
901
4701
703
902
4702
704
903
4703
705
904
4704
706
905
4705
707
906
4706
708
907
4707
709
908
4708
710
909
4709
711
910
4710
712
911
4711
713
912
4712
714
913
4713
715
914
4714
716
915
4715
717
916
4716
718
917
4717
719
918
4718
720
919
4719
721
920
4720
722
921
4721
723
922
4722
724
923
4723
725
924
4724
726
925
4725
727
926
4726
728
927
4727
729
928
4728
730
929
4729
731
930
4730
732
931
4731
733
932
4732
734
933
4733
735
934
4734
736
935
4735
737
936
4736
738
937
4737
739
938
4738
740
939
4739
741
940
4740
742
941
4741
743
942
4742
744
943
4743
745
944
4744
746
945
4745
747
946
4746
748
947
4747
749
948
4748
750
949
4749
751
950
4750
752
951
4751
753
952
4752
754
953
4753
755
954
4754
756
955
4755
757
956
4756
758
957
4757
759
958
4758
760
959
4759
761
960
4760
762
961
4761
763
962
4762
764
963
4763
765
964
4764
766
965
4765
767
966
4766
768
967
4767
769
968
4768
770
969
4769
771
970
4770
772
971
4771
773
972
4772
774
973
4773
775
974
4774
776
975
4775
777
976
4776
778
977
4777
779
978
4778
780
979
4779
781
980
4780
782
981
4781
783
982
4782
784
983
4783
785
984
4784
786
985
4785
787
986
4786
788
987
4787
789
988
4788
790
989
4789
791
990
4790
792
991
4791
793
992
4792
794
993
4793
795
994
4794
796
995
4795
797
996
4796
798
997
4797
799
998
4798
999
4799
801
1000
4800
802
1001
4801
803
1002
4802
804
1003
4803
805
1004
4804
806
1005
4805
807
1006
4806
808
1007
4807
809
1008
4808
810
1009
4809
811
1010
4810
812
1011
4811
813
1012
4812
814
1013
4813
815
1014
4814
816
1015
4815
817
1016
4816
818
1017
4817
819
1018
4818
820
1019
4819
821
1020
4820
822
1021
4821
823
1022
4822
824
1023
4823
825
1024
4824
826
1025
4825
827
1026
4826
828
1027
4827
829
1028
4828
830
1029
4829
831
1030
4830
832
1031
4831
833
1032
4832
834
1033
4833
835
1034
4834
836
1035
4835
837
1036
4836
838
1037
4837
839
1038
4838
840
1039
4839
841
1040
4840
842
1041
4841
843
1042
4842
844
1043
4843
845
1044
4844
846
1045
4845
847
1046
4846
848
1047
4847
849
1048
4848
850
1049
4849
851
1050
4850
852
1051
4851
853
1052
4852
854
1053
4853
855
1054
4854
856
1055
4855
857
1056
4856
858
1057
4857
859
1058
4858
860
1059
4859
861
1060
4860
862
1061
4861
863
1062
4862
864
1063
4863
865
1064
4864
866
1065
4865
867
1066
4866
868
1067
4867
869
1068
4868
870
1069
4869
871
1070
4870
872
1071
4871
873
1072
4872
874
1073
4873
875
1074
4874
876
1075
4875
877
1076
4876
878
1077
4877
879
1078
4878
880
1079
4879
881
1080
4880
882
1081
4881
883
1082
4882
884
1083
4883
885
1084
4884
886
1085
4885
887
1086
4886
888
1087
4887
889
1088
4888
890
1089
4889
891
1090
4890
892
1091
4891
893
1092
4892
894
1093
4893
895
1094
4894
896
1095
4895
897
1096
4896
898
1097
4897
899
1098
4898
900
1099
4899
901
1100
4900
902
1101
4901
903
1102
4902
904
1103
4903
905
1104
4904
906
1105
4905
907
1106
4906
908
1107
4907
909
1108
4908
910
1109
4909
911
1110
4910
912
1111
4911
913
1112
4912
914
1113
4913
915
1114
4914
916
1115
4915
917
1116
4916
918
1117
4917
919
1118
4918
920
1119
4919
921
1120
4920
922
1121
4921
923
1122
4922
924
1123
4923
925
1124
4924
926
1125
4925
927
1126
4926
928
1127
4927
929
1128
4928
930
1129
4929
931
1130
4930
932
1131
4931
933
1132
4932
934
1133
4933
935
1134
4934
936
1135
4935
937
1136
4936
938
1137
4937
939
1138
4938
940
1139
4939
941
1140
4940
942
1141
4941
943
1142
4942
944
1143
4943
945
1144
4944
946
1145
4945
947
1146
4946
948
1147
4947
949
1148
4948
950
1149
4949
951
1150
4950
952
1151
4951
953
1152
4952
954
1153
4953
955
1154
4954
956
1155
4955
957
1156
4956
958
1157
4957
959
1158
4958
960
1159
4959
961
1160
4960
962
1161
4961
963
1162
4962
964
1163
4963
965
1164
4964
966
1165
4965
967
1166
4966
968
1167
4967
969
1168
4968
970
1169
4969
971
1170
4970
972
1171
4971
973
1172
4972
974
1173
4973
975
1174
4974
976
1175
4975
977
1176
4976
978
1177
4977
979
1178
4978
980
1179
4979
981
1180
4980
982
1181
4981
983
1182
4982
984
1183
4983
985
1184
4984
986
1185
4985
987
1186
4986
988
1187
4987
989
1188
4988
990
1189
4989
991
1190
4990
992
1191
4991
993
1192
4992
994
1193
4993
995
1194
4994
996
1195
4995
997
1196
4996
998
1197
4997
999
1198
4998
1199
4999
1001
1200
5000
1002
1201
5001
1003
1202
5002
1004
1203
5003
1005
1204
5004
1006
1205
5005
1007
1206
5006
1008
1207
5007
1009
1208
5008
1010
1209
5009
1011
1210
5010
1012
1211
5011
1013
1212
5012
1014
1213
5013
1015
1214
5014
1016
1215
5015
1017
1216
5016
1018
1217
5017
1019
1218
5018
1020
1219
5019
1021
1220
5020
1022
1221
5021
1023
1222
5022
1024
1223
5023
1025
1224
5024
1026
1225
5025
1027
1226
5026
1028
1227
5027
1029
1228
5028
1030
1229
5029
1031
1230
5030
1032
1231
5031
1033
1232
5032
1034
1233
5033
1035
1234
5034
1036
1235
5035
1037
1236
5036
1038
1237
5037
1039
1238
5038
1040
1239
5039
1041
1240
5040
1042
1241
5041
1043
1242
5042
1044
1243
5043
1045
1244
5044
1046
1245
5045
1047
1246
5046
1048
1247
5047
1049
1248
5048
1050
1249
5049
1051
1250
5050
1052
1251
5051
1053
1252
5052
1054
1253
5053
1055
1254
5054
1056
1255
5055
1057
1256
5056
1058
1257
5057
1059
1258
5058
1060
1259
5059
1061
1260
5060
1062
1261
5061
1063
1262
5062
1064
1263
5063
1065
1264
5064
1066
1265
5065
1067
1266
5066
1068
1267
5067
1069
1268
5068
1070
1269
5069
1071
1270
5070
1072
1271
5071
1073
1272
5072
1074
1273
5073
1075
1274
5074
1076
1275
5075
1077
1276
5076
1078
1277
5077
1079
1278
5078
1080
1279
5079
1081
1280
5080
1082
1281
5081
1083
1282
5082
1084
1283
5083
1085
1284
5084
1086
1285
5085
1087
1286
5086
1088
1287
5087
1089
1288
5088
1090
1289
5089
1091
1290
5090
1092
1291
5091
1093
1292
5092
1094
1293
5093
1095
1294
5094
1096
1295
5095
1097
1296
5096
1098
1297
5097
1099
1298
5098
1100
1299
5099
1101
1300
5100
1102
1301
5101
1103
1302
5102
1104
1303
5103
1105
1304
5104
1106
1305
5105
1107
1306
5106
1108
1307
5107
1109
1308
5108
1110
1309
5109
1111
1310
5110
1112
1311
5111
1113
1312
5112
1114
1313
5113
1115
1314
5114
1116
1315
5115
1117
1316
5116
1118
1317
5117
1119
1318
5118
1120
1319
5119
1121
1320
5120
1122
1321
5121
1123
1322
5122
1124
1323
5123
1125
1324
5124
1126
1325
5125
1127
1326
5126
1128
1327
5127
1129
1328
5128
1130
1329
5129
1131
1330
5130
1132
1331
5131
1133
1332
5132
1134
1333
5133
1135
1334
5134
1136
1335
5135
1137
1336
5136
1138
1337
5137
1139
1338
5138
1140
1339
5139
1141
1340
5140
1142
1341
5141
1143
1342
5142
1144
1343
5143
1145
1344
5144
1146
1345
5145
1147
1346
5146
1148
1347
5147
1149
1348
5148
1150
1349
5149
1151
1350
5150
1152
1351
5151
1153
1352
5152
1154
1353
5153
1155
1354
5154
1156
1355
5155
1157
1356
5156
1158
1357
5157
1159
1358
5158
1160
1359
5159
1161
1360
5160
1162
1361
5161
1163
1362
5162
1164
1363
5163
1165
1364
5164
1166
1365
5165
1167
1366
5166
1168
1367
5167
1169
1368
5168
1170
1369
5169
1171
1370
5170
1172
1371
5171
1173
1372
5172
1174
1373
5173
1175
1374
5174
1176
1375
5175
1177
1376
5176
1178
1377
5177
1179
1378
5178
1180
1379
5179
1181
1380
5180
1182
1381
5181
1183
1382
5182
1184
1383
5183
1185
1384
5184
1186
1385
5185
1187
1386
5186
1188
1387
5187
1189
1388
5188
1190
1389
5189
1191
1390
5190
1192
1391
5191
1193
1392
5192
1194
1393
5193
1195
1394
5194
1196
1395
5195
1197
1396
5196
1198
1397
5197
1199
1398
5198
1399
5199
1201
1400
5200
1202
1401
5201
1203
1402
5202
1204
1403
5203
1205
1404
5204
1206
1405
5205
1207
1406
5206
1208
1407
5207
1209
1408
5208
1210
1409
5209
1211
1410
5210
1212
1411
5211
1213
1412
5212
1214
1413
5213
1215
1414
5214
1216
1415
5215
1217
1416
5216
1218
1417
5217
1219
1418
5218
1220
1419
5219
1221
1420
5220
1222
1421
5221
1223
1422
5222
1224
1423
5223
1225
1424
5224
1226
1425
5225
1227
1426
5226
1228
1427
5227
1229
1428
5228
1230
1429
5229
1231
1430
5230
1232
1431
5231
1233
1432
5232
1234
1433
5233
1235
1434
5234
1236
1435
5235
1237
1436
5236
1238
1437
5237
1239
1438
5238
1240
1439
5239
1241
1440
5240
1242
1441
5241
1243
1442
5242
1244
1443
5243
1245
1444
5244
1246
1445
5245
1247
1446
5246
1248
1447
5247
1249
1448
5248
1250
1449
5249
1251
1450
5250
1252
1451
5251
1253
1452
5252
1254
1453
5253
1255
1454
5254
1256
1455
5255
1257
1456
5256
1258
1457
5257
1259
1458
5258
1260
1459
5259
1261
1460
5260
1262
1461
5261
1263
1462
5262
1264
1463
5263
1265
1464
5264
1266
1465
5265
1267
1466
5266
1268
1467
5267
1269
1468
5268
1270
1469
5269
1271
1470
5270
1272
1471
5271
1273
1472
5272
1274
1473
5273
1275
1474
5274
1276
1475
5275
1277
1476
5276
1278
1477
5277
1279
1478
5278
1280
1479
5279
1281
1480
5280
1282
1481
5281
1283
1482
5282
1284
1483
5283
1285
1484
5284
1286
1485
5285
1287
1486
5286
1288
1487
5287
1289
1488
5288
1290
1489
5289
1291
1490
5290
1292
1491
5291
1293
1492
5292
1294
1493
5293
1295
1494
5294
1296
1495
5295
1297
1496
5296
1298
1497
5297
1299
1498
5298
1300
1499
5299
1301
1500
5300
1302
1501
5301
1303
1502
5302
1304
1503
5303
1305
1504
5304
1306
1505
5305
1307
1506
5306
1308
1507
5307
1309
1508
5308
1310
1509
5309
1311
1510
5310
1312
1511
5311
1313
1512
5312
1314
1513
5313
1315
1514
5314
1316
1515
5315
1317
1516
5316
1318
1517
5317
1319
1518
5318
1320
1519
5319
1321
1520
5320
1322
1521
5321
1323
1522
5322
1324
1523
5323
1325
1524
5324
1326
1525
5325
1327
1526
5326
1328
1527
5327
1329
1528
5328
1330
1529
5329
1331
1530
5330
1332
1531
5331
1333
1532
5332
1334
1533
5333
1335
1534
5334
1336
1535
5335
1337
1536
5336
1338
1537
5337
1339
1538
5338
1340
1539
5339
1341
1540
5340
1342
1541
5341
1343
1542
5342
1344
1543
5343
1345
1544
5344
1346
1545
5345
1347
1546
5346
1348
1547
5347
1349
1548
5348
1350
1549
5349
1351
1550
5350
1352
1551
5351
1353
1552
5352
1354
1553
5353
1355
1554
5354
1356
1555
5355
1357
1556
5356
1358
1557
5357
1359
1558
5358
1360
1559
5359
1361
1560
5360
1362
1561
5361
1363
1562
5362
1364
1563
5363
1365
1564
5364
1366
1565
5365
1367
1566
5366
1368
1567
5367
1369
1568
5368
1370
1569
5369
1371
1570
5370
1372
1571
5371
1373
1572
5372
1374
1573
5373
1375
1574
5374
1376
1575
5375
1377
1576
5376
1378
1577
5377
1379
1578
5378
1380
1579
5379
1381
1580
5380
1382
1581
5381
1383
1582
5382
1384
1583
5383
1385
1584
5384
1386
1585
5385
1387
1586
5386
1388
1587
5387
1389
1588
5388
1390
1589
5389
1391
1590
5390
1392
1591
5391
1393
1592
5392
1394
1593
5393
1395
1594
5394
1396
1595
5395
1397
1596
5396
1398
1597
5397
1399
1598
5398
1599
5399
1401
1600
5400
1402
1601
5401
1403
1602
5402
1404
1603
5403
1405
1604
5404
1406
1605
5405
1407
1606
5406
1408
1607
5407
1409
1608
5408
1410
1609
5409
1411
1610
5410
1412
1611
5411
1413
1612
5412
1414
1613
5413
1415
1614
5414
1416
1615
5415
1417
1616
5416
1418
1617
5417
1419
1618
5418
1420
1619
5419
1421
1620
5420
1422
1621
5421
1423
1622
5422
1424
1623
5423
1425
1624
5424
1426
1625
5425
1427
1626
5426
1428
1627
5427
1429
1628
5428
1430
1629
5429
1431
1630
5430
1432
1631
5431
1433
1632
5432
1434
1633
5433
1435
1634
5434
1436
1635
5435
1437
1636
5436
1438
1637
5437
1439
1638
5438
1440
1639
5439
1441
1640
5440
1442
1641
5441
1443
1642
5442
1444
1643
5443
1445
1644
5444
1446
1645
5445
1447
1646
5446
1448
1647
5447
1449
1648
5448
1450
1649
5449
1451
1650
5450
1452
1651
5451
1453
1652
5452
1454
1653
5453
1455
1654
5454
1456
1655
5455
1457
1656
5456
1458
1657
5457
1459
1658
5458
1460
1659
5459
1461
1660
5460
1462
1661
5461
1463
1662
5462
1464
1663
5463
1465
1664
5464
1466
1665
5465
1467
1666
5466
1468
1667
5467
1469
1668
5468
1470
1669
5469
1471
1670
5470
1472
1671
5471
1473
1672
5472
1474
1673
5473
1475
1674
5474
1476
1675
5475
1477
1676
5476
1478
1677
5477
1479
1678
5478
1480
1679
5479
1481
1680
5480
1482
1681
5481
1483
1682
5482
1484
1683
5483
1485
1684
5484
1486
1685
5485
1487
1686
5486
1488
1687
5487
1489
1688
5488
1490
1689
5489
1491
1690
5490
1492
1691
5491
1493
1692
5492
1494
1693
5493
1495
1694
5494
1496
1695
5495
1497
1696
5496
1498
1697
5497
1499
1698
5498
1500
1699
5499
1501
1700
5500
1502
1701
5501
1503
1702
5502
1504
1703
5503
1505
1704
5504
1506
1705
5505
1507
1706
5506
1508
1707
5507
1509
1708
5508
1510
1709
5509
1511
1710
5510
1512
1711
5511
1513
1712
5512
1514
1713
5513
1515
1714
5514
1516
1715
5515
1517
1716
5516
1518
1717
5517
1519
1718
5518
1520
1719
5519
1521
1720
5520
1522
1721
5521
1523
1722
5522
1524
1723
5523
1525
1724
5524
1526
1725
5525
1527
1726
5526
1528
1727
5527
1529
1728
5528
1530
1729
5529
1531
1730
5530
1532
1731
5531
1533
1732
5532
1534
1733
5533
1535
1734
5534
1536
1735
5535
1537
1736
5536
1538
1737
5537
1539
1738
5538
1540
1739
5539
1541
1740
5540
1542
1741
5541
1543
1742
5542
1544
1743
5543
1545
1744
5544
1546
1745
5545
1547
1746
5546
1548
1747
5547
1549
1748
5548
1550
1749
5549
1551
1750
5550
1552
1751
5551
1553
1752
5552
1554
1753
5553
1555
1754
5554
1556
1755
5555
1557
1756
5556
1558
1757
5557
1559
1758
5558
1560
1759
5559
1561
1760
5560
1562
1761
5561
1563
1762
5562
1564
1763
5563
1565
1764
5564
1566
1765
5565
1567
1766
5566
1568
1767
5567
1569
1768
5568
1570
1769
5569
1571
1770
5570
1572
1771
5571
1573
1772
5572
1574
1773
5573
1575
1774
5574
1576
1775
5575
1577
1776
5576
1578
1777
5577
1579
1778
5578
1580
1779
5579
1581
1780
5580
1582
1781
5581
1583
1782
5582
1584
1783
5583
1585
1784
5584
1586
1785
5585
1587
1786
5586
1588
1787
5587
1589
1788
5588
1590
1789
5589
1591
1790
5590
1592
1791
5591
1593
1792
5592
1594
1793
5593
1595
1794
5594
1596
1795
5595
1597
1796
5596
1598
1797
5597
1599
1798
5598
1799
5599
1601
1800
5600
1602
1801
5601
1603
1802
5602
1604
1803
5603
1605
1804
5604
1606
1805
5605
1607
1806
5606
1608
1807
5607
1609
1808
5608
1610
1809
5609
1611
1810
5610
1612
1811
5611
1613
1812
5612
1614
1813
5613
1615
1814
5614
1616
1815
5615
1617
1816
5616
1618
1817
5617
1619
1818
5618
1620
1819
5619
1621
1820
5620
1622
1821
5621
1623
1822
5622
1624
1823
5623
1625
1824
5624
1626
1825
5625
1627
1826
5626
1628
1827
5627
1629
1828
5628
1630
1829
5629
1631
1830
5630
1632
1831
5631
1633
1832
5632
1634
1833
5633
1635
1834
5634
1636
1835
5635
1637
1836
5636
1638
1837
5637
1639
1838
5638
1640
1839
5639
1641
1840
5640
1642
1841
5641
1643
1842
5642
1644
1843
5643
1645
1844
5644
1646
1845
5645
1647
1846
5646
1648
1847
5647
1649
1848
5648
1650
1849
5649
1651
1850
5650
1652
1851
5651
1653
1852
5652
1654
1853
5653
1655
1854
5654
1656
1855
5655
1657
1856
5656
1658
1857
5657
1659
1858
5658
1660
1859
5659
1661
1860
5660
1662
1861
5661
1663
1862
5662
1664
1863
5663
1665
1864
5664
1666
1865
5665
1667
1866
5666
1668
1867
5667
1669
1868
5668
1670
1869
5669
1671
1870
5670
1672
1871
5671
1673
1872
5672
1674
1873
5673
1675
1874
5674
1676
1875
5675
1677
1876
5676
1678
1877
5677
1679
1878
5678
1680
1879
5679
1681
1880
5680
1682
1881
5681
1683
1882
5682
1684
1883
5683
1685
1884
5684
1686
1885
5685
1687
1886
5686
1688
1887
5687
1689
1888
5688
1690
1889
5689
1691
1890
5690
1692
1891
5691
1693
1892
5692
1694
1893
5693
1695
1894
5694
1696
1895
5695
1697
1896
5696
1698
1897
5697
1699
1898
5698
1700
1899
5699
1701
1900
5700
1702
1901
5701
1703
1902
5702
1704
1903
5703
1705
1904
5704
1706
1905
5705
1707
1906
5706
1708
1907
5707
1709
1908
5708
1710
1909
5709
1711
1910
5710
1712
1911
5711
1713
1912
5712
1714
1913
5713
1715
1914
5714
1716
1915
5715
1717
1916
5716
1718
1917
5717
1719
1918
5718
1720
1919
5719
1721
1920
5720
1722
1921
5721
1723
1922
5722
1724
1923
5723
1725
1924
5724
1726
1925
5725
1727
1926
5726
1728
1927
5727
1729
1928
5728
1730
1929
5729
1731
1930
5730
1732
1931
5731
1733
1932
5732
1734
1933
5733
1735
1934
5734
1736
1935
5735
1737
1936
5736
1738
1937
5737
1739
1938
5738
1740
1939
5739
1741
1940
5740
1742
1941
5741
1743
1942
5742
1744
1943
5743
1745
1944
5744
1746
1945
5745
1747
1946
5746
1748
1947
5747
1749
1948
5748
1750
1949
5749
1751
1950
5750
1752
1951
5751
1753
1952
5752
1754
1953
5753
1755
1954
5754
1756
1955
5755
1757
1956
5756
1758
1957
5757
1759
1958
5758
1760
1959
5759
1761
1960
5760
1762
1961
5761
1763
1962
5762
1764
1963
5763
1765
1964
5764
1766
1965
5765
1767
1966
5766
1768
1967
5767
1769
1968
5768
1770
1969
5769
1771
1970
5770
1772
1971
5771
1773
1972
5772
1774
1973
5773
1775
1974
5774
1776
1975
5775
1777
1976
5776
1778
1977
5777
1779
1978
5778
1780
1979
5779
1781
1980
5780
1782
1981
5781
1783
1982
5782
1784
1983
5783
1785
1984
5784
1786
1985
5785
1787
1986
5786
1788
1987
5787
1789
1988
5788
1790
1989
5789
1791
1990
5790
1792
1991
5791
1793
1992
5792
1794
1993
5793
1795
1994
5794
1796
1995
5795
1797
1996
5796
1798
1997
5797
1799
1998
5798
1999
5799
1801
2000
5800
1802
2001
5801
1803
2002
5802
1804
2003
5803
1805
2004
5804
1806
2005
5805
1807
2006
5806
1808
2007
5807
1809
2008
5808
1810
2009
5809
1811
2010
5810
1812
2011
5811
1813
2012
5812
1814
2013
5813
1815
2014
5814
1816
2015
5815
1817
2016
5816
1818
2017
5817
1819
2018
5818
1820
2019
5819
1821
2020
5820
1822
2021
5821
1823
2022
5822
1824
2023
5823
1825
2024
5824
1826
2025
5825
1827
2026
5826
1828
2027
5827
1829
2028
5828
1830
2029
5829
1831
2030
5830
1832
2031
5831
1833
2032
5832
1834
2033
5833
1835
2034
5834
1836
2035
5835
1837
2036
5836
1838
2037
5837
1839
2038
5838
1840
2039
5839
1841
2040
5840
1842
2041
5841
1843
2042
5842
1844
2043
5843
1845
2044
5844
1846
2045
5845
1847
2046
5846
1848
2047
5847
1849
2048
5848
1850
2049
5849
1851
2050
5850
1852
2051
5851
1853
2052
5852
1854
2053
5853
1855
2054
5854
1856
2055
5855
1857
2056
5856
1858
2057
5857
1859
2058
5858
1860
2059
5859
1861
2060
5860
1862
2061
5861
1863
2062
5862
1864
2063
5863
1865
2064
5864
1866
2065
5865
1867
2066
5866
1868
2067
5867
1869
2068
5868
1870
2069
5869
1871
2070
5870
1872
2071
5871
1873
2072
5872
1874
2073
5873
1875
2074
5874
1876
2075
5875
1877
2076
5876
1878
2077
5877
1879
2078
5878
1880
2079
5879
1881
2080
5880
1882
2081
5881
1883
2082
5882
1884
2083
5883
1885
2084
5884
1886
2085
5885
1887
2086
5886
1888
2087
5887
1889
2088
5888
1890
2089
5889
1891
2090
5890
1892
2091
5891
1893
2092
5892
1894
2093
5893
1895
2094
5894
1896
2095
5895
1897
2096
5896
1898
2097
5897
1899
2098
5898
1900
2099
5899
1901
2100
5900
1902
2101
5901
1903
2102
5902
1904
2103
5903
1905
2104
5904
1906
2105
5905
1907
2106
5906
1908
2107
5907
1909
2108
5908
1910
2109
5909
1911
2110
5910
1912
2111
5911
1913
2112
5912
1914
2113
5913
1915
2114
5914
1916
2115
5915
1917
2116
5916
1918
2117
5917
1919
2118
5918
1920
2119
5919
1921
2120
5920
1922
2121
5921
1923
2122
5922
1924
2123
5923
1925
2124
5924
1926
2125
5925
1927
2126
5926
1928
2127
5927
1929
2128
5928
1930
2129
5929
1931
2130
5930
1932
2131
5931
1933
2132
5932
1934
2133
5933
1935
2134
5934
1936
2135
5935
1937
2136
5936
1938
2137
5937
1939
2138
5938
1940
2139
5939
1941
2140
5940
1942
2141
5941
1943
2142
5942
1944
2143
5943
1945
2144
5944
1946
2145
5945
1947
2146
5946
1948
2147
5947
1949
2148
5948
1950
2149
5949
1951
2150
5950
1952
2151
5951
1953
2152
5952
1954
2153
5953
1955
2154
5954
1956
2155
5955
1957
2156
5956
1958
2157
5957
1959
2158
5958
1960
2159
5959
1961
2160
5960
1962
2161
5961
1963
2162
5962
1964
2163
5963
1965
2164
5964
1966
2165
5965
1967
2166
5966
1968
2167
5967
1969
2168
5968
1970
2169
5969
1971
2170
5970
1972
2171
5971
1973
2172
5972
1974
2173
5973
1975
2174
5974
1976
2175
5975
1977
2176
5976
1978
2177
5977
1979
2178
5978
1980
2179
5979
1981
2180
5980
1982
2181
5981
1983
2182
5982
1984
2183
5983
1985
2184
5984
1986
2185
5985
1987
2186
5986
1988
2187
5987
1989
2188
5988
1990
2189
5989
1991
2190
5990
1992
2191
5991
1993
2192
5992
1994
2193
5993
1995
2194
5994
1996
2195
5995
1997
2196
5996
1998
2197
5997
1999
2198
5998
2199
5999
2001
2200
6000
2002
2201
6001
2003
2202
6002
2004
2203
6003
2005
2204
6004
2006
2205
6005
2007
2206
6006
2008
2207
6007
2009
2208
6008
2010
2209
6009
2011
2210
6010
2012
2211
6011
2013
2212
6012
2014
2213
6013
2015
2214
6014
2016
2215
6015
2017
2216
6016
2018
2217
6017
2019
2218
6018
2020
2219
6019
2021
2220
6020
2022
2221
6021
2023
2222
6022
2024
2223
6023
2025
2224
6024
2026
2225
6025
2027
2226
6026
2028
2227
6027
2029
2228
6028
2030
2229
6029
2031
2230
6030
2032
2231
6031
2033
2232
6032
2034
2233
6033
2035
2234
6034
2036
2235
6035
2037
2236
6036
2038
2237
6037
2039
2238
6038
2040
2239
6039
2041
2240
6040
2042
2241
6041
2043
2242
6042
2044
2243
6043
2045
2244
6044
2046
2245
6045
2047
2246
6046
2048
2247
6047
2049
2248
6048
2050
2249
6049
2051
2250
6050
2052
2251
6051
2053
2252
6052
2054
2253
6053
2055
2254
6054
2056
2255
6055
2057
2256
6056
2058
2257
6057
2059
2258
6058
2060
2259
6059
2061
2260
6060
2062
2261
6061
2063
2262
6062
2064
2263
6063
2065
2264
6064
2066
2265
6065
2067
2266
6066
2068
2267
6067
2069
2268
6068
2070
2269
6069
2071
2270
6070
2072
2271
6071
2073
2272
6072
2074
2273
6073
2075
2274
6074
2076
2275
6075
2077
2276
6076
2078
2277
6077
2079
2278
6078
2080
2279
6079
2081
2280
6080
2082
2281
6081
2083
2282
6082
2084
2283
6083
2085
2284
6084
2086
2285
6085
2087
2286
6086
2088
2287
6087
2089
2288
6088
2090
2289
6089
2091
2290
6090
2092
2291
6091
2093
2292
6092
2094
2293
6093
2095
2294
6094
2096
2295
6095
2097
2296
6096
2098
2297
6097
2099
2298
6098
2100
2299
6099
2101
2300
6100
2102
2301
6101
2103
2302
6102
2104
2303
6103
2105
2304
6104
2106
2305
6105
2107
2306
6106
2108
2307
6107
2109
2308
6108
2110
2309
6109
2111
2310
6110
2112
2311
6111
2113
2312
6112
2114
2313
6113
2115
2314
6114
2116
2315
6115
2117
2316
6116
2118
2317
6117
2119
2318
6118
2120
2319
6119
2121
2320
6120
2122
2321
6121
2123
2322
6122
2124
2323
6123
2125
2324
6124
2126
2325
6125
2127
2326
6126
2128
2327
6127
2129
2328
6128
2130
2329
6129
2131
2330
6130
2132
2331
6131
2133
2332
6132
2134
2333
6133
2135
2334
6134
2136
2335
6135
2137
2336
6136
2138
2337
6137
2139
2338
6138
2140
2339
6139
2141
2340
6140
2142
2341
6141
2143
2342
6142
2144
2343
6143
2145
2344
6144
2146
2345
6145
2147
2346
6146
2148
2347
6147
2149
2348
6148
2150
2349
6149
2151
2350
6150
2152
2351
6151
2153
2352
6152
2154
2353
6153
2155
2354
6154
2156
2355
6155
2157
2356
6156
2158
2357
6157
2159
2358
6158
2160
2359
6159
2161
2360
6160
2162
2361
6161
2163
2362
6162
2164
2363
6163
2165
2364
6164
2166
2365
6165
2167
2366
6166
2168
2367
6167
2169
2368
6168
2170
2369
6169
2171
2370
6170
2172
2371
6171
2173
2372
6172
2174
2373
6173
2175
2374
6174
2176
2375
6175
2177
2376
6176
2178
2377
6177
2179
2378
6178
2180
2379
6179
2181
2380
6180
2182
2381
6181
2183
2382
6182
2184
2383
6183
2185
2384
6184
2186
2385
6185
2187
2386
6186
2188
2387
6187
2189
2388
6188
2190
2389
6189
2191
2390
6190
2192
2391
6191
2193
2392
6192
2194
2393
6193
2195
2394
6194
2196
2395
6195
2197
2396
6196
2198
2397
6197
2199
2398
6198
2399
6199
2201
2400
6200
2202
2401
6201
2203
2402
6202
2204
2403
6203
2205
2404
6204
2206
2405
6205
2207
2406
6206
2208
2407
6207
2209
2408
6208
2210
2409
6209
2211
2410
6210
2212
2411
6211
2213
2412
6212
2214
2413
6213
2215
2414
6214
2216
2415
6215
2217
2416
6216
2218
2417
6217
2219
2418
6218
2220
2419
6219
2221
2420
6220
2222
2421
6221
2223
2422
6222
2224
2423
6223
2225
2424
6224
2226
2425
6225
2227
2426
6226
2228
2427
6227
2229
2428
6228
2230
2429
6229
2231
2430
6230
2232
2431
6231
2233
2432
6232
2234
2433
6233
2235
2434
6234
2236
2435
6235
2237
2436
6236
2238
2437
6237
2239
2438
6238
2240
2439
6239
2241
2440
6240
2242
2441
6241
2243
2442
6242
2244
2443
6243
2245
2444
6244
2246
2445
6245
2247
2446
6246
2248
2447
6247
2249
2448
6248
2250
2449
6249
2251
2450
6250
2252
2451
6251
2253
2452
6252
2254
2453
6253
2255
2454
6254
2256
2455
6255
2257
2456
6256
2258
2457
6257
2259
2458
6258
2260
2459
6259
2261
2460
6260
2262
2461
6261
2263
2462
6262
2264
2463
6263
2265
2464
6264
2266
2465
6265
2267
2466
6266
2268
2467
6267
2269
2468
6268
2270
2469
6269
2271
2470
6270
2272
2471
6271
2273
2472
6272
2274
2473
6273
2275
2474
6274
2276
2475
6275
2277
2476
6276
2278
2477
6277
2279
2478
6278
2280
2479
6279
2281
2480
6280
2282
2481
6281
2283
2482
6282
2284
2483
6283
2285
2484
6284
2286
2485
6285
2287
2486
6286
2288
2487
6287
2289
2488
6288
2290
2489
6289
2291
2490
6290
2292
2491
6291
2293
2492
6292
2294
2493
6293
2295
2494
6294
2296
2495
6295
2297
2496
6296
2298
2497
6297
2299
2498
6298
2300
2499
6299
2301
2500
6300
2302
2501
6301
2303
2502
6302
2304
2503
6303
2305
2504
6304
2306
2505
6305
2307
2506
6306
2308
2507
6307
2309
2508
6308
2310
2509
6309
2311
2510
6310
2312
2511
6311
2313
2512
6312
2314
2513
6313
2315
2514
6314
2316
2515
6315
2317
2516
6316
2318
2517
6317
2319
2518
6318
2320
2519
6319
2321
2520
6320
2322
2521
6321
2323
2522
6322
2324
2523
6323
2325
2524
6324
2326
2525
6325
2327
2526
6326
2328
2527
6327
2329
2528
6328
2330
2529
6329
2331
2530
6330
2332
2531
6331
2333
2532
6332
2334
2533
6333
2335
2534
6334
2336
2535
6335
2337
2536
6336
2338
2537
6337
2339
2538
6338
2340
2539
6339
2341
2540
6340
2342
2541
6341
2343
2542
6342
2344
2543
6343
2345
2544
6344
2346
2545
6345
2347
2546
6346
2348
2547
6347
2349
2548
6348
2350
2549
6349
2351
2550
6350
2352
2551
6351
2353
2552
6352
2354
2553
6353
2355
2554
6354
2356
2555
6355
2357
2556
6356
2358
2557
6357
2359
2558
6358
2360
2559
6359
2361
2560
6360
2362
2561
6361
2363
2562
6362
2364
2563
6363
2365
2564
6364
2366
2565
6365
2367
2566
6366
2368
2567
6367
2369
2568
6368
2370
2569
6369
2371
2570
6370
2372
2571
6371
2373
2572
6372
2374
2573
6373
2375
2574
6374
2376
2575
6375
2377
2576
6376
2378
2577
6377
2379
2578
6378
2380
2579
6379
2381
2580
6380
2382
2581
6381
2383
2582
6382
2384
2583
6383
2385
2584
6384
2386
2585
6385
2387
2586
6386
2388
2587
6387
2389
2588
6388
2390
2589
6389
2391
2590
6390
2392
2591
6391
2393
2592
6392
2394
2593
6393
2395
2594
6394
2396
2595
6395
2397
2596
6396
2398
2597
6397
2399
2598
6398
2599
6399
2401
2600
6400
2402
2601
6401
2403
2602
6402
2404
2603
6403
2405
2604
6404
2406
2605
6405
2407
2606
6406
2408
2607
6407
2409
2608
6408
2410
2609
6409
2411
2610
6410
2412
2611
6411
2413
2612
6412
2414
2613
6413
2415
2614
6414
2416
2615
6415
2417
2616
6416
2418
2617
6417
2419
2618
6418
2420
2619
6419
2421
2620
6420
2422
2621
6421
2423
2622
6422
2424
2623
6423
2425
2624
6424
2426
2625
6425
2427
2626
6426
2428
2627
6427
2429
2628
6428
2430
2629
6429
2431
2630
6430
2432
2631
6431
2433
2632
6432
2434
2633
6433
2435
2634
6434
2436
2635
6435
2437
2636
6436
2438
2637
6437
2439
2638
6438
2440
2639
6439
2441
2640
6440
2442
2641
6441
2443
2642
6442
2444
2643
6443
2445
2644
6444
2446
2645
6445
2447
2646
6446
2448
2647
6447
2449
2648
6448
2450
2649
6449
2451
2650
6450
2452
2651
6451
2453
2652
6452
2454
2653
6453
2455
2654
6454
2456
2655
6455
2457
2656
6456
2458
2657
6457
2459
2658
6458
2460
2659
6459
2461
2660
6460
2462
2661
6461
2463
2662
6462
2464
2663
6463
2465
2664
6464
2466
2665
6465
2467
2666
6466
2468
2667
6467
2469
2668
6468
2470
2669
6469
2471
2670
6470
2472
2671
6471
2473
2672
6472
2474
2673
6473
2475
2674
6474
2476
2675
6475
2477
2676
6476
2478
2677
6477
2479
2678
6478
2480
2679
6479
2481
2680
6480
2482
2681
6481
2483
2682
6482
2484
2683
6483
2485
2684
6484
2486
2685
6485
2487
2686
6486
2488
2687
6487
2489
2688
6488
2490
2689
6489
2491
2690
6490
2492
2691
6491
2493
2692
6492
2494
2693
6493
2495
2694
6494
2496
2695
6495
2497
2696
6496
2498
2697
6497
2499
2698
6498
2500
2699
6499
2501
2700
6500
2502
2701
6501
2503
2702
6502
2504
2703
6503
2505
2704
6504
2506
2705
6505
2507
2706
6506
2508
2707
6507
2509
2708
6508
2510
2709
6509
2511
2710
6510
2512
2711
6511
2513
2712
6512
2514
2713
6513
2515
2714
6514
2516
2715
6515
2517
2716
6516
2518
2717
6517
2519
2718
6518
2520
2719
6519
2521
2720
6520
2522
2721
6521
2523
2722
6522
2524
2723
6523
2525
2724
6524
2526
2725
6525
2527
2726
6526
2528
2727
6527
2529
2728
6528
2530
2729
6529
2531
2730
6530
2532
2731
6531
2533
2732
6532
2534
2733
6533
2535
2734
6534
2536
2735
6535
2537
2736
6536
2538
2737
6537
2539
2738
6538
2540
2739
6539
2541
2740
6540
2542
2741
6541
2543
2742
6542
2544
2743
6543
2545
2744
6544
2546
2745
6545
2547
2746
6546
2548
2747
6547
2549
2748
6548
2550
2749
6549
2551
2750
6550
2552
2751
6551
2553
2752
6552
2554
2753
6553
2555
2754
6554
2556
2755
6555
2557
2756
6556
2558
2757
6557
2559
2758
6558
2560
2759
6559
2561
2760
6560
2562
2761
6561
2563
2762
6562
2564
2763
6563
2565
2764
6564
2566
2765
6565
2567
2766
6566
2568
2767
6567
2569
2768
6568
2570
2769
6569
2571
2770
6570
2572
2771
6571
2573
2772
6572
2574
2773
6573
2575
2774
6574
2576
2775
6575
2577
2776
6576
2578
2777
6577
2579
2778
6578
2580
2779
6579
2581
2780
6580
2582
2781
6581
2583
2782
6582
2584
2783
6583
2585
2784
6584
2586
2785
6585
2587
2786
6586
2588
2787
6587
2589
2788
6588
2590
2789
6589
2591
2790
6590
2592
2791
6591
2593
2792
6592
2594
2793
6593
2595
2794
6594
2596
2795
6595
2597
2796
6596
2598
2797
6597
2599
2798
6598
2799
6599
2601
2800
6600
2602
2801
6601
2603
2802
6602
2604
2803
6603
2605
2804
6604
2606
2805
6605
2607
2806
6606
2608
2807
6607
2609
2808
6608
2610
2809
6609
2611
2810
6610
2612
2811
6611
2613
2812
6612
2614
2813
6613
2615
2814
6614
2616
2815
6615
2617
2816
6616
2618
2817
6617
2619
2818
6618
2620
2819
6619
2621
2820
6620
2622
2821
6621
2623
2822
6622
2624
2823
6623
2625
2824
6624
2626
2825
6625
2627
2826
6626
2628
2827
6627
2629
2828
6628
2630
2829
6629
2631
2830
6630
2632
2831
6631
2633
2832
6632
2634
2833
6633
2635
2834
6634
2636
2835
6635
2637
2836
6636
2638
2837
6637
2639
2838
6638
2640
2839
6639
2641
2840
6640
2642
2841
6641
2643
2842
6642
2644
2843
6643
2645
2844
6644
2646
2845
6645
2647
2846
6646
2648
2847
6647
2649
2848
6648
2650
2849
6649
2651
2850
6650
2652
2851
6651
2653
2852
6652
2654
2853
6653
2655
2854
6654
2656
2855
6655
2657
2856
6656
2658
2857
6657
2659
2858
6658
2660
2859
6659
2661
2860
6660
2662
2861
6661
2663
2862
6662
2664
2863
6663
2665
2864
6664
2666
2865
6665
2667
2866
6666
2668
2867
6667
2669
2868
6668
2670
2869
6669
2671
2870
6670
2672
2871
6671
2673
2872
6672
2674
2873
6673
2675
2874
6674
2676
2875
6675
2677
2876
6676
2678
2877
6677
2679
2878
6678
2680
2879
6679
2681
2880
6680
2682
2881
6681
2683
2882
6682
2684
2883
6683
2685
2884
6684
2686
2885
6685
2687
2886
6686
2688
2887
6687
2689
2888
6688
2690
2889
6689
2691
2890
6690
2692
2891
6691
2693
2892
6692
2694
2893
6693
2695
2894
6694
2696
2895
6695
2697
2896
6696
2698
2897
6697
2699
2898
6698
2700
2899
6699
2701
2900
6700
2702
2901
6701
2703
2902
6702
2704
2903
6703
2705
2904
6704
2706
2905
6705
2707
2906
6706
2708
2907
6707
2709
2908
6708
2710
2909
6709
2711
2910
6710
2712
2911
6711
2713
2912
6712
2714
2913
6713
2715
2914
6714
2716
2915
6715
2717
2916
6716
2718
2917
6717
2719
2918
6718
2720
2919
6719
2721
2920
6720
2722
2921
6721
2723
2922
6722
2724
2923
6723
2725
2924
6724
2726
2925
6725
2727
2926
6726
2728
2927
6727
2729
2928
6728
2730
2929
6729
2731
2930
6730
2732
2931
6731
2733
2932
6732
2734
2933
6733
2735
2934
6734
2736
2935
6735
2737
2936
6736
2738
2937
6737
2739
2938
6738
2740
2939
6739
2741
2940
6740
2742
2941
6741
2743
2942
6742
2744
2943
6743
2745
2944
6744
2746
2945
6745
2747
2946
6746
2748
2947
6747
2749
2948
6748
2750
2949
6749
2751
2950
6750
2752
2951
6751
2753
2952
6752
2754
2953
6753
2755
2954
6754
2756
2955
6755
2757
2956
6756
2758
2957
6757
2759
2958
6758
2760
2959
6759
2761
2960
6760
2762
2961
6761
2763
2962
6762
2764
2963
6763
2765
2964
6764
2766
2965
6765
2767
2966
6766
2768
2967
6767
2769
2968
6768
2770
2969
6769
2771
2970
6770
2772
2971
6771
2773
2972
6772
2774
2973
6773
2775
2974
6774
2776
2975
6775
2777
2976
6776
2778
2977
6777
2779
2978
6778
2780
2979
6779
2781
2980
6780
2782
2981
6781
2783
2982
6782
2784
2983
6783
2785
2984
6784
2786
2985
6785
2787
2986
6786
2788
2987
6787
2789
2988
6788
2790
2989
6789
2791
2990
6790
2792
2991
6791
2793
2992
6792
2794
2993
6793
2795
2994
6794
2796
2995
6795
2797
2996
6796
2798
2997
6797
2799
2998
6798
2999
6799
2801
3000
6800
2802
3001
6801
2803
3002
6802
2804
3003
6803
2805
3004
6804
2806
3005
6805
2807
3006
6806
2808
3007
6807
2809
3008
6808
2810
3009
6809
2811
3010
6810
2812
3011
6811
2813
3012
6812
2814
3013
6813
2815
3014
6814
2816
3015
6815
2817
3016
6816
2818
3017
6817
2819
3018
6818
2820
3019
6819
2821
3020
6820
2822
3021
6821
2823
3022
6822
2824
3023
6823
2825
3024
6824
2826
3025
6825
2827
3026
6826
2828
3027
6827
2829
3028
6828
2830
3029
6829
2831
3030
6830
2832
3031
6831
2833
3032
6832
2834
3033
6833
2835
3034
6834
2836
3035
6835
2837
3036
6836
2838
3037
6837
2839
3038
6838
2840
3039
6839
2841
3040
6840
2842
3041
6841
2843
3042
6842
2844
3043
6843
2845
3044
6844
2846
3045
6845
2847
3046
6846
2848
3047
6847
2849
3048
6848
2850
3049
6849
2851
3050
6850
2852
3051
6851
2853
3052
6852
2854
3053
6853
2855
3054
6854
2856
3055
6855
2857
3056
6856
2858
3057
6857
2859
3058
6858
2860
3059
6859
2861
3060
6860
2862
3061
6861
2863
3062
6862
2864
3063
6863
2865
3064
6864
2866
3065
6865
2867
3066
6866
2868
3067
6867
2869
3068
6868
2870
3069
6869
2871
3070
6870
2872
3071
6871
2873
3072
6872
2874
3073
6873
2875
3074
6874
2876
3075
6875
2877
3076
6876
2878
3077
6877
2879
3078
6878
2880
3079
6879
2881
3080
6880
2882
3081
6881
2883
3082
6882
2884
3083
6883
2885
3084
6884
2886
3085
6885
2887
3086
6886
2888
3087
6887
2889
3088
6888
2890
3089
6889
2891
3090
6890
2892
3091
6891
2893
3092
6892
2894
3093
6893
2895
3094
6894
2896
3095
6895
2897
3096
6896
2898
3097
6897
2899
3098
6898
2900
3099
6899
2901
3100
6900
2902
3101
6901
2903
3102
6902
2904
3103
6903
2905
3104
6904
2906
3105
6905
2907
3106
6906
2908
3107
6907
2909
3108
6908
2910
3109
6909
2911
3110
6910
2912
3111
6911
2913
3112
6912
2914
3113
6913
2915
3114
6914
2916
3115
6915
2917
3116
6916
2918
3117
6917
2919
3118
6918
2920
3119
6919
2921
3120
6920
2922
3121
6921
2923
3122
6922
2924
3123
6923
2925
3124
6924
2926
3125
6925
2927
3126
6926
2928
3127
6927
2929
3128
6928
2930
3129
6929
2931
3130
6930
2932
3131
6931
2933
3132
6932
2934
3133
6933
2935
3134
6934
2936
3135
6935
2937
3136
6936
2938
3137
6937
2939
3138
6938
2940
3139
6939
2941
3140
6940
2942
3141
6941
2943
3142
6942
2944
3143
6943
2945
3144
6944
2946
3145
6945
2947
3146
6946
2948
3147
6947
2949
3148
6948
2950
3149
6949
2951
3150
6950
2952
3151
6951
2953
3152
6952
2954
3153
6953
2955
3154
6954
2956
3155
6955
2957
3156
6956
2958
3157
6957
2959
3158
6958
2960
3159
6959
2961
3160
6960
2962
3161
6961
2963
3162
6962
2964
3163
6963
2965
3164
6964
2966
3165
6965
2967
3166
6966
2968
3167
6967
2969
3168
6968
2970
3169
6969
2971
3170
6970
2972
3171
6971
2973
3172
6972
2974
3173
6973
2975
3174
6974
2976
3175
6975
2977
3176
6976
2978
3177
6977
2979
3178
6978
2980
3179
6979
2981
3180
6980
2982
3181
6981
2983
3182
6982
2984
3183
6983
2985
3184
6984
2986
3185
6985
2987
3186
6986
2988
3187
6987
2989
3188
6988
2990
3189
6989
2991
3190
6990
2992
3191
6991
2993
3192
6992
2994
3193
6993
2995
3194
6994
2996
3195
6995
2997
3196
6996
2998
3197
6997
2999
3198
6998
3199
6999
3001
3200
7000
3002
3201
7001
3003
3202
7002
3004
3203
7003
3005
3204
7004
3006
3205
7005
3007
3206
7006
3008
3207
7007
3009
3208
7008
3010
3209
7009
3011
3210
7010
3012
3211
7011
3013
3212
7012
3014
3213
7013
3015
3214
7014
3016
3215
7015
3017
3216
7016
3018
3217
7017
3019
3218
7018
3020
3219
7019
3021
3220
7020
3022
3221
7021
3023
3222
7022
3024
3223
7023
3025
3224
7024
3026
3225
7025
3027
3226
7026
3028
3227
7027
3029
3228
7028
3030
3229
7029
3031
3230
7030
3032
3231
7031
3033
3232
7032
3034
3233
7033
3035
3234
7034
3036
3235
7035
3037
3236
7036
3038
3237
7037
3039
3238
7038
3040
3239
7039
3041
3240
7040
3042
3241
7041
3043
3242
7042
3044
3243
7043
3045
3244
7044
3046
3245
7045
3047
3246
7046
3048
3247
7047
3049
3248
7048
3050
3249
7049
3051
3250
7050
3052
3251
7051
3053
3252
7052
3054
3253
7053
3055
3254
7054
3056
3255
7055
3057
3256
7056
3058
3257
7057
3059
3258
7058
3060
3259
7059
3061
3260
7060
3062
3261
7061
3063
3262
7062
3064
3263
7063
3065
3264
7064
3066
3265
7065
3067
3266
7066
3068
3267
7067
3069
3268
7068
3070
3269
7069
3071
3270
7070
3072
3271
7071
3073
3272
7072
3074
3273
7073
3075
3274
7074
3076
3275
7075
3077
3276
7076
3078
3277
7077
3079
3278
7078
3080
3279
7079
3081
3280
7080
3082
3281
7081
3083
3282
7082
3084
3283
7083
3085
3284
7084
3086
3285
7085
3087
3286
7086
3088
3287
7087
3089
3288
7088
3090
3289
7089
3091
3290
7090
3092
3291
7091
3093
3292
7092
3094
3293
7093
3095
3294
7094
3096
3295
7095
3097
3296
7096
3098
3297
7097
3099
3298
7098
3100
3299
7099
3101
3300
7100
3102
3301
7101
3103
3302
7102
3104
3303
7103
3105
3304
7104
3106
3305
7105
3107
3306
7106
3108
3307
7107
3109
3308
7108
3110
3309
7109
3111
3310
7110
3112
3311
7111
3113
3312
7112
3114
3313
7113
3115
3314
7114
3116
3315
7115
3117
3316
7116
3118
3317
7117
3119
3318
7118
3120
3319
7119
3121
3320
7120
3122
3321
7121
3123
3322
7122
3124
3323
7123
3125
3324
7124
3126
3325
7125
3127
3326
7126
3128
3327
7127
3129
3328
7128
3130
3329
7129
3131
3330
7130
3132
3331
7131
3133
3332
7132
3134
3333
7133
3135
3334
7134
3136
3335
7135
3137
3336
7136
3138
3337
7137
3139
3338
7138
3140
3339
7139
3141
3340
7140
3142
3341
7141
3143
3342
7142
3144
3343
7143
3145
3344
7144
3146
3345
7145
3147
3346
7146
3148
3347
7147
3149
3348
7148
3150
3349
7149
3151
3350
7150
3152
3351
7151
3153
3352
7152
3154
3353
7153
3155
3354
7154
3156
3355
7155
3157
3356
7156
3158
3357
7157
3159
3358
7158
3160
3359
7159
3161
3360
7160
3162
3361
7161
3163
3362
7162
3164
3363
7163
3165
3364
7164
3166
3365
7165
3167
3366
7166
3168
3367
7167
3169
3368
7168
3170
3369
7169
3171
3370
7170
3172
3371
7171
3173
3372
7172
3174
3373
7173
3175
3374
7174
3176
3375
7175
3177
3376
7176
3178
3377
7177
3179
3378
7178
3180
3379
7179
3181
3380
7180
3182
3381
7181
3183
3382
7182
3184
3383
7183
3185
3384
7184
3186
3385
7185
3187
3386
7186
3188
3387
7187
3189
3388
7188
3190
3389
7189
3191
3390
7190
3192
3391
7191
3193
3392
7192
3194
3393
7193
3195
3394
7194
3196
3395
7195
3197
3396
7196
3198
3397
7197
3199
3398
7198
3399
7199
3201
3400
7200
3202
3401
7201
3203
3402
7202
3204
3403
7203
3205
3404
7204
3206
3405
7205
3207
3406
7206
3208
3407
7207
3209
3408
7208
3210
3409
7209
3211
3410
7210
3212
3411
7211
3213
3412
7212
3214
3413
7213
3215
3414
7214
3216
3415
7215
3217
3416
7216
3218
3417
7217
3219
3418
7218
3220
3419
7219
3221
3420
7220
3222
3421
7221
3223
3422
7222
3224
3423
7223
3225
3424
7224
3226
3425
7225
3227
3426
7226
3228
3427
7227
3229
3428
7228
3230
3429
7229
3231
3430
7230
3232
3431
7231
3233
3432
7232
3234
3433
7233
3235
3434
7234
3236
3435
7235
3237
3436
7236
3238
3437
7237
3239
3438
7238
3240
3439
7239
3241
3440
7240
3242
3441
7241
3243
3442
7242
3244
3443
7243
3245
3444
7244
3246
3445
7245
3247
3446
7246
3248
3447
7247
3249
3448
7248
3250
3449
7249
3251
3450
7250
3252
3451
7251
3253
3452
7252
3254
3453
7253
3255
3454
7254
3256
3455
7255
3257
3456
7256
3258
3457
7257
3259
3458
7258
3260
3459
7259
3261
3460
7260
3262
3461
7261
3263
3462
7262
3264
3463
7263
3265
3464
7264
3266
3465
7265
3267
3466
7266
3268
3467
7267
3269
3468
7268
3270
3469
7269
3271
3470
7270
3272
3471
7271
3273
3472
7272
3274
3473
7273
3275
3474
7274
3276
3475
7275
3277
3476
7276
3278
3477
7277
3279
3478
7278
3280
3479
7279
3281
3480
7280
3282
3481
7281
3283
3482
7282
3284
3483
7283
3285
3484
7284
3286
3485
7285
3287
3486
7286
3288
3487
7287
3289
3488
7288
3290
3489
7289
3291
3490
7290
3292
3491
7291
3293
3492
7292
3294
3493
7293
3295
3494
7294
3296
3495
7295
3297
3496
7296
3298
3497
7297
3299
3498
7298
3300
3499
7299
3301
3500
7300
3302
3501
7301
3303
3502
7302
3304
3503
7303
3305
3504
7304
3306
3505
7305
3307
3506
7306
3308
3507
7307
3309
3508
7308
3310
3509
7309
3311
3510
7310
3312
3511
7311
3313
3512
7312
3314
3513
7313
3315
3514
7314
3316
3515
7315
3317
3516
7316
3318
3517
7317
3319
3518
7318
3320
3519
7319
3321
3520
7320
3322
3521
7321
3323
3522
7322
3324
3523
7323
3325
3524
7324
3326
3525
7325
3327
3526
7326
3328
3527
7327
3329
3528
7328
3330
3529
7329
3331
3530
7330
3332
3531
7331
3333
3532
7332
3334
3533
7333
3335
3534
7334
3336
3535
7335
3337
3536
7336
3338
3537
7337
3339
3538
7338
3340
3539
7339
3341
3540
7340
3342
3541
7341
3343
3542
7342
3344
3543
7343
3345
3544
7344
3346
3545
7345
3347
3546
7346
3348
3547
7347
3349
3548
7348
3350
3549
7349
3351
3550
7350
3352
3551
7351
3353
3552
7352
3354
3553
7353
3355
3554
7354
3356
3555
7355
3357
3556
7356
3358
3557
7357
3359
3558
7358
3360
3559
7359
3361
3560
7360
3362
3561
7361
3363
3562
7362
3364
3563
7363
3365
3564
7364
3366
3565
7365
3367
3566
7366
3368
3567
7367
3369
3568
7368
3370
3569
7369
3371
3570
7370
3372
3571
7371
3373
3572
7372
3374
3573
7373
3375
3574
7374
3376
3575
7375
3377
3576
7376
3378
3577
7377
3379
3578
7378
3380
3579
7379
3381
3580
7380
3382
3581
7381
3383
3582
7382
3384
3583
7383
3385
3584
7384
3386
3585
7385
3387
3586
7386
3388
3587
7387
3389
3588
7388
3390
3589
7389
3391
3590
7390
3392
3591
7391
3393
3592
7392
3394
3593
7393
3395
3594
7394
3396
3595
7395
3397
3596
7396
3398
3597
7397
3399
3598
7398
3599
7399
3401
3600
7400
3402
3601
7401
3403
3602
7402
3404
3603
7403
3405
3604
7404
3406
3605
7405
3407
3606
7406
3408
3607
7407
3409
3608
7408
3410
3609
7409
3411
3610
7410
3412
3611
7411
3413
3612
7412
3414
3613
7413
3415
3614
7414
3416
3615
7415
3417
3616
7416
3418
3617
7417
3419
3618
7418
3420
3619
7419
3421
3620
7420
3422
3621
7421
3423
3622
7422
3424
3623
7423
3425
3624
7424
3426
3625
7425
3427
3626
7426
3428
3627
7427
3429
3628
7428
3430
3629
7429
3431
3630
7430
3432
3631
7431
3433
3632
7432
3434
3633
7433
3435
3634
7434
3436
3635
7435
3437
3636
7436
3438
3637
7437
3439
3638
7438
3440
3639
7439
3441
3640
7440
3442
3641
7441
3443
3642
7442
3444
3643
7443
3445
3644
7444
3446
3645
7445
3447
3646
7446
3448
3647
7447
3449
3648
7448
3450
3649
7449
3451
3650
7450
3452
3651
7451
3453
3652
7452
3454
3653
7453
3455
3654
7454
3456
3655
7455
3457
3656
7456
3458
3657
7457
3459
3658
7458
3460
3659
7459
3461
3660
7460
3462
3661
7461
3463
3662
7462
3464
3663
7463
3465
3664
7464
3466
3665
7465
3467
3666
7466
3468
3667
7467
3469
3668
7468
3470
3669
7469
3471
3670
7470
3472
3671
7471
3473
3672
7472
3474
3673
7473
3475
3674
7474
3476
3675
7475
3477
3676
7476
3478
3677
7477
3479
3678
7478
3480
3679
7479
3481
3680
7480
3482
3681
7481
3483
3682
7482
3484
3683
7483
3485
3684
7484
3486
3685
7485
3487
3686
7486
3488
3687
7487
3489
3688
7488
3490
3689
7489
3491
3690
7490
3492
3691
7491
3493
3692
7492
3494
3693
7493
3495
3694
7494
3496
3695
7495
3497
3696
7496
3498
3697
7497
3499
3698
7498
3500
3699
7499
3501
3700
7500
3502
3701
7501
3503
3702
7502
3504
3703
7503
3505
3704
7504
3506
3705
7505
3507
3706
7506
3508
3707
7507
3509
3708
7508
3510
3709
7509
3511
3710
7510
3512
3711
7511
3513
3712
7512
3514
3713
7513
3515
3714
7514
3516
3715
7515
3517
3716
7516
3518
3717
7517
3519
3718
7518
3520
3719
7519
3521
3720
7520
3522
3721
7521
3523
3722
7522
3524
3723
7523
3525
3724
7524
3526
3725
7525
3527
3726
7526
3528
3727
7527
3529
3728
7528
3530
3729
7529
3531
3730
7530
3532
3731
7531
3533
3732
7532
3534
3733
7533
3535
3734
7534
3536
3735
7535
3537
3736
7536
3538
3737
7537
3539
3738
7538
3540
3739
7539
3541
3740
7540
3542
3741
7541
3543
3742
7542
3544
3743
7543
3545
3744
7544
3546
3745
7545
3547
3746
7546
3548
3747
7547
3549
3748
7548
3550
3749
7549
3551
3750
7550
3552
3751
7551
3553
3752
7552
3554
3753
7553
3555
3754
7554
3556
3755
7555
3557
3756
7556
3558
3757
7557
3559
3758
7558
3560
3759
7559
3561
3760
7560
3562
3761
7561
3563
3762
7562
3564
3763
7563
3565
3764
7564
3566
3765
7565
3567
3766
7566
3568
3767
7567
3569
3768
7568
3570
3769
7569
3571
3770
7570
3572
3771
7571
3573
3772
7572
3574
3773
7573
3575
3774
7574
3576
3775
7575
3577
3776
7576
3578
3777
7577
3579
3778
7578
3580
3779
7579
3581
3780
7580
3582
3781
7581
3583
3782
7582
3584
3783
7583
3585
3784
7584
3586
3785
7585
3587
3786
7586
3588
3787
7587
3589
3788
7588
3590
3789
7589
3591
3790
7590
3592
3791
7591
3593
3792
7592
3594
3793
7593
3595
3794
7594
3596
3795
7595
3597
3796
7596
3598
3797
7597
3599
3798
7598
3799
7599
3601
3800
7600
3602
3801
7601
3603
3802
7602
3604
3803
7603
3605
3804
7604
3606
3805
7605
3607
3806
7606
3608
3807
7607
3609
3808
7608
3610
3809
7609
3611
3810
7610
3612
3811
7611
3613
3812
7612
3614
3813
7613
3615
3814
7614
3616
3815
7615
3617
3816
7616
3618
3817
7617
3619
3818
7618
3620
3819
7619
3621
3820
7620
3622
3821
7621
3623
3822
7622
3624
3823
7623
3625
3824
7624
3626
3825
7625
3627
3826
7626
3628
3827
7627
3629
3828
7628
3630
3829
7629
3631
3830
7630
3632
3831
7631
3633
3832
7632
3634
3833
7633
3635
3834
7634
3636
3835
7635
3637
3836
7636
3638
3837
7637
3639
3838
7638
3640
3839
7639
3641
3840
7640
3642
3841
7641
3643
3842
7642
3644
3843
7643
3645
3844
7644
3646
3845
7645
3647
3846
7646
3648
3847
7647
3649
3848
7648
3650
3849
7649
3651
3850
7650
3652
3851
7651
3653
3852
7652
3654
3853
7653
3655
3854
7654
3656
3855
7655
3657
3856
7656
3658
3857
7657
3659
3858
7658
3660
3859
7659
3661
3860
7660
3662
3861
7661
3663
3862
7662
3664
3863
7663
3665
3864
7664
3666
3865
7665
3667
3866
7666
3668
3867
7667
3669
3868
7668
3670
3869
7669
3671
3870
7670
3672
3871
7671
3673
3872
7672
3674
3873
7673
3675
3874
7674
3676
3875
7675
3677
3876
7676
3678
3877
7677
3679
3878
7678
3680
3879
7679
3681
3880
7680
3682
3881
7681
3683
3882
7682
3684
3883
7683
3685
3884
7684
3686
3885
7685
3687
3886
7686
3688
3887
7687
3689
3888
7688
3690
3889
7689
3691
3890
7690
3692
3891
7691
3693
3892
7692
3694
3893
7693
3695
3894
7694
3696
3895
7695
3697
3896
7696
3698
3897
7697
3699
3898
7698
3700
3899
7699
3701
3900
7700
3702
3901
7701
3703
3902
7702
3704
3903
7703
3705
3904
7704
3706
3905
7705
3707
3906
7706
3708
3907
7707
3709
3908
7708
3710
3909
7709
3711
3910
7710
3712
3911
7711
3713
3912
7712
3714
3913
7713
3715
3914
7714
3716
3915
7715
3717
3916
7716
3718
3917
7717
3719
3918
7718
3720
3919
7719
3721
3920
7720
3722
3921
7721
3723
3922
7722
3724
3923
7723
3725
3924
7724
3726
3925
7725
3727
3926
7726
3728
3927
7727
3729
3928
7728
3730
3929
7729
3731
3930
7730
3732
3931
7731
3733
3932
7732
3734
3933
7733
3735
3934
7734
3736
3935
7735
3737
3936
7736
3738
3937
7737
3739
3938
7738
3740
3939
7739
3741
3940
7740
3742
3941
7741
3743
3942
7742
3744
3943
7743
3745
3944
7744
3746
3945
7745
3747
3946
7746
3748
3947
7747
3749
3948
7748
3750
3949
7749
3751
3950
7750
3752
3951
7751
3753
3952
7752
3754
3953
7753
3755
3954
7754
3756
3955
7755
3757
3956
7756
3758
3957
7757
3759
3958
7758
3760
3959
7759
3761
3960
7760
3762
3961
7761
3763
3962
7762
3764
3963
7763
3765
3964
7764
3766
3965
7765
3767
3966
7766
3768
3967
7767
3769
3968
7768
3770
3969
7769
3771
3970
7770
3772
3971
7771
3773
3972
7772
3774
3973
7773
3775
3974
7774
3776
3975
7775
3777
3976
7776
3778
3977
7777
3779
3978
7778
3780
3979
7779
3781
3980
7780
3782
3981
7781
3783
3982
7782
3784
3983
7783
3785
3984
7784
3786
3985
7785
3787
3986
7786
3788
3987
7787
3789
3988
7788
3790
3989
7789
3791
3990
7790
3792
3991
7791
3793
3992
7792
3794
3993
7793
3795
3994
7794
3796
3995
7795
3797
3996
7796
3798
3997
7797
3799
3998
7798
3999
7799
3801
7800
3802
7801
3803
7802
3804
7803
3805
7804
3806
7805
3807
7806
3808
7807
3809
7808
3810
7809
3811
7810
3812
7811
3813
7812
3814
7813
3815
7814
3816
7815
3817
7816
3818
7817
3819
7818
3820
7819
3821
7820
3822
7821
3823
7822
3824
7823
3825
7824
3826
7825
3827
7826
3828
7827
3829
7828
3830
7829
3831
7830
3832
7831
3833
7832
3834
7833
3835
7834
3836
7835
3837
7836
3838
7837
3839
7838
3840
7839
3841
7840
3842
7841
3843
7842
3844
7843
3845
7844
3846
7845
3847
7846
3848
7847
3849
7848
3850
7849
3851
7850
3852
7851
3853
7852
3854
7853
3855
7854
3856
7855
3857
7856
3858
7857
3859
7858
3860
7859
3861
7860
3862
7861
3863
7862
3864
7863
3865
7864
3866
7865
3867
7866
3868
7867
3869
7868
3870
7869
3871
7870
3872
7871
3873
7872
3874
7873
3875
7874
3876
7875
3877
7876
3878
7877
3879
7878
3880
7879
3881
7880
3882
7881
3883
7882
3884
7883
3885
7884
3886
7885
3887
7886
3888
7887
3889
7888
3890
7889
3891
7890
3892
7891
3893
7892
3894
7893
3895
7894
3896
7895
3897
7896
3898
7897
3899
7898
3900
7899
3901
7900
3902
7901
3903
7902
3904
7903
3905
7904
3906
7905
3907
7906
3908
7907
3909
7908
3910
7909
3911
7910
3912
7911
3913
7912
3914
7913
3915
7914
3916
7915
3917
7916
3918
7917
3919
7918
3920
7919
3921
7920
3922
7921
3923
7922
3924
7923
3925
7924
3926
7925
3927
7926
3928
7927
3929
7928
3930
7929
3931
7930
3932
7931
3933
7932
3934
7933
3935
7934
3936
7935
3937
7936
3938
7937
3939
7938
3940
7939
3941
7940
3942
7941
3943
7942
3944
7943
3945
7944
3946
7945
3947
7946
3948
7947
3949
7948
3950
7949
3951
7950
3952
7951
3953
7952
3954
7953
3955
7954
3956
7955
3957
7956
3958
7957
3959
7958
3960
7959
3961
7960
3962
7961
3963
7962
3964
7963
3965
7964
3966
7965
3967
7966
3968
7967
3969
7968
3970
7969
3971
7970
3972
7971
3973
7972
3974
7973
3975
7974
3976
7975
3977
7976
3978
7977
3979
7978
3980
7979
3981
7980
3982
7981
3983
7982
3984
7983
3985
7984
3986
7985
3987
7986
3988
7987
3989
7988
3990
7989
3991
7990
3992
7991
3993
7992
3994
7993
3995
7994
3996
7995
3997
7996
3998
7997
3999
7998
7999
4001
4200
8000
4002
4201
8001
4003
4202
8002
4004
4203
8003
4005
4204
8004
4006
4205
8005
4007
4206
8006
4008
4207
8007
4009
4208
8008
4010
4209
8009
4011
4210
8010
4012
4211
8011
4013
4212
8012
4014
4213
8013
4015
4214
8014
4016
4215
8015
4017
4216
8016
4018
4217
8017
4019
4218
8018
4020
4219
8019
4021
4220
8020
4022
4221
8021
4023
4222
8022
4024
4223
8023
4025
4224
8024
4026
4225
8025
4027
4226
8026
4028
4227
8027
4029
4228
8028
4030
4229
8029
4031
4230
8030
4032
4231
8031
4033
4232
8032
4034
4233
8033
4035
4234
8034
4036
4235
8035
4037
4236
8036
4038
4237
8037
4039
4238
8038
4040
4239
8039
4041
4240
8040
4042
4241
8041
4043
4242
8042
4044
4243
8043
4045
4244
8044
4046
4245
8045
4047
4246
8046
4048
4247
8047
4049
4248
8048
4050
4249
8049
4051
4250
8050
4052
4251
8051
4053
4252
8052
4054
4253
8053
4055
4254
8054
4056
4255
8055
4057
4256
8056
4058
4257
8057
4059
4258
8058
4060
4259
8059
4061
4260
8060
4062
4261
8061
4063
4262
8062
4064
4263
8063
4065
4264
8064
4066
4265
8065
4067
4266
8066
4068
4267
8067
4069
4268
8068
4070
4269
8069
4071
4270
8070
4072
4271
8071
4073
4272
8072
4074
4273
8073
4075
4274
8074
4076
4275
8075
4077
4276
8076
4078
4277
8077
4079
4278
8078
4080
4279
8079
4081
4280
8080
4082
4281
8081
4083
4282
8082
4084
4283
8083
4085
4284
8084
4086
4285
8085
4087
4286
8086
4088
4287
8087
4089
4288
8088
4090
4289
8089
4091
4290
8090
4092
4291
8091
4093
4292
8092
4094
4293
8093
4095
4294
8094
4096
4295
8095
4097
4296
8096
4098
4297
8097
4099
4298
8098
4100
4299
8099
4101
4300
8100
4102
4301
8101
4103
4302
8102
4104
4303
8103
4105
4304
8104
4106
4305
8105
4107
4306
8106
4108
4307
8107
4109
4308
8108
4110
4309
8109
4111
4310
8110
4112
4311
8111
4113
4312
8112
4114
4313
8113
4115
4314
8114
4116
4315
8115
4117
4316
8116
4118
4317
8117
4119
4318
8118
4120
4319
8119
4121
4320
8120
4122
4321
8121
4123
4322
8122
4124
4323
8123
4125
4324
8124
4126
4325
8125
4127
4326
8126
4128
4327
8127
4129
4328
8128
4130
4329
8129
4131
4330
8130
4132
4331
8131
4133
4332
8132
4134
4333
8133
4135
4334
8134
4136
4335
8135
4137
4336
8136
4138
4337
8137
4139
4338
8138
4140
4339
8139
4141
4340
8140
4142
4341
8141
4143
4342
8142
4144
4343
8143
4145
4344
8144
4146
4345
8145
4147
4346
8146
4148
4347
8147
4149
4348
8148
4150
4349
8149
4151
4350
8150
4152
4351
8151
4153
4352
8152
4154
4353
8153
4155
4354
8154
4156
4355
8155
4157
4356
8156
4158
4357
8157
4159
4358
8158
4160
4359
8159
4161
4360
8160
4162
4361
8161
4163
4362
8162
4164
4363
8163
4165
4364
8164
4166
4365
8165
4167
4366
8166
4168
4367
8167
4169
4368
8168
4170
4369
8169
4171
4370
8170
4172
4371
8171
4173
4372
8172
4174
4373
8173
4175
4374
8174
4176
4375
8175
4177
4376
8176
4178
4377
8177
4179
4378
8178
4180
4379
8179
4181
4380
8180
4182
4381
8181
4183
4382
8182
4184
4383
8183
4185
4384
8184
4186
4385
8185
4187
4386
8186
4188
4387
8187
4189
4388
8188
4190
4389
8189
4191
4390
8190
4192
4391
8191
4193
4392
8192
4194
4393
8193
4195
4394
8194
4196
4395
8195
4197
4396
8196
4198
4397
8197
4199
4398
8198
4399
8199
4201
4400
8200
4202
4401
8201
4203
4402
8202
4204
4403
8203
4205
4404
8204
4206
4405
8205
4207
4406
8206
4208
4407
8207
4209
4408
8208
4210
4409
8209
4211
4410
8210
4212
4411
8211
4213
4412
8212
4214
4413
8213
4215
4414
8214
4216
4415
8215
4217
4416
8216
4218
4417
8217
4219
4418
8218
4220
4419
8219
4221
4420
8220
4222
4421
8221
4223
4422
8222
4224
4423
8223
4225
4424
8224
4226
4425
8225
4227
4426
8226
4228
4427
8227
4229
4428
8228
4230
4429
8229
4231
4430
8230
4232
4431
8231
4233
4432
8232
4234
4433
8233
4235
4434
8234
4236
4435
8235
4237
4436
8236
4238
4437
8237
4239
4438
8238
4240
4439
8239
4241
4440
8240
4242
4441
8241
4243
4442
8242
4244
4443
8243
4245
4444
8244
4246
4445
8245
4247
4446
8246
4248
4447
8247
4249
4448
8248
4250
4449
8249
4251
4450
8250
4252
4451
8251
4253
4452
8252
4254
4453
8253
4255
4454
8254
4256
4455
8255
4257
4456
8256
4258
4457
8257
4259
4458
8258
4260
4459
8259
4261
4460
8260
4262
4461
8261
4263
4462
8262
4264
4463
8263
4265
4464
8264
4266
4465
8265
4267
4466
8266
4268
4467
8267
4269
4468
8268
4270
4469
8269
4271
4470
8270
4272
4471
8271
4273
4472
8272
4274
4473
8273
4275
4474
8274
4276
4475
8275
4277
4476
8276
4278
4477
8277
4279
4478
8278
4280
4479
8279
4281
4480
8280
4282
4481
8281
4283
4482
8282
4284
4483
8283
4285
4484
8284
4286
4485
8285
4287
4486
8286
4288
4487
8287
4289
4488
8288
4290
4489
8289
4291
4490
8290
4292
4491
8291
4293
4492
8292
4294
4493
8293
4295
4494
8294
4296
4495
8295
4297
4496
8296
4298
4497
8297
4299
4498
8298
4300
4499
8299
4301
4500
8300
4302
4501
8301
4303
4502
8302
4304
4503
8303
4305
4504
8304
4306
4505
8305
4307
4506
8306
4308
4507
8307
4309
4508
8308
4310
4509
8309
4311
4510
8310
4312
4511
8311
4313
4512
8312
4314
4513
8313
4315
4514
8314
4316
4515
8315
4317
4516
8316
4318
4517
8317
4319
4518
8318
4320
4519
8319
4321
4520
8320
4322
4521
8321
4323
4522
8322
4324
4523
8323
4325
4524
8324
4326
4525
8325
4327
4526
8326
4328
4527
8327
4329
4528
8328
4330
4529
8329
4331
4530
8330
4332
4531
8331
4333
4532
8332
4334
4533
8333
4335
4534
8334
4336
4535
8335
4337
4536
8336
4338
4537
8337
4339
4538
8338
4340
4539
8339
4341
4540
8340
4342
4541
8341
4343
4542
8342
4344
4543
8343
4345
4544
8344
4346
4545
8345
4347
4546
8346
4348
4547
8347
4349
4548
8348
4350
4549
8349
4351
4550
8350
4352
4551
8351
4353
4552
8352
4354
4553
8353
4355
4554
8354
4356
4555
8355
4357
4556
8356
4358
4557
8357
4359
4558
8358
4360
4559
8359
4361
4560
8360
4362
4561
8361
4363
4562
8362
4364
4563
8363
4365
4564
8364
4366
4565
8365
4367
4566
8366
4368
4567
8367
4369
4568
8368
4370
4569
8369
4371
4570
8370
4372
4571
8371
4373
4572
8372
4374
4573
8373
4375
4574
8374
4376
4575
8375
4377
4576
8376
4378
4577
8377
4379
4578
8378
4380
4579
8379
4381
4580
8380
4382
4581
8381
4383
4582
8382
4384
4583
8383
4385
4584
8384
4386
4585
8385
4387
4586
8386
4388
4587
8387
4389
4588
8388
4390
4589
8389
4391
4590
8390
4392
4591
8391
4393
4592
8392
4394
4593
8393
4395
4594
8394
4396
4595
8395
4397
4596
8396
4398
4597
8397
4399
4598
8398
4599
8399
4401
4600
8400
4402
4601
8401
4403
4602
8402
4404
4603
8403
4405
4604
8404
4406
4605
8405
4407
4606
8406
4408
4607
8407
4409
4608
8408
4410
4609
8409
4411
4610
8410
4412
4611
8411
4413
4612
8412
4414
4613
8413
4415
4614
8414
4416
4615
8415
4417
4616
8416
4418
4617
8417
4419
4618
8418
4420
4619
8419
4421
4620
8420
4422
4621
8421
4423
4622
8422
4424
4623
8423
4425
4624
8424
4426
4625
8425
4427
4626
8426
4428
4627
8427
4429
4628
8428
4430
4629
8429
4431
4630
8430
4432
4631
8431
4433
4632
8432
4434
4633
8433
4435
4634
8434
4436
4635
8435
4437
4636
8436
4438
4637
8437
4439
4638
8438
4440
4639
8439
4441
4640
8440
4442
4641
8441
4443
4642
8442
4444
4643
8443
4445
4644
8444
4446
4645
8445
4447
4646
8446
4448
4647
8447
4449
4648
8448
4450
4649
8449
4451
4650
8450
4452
4651
8451
4453
4652
8452
4454
4653
8453
4455
4654
8454
4456
4655
8455
4457
4656
8456
4458
4657
8457
4459
4658
8458
4460
4659
8459
4461
4660
8460
4462
4661
8461
4463
4662
8462
4464
4663
8463
4465
4664
8464
4466
4665
8465
4467
4666
8466
4468
4667
8467
4469
4668
8468
4470
4669
8469
4471
4670
8470
4472
4671
8471
4473
4672
8472
4474
4673
8473
4475
4674
8474
4476
4675
8475
4477
4676
8476
4478
4677
8477
4479
4678
8478
4480
4679
8479
4481
4680
8480
4482
4681
8481
4483
4682
8482
4484
4683
8483
4485
4684
8484
4486
4685
8485
4487
4686
8486
4488
4687
8487
4489
4688
8488
4490
4689
8489
4491
4690
8490
4492
4691
8491
4493
4692
8492
4494
4693
8493
4495
4694
8494
4496
4695
8495
4497
4696
8496
4498
4697
8497
4499
4698
8498
4500
4699
8499
4501
4700
8500
4502
4701
8501
4503
4702
8502
4504
4703
8503
4505
4704
8504
4506
4705
8505
4507
4706
8506
4508
4707
8507
4509
4708
8508
4510
4709
8509
4511
4710
8510
4512
4711
8511
4513
4712
8512
4514
4713
8513
4515
4714
8514
4516
4715
8515
4517
4716
8516
4518
4717
8517
4519
4718
8518
4520
4719
8519
4521
4720
8520
4522
4721
8521
4523
4722
8522
4524
4723
8523
4525
4724
8524
4526
4725
8525
4527
4726
8526
4528
4727
8527
4529
4728
8528
4530
4729
8529
4531
4730
8530
4532
4731
8531
4533
4732
8532
4534
4733
8533
4535
4734
8534
4536
4735
8535
4537
4736
8536
4538
4737
8537
4539
4738
8538
4540
4739
8539
4541
4740
8540
4542
4741
8541
4543
4742
8542
4544
4743
8543
4545
4744
8544
4546
4745
8545
4547
4746
8546
4548
4747
8547
4549
4748
8548
4550
4749
8549
4551
4750
8550
4552
4751
8551
4553
4752
8552
4554
4753
8553
4555
4754
8554
4556
4755
8555
4557
4756
8556
4558
4757
8557
4559
4758
8558
4560
4759
8559
4561
4760
8560
4562
4761
8561
4563
4762
8562
4564
4763
8563
4565
4764
8564
4566
4765
8565
4567
4766
8566
4568
4767
8567
4569
4768
8568
4570
4769
8569
4571
4770
8570
4572
4771
8571
4573
4772
8572
4574
4773
8573
4575
4774
8574
4576
4775
8575
4577
4776
8576
4578
4777
8577
4579
4778
8578
4580
4779
8579
4581
4780
8580
4582
4781
8581
4583
4782
8582
4584
4783
8583
4585
4784
8584
4586
4785
8585
4587
4786
8586
4588
4787
8587
4589
4788
8588
4590
4789
8589
4591
4790
8590
4592
4791
8591
4593
4792
8592
4594
4793
8593
4595
4794
8594
4596
4795
8595
4597
4796
8596
4598
4797
8597
4599
4798
8598
4799
8599
4601
4800
8600
4602
4801
8601
4603
4802
8602
4604
4803
8603
4605
4804
8604
4606
4805
8605
4607
4806
8606
4608
4807
8607
4609
4808
8608
4610
4809
8609
4611
4810
8610
4612
4811
8611
4613
4812
8612
4614
4813
8613
4615
4814
8614
4616
4815
8615
4617
4816
8616
4618
4817
8617
4619
4818
8618
4620
4819
8619
4621
4820
8620
4622
4821
8621
4623
4822
8622
4624
4823
8623
4625
4824
8624
4626
4825
8625
4627
4826
8626
4628
4827
8627
4629
4828
8628
4630
4829
8629
4631
4830
8630
4632
4831
8631
4633
4832
8632
4634
4833
8633
4635
4834
8634
4636
4835
8635
4637
4836
8636
4638
4837
8637
4639
4838
8638
4640
4839
8639
4641
4840
8640
4642
4841
8641
4643
4842
8642
4644
4843
8643
4645
4844
8644
4646
4845
8645
4647
4846
8646
4648
4847
8647
4649
4848
8648
4650
4849
8649
4651
4850
8650
4652
4851
8651
4653
4852
8652
4654
4853
8653
4655
4854
8654
4656
4855
8655
4657
4856
8656
4658
4857
8657
4659
4858
8658
4660
4859
8659
4661
4860
8660
4662
4861
8661
4663
4862
8662
4664
4863
8663
4665
4864
8664
4666
4865
8665
4667
4866
8666
4668
4867
8667
4669
4868
8668
4670
4869
8669
4671
4870
8670
4672
4871
8671
4673
4872
8672
4674
4873
8673
4675
4874
8674
4676
4875
8675
4677
4876
8676
4678
4877
8677
4679
4878
8678
4680
4879
8679
4681
4880
8680
4682
4881
8681
4683
4882
8682
4684
4883
8683
4685
4884
8684
4686
4885
8685
4687
4886
8686
4688
4887
8687
4689
4888
8688
4690
4889
8689
4691
4890
8690
4692
4891
8691
4693
4892
8692
4694
4893
8693
4695
4894
8694
4696
4895
8695
4697
4896
8696
4698
4897
8697
4699
4898
8698
4700
4899
8699
4701
4900
8700
4702
4901
8701
4703
4902
8702
4704
4903
8703
4705
4904
8704
4706
4905
8705
4707
4906
8706
4708
4907
8707
4709
4908
8708
4710
4909
8709
4711
4910
8710
4712
4911
8711
4713
4912
8712
4714
4913
8713
4715
4914
8714
4716
4915
8715
4717
4916
8716
4718
4917
8717
4719
4918
8718
4720
4919
8719
4721
4920
8720
4722
4921
8721
4723
4922
8722
4724
4923
8723
4725
4924
8724
4726
4925
8725
4727
4926
8726
4728
4927
8727
4729
4928
8728
4730
4929
8729
4731
4930
8730
4732
4931
8731
4733
4932
8732
4734
4933
8733
4735
4934
8734
4736
4935
8735
4737
4936
8736
4738
4937
8737
4739
4938
8738
4740
4939
8739
4741
4940
8740
4742
4941
8741
4743
4942
8742
4744
4943
8743
4745
4944
8744
4746
4945
8745
4747
4946
8746
4748
4947
8747
4749
4948
8748
4750
4949
8749
4751
4950
8750
4752
4951
8751
4753
4952
8752
4754
4953
8753
4755
4954
8754
4756
4955
8755
4757
4956
8756
4758
4957
8757
4759
4958
8758
4760
4959
8759
4761
4960
8760
4762
4961
8761
4763
4962
8762
4764
4963
8763
4765
4964
8764
4766
4965
8765
4767
4966
8766
4768
4967
8767
4769
4968
8768
4770
4969
8769
4771
4970
8770
4772
4971
8771
4773
4972
8772
4774
4973
8773
4775
4974
8774
4776
4975
8775
4777
4976
8776
4778
4977
8777
4779
4978
8778
4780
4979
8779
4781
4980
8780
4782
4981
8781
4783
4982
8782
4784
4983
8783
4785
4984
8784
4786
4985
8785
4787
4986
8786
4788
4987
8787
4789
4988
8788
4790
4989
8789
4791
4990
8790
4792
4991
8791
4793
4992
8792
4794
4993
8793
4795
4994
8794
4796
4995
8795
4797
4996
8796
4798
4997
8797
4799
4998
8798
4999
8799
4801
5000
8800
4802
5001
8801
4803
5002
8802
4804
5003
8803
4805
5004
8804
4806
5005
8805
4807
5006
8806
4808
5007
8807
4809
5008
8808
4810
5009
8809
4811
5010
8810
4812
5011
8811
4813
5012
8812
4814
5013
8813
4815
5014
8814
4816
5015
8815
4817
5016
8816
4818
5017
8817
4819
5018
8818
4820
5019
8819
4821
5020
8820
4822
5021
8821
4823
5022
8822
4824
5023
8823
4825
5024
8824
4826
5025
8825
4827
5026
8826
4828
5027
8827
4829
5028
8828
4830
5029
8829
4831
5030
8830
4832
5031
8831
4833
5032
8832
4834
5033
8833
4835
5034
8834
4836
5035
8835
4837
5036
8836
4838
5037
8837
4839
5038
8838
4840
5039
8839
4841
5040
8840
4842
5041
8841
4843
5042
8842
4844
5043
8843
4845
5044
8844
4846
5045
8845
4847
5046
8846
4848
5047
8847
4849
5048
8848
4850
5049
8849
4851
5050
8850
4852
5051
8851
4853
5052
8852
4854
5053
8853
4855
5054
8854
4856
5055
8855
4857
5056
8856
4858
5057
8857
4859
5058
8858
4860
5059
8859
4861
5060
8860
4862
5061
8861
4863
5062
8862
4864
5063
8863
4865
5064
8864
4866
5065
8865
4867
5066
8866
4868
5067
8867
4869
5068
8868
4870
5069
8869
4871
5070
8870
4872
5071
8871
4873
5072
8872
4874
5073
8873
4875
5074
8874
4876
5075
8875
4877
5076
8876
4878
5077
8877
4879
5078
8878
4880
5079
8879
4881
5080
8880
4882
5081
8881
4883
5082
8882
4884
5083
8883
4885
5084
8884
4886
5085
8885
4887
5086
8886
4888
5087
8887
4889
5088
8888
4890
5089
8889
4891
5090
8890
4892
5091
8891
4893
5092
8892
4894
5093
8893
4895
5094
8894
4896
5095
8895
4897
5096
8896
4898
5097
8897
4899
5098
8898
4900
5099
8899
4901
5100
8900
4902
5101
8901
4903
5102
8902
4904
5103
8903
4905
5104
8904
4906
5105
8905
4907
5106
8906
4908
5107
8907
4909
5108
8908
4910
5109
8909
4911
5110
8910
4912
5111
8911
4913
5112
8912
4914
5113
8913
4915
5114
8914
4916
5115
8915
4917
5116
8916
4918
5117
8917
4919
5118
8918
4920
5119
8919
4921
5120
8920
4922
5121
8921
4923
5122
8922
4924
5123
8923
4925
5124
8924
4926
5125
8925
4927
5126
8926
4928
5127
8927
4929
5128
8928
4930
5129
8929
4931
5130
8930
4932
5131
8931
4933
5132
8932
4934
5133
8933
4935
5134
8934
4936
5135
8935
4937
5136
8936
4938
5137
8937
4939
5138
8938
4940
5139
8939
4941
5140
8940
4942
5141
8941
4943
5142
8942
4944
5143
8943
4945
5144
8944
4946
5145
8945
4947
5146
8946
4948
5147
8947
4949
5148
8948
4950
5149
8949
4951
5150
8950
4952
5151
8951
4953
5152
8952
4954
5153
8953
4955
5154
8954
4956
5155
8955
4957
5156
8956
4958
5157
8957
4959
5158
8958
4960
5159
8959
4961
5160
8960
4962
5161
8961
4963
5162
8962
4964
5163
8963
4965
5164
8964
4966
5165
8965
4967
5166
8966
4968
5167
8967
4969
5168
8968
4970
5169
8969
4971
5170
8970
4972
5171
8971
4973
5172
8972
4974
5173
8973
4975
5174
8974
4976
5175
8975
4977
5176
8976
4978
5177
8977
4979
5178
8978
4980
5179
8979
4981
5180
8980
4982
5181
8981
4983
5182
8982
4984
5183
8983
4985
5184
8984
4986
5185
8985
4987
5186
8986
4988
5187
8987
4989
5188
8988
4990
5189
8989
4991
5190
8990
4992
5191
8991
4993
5192
8992
4994
5193
8993
4995
5194
8994
4996
5195
8995
4997
5196
8996
4998
5197
8997
4999
5198
8998
5199
8999
5001
5200
9000
5002
5201
9001
5003
5202
9002
5004
5203
9003
5005
5204
9004
5006
5205
9005
5007
5206
9006
5008
5207
9007
5009
5208
9008
5010
5209
9009
5011
5210
9010
5012
5211
9011
5013
5212
9012
5014
5213
9013
5015
5214
9014
5016
5215
9015
5017
5216
9016
5018
5217
9017
5019
5218
9018
5020
5219
9019
5021
5220
9020
5022
5221
9021
5023
5222
9022
5024
5223
9023
5025
5224
9024
5026
5225
9025
5027
5226
9026
5028
5227
9027
5029
5228
9028
5030
5229
9029
5031
5230
9030
5032
5231
9031
5033
5232
9032
5034
5233
9033
5035
5234
9034
5036
5235
9035
5037
5236
9036
5038
5237
9037
5039
5238
9038
5040
5239
9039
5041
5240
9040
5042
5241
9041
5043
5242
9042
5044
5243
9043
5045
5244
9044
5046
5245
9045
5047
5246
9046
5048
5247
9047
5049
5248
9048
5050
5249
9049
5051
5250
9050
5052
5251
9051
5053
5252
9052
5054
5253
9053
5055
5254
9054
5056
5255
9055
5057
5256
9056
5058
5257
9057
5059
5258
9058
5060
5259
9059
5061
5260
9060
5062
5261
9061
5063
5262
9062
5064
5263
9063
5065
5264
9064
5066
5265
9065
5067
5266
9066
5068
5267
9067
5069
5268
9068
5070
5269
9069
5071
5270
9070
5072
5271
9071
5073
5272
9072
5074
5273
9073
5075
5274
9074
5076
5275
9075
5077
5276
9076
5078
5277
9077
5079
5278
9078
5080
5279
9079
5081
5280
9080
5082
5281
9081
5083
5282
9082
5084
5283
9083
5085
5284
9084
5086
5285
9085
5087
5286
9086
5088
5287
9087
5089
5288
9088
5090
5289
9089
5091
5290
9090
5092
5291
9091
5093
5292
9092
5094
5293
9093
5095
5294
9094
5096
5295
9095
5097
5296
9096
5098
5297
9097
5099
5298
9098
5100
5299
9099
5101
5300
9100
5102
5301
9101
5103
5302
9102
5104
5303
9103
5105
5304
9104
5106
5305
9105
5107
5306
9106
5108
5307
9107
5109
5308
9108
5110
5309
9109
5111
5310
9110
5112
5311
9111
5113
5312
9112
5114
5313
9113
5115
5314
9114
5116
5315
9115
5117
5316
9116
5118
5317
9117
5119
5318
9118
5120
5319
9119
5121
5320
9120
5122
5321
9121
5123
5322
9122
5124
5323
9123
5125
5324
9124
5126
5325
9125
5127
5326
9126
5128
5327
9127
5129
5328
9128
5130
5329
9129
5131
5330
9130
5132
5331
9131
5133
5332
9132
5134
5333
9133
5135
5334
9134
5136
5335
9135
5137
5336
9136
5138
5337
9137
5139
5338
9138
5140
5339
9139
5141
5340
9140
5142
5341
9141
5143
5342
9142
5144
5343
9143
5145
5344
9144
5146
5345
9145
5147
5346
9146
5148
5347
9147
5149
5348
9148
5150
5349
9149
5151
5350
9150
5152
5351
9151
5153
5352
9152
5154
5353
9153
5155
5354
9154
5156
5355
9155
5157
5356
9156
5158
5357
9157
5159
5358
9158
5160
5359
9159
5161
5360
9160
5162
5361
9161
5163
5362
9162
5164
5363
9163
5165
5364
9164
5166
5365
9165
5167
5366
9166
5168
5367
9167
5169
5368
9168
5170
5369
9169
5171
5370
9170
5172
5371
9171
5173
5372
9172
5174
5373
9173
5175
5374
9174
5176
5375
9175
5177
5376
9176
5178
5377
9177
5179
5378
9178
5180
5379
9179
5181
5380
9180
5182
5381
9181
5183
5382
9182
5184
5383
9183
5185
5384
9184
5186
5385
9185
5187
5386
9186
5188
5387
9187
5189
5388
9188
5190
5389
9189
5191
5390
9190
5192
5391
9191
5193
5392
9192
5194
5393
9193
5195
5394
9194
5196
5395
9195
5197
5396
9196
5198
5397
9197
5199
5398
9198
5399
9199
5201
5400
9200
5202
5401
9201
5203
5402
9202
5204
5403
9203
5205
5404
9204
5206
5405
9205
5207
5406
9206
5208
5407
9207
5209
5408
9208
5210
5409
9209
5211
5410
9210
5212
5411
9211
5213
5412
9212
5214
5413
9213
5215
5414
9214
5216
5415
9215
5217
5416
9216
5218
5417
9217
5219
5418
9218
5220
5419
9219
5221
5420
9220
5222
5421
9221
5223
5422
9222
5224
5423
9223
5225
5424
9224
5226
5425
9225
5227
5426
9226
5228
5427
9227
5229
5428
9228
5230
5429
9229
5231
5430
9230
5232
5431
9231
5233
5432
9232
5234
5433
9233
5235
5434
9234
5236
5435
9235
5237
5436
9236
5238
5437
9237
5239
5438
9238
5240
5439
9239
5241
5440
9240
5242
5441
9241
5243
5442
9242
5244
5443
9243
5245
5444
9244
5246
5445
9245
5247
5446
9246
5248
5447
9247
5249
5448
9248
5250
5449
9249
5251
5450
9250
5252
5451
9251
5253
5452
9252
5254
5453
9253
5255
5454
9254
5256
5455
9255
5257
5456
9256
5258
5457
9257
5259
5458
9258
5260
5459
9259
5261
5460
9260
5262
5461
9261
5263
5462
9262
5264
5463
9263
5265
5464
9264
5266
5465
9265
5267
5466
9266
5268
5467
9267
5269
5468
9268
5270
5469
9269
5271
5470
9270
5272
5471
9271
5273
5472
9272
5274
5473
9273
5275
5474
9274
5276
5475
9275
5277
5476
9276
5278
5477
9277
5279
5478
9278
5280
5479
9279
5281
5480
9280
5282
5481
9281
5283
5482
9282
5284
5483
9283
5285
5484
9284
5286
5485
9285
5287
5486
9286
5288
5487
9287
5289
5488
9288
5290
5489
9289
5291
5490
9290
5292
5491
9291
5293
5492
9292
5294
5493
9293
5295
5494
9294
5296
5495
9295
5297
5496
9296
5298
5497
9297
5299
5498
9298
5300
5499
9299
5301
5500
9300
5302
5501
9301
5303
5502
9302
5304
5503
9303
5305
5504
9304
5306
5505
9305
5307
5506
9306
5308
5507
9307
5309
5508
9308
5310
5509
9309
5311
5510
9310
5312
5511
9311
5313
5512
9312
5314
5513
9313
5315
5514
9314
5316
5515
9315
5317
5516
9316
5318
5517
9317
5319
5518
9318
5320
5519
9319
5321
5520
9320
5322
5521
9321
5323
5522
9322
5324
5523
9323
5325
5524
9324
5326
5525
9325
5327
5526
9326
5328
5527
9327
5329
5528
9328
5330
5529
9329
5331
5530
9330
5332
5531
9331
5333
5532
9332
5334
5533
9333
5335
5534
9334
5336
5535
9335
5337
5536
9336
5338
5537
9337
5339
5538
9338
5340
5539
9339
5341
5540
9340
5342
5541
9341
5343
5542
9342
5344
5543
9343
5345
5544
9344
5346
5545
9345
5347
5546
9346
5348
5547
9347
5349
5548
9348
5350
5549
9349
5351
5550
9350
5352
5551
9351
5353
5552
9352
5354
5553
9353
5355
5554
9354
5356
5555
9355
5357
5556
9356
5358
5557
9357
5359
5558
9358
5360
5559
9359
5361
5560
9360
5362
5561
9361
5363
5562
9362
5364
5563
9363
5365
5564
9364
5366
5565
9365
5367
5566
9366
5368
5567
9367
5369
5568
9368
5370
5569
9369
5371
5570
9370
5372
5571
9371
5373
5572
9372
5374
5573
9373
5375
5574
9374
5376
5575
9375
5377
5576
9376
5378
5577
9377
5379
5578
9378
5380
5579
9379
5381
5580
9380
5382
5581
9381
5383
5582
9382
5384
5583
9383
5385
5584
9384
5386
5585
9385
5387
5586
9386
5388
5587
9387
5389
5588
9388
5390
5589
9389
5391
5590
9390
5392
5591
9391
5393
5592
9392
5394
5593
9393
5395
5594
9394
5396
5595
9395
5397
5596
9396
5398
5597
9397
5399
5598
9398
5599
9399
5401
5600
9400
5402
5601
9401
5403
5602
9402
5404
5603
9403
5405
5604
9404
5406
5605
9405
5407
5606
9406
5408
5607
9407
5409
5608
9408
5410
5609
9409
5411
5610
9410
5412
5611
9411
5413
5612
9412
5414
5613
9413
5415
5614
9414
5416
5615
9415
5417
5616
9416
5418
5617
9417
5419
5618
9418
5420
5619
9419
5421
5620
9420
5422
5621
9421
5423
5622
9422
5424
5623
9423
5425
5624
9424
5426
5625
9425
5427
5626
9426
5428
5627
9427
5429
5628
9428
5430
5629
9429
5431
5630
9430
5432
5631
9431
5433
5632
9432
5434
5633
9433
5435
5634
9434
5436
5635
9435
5437
5636
9436
5438
5637
9437
5439
5638
9438
5440
5639
9439
5441
5640
9440
5442
5641
9441
5443
5642
9442
5444
5643
9443
5445
5644
9444
5446
5645
9445
5447
5646
9446
5448
5647
9447
5449
5648
9448
5450
5649
9449
5451
5650
9450
5452
5651
9451
5453
5652
9452
5454
5653
9453
5455
5654
9454
5456
5655
9455
5457
5656
9456
5458
5657
9457
5459
5658
9458
5460
5659
9459
5461
5660
9460
5462
5661
9461
5463
5662
9462
5464
5663
9463
5465
5664
9464
5466
5665
9465
5467
5666
9466
5468
5667
9467
5469
5668
9468
5470
5669
9469
5471
5670
9470
5472
5671
9471
5473
5672
9472
5474
5673
9473
5475
5674
9474
5476
5675
9475
5477
5676
9476
5478
5677
9477
5479
5678
9478
5480
5679
9479
5481
5680
9480
5482
5681
9481
5483
5682
9482
5484
5683
9483
5485
5684
9484
5486
5685
9485
5487
5686
9486
5488
5687
9487
5489
5688
9488
5490
5689
9489
5491
5690
9490
5492
5691
9491
5493
5692
9492
5494
5693
9493
5495
5694
9494
5496
5695
9495
5497
5696
9496
5498
5697
9497
5499
5698
9498
5500
5699
9499
5501
5700
9500
5502
5701
9501
5503
5702
9502
5504
5703
9503
5505
5704
9504
5506
5705
9505
5507
5706
9506
5508
5707
9507
5509
5708
9508
5510
5709
9509
5511
5710
9510
5512
5711
9511
5513
5712
9512
5514
5713
9513
5515
5714
9514
5516
5715
9515
5517
5716
9516
5518
5717
9517
5519
5718
9518
5520
5719
9519
5521
5720
9520
5522
5721
9521
5523
5722
9522
5524
5723
9523
5525
5724
9524
5526
5725
9525
5527
5726
9526
5528
5727
9527
5529
5728
9528
5530
5729
9529
5531
5730
9530
5532
5731
9531
5533
5732
9532
5534
5733
9533
5535
5734
9534
5536
5735
9535
5537
5736
9536
5538
5737
9537
5539
5738
9538
5540
5739
9539
5541
5740
9540
5542
5741
9541
5543
5742
9542
5544
5743
9543
5545
5744
9544
5546
5745
9545
5547
5746
9546
5548
5747
9547
5549
5748
9548
5550
5749
9549
5551
5750
9550
5552
5751
9551
5553
5752
9552
5554
5753
9553
5555
5754
9554
5556
5755
9555
5557
5756
9556
5558
5757
9557
5559
5758
9558
5560
5759
9559
5561
5760
9560
5562
5761
9561
5563
5762
9562
5564
5763
9563
5565
5764
9564
5566
5765
9565
5567
5766
9566
5568
5767
9567
5569
5768
9568
5570
5769
9569
5571
5770
9570
5572
5771
9571
5573
5772
9572
5574
5773
9573
5575
5774
9574
5576
5775
9575
5577
5776
9576
5578
5777
9577
5579
5778
9578
5580
5779
9579
5581
5780
9580
5582
5781
9581
5583
5782
9582
5584
5783
9583
5585
5784
9584
5586
5785
9585
5587
5786
9586
5588
5787
9587
5589
5788
9588
5590
5789
9589
5591
5790
9590
5592
5791
9591
5593
5792
9592
5594
5793
9593
5595
5794
9594
5596
5795
9595
5597
5796
9596
5598
5797
9597
5599
5798
9598
5799
9599
5601
5800
9600
5602
5801
9601
5603
5802
9602
5604
5803
9603
5605
5804
9604
5606
5805
9605
5607
5806
9606
5608
5807
9607
5609
5808
9608
5610
5809
9609
5611
5810
9610
5612
5811
9611
5613
5812
9612
5614
5813
9613
5615
5814
9614
5616
5815
9615
5617
5816
9616
5618
5817
9617
5619
5818
9618
5620
5819
9619
5621
5820
9620
5622
5821
9621
5623
5822
9622
5624
5823
9623
5625
5824
9624
5626
5825
9625
5627
5826
9626
5628
5827
9627
5629
5828
9628
5630
5829
9629
5631
5830
9630
5632
5831
9631
5633
5832
9632
5634
5833
9633
5635
5834
9634
5636
5835
9635
5637
5836
9636
5638
5837
9637
5639
5838
9638
5640
5839
9639
5641
5840
9640
5642
5841
9641
5643
5842
9642
5644
5843
9643
5645
5844
9644
5646
5845
9645
5647
5846
9646
5648
5847
9647
5649
5848
9648
5650
5849
9649
5651
5850
9650
5652
5851
9651
5653
5852
9652
5654
5853
9653
5655
5854
9654
5656
5855
9655
5657
5856
9656
5658
5857
9657
5659
5858
9658
5660
5859
9659
5661
5860
9660
5662
5861
9661
5663
5862
9662
5664
5863
9663
5665
5864
9664
5666
5865
9665
5667
5866
9666
5668
5867
9667
5669
5868
9668
5670
5869
9669
5671
5870
9670
5672
5871
9671
5673
5872
9672
5674
5873
9673
5675
5874
9674
5676
5875
9675
5677
5876
9676
5678
5877
9677
5679
5878
9678
5680
5879
9679
5681
5880
9680
5682
5881
9681
5683
5882
9682
5684
5883
9683
5685
5884
9684
5686
5885
9685
5687
5886
9686
5688
5887
9687
5689
5888
9688
5690
5889
9689
5691
5890
9690
5692
5891
9691
5693
5892
9692
5694
5893
9693
5695
5894
9694
5696
5895
9695
5697
5896
9696
5698
5897
9697
5699
5898
9698
5700
5899
9699
5701
5900
9700
5702
5901
9701
5703
5902
9702
5704
5903
9703
5705
5904
9704
5706
5905
9705
5707
5906
9706
5708
5907
9707
5709
5908
9708
5710
5909
9709
5711
5910
9710
5712
5911
9711
5713
5912
9712
5714
5913
9713
5715
5914
9714
5716
5915
9715
5717
5916
9716
5718
5917
9717
5719
5918
9718
5720
5919
9719
5721
5920
9720
5722
5921
9721
5723
5922
9722
5724
5923
9723
5725
5924
9724
5726
5925
9725
5727
5926
9726
5728
5927
9727
5729
5928
9728
5730
5929
9729
5731
5930
9730
5732
5931
9731
5733
5932
9732
5734
5933
9733
5735
5934
9734
5736
5935
9735
5737
5936
9736
5738
5937
9737
5739
5938
9738
5740
5939
9739
5741
5940
9740
5742
5941
9741
5743
5942
9742
5744
5943
9743
5745
5944
9744
5746
5945
9745
5747
5946
9746
5748
5947
9747
5749
5948
9748
5750
5949
9749
5751
5950
9750
5752
5951
9751
5753
5952
9752
5754
5953
9753
5755
5954
9754
5756
5955
9755
5757
5956
9756
5758
5957
9757
5759
5958
9758
5760
5959
9759
5761
5960
9760
5762
5961
9761
5763
5962
9762
5764
5963
9763
5765
5964
9764
5766
5965
9765
5767
5966
9766
5768
5967
9767
5769
5968
9768
5770
5969
9769
5771
5970
9770
5772
5971
9771
5773
5972
9772
5774
5973
9773
5775
5974
9774
5776
5975
9775
5777
5976
9776
5778
5977
9777
5779
5978
9778
5780
5979
9779
5781
5980
9780
5782
5981
9781
5783
5982
9782
5784
5983
9783
5785
5984
9784
5786
5985
9785
5787
5986
9786
5788
5987
9787
5789
5988
9788
5790
5989
9789
5791
5990
9790
5792
5991
9791
5793
5992
9792
5794
5993
9793
5795
5994
9794
5796
5995
9795
5797
5996
9796
5798
5997
9797
5799
5998
9798
5999
9799
5801
6000
9800
5802
6001
9801
5803
6002
9802
5804
6003
9803
5805
6004
9804
5806
6005
9805
5807
6006
9806
5808
6007
9807
5809
6008
9808
5810
6009
9809
5811
6010
9810
5812
6011
9811
5813
6012
9812
5814
6013
9813
5815
6014
9814
5816
6015
9815
5817
6016
9816
5818
6017
9817
5819
6018
9818
5820
6019
9819
5821
6020
9820
5822
6021
9821
5823
6022
9822
5824
6023
9823
5825
6024
9824
5826
6025
9825
5827
6026
9826
5828
6027
9827
5829
6028
9828
5830
6029
9829
5831
6030
9830
5832
6031
9831
5833
6032
9832
5834
6033
9833
5835
6034
9834
5836
6035
9835
5837
6036
9836
5838
6037
9837
5839
6038
9838
5840
6039
9839
5841
6040
9840
5842
6041
9841
5843
6042
9842
5844
6043
9843
5845
6044
9844
5846
6045
9845
5847
6046
9846
5848
6047
9847
5849
6048
9848
5850
6049
9849
5851
6050
9850
5852
6051
9851
5853
6052
9852
5854
6053
9853
5855
6054
9854
5856
6055
9855
5857
6056
9856
5858
6057
9857
5859
6058
9858
5860
6059
9859
5861
6060
9860
5862
6061
9861
5863
6062
9862
5864
6063
9863
5865
6064
9864
5866
6065
9865
5867
6066
9866
5868
6067
9867
5869
6068
9868
5870
6069
9869
5871
6070
9870
5872
6071
9871
5873
6072
9872
5874
6073
9873
5875
6074
9874
5876
6075
9875
5877
6076
9876
5878
6077
9877
5879
6078
9878
5880
6079
9879
5881
6080
9880
5882
6081
9881
5883
6082
9882
5884
6083
9883
5885
6084
9884
5886
6085
9885
5887
6086
9886
5888
6087
9887
5889
6088
9888
5890
6089
9889
5891
6090
9890
5892
6091
9891
5893
6092
9892
5894
6093
9893
5895
6094
9894
5896
6095
9895
5897
6096
9896
5898
6097
9897
5899
6098
9898
5900
6099
9899
5901
6100
9900
5902
6101
9901
5903
6102
9902
5904
6103
9903
5905
6104
9904
5906
6105
9905
5907
6106
9906
5908
6107
9907
5909
6108
9908
5910
6109
9909
5911
6110
9910
5912
6111
9911
5913
6112
9912
5914
6113
9913
5915
6114
9914
5916
6115
9915
5917
6116
9916
5918
6117
9917
5919
6118
9918
5920
6119
9919
5921
6120
9920
5922
6121
9921
5923
6122
9922
5924
6123
9923
5925
6124
9924
5926
6125
9925
5927
6126
9926
5928
6127
9927
5929
6128
9928
5930
6129
9929
5931
6130
9930
5932
6131
9931
5933
6132
9932
5934
6133
9933
5935
6134
9934
5936
6135
9935
5937
6136
9936
5938
6137
9937
5939
6138
9938
5940
6139
9939
5941
6140
9940
5942
6141
9941
5943
6142
9942
5944
6143
9943
5945
6144
9944
5946
6145
9945
5947
6146
9946
5948
6147
9947
5949
6148
9948
5950
6149
9949
5951
6150
9950
5952
6151
9951
5953
6152
9952
5954
6153
9953
5955
6154
9954
5956
6155
9955
5957
6156
9956
5958
6157
9957
5959
6158
9958
5960
6159
9959
5961
6160
9960
5962
6161
9961
5963
6162
9962
5964
6163
9963
5965
6164
9964
5966
6165
9965
5967
6166
9966
5968
6167
9967
5969
6168
9968
5970
6169
9969
5971
6170
9970
5972
6171
9971
5973
6172
9972
5974
6173
9973
5975
6174
9974
5976
6175
9975
5977
6176
9976
5978
6177
9977
5979
6178
9978
5980
6179
9979
5981
6180
9980
5982
6181
9981
5983
6182
9982
5984
6183
9983
5985
6184
9984
5986
6185
9985
5987
6186
9986
5988
6187
9987
5989
6188
9988
5990
6189
9989
5991
6190
9990
5992
6191
9991
5993
6192
9992
5994
6193
9993
5995
6194
9994
5996
6195
9995
5997
6196
9996
5998
6197
9997
5999
6198
9998
6199
9999
6001
6200
10000
6002
6201
10001
6003
6202
10002
6004
6203
10003
6005
6204
10004
6006
6205
10005
6007
6206
10006
6008
6207
10007
6009
6208
10008
6010
6209
10009
6011
6210
10010
6012
6211
10011
6013
6212
10012
6014
6213
10013
6015
6214
10014
6016
6215
10015
6017
6216
10016
6018
6217
10017
6019
6218
10018
6020
6219
10019
6021
6220
10020
6022
6221
10021
6023
6222
10022
6024
6223
10023
6025
6224
10024
6026
6225
10025
6027
6226
10026
6028
6227
10027
6029
6228
10028
6030
6229
10029
6031
6230
10030
6032
6231
10031
6033
6232
10032
6034
6233
10033
6035
6234
10034
6036
6235
10035
6037
6236
10036
6038
6237
10037
6039
6238
10038
6040
6239
10039
6041
6240
10040
6042
6241
10041
6043
6242
10042
6044
6243
10043
6045
6244
10044
6046
6245
10045
6047
6246
10046
6048
6247
10047
6049
6248
10048
6050
6249
10049
6051
6250
10050
6052
6251
10051
6053
6252
10052
6054
6253
10053
6055
6254
10054
6056
6255
10055
6057
6256
10056
6058
6257
10057
6059
6258
10058
6060
6259
10059
6061
6260
10060
6062
6261
10061
6063
6262
10062
6064
6263
10063
6065
6264
10064
6066
6265
10065
6067
6266
10066
6068
6267
10067
6069
6268
10068
6070
6269
10069
6071
6270
10070
6072
6271
10071
6073
6272
10072
6074
6273
10073
6075
6274
10074
6076
6275
10075
6077
6276
10076
6078
6277
10077
6079
6278
10078
6080
6279
10079
6081
6280
10080
6082
6281
10081
6083
6282
10082
6084
6283
10083
6085
6284
10084
6086
6285
10085
6087
6286
10086
6088
6287
10087
6089
6288
10088
6090
6289
10089
6091
6290
10090
6092
6291
10091
6093
6292
10092
6094
6293
10093
6095
6294
10094
6096
6295
10095
6097
6296
10096
6098
6297
10097
6099
6298
10098
6100
6299
10099
6101
6300
10100
6102
6301
10101
6103
6302
10102
6104
6303
10103
6105
6304
10104
6106
6305
10105
6107
6306
10106
6108
6307
10107
6109
6308
10108
6110
6309
10109
6111
6310
10110
6112
6311
10111
6113
6312
10112
6114
6313
10113
6115
6314
10114
6116
6315
10115
6117
6316
10116
6118
6317
10117
6119
6318
10118
6120
6319
10119
6121
6320
10120
6122
6321
10121
6123
6322
10122
6124
6323
10123
6125
6324
10124
6126
6325
10125
6127
6326
10126
6128
6327
10127
6129
6328
10128
6130
6329
10129
6131
6330
10130
6132
6331
10131
6133
6332
10132
6134
6333
10133
6135
6334
10134
6136
6335
10135
6137
6336
10136
6138
6337
10137
6139
6338
10138
6140
6339
10139
6141
6340
10140
6142
6341
10141
6143
6342
10142
6144
6343
10143
6145
6344
10144
6146
6345
10145
6147
6346
10146
6148
6347
10147
6149
6348
10148
6150
6349
10149
6151
6350
10150
6152
6351
10151
6153
6352
10152
6154
6353
10153
6155
6354
10154
6156
6355
10155
6157
6356
10156
6158
6357
10157
6159
6358
10158
6160
6359
10159
6161
6360
10160
6162
6361
10161
6163
6362
10162
6164
6363
10163
6165
6364
10164
6166
6365
10165
6167
6366
10166
6168
6367
10167
6169
6368
10168
6170
6369
10169
6171
6370
10170
6172
6371
10171
6173
6372
10172
6174
6373
10173
6175
6374
10174
6176
6375
10175
6177
6376
10176
6178
6377
10177
6179
6378
10178
6180
6379
10179
6181
6380
10180
6182
6381
10181
6183
6382
10182
6184
6383
10183
6185
6384
10184
6186
6385
10185
6187
6386
10186
6188
6387
10187
6189
6388
10188
6190
6389
10189
6191
6390
10190
6192
6391
10191
6193
6392
10192
6194
6393
10193
6195
6394
10194
6196
6395
10195
6197
6396
10196
6198
6397
10197
6199
6398
10198
6399
10199
6201
6400
10200
6202
6401
10201
6203
6402
10202
6204
6403
10203
6205
6404
10204
6206
6405
10205
6207
6406
10206
6208
6407
10207
6209
6408
10208
6210
6409
10209
6211
6410
10210
6212
6411
10211
6213
6412
10212
6214
6413
10213
6215
6414
10214
6216
6415
10215
6217
6416
10216
6218
6417
10217
6219
6418
10218
6220
6419
10219
6221
6420
10220
6222
6421
10221
6223
6422
10222
6224
6423
10223
6225
6424
10224
6226
6425
10225
6227
6426
10226
6228
6427
10227
6229
6428
10228
6230
6429
10229
6231
6430
10230
6232
6431
10231
6233
6432
10232
6234
6433
10233
6235
6434
10234
6236
6435
10235
6237
6436
10236
6238
6437
10237
6239
6438
10238
6240
6439
10239
6241
6440
10240
6242
6441
10241
6243
6442
10242
6244
6443
10243
6245
6444
10244
6246
6445
10245
6247
6446
10246
6248
6447
10247
6249
6448
10248
6250
6449
10249
6251
6450
10250
6252
6451
10251
6253
6452
10252
6254
6453
10253
6255
6454
10254
6256
6455
10255
6257
6456
10256
6258
6457
10257
6259
6458
10258
6260
6459
10259
6261
6460
10260
6262
6461
10261
6263
6462
10262
6264
6463
10263
6265
6464
10264
6266
6465
10265
6267
6466
10266
6268
6467
10267
6269
6468
10268
6270
6469
10269
6271
6470
10270
6272
6471
10271
6273
6472
10272
6274
6473
10273
6275
6474
10274
6276
6475
10275
6277
6476
10276
6278
6477
10277
6279
6478
10278
6280
6479
10279
6281
6480
10280
6282
6481
10281
6283
6482
10282
6284
6483
10283
6285
6484
10284
6286
6485
10285
6287
6486
10286
6288
6487
10287
6289
6488
10288
6290
6489
10289
6291
6490
10290
6292
6491
10291
6293
6492
10292
6294
6493
10293
6295
6494
10294
6296
6495
10295
6297
6496
10296
6298
6497
10297
6299
6498
10298
6300
6499
10299
6301
6500
10300
6302
6501
10301
6303
6502
10302
6304
6503
10303
6305
6504
10304
6306
6505
10305
6307
6506
10306
6308
6507
10307
6309
6508
10308
6310
6509
10309
6311
6510
10310
6312
6511
10311
6313
6512
10312
6314
6513
10313
6315
6514
10314
6316
6515
10315
6317
6516
10316
6318
6517
10317
6319
6518
10318
6320
6519
10319
6321
6520
10320
6322
6521
10321
6323
6522
10322
6324
6523
10323
6325
6524
10324
6326
6525
10325
6327
6526
10326
6328
6527
10327
6329
6528
10328
6330
6529
10329
6331
6530
10330
6332
6531
10331
6333
6532
10332
6334
6533
10333
6335
6534
10334
6336
6535
10335
6337
6536
10336
6338
6537
10337
6339
6538
10338
6340
6539
10339
6341
6540
10340
6342
6541
10341
6343
6542
10342
6344
6543
10343
6345
6544
10344
6346
6545
10345
6347
6546
10346
6348
6547
10347
6349
6548
10348
6350
6549
10349
6351
6550
10350
6352
6551
10351
6353
6552
10352
6354
6553
10353
6355
6554
10354
6356
6555
10355
6357
6556
10356
6358
6557
10357
6359
6558
10358
6360
6559
10359
6361
6560
10360
6362
6561
10361
6363
6562
10362
6364
6563
10363
6365
6564
10364
6366
6565
10365
6367
6566
10366
6368
6567
10367
6369
6568
10368
6370
6569
10369
6371
6570
10370
6372
6571
10371
6373
6572
10372
6374
6573
10373
6375
6574
10374
6376
6575
10375
6377
6576
10376
6378
6577
10377
6379
6578
10378
6380
6579
10379
6381
6580
10380
6382
6581
10381
6383
6582
10382
6384
6583
10383
6385
6584
10384
6386
6585
10385
6387
6586
10386
6388
6587
10387
6389
6588
10388
6390
6589
10389
6391
6590
10390
6392
6591
10391
6393
6592
10392
6394
6593
10393
6395
6594
10394
6396
6595
10395
6397
6596
10396
6398
6597
10397
6399
6598
10398
6599
10399
6401
6600
10400
6402
6601
10401
6403
6602
10402
6404
6603
10403
6405
6604
10404
6406
6605
10405
6407
6606
10406
6408
6607
10407
6409
6608
10408
6410
6609
10409
6411
6610
10410
6412
6611
10411
6413
6612
10412
6414
6613
10413
6415
6614
10414
6416
6615
10415
6417
6616
10416
6418
6617
10417
6419
6618
10418
6420
6619
10419
6421
6620
10420
6422
6621
10421
6423
6622
10422
6424
6623
10423
6425
6624
10424
6426
6625
10425
6427
6626
10426
6428
6627
10427
6429
6628
10428
6430
6629
10429
6431
6630
10430
6432
6631
10431
6433
6632
10432
6434
6633
10433
6435
6634
10434
6436
6635
10435
6437
6636
10436
6438
6637
10437
6439
6638
10438
6440
6639
10439
6441
6640
10440
6442
6641
10441
6443
6642
10442
6444
6643
10443
6445
6644
10444
6446
6645
10445
6447
6646
10446
6448
6647
10447
6449
6648
10448
6450
6649
10449
6451
6650
10450
6452
6651
10451
6453
6652
10452
6454
6653
10453
6455
6654
10454
6456
6655
10455
6457
6656
10456
6458
6657
10457
6459
6658
10458
6460
6659
10459
6461
6660
10460
6462
6661
10461
6463
6662
10462
6464
6663
10463
6465
6664
10464
6466
6665
10465
6467
6666
10466
6468
6667
10467
6469
6668
10468
6470
6669
10469
6471
6670
10470
6472
6671
10471
6473
6672
10472
6474
6673
10473
6475
6674
10474
6476
6675
10475
6477
6676
10476
6478
6677
10477
6479
6678
10478
6480
6679
10479
6481
6680
10480
6482
6681
10481
6483
6682
10482
6484
6683
10483
6485
6684
10484
6486
6685
10485
6487
6686
10486
6488
6687
10487
6489
6688
10488
6490
6689
10489
6491
6690
10490
6492
6691
10491
6493
6692
10492
6494
6693
10493
6495
6694
10494
6496
6695
10495
6497
6696
10496
6498
6697
10497
6499
6698
10498
6500
6699
10499
6501
6700
10500
6502
6701
10501
6503
6702
10502
6504
6703
10503
6505
6704
10504
6506
6705
10505
6507
6706
10506
6508
6707
10507
6509
6708
10508
6510
6709
10509
6511
6710
10510
6512
6711
10511
6513
6712
10512
6514
6713
10513
6515
6714
10514
6516
6715
10515
6517
6716
10516
6518
6717
10517
6519
6718
10518
6520
6719
10519
6521
6720
10520
6522
6721
10521
6523
6722
10522
6524
6723
10523
6525
6724
10524
6526
6725
10525
6527
6726
10526
6528
6727
10527
6529
6728
10528
6530
6729
10529
6531
6730
10530
6532
6731
10531
6533
6732
10532
6534
6733
10533
6535
6734
10534
6536
6735
10535
6537
6736
10536
6538
6737
10537
6539
6738
10538
6540
6739
10539
6541
6740
10540
6542
6741
10541
6543
6742
10542
6544
6743
10543
6545
6744
10544
6546
6745
10545
6547
6746
10546
6548
6747
10547
6549
6748
10548
6550
6749
10549
6551
6750
10550
6552
6751
10551
6553
6752
10552
6554
6753
10553
6555
6754
10554
6556
6755
10555
6557
6756
10556
6558
6757
10557
6559
6758
10558
6560
6759
10559
6561
6760
10560
6562
6761
10561
6563
6762
10562
6564
6763
10563
6565
6764
10564
6566
6765
10565
6567
6766
10566
6568
6767
10567
6569
6768
10568
6570
6769
10569
6571
6770
10570
6572
6771
10571
6573
6772
10572
6574
6773
10573
6575
6774
10574
6576
6775
10575
6577
6776
10576
6578
6777
10577
6579
6778
10578
6580
6779
10579
6581
6780
10580
6582
6781
10581
6583
6782
10582
6584
6783
10583
6585
6784
10584
6586
6785
10585
6587
6786
10586
6588
6787
10587
6589
6788
10588
6590
6789
10589
6591
6790
10590
6592
6791
10591
6593
6792
10592
6594
6793
10593
6595
6794
10594
6596
6795
10595
6597
6796
10596
6598
6797
10597
6599
6798
10598
6799
10599
6601
6800
10600
6602
6801
10601
6603
6802
10602
6604
6803
10603
6605
6804
10604
6606
6805
10605
6607
6806
10606
6608
6807
10607
6609
6808
10608
6610
6809
10609
6611
6810
10610
6612
6811
10611
6613
6812
10612
6614
6813
10613
6615
6814
10614
6616
6815
10615
6617
6816
10616
6618
6817
10617
6619
6818
10618
6620
6819
10619
6621
6820
10620
6622
6821
10621
6623
6822
10622
6624
6823
10623
6625
6824
10624
6626
6825
10625
6627
6826
10626
6628
6827
10627
6629
6828
10628
6630
6829
10629
6631
6830
10630
6632
6831
10631
6633
6832
10632
6634
6833
10633
6635
6834
10634
6636
6835
10635
6637
6836
10636
6638
6837
10637
6639
6838
10638
6640
6839
10639
6641
6840
10640
6642
6841
10641
6643
6842
10642
6644
6843
10643
6645
6844
10644
6646
6845
10645
6647
6846
10646
6648
6847
10647
6649
6848
10648
6650
6849
10649
6651
6850
10650
6652
6851
10651
6653
6852
10652
6654
6853
10653
6655
6854
10654
6656
6855
10655
6657
6856
10656
6658
6857
10657
6659
6858
10658
6660
6859
10659
6661
6860
10660
6662
6861
10661
6663
6862
10662
6664
6863
10663
6665
6864
10664
6666
6865
10665
6667
6866
10666
6668
6867
10667
6669
6868
10668
6670
6869
10669
6671
6870
10670
6672
6871
10671
6673
6872
10672
6674
6873
10673
6675
6874
10674
6676
6875
10675
6677
6876
10676
6678
6877
10677
6679
6878
10678
6680
6879
10679
6681
6880
10680
6682
6881
10681
6683
6882
10682
6684
6883
10683
6685
6884
10684
6686
6885
10685
6687
6886
10686
6688
6887
10687
6689
6888
10688
6690
6889
10689
6691
6890
10690
6692
6891
10691
6693
6892
10692
6694
6893
10693
6695
6894
10694
6696
6895
10695
6697
6896
10696
6698
6897
10697
6699
6898
10698
6700
6899
10699
6701
6900
10700
6702
6901
10701
6703
6902
10702
6704
6903
10703
6705
6904
10704
6706
6905
10705
6707
6906
10706
6708
6907
10707
6709
6908
10708
6710
6909
10709
6711
6910
10710
6712
6911
10711
6713
6912
10712
6714
6913
10713
6715
6914
10714
6716
6915
10715
6717
6916
10716
6718
6917
10717
6719
6918
10718
6720
6919
10719
6721
6920
10720
6722
6921
10721
6723
6922
10722
6724
6923
10723
6725
6924
10724
6726
6925
10725
6727
6926
10726
6728
6927
10727
6729
6928
10728
6730
6929
10729
6731
6930
10730
6732
6931
10731
6733
6932
10732
6734
6933
10733
6735
6934
10734
6736
6935
10735
6737
6936
10736
6738
6937
10737
6739
6938
10738
6740
6939
10739
6741
6940
10740
6742
6941
10741
6743
6942
10742
6744
6943
10743
6745
6944
10744
6746
6945
10745
6747
6946
10746
6748
6947
10747
6749
6948
10748
6750
6949
10749
6751
6950
10750
6752
6951
10751
6753
6952
10752
6754
6953
10753
6755
6954
10754
6756
6955
10755
6757
6956
10756
6758
6957
10757
6759
6958
10758
6760
6959
10759
6761
6960
10760
6762
6961
10761
6763
6962
10762
6764
6963
10763
6765
6964
10764
6766
6965
10765
6767
6966
10766
6768
6967
10767
6769
6968
10768
6770
6969
10769
6771
6970
10770
6772
6971
10771
6773
6972
10772
6774
6973
10773
6775
6974
10774
6776
6975
10775
6777
6976
10776
6778
6977
10777
6779
6978
10778
6780
6979
10779
6781
6980
10780
6782
6981
10781
6783
6982
10782
6784
6983
10783
6785
6984
10784
6786
6985
10785
6787
6986
10786
6788
6987
10787
6789
6988
10788
6790
6989
10789
6791
6990
10790
6792
6991
10791
6793
6992
10792
6794
6993
10793
6795
6994
10794
6796
6995
10795
6797
6996
10796
6798
6997
10797
6799
6998
10798
6999
10799
6801
7000
10800
6802
7001
10801
6803
7002
10802
6804
7003
10803
6805
7004
10804
6806
7005
10805
6807
7006
10806
6808
7007
10807
6809
7008
10808
6810
7009
10809
6811
7010
10810
6812
7011
10811
6813
7012
10812
6814
7013
10813
6815
7014
10814
6816
7015
10815
6817
7016
10816
6818
7017
10817
6819
7018
10818
6820
7019
10819
6821
7020
10820
6822
7021
10821
6823
7022
10822
6824
7023
10823
6825
7024
10824
6826
7025
10825
6827
7026
10826
6828
7027
10827
6829
7028
10828
6830
7029
10829
6831
7030
10830
6832
7031
10831
6833
7032
10832
6834
7033
10833
6835
7034
10834
6836
7035
10835
6837
7036
10836
6838
7037
10837
6839
7038
10838
6840
7039
10839
6841
7040
10840
6842
7041
10841
6843
7042
10842
6844
7043
10843
6845
7044
10844
6846
7045
10845
6847
7046
10846
6848
7047
10847
6849
7048
10848
6850
7049
10849
6851
7050
10850
6852
7051
10851
6853
7052
10852
6854
7053
10853
6855
7054
10854
6856
7055
10855
6857
7056
10856
6858
7057
10857
6859
7058
10858
6860
7059
10859
6861
7060
10860
6862
7061
10861
6863
7062
10862
6864
7063
10863
6865
7064
10864
6866
7065
10865
6867
7066
10866
6868
7067
10867
6869
7068
10868
6870
7069
10869
6871
7070
10870
6872
7071
10871
6873
7072
10872
6874
7073
10873
6875
7074
10874
6876
7075
10875
6877
7076
10876
6878
7077
10877
6879
7078
10878
6880
7079
10879
6881
7080
10880
6882
7081
10881
6883
7082
10882
6884
7083
10883
6885
7084
10884
6886
7085
10885
6887
7086
10886
6888
7087
10887
6889
7088
10888
6890
7089
10889
6891
7090
10890
6892
7091
10891
6893
7092
10892
6894
7093
10893
6895
7094
10894
6896
7095
10895
6897
7096
10896
6898
7097
10897
6899
7098
10898
6900
7099
10899
6901
7100
10900
6902
7101
10901
6903
7102
10902
6904
7103
10903
6905
7104
10904
6906
7105
10905
6907
7106
10906
6908
7107
10907
6909
7108
10908
6910
7109
10909
6911
7110
10910
6912
7111
10911
6913
7112
10912
6914
7113
10913
6915
7114
10914
6916
7115
10915
6917
7116
10916
6918
7117
10917
6919
7118
10918
6920
7119
10919
6921
7120
10920
6922
7121
10921
6923
7122
10922
6924
7123
10923
6925
7124
10924
6926
7125
10925
6927
7126
10926
6928
7127
10927
6929
7128
10928
6930
7129
10929
6931
7130
10930
6932
7131
10931
6933
7132
10932
6934
7133
10933
6935
7134
10934
6936
7135
10935
6937
7136
10936
6938
7137
10937
6939
7138
10938
6940
7139
10939
6941
7140
10940
6942
7141
10941
6943
7142
10942
6944
7143
10943
6945
7144
10944
6946
7145
10945
6947
7146
10946
6948
7147
10947
6949
7148
10948
6950
7149
10949
6951
7150
10950
6952
7151
10951
6953
7152
10952
6954
7153
10953
6955
7154
10954
6956
7155
10955
6957
7156
10956
6958
7157
10957
6959
7158
10958
6960
7159
10959
6961
7160
10960
6962
7161
10961
6963
7162
10962
6964
7163
10963
6965
7164
10964
6966
7165
10965
6967
7166
10966
6968
7167
10967
6969
7168
10968
6970
7169
10969
6971
7170
10970
6972
7171
10971
6973
7172
10972
6974
7173
10973
6975
7174
10974
6976
7175
10975
6977
7176
10976
6978
7177
10977
6979
7178
10978
6980
7179
10979
6981
7180
10980
6982
7181
10981
6983
7182
10982
6984
7183
10983
6985
7184
10984
6986
7185
10985
6987
7186
10986
6988
7187
10987
6989
7188
10988
6990
7189
10989
6991
7190
10990
6992
7191
10991
6993
7192
10992
6994
7193
10993
6995
7194
10994
6996
7195
10995
6997
7196
10996
6998
7197
10997
6999
7198
10998
7199
10999
7001
7200
11000
7002
7201
11001
7003
7202
11002
7004
7203
11003
7005
7204
11004
7006
7205
11005
7007
7206
11006
7008
7207
11007
7009
7208
11008
7010
7209
11009
7011
7210
11010
7012
7211
11011
7013
7212
11012
7014
7213
11013
7015
7214
11014
7016
7215
11015
7017
7216
11016
7018
7217
11017
7019
7218
11018
7020
7219
11019
7021
7220
11020
7022
7221
11021
7023
7222
11022
7024
7223
11023
7025
7224
11024
7026
7225
11025
7027
7226
11026
7028
7227
11027
7029
7228
11028
7030
7229
11029
7031
7230
11030
7032
7231
11031
7033
7232
11032
7034
7233
11033
7035
7234
11034
7036
7235
11035
7037
7236
11036
7038
7237
11037
7039
7238
11038
7040
7239
11039
7041
7240
11040
7042
7241
11041
7043
7242
11042
7044
7243
11043
7045
7244
11044
7046
7245
11045
7047
7246
11046
7048
7247
11047
7049
7248
11048
7050
7249
11049
7051
7250
11050
7052
7251
11051
7053
7252
11052
7054
7253
11053
7055
7254
11054
7056
7255
11055
7057
7256
11056
7058
7257
11057
7059
7258
11058
7060
7259
11059
7061
7260
11060
7062
7261
11061
7063
7262
11062
7064
7263
11063
7065
7264
11064
7066
7265
11065
7067
7266
11066
7068
7267
11067
7069
7268
11068
7070
7269
11069
7071
7270
11070
7072
7271
11071
7073
7272
11072
7074
7273
11073
7075
7274
11074
7076
7275
11075
7077
7276
11076
7078
7277
11077
7079
7278
11078
7080
7279
11079
7081
7280
11080
7082
7281
11081
7083
7282
11082
7084
7283
11083
7085
7284
11084
7086
7285
11085
7087
7286
11086
7088
7287
11087
7089
7288
11088
7090
7289
11089
7091
7290
11090
7092
7291
11091
7093
7292
11092
7094
7293
11093
7095
7294
11094
7096
7295
11095
7097
7296
11096
7098
7297
11097
7099
7298
11098
7100
7299
11099
7101
7300
11100
7102
7301
11101
7103
7302
11102
7104
7303
11103
7105
7304
11104
7106
7305
11105
7107
7306
11106
7108
7307
11107
7109
7308
11108
7110
7309
11109
7111
7310
11110
7112
7311
11111
7113
7312
11112
7114
7313
11113
7115
7314
11114
7116
7315
11115
7117
7316
11116
7118
7317
11117
7119
7318
11118
7120
7319
11119
7121
7320
11120
7122
7321
11121
7123
7322
11122
7124
7323
11123
7125
7324
11124
7126
7325
11125
7127
7326
11126
7128
7327
11127
7129
7328
11128
7130
7329
11129
7131
7330
11130
7132
7331
11131
7133
7332
11132
7134
7333
11133
7135
7334
11134
7136
7335
11135
7137
7336
11136
7138
7337
11137
7139
7338
11138
7140
7339
11139
7141
7340
11140
7142
7341
11141
7143
7342
11142
7144
7343
11143
7145
7344
11144
7146
7345
11145
7147
7346
11146
7148
7347
11147
7149
7348
11148
7150
7349
11149
7151
7350
11150
7152
7351
11151
7153
7352
11152
7154
7353
11153
7155
7354
11154
7156
7355
11155
7157
7356
11156
7158
7357
11157
7159
7358
11158
7160
7359
11159
7161
7360
11160
7162
7361
11161
7163
7362
11162
7164
7363
11163
7165
7364
11164
7166
7365
11165
7167
7366
11166
7168
7367
11167
7169
7368
11168
7170
7369
11169
7171
7370
11170
7172
7371
11171
7173
7372
11172
7174
7373
11173
7175
7374
11174
7176
7375
11175
7177
7376
11176
7178
7377
11177
7179
7378
11178
7180
7379
11179
7181
7380
11180
7182
7381
11181
7183
7382
11182
7184
7383
11183
7185
7384
11184
7186
7385
11185
7187
7386
11186
7188
7387
11187
7189
7388
11188
7190
7389
11189
7191
7390
11190
7192
7391
11191
7193
7392
11192
7194
7393
11193
7195
7394
11194
7196
7395
11195
7197
7396
11196
7198
7397
11197
7199
7398
11198
7399
11199
7201
7400
11200
7202
7401
11201
7203
7402
11202
7204
7403
11203
7205
7404
11204
7206
7405
11205
7207
7406
11206
7208
7407
11207
7209
7408
11208
7210
7409
11209
7211
7410
11210
7212
7411
11211
7213
7412
11212
7214
7413
11213
7215
7414
11214
7216
7415
11215
7217
7416
11216
7218
7417
11217
7219
7418
11218
7220
7419
11219
7221
7420
11220
7222
7421
11221
7223
7422
11222
7224
7423
11223
7225
7424
11224
7226
7425
11225
7227
7426
11226
7228
7427
11227
7229
7428
11228
7230
7429
11229
7231
7430
11230
7232
7431
11231
7233
7432
11232
7234
7433
11233
7235
7434
11234
7236
7435
11235
7237
7436
11236
7238
7437
11237
7239
7438
11238
7240
7439
11239
7241
7440
11240
7242
7441
11241
7243
7442
11242
7244
7443
11243
7245
7444
11244
7246
7445
11245
7247
7446
11246
7248
7447
11247
7249
7448
11248
7250
7449
11249
7251
7450
11250
7252
7451
11251
7253
7452
11252
7254
7453
11253
7255
7454
11254
7256
7455
11255
7257
7456
11256
7258
7457
11257
7259
7458
11258
7260
7459
11259
7261
7460
11260
7262
7461
11261
7263
7462
11262
7264
7463
11263
7265
7464
11264
7266
7465
11265
7267
7466
11266
7268
7467
11267
7269
7468
11268
7270
7469
11269
7271
7470
11270
7272
7471
11271
7273
7472
11272
7274
7473
11273
7275
7474
11274
7276
7475
11275
7277
7476
11276
7278
7477
11277
7279
7478
11278
7280
7479
11279
7281
7480
11280
7282
7481
11281
7283
7482
11282
7284
7483
11283
7285
7484
11284
7286
7485
11285
7287
7486
11286
7288
7487
11287
7289
7488
11288
7290
7489
11289
7291
7490
11290
7292
7491
11291
7293
7492
11292
7294
7493
11293
7295
7494
11294
7296
7495
11295
7297
7496
11296
7298
7497
11297
7299
7498
11298
7300
7499
11299
7301
7500
11300
7302
7501
11301
7303
7502
11302
7304
7503
11303
7305
7504
11304
7306
7505
11305
7307
7506
11306
7308
7507
11307
7309
7508
11308
7310
7509
11309
7311
7510
11310
7312
7511
11311
7313
7512
11312
7314
7513
11313
7315
7514
11314
7316
7515
11315
7317
7516
11316
7318
7517
11317
7319
7518
11318
7320
7519
11319
7321
7520
11320
7322
7521
11321
7323
7522
11322
7324
7523
11323
7325
7524
11324
7326
7525
11325
7327
7526
11326
7328
7527
11327
7329
7528
11328
7330
7529
11329
7331
7530
11330
7332
7531
11331
7333
7532
11332
7334
7533
11333
7335
7534
11334
7336
7535
11335
7337
7536
11336
7338
7537
11337
7339
7538
11338
7340
7539
11339
7341
7540
11340
7342
7541
11341
7343
7542
11342
7344
7543
11343
7345
7544
11344
7346
7545
11345
7347
7546
11346
7348
7547
11347
7349
7548
11348
7350
7549
11349
7351
7550
11350
7352
7551
11351
7353
7552
11352
7354
7553
11353
7355
7554
11354
7356
7555
11355
7357
7556
11356
7358
7557
11357
7359
7558
11358
7360
7559
11359
7361
7560
11360
7362
7561
11361
7363
7562
11362
7364
7563
11363
7365
7564
11364
7366
7565
11365
7367
7566
11366
7368
7567
11367
7369
7568
11368
7370
7569
11369
7371
7570
11370
7372
7571
11371
7373
7572
11372
7374
7573
11373
7375
7574
11374
7376
7575
11375
7377
7576
11376
7378
7577
11377
7379
7578
11378
7380
7579
11379
7381
7580
11380
7382
7581
11381
7383
7582
11382
7384
7583
11383
7385
7584
11384
7386
7585
11385
7387
7586
11386
7388
7587
11387
7389
7588
11388
7390
7589
11389
7391
7590
11390
7392
7591
11391
7393
7592
11392
7394
7593
11393
7395
7594
11394
7396
7595
11395
7397
7596
11396
7398
7597
11397
7399
7598
11398
7599
11399
7401
7600
11400
7402
7601
11401
7403
7602
11402
7404
7603
11403
7405
7604
11404
7406
7605
11405
7407
7606
11406
7408
7607
11407
7409
7608
11408
7410
7609
11409
7411
7610
11410
7412
7611
11411
7413
7612
11412
7414
7613
11413
7415
7614
11414
7416
7615
11415
7417
7616
11416
7418
7617
11417
7419
7618
11418
7420
7619
11419
7421
7620
11420
7422
7621
11421
7423
7622
11422
7424
7623
11423
7425
7624
11424
7426
7625
11425
7427
7626
11426
7428
7627
11427
7429
7628
11428
7430
7629
11429
7431
7630
11430
7432
7631
11431
7433
7632
11432
7434
7633
11433
7435
7634
11434
7436
7635
11435
7437
7636
11436
7438
7637
11437
7439
7638
11438
7440
7639
11439
7441
7640
11440
7442
7641
11441
7443
7642
11442
7444
7643
11443
7445
7644
11444
7446
7645
11445
7447
7646
11446
7448
7647
11447
7449
7648
11448
7450
7649
11449
7451
7650
11450
7452
7651
11451
7453
7652
11452
7454
7653
11453
7455
7654
11454
7456
7655
11455
7457
7656
11456
7458
7657
11457
7459
7658
11458
7460
7659
11459
7461
7660
11460
7462
7661
11461
7463
7662
11462
7464
7663
11463
7465
7664
11464
7466
7665
11465
7467
7666
11466
7468
7667
11467
7469
7668
11468
7470
7669
11469
7471
7670
11470
7472
7671
11471
7473
7672
11472
7474
7673
11473
7475
7674
11474
7476
7675
11475
7477
7676
11476
7478
7677
11477
7479
7678
11478
7480
7679
11479
7481
7680
11480
7482
7681
11481
7483
7682
11482
7484
7683
11483
7485
7684
11484
7486
7685
11485
7487
7686
11486
7488
7687
11487
7489
7688
11488
7490
7689
11489
7491
7690
11490
7492
7691
11491
7493
7692
11492
7494
7693
11493
7495
7694
11494
7496
7695
11495
7497
7696
11496
7498
7697
11497
7499
7698
11498
7500
7699
11499
7501
7700
11500
7502
7701
11501
7503
7702
11502
7504
7703
11503
7505
7704
11504
7506
7705
11505
7507
7706
11506
7508
7707
11507
7509
7708
11508
7510
7709
11509
7511
7710
11510
7512
7711
11511
7513
7712
11512
7514
7713
11513
7515
7714
11514
7516
7715
11515
7517
7716
11516
7518
7717
11517
7519
7718
11518
7520
7719
11519
7521
7720
11520
7522
7721
11521
7523
7722
11522
7524
7723
11523
7525
7724
11524
7526
7725
11525
7527
7726
11526
7528
7727
11527
7529
7728
11528
7530
7729
11529
7531
7730
11530
7532
7731
11531
7533
7732
11532
7534
7733
11533
7535
7734
11534
7536
7735
11535
7537
7736
11536
7538
7737
11537
7539
7738
11538
7540
7739
11539
7541
7740
11540
7542
7741
11541
7543
7742
11542
7544
7743
11543
7545
7744
11544
7546
7745
11545
7547
7746
11546
7548
7747
11547
7549
7748
11548
7550
7749
11549
7551
7750
11550
7552
7751
11551
7553
7752
11552
7554
7753
11553
7555
7754
11554
7556
7755
11555
7557
7756
11556
7558
7757
11557
7559
7758
11558
7560
7759
11559
7561
7760
11560
7562
7761
11561
7563
7762
11562
7564
7763
11563
7565
7764
11564
7566
7765
11565
7567
7766
11566
7568
7767
11567
7569
7768
11568
7570
7769
11569
7571
7770
11570
7572
7771
11571
7573
7772
11572
7574
7773
11573
7575
7774
11574
7576
7775
11575
7577
7776
11576
7578
7777
11577
7579
7778
11578
7580
7779
11579
7581
7780
11580
7582
7781
11581
7583
7782
11582
7584
7783
11583
7585
7784
11584
7586
7785
11585
7587
7786
11586
7588
7787
11587
7589
7788
11588
7590
7789
11589
7591
7790
11590
7592
7791
11591
7593
7792
11592
7594
7793
11593
7595
7794
11594
7596
7795
11595
7597
7796
11596
7598
7797
11597
7599
7798
11598
7799
11599
7601
7800
11600
7602
7801
11601
7603
7802
11602
7604
7803
11603
7605
7804
11604
7606
7805
11605
7607
7806
11606
7608
7807
11607
7609
7808
11608
7610
7809
11609
7611
7810
11610
7612
7811
11611
7613
7812
11612
7614
7813
11613
7615
7814
11614
7616
7815
11615
7617
7816
11616
7618
7817
11617
7619
7818
11618
7620
7819
11619
7621
7820
11620
7622
7821
11621
7623
7822
11622
7624
7823
11623
7625
7824
11624
7626
7825
11625
7627
7826
11626
7628
7827
11627
7629
7828
11628
7630
7829
11629
7631
7830
11630
7632
7831
11631
7633
7832
11632
7634
7833
11633
7635
7834
11634
7636
7835
11635
7637
7836
11636
7638
7837
11637
7639
7838
11638
7640
7839
11639
7641
7840
11640
7642
7841
11641
7643
7842
11642
7644
7843
11643
7645
7844
11644
7646
7845
11645
7647
7846
11646
7648
7847
11647
7649
7848
11648
7650
7849
11649
7651
7850
11650
7652
7851
11651
7653
7852
11652
7654
7853
11653
7655
7854
11654
7656
7855
11655
7657
7856
11656
7658
7857
11657
7659
7858
11658
7660
7859
11659
7661
7860
11660
7662
7861
11661
7663
7862
11662
7664
7863
11663
7665
7864
11664
7666
7865
11665
7667
7866
11666
7668
7867
11667
7669
7868
11668
7670
7869
11669
7671
7870
11670
7672
7871
11671
7673
7872
11672
7674
7873
11673
7675
7874
11674
7676
7875
11675
7677
7876
11676
7678
7877
11677
7679
7878
11678
7680
7879
11679
7681
7880
11680
7682
7881
11681
7683
7882
11682
7684
7883
11683
7685
7884
11684
7686
7885
11685
7687
7886
11686
7688
7887
11687
7689
7888
11688
7690
7889
11689
7691
7890
11690
7692
7891
11691
7693
7892
11692
7694
7893
11693
7695
7894
11694
7696
7895
11695
7697
7896
11696
7698
7897
11697
7699
7898
11698
7700
7899
11699
7701
7900
11700
7702
7901
11701
7703
7902
11702
7704
7903
11703
7705
7904
11704
7706
7905
11705
7707
7906
11706
7708
7907
11707
7709
7908
11708
7710
7909
11709
7711
7910
11710
7712
7911
11711
7713
7912
11712
7714
7913
11713
7715
7914
11714
7716
7915
11715
7717
7916
11716
7718
7917
11717
7719
7918
11718
7720
7919
11719
7721
7920
11720
7722
7921
11721
7723
7922
11722
7724
7923
11723
7725
7924
11724
7726
7925
11725
7727
7926
11726
7728
7927
11727
7729
7928
11728
7730
7929
11729
7731
7930
11730
7732
7931
11731
7733
7932
11732
7734
7933
11733
7735
7934
11734
7736
7935
11735
7737
7936
11736
7738
7937
11737
7739
7938
11738
7740
7939
11739
7741
7940
11740
7742
7941
11741
7743
7942
11742
7744
7943
11743
7745
7944
11744
7746
7945
11745
7747
7946
11746
7748
7947
11747
7749
7948
11748
7750
7949
11749
7751
7950
11750
7752
7951
11751
7753
7952
11752
7754
7953
11753
7755
7954
11754
7756
7955
11755
7757
7956
11756
7758
7957
11757
7759
7958
11758
7760
7959
11759
7761
7960
11760
7762
7961
11761
7763
7962
11762
7764
7963
11763
7765
7964
11764
7766
7965
11765
7767
7966
11766
7768
7967
11767
7769
7968
11768
7770
7969
11769
7771
7970
11770
7772
7971
11771
7773
7972
11772
7774
7973
11773
7775
7974
11774
7776
7975
11775
7777
7976
11776
7778
7977
11777
7779
7978
11778
7780
7979
11779
7781
7980
11780
7782
7981
11781
7783
7982
11782
7784
7983
11783
7785
7984
11784
7786
7985
11785
7787
7986
11786
7788
7987
11787
7789
7988
11788
7790
7989
11789
7791
7990
11790
7792
7991
11791
7793
7992
11792
7794
7993
11793
7795
7994
11794
7796
7995
11795
7797
7996
11796
7798
7997
11797
7799
7998
11798
7999
11799
7801
11800
7802
11801
7803
11802
7804
11803
7805
11804
7806
11805
7807
11806
7808
11807
7809
11808
7810
11809
7811
11810
7812
11811
7813
11812
7814
11813
7815
11814
7816
11815
7817
11816
7818
11817
7819
11818
7820
11819
7821
11820
7822
11821
7823
11822
7824
11823
7825
11824
7826
11825
7827
11826
7828
11827
7829
11828
7830
11829
7831
11830
7832
11831
7833
11832
7834
11833
7835
11834
7836
11835
7837
11836
7838
11837
7839
11838
7840
11839
7841
11840
7842
11841
7843
11842
7844
11843
7845
11844
7846
11845
7847
11846
7848
11847
7849
11848
7850
11849
7851
11850
7852
11851
7853
11852
7854
11853
7855
11854
7856
11855
7857
11856
7858
11857
7859
11858
7860
11859
7861
11860
7862
11861
7863
11862
7864
11863
7865
11864
7866
11865
7867
11866
7868
11867
7869
11868
7870
11869
7871
11870
7872
11871
7873
11872
7874
11873
7875
11874
7876
11875
7877
11876
7878
11877
7879
11878
7880
11879
7881
11880
7882
11881
7883
11882
7884
11883
7885
11884
7886
11885
7887
11886
7888
11887
7889
11888
7890
11889
7891
11890
7892
11891
7893
11892
7894
11893
7895
11894
7896
11895
7897
11896
7898
11897
7899
11898
7900
11899
7901
11900
7902
11901
7903
11902
7904
11903
7905
11904
7906
11905
7907
11906
7908
11907
7909
11908
7910
11909
7911
11910
7912
11911
7913
11912
7914
11913
7915
11914
7916
11915
7917
11916
7918
11917
7919
11918
7920
11919
7921
11920
7922
11921
7923
11922
7924
11923
7925
11924
7926
11925
7927
11926
7928
11927
7929
11928
7930
11929
7931
11930
7932
11931
7933
11932
7934
11933
7935
11934
7936
11935
7937
11936
7938
11937
7939
11938
7940
11939
7941
11940
7942
11941
7943
11942
7944
11943
7945
11944
7946
11945
7947
11946
7948
11947
7949
11948
7950
11949
7951
11950
7952
11951
7953
11952
7954
11953
7955
11954
7956
11955
7957
11956
7958
11957
7959
11958
7960
11959
7961
11960
7962
11961
7963
11962
7964
11963
7965
11964
7966
11965
7967
11966
7968
11967
7969
11968
7970
11969
7971
11970
7972
11971
7973
11972
7974
11973
7975
11974
7976
11975
7977
11976
7978
11977
7979
11978
7980
11979
7981
11980
7982
11981
7983
11982
7984
11983
7985
11984
7986
11985
7987
11986
7988
11987
7989
11988
7990
11989
7991
11990
7992
11991
7993
11992
7994
11993
7995
11994
7996
11995
7997
11996
7998
11997
7999
11998
11999
8001
8200
12000
8002
8201
12001
8003
8202
12002
8004
8203
12003
8005
8204
12004
8006
8205
12005
8007
8206
12006
8008
8207
12007
8009
8208
12008
8010
8209
12009
8011
8210
12010
8012
8211
12011
8013
8212
12012
8014
8213
12013
8015
8214
12014
8016
8215
12015
8017
8216
12016
8018
8217
12017
8019
8218
12018
8020
8219
12019
8021
8220
12020
8022
8221
12021
8023
8222
12022
8024
8223
12023
8025
8224
12024
8026
8225
12025
8027
8226
12026
8028
8227
12027
8029
8228
12028
8030
8229
12029
8031
8230
12030
8032
8231
12031
8033
8232
12032
8034
8233
12033
8035
8234
12034
8036
8235
12035
8037
8236
12036
8038
8237
12037
8039
8238
12038
8040
8239
12039
8041
8240
12040
8042
8241
12041
8043
8242
12042
8044
8243
12043
8045
8244
12044
8046
8245
12045
8047
8246
12046
8048
8247
12047
8049
8248
12048
8050
8249
12049
8051
8250
12050
8052
8251
12051
8053
8252
12052
8054
8253
12053
8055
8254
12054
8056
8255
12055
8057
8256
12056
8058
8257
12057
8059
8258
12058
8060
8259
12059
8061
8260
12060
8062
8261
12061
8063
8262
12062
8064
8263
12063
8065
8264
12064
8066
8265
12065
8067
8266
12066
8068
8267
12067
8069
8268
12068
8070
8269
12069
8071
8270
12070
8072
8271
12071
8073
8272
12072
8074
8273
12073
8075
8274
12074
8076
8275
12075
8077
8276
12076
8078
8277
12077
8079
8278
12078
8080
8279
12079
8081
8280
12080
8082
8281
12081
8083
8282
12082
8084
8283
12083
8085
8284
12084
8086
8285
12085
8087
8286
12086
8088
8287
12087
8089
8288
12088
8090
8289
12089
8091
8290
12090
8092
8291
12091
8093
8292
12092
8094
8293
12093
8095
8294
12094
8096
8295
12095
8097
8296
12096
8098
8297
12097
8099
8298
12098
8100
8299
12099
8101
8300
12100
8102
8301
12101
8103
8302
12102
8104
8303
12103
8105
8304
12104
8106
8305
12105
8107
8306
12106
8108
8307
12107
8109
8308
12108
8110
8309
12109
8111
8310
12110
8112
8311
12111
8113
8312
12112
8114
8313
12113
8115
8314
12114
8116
8315
12115
8117
8316
12116
8118
8317
12117
8119
8318
12118
8120
8319
12119
8121
8320
12120
8122
8321
12121
8123
8322
12122
8124
8323
12123
8125
8324
12124
8126
8325
12125
8127
8326
12126
8128
8327
12127
8129
8328
12128
8130
8329
12129
8131
8330
12130
8132
8331
12131
8133
8332
12132
8134
8333
12133
8135
8334
12134
8136
8335
12135
8137
8336
12136
8138
8337
12137
8139
8338
12138
8140
8339
12139
8141
8340
12140
8142
8341
12141
8143
8342
12142
8144
8343
12143
8145
8344
12144
8146
8345
12145
8147
8346
12146
8148
8347
12147
8149
8348
12148
8150
8349
12149
8151
8350
12150
8152
8351
12151
8153
8352
12152
8154
8353
12153
8155
8354
12154
8156
8355
12155
8157
8356
12156
8158
8357
12157
8159
8358
12158
8160
8359
12159
8161
8360
12160
8162
8361
12161
8163
8362
12162
8164
8363
12163
8165
8364
12164
8166
8365
12165
8167
8366
12166
8168
8367
12167
8169
8368
12168
8170
8369
12169
8171
8370
12170
8172
8371
12171
8173
8372
12172
8174
8373
12173
8175
8374
12174
8176
8375
12175
8177
8376
12176
8178
8377
12177
8179
8378
12178
8180
8379
12179
8181
8380
12180
8182
8381
12181
8183
8382
12182
8184
8383
12183
8185
8384
12184
8186
8385
12185
8187
8386
12186
8188
8387
12187
8189
8388
12188
8190
8389
12189
8191
8390
12190
8192
8391
12191
8193
8392
12192
8194
8393
12193
8195
8394
12194
8196
8395
12195
8197
8396
12196
8198
8397
12197
8199
8398
12198
8399
12199
8201
8400
12200
8202
8401
12201
8203
8402
12202
8204
8403
12203
8205
8404
12204
8206
8405
12205
8207
8406
12206
8208
8407
12207
8209
8408
12208
8210
8409
12209
8211
8410
12210
8212
8411
12211
8213
8412
12212
8214
8413
12213
8215
8414
12214
8216
8415
12215
8217
8416
12216
8218
8417
12217
8219
8418
12218
8220
8419
12219
8221
8420
12220
8222
8421
12221
8223
8422
12222
8224
8423
12223
8225
8424
12224
8226
8425
12225
8227
8426
12226
8228
8427
12227
8229
8428
12228
8230
8429
12229
8231
8430
12230
8232
8431
12231
8233
8432
12232
8234
8433
12233
8235
8434
12234
8236
8435
12235
8237
8436
12236
8238
8437
12237
8239
8438
12238
8240
8439
12239
8241
8440
12240
8242
8441
12241
8243
8442
12242
8244
8443
12243
8245
8444
12244
8246
8445
12245
8247
8446
12246
8248
8447
12247
8249
8448
12248
8250
8449
12249
8251
8450
12250
8252
8451
12251
8253
8452
12252
8254
8453
12253
8255
8454
12254
8256
8455
12255
8257
8456
12256
8258
8457
12257
8259
8458
12258
8260
8459
12259
8261
8460
12260
8262
8461
12261
8263
8462
12262
8264
8463
12263
8265
8464
12264
8266
8465
12265
8267
8466
12266
8268
8467
12267
8269
8468
12268
8270
8469
12269
8271
8470
12270
8272
8471
12271
8273
8472
12272
8274
8473
12273
8275
8474
12274
8276
8475
12275
8277
8476
12276
8278
8477
12277
8279
8478
12278
8280
8479
12279
8281
8480
12280
8282
8481
12281
8283
8482
12282
8284
8483
12283
8285
8484
12284
8286
8485
12285
8287
8486
12286
8288
8487
12287
8289
8488
12288
8290
8489
12289
8291
8490
12290
8292
8491
12291
8293
8492
12292
8294
8493
12293
8295
8494
12294
8296
8495
12295
8297
8496
12296
8298
8497
12297
8299
8498
12298
8300
8499
12299
8301
8500
12300
8302
8501
12301
8303
8502
12302
8304
8503
12303
8305
8504
12304
8306
8505
12305
8307
8506
12306
8308
8507
12307
8309
8508
12308
8310
8509
12309
8311
8510
12310
8312
8511
12311
8313
8512
12312
8314
8513
12313
8315
8514
12314
8316
8515
12315
8317
8516
12316
8318
8517
12317
8319
8518
12318
8320
8519
12319
8321
8520
12320
8322
8521
12321
8323
8522
12322
8324
8523
12323
8325
8524
12324
8326
8525
12325
8327
8526
12326
8328
8527
12327
8329
8528
12328
8330
8529
12329
8331
8530
12330
8332
8531
12331
8333
8532
12332
8334
8533
12333
8335
8534
12334
8336
8535
12335
8337
8536
12336
8338
8537
12337
8339
8538
12338
8340
8539
12339
8341
8540
12340
8342
8541
12341
8343
8542
12342
8344
8543
12343
8345
8544
12344
8346
8545
12345
8347
8546
12346
8348
8547
12347
8349
8548
12348
8350
8549
12349
8351
8550
12350
8352
8551
12351
8353
8552
12352
8354
8553
12353
8355
8554
12354
8356
8555
12355
8357
8556
12356
8358
8557
12357
8359
8558
12358
8360
8559
12359
8361
8560
12360
8362
8561
12361
8363
8562
12362
8364
8563
12363
8365
8564
12364
8366
8565
12365
8367
8566
12366
8368
8567
12367
8369
8568
12368
8370
8569
12369
8371
8570
12370
8372
8571
12371
8373
8572
12372
8374
8573
12373
8375
8574
12374
8376
8575
12375
8377
8576
12376
8378
8577
12377
8379
8578
12378
8380
8579
12379
8381
8580
12380
8382
8581
12381
8383
8582
12382
8384
8583
12383
8385
8584
12384
8386
8585
12385
8387
8586
12386
8388
8587
12387
8389
8588
12388
8390
8589
12389
8391
8590
12390
8392
8591
12391
8393
8592
12392
8394
8593
12393
8395
8594
12394
8396
8595
12395
8397
8596
12396
8398
8597
12397
8399
8598
12398
8599
12399
8401
8600
12400
8402
8601
12401
8403
8602
12402
8404
8603
12403
8405
8604
12404
8406
8605
12405
8407
8606
12406
8408
8607
12407
8409
8608
12408
8410
8609
12409
8411
8610
12410
8412
8611
12411
8413
8612
12412
8414
8613
12413
8415
8614
12414
8416
8615
12415
8417
8616
12416
8418
8617
12417
8419
8618
12418
8420
8619
12419
8421
8620
12420
8422
8621
12421
8423
8622
12422
8424
8623
12423
8425
8624
12424
8426
8625
12425
8427
8626
12426
8428
8627
12427
8429
8628
12428
8430
8629
12429
8431
8630
12430
8432
8631
12431
8433
8632
12432
8434
8633
12433
8435
8634
12434
8436
8635
12435
8437
8636
12436
8438
8637
12437
8439
8638
12438
8440
8639
12439
8441
8640
12440
8442
8641
12441
8443
8642
12442
8444
8643
12443
8445
8644
12444
8446
8645
12445
8447
8646
12446
8448
8647
12447
8449
8648
12448
8450
8649
12449
8451
8650
12450
8452
8651
12451
8453
8652
12452
8454
8653
12453
8455
8654
12454
8456
8655
12455
8457
8656
12456
8458
8657
12457
8459
8658
12458
8460
8659
12459
8461
8660
12460
8462
8661
12461
8463
8662
12462
8464
8663
12463
8465
8664
12464
8466
8665
12465
8467
8666
12466
8468
8667
12467
8469
8668
12468
8470
8669
12469
8471
8670
12470
8472
8671
12471
8473
8672
12472
8474
8673
12473
8475
8674
12474
8476
8675
12475
8477
8676
12476
8478
8677
12477
8479
8678
12478
8480
8679
12479
8481
8680
12480
8482
8681
12481
8483
8682
12482
8484
8683
12483
8485
8684
12484
8486
8685
12485
8487
8686
12486
8488
8687
12487
8489
8688
12488
8490
8689
12489
8491
8690
12490
8492
8691
12491
8493
8692
12492
8494
8693
12493
8495
8694
12494
8496
8695
12495
8497
8696
12496
8498
8697
12497
8499
8698
12498
8500
8699
12499
8501
8700
12500
8502
8701
12501
8503
8702
12502
8504
8703
12503
8505
8704
12504
8506
8705
12505
8507
8706
12506
8508
8707
12507
8509
8708
12508
8510
8709
12509
8511
8710
12510
8512
8711
12511
8513
8712
12512
8514
8713
12513
8515
8714
12514
8516
8715
12515
8517
8716
12516
8518
8717
12517
8519
8718
12518
8520
8719
12519
8521
8720
12520
8522
8721
12521
8523
8722
12522
8524
8723
12523
8525
8724
12524
8526
8725
12525
8527
8726
12526
8528
8727
12527
8529
8728
12528
8530
8729
12529
8531
8730
12530
8532
8731
12531
8533
8732
12532
8534
8733
12533
8535
8734
12534
8536
8735
12535
8537
8736
12536
8538
8737
12537
8539
8738
12538
8540
8739
12539
8541
8740
12540
8542
8741
12541
8543
8742
12542
8544
8743
12543
8545
8744
12544
8546
8745
12545
8547
8746
12546
8548
8747
12547
8549
8748
12548
8550
8749
12549
8551
8750
12550
8552
8751
12551
8553
8752
12552
8554
8753
12553
8555
8754
12554
8556
8755
12555
8557
8756
12556
8558
8757
12557
8559
8758
12558
8560
8759
12559
8561
8760
12560
8562
8761
12561
8563
8762
12562
8564
8763
12563
8565
8764
12564
8566
8765
12565
8567
8766
12566
8568
8767
12567
8569
8768
12568
8570
8769
12569
8571
8770
12570
8572
8771
12571
8573
8772
12572
8574
8773
12573
8575
8774
12574
8576
8775
12575
8577
8776
12576
8578
8777
12577
8579
8778
12578
8580
8779
12579
8581
8780
12580
8582
8781
12581
8583
8782
12582
8584
8783
12583
8585
8784
12584
8586
8785
12585
8587
8786
12586
8588
8787
12587
8589
8788
12588
8590
8789
12589
8591
8790
12590
8592
8791
12591
8593
8792
12592
8594
8793
12593
8595
8794
12594
8596
8795
12595
8597
8796
12596
8598
8797
12597
8599
8798
12598
8799
12599
8601
8800
12600
8602
8801
12601
8603
8802
12602
8604
8803
12603
8605
8804
12604
8606
8805
12605
8607
8806
12606
8608
8807
12607
8609
8808
12608
8610
8809
12609
8611
8810
12610
8612
8811
12611
8613
8812
12612
8614
8813
12613
8615
8814
12614
8616
8815
12615
8617
8816
12616
8618
8817
12617
8619
8818
12618
8620
8819
12619
8621
8820
12620
8622
8821
12621
8623
8822
12622
8624
8823
12623
8625
8824
12624
8626
8825
12625
8627
8826
12626
8628
8827
12627
8629
8828
12628
8630
8829
12629
8631
8830
12630
8632
8831
12631
8633
8832
12632
8634
8833
12633
8635
8834
12634
8636
8835
12635
8637
8836
12636
8638
8837
12637
8639
8838
12638
8640
8839
12639
8641
8840
12640
8642
8841
12641
8643
8842
12642
8644
8843
12643
8645
8844
12644
8646
8845
12645
8647
8846
12646
8648
8847
12647
8649
8848
12648
8650
8849
12649
8651
8850
12650
8652
8851
12651
8653
8852
12652
8654
8853
12653
8655
8854
12654
8656
8855
12655
8657
8856
12656
8658
8857
12657
8659
8858
12658
8660
8859
12659
8661
8860
12660
8662
8861
12661
8663
8862
12662
8664
8863
12663
8665
8864
12664
8666
8865
12665
8667
8866
12666
8668
8867
12667
8669
8868
12668
8670
8869
12669
8671
8870
12670
8672
8871
12671
8673
8872
12672
8674
8873
12673
8675
8874
12674
8676
8875
12675
8677
8876
12676
8678
8877
12677
8679
8878
12678
8680
8879
12679
8681
8880
12680
8682
8881
12681
8683
8882
12682
8684
8883
12683
8685
8884
12684
8686
8885
12685
8687
8886
12686
8688
8887
12687
8689
8888
12688
8690
8889
12689
8691
8890
12690
8692
8891
12691
8693
8892
12692
8694
8893
12693
8695
8894
12694
8696
8895
12695
8697
8896
12696
8698
8897
12697
8699
8898
12698
8700
8899
12699
8701
8900
12700
8702
8901
12701
8703
8902
12702
8704
8903
12703
8705
8904
12704
8706
8905
12705
8707
8906
12706
8708
8907
12707
8709
8908
12708
8710
8909
12709
8711
8910
12710
8712
8911
12711
8713
8912
12712
8714
8913
12713
8715
8914
12714
8716
8915
12715
8717
8916
12716
8718
8917
12717
8719
8918
12718
8720
8919
12719
8721
8920
12720
8722
8921
12721
8723
8922
12722
8724
8923
12723
8725
8924
12724
8726
8925
12725
8727
8926
12726
8728
8927
12727
8729
8928
12728
8730
8929
12729
8731
8930
12730
8732
8931
12731
8733
8932
12732
8734
8933
12733
8735
8934
12734
8736
8935
12735
8737
8936
12736
8738
8937
12737
8739
8938
12738
8740
8939
12739
8741
8940
12740
8742
8941
12741
8743
8942
12742
8744
8943
12743
8745
8944
12744
8746
8945
12745
8747
8946
12746
8748
8947
12747
8749
8948
12748
8750
8949
12749
8751
8950
12750
8752
8951
12751
8753
8952
12752
8754
8953
12753
8755
8954
12754
8756
8955
12755
8757
8956
12756
8758
8957
12757
8759
8958
12758
8760
8959
12759
8761
8960
12760
8762
8961
12761
8763
8962
12762
8764
8963
12763
8765
8964
12764
8766
8965
12765
8767
8966
12766
8768
8967
12767
8769
8968
12768
8770
8969
12769
8771
8970
12770
8772
8971
12771
8773
8972
12772
8774
8973
12773
8775
8974
12774
8776
8975
12775
8777
8976
12776
8778
8977
12777
8779
8978
12778
8780
8979
12779
8781
8980
12780
8782
8981
12781
8783
8982
12782
8784
8983
12783
8785
8984
12784
8786
8985
12785
8787
8986
12786
8788
8987
12787
8789
8988
12788
8790
8989
12789
8791
8990
12790
8792
8991
12791
8793
8992
12792
8794
8993
12793
8795
8994
12794
8796
8995
12795
8797
8996
12796
8798
8997
12797
8799
8998
12798
8999
12799
8801
9000
12800
8802
9001
12801
8803
9002
12802
8804
9003
12803
8805
9004
12804
8806
9005
12805
8807
9006
12806
8808
9007
12807
8809
9008
12808
8810
9009
12809
8811
9010
12810
8812
9011
12811
8813
9012
12812
8814
9013
12813
8815
9014
12814
8816
9015
12815
8817
9016
12816
8818
9017
12817
8819
9018
12818
8820
9019
12819
8821
9020
12820
8822
9021
12821
8823
9022
12822
8824
9023
12823
8825
9024
12824
8826
9025
12825
8827
9026
12826
8828
9027
12827
8829
9028
12828
8830
9029
12829
8831
9030
12830
8832
9031
12831
8833
9032
12832
8834
9033
12833
8835
9034
12834
8836
9035
12835
8837
9036
12836
8838
9037
12837
8839
9038
12838
8840
9039
12839
8841
9040
12840
8842
9041
12841
8843
9042
12842
8844
9043
12843
8845
9044
12844
8846
9045
12845
8847
9046
12846
8848
9047
12847
8849
9048
12848
8850
9049
12849
8851
9050
12850
8852
9051
12851
8853
9052
12852
8854
9053
12853
8855
9054
12854
8856
9055
12855
8857
9056
12856
8858
9057
12857
8859
9058
12858
8860
9059
12859
8861
9060
12860
8862
9061
12861
8863
9062
12862
8864
9063
12863
8865
9064
12864
8866
9065
12865
8867
9066
12866
8868
9067
12867
8869
9068
12868
8870
9069
12869
8871
9070
12870
8872
9071
12871
8873
9072
12872
8874
9073
12873
8875
9074
12874
8876
9075
12875
8877
9076
12876
8878
9077
12877
8879
9078
12878
8880
9079
12879
8881
9080
12880
8882
9081
12881
8883
9082
12882
8884
9083
12883
8885
9084
12884
8886
9085
12885
8887
9086
12886
8888
9087
12887
8889
9088
12888
8890
9089
12889
8891
9090
12890
8892
9091
12891
8893
9092
12892
8894
9093
12893
8895
9094
12894
8896
9095
12895
8897
9096
12896
8898
9097
12897
8899
9098
12898
8900
9099
12899
8901
9100
12900
8902
9101
12901
8903
9102
12902
8904
9103
12903
8905
9104
12904
8906
9105
12905
8907
9106
12906
8908
9107
12907
8909
9108
12908
8910
9109
12909
8911
9110
12910
8912
9111
12911
8913
9112
12912
8914
9113
12913
8915
9114
12914
8916
9115
12915
8917
9116
12916
8918
9117
12917
8919
9118
12918
8920
9119
12919
8921
9120
12920
8922
9121
12921
8923
9122
12922
8924
9123
12923
8925
9124
12924
8926
9125
12925
8927
9126
12926
8928
9127
12927
8929
9128
12928
8930
9129
12929
8931
9130
12930
8932
9131
12931
8933
9132
12932
8934
9133
12933
8935
9134
12934
8936
9135
12935
8937
9136
12936
8938
9137
12937
8939
9138
12938
8940
9139
12939
8941
9140
12940
8942
9141
12941
8943
9142
12942
8944
9143
12943
8945
9144
12944
8946
9145
12945
8947
9146
12946
8948
9147
12947
8949
9148
12948
8950
9149
12949
8951
9150
12950
8952
9151
12951
8953
9152
12952
8954
9153
12953
8955
9154
12954
8956
9155
12955
8957
9156
12956
8958
9157
12957
8959
9158
12958
8960
9159
12959
8961
9160
12960
8962
9161
12961
8963
9162
12962
8964
9163
12963
8965
9164
12964
8966
9165
12965
8967
9166
12966
8968
9167
12967
8969
9168
12968
8970
9169
12969
8971
9170
12970
8972
9171
12971
8973
9172
12972
8974
9173
12973
8975
9174
12974
8976
9175
12975
8977
9176
12976
8978
9177
12977
8979
9178
12978
8980
9179
12979
8981
9180
12980
8982
9181
12981
8983
9182
12982
8984
9183
12983
8985
9184
12984
8986
9185
12985
8987
9186
12986
8988
9187
12987
8989
9188
12988
8990
9189
12989
8991
9190
12990
8992
9191
12991
8993
9192
12992
8994
9193
12993
8995
9194
12994
8996
9195
12995
8997
9196
12996
8998
9197
12997
8999
9198
12998
9199
12999
9001
9200
13000
9002
9201
13001
9003
9202
13002
9004
9203
13003
9005
9204
13004
9006
9205
13005
9007
9206
13006
9008
9207
13007
9009
9208
13008
9010
9209
13009
9011
9210
13010
9012
9211
13011
9013
9212
13012
9014
9213
13013
9015
9214
13014
9016
9215
13015
9017
9216
13016
9018
9217
13017
9019
9218
13018
9020
9219
13019
9021
9220
13020
9022
9221
13021
9023
9222
13022
9024
9223
13023
9025
9224
13024
9026
9225
13025
9027
9226
13026
9028
9227
13027
9029
9228
13028
9030
9229
13029
9031
9230
13030
9032
9231
13031
9033
9232
13032
9034
9233
13033
9035
9234
13034
9036
9235
13035
9037
9236
13036
9038
9237
13037
9039
9238
13038
9040
9239
13039
9041
9240
13040
9042
9241
13041
9043
9242
13042
9044
9243
13043
9045
9244
13044
9046
9245
13045
9047
9246
13046
9048
9247
13047
9049
9248
13048
9050
9249
13049
9051
9250
13050
9052
9251
13051
9053
9252
13052
9054
9253
13053
9055
9254
13054
9056
9255
13055
9057
9256
13056
9058
9257
13057
9059
9258
13058
9060
9259
13059
9061
9260
13060
9062
9261
13061
9063
9262
13062
9064
9263
13063
9065
9264
13064
9066
9265
13065
9067
9266
13066
9068
9267
13067
9069
9268
13068
9070
9269
13069
9071
9270
13070
9072
9271
13071
9073
9272
13072
9074
9273
13073
9075
9274
13074
9076
9275
13075
9077
9276
13076
9078
9277
13077
9079
9278
13078
9080
9279
13079
9081
9280
13080
9082
9281
13081
9083
9282
13082
9084
9283
13083
9085
9284
13084
9086
9285
13085
9087
9286
13086
9088
9287
13087
9089
9288
13088
9090
9289
13089
9091
9290
13090
9092
9291
13091
9093
9292
13092
9094
9293
13093
9095
9294
13094
9096
9295
13095
9097
9296
13096
9098
9297
13097
9099
9298
13098
9100
9299
13099
9101
9300
13100
9102
9301
13101
9103
9302
13102
9104
9303
13103
9105
9304
13104
9106
9305
13105
9107
9306
13106
9108
9307
13107
9109
9308
13108
9110
9309
13109
9111
9310
13110
9112
9311
13111
9113
9312
13112
9114
9313
13113
9115
9314
13114
9116
9315
13115
9117
9316
13116
9118
9317
13117
9119
9318
13118
9120
9319
13119
9121
9320
13120
9122
9321
13121
9123
9322
13122
9124
9323
13123
9125
9324
13124
9126
9325
13125
9127
9326
13126
9128
9327
13127
9129
9328
13128
9130
9329
13129
9131
9330
13130
9132
9331
13131
9133
9332
13132
9134
9333
13133
9135
9334
13134
9136
9335
13135
9137
9336
13136
9138
9337
13137
9139
9338
13138
9140
9339
13139
9141
9340
13140
9142
9341
13141
9143
9342
13142
9144
9343
13143
9145
9344
13144
9146
9345
13145
9147
9346
13146
9148
9347
13147
9149
9348
13148
9150
9349
13149
9151
9350
13150
9152
9351
13151
9153
9352
13152
9154
9353
13153
9155
9354
13154
9156
9355
13155
9157
9356
13156
9158
9357
13157
9159
9358
13158
9160
9359
13159
9161
9360
13160
9162
9361
13161
9163
9362
13162
9164
9363
13163
9165
9364
13164
9166
9365
13165
9167
9366
13166
9168
9367
13167
9169
9368
13168
9170
9369
13169
9171
9370
13170
9172
9371
13171
9173
9372
13172
9174
9373
13173
9175
9374
13174
9176
9375
13175
9177
9376
13176
9178
9377
13177
9179
9378
13178
9180
9379
13179
9181
9380
13180
9182
9381
13181
9183
9382
13182
9184
9383
13183
9185
9384
13184
9186
9385
13185
9187
9386
13186
9188
9387
13187
9189
9388
13188
9190
9389
13189
9191
9390
13190
9192
9391
13191
9193
9392
13192
9194
9393
13193
9195
9394
13194
9196
9395
13195
9197
9396
13196
9198
9397
13197
9199
9398
13198
9399
13199
9201
9400
13200
9202
9401
13201
9203
9402
13202
9204
9403
13203
9205
9404
13204
9206
9405
13205
9207
9406
13206
9208
9407
13207
9209
9408
13208
9210
9409
13209
9211
9410
13210
9212
9411
13211
9213
9412
13212
9214
9413
13213
9215
9414
13214
9216
9415
13215
9217
9416
13216
9218
9417
13217
9219
9418
13218
9220
9419
13219
9221
9420
13220
9222
9421
13221
9223
9422
13222
9224
9423
13223
9225
9424
13224
9226
9425
13225
9227
9426
13226
9228
9427
13227
9229
9428
13228
9230
9429
13229
9231
9430
13230
9232
9431
13231
9233
9432
13232
9234
9433
13233
9235
9434
13234
9236
9435
13235
9237
9436
13236
9238
9437
13237
9239
9438
13238
9240
9439
13239
9241
9440
13240
9242
9441
13241
9243
9442
13242
9244
9443
13243
9245
9444
13244
9246
9445
13245
9247
9446
13246
9248
9447
13247
9249
9448
13248
9250
9449
13249
9251
9450
13250
9252
9451
13251
9253
9452
13252
9254
9453
13253
9255
9454
13254
9256
9455
13255
9257
9456
13256
9258
9457
13257
9259
9458
13258
9260
9459
13259
9261
9460
13260
9262
9461
13261
9263
9462
13262
9264
9463
13263
9265
9464
13264
9266
9465
13265
9267
9466
13266
9268
9467
13267
9269
9468
13268
9270
9469
13269
9271
9470
13270
9272
9471
13271
9273
9472
13272
9274
9473
13273
9275
9474
13274
9276
9475
13275
9277
9476
13276
9278
9477
13277
9279
9478
13278
9280
9479
13279
9281
9480
13280
9282
9481
13281
9283
9482
13282
9284
9483
13283
9285
9484
13284
9286
9485
13285
9287
9486
13286
9288
9487
13287
9289
9488
13288
9290
9489
13289
9291
9490
13290
9292
9491
13291
9293
9492
13292
9294
9493
13293
9295
9494
13294
9296
9495
13295
9297
9496
13296
9298
9497
13297
9299
9498
13298
9300
9499
13299
9301
9500
13300
9302
9501
13301
9303
9502
13302
9304
9503
13303
9305
9504
13304
9306
9505
13305
9307
9506
13306
9308
9507
13307
9309
9508
13308
9310
9509
13309
9311
9510
13310
9312
9511
13311
9313
9512
13312
9314
9513
13313
9315
9514
13314
9316
9515
13315
9317
9516
13316
9318
9517
13317
9319
9518
13318
9320
9519
13319
9321
9520
13320
9322
9521
13321
9323
9522
13322
9324
9523
13323
9325
9524
13324
9326
9525
13325
9327
9526
13326
9328
9527
13327
9329
9528
13328
9330
9529
13329
9331
9530
13330
9332
9531
13331
9333
9532
13332
9334
9533
13333
9335
9534
13334
9336
9535
13335
9337
9536
13336
9338
9537
13337
9339
9538
13338
9340
9539
13339
9341
9540
13340
9342
9541
13341
9343
9542
13342
9344
9543
13343
9345
9544
13344
9346
9545
13345
9347
9546
13346
9348
9547
13347
9349
9548
13348
9350
9549
13349
9351
9550
13350
9352
9551
13351
9353
9552
13352
9354
9553
13353
9355
9554
13354
9356
9555
13355
9357
9556
13356
9358
9557
13357
9359
9558
13358
9360
9559
13359
9361
9560
13360
9362
9561
13361
9363
9562
13362
9364
9563
13363
9365
9564
13364
9366
9565
13365
9367
9566
13366
9368
9567
13367
9369
9568
13368
9370
9569
13369
9371
9570
13370
9372
9571
13371
9373
9572
13372
9374
9573
13373
9375
9574
13374
9376
9575
13375
9377
9576
13376
9378
9577
13377
9379
9578
13378
9380
9579
13379
9381
9580
13380
9382
9581
13381
9383
9582
13382
9384
9583
13383
9385
9584
13384
9386
9585
13385
9387
9586
13386
9388
9587
13387
9389
9588
13388
9390
9589
13389
9391
9590
13390
9392
9591
13391
9393
9592
13392
9394
9593
13393
9395
9594
13394
9396
9595
13395
9397
9596
13396
9398
9597
13397
9399
9598
13398
9599
13399
9401
9600
13400
9402
9601
13401
9403
9602
13402
9404
9603
13403
9405
9604
13404
9406
9605
13405
9407
9606
13406
9408
9607
13407
9409
9608
13408
9410
9609
13409
9411
9610
13410
9412
9611
13411
9413
9612
13412
9414
9613
13413
9415
9614
13414
9416
9615
13415
9417
9616
13416
9418
9617
13417
9419
9618
13418
9420
9619
13419
9421
9620
13420
9422
9621
13421
9423
9622
13422
9424
9623
13423
9425
9624
13424
9426
9625
13425
9427
9626
13426
9428
9627
13427
9429
9628
13428
9430
9629
13429
9431
9630
13430
9432
9631
13431
9433
9632
13432
9434
9633
13433
9435
9634
13434
9436
9635
13435
9437
9636
13436
9438
9637
13437
9439
9638
13438
9440
9639
13439
9441
9640
13440
9442
9641
13441
9443
9642
13442
9444
9643
13443
9445
9644
13444
9446
9645
13445
9447
9646
13446
9448
9647
13447
9449
9648
13448
9450
9649
13449
9451
9650
13450
9452
9651
13451
9453
9652
13452
9454
9653
13453
9455
9654
13454
9456
9655
13455
9457
9656
13456
9458
9657
13457
9459
9658
13458
9460
9659
13459
9461
9660
13460
9462
9661
13461
9463
9662
13462
9464
9663
13463
9465
9664
13464
9466
9665
13465
9467
9666
13466
9468
9667
13467
9469
9668
13468
9470
9669
13469
9471
9670
13470
9472
9671
13471
9473
9672
13472
9474
9673
13473
9475
9674
13474
9476
9675
13475
9477
9676
13476
9478
9677
13477
9479
9678
13478
9480
9679
13479
9481
9680
13480
9482
9681
13481
9483
9682
13482
9484
9683
13483
9485
9684
13484
9486
9685
13485
9487
9686
13486
9488
9687
13487
9489
9688
13488
9490
9689
13489
9491
9690
13490
9492
9691
13491
9493
9692
13492
9494
9693
13493
9495
9694
13494
9496
9695
13495
9497
9696
13496
9498
9697
13497
9499
9698
13498
9500
9699
13499
9501
9700
13500
9502
9701
13501
9503
9702
13502
9504
9703
13503
9505
9704
13504
9506
9705
13505
9507
9706
13506
9508
9707
13507
9509
9708
13508
9510
9709
13509
9511
9710
13510
9512
9711
13511
9513
9712
13512
9514
9713
13513
9515
9714
13514
9516
9715
13515
9517
9716
13516
9518
9717
13517
9519
9718
13518
9520
9719
13519
9521
9720
13520
9522
9721
13521
9523
9722
13522
9524
9723
13523
9525
9724
13524
9526
9725
13525
9527
9726
13526
9528
9727
13527
9529
9728
13528
9530
9729
13529
9531
9730
13530
9532
9731
13531
9533
9732
13532
9534
9733
13533
9535
9734
13534
9536
9735
13535
9537
9736
13536
9538
9737
13537
9539
9738
13538
9540
9739
13539
9541
9740
13540
9542
9741
13541
9543
9742
13542
9544
9743
13543
9545
9744
13544
9546
9745
13545
9547
9746
13546
9548
9747
13547
9549
9748
13548
9550
9749
13549
9551
9750
13550
9552
9751
13551
9553
9752
13552
9554
9753
13553
9555
9754
13554
9556
9755
13555
9557
9756
13556
9558
9757
13557
9559
9758
13558
9560
9759
13559
9561
9760
13560
9562
9761
13561
9563
9762
13562
9564
9763
13563
9565
9764
13564
9566
9765
13565
9567
9766
13566
9568
9767
13567
9569
9768
13568
9570
9769
13569
9571
9770
13570
9572
9771
13571
9573
9772
13572
9574
9773
13573
9575
9774
13574
9576
9775
13575
9577
9776
13576
9578
9777
13577
9579
9778
13578
9580
9779
13579
9581
9780
13580
9582
9781
13581
9583
9782
13582
9584
9783
13583
9585
9784
13584
9586
9785
13585
9587
9786
13586
9588
9787
13587
9589
9788
13588
9590
9789
13589
9591
9790
13590
9592
9791
13591
9593
9792
13592
9594
9793
13593
9595
9794
13594
9596
9795
13595
9597
9796
13596
9598
9797
13597
9599
9798
13598
9799
13599
9601
9800
13600
9602
9801
13601
9603
9802
13602
9604
9803
13603
9605
9804
13604
9606
9805
13605
9607
9806
13606
9608
9807
13607
9609
9808
13608
9610
9809
13609
9611
9810
13610
9612
9811
13611
9613
9812
13612
9614
9813
13613
9615
9814
13614
9616
9815
13615
9617
9816
13616
9618
9817
13617
9619
9818
13618
9620
9819
13619
9621
9820
13620
9622
9821
13621
9623
9822
13622
9624
9823
13623
9625
9824
13624
9626
9825
13625
9627
9826
13626
9628
9827
13627
9629
9828
13628
9630
9829
13629
9631
9830
13630
9632
9831
13631
9633
9832
13632
9634
9833
13633
9635
9834
13634
9636
9835
13635
9637
9836
13636
9638
9837
13637
9639
9838
13638
9640
9839
13639
9641
9840
13640
9642
9841
13641
9643
9842
13642
9644
9843
13643
9645
9844
13644
9646
9845
13645
9647
9846
13646
9648
9847
13647
9649
9848
13648
9650
9849
13649
9651
9850
13650
9652
9851
13651
9653
9852
13652
9654
9853
13653
9655
9854
13654
9656
9855
13655
9657
9856
13656
9658
9857
13657
9659
9858
13658
9660
9859
13659
9661
9860
13660
9662
9861
13661
9663
9862
13662
9664
9863
13663
9665
9864
13664
9666
9865
13665
9667
9866
13666
9668
9867
13667
9669
9868
13668
9670
9869
13669
9671
9870
13670
9672
9871
13671
9673
9872
13672
9674
9873
13673
9675
9874
13674
9676
9875
13675
9677
9876
13676
9678
9877
13677
9679
9878
13678
9680
9879
13679
9681
9880
13680
9682
9881
13681
9683
9882
13682
9684
9883
13683
9685
9884
13684
9686
9885
13685
9687
9886
13686
9688
9887
13687
9689
9888
13688
9690
9889
13689
9691
9890
13690
9692
9891
13691
9693
9892
13692
9694
9893
13693
9695
9894
13694
9696
9895
13695
9697
9896
13696
9698
9897
13697
9699
9898
13698
9700
9899
13699
9701
9900
13700
9702
9901
13701
9703
9902
13702
9704
9903
13703
9705
9904
13704
9706
9905
13705
9707
9906
13706
9708
9907
13707
9709
9908
13708
9710
9909
13709
9711
9910
13710
9712
9911
13711
9713
9912
13712
9714
9913
13713
9715
9914
13714
9716
9915
13715
9717
9916
13716
9718
9917
13717
9719
9918
13718
9720
9919
13719
9721
9920
13720
9722
9921
13721
9723
9922
13722
9724
9923
13723
9725
9924
13724
9726
9925
13725
9727
9926
13726
9728
9927
13727
9729
9928
13728
9730
9929
13729
9731
9930
13730
9732
9931
13731
9733
9932
13732
9734
9933
13733
9735
9934
13734
9736
9935
13735
9737
9936
13736
9738
9937
13737
9739
9938
13738
9740
9939
13739
9741
9940
13740
9742
9941
13741
9743
9942
13742
9744
9943
13743
9745
9944
13744
9746
9945
13745
9747
9946
13746
9748
9947
13747
9749
9948
13748
9750
9949
13749
9751
9950
13750
9752
9951
13751
9753
9952
13752
9754
9953
13753
9755
9954
13754
9756
9955
13755
9757
9956
13756
9758
9957
13757
9759
9958
13758
9760
9959
13759
9761
9960
13760
9762
9961
13761
9763
9962
13762
9764
9963
13763
9765
9964
13764
9766
9965
13765
9767
9966
13766
9768
9967
13767
9769
9968
13768
9770
9969
13769
9771
9970
13770
9772
9971
13771
9773
9972
13772
9774
9973
13773
9775
9974
13774
9776
9975
13775
9777
9976
13776
9778
9977
13777
9779
9978
13778
9780
9979
13779
9781
9980
13780
9782
9981
13781
9783
9982
13782
9784
9983
13783
9785
9984
13784
9786
9985
13785
9787
9986
13786
9788
9987
13787
9789
9988
13788
9790
9989
13789
9791
9990
13790
9792
9991
13791
9793
9992
13792
9794
9993
13793
9795
9994
13794
9796
9995
13795
9797
9996
13796
9798
9997
13797
9799
9998
13798
9999
13799
9801
10000
13800
9802
10001
13801
9803
10002
13802
9804
10003
13803
9805
10004
13804
9806
10005
13805
9807
10006
13806
9808
10007
13807
9809
10008
13808
9810
10009
13809
9811
10010
13810
9812
10011
13811
9813
10012
13812
9814
10013
13813
9815
10014
13814
9816
10015
13815
9817
10016
13816
9818
10017
13817
9819
10018
13818
9820
10019
13819
9821
10020
13820
9822
10021
13821
9823
10022
13822
9824
10023
13823
9825
10024
13824
9826
10025
13825
9827
10026
13826
9828
10027
13827
9829
10028
13828
9830
10029
13829
9831
10030
13830
9832
10031
13831
9833
10032
13832
9834
10033
13833
9835
10034
13834
9836
10035
13835
9837
10036
13836
9838
10037
13837
9839
10038
13838
9840
10039
13839
9841
10040
13840
9842
10041
13841
9843
10042
13842
9844
10043
13843
9845
10044
13844
9846
10045
13845
9847
10046
13846
9848
10047
13847
9849
10048
13848
9850
10049
13849
9851
10050
13850
9852
10051
13851
9853
10052
13852
9854
10053
13853
9855
10054
13854
9856
10055
13855
9857
10056
13856
9858
10057
13857
9859
10058
13858
9860
10059
13859
9861
10060
13860
9862
10061
13861
9863
10062
13862
9864
10063
13863
9865
10064
13864
9866
10065
13865
9867
10066
13866
9868
10067
13867
9869
10068
13868
9870
10069
13869
9871
10070
13870
9872
10071
13871
9873
10072
13872
9874
10073
13873
9875
10074
13874
9876
10075
13875
9877
10076
13876
9878
10077
13877
9879
10078
13878
9880
10079
13879
9881
10080
13880
9882
10081
13881
9883
10082
13882
9884
10083
13883
9885
10084
13884
9886
10085
13885
9887
10086
13886
9888
10087
13887
9889
10088
13888
9890
10089
13889
9891
10090
13890
9892
10091
13891
9893
10092
13892
9894
10093
13893
9895
10094
13894
9896
10095
13895
9897
10096
13896
9898
10097
13897
9899
10098
13898
9900
10099
13899
9901
10100
13900
9902
10101
13901
9903
10102
13902
9904
10103
13903
9905
10104
13904
9906
10105
13905
9907
10106
13906
9908
10107
13907
9909
10108
13908
9910
10109
13909
9911
10110
13910
9912
10111
13911
9913
10112
13912
9914
10113
13913
9915
10114
13914
9916
10115
13915
9917
10116
13916
9918
10117
13917
9919
10118
13918
9920
10119
13919
9921
10120
13920
9922
10121
13921
9923
10122
13922
9924
10123
13923
9925
10124
13924
9926
10125
13925
9927
10126
13926
9928
10127
13927
9929
10128
13928
9930
10129
13929
9931
10130
13930
9932
10131
13931
9933
10132
13932
9934
10133
13933
9935
10134
13934
9936
10135
13935
9937
10136
13936
9938
10137
13937
9939
10138
13938
9940
10139
13939
9941
10140
13940
9942
10141
13941
9943
10142
13942
9944
10143
13943
9945
10144
13944
9946
10145
13945
9947
10146
13946
9948
10147
13947
9949
10148
13948
9950
10149
13949
9951
10150
13950
9952
10151
13951
9953
10152
13952
9954
10153
13953
9955
10154
13954
9956
10155
13955
9957
10156
13956
9958
10157
13957
9959
10158
13958
9960
10159
13959
9961
10160
13960
9962
10161
13961
9963
10162
13962
9964
10163
13963
9965
10164
13964
9966
10165
13965
9967
10166
13966
9968
10167
13967
9969
10168
13968
9970
10169
13969
9971
10170
13970
9972
10171
13971
9973
10172
13972
9974
10173
13973
9975
10174
13974
9976
10175
13975
9977
10176
13976
9978
10177
13977
9979
10178
13978
9980
10179
13979
9981
10180
13980
9982
10181
13981
9983
10182
13982
9984
10183
13983
9985
10184
13984
9986
10185
13985
9987
10186
13986
9988
10187
13987
9989
10188
13988
9990
10189
13989
9991
10190
13990
9992
10191
13991
9993
10192
13992
9994
10193
13993
9995
10194
13994
9996
10195
13995
9997
10196
13996
9998
10197
13997
9999
10198
13998
10199
13999
10001
10200
14000
10002
10201
14001
10003
10202
14002
10004
10203
14003
10005
10204
14004
10006
10205
14005
10007
10206
14006
10008
10207
14007
10009
10208
14008
10010
10209
14009
10011
10210
14010
10012
10211
14011
10013
10212
14012
10014
10213
14013
10015
10214
14014
10016
10215
14015
10017
10216
14016
10018
10217
14017
10019
10218
14018
10020
10219
14019
10021
10220
14020
10022
10221
14021
10023
10222
14022
10024
10223
14023
10025
10224
14024
10026
10225
14025
10027
10226
14026
10028
10227
14027
10029
10228
14028
10030
10229
14029
10031
10230
14030
10032
10231
14031
10033
10232
14032
10034
10233
14033
10035
10234
14034
10036
10235
14035
10037
10236
14036
10038
10237
14037
10039
10238
14038
10040
10239
14039
10041
10240
14040
10042
10241
14041
10043
10242
14042
10044
10243
14043
10045
10244
14044
10046
10245
14045
10047
10246
14046
10048
10247
14047
10049
10248
14048
10050
10249
14049
10051
10250
14050
10052
10251
14051
10053
10252
14052
10054
10253
14053
10055
10254
14054
10056
10255
14055
10057
10256
14056
10058
10257
14057
10059
10258
14058
10060
10259
14059
10061
10260
14060
10062
10261
14061
10063
10262
14062
10064
10263
14063
10065
10264
14064
10066
10265
14065
10067
10266
14066
10068
10267
14067
10069
10268
14068
10070
10269
14069
10071
10270
14070
10072
10271
14071
10073
10272
14072
10074
10273
14073
10075
10274
14074
10076
10275
14075
10077
10276
14076
10078
10277
14077
10079
10278
14078
10080
10279
14079
10081
10280
14080
10082
10281
14081
10083
10282
14082
10084
10283
14083
10085
10284
14084
10086
10285
14085
10087
10286
14086
10088
10287
14087
10089
10288
14088
10090
10289
14089
10091
10290
14090
10092
10291
14091
10093
10292
14092
10094
10293
14093
10095
10294
14094
10096
10295
14095
10097
10296
14096
10098
10297
14097
10099
10298
14098
10100
10299
14099
10101
10300
14100
10102
10301
14101
10103
10302
14102
10104
10303
14103
10105
10304
14104
10106
10305
14105
10107
10306
14106
10108
10307
14107
10109
10308
14108
10110
10309
14109
10111
10310
14110
10112
10311
14111
10113
10312
14112
10114
10313
14113
10115
10314
14114
10116
10315
14115
10117
10316
14116
10118
10317
14117
10119
10318
14118
10120
10319
14119
10121
10320
14120
10122
10321
14121
10123
10322
14122
10124
10323
14123
10125
10324
14124
10126
10325
14125
10127
10326
14126
10128
10327
14127
10129
10328
14128
10130
10329
14129
10131
10330
14130
10132
10331
14131
10133
10332
14132
10134
10333
14133
10135
10334
14134
10136
10335
14135
10137
10336
14136
10138
10337
14137
10139
10338
14138
10140
10339
14139
10141
10340
14140
10142
10341
14141
10143
10342
14142
10144
10343
14143
10145
10344
14144
10146
10345
14145
10147
10346
14146
10148
10347
14147
10149
10348
14148
10150
10349
14149
10151
10350
14150
10152
10351
14151
10153
10352
14152
10154
10353
14153
10155
10354
14154
10156
10355
14155
10157
10356
14156
10158
10357
14157
10159
10358
14158
10160
10359
14159
10161
10360
14160
10162
10361
14161
10163
10362
14162
10164
10363
14163
10165
10364
14164
10166
10365
14165
10167
10366
14166
10168
10367
14167
10169
10368
14168
10170
10369
14169
10171
10370
14170
10172
10371
14171
10173
10372
14172
10174
10373
14173
10175
10374
14174
10176
10375
14175
10177
10376
14176
10178
10377
14177
10179
10378
14178
10180
10379
14179
10181
10380
14180
10182
10381
14181
10183
10382
14182
10184
10383
14183
10185
10384
14184
10186
10385
14185
10187
10386
14186
10188
10387
14187
10189
10388
14188
10190
10389
14189
10191
10390
14190
10192
10391
14191
10193
10392
14192
10194
10393
14193
10195
10394
14194
10196
10395
14195
10197
10396
14196
10198
10397
14197
10199
10398
14198
10399
14199
10201
10400
14200
10202
10401
14201
10203
10402
14202
10204
10403
14203
10205
10404
14204
10206
10405
14205
10207
10406
14206
10208
10407
14207
10209
10408
14208
10210
10409
14209
10211
10410
14210
10212
10411
14211
10213
10412
14212
10214
10413
14213
10215
10414
14214
10216
10415
14215
10217
10416
14216
10218
10417
14217
10219
10418
14218
10220
10419
14219
10221
10420
14220
10222
10421
14221
10223
10422
14222
10224
10423
14223
10225
10424
14224
10226
10425
14225
10227
10426
14226
10228
10427
14227
10229
10428
14228
10230
10429
14229
10231
10430
14230
10232
10431
14231
10233
10432
14232
10234
10433
14233
10235
10434
14234
10236
10435
14235
10237
10436
14236
10238
10437
14237
10239
10438
14238
10240
10439
14239
10241
10440
14240
10242
10441
14241
10243
10442
14242
10244
10443
14243
10245
10444
14244
10246
10445
14245
10247
10446
14246
10248
10447
14247
10249
10448
14248
10250
10449
14249
10251
10450
14250
10252
10451
14251
10253
10452
14252
10254
10453
14253
10255
10454
14254
10256
10455
14255
10257
10456
14256
10258
10457
14257
10259
10458
14258
10260
10459
14259
10261
10460
14260
10262
10461
14261
10263
10462
14262
10264
10463
14263
10265
10464
14264
10266
10465
14265
10267
10466
14266
10268
10467
14267
10269
10468
14268
10270
10469
14269
10271
10470
14270
10272
10471
14271
10273
10472
14272
10274
10473
14273
10275
10474
14274
10276
10475
14275
10277
10476
14276
10278
10477
14277
10279
10478
14278
10280
10479
14279
10281
10480
14280
10282
10481
14281
10283
10482
14282
10284
10483
14283
10285
10484
14284
10286
10485
14285
10287
10486
14286
10288
10487
14287
10289
10488
14288
10290
10489
14289
10291
10490
14290
10292
10491
14291
10293
10492
14292
10294
10493
14293
10295
10494
14294
10296
10495
14295
10297
10496
14296
10298
10497
14297
10299
10498
14298
10300
10499
14299
10301
10500
14300
10302
10501
14301
10303
10502
14302
10304
10503
14303
10305
10504
14304
10306
10505
14305
10307
10506
14306
10308
10507
14307
10309
10508
14308
10310
10509
14309
10311
10510
14310
10312
10511
14311
10313
10512
14312
10314
10513
14313
10315
10514
14314
10316
10515
14315
10317
10516
14316
10318
10517
14317
10319
10518
14318
10320
10519
14319
10321
10520
14320
10322
10521
14321
10323
10522
14322
10324
10523
14323
10325
10524
14324
10326
10525
14325
10327
10526
14326
10328
10527
14327
10329
10528
14328
10330
10529
14329
10331
10530
14330
10332
10531
14331
10333
10532
14332
10334
10533
14333
10335
10534
14334
10336
10535
14335
10337
10536
14336
10338
10537
14337
10339
10538
14338
10340
10539
14339
10341
10540
14340
10342
10541
14341
10343
10542
14342
10344
10543
14343
10345
10544
14344
10346
10545
14345
10347
10546
14346
10348
10547
14347
10349
10548
14348
10350
10549
14349
10351
10550
14350
10352
10551
14351
10353
10552
14352
10354
10553
14353
10355
10554
14354
10356
10555
14355
10357
10556
14356
10358
10557
14357
10359
10558
14358
10360
10559
14359
10361
10560
14360
10362
10561
14361
10363
10562
14362
10364
10563
14363
10365
10564
14364
10366
10565
14365
10367
10566
14366
10368
10567
14367
10369
10568
14368
10370
10569
14369
10371
10570
14370
10372
10571
14371
10373
10572
14372
10374
10573
14373
10375
10574
14374
10376
10575
14375
10377
10576
14376
10378
10577
14377
10379
10578
14378
10380
10579
14379
10381
10580
14380
10382
10581
14381
10383
10582
14382
10384
10583
14383
10385
10584
14384
10386
10585
14385
10387
10586
14386
10388
10587
14387
10389
10588
14388
10390
10589
14389
10391
10590
14390
10392
10591
14391
10393
10592
14392
10394
10593
14393
10395
10594
14394
10396
10595
14395
10397
10596
14396
10398
10597
14397
10399
10598
14398
10599
14399
10401
10600
14400
10402
10601
14401
10403
10602
14402
10404
10603
14403
10405
10604
14404
10406
10605
14405
10407
10606
14406
10408
10607
14407
10409
10608
14408
10410
10609
14409
10411
10610
14410
10412
10611
14411
10413
10612
14412
10414
10613
14413
10415
10614
14414
10416
10615
14415
10417
10616
14416
10418
10617
14417
10419
10618
14418
10420
10619
14419
10421
10620
14420
10422
10621
14421
10423
10622
14422
10424
10623
14423
10425
10624
14424
10426
10625
14425
10427
10626
14426
10428
10627
14427
10429
10628
14428
10430
10629
14429
10431
10630
14430
10432
10631
14431
10433
10632
14432
10434
10633
14433
10435
10634
14434
10436
10635
14435
10437
10636
14436
10438
10637
14437
10439
10638
14438
10440
10639
14439
10441
10640
14440
10442
10641
14441
10443
10642
14442
10444
10643
14443
10445
10644
14444
10446
10645
14445
10447
10646
14446
10448
10647
14447
10449
10648
14448
10450
10649
14449
10451
10650
14450
10452
10651
14451
10453
10652
14452
10454
10653
14453
10455
10654
14454
10456
10655
14455
10457
10656
14456
10458
10657
14457
10459
10658
14458
10460
10659
14459
10461
10660
14460
10462
10661
14461
10463
10662
14462
10464
10663
14463
10465
10664
14464
10466
10665
14465
10467
10666
14466
10468
10667
14467
10469
10668
14468
10470
10669
14469
10471
10670
14470
10472
10671
14471
10473
10672
14472
10474
10673
14473
10475
10674
14474
10476
10675
14475
10477
10676
14476
10478
10677
14477
10479
10678
14478
10480
10679
14479
10481
10680
14480
10482
10681
14481
10483
10682
14482
10484
10683
14483
10485
10684
14484
10486
10685
14485
10487
10686
14486
10488
10687
14487
10489
10688
14488
10490
10689
14489
10491
10690
14490
10492
10691
14491
10493
10692
14492
10494
10693
14493
10495
10694
14494
10496
10695
14495
10497
10696
14496
10498
10697
14497
10499
10698
14498
10500
10699
14499
10501
10700
14500
10502
10701
14501
10503
10702
14502
10504
10703
14503
10505
10704
14504
10506
10705
14505
10507
10706
14506
10508
10707
14507
10509
10708
14508
10510
10709
14509
10511
10710
14510
10512
10711
14511
10513
10712
14512
10514
10713
14513
10515
10714
14514
10516
10715
14515
10517
10716
14516
10518
10717
14517
10519
10718
14518
10520
10719
14519
10521
10720
14520
10522
10721
14521
10523
10722
14522
10524
10723
14523
10525
10724
14524
10526
10725
14525
10527
10726
14526
10528
10727
14527
10529
10728
14528
10530
10729
14529
10531
10730
14530
10532
10731
14531
10533
10732
14532
10534
10733
14533
10535
10734
14534
10536
10735
14535
10537
10736
14536
10538
10737
14537
10539
10738
14538
10540
10739
14539
10541
10740
14540
10542
10741
14541
10543
10742
14542
10544
10743
14543
10545
10744
14544
10546
10745
14545
10547
10746
14546
10548
10747
14547
10549
10748
14548
10550
10749
14549
10551
10750
14550
10552
10751
14551
10553
10752
14552
10554
10753
14553
10555
10754
14554
10556
10755
14555
10557
10756
14556
10558
10757
14557
10559
10758
14558
10560
10759
14559
10561
10760
14560
10562
10761
14561
10563
10762
14562
10564
10763
14563
10565
10764
14564
10566
10765
14565
10567
10766
14566
10568
10767
14567
10569
10768
14568
10570
10769
14569
10571
10770
14570
10572
10771
14571
10573
10772
14572
10574
10773
14573
10575
10774
14574
10576
10775
14575
10577
10776
14576
10578
10777
14577
10579
10778
14578
10580
10779
14579
10581
10780
14580
10582
10781
14581
10583
10782
14582
10584
10783
14583
10585
10784
14584
10586
10785
14585
10587
10786
14586
10588
10787
14587
10589
10788
14588
10590
10789
14589
10591
10790
14590
10592
10791
14591
10593
10792
14592
10594
10793
14593
10595
10794
14594
10596
10795
14595
10597
10796
14596
10598
10797
14597
10599
10798
14598
10799
14599
10601
10800
14600
10602
10801
14601
10603
10802
14602
10604
10803
14603
10605
10804
14604
10606
10805
14605
10607
10806
14606
10608
10807
14607
10609
10808
14608
10610
10809
14609
10611
10810
14610
10612
10811
14611
10613
10812
14612
10614
10813
14613
10615
10814
14614
10616
10815
14615
10617
10816
14616
10618
10817
14617
10619
10818
14618
10620
10819
14619
10621
10820
14620
10622
10821
14621
10623
10822
14622
10624
10823
14623
10625
10824
14624
10626
10825
14625
10627
10826
14626
10628
10827
14627
10629
10828
14628
10630
10829
14629
10631
10830
14630
10632
10831
14631
10633
10832
14632
10634
10833
14633
10635
10834
14634
10636
10835
14635
10637
10836
14636
10638
10837
14637
10639
10838
14638
10640
10839
14639
10641
10840
14640
10642
10841
14641
10643
10842
14642
10644
10843
14643
10645
10844
14644
10646
10845
14645
10647
10846
14646
10648
10847
14647
10649
10848
14648
10650
10849
14649
10651
10850
14650
10652
10851
14651
10653
10852
14652
10654
10853
14653
10655
10854
14654
10656
10855
14655
10657
10856
14656
10658
10857
14657
10659
10858
14658
10660
10859
14659
10661
10860
14660
10662
10861
14661
10663
10862
14662
10664
10863
14663
10665
10864
14664
10666
10865
14665
10667
10866
14666
10668
10867
14667
10669
10868
14668
10670
10869
14669
10671
10870
14670
10672
10871
14671
10673
10872
14672
10674
10873
14673
10675
10874
14674
10676
10875
14675
10677
10876
14676
10678
10877
14677
10679
10878
14678
10680
10879
14679
10681
10880
14680
10682
10881
14681
10683
10882
14682
10684
10883
14683
10685
10884
14684
10686
10885
14685
10687
10886
14686
10688
10887
14687
10689
10888
14688
10690
10889
14689
10691
10890
14690
10692
10891
14691
10693
10892
14692
10694
10893
14693
10695
10894
14694
10696
10895
14695
10697
10896
14696
10698
10897
14697
10699
10898
14698
10700
10899
14699
10701
10900
14700
10702
10901
14701
10703
10902
14702
10704
10903
14703
10705
10904
14704
10706
10905
14705
10707
10906
14706
10708
10907
14707
10709
10908
14708
10710
10909
14709
10711
10910
14710
10712
10911
14711
10713
10912
14712
10714
10913
14713
10715
10914
14714
10716
10915
14715
10717
10916
14716
10718
10917
14717
10719
10918
14718
10720
10919
14719
10721
10920
14720
10722
10921
14721
10723
10922
14722
10724
10923
14723
10725
10924
14724
10726
10925
14725
10727
10926
14726
10728
10927
14727
10729
10928
14728
10730
10929
14729
10731
10930
14730
10732
10931
14731
10733
10932
14732
10734
10933
14733
10735
10934
14734
10736
10935
14735
10737
10936
14736
10738
10937
14737
10739
10938
14738
10740
10939
14739
10741
10940
14740
10742
10941
14741
10743
10942
14742
10744
10943
14743
10745
10944
14744
10746
10945
14745
10747
10946
14746
10748
10947
14747
10749
10948
14748
10750
10949
14749
10751
10950
14750
10752
10951
14751
10753
10952
14752
10754
10953
14753
10755
10954
14754
10756
10955
14755
10757
10956
14756
10758
10957
14757
10759
10958
14758
10760
10959
14759
10761
10960
14760
10762
10961
14761
10763
10962
14762
10764
10963
14763
10765
10964
14764
10766
10965
14765
10767
10966
14766
10768
10967
14767
10769
10968
14768
10770
10969
14769
10771
10970
14770
10772
10971
14771
10773
10972
14772
10774
10973
14773
10775
10974
14774
10776
10975
14775
10777
10976
14776
10778
10977
14777
10779
10978
14778
10780
10979
14779
10781
10980
14780
10782
10981
14781
10783
10982
14782
10784
10983
14783
10785
10984
14784
10786
10985
14785
10787
10986
14786
10788
10987
14787
10789
10988
14788
10790
10989
14789
10791
10990
14790
10792
10991
14791
10793
10992
14792
10794
10993
14793
10795
10994
14794
10796
10995
14795
10797
10996
14796
10798
10997
14797
10799
10998
14798
10999
14799
10801
11000
14800
10802
11001
14801
10803
11002
14802
10804
11003
14803
10805
11004
14804
10806
11005
14805
10807
11006
14806
10808
11007
14807
10809
11008
14808
10810
11009
14809
10811
11010
14810
10812
11011
14811
10813
11012
14812
10814
11013
14813
10815
11014
14814
10816
11015
14815
10817
11016
14816
10818
11017
14817
10819
11018
14818
10820
11019
14819
10821
11020
14820
10822
11021
14821
10823
11022
14822
10824
11023
14823
10825
11024
14824
10826
11025
14825
10827
11026
14826
10828
11027
14827
10829
11028
14828
10830
11029
14829
10831
11030
14830
10832
11031
14831
10833
11032
14832
10834
11033
14833
10835
11034
14834
10836
11035
14835
10837
11036
14836
10838
11037
14837
10839
11038
14838
10840
11039
14839
10841
11040
14840
10842
11041
14841
10843
11042
14842
10844
11043
14843
10845
11044
14844
10846
11045
14845
10847
11046
14846
10848
11047
14847
10849
11048
14848
10850
11049
14849
10851
11050
14850
10852
11051
14851
10853
11052
14852
10854
11053
14853
10855
11054
14854
10856
11055
14855
10857
11056
14856
10858
11057
14857
10859
11058
14858
10860
11059
14859
10861
11060
14860
10862
11061
14861
10863
11062
14862
10864
11063
14863
10865
11064
14864
10866
11065
14865
10867
11066
14866
10868
11067
14867
10869
11068
14868
10870
11069
14869
10871
11070
14870
10872
11071
14871
10873
11072
14872
10874
11073
14873
10875
11074
14874
10876
11075
14875
10877
11076
14876
10878
11077
14877
10879
11078
14878
10880
11079
14879
10881
11080
14880
10882
11081
14881
10883
11082
14882
10884
11083
14883
10885
11084
14884
10886
11085
14885
10887
11086
14886
10888
11087
14887
10889
11088
14888
10890
11089
14889
10891
11090
14890
10892
11091
14891
10893
11092
14892
10894
11093
14893
10895
11094
14894
10896
11095
14895
10897
11096
14896
10898
11097
14897
10899
11098
14898
10900
11099
14899
10901
11100
14900
10902
11101
14901
10903
11102
14902
10904
11103
14903
10905
11104
14904
10906
11105
14905
10907
11106
14906
10908
11107
14907
10909
11108
14908
10910
11109
14909
10911
11110
14910
10912
11111
14911
10913
11112
14912
10914
11113
14913
10915
11114
14914
10916
11115
14915
10917
11116
14916
10918
11117
14917
10919
11118
14918
10920
11119
14919
10921
11120
14920
10922
11121
14921
10923
11122
14922
10924
11123
14923
10925
11124
14924
10926
11125
14925
10927
11126
14926
10928
11127
14927
10929
11128
14928
10930
11129
14929
10931
11130
14930
10932
11131
14931
10933
11132
14932
10934
11133
14933
10935
11134
14934
10936
11135
14935
10937
11136
14936
10938
11137
14937
10939
11138
14938
10940
11139
14939
10941
11140
14940
10942
11141
14941
10943
11142
14942
10944
11143
14943
10945
11144
14944
10946
11145
14945
10947
11146
14946
10948
11147
14947
10949
11148
14948
10950
11149
14949
10951
11150
14950
10952
11151
14951
10953
11152
14952
10954
11153
14953
10955
11154
14954
10956
11155
14955
10957
11156
14956
10958
11157
14957
10959
11158
14958
10960
11159
14959
10961
11160
14960
10962
11161
14961
10963
11162
14962
10964
11163
14963
10965
11164
14964
10966
11165
14965
10967
11166
14966
10968
11167
14967
10969
11168
14968
10970
11169
14969
10971
11170
14970
10972
11171
14971
10973
11172
14972
10974
11173
14973
10975
11174
14974
10976
11175
14975
10977
11176
14976
10978
11177
14977
10979
11178
14978
10980
11179
14979
10981
11180
14980
10982
11181
14981
10983
11182
14982
10984
11183
14983
10985
11184
14984
10986
11185
14985
10987
11186
14986
10988
11187
14987
10989
11188
14988
10990
11189
14989
10991
11190
14990
10992
11191
14991
10993
11192
14992
10994
11193
14993
10995
11194
14994
10996
11195
14995
10997
11196
14996
10998
11197
14997
10999
11198
14998
11199
14999
11001
11200
15000
11002
11201
15001
11003
11202
15002
11004
11203
15003
11005
11204
15004
11006
11205
15005
11007
11206
15006
11008
11207
15007
11009
11208
15008
11010
11209
15009
11011
11210
15010
11012
11211
15011
11013
11212
15012
11014
11213
15013
11015
11214
15014
11016
11215
15015
11017
11216
15016
11018
11217
15017
11019
11218
15018
11020
11219
15019
11021
11220
15020
11022
11221
15021
11023
11222
15022
11024
11223
15023
11025
11224
15024
11026
11225
15025
11027
11226
15026
11028
11227
15027
11029
11228
15028
11030
11229
15029
11031
11230
15030
11032
11231
15031
11033
11232
15032
11034
11233
15033
11035
11234
15034
11036
11235
15035
11037
11236
15036
11038
11237
15037
11039
11238
15038
11040
11239
15039
11041
11240
15040
11042
11241
15041
11043
11242
15042
11044
11243
15043
11045
11244
15044
11046
11245
15045
11047
11246
15046
11048
11247
15047
11049
11248
15048
11050
11249
15049
11051
11250
15050
11052
11251
15051
11053
11252
15052
11054
11253
15053
11055
11254
15054
11056
11255
15055
11057
11256
15056
11058
11257
15057
11059
11258
15058
11060
11259
15059
11061
11260
15060
11062
11261
15061
11063
11262
15062
11064
11263
15063
11065
11264
15064
11066
11265
15065
11067
11266
15066
11068
11267
15067
11069
11268
15068
11070
11269
15069
11071
11270
15070
11072
11271
15071
11073
11272
15072
11074
11273
15073
11075
11274
15074
11076
11275
15075
11077
11276
15076
11078
11277
15077
11079
11278
15078
11080
11279
15079
11081
11280
15080
11082
11281
15081
11083
11282
15082
11084
11283
15083
11085
11284
15084
11086
11285
15085
11087
11286
15086
11088
11287
15087
11089
11288
15088
11090
11289
15089
11091
11290
15090
11092
11291
15091
11093
11292
15092
11094
11293
15093
11095
11294
15094
11096
11295
15095
11097
11296
15096
11098
11297
15097
11099
11298
15098
11100
11299
15099
11101
11300
15100
11102
11301
15101
11103
11302
15102
11104
11303
15103
11105
11304
15104
11106
11305
15105
11107
11306
15106
11108
11307
15107
11109
11308
15108
11110
11309
15109
11111
11310
15110
11112
11311
15111
11113
11312
15112
11114
11313
15113
11115
11314
15114
11116
11315
15115
11117
11316
15116
11118
11317
15117
11119
11318
15118
11120
11319
15119
11121
11320
15120
11122
11321
15121
11123
11322
15122
11124
11323
15123
11125
11324
15124
11126
11325
15125
11127
11326
15126
11128
11327
15127
11129
11328
15128
11130
11329
15129
11131
11330
15130
11132
11331
15131
11133
11332
15132
11134
11333
15133
11135
11334
15134
11136
11335
15135
11137
11336
15136
11138
11337
15137
11139
11338
15138
11140
11339
15139
11141
11340
15140
11142
11341
15141
11143
11342
15142
11144
11343
15143
11145
11344
15144
11146
11345
15145
11147
11346
15146
11148
11347
15147
11149
11348
15148
11150
11349
15149
11151
11350
15150
11152
11351
15151
11153
11352
15152
11154
11353
15153
11155
11354
15154
11156
11355
15155
11157
11356
15156
11158
11357
15157
11159
11358
15158
11160
11359
15159
11161
11360
15160
11162
11361
15161
11163
11362
15162
11164
11363
15163
11165
11364
15164
11166
11365
15165
11167
11366
15166
11168
11367
15167
11169
11368
15168
11170
11369
15169
11171
11370
15170
11172
11371
15171
11173
11372
15172
11174
11373
15173
11175
11374
15174
11176
11375
15175
11177
11376
15176
11178
11377
15177
11179
11378
15178
11180
11379
15179
11181
11380
15180
11182
11381
15181
11183
11382
15182
11184
11383
15183
11185
11384
15184
11186
11385
15185
11187
11386
15186
11188
11387
15187
11189
11388
15188
11190
11389
15189
11191
11390
15190
11192
11391
15191
11193
11392
15192
11194
11393
15193
11195
11394
15194
11196
11395
15195
11197
11396
15196
11198
11397
15197
11199
11398
15198
11399
15199
11201
11400
15200
11202
11401
15201
11203
11402
15202
11204
11403
15203
11205
11404
15204
11206
11405
15205
11207
11406
15206
11208
11407
15207
11209
11408
15208
11210
11409
15209
11211
11410
15210
11212
11411
15211
11213
11412
15212
11214
11413
15213
11215
11414
15214
11216
11415
15215
11217
11416
15216
11218
11417
15217
11219
11418
15218
11220
11419
15219
11221
11420
15220
11222
11421
15221
11223
11422
15222
11224
11423
15223
11225
11424
15224
11226
11425
15225
11227
11426
15226
11228
11427
15227
11229
11428
15228
11230
11429
15229
11231
11430
15230
11232
11431
15231
11233
11432
15232
11234
11433
15233
11235
11434
15234
11236
11435
15235
11237
11436
15236
11238
11437
15237
11239
11438
15238
11240
11439
15239
11241
11440
15240
11242
11441
15241
11243
11442
15242
11244
11443
15243
11245
11444
15244
11246
11445
15245
11247
11446
15246
11248
11447
15247
11249
11448
15248
11250
11449
15249
11251
11450
15250
11252
11451
15251
11253
11452
15252
11254
11453
15253
11255
11454
15254
11256
11455
15255
11257
11456
15256
11258
11457
15257
11259
11458
15258
11260
11459
15259
11261
11460
15260
11262
11461
15261
11263
11462
15262
11264
11463
15263
11265
11464
15264
11266
11465
15265
11267
11466
15266
11268
11467
15267
11269
11468
15268
11270
11469
15269
11271
11470
15270
11272
11471
15271
11273
11472
15272
11274
11473
15273
11275
11474
15274
11276
11475
15275
11277
11476
15276
11278
11477
15277
11279
11478
15278
11280
11479
15279
11281
11480
15280
11282
11481
15281
11283
11482
15282
11284
11483
15283
11285
11484
15284
11286
11485
15285
11287
11486
15286
11288
11487
15287
11289
11488
15288
11290
11489
15289
11291
11490
15290
11292
11491
15291
11293
11492
15292
11294
11493
15293
11295
11494
15294
11296
11495
15295
11297
11496
15296
11298
11497
15297
11299
11498
15298
11300
11499
15299
11301
11500
15300
11302
11501
15301
11303
11502
15302
11304
11503
15303
11305
11504
15304
11306
11505
15305
11307
11506
15306
11308
11507
15307
11309
11508
15308
11310
11509
15309
11311
11510
15310
11312
11511
15311
11313
11512
15312
11314
11513
15313
11315
11514
15314
11316
11515
15315
11317
11516
15316
11318
11517
15317
11319
11518
15318
11320
11519
15319
11321
11520
15320
11322
11521
15321
11323
11522
15322
11324
11523
15323
11325
11524
15324
11326
11525
15325
11327
11526
15326
11328
11527
15327
11329
11528
15328
11330
11529
15329
11331
11530
15330
11332
11531
15331
11333
11532
15332
11334
11533
15333
11335
11534
15334
11336
11535
15335
11337
11536
15336
11338
11537
15337
11339
11538
15338
11340
11539
15339
11341
11540
15340
11342
11541
15341
11343
11542
15342
11344
11543
15343
11345
11544
15344
11346
11545
15345
11347
11546
15346
11348
11547
15347
11349
11548
15348
11350
11549
15349
11351
11550
15350
11352
11551
15351
11353
11552
15352
11354
11553
15353
11355
11554
15354
11356
11555
15355
11357
11556
15356
11358
11557
15357
11359
11558
15358
11360
11559
15359
11361
11560
15360
11362
11561
15361
11363
11562
15362
11364
11563
15363
11365
11564
15364
11366
11565
15365
11367
11566
15366
11368
11567
15367
11369
11568
15368
11370
11569
15369
11371
11570
15370
11372
11571
15371
11373
11572
15372
11374
11573
15373
11375
11574
15374
11376
11575
15375
11377
11576
15376
11378
11577
15377
11379
11578
15378
11380
11579
15379
11381
11580
15380
11382
11581
15381
11383
11582
15382
11384
11583
15383
11385
11584
15384
11386
11585
15385
11387
11586
15386
11388
11587
15387
11389
11588
15388
11390
11589
15389
11391
11590
15390
11392
11591
15391
11393
11592
15392
11394
11593
15393
11395
11594
15394
11396
11595
15395
11397
11596
15396
11398
11597
15397
11399
11598
15398
11599
15399
11401
11600
15400
11402
11601
15401
11403
11602
15402
11404
11603
15403
11405
11604
15404
11406
11605
15405
11407
11606
15406
11408
11607
15407
11409
11608
15408
11410
11609
15409
11411
11610
15410
11412
11611
15411
11413
11612
15412
11414
11613
15413
11415
11614
15414
11416
11615
15415
11417
11616
15416
11418
11617
15417
11419
11618
15418
11420
11619
15419
11421
11620
15420
11422
11621
15421
11423
11622
15422
11424
11623
15423
11425
11624
15424
11426
11625
15425
11427
11626
15426
11428
11627
15427
11429
11628
15428
11430
11629
15429
11431
11630
15430
11432
11631
15431
11433
11632
15432
11434
11633
15433
11435
11634
15434
11436
11635
15435
11437
11636
15436
11438
11637
15437
11439
11638
15438
11440
11639
15439
11441
11640
15440
11442
11641
15441
11443
11642
15442
11444
11643
15443
11445
11644
15444
11446
11645
15445
11447
11646
15446
11448
11647
15447
11449
11648
15448
11450
11649
15449
11451
11650
15450
11452
11651
15451
11453
11652
15452
11454
11653
15453
11455
11654
15454
11456
11655
15455
11457
11656
15456
11458
11657
15457
11459
11658
15458
11460
11659
15459
11461
11660
15460
11462
11661
15461
11463
11662
15462
11464
11663
15463
11465
11664
15464
11466
11665
15465
11467
11666
15466
11468
11667
15467
11469
11668
15468
11470
11669
15469
11471
11670
15470
11472
11671
15471
11473
11672
15472
11474
11673
15473
11475
11674
15474
11476
11675
15475
11477
11676
15476
11478
11677
15477
11479
11678
15478
11480
11679
15479
11481
11680
15480
11482
11681
15481
11483
11682
15482
11484
11683
15483
11485
11684
15484
11486
11685
15485
11487
11686
15486
11488
11687
15487
11489
11688
15488
11490
11689
15489
11491
11690
15490
11492
11691
15491
11493
11692
15492
11494
11693
15493
11495
11694
15494
11496
11695
15495
11497
11696
15496
11498
11697
15497
11499
11698
15498
11500
11699
15499
11501
11700
15500
11502
11701
15501
11503
11702
15502
11504
11703
15503
11505
11704
15504
11506
11705
15505
11507
11706
15506
11508
11707
15507
11509
11708
15508
11510
11709
15509
11511
11710
15510
11512
11711
15511
11513
11712
15512
11514
11713
15513
11515
11714
15514
11516
11715
15515
11517
11716
15516
11518
11717
15517
11519
11718
15518
11520
11719
15519
11521
11720
15520
11522
11721
15521
11523
11722
15522
11524
11723
15523
11525
11724
15524
11526
11725
15525
11527
11726
15526
11528
11727
15527
11529
11728
15528
11530
11729
15529
11531
11730
15530
11532
11731
15531
11533
11732
15532
11534
11733
15533
11535
11734
15534
11536
11735
15535
11537
11736
15536
11538
11737
15537
11539
11738
15538
11540
11739
15539
11541
11740
15540
11542
11741
15541
11543
11742
15542
11544
11743
15543
11545
11744
15544
11546
11745
15545
11547
11746
15546
11548
11747
15547
11549
11748
15548
11550
11749
15549
11551
11750
15550
11552
11751
15551
11553
11752
15552
11554
11753
15553
11555
11754
15554
11556
11755
15555
11557
11756
15556
11558
11757
15557
11559
11758
15558
11560
11759
15559
11561
11760
15560
11562
11761
15561
11563
11762
15562
11564
11763
15563
11565
11764
15564
11566
11765
15565
11567
11766
15566
11568
11767
15567
11569
11768
15568
11570
11769
15569
11571
11770
15570
11572
11771
15571
11573
11772
15572
11574
11773
15573
11575
11774
15574
11576
11775
15575
11577
11776
15576
11578
11777
15577
11579
11778
15578
11580
11779
15579
11581
11780
15580
11582
11781
15581
11583
11782
15582
11584
11783
15583
11585
11784
15584
11586
11785
15585
11587
11786
15586
11588
11787
15587
11589
11788
15588
11590
11789
15589
11591
11790
15590
11592
11791
15591
11593
11792
15592
11594
11793
15593
11595
11794
15594
11596
11795
15595
11597
11796
15596
11598
11797
15597
11599
11798
15598
11799
15599
11601
11800
15600
11602
11801
15601
11603
11802
15602
11604
11803
15603
11605
11804
15604
11606
11805
15605
11607
11806
15606
11608
11807
15607
11609
11808
15608
11610
11809
15609
11611
11810
15610
11612
11811
15611
11613
11812
15612
11614
11813
15613
11615
11814
15614
11616
11815
15615
11617
11816
15616
11618
11817
15617
11619
11818
15618
11620
11819
15619
11621
11820
15620
11622
11821
15621
11623
11822
15622
11624
11823
15623
11625
11824
15624
11626
11825
15625
11627
11826
15626
11628
11827
15627
11629
11828
15628
11630
11829
15629
11631
11830
15630
11632
11831
15631
11633
11832
15632
11634
11833
15633
11635
11834
15634
11636
11835
15635
11637
11836
15636
11638
11837
15637
11639
11838
15638
11640
11839
15639
11641
11840
15640
11642
11841
15641
11643
11842
15642
11644
11843
15643
11645
11844
15644
11646
11845
15645
11647
11846
15646
11648
11847
15647
11649
11848
15648
11650
11849
15649
11651
11850
15650
11652
11851
15651
11653
11852
15652
11654
11853
15653
11655
11854
15654
11656
11855
15655
11657
11856
15656
11658
11857
15657
11659
11858
15658
11660
11859
15659
11661
11860
15660
11662
11861
15661
11663
11862
15662
11664
11863
15663
11665
11864
15664
11666
11865
15665
11667
11866
15666
11668
11867
15667
11669
11868
15668
11670
11869
15669
11671
11870
15670
11672
11871
15671
11673
11872
15672
11674
11873
15673
11675
11874
15674
11676
11875
15675
11677
11876
15676
11678
11877
15677
11679
11878
15678
11680
11879
15679
11681
11880
15680
11682
11881
15681
11683
11882
15682
11684
11883
15683
11685
11884
15684
11686
11885
15685
11687
11886
15686
11688
11887
15687
11689
11888
15688
11690
11889
15689
11691
11890
15690
11692
11891
15691
11693
11892
15692
11694
11893
15693
11695
11894
15694
11696
11895
15695
11697
11896
15696
11698
11897
15697
11699
11898
15698
11700
11899
15699
11701
11900
15700
11702
11901
15701
11703
11902
15702
11704
11903
15703
11705
11904
15704
11706
11905
15705
11707
11906
15706
11708
11907
15707
11709
11908
15708
11710
11909
15709
11711
11910
15710
11712
11911
15711
11713
11912
15712
11714
11913
15713
11715
11914
15714
11716
11915
15715
11717
11916
15716
11718
11917
15717
11719
11918
15718
11720
11919
15719
11721
11920
15720
11722
11921
15721
11723
11922
15722
11724
11923
15723
11725
11924
15724
11726
11925
15725
11727
11926
15726
11728
11927
15727
11729
11928
15728
11730
11929
15729
11731
11930
15730
11732
11931
15731
11733
11932
15732
11734
11933
15733
11735
11934
15734
11736
11935
15735
11737
11936
15736
11738
11937
15737
11739
11938
15738
11740
11939
15739
11741
11940
15740
11742
11941
15741
11743
11942
15742
11744
11943
15743
11745
11944
15744
11746
11945
15745
11747
11946
15746
11748
11947
15747
11749
11948
15748
11750
11949
15749
11751
11950
15750
11752
11951
15751
11753
11952
15752
11754
11953
15753
11755
11954
15754
11756
11955
15755
11757
11956
15756
11758
11957
15757
11759
11958
15758
11760
11959
15759
11761
11960
15760
11762
11961
15761
11763
11962
15762
11764
11963
15763
11765
11964
15764
11766
11965
15765
11767
11966
15766
11768
11967
15767
11769
11968
15768
11770
11969
15769
11771
11970
15770
11772
11971
15771
11773
11972
15772
11774
11973
15773
11775
11974
15774
11776
11975
15775
11777
11976
15776
11778
11977
15777
11779
11978
15778
11780
11979
15779
11781
11980
15780
11782
11981
15781
11783
11982
15782
11784
11983
15783
11785
11984
15784
11786
11985
15785
11787
11986
15786
11788
11987
15787
11789
11988
15788
11790
11989
15789
11791
11990
15790
11792
11991
15791
11793
11992
15792
11794
11993
15793
11795
11994
15794
11796
11995
15795
11797
11996
15796
11798
11997
15797
11799
11998
15798
11999
15799
11801
15800
11802
15801
11803
15802
11804
15803
11805
15804
11806
15805
11807
15806
11808
15807
11809
15808
11810
15809
11811
15810
11812
15811
11813
15812
11814
15813
11815
15814
11816
15815
11817
15816
11818
15817
11819
15818
11820
15819
11821
15820
11822
15821
11823
15822
11824
15823
11825
15824
11826
15825
11827
15826
11828
15827
11829
15828
11830
15829
11831
15830
11832
15831
11833
15832
11834
15833
11835
15834
11836
15835
11837
15836
11838
15837
11839
15838
11840
15839
11841
15840
11842
15841
11843
15842
11844
15843
11845
15844
11846
15845
11847
15846
11848
15847
11849
15848
11850
15849
11851
15850
11852
15851
11853
15852
11854
15853
11855
15854
11856
15855
11857
15856
11858
15857
11859
15858
11860
15859
11861
15860
11862
15861
11863
15862
11864
15863
11865
15864
11866
15865
11867
15866
11868
15867
11869
15868
11870
15869
11871
15870
11872
15871
11873
15872
11874
15873
11875
15874
11876
15875
11877
15876
11878
15877
11879
15878
11880
15879
11881
15880
11882
15881
11883
15882
11884
15883
11885
15884
11886
15885
11887
15886
11888
15887
11889
15888
11890
15889
11891
15890
11892
15891
11893
15892
11894
15893
11895
15894
11896
15895
11897
15896
11898
15897
11899
15898
11900
15899
11901
15900
11902
15901
11903
15902
11904
15903
11905
15904
11906
15905
11907
15906
11908
15907
11909
15908
11910
15909
11911
15910
11912
15911
11913
15912
11914
15913
11915
15914
11916
15915
11917
15916
11918
15917
11919
15918
11920
15919
11921
15920
11922
15921
11923
15922
11924
15923
11925
15924
11926
15925
11927
15926
11928
15927
11929
15928
11930
15929
11931
15930
11932
15931
11933
15932
11934
15933
11935
15934
11936
15935
11937
15936
11938
15937
11939
15938
11940
15939
11941
15940
11942
15941
11943
15942
11944
15943
11945
15944
11946
15945
11947
15946
11948
15947
11949
15948
11950
15949
11951
15950
11952
15951
11953
15952
11954
15953
11955
15954
11956
15955
11957
15956
11958
15957
11959
15958
11960
15959
11961
15960
11962
15961
11963
15962
11964
15963
11965
15964
11966
15965
11967
15966
11968
15967
11969
15968
11970
15969
11971
15970
11972
15971
11973
15972
11974
15973
11975
15974
11976
15975
11977
15976
11978
15977
11979
15978
11980
15979
11981
15980
11982
15981
11983
15982
11984
15983
11985
15984
11986
15985
11987
15986
11988
15987
11989
15988
11990
15989
11991
15990
11992
15991
11993
15992
11994
15993
11995
15994
11996
15995
11997
15996
11998
15997
11999
15998
15999
12001
12200
16000
12002
12201
16001
12003
12202
16002
12004
12203
16003
12005
12204
16004
12006
12205
16005
12007
12206
16006
12008
12207
16007
12009
12208
16008
12010
12209
16009
12011
12210
16010
12012
12211
16011
12013
12212
16012
12014
12213
16013
12015
12214
16014
12016
12215
16015
12017
12216
16016
12018
12217
16017
12019
12218
16018
12020
12219
16019
12021
12220
16020
12022
12221
16021
12023
12222
16022
12024
12223
16023
12025
12224
16024
12026
12225
16025
12027
12226
16026
12028
12227
16027
12029
12228
16028
12030
12229
16029
12031
12230
16030
12032
12231
16031
12033
12232
16032
12034
12233
16033
12035
12234
16034
12036
12235
16035
12037
12236
16036
12038
12237
16037
12039
12238
16038
12040
12239
16039
12041
12240
16040
12042
12241
16041
12043
12242
16042
12044
12243
16043
12045
12244
16044
12046
12245
16045
12047
12246
16046
12048
12247
16047
12049
12248
16048
12050
12249
16049
12051
12250
16050
12052
12251
16051
12053
12252
16052
12054
12253
16053
12055
12254
16054
12056
12255
16055
12057
12256
16056
12058
12257
16057
12059
12258
16058
12060
12259
16059
12061
12260
16060
12062
12261
16061
12063
12262
16062
12064
12263
16063
12065
12264
16064
12066
12265
16065
12067
12266
16066
12068
12267
16067
12069
12268
16068
12070
12269
16069
12071
12270
16070
12072
12271
16071
12073
12272
16072
12074
12273
16073
12075
12274
16074
12076
12275
16075
12077
12276
16076
12078
12277
16077
12079
12278
16078
12080
12279
16079
12081
12280
16080
12082
12281
16081
12083
12282
16082
12084
12283
16083
12085
12284
16084
12086
12285
16085
12087
12286
16086
12088
12287
16087
12089
12288
16088
12090
12289
16089
12091
12290
16090
12092
12291
16091
12093
12292
16092
12094
12293
16093
12095
12294
16094
12096
12295
16095
12097
12296
16096
12098
12297
16097
12099
12298
16098
12100
12299
16099
12101
12300
16100
12102
12301
16101
12103
12302
16102
12104
12303
16103
12105
12304
16104
12106
12305
16105
12107
12306
16106
12108
12307
16107
12109
12308
16108
12110
12309
16109
12111
12310
16110
12112
12311
16111
12113
12312
16112
12114
12313
16113
12115
12314
16114
12116
12315
16115
12117
12316
16116
12118
12317
16117
12119
12318
16118
12120
12319
16119
12121
12320
16120
12122
12321
16121
12123
12322
16122
12124
12323
16123
12125
12324
16124
12126
12325
16125
12127
12326
16126
12128
12327
16127
12129
12328
16128
12130
12329
16129
12131
12330
16130
12132
12331
16131
12133
12332
16132
12134
12333
16133
12135
12334
16134
12136
12335
16135
12137
12336
16136
12138
12337
16137
12139
12338
16138
12140
12339
16139
12141
12340
16140
12142
12341
16141
12143
12342
16142
12144
12343
16143
12145
12344
16144
12146
12345
16145
12147
12346
16146
12148
12347
16147
12149
12348
16148
12150
12349
16149
12151
12350
16150
12152
12351
16151
12153
12352
16152
12154
12353
16153
12155
12354
16154
12156
12355
16155
12157
12356
16156
12158
12357
16157
12159
12358
16158
12160
12359
16159
12161
12360
16160
12162
12361
16161
12163
12362
16162
12164
12363
16163
12165
12364
16164
12166
12365
16165
12167
12366
16166
12168
12367
16167
12169
12368
16168
12170
12369
16169
12171
12370
16170
12172
12371
16171
12173
12372
16172
12174
12373
16173
12175
12374
16174
12176
12375
16175
12177
12376
16176
12178
12377
16177
12179
12378
16178
12180
12379
16179
12181
12380
16180
12182
12381
16181
12183
12382
16182
12184
12383
16183
12185
12384
16184
12186
12385
16185
12187
12386
16186
12188
12387
16187
12189
12388
16188
12190
12389
16189
12191
12390
16190
12192
12391
16191
12193
12392
16192
12194
12393
16193
12195
12394
16194
12196
12395
16195
12197
12396
16196
12198
12397
16197
12199
12398
16198
12399
16199
12201
12400
16200
12202
12401
16201
12203
12402
16202
12204
12403
16203
12205
12404
16204
12206
12405
16205
12207
12406
16206
12208
12407
16207
12209
12408
16208
12210
12409
16209
12211
12410
16210
12212
12411
16211
12213
12412
16212
12214
12413
16213
12215
12414
16214
12216
12415
16215
12217
12416
16216
12218
12417
16217
12219
12418
16218
12220
12419
16219
12221
12420
16220
12222
12421
16221
12223
12422
16222
12224
12423
16223
12225
12424
16224
12226
12425
16225
12227
12426
16226
12228
12427
16227
12229
12428
16228
12230
12429
16229
12231
12430
16230
12232
12431
16231
12233
12432
16232
12234
12433
16233
12235
12434
16234
12236
12435
16235
12237
12436
16236
12238
12437
16237
12239
12438
16238
12240
12439
16239
12241
12440
16240
12242
12441
16241
12243
12442
16242
12244
12443
16243
12245
12444
16244
12246
12445
16245
12247
12446
16246
12248
12447
16247
12249
12448
16248
12250
12449
16249
12251
12450
16250
12252
12451
16251
12253
12452
16252
12254
12453
16253
12255
12454
16254
12256
12455
16255
12257
12456
16256
12258
12457
16257
12259
12458
16258
12260
12459
16259
12261
12460
16260
12262
12461
16261
12263
12462
16262
12264
12463
16263
12265
12464
16264
12266
12465
16265
12267
12466
16266
12268
12467
16267
12269
12468
16268
12270
12469
16269
12271
12470
16270
12272
12471
16271
12273
12472
16272
12274
12473
16273
12275
12474
16274
12276
12475
16275
12277
12476
16276
12278
12477
16277
12279
12478
16278
12280
12479
16279
12281
12480
16280
12282
12481
16281
12283
12482
16282
12284
12483
16283
12285
12484
16284
12286
12485
16285
12287
12486
16286
12288
12487
16287
12289
12488
16288
12290
12489
16289
12291
12490
16290
12292
12491
16291
12293
12492
16292
12294
12493
16293
12295
12494
16294
12296
12495
16295
12297
12496
16296
12298
12497
16297
12299
12498
16298
12300
12499
16299
12301
12500
16300
12302
12501
16301
12303
12502
16302
12304
12503
16303
12305
12504
16304
12306
12505
16305
12307
12506
16306
12308
12507
16307
12309
12508
16308
12310
12509
16309
12311
12510
16310
12312
12511
16311
12313
12512
16312
12314
12513
16313
12315
12514
16314
12316
12515
16315
12317
12516
16316
12318
12517
16317
12319
12518
16318
12320
12519
16319
12321
12520
16320
12322
12521
16321
12323
12522
16322
12324
12523
16323
12325
12524
16324
12326
12525
16325
12327
12526
16326
12328
12527
16327
12329
12528
16328
12330
12529
16329
12331
12530
16330
12332
12531
16331
12333
12532
16332
12334
12533
16333
12335
12534
16334
12336
12535
16335
12337
12536
16336
12338
12537
16337
12339
12538
16338
12340
12539
16339
12341
12540
16340
12342
12541
16341
12343
12542
16342
12344
12543
16343
12345
12544
16344
12346
12545
16345
12347
12546
16346
12348
12547
16347
12349
12548
16348
12350
12549
16349
12351
12550
16350
12352
12551
16351
12353
12552
16352
12354
12553
16353
12355
12554
16354
12356
12555
16355
12357
12556
16356
12358
12557
16357
12359
12558
16358
12360
12559
16359
12361
12560
16360
12362
12561
16361
12363
12562
16362
12364
12563
16363
12365
12564
16364
12366
12565
16365
12367
12566
16366
12368
12567
16367
12369
12568
16368
12370
12569
16369
12371
12570
16370
12372
12571
16371
12373
12572
16372
12374
12573
16373
12375
12574
16374
12376
12575
16375
12377
12576
16376
12378
12577
16377
12379
12578
16378
12380
12579
16379
12381
12580
16380
12382
12581
16381
12383
12582
16382
12384
12583
16383
12385
12584
16384
12386
12585
16385
12387
12586
16386
12388
12587
16387
12389
12588
16388
12390
12589
16389
12391
12590
16390
12392
12591
16391
12393
12592
16392
12394
12593
16393
12395
12594
16394
12396
12595
16395
12397
12596
16396
12398
12597
16397
12399
12598
16398
12599
16399
12401
12600
16400
12402
12601
16401
12403
12602
16402
12404
12603
16403
12405
12604
16404
12406
12605
16405
12407
12606
16406
12408
12607
16407
12409
12608
16408
12410
12609
16409
12411
12610
16410
12412
12611
16411
12413
12612
16412
12414
12613
16413
12415
12614
16414
12416
12615
16415
12417
12616
16416
12418
12617
16417
12419
12618
16418
12420
12619
16419
12421
12620
16420
12422
12621
16421
12423
12622
16422
12424
12623
16423
12425
12624
16424
12426
12625
16425
12427
12626
16426
12428
12627
16427
12429
12628
16428
12430
12629
16429
12431
12630
16430
12432
12631
16431
12433
12632
16432
12434
12633
16433
12435
12634
16434
12436
12635
16435
12437
12636
16436
12438
12637
16437
12439
12638
16438
12440
12639
16439
12441
12640
16440
12442
12641
16441
12443
12642
16442
12444
12643
16443
12445
12644
16444
12446
12645
16445
12447
12646
16446
12448
12647
16447
12449
12648
16448
12450
12649
16449
12451
12650
16450
12452
12651
16451
12453
12652
16452
12454
12653
16453
12455
12654
16454
12456
12655
16455
12457
12656
16456
12458
12657
16457
12459
12658
16458
12460
12659
16459
12461
12660
16460
12462
12661
16461
12463
12662
16462
12464
12663
16463
12465
12664
16464
12466
12665
16465
12467
12666
16466
12468
12667
16467
12469
12668
16468
12470
12669
16469
12471
12670
16470
12472
12671
16471
12473
12672
16472
12474
12673
16473
12475
12674
16474
12476
12675
16475
12477
12676
16476
12478
12677
16477
12479
12678
16478
12480
12679
16479
12481
12680
16480
12482
12681
16481
12483
12682
16482
12484
12683
16483
12485
12684
16484
12486
12685
16485
12487
12686
16486
12488
12687
16487
12489
12688
16488
12490
12689
16489
12491
12690
16490
12492
12691
16491
12493
12692
16492
12494
12693
16493
12495
12694
16494
12496
12695
16495
12497
12696
16496
12498
12697
16497
12499
12698
16498
12500
12699
16499
12501
12700
16500
12502
12701
16501
12503
12702
16502
12504
12703
16503
12505
12704
16504
12506
12705
16505
12507
12706
16506
12508
12707
16507
12509
12708
16508
12510
12709
16509
12511
12710
16510
12512
12711
16511
12513
12712
16512
12514
12713
16513
12515
12714
16514
12516
12715
16515
12517
12716
16516
12518
12717
16517
12519
12718
16518
12520
12719
16519
12521
12720
16520
12522
12721
16521
12523
12722
16522
12524
12723
16523
12525
12724
16524
12526
12725
16525
12527
12726
16526
12528
12727
16527
12529
12728
16528
12530
12729
16529
12531
12730
16530
12532
12731
16531
12533
12732
16532
12534
12733
16533
12535
12734
16534
12536
12735
16535
12537
12736
16536
12538
12737
16537
12539
12738
16538
12540
12739
16539
12541
12740
16540
12542
12741
16541
12543
12742
16542
12544
12743
16543
12545
12744
16544
12546
12745
16545
12547
12746
16546
12548
12747
16547
12549
12748
16548
12550
12749
16549
12551
12750
16550
12552
12751
16551
12553
12752
16552
12554
12753
16553
12555
12754
16554
12556
12755
16555
12557
12756
16556
12558
12757
16557
12559
12758
16558
12560
12759
16559
12561
12760
16560
12562
12761
16561
12563
12762
16562
12564
12763
16563
12565
12764
16564
12566
12765
16565
12567
12766
16566
12568
12767
16567
12569
12768
16568
12570
12769
16569
12571
12770
16570
12572
12771
16571
12573
12772
16572
12574
12773
16573
12575
12774
16574
12576
12775
16575
12577
12776
16576
12578
12777
16577
12579
12778
16578
12580
12779
16579
12581
12780
16580
12582
12781
16581
12583
12782
16582
12584
12783
16583
12585
12784
16584
12586
12785
16585
12587
12786
16586
12588
12787
16587
12589
12788
16588
12590
12789
16589
12591
12790
16590
12592
12791
16591
12593
12792
16592
12594
12793
16593
12595
12794
16594
12596
12795
16595
12597
12796
16596
12598
12797
16597
12599
12798
16598
12799
16599
12601
12800
16600
12602
12801
16601
12603
12802
16602
12604
12803
16603
12605
12804
16604
12606
12805
16605
12607
12806
16606
12608
12807
16607
12609
12808
16608
12610
12809
16609
12611
12810
16610
12612
12811
16611
12613
12812
16612
12614
12813
16613
12615
12814
16614
12616
12815
16615
12617
12816
16616
12618
12817
16617
12619
12818
16618
12620
12819
16619
12621
12820
16620
12622
12821
16621
12623
12822
16622
12624
12823
16623
12625
12824
16624
12626
12825
16625
12627
12826
16626
12628
12827
16627
12629
12828
16628
12630
12829
16629
12631
12830
16630
12632
12831
16631
12633
12832
16632
12634
12833
16633
12635
12834
16634
12636
12835
16635
12637
12836
16636
12638
12837
16637
12639
12838
16638
12640
12839
16639
12641
12840
16640
12642
12841
16641
12643
12842
16642
12644
12843
16643
12645
12844
16644
12646
12845
16645
12647
12846
16646
12648
12847
16647
12649
12848
16648
12650
12849
16649
12651
12850
16650
12652
12851
16651
12653
12852
16652
12654
12853
16653
12655
12854
16654
12656
12855
16655
12657
12856
16656
12658
12857
16657
12659
12858
16658
12660
12859
16659
12661
12860
16660
12662
12861
16661
12663
12862
16662
12664
12863
16663
12665
12864
16664
12666
12865
16665
12667
12866
16666
12668
12867
16667
12669
12868
16668
12670
12869
16669
12671
12870
16670
12672
12871
16671
12673
12872
16672
12674
12873
16673
12675
12874
16674
12676
12875
16675
12677
12876
16676
12678
12877
16677
12679
12878
16678
12680
12879
16679
12681
12880
16680
12682
12881
16681
12683
12882
16682
12684
12883
16683
12685
12884
16684
12686
12885
16685
12687
12886
16686
12688
12887
16687
12689
12888
16688
12690
12889
16689
12691
12890
16690
12692
12891
16691
12693
12892
16692
12694
12893
16693
12695
12894
16694
12696
12895
16695
12697
12896
16696
12698
12897
16697
12699
12898
16698
12700
12899
16699
12701
12900
16700
12702
12901
16701
12703
12902
16702
12704
12903
16703
12705
12904
16704
12706
12905
16705
12707
12906
16706
12708
12907
16707
12709
12908
16708
12710
12909
16709
12711
12910
16710
12712
12911
16711
12713
12912
16712
12714
12913
16713
12715
12914
16714
12716
12915
16715
12717
12916
16716
12718
12917
16717
12719
12918
16718
12720
12919
16719
12721
12920
16720
12722
12921
16721
12723
12922
16722
12724
12923
16723
12725
12924
16724
12726
12925
16725
12727
12926
16726
12728
12927
16727
12729
12928
16728
12730
12929
16729
12731
12930
16730
12732
12931
16731
12733
12932
16732
12734
12933
16733
12735
12934
16734
12736
12935
16735
12737
12936
16736
12738
12937
16737
12739
12938
16738
12740
12939
16739
12741
12940
16740
12742
12941
16741
12743
12942
16742
12744
12943
16743
12745
12944
16744
12746
12945
16745
12747
12946
16746
12748
12947
16747
12749
12948
16748
12750
12949
16749
12751
12950
16750
12752
12951
16751
12753
12952
16752
12754
12953
16753
12755
12954
16754
12756
12955
16755
12757
12956
16756
12758
12957
16757
12759
12958
16758
12760
12959
16759
12761
12960
16760
12762
12961
16761
12763
12962
16762
12764
12963
16763
12765
12964
16764
12766
12965
16765
12767
12966
16766
12768
12967
16767
12769
12968
16768
12770
12969
16769
12771
12970
16770
12772
12971
16771
12773
12972
16772
12774
12973
16773
12775
12974
16774
12776
12975
16775
12777
12976
16776
12778
12977
16777
12779
12978
16778
12780
12979
16779
12781
12980
16780
12782
12981
16781
12783
12982
16782
12784
12983
16783
12785
12984
16784
12786
12985
16785
12787
12986
16786
12788
12987
16787
12789
12988
16788
12790
12989
16789
12791
12990
16790
12792
12991
16791
12793
12992
16792
12794
12993
16793
12795
12994
16794
12796
12995
16795
12797
12996
16796
12798
12997
16797
12799
12998
16798
12999
16799
12801
13000
16800
12802
13001
16801
12803
13002
16802
12804
13003
16803
12805
13004
16804
12806
13005
16805
12807
13006
16806
12808
13007
16807
12809
13008
16808
12810
13009
16809
12811
13010
16810
12812
13011
16811
12813
13012
16812
12814
13013
16813
12815
13014
16814
12816
13015
16815
12817
13016
16816
12818
13017
16817
12819
13018
16818
12820
13019
16819
12821
13020
16820
12822
13021
16821
12823
13022
16822
12824
13023
16823
12825
13024
16824
12826
13025
16825
12827
13026
16826
12828
13027
16827
12829
13028
16828
12830
13029
16829
12831
13030
16830
12832
13031
16831
12833
13032
16832
12834
13033
16833
12835
13034
16834
12836
13035
16835
12837
13036
16836
12838
13037
16837
12839
13038
16838
12840
13039
16839
12841
13040
16840
12842
13041
16841
12843
13042
16842
12844
13043
16843
12845
13044
16844
12846
13045
16845
12847
13046
16846
12848
13047
16847
12849
13048
16848
12850
13049
16849
12851
13050
16850
12852
13051
16851
12853
13052
16852
12854
13053
16853
12855
13054
16854
12856
13055
16855
12857
13056
16856
12858
13057
16857
12859
13058
16858
12860
13059
16859
12861
13060
16860
12862
13061
16861
12863
13062
16862
12864
13063
16863
12865
13064
16864
12866
13065
16865
12867
13066
16866
12868
13067
16867
12869
13068
16868
12870
13069
16869
12871
13070
16870
12872
13071
16871
12873
13072
16872
12874
13073
16873
12875
13074
16874
12876
13075
16875
12877
13076
16876
12878
13077
16877
12879
13078
16878
12880
13079
16879
12881
13080
16880
12882
13081
16881
12883
13082
16882
12884
13083
16883
12885
13084
16884
12886
13085
16885
12887
13086
16886
12888
13087
16887
12889
13088
16888
12890
13089
16889
12891
13090
16890
12892
13091
16891
12893
13092
16892
12894
13093
16893
12895
13094
16894
12896
13095
16895
12897
13096
16896
12898
13097
16897
12899
13098
16898
12900
13099
16899
12901
13100
16900
12902
13101
16901
12903
13102
16902
12904
13103
16903
12905
13104
16904
12906
13105
16905
12907
13106
16906
12908
13107
16907
12909
13108
16908
12910
13109
16909
12911
13110
16910
12912
13111
16911
12913
13112
16912
12914
13113
16913
12915
13114
16914
12916
13115
16915
12917
13116
16916
12918
13117
16917
12919
13118
16918
12920
13119
16919
12921
13120
16920
12922
13121
16921
12923
13122
16922
12924
13123
16923
12925
13124
16924
12926
13125
16925
12927
13126
16926
12928
13127
16927
12929
13128
16928
12930
13129
16929
12931
13130
16930
12932
13131
16931
12933
13132
16932
12934
13133
16933
12935
13134
16934
12936
13135
16935
12937
13136
16936
12938
13137
16937
12939
13138
16938
12940
13139
16939
12941
13140
16940
12942
13141
16941
12943
13142
16942
12944
13143
16943
12945
13144
16944
12946
13145
16945
12947
13146
16946
12948
13147
16947
12949
13148
16948
12950
13149
16949
12951
13150
16950
12952
13151
16951
12953
13152
16952
12954
13153
16953
12955
13154
16954
12956
13155
16955
12957
13156
16956
12958
13157
16957
12959
13158
16958
12960
13159
16959
12961
13160
16960
12962
13161
16961
12963
13162
16962
12964
13163
16963
12965
13164
16964
12966
13165
16965
12967
13166
16966
12968
13167
16967
12969
13168
16968
12970
13169
16969
12971
13170
16970
12972
13171
16971
12973
13172
16972
12974
13173
16973
12975
13174
16974
12976
13175
16975
12977
13176
16976
12978
13177
16977
12979
13178
16978
12980
13179
16979
12981
13180
16980
12982
13181
16981
12983
13182
16982
12984
13183
16983
12985
13184
16984
12986
13185
16985
12987
13186
16986
12988
13187
16987
12989
13188
16988
12990
13189
16989
12991
13190
16990
12992
13191
16991
12993
13192
16992
12994
13193
16993
12995
13194
16994
12996
13195
16995
12997
13196
16996
12998
13197
16997
12999
13198
16998
13199
16999
13001
13200
17000
13002
13201
17001
13003
13202
17002
13004
13203
17003
13005
13204
17004
13006
13205
17005
13007
13206
17006
13008
13207
17007
13009
13208
17008
13010
13209
17009
13011
13210
17010
13012
13211
17011
13013
13212
17012
13014
13213
17013
13015
13214
17014
13016
13215
17015
13017
13216
17016
13018
13217
17017
13019
13218
17018
13020
13219
17019
13021
13220
17020
13022
13221
17021
13023
13222
17022
13024
13223
17023
13025
13224
17024
13026
13225
17025
13027
13226
17026
13028
13227
17027
13029
13228
17028
13030
13229
17029
13031
13230
17030
13032
13231
17031
13033
13232
17032
13034
13233
17033
13035
13234
17034
13036
13235
17035
13037
13236
17036
13038
13237
17037
13039
13238
17038
13040
13239
17039
13041
13240
17040
13042
13241
17041
13043
13242
17042
13044
13243
17043
13045
13244
17044
13046
13245
17045
13047
13246
17046
13048
13247
17047
13049
13248
17048
13050
13249
17049
13051
13250
17050
13052
13251
17051
13053
13252
17052
13054
13253
17053
13055
13254
17054
13056
13255
17055
13057
13256
17056
13058
13257
17057
13059
13258
17058
13060
13259
17059
13061
13260
17060
13062
13261
17061
13063
13262
17062
13064
13263
17063
13065
13264
17064
13066
13265
17065
13067
13266
17066
13068
13267
17067
13069
13268
17068
13070
13269
17069
13071
13270
17070
13072
13271
17071
13073
13272
17072
13074
13273
17073
13075
13274
17074
13076
13275
17075
13077
13276
17076
13078
13277
17077
13079
13278
17078
13080
13279
17079
13081
13280
17080
13082
13281
17081
13083
13282
17082
13084
13283
17083
13085
13284
17084
13086
13285
17085
13087
13286
17086
13088
13287
17087
13089
13288
17088
13090
13289
17089
13091
13290
17090
13092
13291
17091
13093
13292
17092
13094
13293
17093
13095
13294
17094
13096
13295
17095
13097
13296
17096
13098
13297
17097
13099
13298
17098
13100
13299
17099
13101
13300
17100
13102
13301
17101
13103
13302
17102
13104
13303
17103
13105
13304
17104
13106
13305
17105
13107
13306
17106
13108
13307
17107
13109
13308
17108
13110
13309
17109
13111
13310
17110
13112
13311
17111
13113
13312
17112
13114
13313
17113
13115
13314
17114
13116
13315
17115
13117
13316
17116
13118
13317
17117
13119
13318
17118
13120
13319
17119
13121
13320
17120
13122
13321
17121
13123
13322
17122
13124
13323
17123
13125
13324
17124
13126
13325
17125
13127
13326
17126
13128
13327
17127
13129
13328
17128
13130
13329
17129
13131
13330
17130
13132
13331
17131
13133
13332
17132
13134
13333
17133
13135
13334
17134
13136
13335
17135
13137
13336
17136
13138
13337
17137
13139
13338
17138
13140
13339
17139
13141
13340
17140
13142
13341
17141
13143
13342
17142
13144
13343
17143
13145
13344
17144
13146
13345
17145
13147
13346
17146
13148
13347
17147
13149
13348
17148
13150
13349
17149
13151
13350
17150
13152
13351
17151
13153
13352
17152
13154
13353
17153
13155
13354
17154
13156
13355
17155
13157
13356
17156
13158
13357
17157
13159
13358
17158
13160
13359
17159
13161
13360
17160
13162
13361
17161
13163
13362
17162
13164
13363
17163
13165
13364
17164
13166
13365
17165
13167
13366
17166
13168
13367
17167
13169
13368
17168
13170
13369
17169
13171
13370
17170
13172
13371
17171
13173
13372
17172
13174
13373
17173
13175
13374
17174
13176
13375
17175
13177
13376
17176
13178
13377
17177
13179
13378
17178
13180
13379
17179
13181
13380
17180
13182
13381
17181
13183
13382
17182
13184
13383
17183
13185
13384
17184
13186
13385
17185
13187
13386
17186
13188
13387
17187
13189
13388
17188
13190
13389
17189
13191
13390
17190
13192
13391
17191
13193
13392
17192
13194
13393
17193
13195
13394
17194
13196
13395
17195
13197
13396
17196
13198
13397
17197
13199
13398
17198
13399
17199
13201
13400
17200
13202
13401
17201
13203
13402
17202
13204
13403
17203
13205
13404
17204
13206
13405
17205
13207
13406
17206
13208
13407
17207
13209
13408
17208
13210
13409
17209
13211
13410
17210
13212
13411
17211
13213
13412
17212
13214
13413
17213
13215
13414
17214
13216
13415
17215
13217
13416
17216
13218
13417
17217
13219
13418
17218
13220
13419
17219
13221
13420
17220
13222
13421
17221
13223
13422
17222
13224
13423
17223
13225
13424
17224
13226
13425
17225
13227
13426
17226
13228
13427
17227
13229
13428
17228
13230
13429
17229
13231
13430
17230
13232
13431
17231
13233
13432
17232
13234
13433
17233
13235
13434
17234
13236
13435
17235
13237
13436
17236
13238
13437
17237
13239
13438
17238
13240
13439
17239
13241
13440
17240
13242
13441
17241
13243
13442
17242
13244
13443
17243
13245
13444
17244
13246
13445
17245
13247
13446
17246
13248
13447
17247
13249
13448
17248
13250
13449
17249
13251
13450
17250
13252
13451
17251
13253
13452
17252
13254
13453
17253
13255
13454
17254
13256
13455
17255
13257
13456
17256
13258
13457
17257
13259
13458
17258
13260
13459
17259
13261
13460
17260
13262
13461
17261
13263
13462
17262
13264
13463
17263
13265
13464
17264
13266
13465
17265
13267
13466
17266
13268
13467
17267
13269
13468
17268
13270
13469
17269
13271
13470
17270
13272
13471
17271
13273
13472
17272
13274
13473
17273
13275
13474
17274
13276
13475
17275
13277
13476
17276
13278
13477
17277
13279
13478
17278
13280
13479
17279
13281
13480
17280
13282
13481
17281
13283
13482
17282
13284
13483
17283
13285
13484
17284
13286
13485
17285
13287
13486
17286
13288
13487
17287
13289
13488
17288
13290
13489
17289
13291
13490
17290
13292
13491
17291
13293
13492
17292
13294
13493
17293
13295
13494
17294
13296
13495
17295
13297
13496
17296
13298
13497
17297
13299
13498
17298
13300
13499
17299
13301
13500
17300
13302
13501
17301
13303
13502
17302
13304
13503
17303
13305
13504
17304
13306
13505
17305
13307
13506
17306
13308
13507
17307
13309
13508
17308
13310
13509
17309
13311
13510
17310
13312
13511
17311
13313
13512
17312
13314
13513
17313
13315
13514
17314
13316
13515
17315
13317
13516
17316
13318
13517
17317
13319
13518
17318
13320
13519
17319
13321
13520
17320
13322
13521
17321
13323
13522
17322
13324
13523
17323
13325
13524
17324
13326
13525
17325
13327
13526
17326
13328
13527
17327
13329
13528
17328
13330
13529
17329
13331
13530
17330
13332
13531
17331
13333
13532
17332
13334
13533
17333
13335
13534
17334
13336
13535
17335
13337
13536
17336
13338
13537
17337
13339
13538
17338
13340
13539
17339
13341
13540
17340
13342
13541
17341
13343
13542
17342
13344
13543
17343
13345
13544
17344
13346
13545
17345
13347
13546
17346
13348
13547
17347
13349
13548
17348
13350
13549
17349
13351
13550
17350
13352
13551
17351
13353
13552
17352
13354
13553
17353
13355
13554
17354
13356
13555
17355
13357
13556
17356
13358
13557
17357
13359
13558
17358
13360
13559
17359
13361
13560
17360
13362
13561
17361
13363
13562
17362
13364
13563
17363
13365
13564
17364
13366
13565
17365
13367
13566
17366
13368
13567
17367
13369
13568
17368
13370
13569
17369
13371
13570
17370
13372
13571
17371
13373
13572
17372
13374
13573
17373
13375
13574
17374
13376
13575
17375
13377
13576
17376
13378
13577
17377
13379
13578
17378
13380
13579
17379
13381
13580
17380
13382
13581
17381
13383
13582
17382
13384
13583
17383
13385
13584
17384
13386
13585
17385
13387
13586
17386
13388
13587
17387
13389
13588
17388
13390
13589
17389
13391
13590
17390
13392
13591
17391
13393
13592
17392
13394
13593
17393
13395
13594
17394
13396
13595
17395
13397
13596
17396
13398
13597
17397
13399
13598
17398
13599
17399
13401
13600
17400
13402
13601
17401
13403
13602
17402
13404
13603
17403
13405
13604
17404
13406
13605
17405
13407
13606
17406
13408
13607
17407
13409
13608
17408
13410
13609
17409
13411
13610
17410
13412
13611
17411
13413
13612
17412
13414
13613
17413
13415
13614
17414
13416
13615
17415
13417
13616
17416
13418
13617
17417
13419
13618
17418
13420
13619
17419
13421
13620
17420
13422
13621
17421
13423
13622
17422
13424
13623
17423
13425
13624
17424
13426
13625
17425
13427
13626
17426
13428
13627
17427
13429
13628
17428
13430
13629
17429
13431
13630
17430
13432
13631
17431
13433
13632
17432
13434
13633
17433
13435
13634
17434
13436
13635
17435
13437
13636
17436
13438
13637
17437
13439
13638
17438
13440
13639
17439
13441
13640
17440
13442
13641
17441
13443
13642
17442
13444
13643
17443
13445
13644
17444
13446
13645
17445
13447
13646
17446
13448
13647
17447
13449
13648
17448
13450
13649
17449
13451
13650
17450
13452
13651
17451
13453
13652
17452
13454
13653
17453
13455
13654
17454
13456
13655
17455
13457
13656
17456
13458
13657
17457
13459
13658
17458
13460
13659
17459
13461
13660
17460
13462
13661
17461
13463
13662
17462
13464
13663
17463
13465
13664
17464
13466
13665
17465
13467
13666
17466
13468
13667
17467
13469
13668
17468
13470
13669
17469
13471
13670
17470
13472
13671
17471
13473
13672
17472
13474
13673
17473
13475
13674
17474
13476
13675
17475
13477
13676
17476
13478
13677
17477
13479
13678
17478
13480
13679
17479
13481
13680
17480
13482
13681
17481
13483
13682
17482
13484
13683
17483
13485
13684
17484
13486
13685
17485
13487
13686
17486
13488
13687
17487
13489
13688
17488
13490
13689
17489
13491
13690
17490
13492
13691
17491
13493
13692
17492
13494
13693
17493
13495
13694
17494
13496
13695
17495
13497
13696
17496
13498
13697
17497
13499
13698
17498
13500
13699
17499
13501
13700
17500
13502
13701
17501
13503
13702
17502
13504
13703
17503
13505
13704
17504
13506
13705
17505
13507
13706
17506
13508
13707
17507
13509
13708
17508
13510
13709
17509
13511
13710
17510
13512
13711
17511
13513
13712
17512
13514
13713
17513
13515
13714
17514
13516
13715
17515
13517
13716
17516
13518
13717
17517
13519
13718
17518
13520
13719
17519
13521
13720
17520
13522
13721
17521
13523
13722
17522
13524
13723
17523
13525
13724
17524
13526
13725
17525
13527
13726
17526
13528
13727
17527
13529
13728
17528
13530
13729
17529
13531
13730
17530
13532
13731
17531
13533
13732
17532
13534
13733
17533
13535
13734
17534
13536
13735
17535
13537
13736
17536
13538
13737
17537
13539
13738
17538
13540
13739
17539
13541
13740
17540
13542
13741
17541
13543
13742
17542
13544
13743
17543
13545
13744
17544
13546
13745
17545
13547
13746
17546
13548
13747
17547
13549
13748
17548
13550
13749
17549
13551
13750
17550
13552
13751
17551
13553
13752
17552
13554
13753
17553
13555
13754
17554
13556
13755
17555
13557
13756
17556
13558
13757
17557
13559
13758
17558
13560
13759
17559
13561
13760
17560
13562
13761
17561
13563
13762
17562
13564
13763
17563
13565
13764
17564
13566
13765
17565
13567
13766
17566
13568
13767
17567
13569
13768
17568
13570
13769
17569
13571
13770
17570
13572
13771
17571
13573
13772
17572
13574
13773
17573
13575
13774
17574
13576
13775
17575
13577
13776
17576
13578
13777
17577
13579
13778
17578
13580
13779
17579
13581
13780
17580
13582
13781
17581
13583
13782
17582
13584
13783
17583
13585
13784
17584
13586
13785
17585
13587
13786
17586
13588
13787
17587
13589
13788
17588
13590
13789
17589
13591
13790
17590
13592
13791
17591
13593
13792
17592
13594
13793
17593
13595
13794
17594
13596
13795
17595
13597
13796
17596
13598
13797
17597
13599
13798
17598
13799
17599
13601
13800
17600
13602
13801
17601
13603
13802
17602
13604
13803
17603
13605
13804
17604
13606
13805
17605
13607
13806
17606
13608
13807
17607
13609
13808
17608
13610
13809
17609
13611
13810
17610
13612
13811
17611
13613
13812
17612
13614
13813
17613
13615
13814
17614
13616
13815
17615
13617
13816
17616
13618
13817
17617
13619
13818
17618
13620
13819
17619
13621
13820
17620
13622
13821
17621
13623
13822
17622
13624
13823
17623
13625
13824
17624
13626
13825
17625
13627
13826
17626
13628
13827
17627
13629
13828
17628
13630
13829
17629
13631
13830
17630
13632
13831
17631
13633
13832
17632
13634
13833
17633
13635
13834
17634
13636
13835
17635
13637
13836
17636
13638
13837
17637
13639
13838
17638
13640
13839
17639
13641
13840
17640
13642
13841
17641
13643
13842
17642
13644
13843
17643
13645
13844
17644
13646
13845
17645
13647
13846
17646
13648
13847
17647
13649
13848
17648
13650
13849
17649
13651
13850
17650
13652
13851
17651
13653
13852
17652
13654
13853
17653
13655
13854
17654
13656
13855
17655
13657
13856
17656
13658
13857
17657
13659
13858
17658
13660
13859
17659
13661
13860
17660
13662
13861
17661
13663
13862
17662
13664
13863
17663
13665
13864
17664
13666
13865
17665
13667
13866
17666
13668
13867
17667
13669
13868
17668
13670
13869
17669
13671
13870
17670
13672
13871
17671
13673
13872
17672
13674
13873
17673
13675
13874
17674
13676
13875
17675
13677
13876
17676
13678
13877
17677
13679
13878
17678
13680
13879
17679
13681
13880
17680
13682
13881
17681
13683
13882
17682
13684
13883
17683
13685
13884
17684
13686
13885
17685
13687
13886
17686
13688
13887
17687
13689
13888
17688
13690
13889
17689
13691
13890
17690
13692
13891
17691
13693
13892
17692
13694
13893
17693
13695
13894
17694
13696
13895
17695
13697
13896
17696
13698
13897
17697
13699
13898
17698
13700
13899
17699
13701
13900
17700
13702
13901
17701
13703
13902
17702
13704
13903
17703
13705
13904
17704
13706
13905
17705
13707
13906
17706
13708
13907
17707
13709
13908
17708
13710
13909
17709
13711
13910
17710
13712
13911
17711
13713
13912
17712
13714
13913
17713
13715
13914
17714
13716
13915
17715
13717
13916
17716
13718
13917
17717
13719
13918
17718
13720
13919
17719
13721
13920
17720
13722
13921
17721
13723
13922
17722
13724
13923
17723
13725
13924
17724
13726
13925
17725
13727
13926
17726
13728
13927
17727
13729
13928
17728
13730
13929
17729
13731
13930
17730
13732
13931
17731
13733
13932
17732
13734
13933
17733
13735
13934
17734
13736
13935
17735
13737
13936
17736
13738
13937
17737
13739
13938
17738
13740
13939
17739
13741
13940
17740
13742
13941
17741
13743
13942
17742
13744
13943
17743
13745
13944
17744
13746
13945
17745
13747
13946
17746
13748
13947
17747
13749
13948
17748
13750
13949
17749
13751
13950
17750
13752
13951
17751
13753
13952
17752
13754
13953
17753
13755
13954
17754
13756
13955
17755
13757
13956
17756
13758
13957
17757
13759
13958
17758
13760
13959
17759
13761
13960
17760
13762
13961
17761
13763
13962
17762
13764
13963
17763
13765
13964
17764
13766
13965
17765
13767
13966
17766
13768
13967
17767
13769
13968
17768
13770
13969
17769
13771
13970
17770
13772
13971
17771
13773
13972
17772
13774
13973
17773
13775
13974
17774
13776
13975
17775
13777
13976
17776
13778
13977
17777
13779
13978
17778
13780
13979
17779
13781
13980
17780
13782
13981
17781
13783
13982
17782
13784
13983
17783
13785
13984
17784
13786
13985
17785
13787
13986
17786
13788
13987
17787
13789
13988
17788
13790
13989
17789
13791
13990
17790
13792
13991
17791
13793
13992
17792
13794
13993
17793
13795
13994
17794
13796
13995
17795
13797
13996
17796
13798
13997
17797
13799
13998
17798
13999
17799
13801
14000
17800
13802
14001
17801
13803
14002
17802
13804
14003
17803
13805
14004
17804
13806
14005
17805
13807
14006
17806
13808
14007
17807
13809
14008
17808
13810
14009
17809
13811
14010
17810
13812
14011
17811
13813
14012
17812
13814
14013
17813
13815
14014
17814
13816
14015
17815
13817
14016
17816
13818
14017
17817
13819
14018
17818
13820
14019
17819
13821
14020
17820
13822
14021
17821
13823
14022
17822
13824
14023
17823
13825
14024
17824
13826
14025
17825
13827
14026
17826
13828
14027
17827
13829
14028
17828
13830
14029
17829
13831
14030
17830
13832
14031
17831
13833
14032
17832
13834
14033
17833
13835
14034
17834
13836
14035
17835
13837
14036
17836
13838
14037
17837
13839
14038
17838
13840
14039
17839
13841
14040
17840
13842
14041
17841
13843
14042
17842
13844
14043
17843
13845
14044
17844
13846
14045
17845
13847
14046
17846
13848
14047
17847
13849
14048
17848
13850
14049
17849
13851
14050
17850
13852
14051
17851
13853
14052
17852
13854
14053
17853
13855
14054
17854
13856
14055
17855
13857
14056
17856
13858
14057
17857
13859
14058
17858
13860
14059
17859
13861
14060
17860
13862
14061
17861
13863
14062
17862
13864
14063
17863
13865
14064
17864
13866
14065
17865
13867
14066
17866
13868
14067
17867
13869
14068
17868
13870
14069
17869
13871
14070
17870
13872
14071
17871
13873
14072
17872
13874
14073
17873
13875
14074
17874
13876
14075
17875
13877
14076
17876
13878
14077
17877
13879
14078
17878
13880
14079
17879
13881
14080
17880
13882
14081
17881
13883
14082
17882
13884
14083
17883
13885
14084
17884
13886
14085
17885
13887
14086
17886
13888
14087
17887
13889
14088
17888
13890
14089
17889
13891
14090
17890
13892
14091
17891
13893
14092
17892
13894
14093
17893
13895
14094
17894
13896
14095
17895
13897
14096
17896
13898
14097
17897
13899
14098
17898
13900
14099
17899
13901
14100
17900
13902
14101
17901
13903
14102
17902
13904
14103
17903
13905
14104
17904
13906
14105
17905
13907
14106
17906
13908
14107
17907
13909
14108
17908
13910
14109
17909
13911
14110
17910
13912
14111
17911
13913
14112
17912
13914
14113
17913
13915
14114
17914
13916
14115
17915
13917
14116
17916
13918
14117
17917
13919
14118
17918
13920
14119
17919
13921
14120
17920
13922
14121
17921
13923
14122
17922
13924
14123
17923
13925
14124
17924
13926
14125
17925
13927
14126
17926
13928
14127
17927
13929
14128
17928
13930
14129
17929
13931
14130
17930
13932
14131
17931
13933
14132
17932
13934
14133
17933
13935
14134
17934
13936
14135
17935
13937
14136
17936
13938
14137
17937
13939
14138
17938
13940
14139
17939
13941
14140
17940
13942
14141
17941
13943
14142
17942
13944
14143
17943
13945
14144
17944
13946
14145
17945
13947
14146
17946
13948
14147
17947
13949
14148
17948
13950
14149
17949
13951
14150
17950
13952
14151
17951
13953
14152
17952
13954
14153
17953
13955
14154
17954
13956
14155
17955
13957
14156
17956
13958
14157
17957
13959
14158
17958
13960
14159
17959
13961
14160
17960
13962
14161
17961
13963
14162
17962
13964
14163
17963
13965
14164
17964
13966
14165
17965
13967
14166
17966
13968
14167
17967
13969
14168
17968
13970
14169
17969
13971
14170
17970
13972
14171
17971
13973
14172
17972
13974
14173
17973
13975
14174
17974
13976
14175
17975
13977
14176
17976
13978
14177
17977
13979
14178
17978
13980
14179
17979
13981
14180
17980
13982
14181
17981
13983
14182
17982
13984
14183
17983
13985
14184
17984
13986
14185
17985
13987
14186
17986
13988
14187
17987
13989
14188
17988
13990
14189
17989
13991
14190
17990
13992
14191
17991
13993
14192
17992
13994
14193
17993
13995
14194
17994
13996
14195
17995
13997
14196
17996
13998
14197
17997
13999
14198
17998
14199
17999
14001
14200
18000
14002
14201
18001
14003
14202
18002
14004
14203
18003
14005
14204
18004
14006
14205
18005
14007
14206
18006
14008
14207
18007
14009
14208
18008
14010
14209
18009
14011
14210
18010
14012
14211
18011
14013
14212
18012
14014
14213
18013
14015
14214
18014
14016
14215
18015
14017
14216
18016
14018
14217
18017
14019
14218
18018
14020
14219
18019
14021
14220
18020
14022
14221
18021
14023
14222
18022
14024
14223
18023
14025
14224
18024
14026
14225
18025
14027
14226
18026
14028
14227
18027
14029
14228
18028
14030
14229
18029
14031
14230
18030
14032
14231
18031
14033
14232
18032
14034
14233
18033
14035
14234
18034
14036
14235
18035
14037
14236
18036
14038
14237
18037
14039
14238
18038
14040
14239
18039
14041
14240
18040
14042
14241
18041
14043
14242
18042
14044
14243
18043
14045
14244
18044
14046
14245
18045
14047
14246
18046
14048
14247
18047
14049
14248
18048
14050
14249
18049
14051
14250
18050
14052
14251
18051
14053
14252
18052
14054
14253
18053
14055
14254
18054
14056
14255
18055
14057
14256
18056
14058
14257
18057
14059
14258
18058
14060
14259
18059
14061
14260
18060
14062
14261
18061
14063
14262
18062
14064
14263
18063
14065
14264
18064
14066
14265
18065
14067
14266
18066
14068
14267
18067
14069
14268
18068
14070
14269
18069
14071
14270
18070
14072
14271
18071
14073
14272
18072
14074
14273
18073
14075
14274
18074
14076
14275
18075
14077
14276
18076
14078
14277
18077
14079
14278
18078
14080
14279
18079
14081
14280
18080
14082
14281
18081
14083
14282
18082
14084
14283
18083
14085
14284
18084
14086
14285
18085
14087
14286
18086
14088
14287
18087
14089
14288
18088
14090
14289
18089
14091
14290
18090
14092
14291
18091
14093
14292
18092
14094
14293
18093
14095
14294
18094
14096
14295
18095
14097
14296
18096
14098
14297
18097
14099
14298
18098
14100
14299
18099
14101
14300
18100
14102
14301
18101
14103
14302
18102
14104
14303
18103
14105
14304
18104
14106
14305
18105
14107
14306
18106
14108
14307
18107
14109
14308
18108
14110
14309
18109
14111
14310
18110
14112
14311
18111
14113
14312
18112
14114
14313
18113
14115
14314
18114
14116
14315
18115
14117
14316
18116
14118
14317
18117
14119
14318
18118
14120
14319
18119
14121
14320
18120
14122
14321
18121
14123
14322
18122
14124
14323
18123
14125
14324
18124
14126
14325
18125
14127
14326
18126
14128
14327
18127
14129
14328
18128
14130
14329
18129
14131
14330
18130
14132
14331
18131
14133
14332
18132
14134
14333
18133
14135
14334
18134
14136
14335
18135
14137
14336
18136
14138
14337
18137
14139
14338
18138
14140
14339
18139
14141
14340
18140
14142
14341
18141
14143
14342
18142
14144
14343
18143
14145
14344
18144
14146
14345
18145
14147
14346
18146
14148
14347
18147
14149
14348
18148
14150
14349
18149
14151
14350
18150
14152
14351
18151
14153
14352
18152
14154
14353
18153
14155
14354
18154
14156
14355
18155
14157
14356
18156
14158
14357
18157
14159
14358
18158
14160
14359
18159
14161
14360
18160
14162
14361
18161
14163
14362
18162
14164
14363
18163
14165
14364
18164
14166
14365
18165
14167
14366
18166
14168
14367
18167
14169
14368
18168
14170
14369
18169
14171
14370
18170
14172
14371
18171
14173
14372
18172
14174
14373
18173
14175
14374
18174
14176
14375
18175
14177
14376
18176
14178
14377
18177
14179
14378
18178
14180
14379
18179
14181
14380
18180
14182
14381
18181
14183
14382
18182
14184
14383
18183
14185
14384
18184
14186
14385
18185
14187
14386
18186
14188
14387
18187
14189
14388
18188
14190
14389
18189
14191
14390
18190
14192
14391
18191
14193
14392
18192
14194
14393
18193
14195
14394
18194
14196
14395
18195
14197
14396
18196
14198
14397
18197
14199
14398
18198
14399
18199
14201
14400
18200
14202
14401
18201
14203
14402
18202
14204
14403
18203
14205
14404
18204
14206
14405
18205
14207
14406
18206
14208
14407
18207
14209
14408
18208
14210
14409
18209
14211
14410
18210
14212
14411
18211
14213
14412
18212
14214
14413
18213
14215
14414
18214
14216
14415
18215
14217
14416
18216
14218
14417
18217
14219
14418
18218
14220
14419
18219
14221
14420
18220
14222
14421
18221
14223
14422
18222
14224
14423
18223
14225
14424
18224
14226
14425
18225
14227
14426
18226
14228
14427
18227
14229
14428
18228
14230
14429
18229
14231
14430
18230
14232
14431
18231
14233
14432
18232
14234
14433
18233
14235
14434
18234
14236
14435
18235
14237
14436
18236
14238
14437
18237
14239
14438
18238
14240
14439
18239
14241
14440
18240
14242
14441
18241
14243
14442
18242
14244
14443
18243
14245
14444
18244
14246
14445
18245
14247
14446
18246
14248
14447
18247
14249
14448
18248
14250
14449
18249
14251
14450
18250
14252
14451
18251
14253
14452
18252
14254
14453
18253
14255
14454
18254
14256
14455
18255
14257
14456
18256
14258
14457
18257
14259
14458
18258
14260
14459
18259
14261
14460
18260
14262
14461
18261
14263
14462
18262
14264
14463
18263
14265
14464
18264
14266
14465
18265
14267
14466
18266
14268
14467
18267
14269
14468
18268
14270
14469
18269
14271
14470
18270
14272
14471
18271
14273
14472
18272
14274
14473
18273
14275
14474
18274
14276
14475
18275
14277
14476
18276
14278
14477
18277
14279
14478
18278
14280
14479
18279
14281
14480
18280
14282
14481
18281
14283
14482
18282
14284
14483
18283
14285
14484
18284
14286
14485
18285
14287
14486
18286
14288
14487
18287
14289
14488
18288
14290
14489
18289
14291
14490
18290
14292
14491
18291
14293
14492
18292
14294
14493
18293
14295
14494
18294
14296
14495
18295
14297
14496
18296
14298
14497
18297
14299
14498
18298
14300
14499
18299
14301
14500
18300
14302
14501
18301
14303
14502
18302
14304
14503
18303
14305
14504
18304
14306
14505
18305
14307
14506
18306
14308
14507
18307
14309
14508
18308
14310
14509
18309
14311
14510
18310
14312
14511
18311
14313
14512
18312
14314
14513
18313
14315
14514
18314
14316
14515
18315
14317
14516
18316
14318
14517
18317
14319
14518
18318
14320
14519
18319
14321
14520
18320
14322
14521
18321
14323
14522
18322
14324
14523
18323
14325
14524
18324
14326
14525
18325
14327
14526
18326
14328
14527
18327
14329
14528
18328
14330
14529
18329
14331
14530
18330
14332
14531
18331
14333
14532
18332
14334
14533
18333
14335
14534
18334
14336
14535
18335
14337
14536
18336
14338
14537
18337
14339
14538
18338
14340
14539
18339
14341
14540
18340
14342
14541
18341
14343
14542
18342
14344
14543
18343
14345
14544
18344
14346
14545
18345
14347
14546
18346
14348
14547
18347
14349
14548
18348
14350
14549
18349
14351
14550
18350
14352
14551
18351
14353
14552
18352
14354
14553
18353
14355
14554
18354
14356
14555
18355
14357
14556
18356
14358
14557
18357
14359
14558
18358
14360
14559
18359
14361
14560
18360
14362
14561
18361
14363
14562
18362
14364
14563
18363
14365
14564
18364
14366
14565
18365
14367
14566
18366
14368
14567
18367
14369
14568
18368
14370
14569
18369
14371
14570
18370
14372
14571
18371
14373
14572
18372
14374
14573
18373
14375
14574
18374
14376
14575
18375
14377
14576
18376
14378
14577
18377
14379
14578
18378
14380
14579
18379
14381
14580
18380
14382
14581
18381
14383
14582
18382
14384
14583
18383
14385
14584
18384
14386
14585
18385
14387
14586
18386
14388
14587
18387
14389
14588
18388
14390
14589
18389
14391
14590
18390
14392
14591
18391
14393
14592
18392
14394
14593
18393
14395
14594
18394
14396
14595
18395
14397
14596
18396
14398
14597
18397
14399
14598
18398
14599
18399
14401
14600
18400
14402
14601
18401
14403
14602
18402
14404
14603
18403
14405
14604
18404
14406
14605
18405
14407
14606
18406
14408
14607
18407
14409
14608
18408
14410
14609
18409
14411
14610
18410
14412
14611
18411
14413
14612
18412
14414
14613
18413
14415
14614
18414
14416
14615
18415
14417
14616
18416
14418
14617
18417
14419
14618
18418
14420
14619
18419
14421
14620
18420
14422
14621
18421
14423
14622
18422
14424
14623
18423
14425
14624
18424
14426
14625
18425
14427
14626
18426
14428
14627
18427
14429
14628
18428
14430
14629
18429
14431
14630
18430
14432
14631
18431
14433
14632
18432
14434
14633
18433
14435
14634
18434
14436
14635
18435
14437
14636
18436
14438
14637
18437
14439
14638
18438
14440
14639
18439
14441
14640
18440
14442
14641
18441
14443
14642
18442
14444
14643
18443
14445
14644
18444
14446
14645
18445
14447
14646
18446
14448
14647
18447
14449
14648
18448
14450
14649
18449
14451
14650
18450
14452
14651
18451
14453
14652
18452
14454
14653
18453
14455
14654
18454
14456
14655
18455
14457
14656
18456
14458
14657
18457
14459
14658
18458
14460
14659
18459
14461
14660
18460
14462
14661
18461
14463
14662
18462
14464
14663
18463
14465
14664
18464
14466
14665
18465
14467
14666
18466
14468
14667
18467
14469
14668
18468
14470
14669
18469
14471
14670
18470
14472
14671
18471
14473
14672
18472
14474
14673
18473
14475
14674
18474
14476
14675
18475
14477
14676
18476
14478
14677
18477
14479
14678
18478
14480
14679
18479
14481
14680
18480
14482
14681
18481
14483
14682
18482
14484
14683
18483
14485
14684
18484
14486
14685
18485
14487
14686
18486
14488
14687
18487
14489
14688
18488
14490
14689
18489
14491
14690
18490
14492
14691
18491
14493
14692
18492
14494
14693
18493
14495
14694
18494
14496
14695
18495
14497
14696
18496
14498
14697
18497
14499
14698
18498
14500
14699
18499
14501
14700
18500
14502
14701
18501
14503
14702
18502
14504
14703
18503
14505
14704
18504
14506
14705
18505
14507
14706
18506
14508
14707
18507
14509
14708
18508
14510
14709
18509
14511
14710
18510
14512
14711
18511
14513
14712
18512
14514
14713
18513
14515
14714
18514
14516
14715
18515
14517
14716
18516
14518
14717
18517
14519
14718
18518
14520
14719
18519
14521
14720
18520
14522
14721
18521
14523
14722
18522
14524
14723
18523
14525
14724
18524
14526
14725
18525
14527
14726
18526
14528
14727
18527
14529
14728
18528
14530
14729
18529
14531
14730
18530
14532
14731
18531
14533
14732
18532
14534
14733
18533
14535
14734
18534
14536
14735
18535
14537
14736
18536
14538
14737
18537
14539
14738
18538
14540
14739
18539
14541
14740
18540
14542
14741
18541
14543
14742
18542
14544
14743
18543
14545
14744
18544
14546
14745
18545
14547
14746
18546
14548
14747
18547
14549
14748
18548
14550
14749
18549
14551
14750
18550
14552
14751
18551
14553
14752
18552
14554
14753
18553
14555
14754
18554
14556
14755
18555
14557
14756
18556
14558
14757
18557
14559
14758
18558
14560
14759
18559
14561
14760
18560
14562
14761
18561
14563
14762
18562
14564
14763
18563
14565
14764
18564
14566
14765
18565
14567
14766
18566
14568
14767
18567
14569
14768
18568
14570
14769
18569
14571
14770
18570
14572
14771
18571
14573
14772
18572
14574
14773
18573
14575
14774
18574
14576
14775
18575
14577
14776
18576
14578
14777
18577
14579
14778
18578
14580
14779
18579
14581
14780
18580
14582
14781
18581
14583
14782
18582
14584
14783
18583
14585
14784
18584
14586
14785
18585
14587
14786
18586
14588
14787
18587
14589
14788
18588
14590
14789
18589
14591
14790
18590
14592
14791
18591
14593
14792
18592
14594
14793
18593
14595
14794
18594
14596
14795
18595
14597
14796
18596
14598
14797
18597
14599
14798
18598
14799
18599
14601
14800
18600
14602
14801
18601
14603
14802
18602
14604
14803
18603
14605
14804
18604
14606
14805
18605
14607
14806
18606
14608
14807
18607
14609
14808
18608
14610
14809
18609
14611
14810
18610
14612
14811
18611
14613
14812
18612
14614
14813
18613
14615
14814
18614
14616
14815
18615
14617
14816
18616
14618
14817
18617
14619
14818
18618
14620
14819
18619
14621
14820
18620
14622
14821
18621
14623
14822
18622
14624
14823
18623
14625
14824
18624
14626
14825
18625
14627
14826
18626
14628
14827
18627
14629
14828
18628
14630
14829
18629
14631
14830
18630
14632
14831
18631
14633
14832
18632
14634
14833
18633
14635
14834
18634
14636
14835
18635
14637
14836
18636
14638
14837
18637
14639
14838
18638
14640
14839
18639
14641
14840
18640
14642
14841
18641
14643
14842
18642
14644
14843
18643
14645
14844
18644
14646
14845
18645
14647
14846
18646
14648
14847
18647
14649
14848
18648
14650
14849
18649
14651
14850
18650
14652
14851
18651
14653
14852
18652
14654
14853
18653
14655
14854
18654
14656
14855
18655
14657
14856
18656
14658
14857
18657
14659
14858
18658
14660
14859
18659
14661
14860
18660
14662
14861
18661
14663
14862
18662
14664
14863
18663
14665
14864
18664
14666
14865
18665
14667
14866
18666
14668
14867
18667
14669
14868
18668
14670
14869
18669
14671
14870
18670
14672
14871
18671
14673
14872
18672
14674
14873
18673
14675
14874
18674
14676
14875
18675
14677
14876
18676
14678
14877
18677
14679
14878
18678
14680
14879
18679
14681
14880
18680
14682
14881
18681
14683
14882
18682
14684
14883
18683
14685
14884
18684
14686
14885
18685
14687
14886
18686
14688
14887
18687
14689
14888
18688
14690
14889
18689
14691
14890
18690
14692
14891
18691
14693
14892
18692
14694
14893
18693
14695
14894
18694
14696
14895
18695
14697
14896
18696
14698
14897
18697
14699
14898
18698
14700
14899
18699
14701
14900
18700
14702
14901
18701
14703
14902
18702
14704
14903
18703
14705
14904
18704
14706
14905
18705
14707
14906
18706
14708
14907
18707
14709
14908
18708
14710
14909
18709
14711
14910
18710
14712
14911
18711
14713
14912
18712
14714
14913
18713
14715
14914
18714
14716
14915
18715
14717
14916
18716
14718
14917
18717
14719
14918
18718
14720
14919
18719
14721
14920
18720
14722
14921
18721
14723
14922
18722
14724
14923
18723
14725
14924
18724
14726
14925
18725
14727
14926
18726
14728
14927
18727
14729
14928
18728
14730
14929
18729
14731
14930
18730
14732
14931
18731
14733
14932
18732
14734
14933
18733
14735
14934
18734
14736
14935
18735
14737
14936
18736
14738
14937
18737
14739
14938
18738
14740
14939
18739
14741
14940
18740
14742
14941
18741
14743
14942
18742
14744
14943
18743
14745
14944
18744
14746
14945
18745
14747
14946
18746
14748
14947
18747
14749
14948
18748
14750
14949
18749
14751
14950
18750
14752
14951
18751
14753
14952
18752
14754
14953
18753
14755
14954
18754
14756
14955
18755
14757
14956
18756
14758
14957
18757
14759
14958
18758
14760
14959
18759
14761
14960
18760
14762
14961
18761
14763
14962
18762
14764
14963
18763
14765
14964
18764
14766
14965
18765
14767
14966
18766
14768
14967
18767
14769
14968
18768
14770
14969
18769
14771
14970
18770
14772
14971
18771
14773
14972
18772
14774
14973
18773
14775
14974
18774
14776
14975
18775
14777
14976
18776
14778
14977
18777
14779
14978
18778
14780
14979
18779
14781
14980
18780
14782
14981
18781
14783
14982
18782
14784
14983
18783
14785
14984
18784
14786
14985
18785
14787
14986
18786
14788
14987
18787
14789
14988
18788
14790
14989
18789
14791
14990
18790
14792
14991
18791
14793
14992
18792
14794
14993
18793
14795
14994
18794
14796
14995
18795
14797
14996
18796
14798
14997
18797
14799
14998
18798
14999
18799
14801
15000
18800
14802
15001
18801
14803
15002
18802
14804
15003
18803
14805
15004
18804
14806
15005
18805
14807
15006
18806
14808
15007
18807
14809
15008
18808
14810
15009
18809
14811
15010
18810
14812
15011
18811
14813
15012
18812
14814
15013
18813
14815
15014
18814
14816
15015
18815
14817
15016
18816
14818
15017
18817
14819
15018
18818
14820
15019
18819
14821
15020
18820
14822
15021
18821
14823
15022
18822
14824
15023
18823
14825
15024
18824
14826
15025
18825
14827
15026
18826
14828
15027
18827
14829
15028
18828
14830
15029
18829
14831
15030
18830
14832
15031
18831
14833
15032
18832
14834
15033
18833
14835
15034
18834
14836
15035
18835
14837
15036
18836
14838
15037
18837
14839
15038
18838
14840
15039
18839
14841
15040
18840
14842
15041
18841
14843
15042
18842
14844
15043
18843
14845
15044
18844
14846
15045
18845
14847
15046
18846
14848
15047
18847
14849
15048
18848
14850
15049
18849
14851
15050
18850
14852
15051
18851
14853
15052
18852
14854
15053
18853
14855
15054
18854
14856
15055
18855
14857
15056
18856
14858
15057
18857
14859
15058
18858
14860
15059
18859
14861
15060
18860
14862
15061
18861
14863
15062
18862
14864
15063
18863
14865
15064
18864
14866
15065
18865
14867
15066
18866
14868
15067
18867
14869
15068
18868
14870
15069
18869
14871
15070
18870
14872
15071
18871
14873
15072
18872
14874
15073
18873
14875
15074
18874
14876
15075
18875
14877
15076
18876
14878
15077
18877
14879
15078
18878
14880
15079
18879
14881
15080
18880
14882
15081
18881
14883
15082
18882
14884
15083
18883
14885
15084
18884
14886
15085
18885
14887
15086
18886
14888
15087
18887
14889
15088
18888
14890
15089
18889
14891
15090
18890
14892
15091
18891
14893
15092
18892
14894
15093
18893
14895
15094
18894
14896
15095
18895
14897
15096
18896
14898
15097
18897
14899
15098
18898
14900
15099
18899
14901
15100
18900
14902
15101
18901
14903
15102
18902
14904
15103
18903
14905
15104
18904
14906
15105
18905
14907
15106
18906
14908
15107
18907
14909
15108
18908
14910
15109
18909
14911
15110
18910
14912
15111
18911
14913
15112
18912
14914
15113
18913
14915
15114
18914
14916
15115
18915
14917
15116
18916
14918
15117
18917
14919
15118
18918
14920
15119
18919
14921
15120
18920
14922
15121
18921
14923
15122
18922
14924
15123
18923
14925
15124
18924
14926
15125
18925
14927
15126
18926
14928
15127
18927
14929
15128
18928
14930
15129
18929
14931
15130
18930
14932
15131
18931
14933
15132
18932
14934
15133
18933
14935
15134
18934
14936
15135
18935
14937
15136
18936
14938
15137
18937
14939
15138
18938
14940
15139
18939
14941
15140
18940
14942
15141
18941
14943
15142
18942
14944
15143
18943
14945
15144
18944
14946
15145
18945
14947
15146
18946
14948
15147
18947
14949
15148
18948
14950
15149
18949
14951
15150
18950
14952
15151
18951
14953
15152
18952
14954
15153
18953
14955
15154
18954
14956
15155
18955
14957
15156
18956
14958
15157
18957
14959
15158
18958
14960
15159
18959
14961
15160
18960
14962
15161
18961
14963
15162
18962
14964
15163
18963
14965
15164
18964
14966
15165
18965
14967
15166
18966
14968
15167
18967
14969
15168
18968
14970
15169
18969
14971
15170
18970
14972
15171
18971
14973
15172
18972
14974
15173
18973
14975
15174
18974
14976
15175
18975
14977
15176
18976
14978
15177
18977
14979
15178
18978
14980
15179
18979
14981
15180
18980
14982
15181
18981
14983
15182
18982
14984
15183
18983
14985
15184
18984
14986
15185
18985
14987
15186
18986
14988
15187
18987
14989
15188
18988
14990
15189
18989
14991
15190
18990
14992
15191
18991
14993
15192
18992
14994
15193
18993
14995
15194
18994
14996
15195
18995
14997
15196
18996
14998
15197
18997
14999
15198
18998
15199
18999
15001
15200
19000
15002
15201
19001
15003
15202
19002
15004
15203
19003
15005
15204
19004
15006
15205
19005
15007
15206
19006
15008
15207
19007
15009
15208
19008
15010
15209
19009
15011
15210
19010
15012
15211
19011
15013
15212
19012
15014
15213
19013
15015
15214
19014
15016
15215
19015
15017
15216
19016
15018
15217
19017
15019
15218
19018
15020
15219
19019
15021
15220
19020
15022
15221
19021
15023
15222
19022
15024
15223
19023
15025
15224
19024
15026
15225
19025
15027
15226
19026
15028
15227
19027
15029
15228
19028
15030
15229
19029
15031
15230
19030
15032
15231
19031
15033
15232
19032
15034
15233
19033
15035
15234
19034
15036
15235
19035
15037
15236
19036
15038
15237
19037
15039
15238
19038
15040
15239
19039
15041
15240
19040
15042
15241
19041
15043
15242
19042
15044
15243
19043
15045
15244
19044
15046
15245
19045
15047
15246
19046
15048
15247
19047
15049
15248
19048
15050
15249
19049
15051
15250
19050
15052
15251
19051
15053
15252
19052
15054
15253
19053
15055
15254
19054
15056
15255
19055
15057
15256
19056
15058
15257
19057
15059
15258
19058
15060
15259
19059
15061
15260
19060
15062
15261
19061
15063
15262
19062
15064
15263
19063
15065
15264
19064
15066
15265
19065
15067
15266
19066
15068
15267
19067
15069
15268
19068
15070
15269
19069
15071
15270
19070
15072
15271
19071
15073
15272
19072
15074
15273
19073
15075
15274
19074
15076
15275
19075
15077
15276
19076
15078
15277
19077
15079
15278
19078
15080
15279
19079
15081
15280
19080
15082
15281
19081
15083
15282
19082
15084
15283
19083
15085
15284
19084
15086
15285
19085
15087
15286
19086
15088
15287
19087
15089
15288
19088
15090
15289
19089
15091
15290
19090
15092
15291
19091
15093
15292
19092
15094
15293
19093
15095
15294
19094
15096
15295
19095
15097
15296
19096
15098
15297
19097
15099
15298
19098
15100
15299
19099
15101
15300
19100
15102
15301
19101
15103
15302
19102
15104
15303
19103
15105
15304
19104
15106
15305
19105
15107
15306
19106
15108
15307
19107
15109
15308
19108
15110
15309
19109
15111
15310
19110
15112
15311
19111
15113
15312
19112
15114
15313
19113
15115
15314
19114
15116
15315
19115
15117
15316
19116
15118
15317
19117
15119
15318
19118
15120
15319
19119
15121
15320
19120
15122
15321
19121
15123
15322
19122
15124
15323
19123
15125
15324
19124
15126
15325
19125
15127
15326
19126
15128
15327
19127
15129
15328
19128
15130
15329
19129
15131
15330
19130
15132
15331
19131
15133
15332
19132
15134
15333
19133
15135
15334
19134
15136
15335
19135
15137
15336
19136
15138
15337
19137
15139
15338
19138
15140
15339
19139
15141
15340
19140
15142
15341
19141
15143
15342
19142
15144
15343
19143
15145
15344
19144
15146
15345
19145
15147
15346
19146
15148
15347
19147
15149
15348
19148
15150
15349
19149
15151
15350
19150
15152
15351
19151
15153
15352
19152
15154
15353
19153
15155
15354
19154
15156
15355
19155
15157
15356
19156
15158
15357
19157
15159
15358
19158
15160
15359
19159
15161
15360
19160
15162
15361
19161
15163
15362
19162
15164
15363
19163
15165
15364
19164
15166
15365
19165
15167
15366
19166
15168
15367
19167
15169
15368
19168
15170
15369
19169
15171
15370
19170
15172
15371
19171
15173
15372
19172
15174
15373
19173
15175
15374
19174
15176
15375
19175
15177
15376
19176
15178
15377
19177
15179
15378
19178
15180
15379
19179
15181
15380
19180
15182
15381
19181
15183
15382
19182
15184
15383
19183
15185
15384
19184
15186
15385
19185
15187
15386
19186
15188
15387
19187
15189
15388
19188
15190
15389
19189
15191
15390
19190
15192
15391
19191
15193
15392
19192
15194
15393
19193
15195
15394
19194
15196
15395
19195
15197
15396
19196
15198
15397
19197
15199
15398
19198
15399
19199
15201
15400
19200
15202
15401
19201
15203
15402
19202
15204
15403
19203
15205
15404
19204
15206
15405
19205
15207
15406
19206
15208
15407
19207
15209
15408
19208
15210
15409
19209
15211
15410
19210
15212
15411
19211
15213
15412
19212
15214
15413
19213
15215
15414
19214
15216
15415
19215
15217
15416
19216
15218
15417
19217
15219
15418
19218
15220
15419
19219
15221
15420
19220
15222
15421
19221
15223
15422
19222
15224
15423
19223
15225
15424
19224
15226
15425
19225
15227
15426
19226
15228
15427
19227
15229
15428
19228
15230
15429
19229
15231
15430
19230
15232
15431
19231
15233
15432
19232
15234
15433
19233
15235
15434
19234
15236
15435
19235
15237
15436
19236
15238
15437
19237
15239
15438
19238
15240
15439
19239
15241
15440
19240
15242
15441
19241
15243
15442
19242
15244
15443
19243
15245
15444
19244
15246
15445
19245
15247
15446
19246
15248
15447
19247
15249
15448
19248
15250
15449
19249
15251
15450
19250
15252
15451
19251
15253
15452
19252
15254
15453
19253
15255
15454
19254
15256
15455
19255
15257
15456
19256
15258
15457
19257
15259
15458
19258
15260
15459
19259
15261
15460
19260
15262
15461
19261
15263
15462
19262
15264
15463
19263
15265
15464
19264
15266
15465
19265
15267
15466
19266
15268
15467
19267
15269
15468
19268
15270
15469
19269
15271
15470
19270
15272
15471
19271
15273
15472
19272
15274
15473
19273
15275
15474
19274
15276
15475
19275
15277
15476
19276
15278
15477
19277
15279
15478
19278
15280
15479
19279
15281
15480
19280
15282
15481
19281
15283
15482
19282
15284
15483
19283
15285
15484
19284
15286
15485
19285
15287
15486
19286
15288
15487
19287
15289
15488
19288
15290
15489
19289
15291
15490
19290
15292
15491
19291
15293
15492
19292
15294
15493
19293
15295
15494
19294
15296
15495
19295
15297
15496
19296
15298
15497
19297
15299
15498
19298
15300
15499
19299
15301
15500
19300
15302
15501
19301
15303
15502
19302
15304
15503
19303
15305
15504
19304
15306
15505
19305
15307
15506
19306
15308
15507
19307
15309
15508
19308
15310
15509
19309
15311
15510
19310
15312
15511
19311
15313
15512
19312
15314
15513
19313
15315
15514
19314
15316
15515
19315
15317
15516
19316
15318
15517
19317
15319
15518
19318
15320
15519
19319
15321
15520
19320
15322
15521
19321
15323
15522
19322
15324
15523
19323
15325
15524
19324
15326
15525
19325
15327
15526
19326
15328
15527
19327
15329
15528
19328
15330
15529
19329
15331
15530
19330
15332
15531
19331
15333
15532
19332
15334
15533
19333
15335
15534
19334
15336
15535
19335
15337
15536
19336
15338
15537
19337
15339
15538
19338
15340
15539
19339
15341
15540
19340
15342
15541
19341
15343
15542
19342
15344
15543
19343
15345
15544
19344
15346
15545
19345
15347
15546
19346
15348
15547
19347
15349
15548
19348
15350
15549
19349
15351
15550
19350
15352
15551
19351
15353
15552
19352
15354
15553
19353
15355
15554
19354
15356
15555
19355
15357
15556
19356
15358
15557
19357
15359
15558
19358
15360
15559
19359
15361
15560
19360
15362
15561
19361
15363
15562
19362
15364
15563
19363
15365
15564
19364
15366
15565
19365
15367
15566
19366
15368
15567
19367
15369
15568
19368
15370
15569
19369
15371
15570
19370
15372
15571
19371
15373
15572
19372
15374
15573
19373
15375
15574
19374
15376
15575
19375
15377
15576
19376
15378
15577
19377
15379
15578
19378
15380
15579
19379
15381
15580
19380
15382
15581
19381
15383
15582
19382
15384
15583
19383
15385
15584
19384
15386
15585
19385
15387
15586
19386
15388
15587
19387
15389
15588
19388
15390
15589
19389
15391
15590
19390
15392
15591
19391
15393
15592
19392
15394
15593
19393
15395
15594
19394
15396
15595
19395
15397
15596
19396
15398
15597
19397
15399
15598
19398
15599
19399
15401
15600
19400
15402
15601
19401
15403
15602
19402
15404
15603
19403
15405
15604
19404
15406
15605
19405
15407
15606
19406
15408
15607
19407
15409
15608
19408
15410
15609
19409
15411
15610
19410
15412
15611
19411
15413
15612
19412
15414
15613
19413
15415
15614
19414
15416
15615
19415
15417
15616
19416
15418
15617
19417
15419
15618
19418
15420
15619
19419
15421
15620
19420
15422
15621
19421
15423
15622
19422
15424
15623
19423
15425
15624
19424
15426
15625
19425
15427
15626
19426
15428
15627
19427
15429
15628
19428
15430
15629
19429
15431
15630
19430
15432
15631
19431
15433
15632
19432
15434
15633
19433
15435
15634
19434
15436
15635
19435
15437
15636
19436
15438
15637
19437
15439
15638
19438
15440
15639
19439
15441
15640
19440
15442
15641
19441
15443
15642
19442
15444
15643
19443
15445
15644
19444
15446
15645
19445
15447
15646
19446
15448
15647
19447
15449
15648
19448
15450
15649
19449
15451
15650
19450
15452
15651
19451
15453
15652
19452
15454
15653
19453
15455
15654
19454
15456
15655
19455
15457
15656
19456
15458
15657
19457
15459
15658
19458
15460
15659
19459
15461
15660
19460
15462
15661
19461
15463
15662
19462
15464
15663
19463
15465
15664
19464
15466
15665
19465
15467
15666
19466
15468
15667
19467
15469
15668
19468
15470
15669
19469
15471
15670
19470
15472
15671
19471
15473
15672
19472
15474
15673
19473
15475
15674
19474
15476
15675
19475
15477
15676
19476
15478
15677
19477
15479
15678
19478
15480
15679
19479
15481
15680
19480
15482
15681
19481
15483
15682
19482
15484
15683
19483
15485
15684
19484
15486
15685
19485
15487
15686
19486
15488
15687
19487
15489
15688
19488
15490
15689
19489
15491
15690
19490
15492
15691
19491
15493
15692
19492
15494
15693
19493
15495
15694
19494
15496
15695
19495
15497
15696
19496
15498
15697
19497
15499
15698
19498
15500
15699
19499
15501
15700
19500
15502
15701
19501
15503
15702
19502
15504
15703
19503
15505
15704
19504
15506
15705
19505
15507
15706
19506
15508
15707
19507
15509
15708
19508
15510
15709
19509
15511
15710
19510
15512
15711
19511
15513
15712
19512
15514
15713
19513
15515
15714
19514
15516
15715
19515
15517
15716
19516
15518
15717
19517
15519
15718
19518
15520
15719
19519
15521
15720
19520
15522
15721
19521
15523
15722
19522
15524
15723
19523
15525
15724
19524
15526
15725
19525
15527
15726
19526
15528
15727
19527
15529
15728
19528
15530
15729
19529
15531
15730
19530
15532
15731
19531
15533
15732
19532
15534
15733
19533
15535
15734
19534
15536
15735
19535
15537
15736
19536
15538
15737
19537
15539
15738
19538
15540
15739
19539
15541
15740
19540
15542
15741
19541
15543
15742
19542
15544
15743
19543
15545
15744
19544
15546
15745
19545
15547
15746
19546
15548
15747
19547
15549
15748
19548
15550
15749
19549
15551
15750
19550
15552
15751
19551
15553
15752
19552
15554
15753
19553
15555
15754
19554
15556
15755
19555
15557
15756
19556
15558
15757
19557
15559
15758
19558
15560
15759
19559
15561
15760
19560
15562
15761
19561
15563
15762
19562
15564
15763
19563
15565
15764
19564
15566
15765
19565
15567
15766
19566
15568
15767
19567
15569
15768
19568
15570
15769
19569
15571
15770
19570
15572
15771
19571
15573
15772
19572
15574
15773
19573
15575
15774
19574
15576
15775
19575
15577
15776
19576
15578
15777
19577
15579
15778
19578
15580
15779
19579
15581
15780
19580
15582
15781
19581
15583
15782
19582
15584
15783
19583
15585
15784
19584
15586
15785
19585
15587
15786
19586
15588
15787
19587
15589
15788
19588
15590
15789
19589
15591
15790
19590
15592
15791
19591
15593
15792
19592
15594
15793
19593
15595
15794
19594
15596
15795
19595
15597
15796
19596
15598
15797
19597
15599
15798
19598
15799
19599
15601
15800
19600
15602
15801
19601
15603
15802
19602
15604
15803
19603
15605
15804
19604
15606
15805
19605
15607
15806
19606
15608
15807
19607
15609
15808
19608
15610
15809
19609
15611
15810
19610
15612
15811
19611
15613
15812
19612
15614
15813
19613
15615
15814
19614
15616
15815
19615
15617
15816
19616
15618
15817
19617
15619
15818
19618
15620
15819
19619
15621
15820
19620
15622
15821
19621
15623
15822
19622
15624
15823
19623
15625
15824
19624
15626
15825
19625
15627
15826
19626
15628
15827
19627
15629
15828
19628
15630
15829
19629
15631
15830
19630
15632
15831
19631
15633
15832
19632
15634
15833
19633
15635
15834
19634
15636
15835
19635
15637
15836
19636
15638
15837
19637
15639
15838
19638
15640
15839
19639
15641
15840
19640
15642
15841
19641
15643
15842
19642
15644
15843
19643
15645
15844
19644
15646
15845
19645
15647
15846
19646
15648
15847
19647
15649
15848
19648
15650
15849
19649
15651
15850
19650
15652
15851
19651
15653
15852
19652
15654
15853
19653
15655
15854
19654
15656
15855
19655
15657
15856
19656
15658
15857
19657
15659
15858
19658
15660
15859
19659
15661
15860
19660
15662
15861
19661
15663
15862
19662
15664
15863
19663
15665
15864
19664
15666
15865
19665
15667
15866
19666
15668
15867
19667
15669
15868
19668
15670
15869
19669
15671
15870
19670
15672
15871
19671
15673
15872
19672
15674
15873
19673
15675
15874
19674
15676
15875
19675
15677
15876
19676
15678
15877
19677
15679
15878
19678
15680
15879
19679
15681
15880
19680
15682
15881
19681
15683
15882
19682
15684
15883
19683
15685
15884
19684
15686
15885
19685
15687
15886
19686
15688
15887
19687
15689
15888
19688
15690
15889
19689
15691
15890
19690
15692
15891
19691
15693
15892
19692
15694
15893
19693
15695
15894
19694
15696
15895
19695
15697
15896
19696
15698
15897
19697
15699
15898
19698
15700
15899
19699
15701
15900
19700
15702
15901
19701
15703
15902
19702
15704
15903
19703
15705
15904
19704
15706
15905
19705
15707
15906
19706
15708
15907
19707
15709
15908
19708
15710
15909
19709
15711
15910
19710
15712
15911
19711
15713
15912
19712
15714
15913
19713
15715
15914
19714
15716
15915
19715
15717
15916
19716
15718
15917
19717
15719
15918
19718
15720
15919
19719
15721
15920
19720
15722
15921
19721
15723
15922
19722
15724
15923
19723
15725
15924
19724
15726
15925
19725
15727
15926
19726
15728
15927
19727
15729
15928
19728
15730
15929
19729
15731
15930
19730
15732
15931
19731
15733
15932
19732
15734
15933
19733
15735
15934
19734
15736
15935
19735
15737
15936
19736
15738
15937
19737
15739
15938
19738
15740
15939
19739
15741
15940
19740
15742
15941
19741
15743
15942
19742
15744
15943
19743
15745
15944
19744
15746
15945
19745
15747
15946
19746
15748
15947
19747
15749
15948
19748
15750
15949
19749
15751
15950
19750
15752
15951
19751
15753
15952
19752
15754
15953
19753
15755
15954
19754
15756
15955
19755
15757
15956
19756
15758
15957
19757
15759
15958
19758
15760
15959
19759
15761
15960
19760
15762
15961
19761
15763
15962
19762
15764
15963
19763
15765
15964
19764
15766
15965
19765
15767
15966
19766
15768
15967
19767
15769
15968
19768
15770
15969
19769
15771
15970
19770
15772
15971
19771
15773
15972
19772
15774
15973
19773
15775
15974
19774
15776
15975
19775
15777
15976
19776
15778
15977
19777
15779
15978
19778
15780
15979
19779
15781
15980
19780
15782
15981
19781
15783
15982
19782
15784
15983
19783
15785
15984
19784
15786
15985
19785
15787
15986
19786
15788
15987
19787
15789
15988
19788
15790
15989
19789
15791
15990
19790
15792
15991
19791
15793
15992
19792
15794
15993
19793
15795
15994
19794
15796
15995
19795
15797
15996
19796
15798
15997
19797
15799
15998
19798
15999
19799
15801
19800
15802
19801
15803
19802
15804
19803
15805
19804
15806
19805
15807
19806
15808
19807
15809
19808
15810
19809
15811
19810
15812
19811
15813
19812
15814
19813
15815
19814
15816
19815
15817
19816
15818
19817
15819
19818
15820
19819
15821
19820
15822
19821
15823
19822
15824
19823
15825
19824
15826
19825
15827
19826
15828
19827
15829
19828
15830
19829
15831
19830
15832
19831
15833
19832
15834
19833
15835
19834
15836
19835
15837
19836
15838
19837
15839
19838
15840
19839
15841
19840
15842
19841
15843
19842
15844
19843
15845
19844
15846
19845
15847
19846
15848
19847
15849
19848
15850
19849
15851
19850
15852
19851
15853
19852
15854
19853
15855
19854
15856
19855
15857
19856
15858
19857
15859
19858
15860
19859
15861
19860
15862
19861
15863
19862
15864
19863
15865
19864
15866
19865
15867
19866
15868
19867
15869
19868
15870
19869
15871
19870
15872
19871
15873
19872
15874
19873
15875
19874
15876
19875
15877
19876
15878
19877
15879
19878
15880
19879
15881
19880
15882
19881
15883
19882
15884
19883
15885
19884
15886
19885
15887
19886
15888
19887
15889
19888
15890
19889
15891
19890
15892
19891
15893
19892
15894
19893
15895
19894
15896
19895
15897
19896
15898
19897
15899
19898
15900
19899
15901
19900
15902
19901
15903
19902
15904
19903
15905
19904
15906
19905
15907
19906
15908
19907
15909
19908
15910
19909
15911
19910
15912
19911
15913
19912
15914
19913
15915
19914
15916
19915
15917
19916
15918
19917
15919
19918
15920
19919
15921
19920
15922
19921
15923
19922
15924
19923
15925
19924
15926
19925
15927
19926
15928
19927
15929
19928
15930
19929
15931
19930
15932
19931
15933
19932
15934
19933
15935
19934
15936
19935
15937
19936
15938
19937
15939
19938
15940
19939
15941
19940
15942
19941
15943
19942
15944
19943
15945
19944
15946
19945
15947
19946
15948
19947
15949
19948
15950
19949
15951
19950
15952
19951
15953
19952
15954
19953
15955
19954
15956
19955
15957
19956
15958
19957
15959
19958
15960
19959
15961
19960
15962
19961
15963
19962
15964
19963
15965
19964
15966
19965
15967
19966
15968
19967
15969
19968
15970
19969
15971
19970
15972
19971
15973
19972
15974
19973
15975
19974
15976
19975
15977
19976
15978
19977
15979
19978
15980
19979
15981
19980
15982
19981
15983
19982
15984
19983
15985
19984
15986
19985
15987
19986
15988
19987
15989
19988
15990
19989
15991
19990
15992
19991
15993
19992
15994
19993
15995
19994
15996
19995
15997
19996
15998
19997
15999
19998
19999
16001
16200
20000
16002
16201
20001
16003
16202
20002
16004
16203
20003
16005
16204
20004
16006
16205
20005
16007
16206
20006
16008
16207
20007
16009
16208
20008
16010
16209
20009
16011
16210
20010
16012
16211
20011
16013
16212
20012
16014
16213
20013
16015
16214
20014
16016
16215
20015
16017
16216
20016
16018
16217
20017
16019
16218
20018
16020
16219
20019
16021
16220
20020
16022
16221
20021
16023
16222
20022
16024
16223
20023
16025
16224
20024
16026
16225
20025
16027
16226
20026
16028
16227
20027
16029
16228
20028
16030
16229
20029
16031
16230
20030
16032
16231
20031
16033
16232
20032
16034
16233
20033
16035
16234
20034
16036
16235
20035
16037
16236
20036
16038
16237
20037
16039
16238
20038
16040
16239
20039
16041
16240
20040
16042
16241
20041
16043
16242
20042
16044
16243
20043
16045
16244
20044
16046
16245
20045
16047
16246
20046
16048
16247
20047
16049
16248
20048
16050
16249
20049
16051
16250
20050
16052
16251
20051
16053
16252
20052
16054
16253
20053
16055
16254
20054
16056
16255
20055
16057
16256
20056
16058
16257
20057
16059
16258
20058
16060
16259
20059
16061
16260
20060
16062
16261
20061
16063
16262
20062
16064
16263
20063
16065
16264
20064
16066
16265
20065
16067
16266
20066
16068
16267
20067
16069
16268
20068
16070
16269
20069
16071
16270
20070
16072
16271
20071
16073
16272
20072
16074
16273
20073
16075
16274
20074
16076
16275
20075
16077
16276
20076
16078
16277
20077
16079
16278
20078
16080
16279
20079
16081
16280
20080
16082
16281
20081
16083
16282
20082
16084
16283
20083
16085
16284
20084
16086
16285
20085
16087
16286
20086
16088
16287
20087
16089
16288
20088
16090
16289
20089
16091
16290
20090
16092
16291
20091
16093
16292
20092
16094
16293
20093
16095
16294
20094
16096
16295
20095
16097
16296
20096
16098
16297
20097
16099
16298
20098
16100
16299
20099
16101
16300
20100
16102
16301
20101
16103
16302
20102
16104
16303
20103
16105
16304
20104
16106
16305
20105
16107
16306
20106
16108
16307
20107
16109
16308
20108
16110
16309
20109
16111
16310
20110
16112
16311
20111
16113
16312
20112
16114
16313
20113
16115
16314
20114
16116
16315
20115
16117
16316
20116
16118
16317
20117
16119
16318
20118
16120
16319
20119
16121
16320
20120
16122
16321
20121
16123
16322
20122
16124
16323
20123
16125
16324
20124
16126
16325
20125
16127
16326
20126
16128
16327
20127
16129
16328
20128
16130
16329
20129
16131
16330
20130
16132
16331
20131
16133
16332
20132
16134
16333
20133
16135
16334
20134
16136
16335
20135
16137
16336
20136
16138
16337
20137
16139
16338
20138
16140
16339
20139
16141
16340
20140
16142
16341
20141
16143
16342
20142
16144
16343
20143
16145
16344
20144
16146
16345
20145
16147
16346
20146
16148
16347
20147
16149
16348
20148
16150
16349
20149
16151
16350
20150
16152
16351
20151
16153
16352
20152
16154
16353
20153
16155
16354
20154
16156
16355
20155
16157
16356
20156
16158
16357
20157
16159
16358
20158
16160
16359
20159
16161
16360
20160
16162
16361
20161
16163
16362
20162
16164
16363
20163
16165
16364
20164
16166
16365
20165
16167
16366
20166
16168
16367
20167
16169
16368
20168
16170
16369
20169
16171
16370
20170
16172
16371
20171
16173
16372
20172
16174
16373
20173
16175
16374
20174
16176
16375
20175
16177
16376
20176
16178
16377
20177
16179
16378
20178
16180
16379
20179
16181
16380
20180
16182
16381
20181
16183
16382
20182
16184
16383
20183
16185
16384
20184
16186
16385
20185
16187
16386
20186
16188
16387
20187
16189
16388
20188
16190
16389
20189
16191
16390
20190
16192
16391
20191
16193
16392
20192
16194
16393
20193
16195
16394
20194
16196
16395
20195
16197
16396
20196
16198
16397
20197
16199
16398
20198
16399
20199
16201
16400
20200
16202
16401
20201
16203
16402
20202
16204
16403
20203
16205
16404
20204
16206
16405
20205
16207
16406
20206
16208
16407
20207
16209
16408
20208
16210
16409
20209
16211
16410
20210
16212
16411
20211
16213
16412
20212
16214
16413
20213
16215
16414
20214
16216
16415
20215
16217
16416
20216
16218
16417
20217
16219
16418
20218
16220
16419
20219
16221
16420
20220
16222
16421
20221
16223
16422
20222
16224
16423
20223
16225
16424
20224
16226
16425
20225
16227
16426
20226
16228
16427
20227
16229
16428
20228
16230
16429
20229
16231
16430
20230
16232
16431
20231
16233
16432
20232
16234
16433
20233
16235
16434
20234
16236
16435
20235
16237
16436
20236
16238
16437
20237
16239
16438
20238
16240
16439
20239
16241
16440
20240
16242
16441
20241
16243
16442
20242
16244
16443
20243
16245
16444
20244
16246
16445
20245
16247
16446
20246
16248
16447
20247
16249
16448
20248
16250
16449
20249
16251
16450
20250
16252
16451
20251
16253
16452
20252
16254
16453
20253
16255
16454
20254
16256
16455
20255
16257
16456
20256
16258
16457
20257
16259
16458
20258
16260
16459
20259
16261
16460
20260
16262
16461
20261
16263
16462
20262
16264
16463
20263
16265
16464
20264
16266
16465
20265
16267
16466
20266
16268
16467
20267
16269
16468
20268
16270
16469
20269
16271
16470
20270
16272
16471
20271
16273
16472
20272
16274
16473
20273
16275
16474
20274
16276
16475
20275
16277
16476
20276
16278
16477
20277
16279
16478
20278
16280
16479
20279
16281
16480
20280
16282
16481
20281
16283
16482
20282
16284
16483
20283
16285
16484
20284
16286
16485
20285
16287
16486
20286
16288
16487
20287
16289
16488
20288
16290
16489
20289
16291
16490
20290
16292
16491
20291
16293
16492
20292
16294
16493
20293
16295
16494
20294
16296
16495
20295
16297
16496
20296
16298
16497
20297
16299
16498
20298
16300
16499
20299
16301
16500
20300
16302
16501
20301
16303
16502
20302
16304
16503
20303
16305
16504
20304
16306
16505
20305
16307
16506
20306
16308
16507
20307
16309
16508
20308
16310
16509
20309
16311
16510
20310
16312
16511
20311
16313
16512
20312
16314
16513
20313
16315
16514
20314
16316
16515
20315
16317
16516
20316
16318
16517
20317
16319
16518
20318
16320
16519
20319
16321
16520
20320
16322
16521
20321
16323
16522
20322
16324
16523
20323
16325
16524
20324
16326
16525
20325
16327
16526
20326
16328
16527
20327
16329
16528
20328
16330
16529
20329
16331
16530
20330
16332
16531
20331
16333
16532
20332
16334
16533
20333
16335
16534
20334
16336
16535
20335
16337
16536
20336
16338
16537
20337
16339
16538
20338
16340
16539
20339
16341
16540
20340
16342
16541
20341
16343
16542
20342
16344
16543
20343
16345
16544
20344
16346
16545
20345
16347
16546
20346
16348
16547
20347
16349
16548
20348
16350
16549
20349
16351
16550
20350
16352
16551
20351
16353
16552
20352
16354
16553
20353
16355
16554
20354
16356
16555
20355
16357
16556
20356
16358
16557
20357
16359
16558
20358
16360
16559
20359
16361
16560
20360
16362
16561
20361
16363
16562
20362
16364
16563
20363
16365
16564
20364
16366
16565
20365
16367
16566
20366
16368
16567
20367
16369
16568
20368
16370
16569
20369
16371
16570
20370
16372
16571
20371
16373
16572
20372
16374
16573
20373
16375
16574
20374
16376
16575
20375
16377
16576
20376
16378
16577
20377
16379
16578
20378
16380
16579
20379
16381
16580
20380
16382
16581
20381
16383
16582
20382
16384
16583
20383
16385
16584
20384
16386
16585
20385
16387
16586
20386
16388
16587
20387
16389
16588
20388
16390
16589
20389
16391
16590
20390
16392
16591
20391
16393
16592
20392
16394
16593
20393
16395
16594
20394
16396
16595
20395
16397
16596
20396
16398
16597
20397
16399
16598
20398
16599
20399
16401
16600
20400
16402
16601
20401
16403
16602
20402
16404
16603
20403
16405
16604
20404
16406
16605
20405
16407
16606
20406
16408
16607
20407
16409
16608
20408
16410
16609
20409
16411
16610
20410
16412
16611
20411
16413
16612
20412
16414
16613
20413
16415
16614
20414
16416
16615
20415
16417
16616
20416
16418
16617
20417
16419
16618
20418
16420
16619
20419
16421
16620
20420
16422
16621
20421
16423
16622
20422
16424
16623
20423
16425
16624
20424
16426
16625
20425
16427
16626
20426
16428
16627
20427
16429
16628
20428
16430
16629
20429
16431
16630
20430
16432
16631
20431
16433
16632
20432
16434
16633
20433
16435
16634
20434
16436
16635
20435
16437
16636
20436
16438
16637
20437
16439
16638
20438
16440
16639
20439
16441
16640
20440
16442
16641
20441
16443
16642
20442
16444
16643
20443
16445
16644
20444
16446
16645
20445
16447
16646
20446
16448
16647
20447
16449
16648
20448
16450
16649
20449
16451
16650
20450
16452
16651
20451
16453
16652
20452
16454
16653
20453
16455
16654
20454
16456
16655
20455
16457
16656
20456
16458
16657
20457
16459
16658
20458
16460
16659
20459
16461
16660
20460
16462
16661
20461
16463
16662
20462
16464
16663
20463
16465
16664
20464
16466
16665
20465
16467
16666
20466
16468
16667
20467
16469
16668
20468
16470
16669
20469
16471
16670
20470
16472
16671
20471
16473
16672
20472
16474
16673
20473
16475
16674
20474
16476
16675
20475
16477
16676
20476
16478
16677
20477
16479
16678
20478
16480
16679
20479
16481
16680
20480
16482
16681
20481
16483
16682
20482
16484
16683
20483
16485
16684
20484
16486
16685
20485
16487
16686
20486
16488
16687
20487
16489
16688
20488
16490
16689
20489
16491
16690
20490
16492
16691
20491
16493
16692
20492
16494
16693
20493
16495
16694
20494
16496
16695
20495
16497
16696
20496
16498
16697
20497
16499
16698
20498
16500
16699
20499
16501
16700
20500
16502
16701
20501
16503
16702
20502
16504
16703
20503
16505
16704
20504
16506
16705
20505
16507
16706
20506
16508
16707
20507
16509
16708
20508
16510
16709
20509
16511
16710
20510
16512
16711
20511
16513
16712
20512
16514
16713
20513
16515
16714
20514
16516
16715
20515
16517
16716
20516
16518
16717
20517
16519
16718
20518
16520
16719
20519
16521
16720
20520
16522
16721
20521
16523
16722
20522
16524
16723
20523
16525
16724
20524
16526
16725
20525
16527
16726
20526
16528
16727
20527
16529
16728
20528
16530
16729
20529
16531
16730
20530
16532
16731
20531
16533
16732
20532
16534
16733
20533
16535
16734
20534
16536
16735
20535
16537
16736
20536
16538
16737
20537
16539
16738
20538
16540
16739
20539
16541
16740
20540
16542
16741
20541
16543
16742
20542
16544
16743
20543
16545
16744
20544
16546
16745
20545
16547
16746
20546
16548
16747
20547
16549
16748
20548
16550
16749
20549
16551
16750
20550
16552
16751
20551
16553
16752
20552
16554
16753
20553
16555
16754
20554
16556
16755
20555
16557
16756
20556
16558
16757
20557
16559
16758
20558
16560
16759
20559
16561
16760
20560
16562
16761
20561
16563
16762
20562
16564
16763
20563
16565
16764
20564
16566
16765
20565
16567
16766
20566
16568
16767
20567
16569
16768
20568
16570
16769
20569
16571
16770
20570
16572
16771
20571
16573
16772
20572
16574
16773
20573
16575
16774
20574
16576
16775
20575
16577
16776
20576
16578
16777
20577
16579
16778
20578
16580
16779
20579
16581
16780
20580
16582
16781
20581
16583
16782
20582
16584
16783
20583
16585
16784
20584
16586
16785
20585
16587
16786
20586
16588
16787
20587
16589
16788
20588
16590
16789
20589
16591
16790
20590
16592
16791
20591
16593
16792
20592
16594
16793
20593
16595
16794
20594
16596
16795
20595
16597
16796
20596
16598
16797
20597
16599
16798
20598
16799
20599
16601
16800
20600
16602
16801
20601
16603
16802
20602
16604
16803
20603
16605
16804
20604
16606
16805
20605
16607
16806
20606
16608
16807
20607
16609
16808
20608
16610
16809
20609
16611
16810
20610
16612
16811
20611
16613
16812
20612
16614
16813
20613
16615
16814
20614
16616
16815
20615
16617
16816
20616
16618
16817
20617
16619
16818
20618
16620
16819
20619
16621
16820
20620
16622
16821
20621
16623
16822
20622
16624
16823
20623
16625
16824
20624
16626
16825
20625
16627
16826
20626
16628
16827
20627
16629
16828
20628
16630
16829
20629
16631
16830
20630
16632
16831
20631
16633
16832
20632
16634
16833
20633
16635
16834
20634
16636
16835
20635
16637
16836
20636
16638
16837
20637
16639
16838
20638
16640
16839
20639
16641
16840
20640
16642
16841
20641
16643
16842
20642
16644
16843
20643
16645
16844
20644
16646
16845
20645
16647
16846
20646
16648
16847
20647
16649
16848
20648
16650
16849
20649
16651
16850
20650
16652
16851
20651
16653
16852
20652
16654
16853
20653
16655
16854
20654
16656
16855
20655
16657
16856
20656
16658
16857
20657
16659
16858
20658
16660
16859
20659
16661
16860
20660
16662
16861
20661
16663
16862
20662
16664
16863
20663
16665
16864
20664
16666
16865
20665
16667
16866
20666
16668
16867
20667
16669
16868
20668
16670
16869
20669
16671
16870
20670
16672
16871
20671
16673
16872
20672
16674
16873
20673
16675
16874
20674
16676
16875
20675
16677
16876
20676
16678
16877
20677
16679
16878
20678
16680
16879
20679
16681
16880
20680
16682
16881
20681
16683
16882
20682
16684
16883
20683
16685
16884
20684
16686
16885
20685
16687
16886
20686
16688
16887
20687
16689
16888
20688
16690
16889
20689
16691
16890
20690
16692
16891
20691
16693
16892
20692
16694
16893
20693
16695
16894
20694
16696
16895
20695
16697
16896
20696
16698
16897
20697
16699
16898
20698
16700
16899
20699
16701
16900
20700
16702
16901
20701
16703
16902
20702
16704
16903
20703
16705
16904
20704
16706
16905
20705
16707
16906
20706
16708
16907
20707
16709
16908
20708
16710
16909
20709
16711
16910
20710
16712
16911
20711
16713
16912
20712
16714
16913
20713
16715
16914
20714
16716
16915
20715
16717
16916
20716
16718
16917
20717
16719
16918
20718
16720
16919
20719
16721
16920
20720
16722
16921
20721
16723
16922
20722
16724
16923
20723
16725
16924
20724
16726
16925
20725
16727
16926
20726
16728
16927
20727
16729
16928
20728
16730
16929
20729
16731
16930
20730
16732
16931
20731
16733
16932
20732
16734
16933
20733
16735
16934
20734
16736
16935
20735
16737
16936
20736
16738
16937
20737
16739
16938
20738
16740
16939
20739
16741
16940
20740
16742
16941
20741
16743
16942
20742
16744
16943
20743
16745
16944
20744
16746
16945
20745
16747
16946
20746
16748
16947
20747
16749
16948
20748
16750
16949
20749
16751
16950
20750
16752
16951
20751
16753
16952
20752
16754
16953
20753
16755
16954
20754
16756
16955
20755
16757
16956
20756
16758
16957
20757
16759
16958
20758
16760
16959
20759
16761
16960
20760
16762
16961
20761
16763
16962
20762
16764
16963
20763
16765
16964
20764
16766
16965
20765
16767
16966
20766
16768
16967
20767
16769
16968
20768
16770
16969
20769
16771
16970
20770
16772
16971
20771
16773
16972
20772
16774
16973
20773
16775
16974
20774
16776
16975
20775
16777
16976
20776
16778
16977
20777
16779
16978
20778
16780
16979
20779
16781
16980
20780
16782
16981
20781
16783
16982
20782
16784
16983
20783
16785
16984
20784
16786
16985
20785
16787
16986
20786
16788
16987
20787
16789
16988
20788
16790
16989
20789
16791
16990
20790
16792
16991
20791
16793
16992
20792
16794
16993
20793
16795
16994
20794
16796
16995
20795
16797
16996
20796
16798
16997
20797
16799
16998
20798
16999
20799
16801
17000
20800
16802
17001
20801
16803
17002
20802
16804
17003
20803
16805
17004
20804
16806
17005
20805
16807
17006
20806
16808
17007
20807
16809
17008
20808
16810
17009
20809
16811
17010
20810
16812
17011
20811
16813
17012
20812
16814
17013
20813
16815
17014
20814
16816
17015
20815
16817
17016
20816
16818
17017
20817
16819
17018
20818
16820
17019
20819
16821
17020
20820
16822
17021
20821
16823
17022
20822
16824
17023
20823
16825
17024
20824
16826
17025
20825
16827
17026
20826
16828
17027
20827
16829
17028
20828
16830
17029
20829
16831
17030
20830
16832
17031
20831
16833
17032
20832
16834
17033
20833
16835
17034
20834
16836
17035
20835
16837
17036
20836
16838
17037
20837
16839
17038
20838
16840
17039
20839
16841
17040
20840
16842
17041
20841
16843
17042
20842
16844
17043
20843
16845
17044
20844
16846
17045
20845
16847
17046
20846
16848
17047
20847
16849
17048
20848
16850
17049
20849
16851
17050
20850
16852
17051
20851
16853
17052
20852
16854
17053
20853
16855
17054
20854
16856
17055
20855
16857
17056
20856
16858
17057
20857
16859
17058
20858
16860
17059
20859
16861
17060
20860
16862
17061
20861
16863
17062
20862
16864
17063
20863
16865
17064
20864
16866
17065
20865
16867
17066
20866
16868
17067
20867
16869
17068
20868
16870
17069
20869
16871
17070
20870
16872
17071
20871
16873
17072
20872
16874
17073
20873
16875
17074
20874
16876
17075
20875
16877
17076
20876
16878
17077
20877
16879
17078
20878
16880
17079
20879
16881
17080
20880
16882
17081
20881
16883
17082
20882
16884
17083
20883
16885
17084
20884
16886
17085
20885
16887
17086
20886
16888
17087
20887
16889
17088
20888
16890
17089
20889
16891
17090
20890
16892
17091
20891
16893
17092
20892
16894
17093
20893
16895
17094
20894
16896
17095
20895
16897
17096
20896
16898
17097
20897
16899
17098
20898
16900
17099
20899
16901
17100
20900
16902
17101
20901
16903
17102
20902
16904
17103
20903
16905
17104
20904
16906
17105
20905
16907
17106
20906
16908
17107
20907
16909
17108
20908
16910
17109
20909
16911
17110
20910
16912
17111
20911
16913
17112
20912
16914
17113
20913
16915
17114
20914
16916
17115
20915
16917
17116
20916
16918
17117
20917
16919
17118
20918
16920
17119
20919
16921
17120
20920
16922
17121
20921
16923
17122
20922
16924
17123
20923
16925
17124
20924
16926
17125
20925
16927
17126
20926
16928
17127
20927
16929
17128
20928
16930
17129
20929
16931
17130
20930
16932
17131
20931
16933
17132
20932
16934
17133
20933
16935
17134
20934
16936
17135
20935
16937
17136
20936
16938
17137
20937
16939
17138
20938
16940
17139
20939
16941
17140
20940
16942
17141
20941
16943
17142
20942
16944
17143
20943
16945
17144
20944
16946
17145
20945
16947
17146
20946
16948
17147
20947
16949
17148
20948
16950
17149
20949
16951
17150
20950
16952
17151
20951
16953
17152
20952
16954
17153
20953
16955
17154
20954
16956
17155
20955
16957
17156
20956
16958
17157
20957
16959
17158
20958
16960
17159
20959
16961
17160
20960
16962
17161
20961
16963
17162
20962
16964
17163
20963
16965
17164
20964
16966
17165
20965
16967
17166
20966
16968
17167
20967
16969
17168
20968
16970
17169
20969
16971
17170
20970
16972
17171
20971
16973
17172
20972
16974
17173
20973
16975
17174
20974
16976
17175
20975
16977
17176
20976
16978
17177
20977
16979
17178
20978
16980
17179
20979
16981
17180
20980
16982
17181
20981
16983
17182
20982
16984
17183
20983
16985
17184
20984
16986
17185
20985
16987
17186
20986
16988
17187
20987
16989
17188
20988
16990
17189
20989
16991
17190
20990
16992
17191
20991
16993
17192
20992
16994
17193
20993
16995
17194
20994
16996
17195
20995
16997
17196
20996
16998
17197
20997
16999
17198
20998
17199
20999
17001
17200
21000
17002
17201
21001
17003
17202
21002
17004
17203
21003
17005
17204
21004
17006
17205
21005
17007
17206
21006
17008
17207
21007
17009
17208
21008
17010
17209
21009
17011
17210
21010
17012
17211
21011
17013
17212
21012
17014
17213
21013
17015
17214
21014
17016
17215
21015
17017
17216
21016
17018
17217
21017
17019
17218
21018
17020
17219
21019
17021
17220
21020
17022
17221
21021
17023
17222
21022
17024
17223
21023
17025
17224
21024
17026
17225
21025
17027
17226
21026
17028
17227
21027
17029
17228
21028
17030
17229
21029
17031
17230
21030
17032
17231
21031
17033
17232
21032
17034
17233
21033
17035
17234
21034
17036
17235
21035
17037
17236
21036
17038
17237
21037
17039
17238
21038
17040
17239
21039
17041
17240
21040
17042
17241
21041
17043
17242
21042
17044
17243
21043
17045
17244
21044
17046
17245
21045
17047
17246
21046
17048
17247
21047
17049
17248
21048
17050
17249
21049
17051
17250
21050
17052
17251
21051
17053
17252
21052
17054
17253
21053
17055
17254
21054
17056
17255
21055
17057
17256
21056
17058
17257
21057
17059
17258
21058
17060
17259
21059
17061
17260
21060
17062
17261
21061
17063
17262
21062
17064
17263
21063
17065
17264
21064
17066
17265
21065
17067
17266
21066
17068
17267
21067
17069
17268
21068
17070
17269
21069
17071
17270
21070
17072
17271
21071
17073
17272
21072
17074
17273
21073
17075
17274
21074
17076
17275
21075
17077
17276
21076
17078
17277
21077
17079
17278
21078
17080
17279
21079
17081
17280
21080
17082
17281
21081
17083
17282
21082
17084
17283
21083
17085
17284
21084
17086
17285
21085
17087
17286
21086
17088
17287
21087
17089
17288
21088
17090
17289
21089
17091
17290
21090
17092
17291
21091
17093
17292
21092
17094
17293
21093
17095
17294
21094
17096
17295
21095
17097
17296
21096
17098
17297
21097
17099
17298
21098
17100
17299
21099
17101
17300
21100
17102
17301
21101
17103
17302
21102
17104
17303
21103
17105
17304
21104
17106
17305
21105
17107
17306
21106
17108
17307
21107
17109
17308
21108
17110
17309
21109
17111
17310
21110
17112
17311
21111
17113
17312
21112
17114
17313
21113
17115
17314
21114
17116
17315
21115
17117
17316
21116
17118
17317
21117
17119
17318
21118
17120
17319
21119
17121
17320
21120
17122
17321
21121
17123
17322
21122
17124
17323
21123
17125
17324
21124
17126
17325
21125
17127
17326
21126
17128
17327
21127
17129
17328
21128
17130
17329
21129
17131
17330
21130
17132
17331
21131
17133
17332
21132
17134
17333
21133
17135
17334
21134
17136
17335
21135
17137
17336
21136
17138
17337
21137
17139
17338
21138
17140
17339
21139
17141
17340
21140
17142
17341
21141
17143
17342
21142
17144
17343
21143
17145
17344
21144
17146
17345
21145
17147
17346
21146
17148
17347
21147
17149
17348
21148
17150
17349
21149
17151
17350
21150
17152
17351
21151
17153
17352
21152
17154
17353
21153
17155
17354
21154
17156
17355
21155
17157
17356
21156
17158
17357
21157
17159
17358
21158
17160
17359
21159
17161
17360
21160
17162
17361
21161
17163
17362
21162
17164
17363
21163
17165
17364
21164
17166
17365
21165
17167
17366
21166
17168
17367
21167
17169
17368
21168
17170
17369
21169
17171
17370
21170
17172
17371
21171
17173
17372
21172
17174
17373
21173
17175
17374
21174
17176
17375
21175
17177
17376
21176
17178
17377
21177
17179
17378
21178
17180
17379
21179
17181
17380
21180
17182
17381
21181
17183
17382
21182
17184
17383
21183
17185
17384
21184
17186
17385
21185
17187
17386
21186
17188
17387
21187
17189
17388
21188
17190
17389
21189
17191
17390
21190
17192
17391
21191
17193
17392
21192
17194
17393
21193
17195
17394
21194
17196
17395
21195
17197
17396
21196
17198
17397
21197
17199
17398
21198
17399
21199
17201
17400
21200
17202
17401
21201
17203
17402
21202
17204
17403
21203
17205
17404
21204
17206
17405
21205
17207
17406
21206
17208
17407
21207
17209
17408
21208
17210
17409
21209
17211
17410
21210
17212
17411
21211
17213
17412
21212
17214
17413
21213
17215
17414
21214
17216
17415
21215
17217
17416
21216
17218
17417
21217
17219
17418
21218
17220
17419
21219
17221
17420
21220
17222
17421
21221
17223
17422
21222
17224
17423
21223
17225
17424
21224
17226
17425
21225
17227
17426
21226
17228
17427
21227
17229
17428
21228
17230
17429
21229
17231
17430
21230
17232
17431
21231
17233
17432
21232
17234
17433
21233
17235
17434
21234
17236
17435
21235
17237
17436
21236
17238
17437
21237
17239
17438
21238
17240
17439
21239
17241
17440
21240
17242
17441
21241
17243
17442
21242
17244
17443
21243
17245
17444
21244
17246
17445
21245
17247
17446
21246
17248
17447
21247
17249
17448
21248
17250
17449
21249
17251
17450
21250
17252
17451
21251
17253
17452
21252
17254
17453
21253
17255
17454
21254
17256
17455
21255
17257
17456
21256
17258
17457
21257
17259
17458
21258
17260
17459
21259
17261
17460
21260
17262
17461
21261
17263
17462
21262
17264
17463
21263
17265
17464
21264
17266
17465
21265
17267
17466
21266
17268
17467
21267
17269
17468
21268
17270
17469
21269
17271
17470
21270
17272
17471
21271
17273
17472
21272
17274
17473
21273
17275
17474
21274
17276
17475
21275
17277
17476
21276
17278
17477
21277
17279
17478
21278
17280
17479
21279
17281
17480
21280
17282
17481
21281
17283
17482
21282
17284
17483
21283
17285
17484
21284
17286
17485
21285
17287
17486
21286
17288
17487
21287
17289
17488
21288
17290
17489
21289
17291
17490
21290
17292
17491
21291
17293
17492
21292
17294
17493
21293
17295
17494
21294
17296
17495
21295
17297
17496
21296
17298
17497
21297
17299
17498
21298
17300
17499
21299
17301
17500
21300
17302
17501
21301
17303
17502
21302
17304
17503
21303
17305
17504
21304
17306
17505
21305
17307
17506
21306
17308
17507
21307
17309
17508
21308
17310
17509
21309
17311
17510
21310
17312
17511
21311
17313
17512
21312
17314
17513
21313
17315
17514
21314
17316
17515
21315
17317
17516
21316
17318
17517
21317
17319
17518
21318
17320
17519
21319
17321
17520
21320
17322
17521
21321
17323
17522
21322
17324
17523
21323
17325
17524
21324
17326
17525
21325
17327
17526
21326
17328
17527
21327
17329
17528
21328
17330
17529
21329
17331
17530
21330
17332
17531
21331
17333
17532
21332
17334
17533
21333
17335
17534
21334
17336
17535
21335
17337
17536
21336
17338
17537
21337
17339
17538
21338
17340
17539
21339
17341
17540
21340
17342
17541
21341
17343
17542
21342
17344
17543
21343
17345
17544
21344
17346
17545
21345
17347
17546
21346
17348
17547
21347
17349
17548
21348
17350
17549
21349
17351
17550
21350
17352
17551
21351
17353
17552
21352
17354
17553
21353
17355
17554
21354
17356
17555
21355
17357
17556
21356
17358
17557
21357
17359
17558
21358
17360
17559
21359
17361
17560
21360
17362
17561
21361
17363
17562
21362
17364
17563
21363
17365
17564
21364
17366
17565
21365
17367
17566
21366
17368
17567
21367
17369
17568
21368
17370
17569
21369
17371
17570
21370
17372
17571
21371
17373
17572
21372
17374
17573
21373
17375
17574
21374
17376
17575
21375
17377
17576
21376
17378
17577
21377
17379
17578
21378
17380
17579
21379
17381
17580
21380
17382
17581
21381
17383
17582
21382
17384
17583
21383
17385
17584
21384
17386
17585
21385
17387
17586
21386
17388
17587
21387
17389
17588
21388
17390
17589
21389
17391
17590
21390
17392
17591
21391
17393
17592
21392
17394
17593
21393
17395
17594
21394
17396
17595
21395
17397
17596
21396
17398
17597
21397
17399
17598
21398
17599
21399
17401
17600
21400
17402
17601
21401
17403
17602
21402
17404
17603
21403
17405
17604
21404
17406
17605
21405
17407
17606
21406
17408
17607
21407
17409
17608
21408
17410
17609
21409
17411
17610
21410
17412
17611
21411
17413
17612
21412
17414
17613
21413
17415
17614
21414
17416
17615
21415
17417
17616
21416
17418
17617
21417
17419
17618
21418
17420
17619
21419
17421
17620
21420
17422
17621
21421
17423
17622
21422
17424
17623
21423
17425
17624
21424
17426
17625
21425
17427
17626
21426
17428
17627
21427
17429
17628
21428
17430
17629
21429
17431
17630
21430
17432
17631
21431
17433
17632
21432
17434
17633
21433
17435
17634
21434
17436
17635
21435
17437
17636
21436
17438
17637
21437
17439
17638
21438
17440
17639
21439
17441
17640
21440
17442
17641
21441
17443
17642
21442
17444
17643
21443
17445
17644
21444
17446
17645
21445
17447
17646
21446
17448
17647
21447
17449
17648
21448
17450
17649
21449
17451
17650
21450
17452
17651
21451
17453
17652
21452
17454
17653
21453
17455
17654
21454
17456
17655
21455
17457
17656
21456
17458
17657
21457
17459
17658
21458
17460
17659
21459
17461
17660
21460
17462
17661
21461
17463
17662
21462
17464
17663
21463
17465
17664
21464
17466
17665
21465
17467
17666
21466
17468
17667
21467
17469
17668
21468
17470
17669
21469
17471
17670
21470
17472
17671
21471
17473
17672
21472
17474
17673
21473
17475
17674
21474
17476
17675
21475
17477
17676
21476
17478
17677
21477
17479
17678
21478
17480
17679
21479
17481
17680
21480
17482
17681
21481
17483
17682
21482
17484
17683
21483
17485
17684
21484
17486
17685
21485
17487
17686
21486
17488
17687
21487
17489
17688
21488
17490
17689
21489
17491
17690
21490
17492
17691
21491
17493
17692
21492
17494
17693
21493
17495
17694
21494
17496
17695
21495
17497
17696
21496
17498
17697
21497
17499
17698
21498
17500
17699
21499
17501
17700
21500
17502
17701
21501
17503
17702
21502
17504
17703
21503
17505
17704
21504
17506
17705
21505
17507
17706
21506
17508
17707
21507
17509
17708
21508
17510
17709
21509
17511
17710
21510
17512
17711
21511
17513
17712
21512
17514
17713
21513
17515
17714
21514
17516
17715
21515
17517
17716
21516
17518
17717
21517
17519
17718
21518
17520
17719
21519
17521
17720
21520
17522
17721
21521
17523
17722
21522
17524
17723
21523
17525
17724
21524
17526
17725
21525
17527
17726
21526
17528
17727
21527
17529
17728
21528
17530
17729
21529
17531
17730
21530
17532
17731
21531
17533
17732
21532
17534
17733
21533
17535
17734
21534
17536
17735
21535
17537
17736
21536
17538
17737
21537
17539
17738
21538
17540
17739
21539
17541
17740
21540
17542
17741
21541
17543
17742
21542
17544
17743
21543
17545
17744
21544
17546
17745
21545
17547
17746
21546
17548
17747
21547
17549
17748
21548
17550
17749
21549
17551
17750
21550
17552
17751
21551
17553
17752
21552
17554
17753
21553
17555
17754
21554
17556
17755
21555
17557
17756
21556
17558
17757
21557
17559
17758
21558
17560
17759
21559
17561
17760
21560
17562
17761
21561
17563
17762
21562
17564
17763
21563
17565
17764
21564
17566
17765
21565
17567
17766
21566
17568
17767
21567
17569
17768
21568
17570
17769
21569
17571
17770
21570
17572
17771
21571
17573
17772
21572
17574
17773
21573
17575
17774
21574
17576
17775
21575
17577
17776
21576
17578
17777
21577
17579
17778
21578
17580
17779
21579
17581
17780
21580
17582
17781
21581
17583
17782
21582
17584
17783
21583
17585
17784
21584
17586
17785
21585
17587
17786
21586
17588
17787
21587
17589
17788
21588
17590
17789
21589
17591
17790
21590
17592
17791
21591
17593
17792
21592
17594
17793
21593
17595
17794
21594
17596
17795
21595
17597
17796
21596
17598
17797
21597
17599
17798
21598
17799
21599
17601
17800
21600
17602
17801
21601
17603
17802
21602
17604
17803
21603
17605
17804
21604
17606
17805
21605
17607
17806
21606
17608
17807
21607
17609
17808
21608
17610
17809
21609
17611
17810
21610
17612
17811
21611
17613
17812
21612
17614
17813
21613
17615
17814
21614
17616
17815
21615
17617
17816
21616
17618
17817
21617
17619
17818
21618
17620
17819
21619
17621
17820
21620
17622
17821
21621
17623
17822
21622
17624
17823
21623
17625
17824
21624
17626
17825
21625
17627
17826
21626
17628
17827
21627
17629
17828
21628
17630
17829
21629
17631
17830
21630
17632
17831
21631
17633
17832
21632
17634
17833
21633
17635
17834
21634
17636
17835
21635
17637
17836
21636
17638
17837
21637
17639
17838
21638
17640
17839
21639
17641
17840
21640
17642
17841
21641
17643
17842
21642
17644
17843
21643
17645
17844
21644
17646
17845
21645
17647
17846
21646
17648
17847
21647
17649
17848
21648
17650
17849
21649
17651
17850
21650
17652
17851
21651
17653
17852
21652
17654
17853
21653
17655
17854
21654
17656
17855
21655
17657
17856
21656
17658
17857
21657
17659
17858
21658
17660
17859
21659
17661
17860
21660
17662
17861
21661
17663
17862
21662
17664
17863
21663
17665
17864
21664
17666
17865
21665
17667
17866
21666
17668
17867
21667
17669
17868
21668
17670
17869
21669
17671
17870
21670
17672
17871
21671
17673
17872
21672
17674
17873
21673
17675
17874
21674
17676
17875
21675
17677
17876
21676
17678
17877
21677
17679
17878
21678
17680
17879
21679
17681
17880
21680
17682
17881
21681
17683
17882
21682
17684
17883
21683
17685
17884
21684
17686
17885
21685
17687
17886
21686
17688
17887
21687
17689
17888
21688
17690
17889
21689
17691
17890
21690
17692
17891
21691
17693
17892
21692
17694
17893
21693
17695
17894
21694
17696
17895
21695
17697
17896
21696
17698
17897
21697
17699
17898
21698
17700
17899
21699
17701
17900
21700
17702
17901
21701
17703
17902
21702
17704
17903
21703
17705
17904
21704
17706
17905
21705
17707
17906
21706
17708
17907
21707
17709
17908
21708
17710
17909
21709
17711
17910
21710
17712
17911
21711
17713
17912
21712
17714
17913
21713
17715
17914
21714
17716
17915
21715
17717
17916
21716
17718
17917
21717
17719
17918
21718
17720
17919
21719
17721
17920
21720
17722
17921
21721
17723
17922
21722
17724
17923
21723
17725
17924
21724
17726
17925
21725
17727
17926
21726
17728
17927
21727
17729
17928
21728
17730
17929
21729
17731
17930
21730
17732
17931
21731
17733
17932
21732
17734
17933
21733
17735
17934
21734
17736
17935
21735
17737
17936
21736
17738
17937
21737
17739
17938
21738
17740
17939
21739
17741
17940
21740
17742
17941
21741
17743
17942
21742
17744
17943
21743
17745
17944
21744
17746
17945
21745
17747
17946
21746
17748
17947
21747
17749
17948
21748
17750
17949
21749
17751
17950
21750
17752
17951
21751
17753
17952
21752
17754
17953
21753
17755
17954
21754
17756
17955
21755
17757
17956
21756
17758
17957
21757
17759
17958
21758
17760
17959
21759
17761
17960
21760
17762
17961
21761
17763
17962
21762
17764
17963
21763
17765
17964
21764
17766
17965
21765
17767
17966
21766
17768
17967
21767
17769
17968
21768
17770
17969
21769
17771
17970
21770
17772
17971
21771
17773
17972
21772
17774
17973
21773
17775
17974
21774
17776
17975
21775
17777
17976
21776
17778
17977
21777
17779
17978
21778
17780
17979
21779
17781
17980
21780
17782
17981
21781
17783
17982
21782
17784
17983
21783
17785
17984
21784
17786
17985
21785
17787
17986
21786
17788
17987
21787
17789
17988
21788
17790
17989
21789
17791
17990
21790
17792
17991
21791
17793
17992
21792
17794
17993
21793
17795
17994
21794
17796
17995
21795
17797
17996
21796
17798
17997
21797
17799
17998
21798
17999
21799
17801
18000
21800
17802
18001
21801
17803
18002
21802
17804
18003
21803
17805
18004
21804
17806
18005
21805
17807
18006
21806
17808
18007
21807
17809
18008
21808
17810
18009
21809
17811
18010
21810
17812
18011
21811
17813
18012
21812
17814
18013
21813
17815
18014
21814
17816
18015
21815
17817
18016
21816
17818
18017
21817
17819
18018
21818
17820
18019
21819
17821
18020
21820
17822
18021
21821
17823
18022
21822
17824
18023
21823
17825
18024
21824
17826
18025
21825
17827
18026
21826
17828
18027
21827
17829
18028
21828
17830
18029
21829
17831
18030
21830
17832
18031
21831
17833
18032
21832
17834
18033
21833
17835
18034
21834
17836
18035
21835
17837
18036
21836
17838
18037
21837
17839
18038
21838
17840
18039
21839
17841
18040
21840
17842
18041
21841
17843
18042
21842
17844
18043
21843
17845
18044
21844
17846
18045
21845
17847
18046
21846
17848
18047
21847
17849
18048
21848
17850
18049
21849
17851
18050
21850
17852
18051
21851
17853
18052
21852
17854
18053
21853
17855
18054
21854
17856
18055
21855
17857
18056
21856
17858
18057
21857
17859
18058
21858
17860
18059
21859
17861
18060
21860
17862
18061
21861
17863
18062
21862
17864
18063
21863
17865
18064
21864
17866
18065
21865
17867
18066
21866
17868
18067
21867
17869
18068
21868
17870
18069
21869
17871
18070
21870
17872
18071
21871
17873
18072
21872
17874
18073
21873
17875
18074
21874
17876
18075
21875
17877
18076
21876
17878
18077
21877
17879
18078
21878
17880
18079
21879
17881
18080
21880
17882
18081
21881
17883
18082
21882
17884
18083
21883
17885
18084
21884
17886
18085
21885
17887
18086
21886
17888
18087
21887
17889
18088
21888
17890
18089
21889
17891
18090
21890
17892
18091
21891
17893
18092
21892
17894
18093
21893
17895
18094
21894
17896
18095
21895
17897
18096
21896
17898
18097
21897
17899
18098
21898
17900
18099
21899
17901
18100
21900
17902
18101
21901
17903
18102
21902
17904
18103
21903
17905
18104
21904
17906
18105
21905
17907
18106
21906
17908
18107
21907
17909
18108
21908
17910
18109
21909
17911
18110
21910
17912
18111
21911
17913
18112
21912
17914
18113
21913
17915
18114
21914
17916
18115
21915
17917
18116
21916
17918
18117
21917
17919
18118
21918
17920
18119
21919
17921
18120
21920
17922
18121
21921
17923
18122
21922
17924
18123
21923
17925
18124
21924
17926
18125
21925
17927
18126
21926
17928
18127
21927
17929
18128
21928
17930
18129
21929
17931
18130
21930
17932
18131
21931
17933
18132
21932
17934
18133
21933
17935
18134
21934
17936
18135
21935
17937
18136
21936
17938
18137
21937
17939
18138
21938
17940
18139
21939
17941
18140
21940
17942
18141
21941
17943
18142
21942
17944
18143
21943
17945
18144
21944
17946
18145
21945
17947
18146
21946
17948
18147
21947
17949
18148
21948
17950
18149
21949
17951
18150
21950
17952
18151
21951
17953
18152
21952
17954
18153
21953
17955
18154
21954
17956
18155
21955
17957
18156
21956
17958
18157
21957
17959
18158
21958
17960
18159
21959
17961
18160
21960
17962
18161
21961
17963
18162
21962
17964
18163
21963
17965
18164
21964
17966
18165
21965
17967
18166
21966
17968
18167
21967
17969
18168
21968
17970
18169
21969
17971
18170
21970
17972
18171
21971
17973
18172
21972
17974
18173
21973
17975
18174
21974
17976
18175
21975
17977
18176
21976
17978
18177
21977
17979
18178
21978
17980
18179
21979
17981
18180
21980
17982
18181
21981
17983
18182
21982
17984
18183
21983
17985
18184
21984
17986
18185
21985
17987
18186
21986
17988
18187
21987
17989
18188
21988
17990
18189
21989
17991
18190
21990
17992
18191
21991
17993
18192
21992
17994
18193
21993
17995
18194
21994
17996
18195
21995
17997
18196
21996
17998
18197
21997
17999
18198
21998
18199
21999
18001
18200
22000
18002
18201
22001
18003
18202
22002
18004
18203
22003
18005
18204
22004
18006
18205
22005
18007
18206
22006
18008
18207
22007
18009
18208
22008
18010
18209
22009
18011
18210
22010
18012
18211
22011
18013
18212
22012
18014
18213
22013
18015
18214
22014
18016
18215
22015
18017
18216
22016
18018
18217
22017
18019
18218
22018
18020
18219
22019
18021
18220
22020
18022
18221
22021
18023
18222
22022
18024
18223
22023
18025
18224
22024
18026
18225
22025
18027
18226
22026
18028
18227
22027
18029
18228
22028
18030
18229
22029
18031
18230
22030
18032
18231
22031
18033
18232
22032
18034
18233
22033
18035
18234
22034
18036
18235
22035
18037
18236
22036
18038
18237
22037
18039
18238
22038
18040
18239
22039
18041
18240
22040
18042
18241
22041
18043
18242
22042
18044
18243
22043
18045
18244
22044
18046
18245
22045
18047
18246
22046
18048
18247
22047
18049
18248
22048
18050
18249
22049
18051
18250
22050
18052
18251
22051
18053
18252
22052
18054
18253
22053
18055
18254
22054
18056
18255
22055
18057
18256
22056
18058
18257
22057
18059
18258
22058
18060
18259
22059
18061
18260
22060
18062
18261
22061
18063
18262
22062
18064
18263
22063
18065
18264
22064
18066
18265
22065
18067
18266
22066
18068
18267
22067
18069
18268
22068
18070
18269
22069
18071
18270
22070
18072
18271
22071
18073
18272
22072
18074
18273
22073
18075
18274
22074
18076
18275
22075
18077
18276
22076
18078
18277
22077
18079
18278
22078
18080
18279
22079
18081
18280
22080
18082
18281
22081
18083
18282
22082
18084
18283
22083
18085
18284
22084
18086
18285
22085
18087
18286
22086
18088
18287
22087
18089
18288
22088
18090
18289
22089
18091
18290
22090
18092
18291
22091
18093
18292
22092
18094
18293
22093
18095
18294
22094
18096
18295
22095
18097
18296
22096
18098
18297
22097
18099
18298
22098
18100
18299
22099
18101
18300
22100
18102
18301
22101
18103
18302
22102
18104
18303
22103
18105
18304
22104
18106
18305
22105
18107
18306
22106
18108
18307
22107
18109
18308
22108
18110
18309
22109
18111
18310
22110
18112
18311
22111
18113
18312
22112
18114
18313
22113
18115
18314
22114
18116
18315
22115
18117
18316
22116
18118
18317
22117
18119
18318
22118
18120
18319
22119
18121
18320
22120
18122
18321
22121
18123
18322
22122
18124
18323
22123
18125
18324
22124
18126
18325
22125
18127
18326
22126
18128
18327
22127
18129
18328
22128
18130
18329
22129
18131
18330
22130
18132
18331
22131
18133
18332
22132
18134
18333
22133
18135
18334
22134
18136
18335
22135
18137
18336
22136
18138
18337
22137
18139
18338
22138
18140
18339
22139
18141
18340
22140
18142
18341
22141
18143
18342
22142
18144
18343
22143
18145
18344
22144
18146
18345
22145
18147
18346
22146
18148
18347
22147
18149
18348
22148
18150
18349
22149
18151
18350
22150
18152
18351
22151
18153
18352
22152
18154
18353
22153
18155
18354
22154
18156
18355
22155
18157
18356
22156
18158
18357
22157
18159
18358
22158
18160
18359
22159
18161
18360
22160
18162
18361
22161
18163
18362
22162
18164
18363
22163
18165
18364
22164
18166
18365
22165
18167
18366
22166
18168
18367
22167
18169
18368
22168
18170
18369
22169
18171
18370
22170
18172
18371
22171
18173
18372
22172
18174
18373
22173
18175
18374
22174
18176
18375
22175
18177
18376
22176
18178
18377
22177
18179
18378
22178
18180
18379
22179
18181
18380
22180
18182
18381
22181
18183
18382
22182
18184
18383
22183
18185
18384
22184
18186
18385
22185
18187
18386
22186
18188
18387
22187
18189
18388
22188
18190
18389
22189
18191
18390
22190
18192
18391
22191
18193
18392
22192
18194
18393
22193
18195
18394
22194
18196
18395
22195
18197
18396
22196
18198
18397
22197
18199
18398
22198
18399
22199
18201
18400
22200
18202
18401
22201
18203
18402
22202
18204
18403
22203
18205
18404
22204
18206
18405
22205
18207
18406
22206
18208
18407
22207
18209
18408
22208
18210
18409
22209
18211
18410
22210
18212
18411
22211
18213
18412
22212
18214
18413
22213
18215
18414
22214
18216
18415
22215
18217
18416
22216
18218
18417
22217
18219
18418
22218
18220
18419
22219
18221
18420
22220
18222
18421
22221
18223
18422
22222
18224
18423
22223
18225
18424
22224
18226
18425
22225
18227
18426
22226
18228
18427
22227
18229
18428
22228
18230
18429
22229
18231
18430
22230
18232
18431
22231
18233
18432
22232
18234
18433
22233
18235
18434
22234
18236
18435
22235
18237
18436
22236
18238
18437
22237
18239
18438
22238
18240
18439
22239
18241
18440
22240
18242
18441
22241
18243
18442
22242
18244
18443
22243
18245
18444
22244
18246
18445
22245
18247
18446
22246
18248
18447
22247
18249
18448
22248
18250
18449
22249
18251
18450
22250
18252
18451
22251
18253
18452
22252
18254
18453
22253
18255
18454
22254
18256
18455
22255
18257
18456
22256
18258
18457
22257
18259
18458
22258
18260
18459
22259
18261
18460
22260
18262
18461
22261
18263
18462
22262
18264
18463
22263
18265
18464
22264
18266
18465
22265
18267
18466
22266
18268
18467
22267
18269
18468
22268
18270
18469
22269
18271
18470
22270
18272
18471
22271
18273
18472
22272
18274
18473
22273
18275
18474
22274
18276
18475
22275
18277
18476
22276
18278
18477
22277
18279
18478
22278
18280
18479
22279
18281
18480
22280
18282
18481
22281
18283
18482
22282
18284
18483
22283
18285
18484
22284
18286
18485
22285
18287
18486
22286
18288
18487
22287
18289
18488
22288
18290
18489
22289
18291
18490
22290
18292
18491
22291
18293
18492
22292
18294
18493
22293
18295
18494
22294
18296
18495
22295
18297
18496
22296
18298
18497
22297
18299
18498
22298
18300
18499
22299
18301
18500
22300
18302
18501
22301
18303
18502
22302
18304
18503
22303
18305
18504
22304
18306
18505
22305
18307
18506
22306
18308
18507
22307
18309
18508
22308
18310
18509
22309
18311
18510
22310
18312
18511
22311
18313
18512
22312
18314
18513
22313
18315
18514
22314
18316
18515
22315
18317
18516
22316
18318
18517
22317
18319
18518
22318
18320
18519
22319
18321
18520
22320
18322
18521
22321
18323
18522
22322
18324
18523
22323
18325
18524
22324
18326
18525
22325
18327
18526
22326
18328
18527
22327
18329
18528
22328
18330
18529
22329
18331
18530
22330
18332
18531
22331
18333
18532
22332
18334
18533
22333
18335
18534
22334
18336
18535
22335
18337
18536
22336
18338
18537
22337
18339
18538
22338
18340
18539
22339
18341
18540
22340
18342
18541
22341
18343
18542
22342
18344
18543
22343
18345
18544
22344
18346
18545
22345
18347
18546
22346
18348
18547
22347
18349
18548
22348
18350
18549
22349
18351
18550
22350
18352
18551
22351
18353
18552
22352
18354
18553
22353
18355
18554
22354
18356
18555
22355
18357
18556
22356
18358
18557
22357
18359
18558
22358
18360
18559
22359
18361
18560
22360
18362
18561
22361
18363
18562
22362
18364
18563
22363
18365
18564
22364
18366
18565
22365
18367
18566
22366
18368
18567
22367
18369
18568
22368
18370
18569
22369
18371
18570
22370
18372
18571
22371
18373
18572
22372
18374
18573
22373
18375
18574
22374
18376
18575
22375
18377
18576
22376
18378
18577
22377
18379
18578
22378
18380
18579
22379
18381
18580
22380
18382
18581
22381
18383
18582
22382
18384
18583
22383
18385
18584
22384
18386
18585
22385
18387
18586
22386
18388
18587
22387
18389
18588
22388
18390
18589
22389
18391
18590
22390
18392
18591
22391
18393
18592
22392
18394
18593
22393
18395
18594
22394
18396
18595
22395
18397
18596
22396
18398
18597
22397
18399
18598
22398
18599
22399
18401
18600
22400
18402
18601
22401
18403
18602
22402
18404
18603
22403
18405
18604
22404
18406
18605
22405
18407
18606
22406
18408
18607
22407
18409
18608
22408
18410
18609
22409
18411
18610
22410
18412
18611
22411
18413
18612
22412
18414
18613
22413
18415
18614
22414
18416
18615
22415
18417
18616
22416
18418
18617
22417
18419
18618
22418
18420
18619
22419
18421
18620
22420
18422
18621
22421
18423
18622
22422
18424
18623
22423
18425
18624
22424
18426
18625
22425
18427
18626
22426
18428
18627
22427
18429
18628
22428
18430
18629
22429
18431
18630
22430
18432
18631
22431
18433
18632
22432
18434
18633
22433
18435
18634
22434
18436
18635
22435
18437
18636
22436
18438
18637
22437
18439
18638
22438
18440
18639
22439
18441
18640
22440
18442
18641
22441
18443
18642
22442
18444
18643
22443
18445
18644
22444
18446
18645
22445
18447
18646
22446
18448
18647
22447
18449
18648
22448
18450
18649
22449
18451
18650
22450
18452
18651
22451
18453
18652
22452
18454
18653
22453
18455
18654
22454
18456
18655
22455
18457
18656
22456
18458
18657
22457
18459
18658
22458
18460
18659
22459
18461
18660
22460
18462
18661
22461
18463
18662
22462
18464
18663
22463
18465
18664
22464
18466
18665
22465
18467
18666
22466
18468
18667
22467
18469
18668
22468
18470
18669
22469
18471
18670
22470
18472
18671
22471
18473
18672
22472
18474
18673
22473
18475
18674
22474
18476
18675
22475
18477
18676
22476
18478
18677
22477
18479
18678
22478
18480
18679
22479
18481
18680
22480
18482
18681
22481
18483
18682
22482
18484
18683
22483
18485
18684
22484
18486
18685
22485
18487
18686
22486
18488
18687
22487
18489
18688
22488
18490
18689
22489
18491
18690
22490
18492
18691
22491
18493
18692
22492
18494
18693
22493
18495
18694
22494
18496
18695
22495
18497
18696
22496
18498
18697
22497
18499
18698
22498
18500
18699
22499
18501
18700
22500
18502
18701
22501
18503
18702
22502
18504
18703
22503
18505
18704
22504
18506
18705
22505
18507
18706
22506
18508
18707
22507
18509
18708
22508
18510
18709
22509
18511
18710
22510
18512
18711
22511
18513
18712
22512
18514
18713
22513
18515
18714
22514
18516
18715
22515
18517
18716
22516
18518
18717
22517
18519
18718
22518
18520
18719
22519
18521
18720
22520
18522
18721
22521
18523
18722
22522
18524
18723
22523
18525
18724
22524
18526
18725
22525
18527
18726
22526
18528
18727
22527
18529
18728
22528
18530
18729
22529
18531
18730
22530
18532
18731
22531
18533
18732
22532
18534
18733
22533
18535
18734
22534
18536
18735
22535
18537
18736
22536
18538
18737
22537
18539
18738
22538
18540
18739
22539
18541
18740
22540
18542
18741
22541
18543
18742
22542
18544
18743
22543
18545
18744
22544
18546
18745
22545
18547
18746
22546
18548
18747
22547
18549
18748
22548
18550
18749
22549
18551
18750
22550
18552
18751
22551
18553
18752
22552
18554
18753
22553
18555
18754
22554
18556
18755
22555
18557
18756
22556
18558
18757
22557
18559
18758
22558
18560
18759
22559
18561
18760
22560
18562
18761
22561
18563
18762
22562
18564
18763
22563
18565
18764
22564
18566
18765
22565
18567
18766
22566
18568
18767
22567
18569
18768
22568
18570
18769
22569
18571
18770
22570
18572
18771
22571
18573
18772
22572
18574
18773
22573
18575
18774
22574
18576
18775
22575
18577
18776
22576
18578
18777
22577
18579
18778
22578
18580
18779
22579
18581
18780
22580
18582
18781
22581
18583
18782
22582
18584
18783
22583
18585
18784
22584
18586
18785
22585
18587
18786
22586
18588
18787
22587
18589
18788
22588
18590
18789
22589
18591
18790
22590
18592
18791
22591
18593
18792
22592
18594
18793
22593
18595
18794
22594
18596
18795
22595
18597
18796
22596
18598
18797
22597
18599
18798
22598
18799
22599
18601
18800
22600
18602
18801
22601
18603
18802
22602
18604
18803
22603
18605
18804
22604
18606
18805
22605
18607
18806
22606
18608
18807
22607
18609
18808
22608
18610
18809
22609
18611
18810
22610
18612
18811
22611
18613
18812
22612
18614
18813
22613
18615
18814
22614
18616
18815
22615
18617
18816
22616
18618
18817
22617
18619
18818
22618
18620
18819
22619
18621
18820
22620
18622
18821
22621
18623
18822
22622
18624
18823
22623
18625
18824
22624
18626
18825
22625
18627
18826
22626
18628
18827
22627
18629
18828
22628
18630
18829
22629
18631
18830
22630
18632
18831
22631
18633
18832
22632
18634
18833
22633
18635
18834
22634
18636
18835
22635
18637
18836
22636
18638
18837
22637
18639
18838
22638
18640
18839
22639
18641
18840
22640
18642
18841
22641
18643
18842
22642
18644
18843
22643
18645
18844
22644
18646
18845
22645
18647
18846
22646
18648
18847
22647
18649
18848
22648
18650
18849
22649
18651
18850
22650
18652
18851
22651
18653
18852
22652
18654
18853
22653
18655
18854
22654
18656
18855
22655
18657
18856
22656
18658
18857
22657
18659
18858
22658
18660
18859
22659
18661
18860
22660
18662
18861
22661
18663
18862
22662
18664
18863
22663
18665
18864
22664
18666
18865
22665
18667
18866
22666
18668
18867
22667
18669
18868
22668
18670
18869
22669
18671
18870
22670
18672
18871
22671
18673
18872
22672
18674
18873
22673
18675
18874
22674
18676
18875
22675
18677
18876
22676
18678
18877
22677
18679
18878
22678
18680
18879
22679
18681
18880
22680
18682
18881
22681
18683
18882
22682
18684
18883
22683
18685
18884
22684
18686
18885
22685
18687
18886
22686
18688
18887
22687
18689
18888
22688
18690
18889
22689
18691
18890
22690
18692
18891
22691
18693
18892
22692
18694
18893
22693
18695
18894
22694
18696
18895
22695
18697
18896
22696
18698
18897
22697
18699
18898
22698
18700
18899
22699
18701
18900
22700
18702
18901
22701
18703
18902
22702
18704
18903
22703
18705
18904
22704
18706
18905
22705
18707
18906
22706
18708
18907
22707
18709
18908
22708
18710
18909
22709
18711
18910
22710
18712
18911
22711
18713
18912
22712
18714
18913
22713
18715
18914
22714
18716
18915
22715
18717
18916
22716
18718
18917
22717
18719
18918
22718
18720
18919
22719
18721
18920
22720
18722
18921
22721
18723
18922
22722
18724
18923
22723
18725
18924
22724
18726
18925
22725
18727
18926
22726
18728
18927
22727
18729
18928
22728
18730
18929
22729
18731
18930
22730
18732
18931
22731
18733
18932
22732
18734
18933
22733
18735
18934
22734
18736
18935
22735
18737
18936
22736
18738
18937
22737
18739
18938
22738
18740
18939
22739
18741
18940
22740
18742
18941
22741
18743
18942
22742
18744
18943
22743
18745
18944
22744
18746
18945
22745
18747
18946
22746
18748
18947
22747
18749
18948
22748
18750
18949
22749
18751
18950
22750
18752
18951
22751
18753
18952
22752
18754
18953
22753
18755
18954
22754
18756
18955
22755
18757
18956
22756
18758
18957
22757
18759
18958
22758
18760
18959
22759
18761
18960
22760
18762
18961
22761
18763
18962
22762
18764
18963
22763
18765
18964
22764
18766
18965
22765
18767
18966
22766
18768
18967
22767
18769
18968
22768
18770
18969
22769
18771
18970
22770
18772
18971
22771
18773
18972
22772
18774
18973
22773
18775
18974
22774
18776
18975
22775
18777
18976
22776
18778
18977
22777
18779
18978
22778
18780
18979
22779
18781
18980
22780
18782
18981
22781
18783
18982
22782
18784
18983
22783
18785
18984
22784
18786
18985
22785
18787
18986
22786
18788
18987
22787
18789
18988
22788
18790
18989
22789
18791
18990
22790
18792
18991
22791
18793
18992
22792
18794
18993
22793
18795
18994
22794
18796
18995
22795
18797
18996
22796
18798
18997
22797
18799
18998
22798
18999
22799
18801
19000
22800
18802
19001
22801
18803
19002
22802
18804
19003
22803
18805
19004
22804
18806
19005
22805
18807
19006
22806
18808
19007
22807
18809
19008
22808
18810
19009
22809
18811
19010
22810
18812
19011
22811
18813
19012
22812
18814
19013
22813
18815
19014
22814
18816
19015
22815
18817
19016
22816
18818
19017
22817
18819
19018
22818
18820
19019
22819
18821
19020
22820
18822
19021
22821
18823
19022
22822
18824
19023
22823
18825
19024
22824
18826
19025
22825
18827
19026
22826
18828
19027
22827
18829
19028
22828
18830
19029
22829
18831
19030
22830
18832
19031
22831
18833
19032
22832
18834
19033
22833
18835
19034
22834
18836
19035
22835
18837
19036
22836
18838
19037
22837
18839
19038
22838
18840
19039
22839
18841
19040
22840
18842
19041
22841
18843
19042
22842
18844
19043
22843
18845
19044
22844
18846
19045
22845
18847
19046
22846
18848
19047
22847
18849
19048
22848
18850
19049
22849
18851
19050
22850
18852
19051
22851
18853
19052
22852
18854
19053
22853
18855
19054
22854
18856
19055
22855
18857
19056
22856
18858
19057
22857
18859
19058
22858
18860
19059
22859
18861
19060
22860
18862
19061
22861
18863
19062
22862
18864
19063
22863
18865
19064
22864
18866
19065
22865
18867
19066
22866
18868
19067
22867
18869
19068
22868
18870
19069
22869
18871
19070
22870
18872
19071
22871
18873
19072
22872
18874
19073
22873
18875
19074
22874
18876
19075
22875
18877
19076
22876
18878
19077
22877
18879
19078
22878
18880
19079
22879
18881
19080
22880
18882
19081
22881
18883
19082
22882
18884
19083
22883
18885
19084
22884
18886
19085
22885
18887
19086
22886
18888
19087
22887
18889
19088
22888
18890
19089
22889
18891
19090
22890
18892
19091
22891
18893
19092
22892
18894
19093
22893
18895
19094
22894
18896
19095
22895
18897
19096
22896
18898
19097
22897
18899
19098
22898
18900
19099
22899
18901
19100
22900
18902
19101
22901
18903
19102
22902
18904
19103
22903
18905
19104
22904
18906
19105
22905
18907
19106
22906
18908
19107
22907
18909
19108
22908
18910
19109
22909
18911
19110
22910
18912
19111
22911
18913
19112
22912
18914
19113
22913
18915
19114
22914
18916
19115
22915
18917
19116
22916
18918
19117
22917
18919
19118
22918
18920
19119
22919
18921
19120
22920
18922
19121
22921
18923
19122
22922
18924
19123
22923
18925
19124
22924
18926
19125
22925
18927
19126
22926
18928
19127
22927
18929
19128
22928
18930
19129
22929
18931
19130
22930
18932
19131
22931
18933
19132
22932
18934
19133
22933
18935
19134
22934
18936
19135
22935
18937
19136
22936
18938
19137
22937
18939
19138
22938
18940
19139
22939
18941
19140
22940
18942
19141
22941
18943
19142
22942
18944
19143
22943
18945
19144
22944
18946
19145
22945
18947
19146
22946
18948
19147
22947
18949
19148
22948
18950
19149
22949
18951
19150
22950
18952
19151
22951
18953
19152
22952
18954
19153
22953
18955
19154
22954
18956
19155
22955
18957
19156
22956
18958
19157
22957
18959
19158
22958
18960
19159
22959
18961
19160
22960
18962
19161
22961
18963
19162
22962
18964
19163
22963
18965
19164
22964
18966
19165
22965
18967
19166
22966
18968
19167
22967
18969
19168
22968
18970
19169
22969
18971
19170
22970
18972
19171
22971
18973
19172
22972
18974
19173
22973
18975
19174
22974
18976
19175
22975
18977
19176
22976
18978
19177
22977
18979
19178
22978
18980
19179
22979
18981
19180
22980
18982
19181
22981
18983
19182
22982
18984
19183
22983
18985
19184
22984
18986
19185
22985
18987
19186
22986
18988
19187
22987
18989
19188
22988
18990
19189
22989
18991
19190
22990
18992
19191
22991
18993
19192
22992
18994
19193
22993
18995
19194
22994
18996
19195
22995
18997
19196
22996
18998
19197
22997
18999
19198
22998
19199
22999
19001
19200
23000
19002
19201
23001
19003
19202
23002
19004
19203
23003
19005
19204
23004
19006
19205
23005
19007
19206
23006
19008
19207
23007
19009
19208
23008
19010
19209
23009
19011
19210
23010
19012
19211
23011
19013
19212
23012
19014
19213
23013
19015
19214
23014
19016
19215
23015
19017
19216
23016
19018
19217
23017
19019
19218
23018
19020
19219
23019
19021
19220
23020
19022
19221
23021
19023
19222
23022
19024
19223
23023
19025
19224
23024
19026
19225
23025
19027
19226
23026
19028
19227
23027
19029
19228
23028
19030
19229
23029
19031
19230
23030
19032
19231
23031
19033
19232
23032
19034
19233
23033
19035
19234
23034
19036
19235
23035
19037
19236
23036
19038
19237
23037
19039
19238
23038
19040
19239
23039
19041
19240
23040
19042
19241
23041
19043
19242
23042
19044
19243
23043
19045
19244
23044
19046
19245
23045
19047
19246
23046
19048
19247
23047
19049
19248
23048
19050
19249
23049
19051
19250
23050
19052
19251
23051
19053
19252
23052
19054
19253
23053
19055
19254
23054
19056
19255
23055
19057
19256
23056
19058
19257
23057
19059
19258
23058
19060
19259
23059
19061
19260
23060
19062
19261
23061
19063
19262
23062
19064
19263
23063
19065
19264
23064
19066
19265
23065
19067
19266
23066
19068
19267
23067
19069
19268
23068
19070
19269
23069
19071
19270
23070
19072
19271
23071
19073
19272
23072
19074
19273
23073
19075
19274
23074
19076
19275
23075
19077
19276
23076
19078
19277
23077
19079
19278
23078
19080
19279
23079
19081
19280
23080
19082
19281
23081
19083
19282
23082
19084
19283
23083
19085
19284
23084
19086
19285
23085
19087
19286
23086
19088
19287
23087
19089
19288
23088
19090
19289
23089
19091
19290
23090
19092
19291
23091
19093
19292
23092
19094
19293
23093
19095
19294
23094
19096
19295
23095
19097
19296
23096
19098
19297
23097
19099
19298
23098
19100
19299
23099
19101
19300
23100
19102
19301
23101
19103
19302
23102
19104
19303
23103
19105
19304
23104
19106
19305
23105
19107
19306
23106
19108
19307
23107
19109
19308
23108
19110
19309
23109
19111
19310
23110
19112
19311
23111
19113
19312
23112
19114
19313
23113
19115
19314
23114
19116
19315
23115
19117
19316
23116
19118
19317
23117
19119
19318
23118
19120
19319
23119
19121
19320
23120
19122
19321
23121
19123
19322
23122
19124
19323
23123
19125
19324
23124
19126
19325
23125
19127
19326
23126
19128
19327
23127
19129
19328
23128
19130
19329
23129
19131
19330
23130
19132
19331
23131
19133
19332
23132
19134
19333
23133
19135
19334
23134
19136
19335
23135
19137
19336
23136
19138
19337
23137
19139
19338
23138
19140
19339
23139
19141
19340
23140
19142
19341
23141
19143
19342
23142
19144
19343
23143
19145
19344
23144
19146
19345
23145
19147
19346
23146
19148
19347
23147
19149
19348
23148
19150
19349
23149
19151
19350
23150
19152
19351
23151
19153
19352
23152
19154
19353
23153
19155
19354
23154
19156
19355
23155
19157
19356
23156
19158
19357
23157
19159
19358
23158
19160
19359
23159
19161
19360
23160
19162
19361
23161
19163
19362
23162
19164
19363
23163
19165
19364
23164
19166
19365
23165
19167
19366
23166
19168
19367
23167
19169
19368
23168
19170
19369
23169
19171
19370
23170
19172
19371
23171
19173
19372
23172
19174
19373
23173
19175
19374
23174
19176
19375
23175
19177
19376
23176
19178
19377
23177
19179
19378
23178
19180
19379
23179
19181
19380
23180
19182
19381
23181
19183
19382
23182
19184
19383
23183
19185
19384
23184
19186
19385
23185
19187
19386
23186
19188
19387
23187
19189
19388
23188
19190
19389
23189
19191
19390
23190
19192
19391
23191
19193
19392
23192
19194
19393
23193
19195
19394
23194
19196
19395
23195
19197
19396
23196
19198
19397
23197
19199
19398
23198
19399
23199
19201
19400
23200
19202
19401
23201
19203
19402
23202
19204
19403
23203
19205
19404
23204
19206
19405
23205
19207
19406
23206
19208
19407
23207
19209
19408
23208
19210
19409
23209
19211
19410
23210
19212
19411
23211
19213
19412
23212
19214
19413
23213
19215
19414
23214
19216
19415
23215
19217
19416
23216
19218
19417
23217
19219
19418
23218
19220
19419
23219
19221
19420
23220
19222
19421
23221
19223
19422
23222
19224
19423
23223
19225
19424
23224
19226
19425
23225
19227
19426
23226
19228
19427
23227
19229
19428
23228
19230
19429
23229
19231
19430
23230
19232
19431
23231
19233
19432
23232
19234
19433
23233
19235
19434
23234
19236
19435
23235
19237
19436
23236
19238
19437
23237
19239
19438
23238
19240
19439
23239
19241
19440
23240
19242
19441
23241
19243
19442
23242
19244
19443
23243
19245
19444
23244
19246
19445
23245
19247
19446
23246
19248
19447
23247
19249
19448
23248
19250
19449
23249
19251
19450
23250
19252
19451
23251
19253
19452
23252
19254
19453
23253
19255
19454
23254
19256
19455
23255
19257
19456
23256
19258
19457
23257
19259
19458
23258
19260
19459
23259
19261
19460
23260
19262
19461
23261
19263
19462
23262
19264
19463
23263
19265
19464
23264
19266
19465
23265
19267
19466
23266
19268
19467
23267
19269
19468
23268
19270
19469
23269
19271
19470
23270
19272
19471
23271
19273
19472
23272
19274
19473
23273
19275
19474
23274
19276
19475
23275
19277
19476
23276
19278
19477
23277
19279
19478
23278
19280
19479
23279
19281
19480
23280
19282
19481
23281
19283
19482
23282
19284
19483
23283
19285
19484
23284
19286
19485
23285
19287
19486
23286
19288
19487
23287
19289
19488
23288
19290
19489
23289
19291
19490
23290
19292
19491
23291
19293
19492
23292
19294
19493
23293
19295
19494
23294
19296
19495
23295
19297
19496
23296
19298
19497
23297
19299
19498
23298
19300
19499
23299
19301
19500
23300
19302
19501
23301
19303
19502
23302
19304
19503
23303
19305
19504
23304
19306
19505
23305
19307
19506
23306
19308
19507
23307
19309
19508
23308
19310
19509
23309
19311
19510
23310
19312
19511
23311
19313
19512
23312
19314
19513
23313
19315
19514
23314
19316
19515
23315
19317
19516
23316
19318
19517
23317
19319
19518
23318
19320
19519
23319
19321
19520
23320
19322
19521
23321
19323
19522
23322
19324
19523
23323
19325
19524
23324
19326
19525
23325
19327
19526
23326
19328
19527
23327
19329
19528
23328
19330
19529
23329
19331
19530
23330
19332
19531
23331
19333
19532
23332
19334
19533
23333
19335
19534
23334
19336
19535
23335
19337
19536
23336
19338
19537
23337
19339
19538
23338
19340
19539
23339
19341
19540
23340
19342
19541
23341
19343
19542
23342
19344
19543
23343
19345
19544
23344
19346
19545
23345
19347
19546
23346
19348
19547
23347
19349
19548
23348
19350
19549
23349
19351
19550
23350
19352
19551
23351
19353
19552
23352
19354
19553
23353
19355
19554
23354
19356
19555
23355
19357
19556
23356
19358
19557
23357
19359
19558
23358
19360
19559
23359
19361
19560
23360
19362
19561
23361
19363
19562
23362
19364
19563
23363
19365
19564
23364
19366
19565
23365
19367
19566
23366
19368
19567
23367
19369
19568
23368
19370
19569
23369
19371
19570
23370
19372
19571
23371
19373
19572
23372
19374
19573
23373
19375
19574
23374
19376
19575
23375
19377
19576
23376
19378
19577
23377
19379
19578
23378
19380
19579
23379
19381
19580
23380
19382
19581
23381
19383
19582
23382
19384
19583
23383
19385
19584
23384
19386
19585
23385
19387
19586
23386
19388
19587
23387
19389
19588
23388
19390
19589
23389
19391
19590
23390
19392
19591
23391
19393
19592
23392
19394
19593
23393
19395
19594
23394
19396
19595
23395
19397
19596
23396
19398
19597
23397
19399
19598
23398
19599
23399
19401
19600
23400
19402
19601
23401
19403
19602
23402
19404
19603
23403
19405
19604
23404
19406
19605
23405
19407
19606
23406
19408
19607
23407
19409
19608
23408
19410
19609
23409
19411
19610
23410
19412
19611
23411
19413
19612
23412
19414
19613
23413
19415
19614
23414
19416
19615
23415
19417
19616
23416
19418
19617
23417
19419
19618
23418
19420
19619
23419
19421
19620
23420
19422
19621
23421
19423
19622
23422
19424
19623
23423
19425
19624
23424
19426
19625
23425
19427
19626
23426
19428
19627
23427
19429
19628
23428
19430
19629
23429
19431
19630
23430
19432
19631
23431
19433
19632
23432
19434
19633
23433
19435
19634
23434
19436
19635
23435
19437
19636
23436
19438
19637
23437
19439
19638
23438
19440
19639
23439
19441
19640
23440
19442
19641
23441
19443
19642
23442
19444
19643
23443
19445
19644
23444
19446
19645
23445
19447
19646
23446
19448
19647
23447
19449
19648
23448
19450
19649
23449
19451
19650
23450
19452
19651
23451
19453
19652
23452
19454
19653
23453
19455
19654
23454
19456
19655
23455
19457
19656
23456
19458
19657
23457
19459
19658
23458
19460
19659
23459
19461
19660
23460
19462
19661
23461
19463
19662
23462
19464
19663
23463
19465
19664
23464
19466
19665
23465
19467
19666
23466
19468
19667
23467
19469
19668
23468
19470
19669
23469
19471
19670
23470
19472
19671
23471
19473
19672
23472
19474
19673
23473
19475
19674
23474
19476
19675
23475
19477
19676
23476
19478
19677
23477
19479
19678
23478
19480
19679
23479
19481
19680
23480
19482
19681
23481
19483
19682
23482
19484
19683
23483
19485
19684
23484
19486
19685
23485
19487
19686
23486
19488
19687
23487
19489
19688
23488
19490
19689
23489
19491
19690
23490
19492
19691
23491
19493
19692
23492
19494
19693
23493
19495
19694
23494
19496
19695
23495
19497
19696
23496
19498
19697
23497
19499
19698
23498
19500
19699
23499
19501
19700
23500
19502
19701
23501
19503
19702
23502
19504
19703
23503
19505
19704
23504
19506
19705
23505
19507
19706
23506
19508
19707
23507
19509
19708
23508
19510
19709
23509
19511
19710
23510
19512
19711
23511
19513
19712
23512
19514
19713
23513
19515
19714
23514
19516
19715
23515
19517
19716
23516
19518
19717
23517
19519
19718
23518
19520
19719
23519
19521
19720
23520
19522
19721
23521
19523
19722
23522
19524
19723
23523
19525
19724
23524
19526
19725
23525
19527
19726
23526
19528
19727
23527
19529
19728
23528
19530
19729
23529
19531
19730
23530
19532
19731
23531
19533
19732
23532
19534
19733
23533
19535
19734
23534
19536
19735
23535
19537
19736
23536
19538
19737
23537
19539
19738
23538
19540
19739
23539
19541
19740
23540
19542
19741
23541
19543
19742
23542
19544
19743
23543
19545
19744
23544
19546
19745
23545
19547
19746
23546
19548
19747
23547
19549
19748
23548
19550
19749
23549
19551
19750
23550
19552
19751
23551
19553
19752
23552
19554
19753
23553
19555
19754
23554
19556
19755
23555
19557
19756
23556
19558
19757
23557
19559
19758
23558
19560
19759
23559
19561
19760
23560
19562
19761
23561
19563
19762
23562
19564
19763
23563
19565
19764
23564
19566
19765
23565
19567
19766
23566
19568
19767
23567
19569
19768
23568
19570
19769
23569
19571
19770
23570
19572
19771
23571
19573
19772
23572
19574
19773
23573
19575
19774
23574
19576
19775
23575
19577
19776
23576
19578
19777
23577
19579
19778
23578
19580
19779
23579
19581
19780
23580
19582
19781
23581
19583
19782
23582
19584
19783
23583
19585
19784
23584
19586
19785
23585
19587
19786
23586
19588
19787
23587
19589
19788
23588
19590
19789
23589
19591
19790
23590
19592
19791
23591
19593
19792
23592
19594
19793
23593
19595
19794
23594
19596
19795
23595
19597
19796
23596
19598
19797
23597
19599
19798
23598
19799
23599
19601
19800
23600
19602
19801
23601
19603
19802
23602
19604
19803
23603
19605
19804
23604
19606
19805
23605
19607
19806
23606
19608
19807
23607
19609
19808
23608
19610
19809
23609
19611
19810
23610
19612
19811
23611
19613
19812
23612
19614
19813
23613
19615
19814
23614
19616
19815
23615
19617
19816
23616
19618
19817
23617
19619
19818
23618
19620
19819
23619
19621
19820
23620
19622
19821
23621
19623
19822
23622
19624
19823
23623
19625
19824
23624
19626
19825
23625
19627
19826
23626
19628
19827
23627
19629
19828
23628
19630
19829
23629
19631
19830
23630
19632
19831
23631
19633
19832
23632
19634
19833
23633
19635
19834
23634
19636
19835
23635
19637
19836
23636
19638
19837
23637
19639
19838
23638
19640
19839
23639
19641
19840
23640
19642
19841
23641
19643
19842
23642
19644
19843
23643
19645
19844
23644
19646
19845
23645
19647
19846
23646
19648
19847
23647
19649
19848
23648
19650
19849
23649
19651
19850
23650
19652
19851
23651
19653
19852
23652
19654
19853
23653
19655
19854
23654
19656
19855
23655
19657
19856
23656
19658
19857
23657
19659
19858
23658
19660
19859
23659
19661
19860
23660
19662
19861
23661
19663
19862
23662
19664
19863
23663
19665
19864
23664
19666
19865
23665
19667
19866
23666
19668
19867
23667
19669
19868
23668
19670
19869
23669
19671
19870
23670
19672
19871
23671
19673
19872
23672
19674
19873
23673
19675
19874
23674
19676
19875
23675
19677
19876
23676
19678
19877
23677
19679
19878
23678
19680
19879
23679
19681
19880
23680
19682
19881
23681
19683
19882
23682
19684
19883
23683
19685
19884
23684
19686
19885
23685
19687
19886
23686
19688
19887
23687
19689
19888
23688
19690
19889
23689
19691
19890
23690
19692
19891
23691
19693
19892
23692
19694
19893
23693
19695
19894
23694
19696
19895
23695
19697
19896
23696
19698
19897
23697
19699
19898
23698
19700
19899
23699
19701
19900
23700
19702
19901
23701
19703
19902
23702
19704
19903
23703
19705
19904
23704
19706
19905
23705
19707
19906
23706
19708
19907
23707
19709
19908
23708
19710
19909
23709
19711
19910
23710
19712
19911
23711
19713
19912
23712
19714
19913
23713
19715
19914
23714
19716
19915
23715
19717
19916
23716
19718
19917
23717
19719
19918
23718
19720
19919
23719
19721
19920
23720
19722
19921
23721
19723
19922
23722
19724
19923
23723
19725
19924
23724
19726
19925
23725
19727
19926
23726
19728
19927
23727
19729
19928
23728
19730
19929
23729
19731
19930
23730
19732
19931
23731
19733
19932
23732
19734
19933
23733
19735
19934
23734
19736
19935
23735
19737
19936
23736
19738
19937
23737
19739
19938
23738
19740
19939
23739
19741
19940
23740
19742
19941
23741
19743
19942
23742
19744
19943
23743
19745
19944
23744
19746
19945
23745
19747
19946
23746
19748
19947
23747
19749
19948
23748
19750
19949
23749
19751
19950
23750
19752
19951
23751
19753
19952
23752
19754
19953
23753
19755
19954
23754
19756
19955
23755
19757
19956
23756
19758
19957
23757
19759
19958
23758
19760
19959
23759
19761
19960
23760
19762
19961
23761
19763
19962
23762
19764
19963
23763
19765
19964
23764
19766
19965
23765
19767
19966
23766
19768
19967
23767
19769
19968
23768
19770
19969
23769
19771
19970
23770
19772
19971
23771
19773
19972
23772
19774
19973
23773
19775
19974
23774
19776
19975
23775
19777
19976
23776
19778
19977
23777
19779
19978
23778
19780
19979
23779
19781
19980
23780
19782
19981
23781
19783
19982
23782
19784
19983
23783
19785
19984
23784
19786
19985
23785
19787
19986
23786
19788
19987
23787
19789
19988
23788
19790
19989
23789
19791
19990
23790
19792
19991
23791
19793
19992
23792
19794
19993
23793
19795
19994
23794
19796
19995
23795
19797
19996
23796
19798
19997
23797
19799
19998
23798
19999
23799
19801
23800
19802
23801
19803
23802
19804
23803
19805
23804
19806
23805
19807
23806
19808
23807
19809
23808
19810
23809
19811
23810
19812
23811
19813
23812
19814
23813
19815
23814
19816
23815
19817
23816
19818
23817
19819
23818
19820
23819
19821
23820
19822
23821
19823
23822
19824
23823
19825
23824
19826
23825
19827
23826
19828
23827
19829
23828
19830
23829
19831
23830
19832
23831
19833
23832
19834
23833
19835
23834
19836
23835
19837
23836
19838
23837
19839
23838
19840
23839
19841
23840
19842
23841
19843
23842
19844
23843
19845
23844
19846
23845
19847
23846
19848
23847
19849
23848
19850
23849
19851
23850
19852
23851
19853
23852
19854
23853
19855
23854
19856
23855
19857
23856
19858
23857
19859
23858
19860
23859
19861
23860
19862
23861
19863
23862
19864
23863
19865
23864
19866
23865
19867
23866
19868
23867
19869
23868
19870
23869
19871
23870
19872
23871
19873
23872
19874
23873
19875
23874
19876
23875
19877
23876
19878
23877
19879
23878
19880
23879
19881
23880
19882
23881
19883
23882
19884
23883
19885
23884
19886
23885
19887
23886
19888
23887
19889
23888
19890
23889
19891
23890
19892
23891
19893
23892
19894
23893
19895
23894
19896
23895
19897
23896
19898
23897
19899
23898
19900
23899
19901
23900
19902
23901
19903
23902
19904
23903
19905
23904
19906
23905
19907
23906
19908
23907
19909
23908
19910
23909
19911
23910
19912
23911
19913
23912
19914
23913
19915
23914
19916
23915
19917
23916
19918
23917
19919
23918
19920
23919
19921
23920
19922
23921
19923
23922
19924
23923
19925
23924
19926
23925
19927
23926
19928
23927
19929
23928
19930
23929
19931
23930
19932
23931
19933
23932
19934
23933
19935
23934
19936
23935
19937
23936
19938
23937
19939
23938
19940
23939
19941
23940
19942
23941
19943
23942
19944
23943
19945
23944
19946
23945
19947
23946
19948
23947
19949
23948
19950
23949
19951
23950
19952
23951
19953
23952
19954
23953
19955
23954
19956
23955
19957
23956
19958
23957
19959
23958
19960
23959
19961
23960
19962
23961
19963
23962
19964
23963
19965
23964
19966
23965
19967
23966
19968
23967
19969
23968
19970
23969
19971
23970
19972
23971
19973
23972
19974
23973
19975
23974
19976
23975
19977
23976
19978
23977
19979
23978
19980
23979
19981
23980
19982
23981
19983
23982
19984
23983
19985
23984
19986
23985
19987
23986
19988
23987
19989
23988
19990
23989
19991
23990
19992
23991
19993
23992
19994
23993
19995
23994
19996
23995
19997
23996
19998
23997
19999
23998
23999
20001
20200
24000
20002
20201
24001
20003
20202
24002
20004
20203
24003
20005
20204
24004
20006
20205
24005
20007
20206
24006
20008
20207
24007
20009
20208
24008
20010
20209
24009
20011
20210
24010
20012
20211
24011
20013
20212
24012
20014
20213
24013
20015
20214
24014
20016
20215
24015
20017
20216
24016
20018
20217
24017
20019
20218
24018
20020
20219
24019
20021
20220
24020
20022
20221
24021
20023
20222
24022
20024
20223
24023
20025
20224
24024
20026
20225
24025
20027
20226
24026
20028
20227
24027
20029
20228
24028
20030
20229
24029
20031
20230
24030
20032
20231
24031
20033
20232
24032
20034
20233
24033
20035
20234
24034
20036
20235
24035
20037
20236
24036
20038
20237
24037
20039
20238
24038
20040
20239
24039
20041
20240
24040
20042
20241
24041
20043
20242
24042
20044
20243
24043
20045
20244
24044
20046
20245
24045
20047
20246
24046
20048
20247
24047
20049
20248
24048
20050
20249
24049
20051
20250
24050
20052
20251
24051
20053
20252
24052
20054
20253
24053
20055
20254
24054
20056
20255
24055
20057
20256
24056
20058
20257
24057
20059
20258
24058
20060
20259
24059
20061
20260
24060
20062
20261
24061
20063
20262
24062
20064
20263
24063
20065
20264
24064
20066
20265
24065
20067
20266
24066
20068
20267
24067
20069
20268
24068
20070
20269
24069
20071
20270
24070
20072
20271
24071
20073
20272
24072
20074
20273
24073
20075
20274
24074
20076
20275
24075
20077
20276
24076
20078
20277
24077
20079
20278
24078
20080
20279
24079
20081
20280
24080
20082
20281
24081
20083
20282
24082
20084
20283
24083
20085
20284
24084
20086
20285
24085
20087
20286
24086
20088
20287
24087
20089
20288
24088
20090
20289
24089
20091
20290
24090
20092
20291
24091
20093
20292
24092
20094
20293
24093
20095
20294
24094
20096
20295
24095
20097
20296
24096
20098
20297
24097
20099
20298
24098
20100
20299
24099
20101
20300
24100
20102
20301
24101
20103
20302
24102
20104
20303
24103
20105
20304
24104
20106
20305
24105
20107
20306
24106
20108
20307
24107
20109
20308
24108
20110
20309
24109
20111
20310
24110
20112
20311
24111
20113
20312
24112
20114
20313
24113
20115
20314
24114
20116
20315
24115
20117
20316
24116
20118
20317
24117
20119
20318
24118
20120
20319
24119
20121
20320
24120
20122
20321
24121
20123
20322
24122
20124
20323
24123
20125
20324
24124
20126
20325
24125
20127
20326
24126
20128
20327
24127
20129
20328
24128
20130
20329
24129
20131
20330
24130
20132
20331
24131
20133
20332
24132
20134
20333
24133
20135
20334
24134
20136
20335
24135
20137
20336
24136
20138
20337
24137
20139
20338
24138
20140
20339
24139
20141
20340
24140
20142
20341
24141
20143
20342
24142
20144
20343
24143
20145
20344
24144
20146
20345
24145
20147
20346
24146
20148
20347
24147
20149
20348
24148
20150
20349
24149
20151
20350
24150
20152
20351
24151
20153
20352
24152
20154
20353
24153
20155
20354
24154
20156
20355
24155
20157
20356
24156
20158
20357
24157
20159
20358
24158
20160
20359
24159
20161
20360
24160
20162
20361
24161
20163
20362
24162
20164
20363
24163
20165
20364
24164
20166
20365
24165
20167
20366
24166
20168
20367
24167
20169
20368
24168
20170
20369
24169
20171
20370
24170
20172
20371
24171
20173
20372
24172
20174
20373
24173
20175
20374
24174
20176
20375
24175
20177
20376
24176
20178
20377
24177
20179
20378
24178
20180
20379
24179
20181
20380
24180
20182
20381
24181
20183
20382
24182
20184
20383
24183
20185
20384
24184
20186
20385
24185
20187
20386
24186
20188
20387
24187
20189
20388
24188
20190
20389
24189
20191
20390
24190
20192
20391
24191
20193
20392
24192
20194
20393
24193
20195
20394
24194
20196
20395
24195
20197
20396
24196
20198
20397
24197
20199
20398
24198
20399
24199
20201
20400
24200
20202
20401
24201
20203
20402
24202
20204
20403
24203
20205
20404
24204
20206
20405
24205
20207
20406
24206
20208
20407
24207
20209
20408
24208
20210
20409
24209
20211
20410
24210
20212
20411
24211
20213
20412
24212
20214
20413
24213
20215
20414
24214
20216
20415
24215
20217
20416
24216
20218
20417
24217
20219
20418
24218
20220
20419
24219
20221
20420
24220
20222
20421
24221
20223
20422
24222
20224
20423
24223
20225
20424
24224
20226
20425
24225
20227
20426
24226
20228
20427
24227
20229
20428
24228
20230
20429
24229
20231
20430
24230
20232
20431
24231
20233
20432
24232
20234
20433
24233
20235
20434
24234
20236
20435
24235
20237
20436
24236
20238
20437
24237
20239
20438
24238
20240
20439
24239
20241
20440
24240
20242
20441
24241
20243
20442
24242
20244
20443
24243
20245
20444
24244
20246
20445
24245
20247
20446
24246
20248
20447
24247
20249
20448
24248
20250
20449
24249
20251
20450
24250
20252
20451
24251
20253
20452
24252
20254
20453
24253
20255
20454
24254
20256
20455
24255
20257
20456
24256
20258
20457
24257
20259
20458
24258
20260
20459
24259
20261
20460
24260
20262
20461
24261
20263
20462
24262
20264
20463
24263
20265
20464
24264
20266
20465
24265
20267
20466
24266
20268
20467
24267
20269
20468
24268
20270
20469
24269
20271
20470
24270
20272
20471
24271
20273
20472
24272
20274
20473
24273
20275
20474
24274
20276
20475
24275
20277
20476
24276
20278
20477
24277
20279
20478
24278
20280
20479
24279
20281
20480
24280
20282
20481
24281
20283
20482
24282
20284
20483
24283
20285
20484
24284
20286
20485
24285
20287
20486
24286
20288
20487
24287
20289
20488
24288
20290
20489
24289
20291
20490
24290
20292
20491
24291
20293
20492
24292
20294
20493
24293
20295
20494
24294
20296
20495
24295
20297
20496
24296
20298
20497
24297
20299
20498
24298
20300
20499
24299
20301
20500
24300
20302
20501
24301
20303
20502
24302
20304
20503
24303
20305
20504
24304
20306
20505
24305
20307
20506
24306
20308
20507
24307
20309
20508
24308
20310
20509
24309
20311
20510
24310
20312
20511
24311
20313
20512
24312
20314
20513
24313
20315
20514
24314
20316
20515
24315
20317
20516
24316
20318
20517
24317
20319
20518
24318
20320
20519
24319
20321
20520
24320
20322
20521
24321
20323
20522
24322
20324
20523
24323
20325
20524
24324
20326
20525
24325
20327
20526
24326
20328
20527
24327
20329
20528
24328
20330
20529
24329
20331
20530
24330
20332
20531
24331
20333
20532
24332
20334
20533
24333
20335
20534
24334
20336
20535
24335
20337
20536
24336
20338
20537
24337
20339
20538
24338
20340
20539
24339
20341
20540
24340
20342
20541
24341
20343
20542
24342
20344
20543
24343
20345
20544
24344
20346
20545
24345
20347
20546
24346
20348
20547
24347
20349
20548
24348
20350
20549
24349
20351
20550
24350
20352
20551
24351
20353
20552
24352
20354
20553
24353
20355
20554
24354
20356
20555
24355
20357
20556
24356
20358
20557
24357
20359
20558
24358
20360
20559
24359
20361
20560
24360
20362
20561
24361
20363
20562
24362
20364
20563
24363
20365
20564
24364
20366
20565
24365
20367
20566
24366
20368
20567
24367
20369
20568
24368
20370
20569
24369
20371
20570
24370
20372
20571
24371
20373
20572
24372
20374
20573
24373
20375
20574
24374
20376
20575
24375
20377
20576
24376
20378
20577
24377
20379
20578
24378
20380
20579
24379
20381
20580
24380
20382
20581
24381
20383
20582
24382
20384
20583
24383
20385
20584
24384
20386
20585
24385
20387
20586
24386
20388
20587
24387
20389
20588
24388
20390
20589
24389
20391
20590
24390
20392
20591
24391
20393
20592
24392
20394
20593
24393
20395
20594
24394
20396
20595
24395
20397
20596
24396
20398
20597
24397
20399
20598
24398
20599
24399
20401
20600
24400
20402
20601
24401
20403
20602
24402
20404
20603
24403
20405
20604
24404
20406
20605
24405
20407
20606
24406
20408
20607
24407
20409
20608
24408
20410
20609
24409
20411
20610
24410
20412
20611
24411
20413
20612
24412
20414
20613
24413
20415
20614
24414
20416
20615
24415
20417
20616
24416
20418
20617
24417
20419
20618
24418
20420
20619
24419
20421
20620
24420
20422
20621
24421
20423
20622
24422
20424
20623
24423
20425
20624
24424
20426
20625
24425
20427
20626
24426
20428
20627
24427
20429
20628
24428
20430
20629
24429
20431
20630
24430
20432
20631
24431
20433
20632
24432
20434
20633
24433
20435
20634
24434
20436
20635
24435
20437
20636
24436
20438
20637
24437
20439
20638
24438
20440
20639
24439
20441
20640
24440
20442
20641
24441
20443
20642
24442
20444
20643
24443
20445
20644
24444
20446
20645
24445
20447
20646
24446
20448
20647
24447
20449
20648
24448
20450
20649
24449
20451
20650
24450
20452
20651
24451
20453
20652
24452
20454
20653
24453
20455
20654
24454
20456
20655
24455
20457
20656
24456
20458
20657
24457
20459
20658
24458
20460
20659
24459
20461
20660
24460
20462
20661
24461
20463
20662
24462
20464
20663
24463
20465
20664
24464
20466
20665
24465
20467
20666
24466
20468
20667
24467
20469
20668
24468
20470
20669
24469
20471
20670
24470
20472
20671
24471
20473
20672
24472
20474
20673
24473
20475
20674
24474
20476
20675
24475
20477
20676
24476
20478
20677
24477
20479
20678
24478
20480
20679
24479
20481
20680
24480
20482
20681
24481
20483
20682
24482
20484
20683
24483
20485
20684
24484
20486
20685
24485
20487
20686
24486
20488
20687
24487
20489
20688
24488
20490
20689
24489
20491
20690
24490
20492
20691
24491
20493
20692
24492
20494
20693
24493
20495
20694
24494
20496
20695
24495
20497
20696
24496
20498
20697
24497
20499
20698
24498
20500
20699
24499
20501
20700
24500
20502
20701
24501
20503
20702
24502
20504
20703
24503
20505
20704
24504
20506
20705
24505
20507
20706
24506
20508
20707
24507
20509
20708
24508
20510
20709
24509
20511
20710
24510
20512
20711
24511
20513
20712
24512
20514
20713
24513
20515
20714
24514
20516
20715
24515
20517
20716
24516
20518
20717
24517
20519
20718
24518
20520
20719
24519
20521
20720
24520
20522
20721
24521
20523
20722
24522
20524
20723
24523
20525
20724
24524
20526
20725
24525
20527
20726
24526
20528
20727
24527
20529
20728
24528
20530
20729
24529
20531
20730
24530
20532
20731
24531
20533
20732
24532
20534
20733
24533
20535
20734
24534
20536
20735
24535
20537
20736
24536
20538
20737
24537
20539
20738
24538
20540
20739
24539
20541
20740
24540
20542
20741
24541
20543
20742
24542
20544
20743
24543
20545
20744
24544
20546
20745
24545
20547
20746
24546
20548
20747
24547
20549
20748
24548
20550
20749
24549
20551
20750
24550
20552
20751
24551
20553
20752
24552
20554
20753
24553
20555
20754
24554
20556
20755
24555
20557
20756
24556
20558
20757
24557
20559
20758
24558
20560
20759
24559
20561
20760
24560
20562
20761
24561
20563
20762
24562
20564
20763
24563
20565
20764
24564
20566
20765
24565
20567
20766
24566
20568
20767
24567
20569
20768
24568
20570
20769
24569
20571
20770
24570
20572
20771
24571
20573
20772
24572
20574
20773
24573
20575
20774
24574
20576
20775
24575
20577
20776
24576
20578
20777
24577
20579
20778
24578
20580
20779
24579
20581
20780
24580
20582
20781
24581
20583
20782
24582
20584
20783
24583
20585
20784
24584
20586
20785
24585
20587
20786
24586
20588
20787
24587
20589
20788
24588
20590
20789
24589
20591
20790
24590
20592
20791
24591
20593
20792
24592
20594
20793
24593
20595
20794
24594
20596
20795
24595
20597
20796
24596
20598
20797
24597
20599
20798
24598
20799
24599
20601
20800
24600
20602
20801
24601
20603
20802
24602
20604
20803
24603
20605
20804
24604
20606
20805
24605
20607
20806
24606
20608
20807
24607
20609
20808
24608
20610
20809
24609
20611
20810
24610
20612
20811
24611
20613
20812
24612
20614
20813
24613
20615
20814
24614
20616
20815
24615
20617
20816
24616
20618
20817
24617
20619
20818
24618
20620
20819
24619
20621
20820
24620
20622
20821
24621
20623
20822
24622
20624
20823
24623
20625
20824
24624
20626
20825
24625
20627
20826
24626
20628
20827
24627
20629
20828
24628
20630
20829
24629
20631
20830
24630
20632
20831
24631
20633
20832
24632
20634
20833
24633
20635
20834
24634
20636
20835
24635
20637
20836
24636
20638
20837
24637
20639
20838
24638
20640
20839
24639
20641
20840
24640
20642
20841
24641
20643
20842
24642
20644
20843
24643
20645
20844
24644
20646
20845
24645
20647
20846
24646
20648
20847
24647
20649
20848
24648
20650
20849
24649
20651
20850
24650
20652
20851
24651
20653
20852
24652
20654
20853
24653
20655
20854
24654
20656
20855
24655
20657
20856
24656
20658
20857
24657
20659
20858
24658
20660
20859
24659
20661
20860
24660
20662
20861
24661
20663
20862
24662
20664
20863
24663
20665
20864
24664
20666
20865
24665
20667
20866
24666
20668
20867
24667
20669
20868
24668
20670
20869
24669
20671
20870
24670
20672
20871
24671
20673
20872
24672
20674
20873
24673
20675
20874
24674
20676
20875
24675
20677
20876
24676
20678
20877
24677
20679
20878
24678
20680
20879
24679
20681
20880
24680
20682
20881
24681
20683
20882
24682
20684
20883
24683
20685
20884
24684
20686
20885
24685
20687
20886
24686
20688
20887
24687
20689
20888
24688
20690
20889
24689
20691
20890
24690
20692
20891
24691
20693
20892
24692
20694
20893
24693
20695
20894
24694
20696
20895
24695
20697
20896
24696
20698
20897
24697
20699
20898
24698
20700
20899
24699
20701
20900
24700
20702
20901
24701
20703
20902
24702
20704
20903
24703
20705
20904
24704
20706
20905
24705
20707
20906
24706
20708
20907
24707
20709
20908
24708
20710
20909
24709
20711
20910
24710
20712
20911
24711
20713
20912
24712
20714
20913
24713
20715
20914
24714
20716
20915
24715
20717
20916
24716
20718
20917
24717
20719
20918
24718
20720
20919
24719
20721
20920
24720
20722
20921
24721
20723
20922
24722
20724
20923
24723
20725
20924
24724
20726
20925
24725
20727
20926
24726
20728
20927
24727
20729
20928
24728
20730
20929
24729
20731
20930
24730
20732
20931
24731
20733
20932
24732
20734
20933
24733
20735
20934
24734
20736
20935
24735
20737
20936
24736
20738
20937
24737
20739
20938
24738
20740
20939
24739
20741
20940
24740
20742
20941
24741
20743
20942
24742
20744
20943
24743
20745
20944
24744
20746
20945
24745
20747
20946
24746
20748
20947
24747
20749
20948
24748
20750
20949
24749
20751
20950
24750
20752
20951
24751
20753
20952
24752
20754
20953
24753
20755
20954
24754
20756
20955
24755
20757
20956
24756
20758
20957
24757
20759
20958
24758
20760
20959
24759
20761
20960
24760
20762
20961
24761
20763
20962
24762
20764
20963
24763
20765
20964
24764
20766
20965
24765
20767
20966
24766
20768
20967
24767
20769
20968
24768
20770
20969
24769
20771
20970
24770
20772
20971
24771
20773
20972
24772
20774
20973
24773
20775
20974
24774
20776
20975
24775
20777
20976
24776
20778
20977
24777
20779
20978
24778
20780
20979
24779
20781
20980
24780
20782
20981
24781
20783
20982
24782
20784
20983
24783
20785
20984
24784
20786
20985
24785
20787
20986
24786
20788
20987
24787
20789
20988
24788
20790
20989
24789
20791
20990
24790
20792
20991
24791
20793
20992
24792
20794
20993
24793
20795
20994
24794
20796
20995
24795
20797
20996
24796
20798
20997
24797
20799
20998
24798
20999
24799
20801
21000
24800
20802
21001
24801
20803
21002
24802
20804
21003
24803
20805
21004
24804
20806
21005
24805
20807
21006
24806
20808
21007
24807
20809
21008
24808
20810
21009
24809
20811
21010
24810
20812
21011
24811
20813
21012
24812
20814
21013
24813
20815
21014
24814
20816
21015
24815
20817
21016
24816
20818
21017
24817
20819
21018
24818
20820
21019
24819
20821
21020
24820
20822
21021
24821
20823
21022
24822
20824
21023
24823
20825
21024
24824
20826
21025
24825
20827
21026
24826
20828
21027
24827
20829
21028
24828
20830
21029
24829
20831
21030
24830
20832
21031
24831
20833
21032
24832
20834
21033
24833
20835
21034
24834
20836
21035
24835
20837
21036
24836
20838
21037
24837
20839
21038
24838
20840
21039
24839
20841
21040
24840
20842
21041
24841
20843
21042
24842
20844
21043
24843
20845
21044
24844
20846
21045
24845
20847
21046
24846
20848
21047
24847
20849
21048
24848
20850
21049
24849
20851
21050
24850
20852
21051
24851
20853
21052
24852
20854
21053
24853
20855
21054
24854
20856
21055
24855
20857
21056
24856
20858
21057
24857
20859
21058
24858
20860
21059
24859
20861
21060
24860
20862
21061
24861
20863
21062
24862
20864
21063
24863
20865
21064
24864
20866
21065
24865
20867
21066
24866
20868
21067
24867
20869
21068
24868
20870
21069
24869
20871
21070
24870
20872
21071
24871
20873
21072
24872
20874
21073
24873
20875
21074
24874
20876
21075
24875
20877
21076
24876
20878
21077
24877
20879
21078
24878
20880
21079
24879
20881
21080
24880
20882
21081
24881
20883
21082
24882
20884
21083
24883
20885
21084
24884
20886
21085
24885
20887
21086
24886
20888
21087
24887
20889
21088
24888
20890
21089
24889
20891
21090
24890
20892
21091
24891
20893
21092
24892
20894
21093
24893
20895
21094
24894
20896
21095
24895
20897
21096
24896
20898
21097
24897
20899
21098
24898
20900
21099
24899
20901
21100
24900
20902
21101
24901
20903
21102
24902
20904
21103
24903
20905
21104
24904
20906
21105
24905
20907
21106
24906
20908
21107
24907
20909
21108
24908
20910
21109
24909
20911
21110
24910
20912
21111
24911
20913
21112
24912
20914
21113
24913
20915
21114
24914
20916
21115
24915
20917
21116
24916
20918
21117
24917
20919
21118
24918
20920
21119
24919
20921
21120
24920
20922
21121
24921
20923
21122
24922
20924
21123
24923
20925
21124
24924
20926
21125
24925
20927
21126
24926
20928
21127
24927
20929
21128
24928
20930
21129
24929
20931
21130
24930
20932
21131
24931
20933
21132
24932
20934
21133
24933
20935
21134
24934
20936
21135
24935
20937
21136
24936
20938
21137
24937
20939
21138
24938
20940
21139
24939
20941
21140
24940
20942
21141
24941
20943
21142
24942
20944
21143
24943
20945
21144
24944
20946
21145
24945
20947
21146
24946
20948
21147
24947
20949
21148
24948
20950
21149
24949
20951
21150
24950
20952
21151
24951
20953
21152
24952
20954
21153
24953
20955
21154
24954
20956
21155
24955
20957
21156
24956
20958
21157
24957
20959
21158
24958
20960
21159
24959
20961
21160
24960
20962
21161
24961
20963
21162
24962
20964
21163
24963
20965
21164
24964
20966
21165
24965
20967
21166
24966
20968
21167
24967
20969
21168
24968
20970
21169
24969
20971
21170
24970
20972
21171
24971
20973
21172
24972
20974
21173
24973
20975
21174
24974
20976
21175
24975
20977
21176
24976
20978
21177
24977
20979
21178
24978
20980
21179
24979
20981
21180
24980
20982
21181
24981
20983
21182
24982
20984
21183
24983
20985
21184
24984
20986
21185
24985
20987
21186
24986
20988
21187
24987
20989
21188
24988
20990
21189
24989
20991
21190
24990
20992
21191
24991
20993
21192
24992
20994
21193
24993
20995
21194
24994
20996
21195
24995
20997
21196
24996
20998
21197
24997
20999
21198
24998
21199
24999
21001
21200
25000
21002
21201
25001
21003
21202
25002
21004
21203
25003
21005
21204
25004
21006
21205
25005
21007
21206
25006
21008
21207
25007
21009
21208
25008
21010
21209
25009
21011
21210
25010
21012
21211
25011
21013
21212
25012
21014
21213
25013
21015
21214
25014
21016
21215
25015
21017
21216
25016
21018
21217
25017
21019
21218
25018
21020
21219
25019
21021
21220
25020
21022
21221
25021
21023
21222
25022
21024
21223
25023
21025
21224
25024
21026
21225
25025
21027
21226
25026
21028
21227
25027
21029
21228
25028
21030
21229
25029
21031
21230
25030
21032
21231
25031
21033
21232
25032
21034
21233
25033
21035
21234
25034
21036
21235
25035
21037
21236
25036
21038
21237
25037
21039
21238
25038
21040
21239
25039
21041
21240
25040
21042
21241
25041
21043
21242
25042
21044
21243
25043
21045
21244
25044
21046
21245
25045
21047
21246
25046
21048
21247
25047
21049
21248
25048
21050
21249
25049
21051
21250
25050
21052
21251
25051
21053
21252
25052
21054
21253
25053
21055
21254
25054
21056
21255
25055
21057
21256
25056
21058
21257
25057
21059
21258
25058
21060
21259
25059
21061
21260
25060
21062
21261
25061
21063
21262
25062
21064
21263
25063
21065
21264
25064
21066
21265
25065
21067
21266
25066
21068
21267
25067
21069
21268
25068
21070
21269
25069
21071
21270
25070
21072
21271
25071
21073
21272
25072
21074
21273
25073
21075
21274
25074
21076
21275
25075
21077
21276
25076
21078
21277
25077
21079
21278
25078
21080
21279
25079
21081
21280
25080
21082
21281
25081
21083
21282
25082
21084
21283
25083
21085
21284
25084
21086
21285
25085
21087
21286
25086
21088
21287
25087
21089
21288
25088
21090
21289
25089
21091
21290
25090
21092
21291
25091
21093
21292
25092
21094
21293
25093
21095
21294
25094
21096
21295
25095
21097
21296
25096
21098
21297
25097
21099
21298
25098
21100
21299
25099
21101
21300
25100
21102
21301
25101
21103
21302
25102
21104
21303
25103
21105
21304
25104
21106
21305
25105
21107
21306
25106
21108
21307
25107
21109
21308
25108
21110
21309
25109
21111
21310
25110
21112
21311
25111
21113
21312
25112
21114
21313
25113
21115
21314
25114
21116
21315
25115
21117
21316
25116
21118
21317
25117
21119
21318
25118
21120
21319
25119
21121
21320
25120
21122
21321
25121
21123
21322
25122
21124
21323
25123
21125
21324
25124
21126
21325
25125
21127
21326
25126
21128
21327
25127
21129
21328
25128
21130
21329
25129
21131
21330
25130
21132
21331
25131
21133
21332
25132
21134
21333
25133
21135
21334
25134
21136
21335
25135
21137
21336
25136
21138
21337
25137
21139
21338
25138
21140
21339
25139
21141
21340
25140
21142
21341
25141
21143
21342
25142
21144
21343
25143
21145
21344
25144
21146
21345
25145
21147
21346
25146
21148
21347
25147
21149
21348
25148
21150
21349
25149
21151
21350
25150
21152
21351
25151
21153
21352
25152
21154
21353
25153
21155
21354
25154
21156
21355
25155
21157
21356
25156
21158
21357
25157
21159
21358
25158
21160
21359
25159
21161
21360
25160
21162
21361
25161
21163
21362
25162
21164
21363
25163
21165
21364
25164
21166
21365
25165
21167
21366
25166
21168
21367
25167
21169
21368
25168
21170
21369
25169
21171
21370
25170
21172
21371
25171
21173
21372
25172
21174
21373
25173
21175
21374
25174
21176
21375
25175
21177
21376
25176
21178
21377
25177
21179
21378
25178
21180
21379
25179
21181
21380
25180
21182
21381
25181
21183
21382
25182
21184
21383
25183
21185
21384
25184
21186
21385
25185
21187
21386
25186
21188
21387
25187
21189
21388
25188
21190
21389
25189
21191
21390
25190
21192
21391
25191
21193
21392
25192
21194
21393
25193
21195
21394
25194
21196
21395
25195
21197
21396
25196
21198
21397
25197
21199
21398
25198
21399
25199
21201
21400
25200
21202
21401
25201
21203
21402
25202
21204
21403
25203
21205
21404
25204
21206
21405
25205
21207
21406
25206
21208
21407
25207
21209
21408
25208
21210
21409
25209
21211
21410
25210
21212
21411
25211
21213
21412
25212
21214
21413
25213
21215
21414
25214
21216
21415
25215
21217
21416
25216
21218
21417
25217
21219
21418
25218
21220
21419
25219
21221
21420
25220
21222
21421
25221
21223
21422
25222
21224
21423
25223
21225
21424
25224
21226
21425
25225
21227
21426
25226
21228
21427
25227
21229
21428
25228
21230
21429
25229
21231
21430
25230
21232
21431
25231
21233
21432
25232
21234
21433
25233
21235
21434
25234
21236
21435
25235
21237
21436
25236
21238
21437
25237
21239
21438
25238
21240
21439
25239
21241
21440
25240
21242
21441
25241
21243
21442
25242
21244
21443
25243
21245
21444
25244
21246
21445
25245
21247
21446
25246
21248
21447
25247
21249
21448
25248
21250
21449
25249
21251
21450
25250
21252
21451
25251
21253
21452
25252
21254
21453
25253
21255
21454
25254
21256
21455
25255
21257
21456
25256
21258
21457
25257
21259
21458
25258
21260
21459
25259
21261
21460
25260
21262
21461
25261
21263
21462
25262
21264
21463
25263
21265
21464
25264
21266
21465
25265
21267
21466
25266
21268
21467
25267
21269
21468
25268
21270
21469
25269
21271
21470
25270
21272
21471
25271
21273
21472
25272
21274
21473
25273
21275
21474
25274
21276
21475
25275
21277
21476
25276
21278
21477
25277
21279
21478
25278
21280
21479
25279
21281
21480
25280
21282
21481
25281
21283
21482
25282
21284
21483
25283
21285
21484
25284
21286
21485
25285
21287
21486
25286
21288
21487
25287
21289
21488
25288
21290
21489
25289
21291
21490
25290
21292
21491
25291
21293
21492
25292
21294
21493
25293
21295
21494
25294
21296
21495
25295
21297
21496
25296
21298
21497
25297
21299
21498
25298
21300
21499
25299
21301
21500
25300
21302
21501
25301
21303
21502
25302
21304
21503
25303
21305
21504
25304
21306
21505
25305
21307
21506
25306
21308
21507
25307
21309
21508
25308
21310
21509
25309
21311
21510
25310
21312
21511
25311
21313
21512
25312
21314
21513
25313
21315
21514
25314
21316
21515
25315
21317
21516
25316
21318
21517
25317
21319
21518
25318
21320
21519
25319
21321
21520
25320
21322
21521
25321
21323
21522
25322
21324
21523
25323
21325
21524
25324
21326
21525
25325
21327
21526
25326
21328
21527
25327
21329
21528
25328
21330
21529
25329
21331
21530
25330
21332
21531
25331
21333
21532
25332
21334
21533
25333
21335
21534
25334
21336
21535
25335
21337
21536
25336
21338
21537
25337
21339
21538
25338
21340
21539
25339
21341
21540
25340
21342
21541
25341
21343
21542
25342
21344
21543
25343
21345
21544
25344
21346
21545
25345
21347
21546
25346
21348
21547
25347
21349
21548
25348
21350
21549
25349
21351
21550
25350
21352
21551
25351
21353
21552
25352
21354
21553
25353
21355
21554
25354
21356
21555
25355
21357
21556
25356
21358
21557
25357
21359
21558
25358
21360
21559
25359
21361
21560
25360
21362
21561
25361
21363
21562
25362
21364
21563
25363
21365
21564
25364
21366
21565
25365
21367
21566
25366
21368
21567
25367
21369
21568
25368
21370
21569
25369
21371
21570
25370
21372
21571
25371
21373
21572
25372
21374
21573
25373
21375
21574
25374
21376
21575
25375
21377
21576
25376
21378
21577
25377
21379
21578
25378
21380
21579
25379
21381
21580
25380
21382
21581
25381
21383
21582
25382
21384
21583
25383
21385
21584
25384
21386
21585
25385
21387
21586
25386
21388
21587
25387
21389
21588
25388
21390
21589
25389
21391
21590
25390
21392
21591
25391
21393
21592
25392
21394
21593
25393
21395
21594
25394
21396
21595
25395
21397
21596
25396
21398
21597
25397
21399
21598
25398
21599
25399
21401
21600
25400
21402
21601
25401
21403
21602
25402
21404
21603
25403
21405
21604
25404
21406
21605
25405
21407
21606
25406
21408
21607
25407
21409
21608
25408
21410
21609
25409
21411
21610
25410
21412
21611
25411
21413
21612
25412
21414
21613
25413
21415
21614
25414
21416
21615
25415
21417
21616
25416
21418
21617
25417
21419
21618
25418
21420
21619
25419
21421
21620
25420
21422
21621
25421
21423
21622
25422
21424
21623
25423
21425
21624
25424
21426
21625
25425
21427
21626
25426
21428
21627
25427
21429
21628
25428
21430
21629
25429
21431
21630
25430
21432
21631
25431
21433
21632
25432
21434
21633
25433
21435
21634
25434
21436
21635
25435
21437
21636
25436
21438
21637
25437
21439
21638
25438
21440
21639
25439
21441
21640
25440
21442
21641
25441
21443
21642
25442
21444
21643
25443
21445
21644
25444
21446
21645
25445
21447
21646
25446
21448
21647
25447
21449
21648
25448
21450
21649
25449
21451
21650
25450
21452
21651
25451
21453
21652
25452
21454
21653
25453
21455
21654
25454
21456
21655
25455
21457
21656
25456
21458
21657
25457
21459
21658
25458
21460
21659
25459
21461
21660
25460
21462
21661
25461
21463
21662
25462
21464
21663
25463
21465
21664
25464
21466
21665
25465
21467
21666
25466
21468
21667
25467
21469
21668
25468
21470
21669
25469
21471
21670
25470
21472
21671
25471
21473
21672
25472
21474
21673
25473
21475
21674
25474
21476
21675
25475
21477
21676
25476
21478
21677
25477
21479
21678
25478
21480
21679
25479
21481
21680
25480
21482
21681
25481
21483
21682
25482
21484
21683
25483
21485
21684
25484
21486
21685
25485
21487
21686
25486
21488
21687
25487
21489
21688
25488
21490
21689
25489
21491
21690
25490
21492
21691
25491
21493
21692
25492
21494
21693
25493
21495
21694
25494
21496
21695
25495
21497
21696
25496
21498
21697
25497
21499
21698
25498
21500
21699
25499
21501
21700
25500
21502
21701
25501
21503
21702
25502
21504
21703
25503
21505
21704
25504
21506
21705
25505
21507
21706
25506
21508
21707
25507
21509
21708
25508
21510
21709
25509
21511
21710
25510
21512
21711
25511
21513
21712
25512
21514
21713
25513
21515
21714
25514
21516
21715
25515
21517
21716
25516
21518
21717
25517
21519
21718
25518
21520
21719
25519
21521
21720
25520
21522
21721
25521
21523
21722
25522
21524
21723
25523
21525
21724
25524
21526
21725
25525
21527
21726
25526
21528
21727
25527
21529
21728
25528
21530
21729
25529
21531
21730
25530
21532
21731
25531
21533
21732
25532
21534
21733
25533
21535
21734
25534
21536
21735
25535
21537
21736
25536
21538
21737
25537
21539
21738
25538
21540
21739
25539
21541
21740
25540
21542
21741
25541
21543
21742
25542
21544
21743
25543
21545
21744
25544
21546
21745
25545
21547
21746
25546
21548
21747
25547
21549
21748
25548
21550
21749
25549
21551
21750
25550
21552
21751
25551
21553
21752
25552
21554
21753
25553
21555
21754
25554
21556
21755
25555
21557
21756
25556
21558
21757
25557
21559
21758
25558
21560
21759
25559
21561
21760
25560
21562
21761
25561
21563
21762
25562
21564
21763
25563
21565
21764
25564
21566
21765
25565
21567
21766
25566
21568
21767
25567
21569
21768
25568
21570
21769
25569
21571
21770
25570
21572
21771
25571
21573
21772
25572
21574
21773
25573
21575
21774
25574
21576
21775
25575
21577
21776
25576
21578
21777
25577
21579
21778
25578
21580
21779
25579
21581
21780
25580
21582
21781
25581
21583
21782
25582
21584
21783
25583
21585
21784
25584
21586
21785
25585
21587
21786
25586
21588
21787
25587
21589
21788
25588
21590
21789
25589
21591
21790
25590
21592
21791
25591
21593
21792
25592
21594
21793
25593
21595
21794
25594
21596
21795
25595
21597
21796
25596
21598
21797
25597
21599
21798
25598
21799
25599
21601
21800
25600
21602
21801
25601
21603
21802
25602
21604
21803
25603
21605
21804
25604
21606
21805
25605
21607
21806
25606
21608
21807
25607
21609
21808
25608
21610
21809
25609
21611
21810
25610
21612
21811
25611
21613
21812
25612
21614
21813
25613
21615
21814
25614
21616
21815
25615
21617
21816
25616
21618
21817
25617
21619
21818
25618
21620
21819
25619
21621
21820
25620
21622
21821
25621
21623
21822
25622
21624
21823
25623
21625
21824
25624
21626
21825
25625
21627
21826
25626
21628
21827
25627
21629
21828
25628
21630
21829
25629
21631
21830
25630
21632
21831
25631
21633
21832
25632
21634
21833
25633
21635
21834
25634
21636
21835
25635
21637
21836
25636
21638
21837
25637
21639
21838
25638
21640
21839
25639
21641
21840
25640
21642
21841
25641
21643
21842
25642
21644
21843
25643
21645
21844
25644
21646
21845
25645
21647
21846
25646
21648
21847
25647
21649
21848
25648
21650
21849
25649
21651
21850
25650
21652
21851
25651
21653
21852
25652
21654
21853
25653
21655
21854
25654
21656
21855
25655
21657
21856
25656
21658
21857
25657
21659
21858
25658
21660
21859
25659
21661
21860
25660
21662
21861
25661
21663
21862
25662
21664
21863
25663
21665
21864
25664
21666
21865
25665
21667
21866
25666
21668
21867
25667
21669
21868
25668
21670
21869
25669
21671
21870
25670
21672
21871
25671
21673
21872
25672
21674
21873
25673
21675
21874
25674
21676
21875
25675
21677
21876
25676
21678
21877
25677
21679
21878
25678
21680
21879
25679
21681
21880
25680
21682
21881
25681
21683
21882
25682
21684
21883
25683
21685
21884
25684
21686
21885
25685
21687
21886
25686
21688
21887
25687
21689
21888
25688
21690
21889
25689
21691
21890
25690
21692
21891
25691
21693
21892
25692
21694
21893
25693
21695
21894
25694
21696
21895
25695
21697
21896
25696
21698
21897
25697
21699
21898
25698
21700
21899
25699
21701
21900
25700
21702
21901
25701
21703
21902
25702
21704
21903
25703
21705
21904
25704
21706
21905
25705
21707
21906
25706
21708
21907
25707
21709
21908
25708
21710
21909
25709
21711
21910
25710
21712
21911
25711
21713
21912
25712
21714
21913
25713
21715
21914
25714
21716
21915
25715
21717
21916
25716
21718
21917
25717
21719
21918
25718
21720
21919
25719
21721
21920
25720
21722
21921
25721
21723
21922
25722
21724
21923
25723
21725
21924
25724
21726
21925
25725
21727
21926
25726
21728
21927
25727
21729
21928
25728
21730
21929
25729
21731
21930
25730
21732
21931
25731
21733
21932
25732
21734
21933
25733
21735
21934
25734
21736
21935
25735
21737
21936
25736
21738
21937
25737
21739
21938
25738
21740
21939
25739
21741
21940
25740
21742
21941
25741
21743
21942
25742
21744
21943
25743
21745
21944
25744
21746
21945
25745
21747
21946
25746
21748
21947
25747
21749
21948
25748
21750
21949
25749
21751
21950
25750
21752
21951
25751
21753
21952
25752
21754
21953
25753
21755
21954
25754
21756
21955
25755
21757
21956
25756
21758
21957
25757
21759
21958
25758
21760
21959
25759
21761
21960
25760
21762
21961
25761
21763
21962
25762
21764
21963
25763
21765
21964
25764
21766
21965
25765
21767
21966
25766
21768
21967
25767
21769
21968
25768
21770
21969
25769
21771
21970
25770
21772
21971
25771
21773
21972
25772
21774
21973
25773
21775
21974
25774
21776
21975
25775
21777
21976
25776
21778
21977
25777
21779
21978
25778
21780
21979
25779
21781
21980
25780
21782
21981
25781
21783
21982
25782
21784
21983
25783
21785
21984
25784
21786
21985
25785
21787
21986
25786
21788
21987
25787
21789
21988
25788
21790
21989
25789
21791
21990
25790
21792
21991
25791
21793
21992
25792
21794
21993
25793
21795
21994
25794
21796
21995
25795
21797
21996
25796
21798
21997
25797
21799
21998
25798
21999
25799
21801
22000
25800
21802
22001
25801
21803
22002
25802
21804
22003
25803
21805
22004
25804
21806
22005
25805
21807
22006
25806
21808
22007
25807
21809
22008
25808
21810
22009
25809
21811
22010
25810
21812
22011
25811
21813
22012
25812
21814
22013
25813
21815
22014
25814
21816
22015
25815
21817
22016
25816
21818
22017
25817
21819
22018
25818
21820
22019
25819
21821
22020
25820
21822
22021
25821
21823
22022
25822
21824
22023
25823
21825
22024
25824
21826
22025
25825
21827
22026
25826
21828
22027
25827
21829
22028
25828
21830
22029
25829
21831
22030
25830
21832
22031
25831
21833
22032
25832
21834
22033
25833
21835
22034
25834
21836
22035
25835
21837
22036
25836
21838
22037
25837
21839
22038
25838
21840
22039
25839
21841
22040
25840
21842
22041
25841
21843
22042
25842
21844
22043
25843
21845
22044
25844
21846
22045
25845
21847
22046
25846
21848
22047
25847
21849
22048
25848
21850
22049
25849
21851
22050
25850
21852
22051
25851
21853
22052
25852
21854
22053
25853
21855
22054
25854
21856
22055
25855
21857
22056
25856
21858
22057
25857
21859
22058
25858
21860
22059
25859
21861
22060
25860
21862
22061
25861
21863
22062
25862
21864
22063
25863
21865
22064
25864
21866
22065
25865
21867
22066
25866
21868
22067
25867
21869
22068
25868
21870
22069
25869
21871
22070
25870
21872
22071
25871
21873
22072
25872
21874
22073
25873
21875
22074
25874
21876
22075
25875
21877
22076
25876
21878
22077
25877
21879
22078
25878
21880
22079
25879
21881
22080
25880
21882
22081
25881
21883
22082
25882
21884
22083
25883
21885
22084
25884
21886
22085
25885
21887
22086
25886
21888
22087
25887
21889
22088
25888
21890
22089
25889
21891
22090
25890
21892
22091
25891
21893
22092
25892
21894
22093
25893
21895
22094
25894
21896
22095
25895
21897
22096
25896
21898
22097
25897
21899
22098
25898
21900
22099
25899
21901
22100
25900
21902
22101
25901
21903
22102
25902
21904
22103
25903
21905
22104
25904
21906
22105
25905
21907
22106
25906
21908
22107
25907
21909
22108
25908
21910
22109
25909
21911
22110
25910
21912
22111
25911
21913
22112
25912
21914
22113
25913
21915
22114
25914
21916
22115
25915
21917
22116
25916
21918
22117
25917
21919
22118
25918
21920
22119
25919
21921
22120
25920
21922
22121
25921
21923
22122
25922
21924
22123
25923
21925
22124
25924
21926
22125
25925
21927
22126
25926
21928
22127
25927
21929
22128
25928
21930
22129
25929
21931
22130
25930
21932
22131
25931
21933
22132
25932
21934
22133
25933
21935
22134
25934
21936
22135
25935
21937
22136
25936
21938
22137
25937
21939
22138
25938
21940
22139
25939
21941
22140
25940
21942
22141
25941
21943
22142
25942
21944
22143
25943
21945
22144
25944
21946
22145
25945
21947
22146
25946
21948
22147
25947
21949
22148
25948
21950
22149
25949
21951
22150
25950
21952
22151
25951
21953
22152
25952
21954
22153
25953
21955
22154
25954
21956
22155
25955
21957
22156
25956
21958
22157
25957
21959
22158
25958
21960
22159
25959
21961
22160
25960
21962
22161
25961
21963
22162
25962
21964
22163
25963
21965
22164
25964
21966
22165
25965
21967
22166
25966
21968
22167
25967
21969
22168
25968
21970
22169
25969
21971
22170
25970
21972
22171
25971
21973
22172
25972
21974
22173
25973
21975
22174
25974
21976
22175
25975
21977
22176
25976
21978
22177
25977
21979
22178
25978
21980
22179
25979
21981
22180
25980
21982
22181
25981
21983
22182
25982
21984
22183
25983
21985
22184
25984
21986
22185
25985
21987
22186
25986
21988
22187
25987
21989
22188
25988
21990
22189
25989
21991
22190
25990
21992
22191
25991
21993
22192
25992
21994
22193
25993
21995
22194
25994
21996
22195
25995
21997
22196
25996
21998
22197
25997
21999
22198
25998
22199
25999
22001
22200
26000
22002
22201
26001
22003
22202
26002
22004
22203
26003
22005
22204
26004
22006
22205
26005
22007
22206
26006
22008
22207
26007
22009
22208
26008
22010
22209
26009
22011
22210
26010
22012
22211
26011
22013
22212
26012
22014
22213
26013
22015
22214
26014
22016
22215
26015
22017
22216
26016
22018
22217
26017
22019
22218
26018
22020
22219
26019
22021
22220
26020
22022
22221
26021
22023
22222
26022
22024
22223
26023
22025
22224
26024
22026
22225
26025
22027
22226
26026
22028
22227
26027
22029
22228
26028
22030
22229
26029
22031
22230
26030
22032
22231
26031
22033
22232
26032
22034
22233
26033
22035
22234
26034
22036
22235
26035
22037
22236
26036
22038
22237
26037
22039
22238
26038
22040
22239
26039
22041
22240
26040
22042
22241
26041
22043
22242
26042
22044
22243
26043
22045
22244
26044
22046
22245
26045
22047
22246
26046
22048
22247
26047
22049
22248
26048
22050
22249
26049
22051
22250
26050
22052
22251
26051
22053
22252
26052
22054
22253
26053
22055
22254
26054
22056
22255
26055
22057
22256
26056
22058
22257
26057
22059
22258
26058
22060
22259
26059
22061
22260
26060
22062
22261
26061
22063
22262
26062
22064
22263
26063
22065
22264
26064
22066
22265
26065
22067
22266
26066
22068
22267
26067
22069
22268
26068
22070
22269
26069
22071
22270
26070
22072
22271
26071
22073
22272
26072
22074
22273
26073
22075
22274
26074
22076
22275
26075
22077
22276
26076
22078
22277
26077
22079
22278
26078
22080
22279
26079
22081
22280
26080
22082
22281
26081
22083
22282
26082
22084
22283
26083
22085
22284
26084
22086
22285
26085
22087
22286
26086
22088
22287
26087
22089
22288
26088
22090
22289
26089
22091
22290
26090
22092
22291
26091
22093
22292
26092
22094
22293
26093
22095
22294
26094
22096
22295
26095
22097
22296
26096
22098
22297
26097
22099
22298
26098
22100
22299
26099
22101
22300
26100
22102
22301
26101
22103
22302
26102
22104
22303
26103
22105
22304
26104
22106
22305
26105
22107
22306
26106
22108
22307
26107
22109
22308
26108
22110
22309
26109
22111
22310
26110
22112
22311
26111
22113
22312
26112
22114
22313
26113
22115
22314
26114
22116
22315
26115
22117
22316
26116
22118
22317
26117
22119
22318
26118
22120
22319
26119
22121
22320
26120
22122
22321
26121
22123
22322
26122
22124
22323
26123
22125
22324
26124
22126
22325
26125
22127
22326
26126
22128
22327
26127
22129
22328
26128
22130
22329
26129
22131
22330
26130
22132
22331
26131
22133
22332
26132
22134
22333
26133
22135
22334
26134
22136
22335
26135
22137
22336
26136
22138
22337
26137
22139
22338
26138
22140
22339
26139
22141
22340
26140
22142
22341
26141
22143
22342
26142
22144
22343
26143
22145
22344
26144
22146
22345
26145
22147
22346
26146
22148
22347
26147
22149
22348
26148
22150
22349
26149
22151
22350
26150
22152
22351
26151
22153
22352
26152
22154
22353
26153
22155
22354
26154
22156
22355
26155
22157
22356
26156
22158
22357
26157
22159
22358
26158
22160
22359
26159
22161
22360
26160
22162
22361
26161
22163
22362
26162
22164
22363
26163
22165
22364
26164
22166
22365
26165
22167
22366
26166
22168
22367
26167
22169
22368
26168
22170
22369
26169
22171
22370
26170
22172
22371
26171
22173
22372
26172
22174
22373
26173
22175
22374
26174
22176
22375
26175
22177
22376
26176
22178
22377
26177
22179
22378
26178
22180
22379
26179
22181
22380
26180
22182
22381
26181
22183
22382
26182
22184
22383
26183
22185
22384
26184
22186
22385
26185
22187
22386
26186
22188
22387
26187
22189
22388
26188
22190
22389
26189
22191
22390
26190
22192
22391
26191
22193
22392
26192
22194
22393
26193
22195
22394
26194
22196
22395
26195
22197
22396
26196
22198
22397
26197
22199
22398
26198
22399
26199
22201
22400
26200
22202
22401
26201
22203
22402
26202
22204
22403
26203
22205
22404
26204
22206
22405
26205
22207
22406
26206
22208
22407
26207
22209
22408
26208
22210
22409
26209
22211
22410
26210
22212
22411
26211
22213
22412
26212
22214
22413
26213
22215
22414
26214
22216
22415
26215
22217
22416
26216
22218
22417
26217
22219
22418
26218
22220
22419
26219
22221
22420
26220
22222
22421
26221
22223
22422
26222
22224
22423
26223
22225
22424
26224
22226
22425
26225
22227
22426
26226
22228
22427
26227
22229
22428
26228
22230
22429
26229
22231
22430
26230
22232
22431
26231
22233
22432
26232
22234
22433
26233
22235
22434
26234
22236
22435
26235
22237
22436
26236
22238
22437
26237
22239
22438
26238
22240
22439
26239
22241
22440
26240
22242
22441
26241
22243
22442
26242
22244
22443
26243
22245
22444
26244
22246
22445
26245
22247
22446
26246
22248
22447
26247
22249
22448
26248
22250
22449
26249
22251
22450
26250
22252
22451
26251
22253
22452
26252
22254
22453
26253
22255
22454
26254
22256
22455
26255
22257
22456
26256
22258
22457
26257
22259
22458
26258
22260
22459
26259
22261
22460
26260
22262
22461
26261
22263
22462
26262
22264
22463
26263
22265
22464
26264
22266
22465
26265
22267
22466
26266
22268
22467
26267
22269
22468
26268
22270
22469
26269
22271
22470
26270
22272
22471
26271
22273
22472
26272
22274
22473
26273
22275
22474
26274
22276
22475
26275
22277
22476
26276
22278
22477
26277
22279
22478
26278
22280
22479
26279
22281
22480
26280
22282
22481
26281
22283
22482
26282
22284
22483
26283
22285
22484
26284
22286
22485
26285
22287
22486
26286
22288
22487
26287
22289
22488
26288
22290
22489
26289
22291
22490
26290
22292
22491
26291
22293
22492
26292
22294
22493
26293
22295
22494
26294
22296
22495
26295
22297
22496
26296
22298
22497
26297
22299
22498
26298
22300
22499
26299
22301
22500
26300
22302
22501
26301
22303
22502
26302
22304
22503
26303
22305
22504
26304
22306
22505
26305
22307
22506
26306
22308
22507
26307
22309
22508
26308
22310
22509
26309
22311
22510
26310
22312
22511
26311
22313
22512
26312
22314
22513
26313
22315
22514
26314
22316
22515
26315
22317
22516
26316
22318
22517
26317
22319
22518
26318
22320
22519
26319
22321
22520
26320
22322
22521
26321
22323
22522
26322
22324
22523
26323
22325
22524
26324
22326
22525
26325
22327
22526
26326
22328
22527
26327
22329
22528
26328
22330
22529
26329
22331
22530
26330
22332
22531
26331
22333
22532
26332
22334
22533
26333
22335
22534
26334
22336
22535
26335
22337
22536
26336
22338
22537
26337
22339
22538
26338
22340
22539
26339
22341
22540
26340
22342
22541
26341
22343
22542
26342
22344
22543
26343
22345
22544
26344
22346
22545
26345
22347
22546
26346
22348
22547
26347
22349
22548
26348
22350
22549
26349
22351
22550
26350
22352
22551
26351
22353
22552
26352
22354
22553
26353
22355
22554
26354
22356
22555
26355
22357
22556
26356
22358
22557
26357
22359
22558
26358
22360
22559
26359
22361
22560
26360
22362
22561
26361
22363
22562
26362
22364
22563
26363
22365
22564
26364
22366
22565
26365
22367
22566
26366
22368
22567
26367
22369
22568
26368
22370
22569
26369
22371
22570
26370
22372
22571
26371
22373
22572
26372
22374
22573
26373
22375
22574
26374
22376
22575
26375
22377
22576
26376
22378
22577
26377
22379
22578
26378
22380
22579
26379
22381
22580
26380
22382
22581
26381
22383
22582
26382
22384
22583
26383
22385
22584
26384
22386
22585
26385
22387
22586
26386
22388
22587
26387
22389
22588
26388
22390
22589
26389
22391
22590
26390
22392
22591
26391
22393
22592
26392
22394
22593
26393
22395
22594
26394
22396
22595
26395
22397
22596
26396
22398
22597
26397
22399
22598
26398
22599
26399
22401
22600
26400
22402
22601
26401
22403
22602
26402
22404
22603
26403
22405
22604
26404
22406
22605
26405
22407
22606
26406
22408
22607
26407
22409
22608
26408
22410
22609
26409
22411
22610
26410
22412
22611
26411
22413
22612
26412
22414
22613
26413
22415
22614
26414
22416
22615
26415
22417
22616
26416
22418
22617
26417
22419
22618
26418
22420
22619
26419
22421
22620
26420
22422
22621
26421
22423
22622
26422
22424
22623
26423
22425
22624
26424
22426
22625
26425
22427
22626
26426
22428
22627
26427
22429
22628
26428
22430
22629
26429
22431
22630
26430
22432
22631
26431
22433
22632
26432
22434
22633
26433
22435
22634
26434
22436
22635
26435
22437
22636
26436
22438
22637
26437
22439
22638
26438
22440
22639
26439
22441
22640
26440
22442
22641
26441
22443
22642
26442
22444
22643
26443
22445
22644
26444
22446
22645
26445
22447
22646
26446
22448
22647
26447
22449
22648
26448
22450
22649
26449
22451
22650
26450
22452
22651
26451
22453
22652
26452
22454
22653
26453
22455
22654
26454
22456
22655
26455
22457
22656
26456
22458
22657
26457
22459
22658
26458
22460
22659
26459
22461
22660
26460
22462
22661
26461
22463
22662
26462
22464
22663
26463
22465
22664
26464
22466
22665
26465
22467
22666
26466
22468
22667
26467
22469
22668
26468
22470
22669
26469
22471
22670
26470
22472
22671
26471
22473
22672
26472
22474
22673
26473
22475
22674
26474
22476
22675
26475
22477
22676
26476
22478
22677
26477
22479
22678
26478
22480
22679
26479
22481
22680
26480
22482
22681
26481
22483
22682
26482
22484
22683
26483
22485
22684
26484
22486
22685
26485
22487
22686
26486
22488
22687
26487
22489
22688
26488
22490
22689
26489
22491
22690
26490
22492
22691
26491
22493
22692
26492
22494
22693
26493
22495
22694
26494
22496
22695
26495
22497
22696
26496
22498
22697
26497
22499
22698
26498
22500
22699
26499
22501
22700
26500
22502
22701
26501
22503
22702
26502
22504
22703
26503
22505
22704
26504
22506
22705
26505
22507
22706
26506
22508
22707
26507
22509
22708
26508
22510
22709
26509
22511
22710
26510
22512
22711
26511
22513
22712
26512
22514
22713
26513
22515
22714
26514
22516
22715
26515
22517
22716
26516
22518
22717
26517
22519
22718
26518
22520
22719
26519
22521
22720
26520
22522
22721
26521
22523
22722
26522
22524
22723
26523
22525
22724
26524
22526
22725
26525
22527
22726
26526
22528
22727
26527
22529
22728
26528
22530
22729
26529
22531
22730
26530
22532
22731
26531
22533
22732
26532
22534
22733
26533
22535
22734
26534
22536
22735
26535
22537
22736
26536
22538
22737
26537
22539
22738
26538
22540
22739
26539
22541
22740
26540
22542
22741
26541
22543
22742
26542
22544
22743
26543
22545
22744
26544
22546
22745
26545
22547
22746
26546
22548
22747
26547
22549
22748
26548
22550
22749
26549
22551
22750
26550
22552
22751
26551
22553
22752
26552
22554
22753
26553
22555
22754
26554
22556
22755
26555
22557
22756
26556
22558
22757
26557
22559
22758
26558
22560
22759
26559
22561
22760
26560
22562
22761
26561
22563
22762
26562
22564
22763
26563
22565
22764
26564
22566
22765
26565
22567
22766
26566
22568
22767
26567
22569
22768
26568
22570
22769
26569
22571
22770
26570
22572
22771
26571
22573
22772
26572
22574
22773
26573
22575
22774
26574
22576
22775
26575
22577
22776
26576
22578
22777
26577
22579
22778
26578
22580
22779
26579
22581
22780
26580
22582
22781
26581
22583
22782
26582
22584
22783
26583
22585
22784
26584
22586
22785
26585
22587
22786
26586
22588
22787
26587
22589
22788
26588
22590
22789
26589
22591
22790
26590
22592
22791
26591
22593
22792
26592
22594
22793
26593
22595
22794
26594
22596
22795
26595
22597
22796
26596
22598
22797
26597
22599
22798
26598
22799
26599
22601
22800
26600
22602
22801
26601
22603
22802
26602
22604
22803
26603
22605
22804
26604
22606
22805
26605
22607
22806
26606
22608
22807
26607
22609
22808
26608
22610
22809
26609
22611
22810
26610
22612
22811
26611
22613
22812
26612
22614
22813
26613
22615
22814
26614
22616
22815
26615
22617
22816
26616
22618
22817
26617
22619
22818
26618
22620
22819
26619
22621
22820
26620
22622
22821
26621
22623
22822
26622
22624
22823
26623
22625
22824
26624
22626
22825
26625
22627
22826
26626
22628
22827
26627
22629
22828
26628
22630
22829
26629
22631
22830
26630
22632
22831
26631
22633
22832
26632
22634
22833
26633
22635
22834
26634
22636
22835
26635
22637
22836
26636
22638
22837
26637
22639
22838
26638
22640
22839
26639
22641
22840
26640
22642
22841
26641
22643
22842
26642
22644
22843
26643
22645
22844
26644
22646
22845
26645
22647
22846
26646
22648
22847
26647
22649
22848
26648
22650
22849
26649
22651
22850
26650
22652
22851
26651
22653
22852
26652
22654
22853
26653
22655
22854
26654
22656
22855
26655
22657
22856
26656
22658
22857
26657
22659
22858
26658
22660
22859
26659
22661
22860
26660
22662
22861
26661
22663
22862
26662
22664
22863
26663
22665
22864
26664
22666
22865
26665
22667
22866
26666
22668
22867
26667
22669
22868
26668
22670
22869
26669
22671
22870
26670
22672
22871
26671
22673
22872
26672
22674
22873
26673
22675
22874
26674
22676
22875
26675
22677
22876
26676
22678
22877
26677
22679
22878
26678
22680
22879
26679
22681
22880
26680
22682
22881
26681
22683
22882
26682
22684
22883
26683
22685
22884
26684
22686
22885
26685
22687
22886
26686
22688
22887
26687
22689
22888
26688
22690
22889
26689
22691
22890
26690
22692
22891
26691
22693
22892
26692
22694
22893
26693
22695
22894
26694
22696
22895
26695
22697
22896
26696
22698
22897
26697
22699
22898
26698
22700
22899
26699
22701
22900
26700
22702
22901
26701
22703
22902
26702
22704
22903
26703
22705
22904
26704
22706
22905
26705
22707
22906
26706
22708
22907
26707
22709
22908
26708
22710
22909
26709
22711
22910
26710
22712
22911
26711
22713
22912
26712
22714
22913
26713
22715
22914
26714
22716
22915
26715
22717
22916
26716
22718
22917
26717
22719
22918
26718
22720
22919
26719
22721
22920
26720
22722
22921
26721
22723
22922
26722
22724
22923
26723
22725
22924
26724
22726
22925
26725
22727
22926
26726
22728
22927
26727
22729
22928
26728
22730
22929
26729
22731
22930
26730
22732
22931
26731
22733
22932
26732
22734
22933
26733
22735
22934
26734
22736
22935
26735
22737
22936
26736
22738
22937
26737
22739
22938
26738
22740
22939
26739
22741
22940
26740
22742
22941
26741
22743
22942
26742
22744
22943
26743
22745
22944
26744
22746
22945
26745
22747
22946
26746
22748
22947
26747
22749
22948
26748
22750
22949
26749
22751
22950
26750
22752
22951
26751
22753
22952
26752
22754
22953
26753
22755
22954
26754
22756
22955
26755
22757
22956
26756
22758
22957
26757
22759
22958
26758
22760
22959
26759
22761
22960
26760
22762
22961
26761
22763
22962
26762
22764
22963
26763
22765
22964
26764
22766
22965
26765
22767
22966
26766
22768
22967
26767
22769
22968
26768
22770
22969
26769
22771
22970
26770
22772
22971
26771
22773
22972
26772
22774
22973
26773
22775
22974
26774
22776
22975
26775
22777
22976
26776
22778
22977
26777
22779
22978
26778
22780
22979
26779
22781
22980
26780
22782
22981
26781
22783
22982
26782
22784
22983
26783
22785
22984
26784
22786
22985
26785
22787
22986
26786
22788
22987
26787
22789
22988
26788
22790
22989
26789
22791
22990
26790
22792
22991
26791
22793
22992
26792
22794
22993
26793
22795
22994
26794
22796
22995
26795
22797
22996
26796
22798
22997
26797
22799
22998
26798
22999
26799
22801
23000
26800
22802
23001
26801
22803
23002
26802
22804
23003
26803
22805
23004
26804
22806
23005
26805
22807
23006
26806
22808
23007
26807
22809
23008
26808
22810
23009
26809
22811
23010
26810
22812
23011
26811
22813
23012
26812
22814
23013
26813
22815
23014
26814
22816
23015
26815
22817
23016
26816
22818
23017
26817
22819
23018
26818
22820
23019
26819
22821
23020
26820
22822
23021
26821
22823
23022
26822
22824
23023
26823
22825
23024
26824
22826
23025
26825
22827
23026
26826
22828
23027
26827
22829
23028
26828
22830
23029
26829
22831
23030
26830
22832
23031
26831
22833
23032
26832
22834
23033
26833
22835
23034
26834
22836
23035
26835
22837
23036
26836
22838
23037
26837
22839
23038
26838
22840
23039
26839
22841
23040
26840
22842
23041
26841
22843
23042
26842
22844
23043
26843
22845
23044
26844
22846
23045
26845
22847
23046
26846
22848
23047
26847
22849
23048
26848
22850
23049
26849
22851
23050
26850
22852
23051
26851
22853
23052
26852
22854
23053
26853
22855
23054
26854
22856
23055
26855
22857
23056
26856
22858
23057
26857
22859
23058
26858
22860
23059
26859
22861
23060
26860
22862
23061
26861
22863
23062
26862
22864
23063
26863
22865
23064
26864
22866
23065
26865
22867
23066
26866
22868
23067
26867
22869
23068
26868
22870
23069
26869
22871
23070
26870
22872
23071
26871
22873
23072
26872
22874
23073
26873
22875
23074
26874
22876
23075
26875
22877
23076
26876
22878
23077
26877
22879
23078
26878
22880
23079
26879
22881
23080
26880
22882
23081
26881
22883
23082
26882
22884
23083
26883
22885
23084
26884
22886
23085
26885
22887
23086
26886
22888
23087
26887
22889
23088
26888
22890
23089
26889
22891
23090
26890
22892
23091
26891
22893
23092
26892
22894
23093
26893
22895
23094
26894
22896
23095
26895
22897
23096
26896
22898
23097
26897
22899
23098
26898
22900
23099
26899
22901
23100
26900
22902
23101
26901
22903
23102
26902
22904
23103
26903
22905
23104
26904
22906
23105
26905
22907
23106
26906
22908
23107
26907
22909
23108
26908
22910
23109
26909
22911
23110
26910
22912
23111
26911
22913
23112
26912
22914
23113
26913
22915
23114
26914
22916
23115
26915
22917
23116
26916
22918
23117
26917
22919
23118
26918
22920
23119
26919
22921
23120
26920
22922
23121
26921
22923
23122
26922
22924
23123
26923
22925
23124
26924
22926
23125
26925
22927
23126
26926
22928
23127
26927
22929
23128
26928
22930
23129
26929
22931
23130
26930
22932
23131
26931
22933
23132
26932
22934
23133
26933
22935
23134
26934
22936
23135
26935
22937
23136
26936
22938
23137
26937
22939
23138
26938
22940
23139
26939
22941
23140
26940
22942
23141
26941
22943
23142
26942
22944
23143
26943
22945
23144
26944
22946
23145
26945
22947
23146
26946
22948
23147
26947
22949
23148
26948
22950
23149
26949
22951
23150
26950
22952
23151
26951
22953
23152
26952
22954
23153
26953
22955
23154
26954
22956
23155
26955
22957
23156
26956
22958
23157
26957
22959
23158
26958
22960
23159
26959
22961
23160
26960
22962
23161
26961
22963
23162
26962
22964
23163
26963
22965
23164
26964
22966
23165
26965
22967
23166
26966
22968
23167
26967
22969
23168
26968
22970
23169
26969
22971
23170
26970
22972
23171
26971
22973
23172
26972
22974
23173
26973
22975
23174
26974
22976
23175
26975
22977
23176
26976
22978
23177
26977
22979
23178
26978
22980
23179
26979
22981
23180
26980
22982
23181
26981
22983
23182
26982
22984
23183
26983
22985
23184
26984
22986
23185
26985
22987
23186
26986
22988
23187
26987
22989
23188
26988
22990
23189
26989
22991
23190
26990
22992
23191
26991
22993
23192
26992
22994
23193
26993
22995
23194
26994
22996
23195
26995
22997
23196
26996
22998
23197
26997
22999
23198
26998
23199
26999
23001
23200
27000
23002
23201
27001
23003
23202
27002
23004
23203
27003
23005
23204
27004
23006
23205
27005
23007
23206
27006
23008
23207
27007
23009
23208
27008
23010
23209
27009
23011
23210
27010
23012
23211
27011
23013
23212
27012
23014
23213
27013
23015
23214
27014
23016
23215
27015
23017
23216
27016
23018
23217
27017
23019
23218
27018
23020
23219
27019
23021
23220
27020
23022
23221
27021
23023
23222
27022
23024
23223
27023
23025
23224
27024
23026
23225
27025
23027
23226
27026
23028
23227
27027
23029
23228
27028
23030
23229
27029
23031
23230
27030
23032
23231
27031
23033
23232
27032
23034
23233
27033
23035
23234
27034
23036
23235
27035
23037
23236
27036
23038
23237
27037
23039
23238
27038
23040
23239
27039
23041
23240
27040
23042
23241
27041
23043
23242
27042
23044
23243
27043
23045
23244
27044
23046
23245
27045
23047
23246
27046
23048
23247
27047
23049
23248
27048
23050
23249
27049
23051
23250
27050
23052
23251
27051
23053
23252
27052
23054
23253
27053
23055
23254
27054
23056
23255
27055
23057
23256
27056
23058
23257
27057
23059
23258
27058
23060
23259
27059
23061
23260
27060
23062
23261
27061
23063
23262
27062
23064
23263
27063
23065
23264
27064
23066
23265
27065
23067
23266
27066
23068
23267
27067
23069
23268
27068
23070
23269
27069
23071
23270
27070
23072
23271
27071
23073
23272
27072
23074
23273
27073
23075
23274
27074
23076
23275
27075
23077
23276
27076
23078
23277
27077
23079
23278
27078
23080
23279
27079
23081
23280
27080
23082
23281
27081
23083
23282
27082
23084
23283
27083
23085
23284
27084
23086
23285
27085
23087
23286
27086
23088
23287
27087
23089
23288
27088
23090
23289
27089
23091
23290
27090
23092
23291
27091
23093
23292
27092
23094
23293
27093
23095
23294
27094
23096
23295
27095
23097
23296
27096
23098
23297
27097
23099
23298
27098
23100
23299
27099
23101
23300
27100
23102
23301
27101
23103
23302
27102
23104
23303
27103
23105
23304
27104
23106
23305
27105
23107
23306
27106
23108
23307
27107
23109
23308
27108
23110
23309
27109
23111
23310
27110
23112
23311
27111
23113
23312
27112
23114
23313
27113
23115
23314
27114
23116
23315
27115
23117
23316
27116
23118
23317
27117
23119
23318
27118
23120
23319
27119
23121
23320
27120
23122
23321
27121
23123
23322
27122
23124
23323
27123
23125
23324
27124
23126
23325
27125
23127
23326
27126
23128
23327
27127
23129
23328
27128
23130
23329
27129
23131
23330
27130
23132
23331
27131
23133
23332
27132
23134
23333
27133
23135
23334
27134
23136
23335
27135
23137
23336
27136
23138
23337
27137
23139
23338
27138
23140
23339
27139
23141
23340
27140
23142
23341
27141
23143
23342
27142
23144
23343
27143
23145
23344
27144
23146
23345
27145
23147
23346
27146
23148
23347
27147
23149
23348
27148
23150
23349
27149
23151
23350
27150
23152
23351
27151
23153
23352
27152
23154
23353
27153
23155
23354
27154
23156
23355
27155
23157
23356
27156
23158
23357
27157
23159
23358
27158
23160
23359
27159
23161
23360
27160
23162
23361
27161
23163
23362
27162
23164
23363
27163
23165
23364
27164
23166
23365
27165
23167
23366
27166
23168
23367
27167
23169
23368
27168
23170
23369
27169
23171
23370
27170
23172
23371
27171
23173
23372
27172
23174
23373
27173
23175
23374
27174
23176
23375
27175
23177
23376
27176
23178
23377
27177
23179
23378
27178
23180
23379
27179
23181
23380
27180
23182
23381
27181
23183
23382
27182
23184
23383
27183
23185
23384
27184
23186
23385
27185
23187
23386
27186
23188
23387
27187
23189
23388
27188
23190
23389
27189
23191
23390
27190
23192
23391
27191
23193
23392
27192
23194
23393
27193
23195
23394
27194
23196
23395
27195
23197
23396
27196
23198
23397
27197
23199
23398
27198
23399
27199
23201
23400
27200
23202
23401
27201
23203
23402
27202
23204
23403
27203
23205
23404
27204
23206
23405
27205
23207
23406
27206
23208
23407
27207
23209
23408
27208
23210
23409
27209
23211
23410
27210
23212
23411
27211
23213
23412
27212
23214
23413
27213
23215
23414
27214
23216
23415
27215
23217
23416
27216
23218
23417
27217
23219
23418
27218
23220
23419
27219
23221
23420
27220
23222
23421
27221
23223
23422
27222
23224
23423
27223
23225
23424
27224
23226
23425
27225
23227
23426
27226
23228
23427
27227
23229
23428
27228
23230
23429
27229
23231
23430
27230
23232
23431
27231
23233
23432
27232
23234
23433
27233
23235
23434
27234
23236
23435
27235
23237
23436
27236
23238
23437
27237
23239
23438
27238
23240
23439
27239
23241
23440
27240
23242
23441
27241
23243
23442
27242
23244
23443
27243
23245
23444
27244
23246
23445
27245
23247
23446
27246
23248
23447
27247
23249
23448
27248
23250
23449
27249
23251
23450
27250
23252
23451
27251
23253
23452
27252
23254
23453
27253
23255
23454
27254
23256
23455
27255
23257
23456
27256
23258
23457
27257
23259
23458
27258
23260
23459
27259
23261
23460
27260
23262
23461
27261
23263
23462
27262
23264
23463
27263
23265
23464
27264
23266
23465
27265
23267
23466
27266
23268
23467
27267
23269
23468
27268
23270
23469
27269
23271
23470
27270
23272
23471
27271
23273
23472
27272
23274
23473
27273
23275
23474
27274
23276
23475
27275
23277
23476
27276
23278
23477
27277
23279
23478
27278
23280
23479
27279
23281
23480
27280
23282
23481
27281
23283
23482
27282
23284
23483
27283
23285
23484
27284
23286
23485
27285
23287
23486
27286
23288
23487
27287
23289
23488
27288
23290
23489
27289
23291
23490
27290
23292
23491
27291
23293
23492
27292
23294
23493
27293
23295
23494
27294
23296
23495
27295
23297
23496
27296
23298
23497
27297
23299
23498
27298
23300
23499
27299
23301
23500
27300
23302
23501
27301
23303
23502
27302
23304
23503
27303
23305
23504
27304
23306
23505
27305
23307
23506
27306
23308
23507
27307
23309
23508
27308
23310
23509
27309
23311
23510
27310
23312
23511
27311
23313
23512
27312
23314
23513
27313
23315
23514
27314
23316
23515
27315
23317
23516
27316
23318
23517
27317
23319
23518
27318
23320
23519
27319
23321
23520
27320
23322
23521
27321
23323
23522
27322
23324
23523
27323
23325
23524
27324
23326
23525
27325
23327
23526
27326
23328
23527
27327
23329
23528
27328
23330
23529
27329
23331
23530
27330
23332
23531
27331
23333
23532
27332
23334
23533
27333
23335
23534
27334
23336
23535
27335
23337
23536
27336
23338
23537
27337
23339
23538
27338
23340
23539
27339
23341
23540
27340
23342
23541
27341
23343
23542
27342
23344
23543
27343
23345
23544
27344
23346
23545
27345
23347
23546
27346
23348
23547
27347
23349
23548
27348
23350
23549
27349
23351
23550
27350
23352
23551
27351
23353
23552
27352
23354
23553
27353
23355
23554
27354
23356
23555
27355
23357
23556
27356
23358
23557
27357
23359
23558
27358
23360
23559
27359
23361
23560
27360
23362
23561
27361
23363
23562
27362
23364
23563
27363
23365
23564
27364
23366
23565
27365
23367
23566
27366
23368
23567
27367
23369
23568
27368
23370
23569
27369
23371
23570
27370
23372
23571
27371
23373
23572
27372
23374
23573
27373
23375
23574
27374
23376
23575
27375
23377
23576
27376
23378
23577
27377
23379
23578
27378
23380
23579
27379
23381
23580
27380
23382
23581
27381
23383
23582
27382
23384
23583
27383
23385
23584
27384
23386
23585
27385
23387
23586
27386
23388
23587
27387
23389
23588
27388
23390
23589
27389
23391
23590
27390
23392
23591
27391
23393
23592
27392
23394
23593
27393
23395
23594
27394
23396
23595
27395
23397
23596
27396
23398
23597
27397
23399
23598
27398
23599
27399
23401
23600
27400
23402
23601
27401
23403
23602
27402
23404
23603
27403
23405
23604
27404
23406
23605
27405
23407
23606
27406
23408
23607
27407
23409
23608
27408
23410
23609
27409
23411
23610
27410
23412
23611
27411
23413
23612
27412
23414
23613
27413
23415
23614
27414
23416
23615
27415
23417
23616
27416
23418
23617
27417
23419
23618
27418
23420
23619
27419
23421
23620
27420
23422
23621
27421
23423
23622
27422
23424
23623
27423
23425
23624
27424
23426
23625
27425
23427
23626
27426
23428
23627
27427
23429
23628
27428
23430
23629
27429
23431
23630
27430
23432
23631
27431
23433
23632
27432
23434
23633
27433
23435
23634
27434
23436
23635
27435
23437
23636
27436
23438
23637
27437
23439
23638
27438
23440
23639
27439
23441
23640
27440
23442
23641
27441
23443
23642
27442
23444
23643
27443
23445
23644
27444
23446
23645
27445
23447
23646
27446
23448
23647
27447
23449
23648
27448
23450
23649
27449
23451
23650
27450
23452
23651
27451
23453
23652
27452
23454
23653
27453
23455
23654
27454
23456
23655
27455
23457
23656
27456
23458
23657
27457
23459
23658
27458
23460
23659
27459
23461
23660
27460
23462
23661
27461
23463
23662
27462
23464
23663
27463
23465
23664
27464
23466
23665
27465
23467
23666
27466
23468
23667
27467
23469
23668
27468
23470
23669
27469
23471
23670
27470
23472
23671
27471
23473
23672
27472
23474
23673
27473
23475
23674
27474
23476
23675
27475
23477
23676
27476
23478
23677
27477
23479
23678
27478
23480
23679
27479
23481
23680
27480
23482
23681
27481
23483
23682
27482
23484
23683
27483
23485
23684
27484
23486
23685
27485
23487
23686
27486
23488
23687
27487
23489
23688
27488
23490
23689
27489
23491
23690
27490
23492
23691
27491
23493
23692
27492
23494
23693
27493
23495
23694
27494
23496
23695
27495
23497
23696
27496
23498
23697
27497
23499
23698
27498
23500
23699
27499
23501
23700
27500
23502
23701
27501
23503
23702
27502
23504
23703
27503
23505
23704
27504
23506
23705
27505
23507
23706
27506
23508
23707
27507
23509
23708
27508
23510
23709
27509
23511
23710
27510
23512
23711
27511
23513
23712
27512
23514
23713
27513
23515
23714
27514
23516
23715
27515
23517
23716
27516
23518
23717
27517
23519
23718
27518
23520
23719
27519
23521
23720
27520
23522
23721
27521
23523
23722
27522
23524
23723
27523
23525
23724
27524
23526
23725
27525
23527
23726
27526
23528
23727
27527
23529
23728
27528
23530
23729
27529
23531
23730
27530
23532
23731
27531
23533
23732
27532
23534
23733
27533
23535
23734
27534
23536
23735
27535
23537
23736
27536
23538
23737
27537
23539
23738
27538
23540
23739
27539
23541
23740
27540
23542
23741
27541
23543
23742
27542
23544
23743
27543
23545
23744
27544
23546
23745
27545
23547
23746
27546
23548
23747
27547
23549
23748
27548
23550
23749
27549
23551
23750
27550
23552
23751
27551
23553
23752
27552
23554
23753
27553
23555
23754
27554
23556
23755
27555
23557
23756
27556
23558
23757
27557
23559
23758
27558
23560
23759
27559
23561
23760
27560
23562
23761
27561
23563
23762
27562
23564
23763
27563
23565
23764
27564
23566
23765
27565
23567
23766
27566
23568
23767
27567
23569
23768
27568
23570
23769
27569
23571
23770
27570
23572
23771
27571
23573
23772
27572
23574
23773
27573
23575
23774
27574
23576
23775
27575
23577
23776
27576
23578
23777
27577
23579
23778
27578
23580
23779
27579
23581
23780
27580
23582
23781
27581
23583
23782
27582
23584
23783
27583
23585
23784
27584
23586
23785
27585
23587
23786
27586
23588
23787
27587
23589
23788
27588
23590
23789
27589
23591
23790
27590
23592
23791
27591
23593
23792
27592
23594
23793
27593
23595
23794
27594
23596
23795
27595
23597
23796
27596
23598
23797
27597
23599
23798
27598
23799
27599
23601
23800
27600
23602
23801
27601
23603
23802
27602
23604
23803
27603
23605
23804
27604
23606
23805
27605
23607
23806
27606
23608
23807
27607
23609
23808
27608
23610
23809
27609
23611
23810
27610
23612
23811
27611
23613
23812
27612
23614
23813
27613
23615
23814
27614
23616
23815
27615
23617
23816
27616
23618
23817
27617
23619
23818
27618
23620
23819
27619
23621
23820
27620
23622
23821
27621
23623
23822
27622
23624
23823
27623
23625
23824
27624
23626
23825
27625
23627
23826
27626
23628
23827
27627
23629
23828
27628
23630
23829
27629
23631
23830
27630
23632
23831
27631
23633
23832
27632
23634
23833
27633
23635
23834
27634
23636
23835
27635
23637
23836
27636
23638
23837
27637
23639
23838
27638
23640
23839
27639
23641
23840
27640
23642
23841
27641
23643
23842
27642
23644
23843
27643
23645
23844
27644
23646
23845
27645
23647
23846
27646
23648
23847
27647
23649
23848
27648
23650
23849
27649
23651
23850
27650
23652
23851
27651
23653
23852
27652
23654
23853
27653
23655
23854
27654
23656
23855
27655
23657
23856
27656
23658
23857
27657
23659
23858
27658
23660
23859
27659
23661
23860
27660
23662
23861
27661
23663
23862
27662
23664
23863
27663
23665
23864
27664
23666
23865
27665
23667
23866
27666
23668
23867
27667
23669
23868
27668
23670
23869
27669
23671
23870
27670
23672
23871
27671
23673
23872
27672
23674
23873
27673
23675
23874
27674
23676
23875
27675
23677
23876
27676
23678
23877
27677
23679
23878
27678
23680
23879
27679
23681
23880
27680
23682
23881
27681
23683
23882
27682
23684
23883
27683
23685
23884
27684
23686
23885
27685
23687
23886
27686
23688
23887
27687
23689
23888
27688
23690
23889
27689
23691
23890
27690
23692
23891
27691
23693
23892
27692
23694
23893
27693
23695
23894
27694
23696
23895
27695
23697
23896
27696
23698
23897
27697
23699
23898
27698
23700
23899
27699
23701
23900
27700
23702
23901
27701
23703
23902
27702
23704
23903
27703
23705
23904
27704
23706
23905
27705
23707
23906
27706
23708
23907
27707
23709
23908
27708
23710
23909
27709
23711
23910
27710
23712
23911
27711
23713
23912
27712
23714
23913
27713
23715
23914
27714
23716
23915
27715
23717
23916
27716
23718
23917
27717
23719
23918
27718
23720
23919
27719
23721
23920
27720
23722
23921
27721
23723
23922
27722
23724
23923
27723
23725
23924
27724
23726
23925
27725
23727
23926
27726
23728
23927
27727
23729
23928
27728
23730
23929
27729
23731
23930
27730
23732
23931
27731
23733
23932
27732
23734
23933
27733
23735
23934
27734
23736
23935
27735
23737
23936
27736
23738
23937
27737
23739
23938
27738
23740
23939
27739
23741
23940
27740
23742
23941
27741
23743
23942
27742
23744
23943
27743
23745
23944
27744
23746
23945
27745
23747
23946
27746
23748
23947
27747
23749
23948
27748
23750
23949
27749
23751
23950
27750
23752
23951
27751
23753
23952
27752
23754
23953
27753
23755
23954
27754
23756
23955
27755
23757
23956
27756
23758
23957
27757
23759
23958
27758
23760
23959
27759
23761
23960
27760
23762
23961
27761
23763
23962
27762
23764
23963
27763
23765
23964
27764
23766
23965
27765
23767
23966
27766
23768
23967
27767
23769
23968
27768
23770
23969
27769
23771
23970
27770
23772
23971
27771
23773
23972
27772
23774
23973
27773
23775
23974
27774
23776
23975
27775
23777
23976
27776
23778
23977
27777
23779
23978
27778
23780
23979
27779
23781
23980
27780
23782
23981
27781
23783
23982
27782
23784
23983
27783
23785
23984
27784
23786
23985
27785
23787
23986
27786
23788
23987
27787
23789
23988
27788
23790
23989
27789
23791
23990
27790
23792
23991
27791
23793
23992
27792
23794
23993
27793
23795
23994
27794
23796
23995
27795
23797
23996
27796
23798
23997
27797
23799
23998
27798
23999
27799
23801
27800
23802
27801
23803
27802
23804
27803
23805
27804
23806
27805
23807
27806
23808
27807
23809
27808
23810
27809
23811
27810
23812
27811
23813
27812
23814
27813
23815
27814
23816
27815
23817
27816
23818
27817
23819
27818
23820
27819
23821
27820
23822
27821
23823
27822
23824
27823
23825
27824
23826
27825
23827
27826
23828
27827
23829
27828
23830
27829
23831
27830
23832
27831
23833
27832
23834
27833
23835
27834
23836
27835
23837
27836
23838
27837
23839
27838
23840
27839
23841
27840
23842
27841
23843
27842
23844
27843
23845
27844
23846
27845
23847
27846
23848
27847
23849
27848
23850
27849
23851
27850
23852
27851
23853
27852
23854
27853
23855
27854
23856
27855
23857
27856
23858
27857
23859
27858
23860
27859
23861
27860
23862
27861
23863
27862
23864
27863
23865
27864
23866
27865
23867
27866
23868
27867
23869
27868
23870
27869
23871
27870
23872
27871
23873
27872
23874
27873
23875
27874
23876
27875
23877
27876
23878
27877
23879
27878
23880
27879
23881
27880
23882
27881
23883
27882
23884
27883
23885
27884
23886
27885
23887
27886
23888
27887
23889
27888
23890
27889
23891
27890
23892
27891
23893
27892
23894
27893
23895
27894
23896
27895
23897
27896
23898
27897
23899
27898
23900
27899
23901
27900
23902
27901
23903
27902
23904
27903
23905
27904
23906
27905
23907
27906
23908
27907
23909
27908
23910
27909
23911
27910
23912
27911
23913
27912
23914
27913
23915
27914
23916
27915
23917
27916
23918
27917
23919
27918
23920
27919
23921
27920
23922
27921
23923
27922
23924
27923
23925
27924
23926
27925
23927
27926
23928
27927
23929
27928
23930
27929
23931
27930
23932
27931
23933
27932
23934
27933
23935
27934
23936
27935
23937
27936
23938
27937
23939
27938
23940
27939
23941
27940
23942
27941
23943
27942
23944
27943
23945
27944
23946
27945
23947
27946
23948
27947
23949
27948
23950
27949
23951
27950
23952
27951
23953
27952
23954
27953
23955
27954
23956
27955
23957
27956
23958
27957
23959
27958
23960
27959
23961
27960
23962
27961
23963
27962
23964
27963
23965
27964
23966
27965
23967
27966
23968
27967
23969
27968
23970
27969
23971
27970
23972
27971
23973
27972
23974
27973
23975
27974
23976
27975
23977
27976
23978
27977
23979
27978
23980
27979
23981
27980
23982
27981
23983
27982
23984
27983
23985
27984
23986
27985
23987
27986
23988
27987
23989
27988
23990
27989
23991
27990
23992
27991
23993
27992
23994
27993
23995
27994
23996
27995
23997
27996
23998
27997
23999
27998
27999
24001
24200
28000
24002
24201
28001
24003
24202
28002
24004
24203
28003
24005
24204
28004
24006
24205
28005
24007
24206
28006
24008
24207
28007
24009
24208
28008
24010
24209
28009
24011
24210
28010
24012
24211
28011
24013
24212
28012
24014
24213
28013
24015
24214
28014
24016
24215
28015
24017
24216
28016
24018
24217
28017
24019
24218
28018
24020
24219
28019
24021
24220
28020
24022
24221
28021
24023
24222
28022
24024
24223
28023
24025
24224
28024
24026
24225
28025
24027
24226
28026
24028
24227
28027
24029
24228
28028
24030
24229
28029
24031
24230
28030
24032
24231
28031
24033
24232
28032
24034
24233
28033
24035
24234
28034
24036
24235
28035
24037
24236
28036
24038
24237
28037
24039
24238
28038
24040
24239
28039
24041
24240
28040
24042
24241
28041
24043
24242
28042
24044
24243
28043
24045
24244
28044
24046
24245
28045
24047
24246
28046
24048
24247
28047
24049
24248
28048
24050
24249
28049
24051
24250
28050
24052
24251
28051
24053
24252
28052
24054
24253
28053
24055
24254
28054
24056
24255
28055
24057
24256
28056
24058
24257
28057
24059
24258
28058
24060
24259
28059
24061
24260
28060
24062
24261
28061
24063
24262
28062
24064
24263
28063
24065
24264
28064
24066
24265
28065
24067
24266
28066
24068
24267
28067
24069
24268
28068
24070
24269
28069
24071
24270
28070
24072
24271
28071
24073
24272
28072
24074
24273
28073
24075
24274
28074
24076
24275
28075
24077
24276
28076
24078
24277
28077
24079
24278
28078
24080
24279
28079
24081
24280
28080
24082
24281
28081
24083
24282
28082
24084
24283
28083
24085
24284
28084
24086
24285
28085
24087
24286
28086
24088
24287
28087
24089
24288
28088
24090
24289
28089
24091
24290
28090
24092
24291
28091
24093
24292
28092
24094
24293
28093
24095
24294
28094
24096
24295
28095
24097
24296
28096
24098
24297
28097
24099
24298
28098
24100
24299
28099
24101
24300
28100
24102
24301
28101
24103
24302
28102
24104
24303
28103
24105
24304
28104
24106
24305
28105
24107
24306
28106
24108
24307
28107
24109
24308
28108
24110
24309
28109
24111
24310
28110
24112
24311
28111
24113
24312
28112
24114
24313
28113
24115
24314
28114
24116
24315
28115
24117
24316
28116
24118
24317
28117
24119
24318
28118
24120
24319
28119
24121
24320
28120
24122
24321
28121
24123
24322
28122
24124
24323
28123
24125
24324
28124
24126
24325
28125
24127
24326
28126
24128
24327
28127
24129
24328
28128
24130
24329
28129
24131
24330
28130
24132
24331
28131
24133
24332
28132
24134
24333
28133
24135
24334
28134
24136
24335
28135
24137
24336
28136
24138
24337
28137
24139
24338
28138
24140
24339
28139
24141
24340
28140
24142
24341
28141
24143
24342
28142
24144
24343
28143
24145
24344
28144
24146
24345
28145
24147
24346
28146
24148
24347
28147
24149
24348
28148
24150
24349
28149
24151
24350
28150
24152
24351
28151
24153
24352
28152
24154
24353
28153
24155
24354
28154
24156
24355
28155
24157
24356
28156
24158
24357
28157
24159
24358
28158
24160
24359
28159
24161
24360
28160
24162
24361
28161
24163
24362
28162
24164
24363
28163
24165
24364
28164
24166
24365
28165
24167
24366
28166
24168
24367
28167
24169
24368
28168
24170
24369
28169
24171
24370
28170
24172
24371
28171
24173
24372
28172
24174
24373
28173
24175
24374
28174
24176
24375
28175
24177
24376
28176
24178
24377
28177
24179
24378
28178
24180
24379
28179
24181
24380
28180
24182
24381
28181
24183
24382
28182
24184
24383
28183
24185
24384
28184
24186
24385
28185
24187
24386
28186
24188
24387
28187
24189
24388
28188
24190
24389
28189
24191
24390
28190
24192
24391
28191
24193
24392
28192
24194
24393
28193
24195
24394
28194
24196
24395
28195
24197
24396
28196
24198
24397
28197
24199
24398
28198
24399
28199
24201
24400
28200
24202
24401
28201
24203
24402
28202
24204
24403
28203
24205
24404
28204
24206
24405
28205
24207
24406
28206
24208
24407
28207
24209
24408
28208
24210
24409
28209
24211
24410
28210
24212
24411
28211
24213
24412
28212
24214
24413
28213
24215
24414
28214
24216
24415
28215
24217
24416
28216
24218
24417
28217
24219
24418
28218
24220
24419
28219
24221
24420
28220
24222
24421
28221
24223
24422
28222
24224
24423
28223
24225
24424
28224
24226
24425
28225
24227
24426
28226
24228
24427
28227
24229
24428
28228
24230
24429
28229
24231
24430
28230
24232
24431
28231
24233
24432
28232
24234
24433
28233
24235
24434
28234
24236
24435
28235
24237
24436
28236
24238
24437
28237
24239
24438
28238
24240
24439
28239
24241
24440
28240
24242
24441
28241
24243
24442
28242
24244
24443
28243
24245
24444
28244
24246
24445
28245
24247
24446
28246
24248
24447
28247
24249
24448
28248
24250
24449
28249
24251
24450
28250
24252
24451
28251
24253
24452
28252
24254
24453
28253
24255
24454
28254
24256
24455
28255
24257
24456
28256
24258
24457
28257
24259
24458
28258
24260
24459
28259
24261
24460
28260
24262
24461
28261
24263
24462
28262
24264
24463
28263
24265
24464
28264
24266
24465
28265
24267
24466
28266
24268
24467
28267
24269
24468
28268
24270
24469
28269
24271
24470
28270
24272
24471
28271
24273
24472
28272
24274
24473
28273
24275
24474
28274
24276
24475
28275
24277
24476
28276
24278
24477
28277
24279
24478
28278
24280
24479
28279
24281
24480
28280
24282
24481
28281
24283
24482
28282
24284
24483
28283
24285
24484
28284
24286
24485
28285
24287
24486
28286
24288
24487
28287
24289
24488
28288
24290
24489
28289
24291
24490
28290
24292
24491
28291
24293
24492
28292
24294
24493
28293
24295
24494
28294
24296
24495
28295
24297
24496
28296
24298
24497
28297
24299
24498
28298
24300
24499
28299
24301
24500
28300
24302
24501
28301
24303
24502
28302
24304
24503
28303
24305
24504
28304
24306
24505
28305
24307
24506
28306
24308
24507
28307
24309
24508
28308
24310
24509
28309
24311
24510
28310
24312
24511
28311
24313
24512
28312
24314
24513
28313
24315
24514
28314
24316
24515
28315
24317
24516
28316
24318
24517
28317
24319
24518
28318
24320
24519
28319
24321
24520
28320
24322
24521
28321
24323
24522
28322
24324
24523
28323
24325
24524
28324
24326
24525
28325
24327
24526
28326
24328
24527
28327
24329
24528
28328
24330
24529
28329
24331
24530
28330
24332
24531
28331
24333
24532
28332
24334
24533
28333
24335
24534
28334
24336
24535
28335
24337
24536
28336
24338
24537
28337
24339
24538
28338
24340
24539
28339
24341
24540
28340
24342
24541
28341
24343
24542
28342
24344
24543
28343
24345
24544
28344
24346
24545
28345
24347
24546
28346
24348
24547
28347
24349
24548
28348
24350
24549
28349
24351
24550
28350
24352
24551
28351
24353
24552
28352
24354
24553
28353
24355
24554
28354
24356
24555
28355
24357
24556
28356
24358
24557
28357
24359
24558
28358
24360
24559
28359
24361
24560
28360
24362
24561
28361
24363
24562
28362
24364
24563
28363
24365
24564
28364
24366
24565
28365
24367
24566
28366
24368
24567
28367
24369
24568
28368
24370
24569
28369
24371
24570
28370
24372
24571
28371
24373
24572
28372
24374
24573
28373
24375
24574
28374
24376
24575
28375
24377
24576
28376
24378
24577
28377
24379
24578
28378
24380
24579
28379
24381
24580
28380
24382
24581
28381
24383
24582
28382
24384
24583
28383
24385
24584
28384
24386
24585
28385
24387
24586
28386
24388
24587
28387
24389
24588
28388
24390
24589
28389
24391
24590
28390
24392
24591
28391
24393
24592
28392
24394
24593
28393
24395
24594
28394
24396
24595
28395
24397
24596
28396
24398
24597
28397
24399
24598
28398
24599
28399
24401
24600
28400
24402
24601
28401
24403
24602
28402
24404
24603
28403
24405
24604
28404
24406
24605
28405
24407
24606
28406
24408
24607
28407
24409
24608
28408
24410
24609
28409
24411
24610
28410
24412
24611
28411
24413
24612
28412
24414
24613
28413
24415
24614
28414
24416
24615
28415
24417
24616
28416
24418
24617
28417
24419
24618
28418
24420
24619
28419
24421
24620
28420
24422
24621
28421
24423
24622
28422
24424
24623
28423
24425
24624
28424
24426
24625
28425
24427
24626
28426
24428
24627
28427
24429
24628
28428
24430
24629
28429
24431
24630
28430
24432
24631
28431
24433
24632
28432
24434
24633
28433
24435
24634
28434
24436
24635
28435
24437
24636
28436
24438
24637
28437
24439
24638
28438
24440
24639
28439
24441
24640
28440
24442
24641
28441
24443
24642
28442
24444
24643
28443
24445
24644
28444
24446
24645
28445
24447
24646
28446
24448
24647
28447
24449
24648
28448
24450
24649
28449
24451
24650
28450
24452
24651
28451
24453
24652
28452
24454
24653
28453
24455
24654
28454
24456
24655
28455
24457
24656
28456
24458
24657
28457
24459
24658
28458
24460
24659
28459
24461
24660
28460
24462
24661
28461
24463
24662
28462
24464
24663
28463
24465
24664
28464
24466
24665
28465
24467
24666
28466
24468
24667
28467
24469
24668
28468
24470
24669
28469
24471
24670
28470
24472
24671
28471
24473
24672
28472
24474
24673
28473
24475
24674
28474
24476
24675
28475
24477
24676
28476
24478
24677
28477
24479
24678
28478
24480
24679
28479
24481
24680
28480
24482
24681
28481
24483
24682
28482
24484
24683
28483
24485
24684
28484
24486
24685
28485
24487
24686
28486
24488
24687
28487
24489
24688
28488
24490
24689
28489
24491
24690
28490
24492
24691
28491
24493
24692
28492
24494
24693
28493
24495
24694
28494
24496
24695
28495
24497
24696
28496
24498
24697
28497
24499
24698
28498
24500
24699
28499
24501
24700
28500
24502
24701
28501
24503
24702
28502
24504
24703
28503
24505
24704
28504
24506
24705
28505
24507
24706
28506
24508
24707
28507
24509
24708
28508
24510
24709
28509
24511
24710
28510
24512
24711
28511
24513
24712
28512
24514
24713
28513
24515
24714
28514
24516
24715
28515
24517
24716
28516
24518
24717
28517
24519
24718
28518
24520
24719
28519
24521
24720
28520
24522
24721
28521
24523
24722
28522
24524
24723
28523
24525
24724
28524
24526
24725
28525
24527
24726
28526
24528
24727
28527
24529
24728
28528
24530
24729
28529
24531
24730
28530
24532
24731
28531
24533
24732
28532
24534
24733
28533
24535
24734
28534
24536
24735
28535
24537
24736
28536
24538
24737
28537
24539
24738
28538
24540
24739
28539
24541
24740
28540
24542
24741
28541
24543
24742
28542
24544
24743
28543
24545
24744
28544
24546
24745
28545
24547
24746
28546
24548
24747
28547
24549
24748
28548
24550
24749
28549
24551
24750
28550
24552
24751
28551
24553
24752
28552
24554
24753
28553
24555
24754
28554
24556
24755
28555
24557
24756
28556
24558
24757
28557
24559
24758
28558
24560
24759
28559
24561
24760
28560
24562
24761
28561
24563
24762
28562
24564
24763
28563
24565
24764
28564
24566
24765
28565
24567
24766
28566
24568
24767
28567
24569
24768
28568
24570
24769
28569
24571
24770
28570
24572
24771
28571
24573
24772
28572
24574
24773
28573
24575
24774
28574
24576
24775
28575
24577
24776
28576
24578
24777
28577
24579
24778
28578
24580
24779
28579
24581
24780
28580
24582
24781
28581
24583
24782
28582
24584
24783
28583
24585
24784
28584
24586
24785
28585
24587
24786
28586
24588
24787
28587
24589
24788
28588
24590
24789
28589
24591
24790
28590
24592
24791
28591
24593
24792
28592
24594
24793
28593
24595
24794
28594
24596
24795
28595
24597
24796
28596
24598
24797
28597
24599
24798
28598
24799
28599
24601
24800
28600
24602
24801
28601
24603
24802
28602
24604
24803
28603
24605
24804
28604
24606
24805
28605
24607
24806
28606
24608
24807
28607
24609
24808
28608
24610
24809
28609
24611
24810
28610
24612
24811
28611
24613
24812
28612
24614
24813
28613
24615
24814
28614
24616
24815
28615
24617
24816
28616
24618
24817
28617
24619
24818
28618
24620
24819
28619
24621
24820
28620
24622
24821
28621
24623
24822
28622
24624
24823
28623
24625
24824
28624
24626
24825
28625
24627
24826
28626
24628
24827
28627
24629
24828
28628
24630
24829
28629
24631
24830
28630
24632
24831
28631
24633
24832
28632
24634
24833
28633
24635
24834
28634
24636
24835
28635
24637
24836
28636
24638
24837
28637
24639
24838
28638
24640
24839
28639
24641
24840
28640
24642
24841
28641
24643
24842
28642
24644
24843
28643
24645
24844
28644
24646
24845
28645
24647
24846
28646
24648
24847
28647
24649
24848
28648
24650
24849
28649
24651
24850
28650
24652
24851
28651
24653
24852
28652
24654
24853
28653
24655
24854
28654
24656
24855
28655
24657
24856
28656
24658
24857
28657
24659
24858
28658
24660
24859
28659
24661
24860
28660
24662
24861
28661
24663
24862
28662
24664
24863
28663
24665
24864
28664
24666
24865
28665
24667
24866
28666
24668
24867
28667
24669
24868
28668
24670
24869
28669
24671
24870
28670
24672
24871
28671
24673
24872
28672
24674
24873
28673
24675
24874
28674
24676
24875
28675
24677
24876
28676
24678
24877
28677
24679
24878
28678
24680
24879
28679
24681
24880
28680
24682
24881
28681
24683
24882
28682
24684
24883
28683
24685
24884
28684
24686
24885
28685
24687
24886
28686
24688
24887
28687
24689
24888
28688
24690
24889
28689
24691
24890
28690
24692
24891
28691
24693
24892
28692
24694
24893
28693
24695
24894
28694
24696
24895
28695
24697
24896
28696
24698
24897
28697
24699
24898
28698
24700
24899
28699
24701
24900
28700
24702
24901
28701
24703
24902
28702
24704
24903
28703
24705
24904
28704
24706
24905
28705
24707
24906
28706
24708
24907
28707
24709
24908
28708
24710
24909
28709
24711
24910
28710
24712
24911
28711
24713
24912
28712
24714
24913
28713
24715
24914
28714
24716
24915
28715
24717
24916
28716
24718
24917
28717
24719
24918
28718
24720
24919
28719
24721
24920
28720
24722
24921
28721
24723
24922
28722
24724
24923
28723
24725
24924
28724
24726
24925
28725
24727
24926
28726
24728
24927
28727
24729
24928
28728
24730
24929
28729
24731
24930
28730
24732
24931
28731
24733
24932
28732
24734
24933
28733
24735
24934
28734
24736
24935
28735
24737
24936
28736
24738
24937
28737
24739
24938
28738
24740
24939
28739
24741
24940
28740
24742
24941
28741
24743
24942
28742
24744
24943
28743
24745
24944
28744
24746
24945
28745
24747
24946
28746
24748
24947
28747
24749
24948
28748
24750
24949
28749
24751
24950
28750
24752
24951
28751
24753
24952
28752
24754
24953
28753
24755
24954
28754
24756
24955
28755
24757
24956
28756
24758
24957
28757
24759
24958
28758
24760
24959
28759
24761
24960
28760
24762
24961
28761
24763
24962
28762
24764
24963
28763
24765
24964
28764
24766
24965
28765
24767
24966
28766
24768
24967
28767
24769
24968
28768
24770
24969
28769
24771
24970
28770
24772
24971
28771
24773
24972
28772
24774
24973
28773
24775
24974
28774
24776
24975
28775
24777
24976
28776
24778
24977
28777
24779
24978
28778
24780
24979
28779
24781
24980
28780
24782
24981
28781
24783
24982
28782
24784
24983
28783
24785
24984
28784
24786
24985
28785
24787
24986
28786
24788
24987
28787
24789
24988
28788
24790
24989
28789
24791
24990
28790
24792
24991
28791
24793
24992
28792
24794
24993
28793
24795
24994
28794
24796
24995
28795
24797
24996
28796
24798
24997
28797
24799
24998
28798
24999
28799
24801
25000
28800
24802
25001
28801
24803
25002
28802
24804
25003
28803
24805
25004
28804
24806
25005
28805
24807
25006
28806
24808
25007
28807
24809
25008
28808
24810
25009
28809
24811
25010
28810
24812
25011
28811
24813
25012
28812
24814
25013
28813
24815
25014
28814
24816
25015
28815
24817
25016
28816
24818
25017
28817
24819
25018
28818
24820
25019
28819
24821
25020
28820
24822
25021
28821
24823
25022
28822
24824
25023
28823
24825
25024
28824
24826
25025
28825
24827
25026
28826
24828
25027
28827
24829
25028
28828
24830
25029
28829
24831
25030
28830
24832
25031
28831
24833
25032
28832
24834
25033
28833
24835
25034
28834
24836
25035
28835
24837
25036
28836
24838
25037
28837
24839
25038
28838
24840
25039
28839
24841
25040
28840
24842
25041
28841
24843
25042
28842
24844
25043
28843
24845
25044
28844
24846
25045
28845
24847
25046
28846
24848
25047
28847
24849
25048
28848
24850
25049
28849
24851
25050
28850
24852
25051
28851
24853
25052
28852
24854
25053
28853
24855
25054
28854
24856
25055
28855
24857
25056
28856
24858
25057
28857
24859
25058
28858
24860
25059
28859
24861
25060
28860
24862
25061
28861
24863
25062
28862
24864
25063
28863
24865
25064
28864
24866
25065
28865
24867
25066
28866
24868
25067
28867
24869
25068
28868
24870
25069
28869
24871
25070
28870
24872
25071
28871
24873
25072
28872
24874
25073
28873
24875
25074
28874
24876
25075
28875
24877
25076
28876
24878
25077
28877
24879
25078
28878
24880
25079
28879
24881
25080
28880
24882
25081
28881
24883
25082
28882
24884
25083
28883
24885
25084
28884
24886
25085
28885
24887
25086
28886
24888
25087
28887
24889
25088
28888
24890
25089
28889
24891
25090
28890
24892
25091
28891
24893
25092
28892
24894
25093
28893
24895
25094
28894
24896
25095
28895
24897
25096
28896
24898
25097
28897
24899
25098
28898
24900
25099
28899
24901
25100
28900
24902
25101
28901
24903
25102
28902
24904
25103
28903
24905
25104
28904
24906
25105
28905
24907
25106
28906
24908
25107
28907
24909
25108
28908
24910
25109
28909
24911
25110
28910
24912
25111
28911
24913
25112
28912
24914
25113
28913
24915
25114
28914
24916
25115
28915
24917
25116
28916
24918
25117
28917
24919
25118
28918
24920
25119
28919
24921
25120
28920
24922
25121
28921
24923
25122
28922
24924
25123
28923
24925
25124
28924
24926
25125
28925
24927
25126
28926
24928
25127
28927
24929
25128
28928
24930
25129
28929
24931
25130
28930
24932
25131
28931
24933
25132
28932
24934
25133
28933
24935
25134
28934
24936
25135
28935
24937
25136
28936
24938
25137
28937
24939
25138
28938
24940
25139
28939
24941
25140
28940
24942
25141
28941
24943
25142
28942
24944
25143
28943
24945
25144
28944
24946
25145
28945
24947
25146
28946
24948
25147
28947
24949
25148
28948
24950
25149
28949
24951
25150
28950
24952
25151
28951
24953
25152
28952
24954
25153
28953
24955
25154
28954
24956
25155
28955
24957
25156
28956
24958
25157
28957
24959
25158
28958
24960
25159
28959
24961
25160
28960
24962
25161
28961
24963
25162
28962
24964
25163
28963
24965
25164
28964
24966
25165
28965
24967
25166
28966
24968
25167
28967
24969
25168
28968
24970
25169
28969
24971
25170
28970
24972
25171
28971
24973
25172
28972
24974
25173
28973
24975
25174
28974
24976
25175
28975
24977
25176
28976
24978
25177
28977
24979
25178
28978
24980
25179
28979
24981
25180
28980
24982
25181
28981
24983
25182
28982
24984
25183
28983
24985
25184
28984
24986
25185
28985
24987
25186
28986
24988
25187
28987
24989
25188
28988
24990
25189
28989
24991
25190
28990
24992
25191
28991
24993
25192
28992
24994
25193
28993
24995
25194
28994
24996
25195
28995
24997
25196
28996
24998
25197
28997
24999
25198
28998
25199
28999
25001
25200
29000
25002
25201
29001
25003
25202
29002
25004
25203
29003
25005
25204
29004
25006
25205
29005
25007
25206
29006
25008
25207
29007
25009
25208
29008
25010
25209
29009
25011
25210
29010
25012
25211
29011
25013
25212
29012
25014
25213
29013
25015
25214
29014
25016
25215
29015
25017
25216
29016
25018
25217
29017
25019
25218
29018
25020
25219
29019
25021
25220
29020
25022
25221
29021
25023
25222
29022
25024
25223
29023
25025
25224
29024
25026
25225
29025
25027
25226
29026
25028
25227
29027
25029
25228
29028
25030
25229
29029
25031
25230
29030
25032
25231
29031
25033
25232
29032
25034
25233
29033
25035
25234
29034
25036
25235
29035
25037
25236
29036
25038
25237
29037
25039
25238
29038
25040
25239
29039
25041
25240
29040
25042
25241
29041
25043
25242
29042
25044
25243
29043
25045
25244
29044
25046
25245
29045
25047
25246
29046
25048
25247
29047
25049
25248
29048
25050
25249
29049
25051
25250
29050
25052
25251
29051
25053
25252
29052
25054
25253
29053
25055
25254
29054
25056
25255
29055
25057
25256
29056
25058
25257
29057
25059
25258
29058
25060
25259
29059
25061
25260
29060
25062
25261
29061
25063
25262
29062
25064
25263
29063
25065
25264
29064
25066
25265
29065
25067
25266
29066
25068
25267
29067
25069
25268
29068
25070
25269
29069
25071
25270
29070
25072
25271
29071
25073
25272
29072
25074
25273
29073
25075
25274
29074
25076
25275
29075
25077
25276
29076
25078
25277
29077
25079
25278
29078
25080
25279
29079
25081
25280
29080
25082
25281
29081
25083
25282
29082
25084
25283
29083
25085
25284
29084
25086
25285
29085
25087
25286
29086
25088
25287
29087
25089
25288
29088
25090
25289
29089
25091
25290
29090
25092
25291
29091
25093
25292
29092
25094
25293
29093
25095
25294
29094
25096
25295
29095
25097
25296
29096
25098
25297
29097
25099
25298
29098
25100
25299
29099
25101
25300
29100
25102
25301
29101
25103
25302
29102
25104
25303
29103
25105
25304
29104
25106
25305
29105
25107
25306
29106
25108
25307
29107
25109
25308
29108
25110
25309
29109
25111
25310
29110
25112
25311
29111
25113
25312
29112
25114
25313
29113
25115
25314
29114
25116
25315
29115
25117
25316
29116
25118
25317
29117
25119
25318
29118
25120
25319
29119
25121
25320
29120
25122
25321
29121
25123
25322
29122
25124
25323
29123
25125
25324
29124
25126
25325
29125
25127
25326
29126
25128
25327
29127
25129
25328
29128
25130
25329
29129
25131
25330
29130
25132
25331
29131
25133
25332
29132
25134
25333
29133
25135
25334
29134
25136
25335
29135
25137
25336
29136
25138
25337
29137
25139
25338
29138
25140
25339
29139
25141
25340
29140
25142
25341
29141
25143
25342
29142
25144
25343
29143
25145
25344
29144
25146
25345
29145
25147
25346
29146
25148
25347
29147
25149
25348
29148
25150
25349
29149
25151
25350
29150
25152
25351
29151
25153
25352
29152
25154
25353
29153
25155
25354
29154
25156
25355
29155
25157
25356
29156
25158
25357
29157
25159
25358
29158
25160
25359
29159
25161
25360
29160
25162
25361
29161
25163
25362
29162
25164
25363
29163
25165
25364
29164
25166
25365
29165
25167
25366
29166
25168
25367
29167
25169
25368
29168
25170
25369
29169
25171
25370
29170
25172
25371
29171
25173
25372
29172
25174
25373
29173
25175
25374
29174
25176
25375
29175
25177
25376
29176
25178
25377
29177
25179
25378
29178
25180
25379
29179
25181
25380
29180
25182
25381
29181
25183
25382
29182
25184
25383
29183
25185
25384
29184
25186
25385
29185
25187
25386
29186
25188
25387
29187
25189
25388
29188
25190
25389
29189
25191
25390
29190
25192
25391
29191
25193
25392
29192
25194
25393
29193
25195
25394
29194
25196
25395
29195
25197
25396
29196
25198
25397
29197
25199
25398
29198
25399
29199
25201
25400
29200
25202
25401
29201
25203
25402
29202
25204
25403
29203
25205
25404
29204
25206
25405
29205
25207
25406
29206
25208
25407
29207
25209
25408
29208
25210
25409
29209
25211
25410
29210
25212
25411
29211
25213
25412
29212
25214
25413
29213
25215
25414
29214
25216
25415
29215
25217
25416
29216
25218
25417
29217
25219
25418
29218
25220
25419
29219
25221
25420
29220
25222
25421
29221
25223
25422
29222
25224
25423
29223
25225
25424
29224
25226
25425
29225
25227
25426
29226
25228
25427
29227
25229
25428
29228
25230
25429
29229
25231
25430
29230
25232
25431
29231
25233
25432
29232
25234
25433
29233
25235
25434
29234
25236
25435
29235
25237
25436
29236
25238
25437
29237
25239
25438
29238
25240
25439
29239
25241
25440
29240
25242
25441
29241
25243
25442
29242
25244
25443
29243
25245
25444
29244
25246
25445
29245
25247
25446
29246
25248
25447
29247
25249
25448
29248
25250
25449
29249
25251
25450
29250
25252
25451
29251
25253
25452
29252
25254
25453
29253
25255
25454
29254
25256
25455
29255
25257
25456
29256
25258
25457
29257
25259
25458
29258
25260
25459
29259
25261
25460
29260
25262
25461
29261
25263
25462
29262
25264
25463
29263
25265
25464
29264
25266
25465
29265
25267
25466
29266
25268
25467
29267
25269
25468
29268
25270
25469
29269
25271
25470
29270
25272
25471
29271
25273
25472
29272
25274
25473
29273
25275
25474
29274
25276
25475
29275
25277
25476
29276
25278
25477
29277
25279
25478
29278
25280
25479
29279
25281
25480
29280
25282
25481
29281
25283
25482
29282
25284
25483
29283
25285
25484
29284
25286
25485
29285
25287
25486
29286
25288
25487
29287
25289
25488
29288
25290
25489
29289
25291
25490
29290
25292
25491
29291
25293
25492
29292
25294
25493
29293
25295
25494
29294
25296
25495
29295
25297
25496
29296
25298
25497
29297
25299
25498
29298
25300
25499
29299
25301
25500
29300
25302
25501
29301
25303
25502
29302
25304
25503
29303
25305
25504
29304
25306
25505
29305
25307
25506
29306
25308
25507
29307
25309
25508
29308
25310
25509
29309
25311
25510
29310
25312
25511
29311
25313
25512
29312
25314
25513
29313
25315
25514
29314
25316
25515
29315
25317
25516
29316
25318
25517
29317
25319
25518
29318
25320
25519
29319
25321
25520
29320
25322
25521
29321
25323
25522
29322
25324
25523
29323
25325
25524
29324
25326
25525
29325
25327
25526
29326
25328
25527
29327
25329
25528
29328
25330
25529
29329
25331
25530
29330
25332
25531
29331
25333
25532
29332
25334
25533
29333
25335
25534
29334
25336
25535
29335
25337
25536
29336
25338
25537
29337
25339
25538
29338
25340
25539
29339
25341
25540
29340
25342
25541
29341
25343
25542
29342
25344
25543
29343
25345
25544
29344
25346
25545
29345
25347
25546
29346
25348
25547
29347
25349
25548
29348
25350
25549
29349
25351
25550
29350
25352
25551
29351
25353
25552
29352
25354
25553
29353
25355
25554
29354
25356
25555
29355
25357
25556
29356
25358
25557
29357
25359
25558
29358
25360
25559
29359
25361
25560
29360
25362
25561
29361
25363
25562
29362
25364
25563
29363
25365
25564
29364
25366
25565
29365
25367
25566
29366
25368
25567
29367
25369
25568
29368
25370
25569
29369
25371
25570
29370
25372
25571
29371
25373
25572
29372
25374
25573
29373
25375
25574
29374
25376
25575
29375
25377
25576
29376
25378
25577
29377
25379
25578
29378
25380
25579
29379
25381
25580
29380
25382
25581
29381
25383
25582
29382
25384
25583
29383
25385
25584
29384
25386
25585
29385
25387
25586
29386
25388
25587
29387
25389
25588
29388
25390
25589
29389
25391
25590
29390
25392
25591
29391
25393
25592
29392
25394
25593
29393
25395
25594
29394
25396
25595
29395
25397
25596
29396
25398
25597
29397
25399
25598
29398
25599
29399
25401
25600
29400
25402
25601
29401
25403
25602
29402
25404
25603
29403
25405
25604
29404
25406
25605
29405
25407
25606
29406
25408
25607
29407
25409
25608
29408
25410
25609
29409
25411
25610
29410
25412
25611
29411
25413
25612
29412
25414
25613
29413
25415
25614
29414
25416
25615
29415
25417
25616
29416
25418
25617
29417
25419
25618
29418
25420
25619
29419
25421
25620
29420
25422
25621
29421
25423
25622
29422
25424
25623
29423
25425
25624
29424
25426
25625
29425
25427
25626
29426
25428
25627
29427
25429
25628
29428
25430
25629
29429
25431
25630
29430
25432
25631
29431
25433
25632
29432
25434
25633
29433
25435
25634
29434
25436
25635
29435
25437
25636
29436
25438
25637
29437
25439
25638
29438
25440
25639
29439
25441
25640
29440
25442
25641
29441
25443
25642
29442
25444
25643
29443
25445
25644
29444
25446
25645
29445
25447
25646
29446
25448
25647
29447
25449
25648
29448
25450
25649
29449
25451
25650
29450
25452
25651
29451
25453
25652
29452
25454
25653
29453
25455
25654
29454
25456
25655
29455
25457
25656
29456
25458
25657
29457
25459
25658
29458
25460
25659
29459
25461
25660
29460
25462
25661
29461
25463
25662
29462
25464
25663
29463
25465
25664
29464
25466
25665
29465
25467
25666
29466
25468
25667
29467
25469
25668
29468
25470
25669
29469
25471
25670
29470
25472
25671
29471
25473
25672
29472
25474
25673
29473
25475
25674
29474
25476
25675
29475
25477
25676
29476
25478
25677
29477
25479
25678
29478
25480
25679
29479
25481
25680
29480
25482
25681
29481
25483
25682
29482
25484
25683
29483
25485
25684
29484
25486
25685
29485
25487
25686
29486
25488
25687
29487
25489
25688
29488
25490
25689
29489
25491
25690
29490
25492
25691
29491
25493
25692
29492
25494
25693
29493
25495
25694
29494
25496
25695
29495
25497
25696
29496
25498
25697
29497
25499
25698
29498
25500
25699
29499
25501
25700
29500
25502
25701
29501
25503
25702
29502
25504
25703
29503
25505
25704
29504
25506
25705
29505
25507
25706
29506
25508
25707
29507
25509
25708
29508
25510
25709
29509
25511
25710
29510
25512
25711
29511
25513
25712
29512
25514
25713
29513
25515
25714
29514
25516
25715
29515
25517
25716
29516
25518
25717
29517
25519
25718
29518
25520
25719
29519
25521
25720
29520
25522
25721
29521
25523
25722
29522
25524
25723
29523
25525
25724
29524
25526
25725
29525
25527
25726
29526
25528
25727
29527
25529
25728
29528
25530
25729
29529
25531
25730
29530
25532
25731
29531
25533
25732
29532
25534
25733
29533
25535
25734
29534
25536
25735
29535
25537
25736
29536
25538
25737
29537
25539
25738
29538
25540
25739
29539
25541
25740
29540
25542
25741
29541
25543
25742
29542
25544
25743
29543
25545
25744
29544
25546
25745
29545
25547
25746
29546
25548
25747
29547
25549
25748
29548
25550
25749
29549
25551
25750
29550
25552
25751
29551
25553
25752
29552
25554
25753
29553
25555
25754
29554
25556
25755
29555
25557
25756
29556
25558
25757
29557
25559
25758
29558
25560
25759
29559
25561
25760
29560
25562
25761
29561
25563
25762
29562
25564
25763
29563
25565
25764
29564
25566
25765
29565
25567
25766
29566
25568
25767
29567
25569
25768
29568
25570
25769
29569
25571
25770
29570
25572
25771
29571
25573
25772
29572
25574
25773
29573
25575
25774
29574
25576
25775
29575
25577
25776
29576
25578
25777
29577
25579
25778
29578
25580
25779
29579
25581
25780
29580
25582
25781
29581
25583
25782
29582
25584
25783
29583
25585
25784
29584
25586
25785
29585
25587
25786
29586
25588
25787
29587
25589
25788
29588
25590
25789
29589
25591
25790
29590
25592
25791
29591
25593
25792
29592
25594
25793
29593
25595
25794
29594
25596
25795
29595
25597
25796
29596
25598
25797
29597
25599
25798
29598
25799
29599
25601
25800
29600
25602
25801
29601
25603
25802
29602
25604
25803
29603
25605
25804
29604
25606
25805
29605
25607
25806
29606
25608
25807
29607
25609
25808
29608
25610
25809
29609
25611
25810
29610
25612
25811
29611
25613
25812
29612
25614
25813
29613
25615
25814
29614
25616
25815
29615
25617
25816
29616
25618
25817
29617
25619
25818
29618
25620
25819
29619
25621
25820
29620
25622
25821
29621
25623
25822
29622
25624
25823
29623
25625
25824
29624
25626
25825
29625
25627
25826
29626
25628
25827
29627
25629
25828
29628
25630
25829
29629
25631
25830
29630
25632
25831
29631
25633
25832
29632
25634
25833
29633
25635
25834
29634
25636
25835
29635
25637
25836
29636
25638
25837
29637
25639
25838
29638
25640
25839
29639
25641
25840
29640
25642
25841
29641
25643
25842
29642
25644
25843
29643
25645
25844
29644
25646
25845
29645
25647
25846
29646
25648
25847
29647
25649
25848
29648
25650
25849
29649
25651
25850
29650
25652
25851
29651
25653
25852
29652
25654
25853
29653
25655
25854
29654
25656
25855
29655
25657
25856
29656
25658
25857
29657
25659
25858
29658
25660
25859
29659
25661
25860
29660
25662
25861
29661
25663
25862
29662
25664
25863
29663
25665
25864
29664
25666
25865
29665
25667
25866
29666
25668
25867
29667
25669
25868
29668
25670
25869
29669
25671
25870
29670
25672
25871
29671
25673
25872
29672
25674
25873
29673
25675
25874
29674
25676
25875
29675
25677
25876
29676
25678
25877
29677
25679
25878
29678
25680
25879
29679
25681
25880
29680
25682
25881
29681
25683
25882
29682
25684
25883
29683
25685
25884
29684
25686
25885
29685
25687
25886
29686
25688
25887
29687
25689
25888
29688
25690
25889
29689
25691
25890
29690
25692
25891
29691
25693
25892
29692
25694
25893
29693
25695
25894
29694
25696
25895
29695
25697
25896
29696
25698
25897
29697
25699
25898
29698
25700
25899
29699
25701
25900
29700
25702
25901
29701
25703
25902
29702
25704
25903
29703
25705
25904
29704
25706
25905
29705
25707
25906
29706
25708
25907
29707
25709
25908
29708
25710
25909
29709
25711
25910
29710
25712
25911
29711
25713
25912
29712
25714
25913
29713
25715
25914
29714
25716
25915
29715
25717
25916
29716
25718
25917
29717
25719
25918
29718
25720
25919
29719
25721
25920
29720
25722
25921
29721
25723
25922
29722
25724
25923
29723
25725
25924
29724
25726
25925
29725
25727
25926
29726
25728
25927
29727
25729
25928
29728
25730
25929
29729
25731
25930
29730
25732
25931
29731
25733
25932
29732
25734
25933
29733
25735
25934
29734
25736
25935
29735
25737
25936
29736
25738
25937
29737
25739
25938
29738
25740
25939
29739
25741
25940
29740
25742
25941
29741
25743
25942
29742
25744
25943
29743
25745
25944
29744
25746
25945
29745
25747
25946
29746
25748
25947
29747
25749
25948
29748
25750
25949
29749
25751
25950
29750
25752
25951
29751
25753
25952
29752
25754
25953
29753
25755
25954
29754
25756
25955
29755
25757
25956
29756
25758
25957
29757
25759
25958
29758
25760
25959
29759
25761
25960
29760
25762
25961
29761
25763
25962
29762
25764
25963
29763
25765
25964
29764
25766
25965
29765
25767
25966
29766
25768
25967
29767
25769
25968
29768
25770
25969
29769
25771
25970
29770
25772
25971
29771
25773
25972
29772
25774
25973
29773
25775
25974
29774
25776
25975
29775
25777
25976
29776
25778
25977
29777
25779
25978
29778
25780
25979
29779
25781
25980
29780
25782
25981
29781
25783
25982
29782
25784
25983
29783
25785
25984
29784
25786
25985
29785
25787
25986
29786
25788
25987
29787
25789
25988
29788
25790
25989
29789
25791
25990
29790
25792
25991
29791
25793
25992
29792
25794
25993
29793
25795
25994
29794
25796
25995
29795
25797
25996
29796
25798
25997
29797
25799
25998
29798
25999
29799
25801
26000
29800
25802
26001
29801
25803
26002
29802
25804
26003
29803
25805
26004
29804
25806
26005
29805
25807
26006
29806
25808
26007
29807
25809
26008
29808
25810
26009
29809
25811
26010
29810
25812
26011
29811
25813
26012
29812
25814
26013
29813
25815
26014
29814
25816
26015
29815
25817
26016
29816
25818
26017
29817
25819
26018
29818
25820
26019
29819
25821
26020
29820
25822
26021
29821
25823
26022
29822
25824
26023
29823
25825
26024
29824
25826
26025
29825
25827
26026
29826
25828
26027
29827
25829
26028
29828
25830
26029
29829
25831
26030
29830
25832
26031
29831
25833
26032
29832
25834
26033
29833
25835
26034
29834
25836
26035
29835
25837
26036
29836
25838
26037
29837
25839
26038
29838
25840
26039
29839
25841
26040
29840
25842
26041
29841
25843
26042
29842
25844
26043
29843
25845
26044
29844
25846
26045
29845
25847
26046
29846
25848
26047
29847
25849
26048
29848
25850
26049
29849
25851
26050
29850
25852
26051
29851
25853
26052
29852
25854
26053
29853
25855
26054
29854
25856
26055
29855
25857
26056
29856
25858
26057
29857
25859
26058
29858
25860
26059
29859
25861
26060
29860
25862
26061
29861
25863
26062
29862
25864
26063
29863
25865
26064
29864
25866
26065
29865
25867
26066
29866
25868
26067
29867
25869
26068
29868
25870
26069
29869
25871
26070
29870
25872
26071
29871
25873
26072
29872
25874
26073
29873
25875
26074
29874
25876
26075
29875
25877
26076
29876
25878
26077
29877
25879
26078
29878
25880
26079
29879
25881
26080
29880
25882
26081
29881
25883
26082
29882
25884
26083
29883
25885
26084
29884
25886
26085
29885
25887
26086
29886
25888
26087
29887
25889
26088
29888
25890
26089
29889
25891
26090
29890
25892
26091
29891
25893
26092
29892
25894
26093
29893
25895
26094
29894
25896
26095
29895
25897
26096
29896
25898
26097
29897
25899
26098
29898
25900
26099
29899
25901
26100
29900
25902
26101
29901
25903
26102
29902
25904
26103
29903
25905
26104
29904
25906
26105
29905
25907
26106
29906
25908
26107
29907
25909
26108
29908
25910
26109
29909
25911
26110
29910
25912
26111
29911
25913
26112
29912
25914
26113
29913
25915
26114
29914
25916
26115
29915
25917
26116
29916
25918
26117
29917
25919
26118
29918
25920
26119
29919
25921
26120
29920
25922
26121
29921
25923
26122
29922
25924
26123
29923
25925
26124
29924
25926
26125
29925
25927
26126
29926
25928
26127
29927
25929
26128
29928
25930
26129
29929
25931
26130
29930
25932
26131
29931
25933
26132
29932
25934
26133
29933
25935
26134
29934
25936
26135
29935
25937
26136
29936
25938
26137
29937
25939
26138
29938
25940
26139
29939
25941
26140
29940
25942
26141
29941
25943
26142
29942
25944
26143
29943
25945
26144
29944
25946
26145
29945
25947
26146
29946
25948
26147
29947
25949
26148
29948
25950
26149
29949
25951
26150
29950
25952
26151
29951
25953
26152
29952
25954
26153
29953
25955
26154
29954
25956
26155
29955
25957
26156
29956
25958
26157
29957
25959
26158
29958
25960
26159
29959
25961
26160
29960
25962
26161
29961
25963
26162
29962
25964
26163
29963
25965
26164
29964
25966
26165
29965
25967
26166
29966
25968
26167
29967
25969
26168
29968
25970
26169
29969
25971
26170
29970
25972
26171
29971
25973
26172
29972
25974
26173
29973
25975
26174
29974
25976
26175
29975
25977
26176
29976
25978
26177
29977
25979
26178
29978
25980
26179
29979
25981
26180
29980
25982
26181
29981
25983
26182
29982
25984
26183
29983
25985
26184
29984
25986
26185
29985
25987
26186
29986
25988
26187
29987
25989
26188
29988
25990
26189
29989
25991
26190
29990
25992
26191
29991
25993
26192
29992
25994
26193
29993
25995
26194
29994
25996
26195
29995
25997
26196
29996
25998
26197
29997
25999
26198
29998
26199
29999
26001
26200
30000
26002
26201
30001
26003
26202
30002
26004
26203
30003
26005
26204
30004
26006
26205
30005
26007
26206
30006
26008
26207
30007
26009
26208
30008
26010
26209
30009
26011
26210
30010
26012
26211
30011
26013
26212
30012
26014
26213
30013
26015
26214
30014
26016
26215
30015
26017
26216
30016
26018
26217
30017
26019
26218
30018
26020
26219
30019
26021
26220
30020
26022
26221
30021
26023
26222
30022
26024
26223
30023
26025
26224
30024
26026
26225
30025
26027
26226
30026
26028
26227
30027
26029
26228
30028
26030
26229
30029
26031
26230
30030
26032
26231
30031
26033
26232
30032
26034
26233
30033
26035
26234
30034
26036
26235
30035
26037
26236
30036
26038
26237
30037
26039
26238
30038
26040
26239
30039
26041
26240
30040
26042
26241
30041
26043
26242
30042
26044
26243
30043
26045
26244
30044
26046
26245
30045
26047
26246
30046
26048
26247
30047
26049
26248
30048
26050
26249
30049
26051
26250
30050
26052
26251
30051
26053
26252
30052
26054
26253
30053
26055
26254
30054
26056
26255
30055
26057
26256
30056
26058
26257
30057
26059
26258
30058
26060
26259
30059
26061
26260
30060
26062
26261
30061
26063
26262
30062
26064
26263
30063
26065
26264
30064
26066
26265
30065
26067
26266
30066
26068
26267
30067
26069
26268
30068
26070
26269
30069
26071
26270
30070
26072
26271
30071
26073
26272
30072
26074
26273
30073
26075
26274
30074
26076
26275
30075
26077
26276
30076
26078
26277
30077
26079
26278
30078
26080
26279
30079
26081
26280
30080
26082
26281
30081
26083
26282
30082
26084
26283
30083
26085
26284
30084
26086
26285
30085
26087
26286
30086
26088
26287
30087
26089
26288
30088
26090
26289
30089
26091
26290
30090
26092
26291
30091
26093
26292
30092
26094
26293
30093
26095
26294
30094
26096
26295
30095
26097
26296
30096
26098
26297
30097
26099
26298
30098
26100
26299
30099
26101
26300
30100
26102
26301
30101
26103
26302
30102
26104
26303
30103
26105
26304
30104
26106
26305
30105
26107
26306
30106
26108
26307
30107
26109
26308
30108
26110
26309
30109
26111
26310
30110
26112
26311
30111
26113
26312
30112
26114
26313
30113
26115
26314
30114
26116
26315
30115
26117
26316
30116
26118
26317
30117
26119
26318
30118
26120
26319
30119
26121
26320
30120
26122
26321
30121
26123
26322
30122
26124
26323
30123
26125
26324
30124
26126
26325
30125
26127
26326
30126
26128
26327
30127
26129
26328
30128
26130
26329
30129
26131
26330
30130
26132
26331
30131
26133
26332
30132
26134
26333
30133
26135
26334
30134
26136
26335
30135
26137
26336
30136
26138
26337
30137
26139
26338
30138
26140
26339
30139
26141
26340
30140
26142
26341
30141
26143
26342
30142
26144
26343
30143
26145
26344
30144
26146
26345
30145
26147
26346
30146
26148
26347
30147
26149
26348
30148
26150
26349
30149
26151
26350
30150
26152
26351
30151
26153
26352
30152
26154
26353
30153
26155
26354
30154
26156
26355
30155
26157
26356
30156
26158
26357
30157
26159
26358
30158
26160
26359
30159
26161
26360
30160
26162
26361
30161
26163
26362
30162
26164
26363
30163
26165
26364
30164
26166
26365
30165
26167
26366
30166
26168
26367
30167
26169
26368
30168
26170
26369
30169
26171
26370
30170
26172
26371
30171
26173
26372
30172
26174
26373
30173
26175
26374
30174
26176
26375
30175
26177
26376
30176
26178
26377
30177
26179
26378
30178
26180
26379
30179
26181
26380
30180
26182
26381
30181
26183
26382
30182
26184
26383
30183
26185
26384
30184
26186
26385
30185
26187
26386
30186
26188
26387
30187
26189
26388
30188
26190
26389
30189
26191
26390
30190
26192
26391
30191
26193
26392
30192
26194
26393
30193
26195
26394
30194
26196
26395
30195
26197
26396
30196
26198
26397
30197
26199
26398
30198
26399
30199
26201
26400
30200
26202
26401
30201
26203
26402
30202
26204
26403
30203
26205
26404
30204
26206
26405
30205
26207
26406
30206
26208
26407
30207
26209
26408
30208
26210
26409
30209
26211
26410
30210
26212
26411
30211
26213
26412
30212
26214
26413
30213
26215
26414
30214
26216
26415
30215
26217
26416
30216
26218
26417
30217
26219
26418
30218
26220
26419
30219
26221
26420
30220
26222
26421
30221
26223
26422
30222
26224
26423
30223
26225
26424
30224
26226
26425
30225
26227
26426
30226
26228
26427
30227
26229
26428
30228
26230
26429
30229
26231
26430
30230
26232
26431
30231
26233
26432
30232
26234
26433
30233
26235
26434
30234
26236
26435
30235
26237
26436
30236
26238
26437
30237
26239
26438
30238
26240
26439
30239
26241
26440
30240
26242
26441
30241
26243
26442
30242
26244
26443
30243
26245
26444
30244
26246
26445
30245
26247
26446
30246
26248
26447
30247
26249
26448
30248
26250
26449
30249
26251
26450
30250
26252
26451
30251
26253
26452
30252
26254
26453
30253
26255
26454
30254
26256
26455
30255
26257
26456
30256
26258
26457
30257
26259
26458
30258
26260
26459
30259
26261
26460
30260
26262
26461
30261
26263
26462
30262
26264
26463
30263
26265
26464
30264
26266
26465
30265
26267
26466
30266
26268
26467
30267
26269
26468
30268
26270
26469
30269
26271
26470
30270
26272
26471
30271
26273
26472
30272
26274
26473
30273
26275
26474
30274
26276
26475
30275
26277
26476
30276
26278
26477
30277
26279
26478
30278
26280
26479
30279
26281
26480
30280
26282
26481
30281
26283
26482
30282
26284
26483
30283
26285
26484
30284
26286
26485
30285
26287
26486
30286
26288
26487
30287
26289
26488
30288
26290
26489
30289
26291
26490
30290
26292
26491
30291
26293
26492
30292
26294
26493
30293
26295
26494
30294
26296
26495
30295
26297
26496
30296
26298
26497
30297
26299
26498
30298
26300
26499
30299
26301
26500
30300
26302
26501
30301
26303
26502
30302
26304
26503
30303
26305
26504
30304
26306
26505
30305
26307
26506
30306
26308
26507
30307
26309
26508
30308
26310
26509
30309
26311
26510
30310
26312
26511
30311
26313
26512
30312
26314
26513
30313
26315
26514
30314
26316
26515
30315
26317
26516
30316
26318
26517
30317
26319
26518
30318
26320
26519
30319
26321
26520
30320
26322
26521
30321
26323
26522
30322
26324
26523
30323
26325
26524
30324
26326
26525
30325
26327
26526
30326
26328
26527
30327
26329
26528
30328
26330
26529
30329
26331
26530
30330
26332
26531
30331
26333
26532
30332
26334
26533
30333
26335
26534
30334
26336
26535
30335
26337
26536
30336
26338
26537
30337
26339
26538
30338
26340
26539
30339
26341
26540
30340
26342
26541
30341
26343
26542
30342
26344
26543
30343
26345
26544
30344
26346
26545
30345
26347
26546
30346
26348
26547
30347
26349
26548
30348
26350
26549
30349
26351
26550
30350
26352
26551
30351
26353
26552
30352
26354
26553
30353
26355
26554
30354
26356
26555
30355
26357
26556
30356
26358
26557
30357
26359
26558
30358
26360
26559
30359
26361
26560
30360
26362
26561
30361
26363
26562
30362
26364
26563
30363
26365
26564
30364
26366
26565
30365
26367
26566
30366
26368
26567
30367
26369
26568
30368
26370
26569
30369
26371
26570
30370
26372
26571
30371
26373
26572
30372
26374
26573
30373
26375
26574
30374
26376
26575
30375
26377
26576
30376
26378
26577
30377
26379
26578
30378
26380
26579
30379
26381
26580
30380
26382
26581
30381
26383
26582
30382
26384
26583
30383
26385
26584
30384
26386
26585
30385
26387
26586
30386
26388
26587
30387
26389
26588
30388
26390
26589
30389
26391
26590
30390
26392
26591
30391
26393
26592
30392
26394
26593
30393
26395
26594
30394
26396
26595
30395
26397
26596
30396
26398
26597
30397
26399
26598
30398
26599
30399
26401
26600
30400
26402
26601
30401
26403
26602
30402
26404
26603
30403
26405
26604
30404
26406
26605
30405
26407
26606
30406
26408
26607
30407
26409
26608
30408
26410
26609
30409
26411
26610
30410
26412
26611
30411
26413
26612
30412
26414
26613
30413
26415
26614
30414
26416
26615
30415
26417
26616
30416
26418
26617
30417
26419
26618
30418
26420
26619
30419
26421
26620
30420
26422
26621
30421
26423
26622
30422
26424
26623
30423
26425
26624
30424
26426
26625
30425
26427
26626
30426
26428
26627
30427
26429
26628
30428
26430
26629
30429
26431
26630
30430
26432
26631
30431
26433
26632
30432
26434
26633
30433
26435
26634
30434
26436
26635
30435
26437
26636
30436
26438
26637
30437
26439
26638
30438
26440
26639
30439
26441
26640
30440
26442
26641
30441
26443
26642
30442
26444
26643
30443
26445
26644
30444
26446
26645
30445
26447
26646
30446
26448
26647
30447
26449
26648
30448
26450
26649
30449
26451
26650
30450
26452
26651
30451
26453
26652
30452
26454
26653
30453
26455
26654
30454
26456
26655
30455
26457
26656
30456
26458
26657
30457
26459
26658
30458
26460
26659
30459
26461
26660
30460
26462
26661
30461
26463
26662
30462
26464
26663
30463
26465
26664
30464
26466
26665
30465
26467
26666
30466
26468
26667
30467
26469
26668
30468
26470
26669
30469
26471
26670
30470
26472
26671
30471
26473
26672
30472
26474
26673
30473
26475
26674
30474
26476
26675
30475
26477
26676
30476
26478
26677
30477
26479
26678
30478
26480
26679
30479
26481
26680
30480
26482
26681
30481
26483
26682
30482
26484
26683
30483
26485
26684
30484
26486
26685
30485
26487
26686
30486
26488
26687
30487
26489
26688
30488
26490
26689
30489
26491
26690
30490
26492
26691
30491
26493
26692
30492
26494
26693
30493
26495
26694
30494
26496
26695
30495
26497
26696
30496
26498
26697
30497
26499
26698
30498
26500
26699
30499
26501
26700
30500
26502
26701
30501
26503
26702
30502
26504
26703
30503
26505
26704
30504
26506
26705
30505
26507
26706
30506
26508
26707
30507
26509
26708
30508
26510
26709
30509
26511
26710
30510
26512
26711
30511
26513
26712
30512
26514
26713
30513
26515
26714
30514
26516
26715
30515
26517
26716
30516
26518
26717
30517
26519
26718
30518
26520
26719
30519
26521
26720
30520
26522
26721
30521
26523
26722
30522
26524
26723
30523
26525
26724
30524
26526
26725
30525
26527
26726
30526
26528
26727
30527
26529
26728
30528
26530
26729
30529
26531
26730
30530
26532
26731
30531
26533
26732
30532
26534
26733
30533
26535
26734
30534
26536
26735
30535
26537
26736
30536
26538
26737
30537
26539
26738
30538
26540
26739
30539
26541
26740
30540
26542
26741
30541
26543
26742
30542
26544
26743
30543
26545
26744
30544
26546
26745
30545
26547
26746
30546
26548
26747
30547
26549
26748
30548
26550
26749
30549
26551
26750
30550
26552
26751
30551
26553
26752
30552
26554
26753
30553
26555
26754
30554
26556
26755
30555
26557
26756
30556
26558
26757
30557
26559
26758
30558
26560
26759
30559
26561
26760
30560
26562
26761
30561
26563
26762
30562
26564
26763
30563
26565
26764
30564
26566
26765
30565
26567
26766
30566
26568
26767
30567
26569
26768
30568
26570
26769
30569
26571
26770
30570
26572
26771
30571
26573
26772
30572
26574
26773
30573
26575
26774
30574
26576
26775
30575
26577
26776
30576
26578
26777
30577
26579
26778
30578
26580
26779
30579
26581
26780
30580
26582
26781
30581
26583
26782
30582
26584
26783
30583
26585
26784
30584
26586
26785
30585
26587
26786
30586
26588
26787
30587
26589
26788
30588
26590
26789
30589
26591
26790
30590
26592
26791
30591
26593
26792
30592
26594
26793
30593
26595
26794
30594
26596
26795
30595
26597
26796
30596
26598
26797
30597
26599
26798
30598
26799
30599
26601
26800
30600
26602
26801
30601
26603
26802
30602
26604
26803
30603
26605
26804
30604
26606
26805
30605
26607
26806
30606
26608
26807
30607
26609
26808
30608
26610
26809
30609
26611
26810
30610
26612
26811
30611
26613
26812
30612
26614
26813
30613
26615
26814
30614
26616
26815
30615
26617
26816
30616
26618
26817
30617
26619
26818
30618
26620
26819
30619
26621
26820
30620
26622
26821
30621
26623
26822
30622
26624
26823
30623
26625
26824
30624
26626
26825
30625
26627
26826
30626
26628
26827
30627
26629
26828
30628
26630
26829
30629
26631
26830
30630
26632
26831
30631
26633
26832
30632
26634
26833
30633
26635
26834
30634
26636
26835
30635
26637
26836
30636
26638
26837
30637
26639
26838
30638
26640
26839
30639
26641
26840
30640
26642
26841
30641
26643
26842
30642
26644
26843
30643
26645
26844
30644
26646
26845
30645
26647
26846
30646
26648
26847
30647
26649
26848
30648
26650
26849
30649
26651
26850
30650
26652
26851
30651
26653
26852
30652
26654
26853
30653
26655
26854
30654
26656
26855
30655
26657
26856
30656
26658
26857
30657
26659
26858
30658
26660
26859
30659
26661
26860
30660
26662
26861
30661
26663
26862
30662
26664
26863
30663
26665
26864
30664
26666
26865
30665
26667
26866
30666
26668
26867
30667
26669
26868
30668
26670
26869
30669
26671
26870
30670
26672
26871
30671
26673
26872
30672
26674
26873
30673
26675
26874
30674
26676
26875
30675
26677
26876
30676
26678
26877
30677
26679
26878
30678
26680
26879
30679
26681
26880
30680
26682
26881
30681
26683
26882
30682
26684
26883
30683
26685
26884
30684
26686
26885
30685
26687
26886
30686
26688
26887
30687
26689
26888
30688
26690
26889
30689
26691
26890
30690
26692
26891
30691
26693
26892
30692
26694
26893
30693
26695
26894
30694
26696
26895
30695
26697
26896
30696
26698
26897
30697
26699
26898
30698
26700
26899
30699
26701
26900
30700
26702
26901
30701
26703
26902
30702
26704
26903
30703
26705
26904
30704
26706
26905
30705
26707
26906
30706
26708
26907
30707
26709
26908
30708
26710
26909
30709
26711
26910
30710
26712
26911
30711
26713
26912
30712
26714
26913
30713
26715
26914
30714
26716
26915
30715
26717
26916
30716
26718
26917
30717
26719
26918
30718
26720
26919
30719
26721
26920
30720
26722
26921
30721
26723
26922
30722
26724
26923
30723
26725
26924
30724
26726
26925
30725
26727
26926
30726
26728
26927
30727
26729
26928
30728
26730
26929
30729
26731
26930
30730
26732
26931
30731
26733
26932
30732
26734
26933
30733
26735
26934
30734
26736
26935
30735
26737
26936
30736
26738
26937
30737
26739
26938
30738
26740
26939
30739
26741
26940
30740
26742
26941
30741
26743
26942
30742
26744
26943
30743
26745
26944
30744
26746
26945
30745
26747
26946
30746
26748
26947
30747
26749
26948
30748
26750
26949
30749
26751
26950
30750
26752
26951
30751
26753
26952
30752
26754
26953
30753
26755
26954
30754
26756
26955
30755
26757
26956
30756
26758
26957
30757
26759
26958
30758
26760
26959
30759
26761
26960
30760
26762
26961
30761
26763
26962
30762
26764
26963
30763
26765
26964
30764
26766
26965
30765
26767
26966
30766
26768
26967
30767
26769
26968
30768
26770
26969
30769
26771
26970
30770
26772
26971
30771
26773
26972
30772
26774
26973
30773
26775
26974
30774
26776
26975
30775
26777
26976
30776
26778
26977
30777
26779
26978
30778
26780
26979
30779
26781
26980
30780
26782
26981
30781
26783
26982
30782
26784
26983
30783
26785
26984
30784
26786
26985
30785
26787
26986
30786
26788
26987
30787
26789
26988
30788
26790
26989
30789
26791
26990
30790
26792
26991
30791
26793
26992
30792
26794
26993
30793
26795
26994
30794
26796
26995
30795
26797
26996
30796
26798
26997
30797
26799
26998
30798
26999
30799
26801
27000
30800
26802
27001
30801
26803
27002
30802
26804
27003
30803
26805
27004
30804
26806
27005
30805
26807
27006
30806
26808
27007
30807
26809
27008
30808
26810
27009
30809
26811
27010
30810
26812
27011
30811
26813
27012
30812
26814
27013
30813
26815
27014
30814
26816
27015
30815
26817
27016
30816
26818
27017
30817
26819
27018
30818
26820
27019
30819
26821
27020
30820
26822
27021
30821
26823
27022
30822
26824
27023
30823
26825
27024
30824
26826
27025
30825
26827
27026
30826
26828
27027
30827
26829
27028
30828
26830
27029
30829
26831
27030
30830
26832
27031
30831
26833
27032
30832
26834
27033
30833
26835
27034
30834
26836
27035
30835
26837
27036
30836
26838
27037
30837
26839
27038
30838
26840
27039
30839
26841
27040
30840
26842
27041
30841
26843
27042
30842
26844
27043
30843
26845
27044
30844
26846
27045
30845
26847
27046
30846
26848
27047
30847
26849
27048
30848
26850
27049
30849
26851
27050
30850
26852
27051
30851
26853
27052
30852
26854
27053
30853
26855
27054
30854
26856
27055
30855
26857
27056
30856
26858
27057
30857
26859
27058
30858
26860
27059
30859
26861
27060
30860
26862
27061
30861
26863
27062
30862
26864
27063
30863
26865
27064
30864
26866
27065
30865
26867
27066
30866
26868
27067
30867
26869
27068
30868
26870
27069
30869
26871
27070
30870
26872
27071
30871
26873
27072
30872
26874
27073
30873
26875
27074
30874
26876
27075
30875
26877
27076
30876
26878
27077
30877
26879
27078
30878
26880
27079
30879
26881
27080
30880
26882
27081
30881
26883
27082
30882
26884
27083
30883
26885
27084
30884
26886
27085
30885
26887
27086
30886
26888
27087
30887
26889
27088
30888
26890
27089
30889
26891
27090
30890
26892
27091
30891
26893
27092
30892
26894
27093
30893
26895
27094
30894
26896
27095
30895
26897
27096
30896
26898
27097
30897
26899
27098
30898
26900
27099
30899
26901
27100
30900
26902
27101
30901
26903
27102
30902
26904
27103
30903
26905
27104
30904
26906
27105
30905
26907
27106
30906
26908
27107
30907
26909
27108
30908
26910
27109
30909
26911
27110
30910
26912
27111
30911
26913
27112
30912
26914
27113
30913
26915
27114
30914
26916
27115
30915
26917
27116
30916
26918
27117
30917
26919
27118
30918
26920
27119
30919
26921
27120
30920
26922
27121
30921
26923
27122
30922
26924
27123
30923
26925
27124
30924
26926
27125
30925
26927
27126
30926
26928
27127
30927
26929
27128
30928
26930
27129
30929
26931
27130
30930
26932
27131
30931
26933
27132
30932
26934
27133
30933
26935
27134
30934
26936
27135
30935
26937
27136
30936
26938
27137
30937
26939
27138
30938
26940
27139
30939
26941
27140
30940
26942
27141
30941
26943
27142
30942
26944
27143
30943
26945
27144
30944
26946
27145
30945
26947
27146
30946
26948
27147
30947
26949
27148
30948
26950
27149
30949
26951
27150
30950
26952
27151
30951
26953
27152
30952
26954
27153
30953
26955
27154
30954
26956
27155
30955
26957
27156
30956
26958
27157
30957
26959
27158
30958
26960
27159
30959
26961
27160
30960
26962
27161
30961
26963
27162
30962
26964
27163
30963
26965
27164
30964
26966
27165
30965
26967
27166
30966
26968
27167
30967
26969
27168
30968
26970
27169
30969
26971
27170
30970
26972
27171
30971
26973
27172
30972
26974
27173
30973
26975
27174
30974
26976
27175
30975
26977
27176
30976
26978
27177
30977
26979
27178
30978
26980
27179
30979
26981
27180
30980
26982
27181
30981
26983
27182
30982
26984
27183
30983
26985
27184
30984
26986
27185
30985
26987
27186
30986
26988
27187
30987
26989
27188
30988
26990
27189
30989
26991
27190
30990
26992
27191
30991
26993
27192
30992
26994
27193
30993
26995
27194
30994
26996
27195
30995
26997
27196
30996
26998
27197
30997
26999
27198
30998
27199
30999
27001
27200
31000
27002
27201
31001
27003
27202
31002
27004
27203
31003
27005
27204
31004
27006
27205
31005
27007
27206
31006
27008
27207
31007
27009
27208
31008
27010
27209
31009
27011
27210
31010
27012
27211
31011
27013
27212
31012
27014
27213
31013
27015
27214
31014
27016
27215
31015
27017
27216
31016
27018
27217
31017
27019
27218
31018
27020
27219
31019
27021
27220
31020
27022
27221
31021
27023
27222
31022
27024
27223
31023
27025
27224
31024
27026
27225
31025
27027
27226
31026
27028
27227
31027
27029
27228
31028
27030
27229
31029
27031
27230
31030
27032
27231
31031
27033
27232
31032
27034
27233
31033
27035
27234
31034
27036
27235
31035
27037
27236
31036
27038
27237
31037
27039
27238
31038
27040
27239
31039
27041
27240
31040
27042
27241
31041
27043
27242
31042
27044
27243
31043
27045
27244
31044
27046
27245
31045
27047
27246
31046
27048
27247
31047
27049
27248
31048
27050
27249
31049
27051
27250
31050
27052
27251
31051
27053
27252
31052
27054
27253
31053
27055
27254
31054
27056
27255
31055
27057
27256
31056
27058
27257
31057
27059
27258
31058
27060
27259
31059
27061
27260
31060
27062
27261
31061
27063
27262
31062
27064
27263
31063
27065
27264
31064
27066
27265
31065
27067
27266
31066
27068
27267
31067
27069
27268
31068
27070
27269
31069
27071
27270
31070
27072
27271
31071
27073
27272
31072
27074
27273
31073
27075
27274
31074
27076
27275
31075
27077
27276
31076
27078
27277
31077
27079
27278
31078
27080
27279
31079
27081
27280
31080
27082
27281
31081
27083
27282
31082
27084
27283
31083
27085
27284
31084
27086
27285
31085
27087
27286
31086
27088
27287
31087
27089
27288
31088
27090
27289
31089
27091
27290
31090
27092
27291
31091
27093
27292
31092
27094
27293
31093
27095
27294
31094
27096
27295
31095
27097
27296
31096
27098
27297
31097
27099
27298
31098
27100
27299
31099
27101
27300
31100
27102
27301
31101
27103
27302
31102
27104
27303
31103
27105
27304
31104
27106
27305
31105
27107
27306
31106
27108
27307
31107
27109
27308
31108
27110
27309
31109
27111
27310
31110
27112
27311
31111
27113
27312
31112
27114
27313
31113
27115
27314
31114
27116
27315
31115
27117
27316
31116
27118
27317
31117
27119
27318
31118
27120
27319
31119
27121
27320
31120
27122
27321
31121
27123
27322
31122
27124
27323
31123
27125
27324
31124
27126
27325
31125
27127
27326
31126
27128
27327
31127
27129
27328
31128
27130
27329
31129
27131
27330
31130
27132
27331
31131
27133
27332
31132
27134
27333
31133
27135
27334
31134
27136
27335
31135
27137
27336
31136
27138
27337
31137
27139
27338
31138
27140
27339
31139
27141
27340
31140
27142
27341
31141
27143
27342
31142
27144
27343
31143
27145
27344
31144
27146
27345
31145
27147
27346
31146
27148
27347
31147
27149
27348
31148
27150
27349
31149
27151
27350
31150
27152
27351
31151
27153
27352
31152
27154
27353
31153
27155
27354
31154
27156
27355
31155
27157
27356
31156
27158
27357
31157
27159
27358
31158
27160
27359
31159
27161
27360
31160
27162
27361
31161
27163
27362
31162
27164
27363
31163
27165
27364
31164
27166
27365
31165
27167
27366
31166
27168
27367
31167
27169
27368
31168
27170
27369
31169
27171
27370
31170
27172
27371
31171
27173
27372
31172
27174
27373
31173
27175
27374
31174
27176
27375
31175
27177
27376
31176
27178
27377
31177
27179
27378
31178
27180
27379
31179
27181
27380
31180
27182
27381
31181
27183
27382
31182
27184
27383
31183
27185
27384
31184
27186
27385
31185
27187
27386
31186
27188
27387
31187
27189
27388
31188
27190
27389
31189
27191
27390
31190
27192
27391
31191
27193
27392
31192
27194
27393
31193
27195
27394
31194
27196
27395
31195
27197
27396
31196
27198
27397
31197
27199
27398
31198
27399
31199
27201
27400
31200
27202
27401
31201
27203
27402
31202
27204
27403
31203
27205
27404
31204
27206
27405
31205
27207
27406
31206
27208
27407
31207
27209
27408
31208
27210
27409
31209
27211
27410
31210
27212
27411
31211
27213
27412
31212
27214
27413
31213
27215
27414
31214
27216
27415
31215
27217
27416
31216
27218
27417
31217
27219
27418
31218
27220
27419
31219
27221
27420
31220
27222
27421
31221
27223
27422
31222
27224
27423
31223
27225
27424
31224
27226
27425
31225
27227
27426
31226
27228
27427
31227
27229
27428
31228
27230
27429
31229
27231
27430
31230
27232
27431
31231
27233
27432
31232
27234
27433
31233
27235
27434
31234
27236
27435
31235
27237
27436
31236
27238
27437
31237
27239
27438
31238
27240
27439
31239
27241
27440
31240
27242
27441
31241
27243
27442
31242
27244
27443
31243
27245
27444
31244
27246
27445
31245
27247
27446
31246
27248
27447
31247
27249
27448
31248
27250
27449
31249
27251
27450
31250
27252
27451
31251
27253
27452
31252
27254
27453
31253
27255
27454
31254
27256
27455
31255
27257
27456
31256
27258
27457
31257
27259
27458
31258
27260
27459
31259
27261
27460
31260
27262
27461
31261
27263
27462
31262
27264
27463
31263
27265
27464
31264
27266
27465
31265
27267
27466
31266
27268
27467
31267
27269
27468
31268
27270
27469
31269
27271
27470
31270
27272
27471
31271
27273
27472
31272
27274
27473
31273
27275
27474
31274
27276
27475
31275
27277
27476
31276
27278
27477
31277
27279
27478
31278
27280
27479
31279
27281
27480
31280
27282
27481
31281
27283
27482
31282
27284
27483
31283
27285
27484
31284
27286
27485
31285
27287
27486
31286
27288
27487
31287
27289
27488
31288
27290
27489
31289
27291
27490
31290
27292
27491
31291
27293
27492
31292
27294
27493
31293
27295
27494
31294
27296
27495
31295
27297
27496
31296
27298
27497
31297
27299
27498
31298
27300
27499
31299
27301
27500
31300
27302
27501
31301
27303
27502
31302
27304
27503
31303
27305
27504
31304
27306
27505
31305
27307
27506
31306
27308
27507
31307
27309
27508
31308
27310
27509
31309
27311
27510
31310
27312
27511
31311
27313
27512
31312
27314
27513
31313
27315
27514
31314
27316
27515
31315
27317
27516
31316
27318
27517
31317
27319
27518
31318
27320
27519
31319
27321
27520
31320
27322
27521
31321
27323
27522
31322
27324
27523
31323
27325
27524
31324
27326
27525
31325
27327
27526
31326
27328
27527
31327
27329
27528
31328
27330
27529
31329
27331
27530
31330
27332
27531
31331
27333
27532
31332
27334
27533
31333
27335
27534
31334
27336
27535
31335
27337
27536
31336
27338
27537
31337
27339
27538
31338
27340
27539
31339
27341
27540
31340
27342
27541
31341
27343
27542
31342
27344
27543
31343
27345
27544
31344
27346
27545
31345
27347
27546
31346
27348
27547
31347
27349
27548
31348
27350
27549
31349
27351
27550
31350
27352
27551
31351
27353
27552
31352
27354
27553
31353
27355
27554
31354
27356
27555
31355
27357
27556
31356
27358
27557
31357
27359
27558
31358
27360
27559
31359
27361
27560
31360
27362
27561
31361
27363
27562
31362
27364
27563
31363
27365
27564
31364
27366
27565
31365
27367
27566
31366
27368
27567
31367
27369
27568
31368
27370
27569
31369
27371
27570
31370
27372
27571
31371
27373
27572
31372
27374
27573
31373
27375
27574
31374
27376
27575
31375
27377
27576
31376
27378
27577
31377
27379
27578
31378
27380
27579
31379
27381
27580
31380
27382
27581
31381
27383
27582
31382
27384
27583
31383
27385
27584
31384
27386
27585
31385
27387
27586
31386
27388
27587
31387
27389
27588
31388
27390
27589
31389
27391
27590
31390
27392
27591
31391
27393
27592
31392
27394
27593
31393
27395
27594
31394
27396
27595
31395
27397
27596
31396
27398
27597
31397
27399
27598
31398
27599
31399
27401
27600
31400
27402
27601
31401
27403
27602
31402
27404
27603
31403
27405
27604
31404
27406
27605
31405
27407
27606
31406
27408
27607
31407
27409
27608
31408
27410
27609
31409
27411
27610
31410
27412
27611
31411
27413
27612
31412
27414
27613
31413
27415
27614
31414
27416
27615
31415
27417
27616
31416
27418
27617
31417
27419
27618
31418
27420
27619
31419
27421
27620
31420
27422
27621
31421
27423
27622
31422
27424
27623
31423
27425
27624
31424
27426
27625
31425
27427
27626
31426
27428
27627
31427
27429
27628
31428
27430
27629
31429
27431
27630
31430
27432
27631
31431
27433
27632
31432
27434
27633
31433
27435
27634
31434
27436
27635
31435
27437
27636
31436
27438
27637
31437
27439
27638
31438
27440
27639
31439
27441
27640
31440
27442
27641
31441
27443
27642
31442
27444
27643
31443
27445
27644
31444
27446
27645
31445
27447
27646
31446
27448
27647
31447
27449
27648
31448
27450
27649
31449
27451
27650
31450
27452
27651
31451
27453
27652
31452
27454
27653
31453
27455
27654
31454
27456
27655
31455
27457
27656
31456
27458
27657
31457
27459
27658
31458
27460
27659
31459
27461
27660
31460
27462
27661
31461
27463
27662
31462
27464
27663
31463
27465
27664
31464
27466
27665
31465
27467
27666
31466
27468
27667
31467
27469
27668
31468
27470
27669
31469
27471
27670
31470
27472
27671
31471
27473
27672
31472
27474
27673
31473
27475
27674
31474
27476
27675
31475
27477
27676
31476
27478
27677
31477
27479
27678
31478
27480
27679
31479
27481
27680
31480
27482
27681
31481
27483
27682
31482
27484
27683
31483
27485
27684
31484
27486
27685
31485
27487
27686
31486
27488
27687
31487
27489
27688
31488
27490
27689
31489
27491
27690
31490
27492
27691
31491
27493
27692
31492
27494
27693
31493
27495
27694
31494
27496
27695
31495
27497
27696
31496
27498
27697
31497
27499
27698
31498
27500
27699
31499
27501
27700
31500
27502
27701
31501
27503
27702
31502
27504
27703
31503
27505
27704
31504
27506
27705
31505
27507
27706
31506
27508
27707
31507
27509
27708
31508
27510
27709
31509
27511
27710
31510
27512
27711
31511
27513
27712
31512
27514
27713
31513
27515
27714
31514
27516
27715
31515
27517
27716
31516
27518
27717
31517
27519
27718
31518
27520
27719
31519
27521
27720
31520
27522
27721
31521
27523
27722
31522
27524
27723
31523
27525
27724
31524
27526
27725
31525
27527
27726
31526
27528
27727
31527
27529
27728
31528
27530
27729
31529
27531
27730
31530
27532
27731
31531
27533
27732
31532
27534
27733
31533
27535
27734
31534
27536
27735
31535
27537
27736
31536
27538
27737
31537
27539
27738
31538
27540
27739
31539
27541
27740
31540
27542
27741
31541
27543
27742
31542
27544
27743
31543
27545
27744
31544
27546
27745
31545
27547
27746
31546
27548
27747
31547
27549
27748
31548
27550
27749
31549
27551
27750
31550
27552
27751
31551
27553
27752
31552
27554
27753
31553
27555
27754
31554
27556
27755
31555
27557
27756
31556
27558
27757
31557
27559
27758
31558
27560
27759
31559
27561
27760
31560
27562
27761
31561
27563
27762
31562
27564
27763
31563
27565
27764
31564
27566
27765
31565
27567
27766
31566
27568
27767
31567
27569
27768
31568
27570
27769
31569
27571
27770
31570
27572
27771
31571
27573
27772
31572
27574
27773
31573
27575
27774
31574
27576
27775
31575
27577
27776
31576
27578
27777
31577
27579
27778
31578
27580
27779
31579
27581
27780
31580
27582
27781
31581
27583
27782
31582
27584
27783
31583
27585
27784
31584
27586
27785
31585
27587
27786
31586
27588
27787
31587
27589
27788
31588
27590
27789
31589
27591
27790
31590
27592
27791
31591
27593
27792
31592
27594
27793
31593
27595
27794
31594
27596
27795
31595
27597
27796
31596
27598
27797
31597
27599
27798
31598
27799
31599
27601
27800
31600
27602
27801
31601
27603
27802
31602
27604
27803
31603
27605
27804
31604
27606
27805
31605
27607
27806
31606
27608
27807
31607
27609
27808
31608
27610
27809
31609
27611
27810
31610
27612
27811
31611
27613
27812
31612
27614
27813
31613
27615
27814
31614
27616
27815
31615
27617
27816
31616
27618
27817
31617
27619
27818
31618
27620
27819
31619
27621
27820
31620
27622
27821
31621
27623
27822
31622
27624
27823
31623
27625
27824
31624
27626
27825
31625
27627
27826
31626
27628
27827
31627
27629
27828
31628
27630
27829
31629
27631
27830
31630
27632
27831
31631
27633
27832
31632
27634
27833
31633
27635
27834
31634
27636
27835
31635
27637
27836
31636
27638
27837
31637
27639
27838
31638
27640
27839
31639
27641
27840
31640
27642
27841
31641
27643
27842
31642
27644
27843
31643
27645
27844
31644
27646
27845
31645
27647
27846
31646
27648
27847
31647
27649
27848
31648
27650
27849
31649
27651
27850
31650
27652
27851
31651
27653
27852
31652
27654
27853
31653
27655
27854
31654
27656
27855
31655
27657
27856
31656
27658
27857
31657
27659
27858
31658
27660
27859
31659
27661
27860
31660
27662
27861
31661
27663
27862
31662
27664
27863
31663
27665
27864
31664
27666
27865
31665
27667
27866
31666
27668
27867
31667
27669
27868
31668
27670
27869
31669
27671
27870
31670
27672
27871
31671
27673
27872
31672
27674
27873
31673
27675
27874
31674
27676
27875
31675
27677
27876
31676
27678
27877
31677
27679
27878
31678
27680
27879
31679
27681
27880
31680
27682
27881
31681
27683
27882
31682
27684
27883
31683
27685
27884
31684
27686
27885
31685
27687
27886
31686
27688
27887
31687
27689
27888
31688
27690
27889
31689
27691
27890
31690
27692
27891
31691
27693
27892
31692
27694
27893
31693
27695
27894
31694
27696
27895
31695
27697
27896
31696
27698
27897
31697
27699
27898
31698
27700
27899
31699
27701
27900
31700
27702
27901
31701
27703
27902
31702
27704
27903
31703
27705
27904
31704
27706
27905
31705
27707
27906
31706
27708
27907
31707
27709
27908
31708
27710
27909
31709
27711
27910
31710
27712
27911
31711
27713
27912
31712
27714
27913
31713
27715
27914
31714
27716
27915
31715
27717
27916
31716
27718
27917
31717
27719
27918
31718
27720
27919
31719
27721
27920
31720
27722
27921
31721
27723
27922
31722
27724
27923
31723
27725
27924
31724
27726
27925
31725
27727
27926
31726
27728
27927
31727
27729
27928
31728
27730
27929
31729
27731
27930
31730
27732
27931
31731
27733
27932
31732
27734
27933
31733
27735
27934
31734
27736
27935
31735
27737
27936
31736
27738
27937
31737
27739
27938
31738
27740
27939
31739
27741
27940
31740
27742
27941
31741
27743
27942
31742
27744
27943
31743
27745
27944
31744
27746
27945
31745
27747
27946
31746
27748
27947
31747
27749
27948
31748
27750
27949
31749
27751
27950
31750
27752
27951
31751
27753
27952
31752
27754
27953
31753
27755
27954
31754
27756
27955
31755
27757
27956
31756
27758
27957
31757
27759
27958
31758
27760
27959
31759
27761
27960
31760
27762
27961
31761
27763
27962
31762
27764
27963
31763
27765
27964
31764
27766
27965
31765
27767
27966
31766
27768
27967
31767
27769
27968
31768
27770
27969
31769
27771
27970
31770
27772
27971
31771
27773
27972
31772
27774
27973
31773
27775
27974
31774
27776
27975
31775
27777
27976
31776
27778
27977
31777
27779
27978
31778
27780
27979
31779
27781
27980
31780
27782
27981
31781
27783
27982
31782
27784
27983
31783
27785
27984
31784
27786
27985
31785
27787
27986
31786
27788
27987
31787
27789
27988
31788
27790
27989
31789
27791
27990
31790
27792
27991
31791
27793
27992
31792
27794
27993
31793
27795
27994
31794
27796
27995
31795
27797
27996
31796
27798
27997
31797
27799
27998
31798
27999
31799
27801
31800
27802
31801
27803
31802
27804
31803
27805
31804
27806
31805
27807
31806
27808
31807
27809
31808
27810
31809
27811
31810
27812
31811
27813
31812
27814
31813
27815
31814
27816
31815
27817
31816
27818
31817
27819
31818
27820
31819
27821
31820
27822
31821
27823
31822
27824
31823
27825
31824
27826
31825
27827
31826
27828
31827
27829
31828
27830
31829
27831
31830
27832
31831
27833
31832
27834
31833
27835
31834
27836
31835
27837
31836
27838
31837
27839
31838
27840
31839
27841
31840
27842
31841
27843
31842
27844
31843
27845
31844
27846
31845
27847
31846
27848
31847
27849
31848
27850
31849
27851
31850
27852
31851
27853
31852
27854
31853
27855
31854
27856
31855
27857
31856
27858
31857
27859
31858
27860
31859
27861
31860
27862
31861
27863
31862
27864
31863
27865
31864
27866
31865
27867
31866
27868
31867
27869
31868
27870
31869
27871
31870
27872
31871
27873
31872
27874
31873
27875
31874
27876
31875
27877
31876
27878
31877
27879
31878
27880
31879
27881
31880
27882
31881
27883
31882
27884
31883
27885
31884
27886
31885
27887
31886
27888
31887
27889
31888
27890
31889
27891
31890
27892
31891
27893
31892
27894
31893
27895
31894
27896
31895
27897
31896
27898
31897
27899
31898
27900
31899
27901
31900
27902
31901
27903
31902
27904
31903
27905
31904
27906
31905
27907
31906
27908
31907
27909
31908
27910
31909
27911
31910
27912
31911
27913
31912
27914
31913
27915
31914
27916
31915
27917
31916
27918
31917
27919
31918
27920
31919
27921
31920
27922
31921
27923
31922
27924
31923
27925
31924
27926
31925
27927
31926
27928
31927
27929
31928
27930
31929
27931
31930
27932
31931
27933
31932
27934
31933
27935
31934
27936
31935
27937
31936
27938
31937
27939
31938
27940
31939
27941
31940
27942
31941
27943
31942
27944
31943
27945
31944
27946
31945
27947
31946
27948
31947
27949
31948
27950
31949
27951
31950
27952
31951
27953
31952
27954
31953
27955
31954
27956
31955
27957
31956
27958
31957
27959
31958
27960
31959
27961
31960
27962
31961
27963
31962
27964
31963
27965
31964
27966
31965
27967
31966
27968
31967
27969
31968
27970
31969
27971
31970
27972
31971
27973
31972
27974
31973
27975
31974
27976
31975
27977
31976
27978
31977
27979
31978
27980
31979
27981
31980
27982
31981
27983
31982
27984
31983
27985
31984
27986
31985
27987
31986
27988
31987
27989
31988
27990
31989
27991
31990
27992
31991
27993
31992
27994
31993
27995
31994
27996
31995
27997
31996
27998
31997
27999
31998
31999
28001
28200
32000
28002
28201
32001
28003
28202
32002
28004
28203
32003
28005
28204
32004
28006
28205
32005
28007
28206
32006
28008
28207
32007
28009
28208
32008
28010
28209
32009
28011
28210
32010
28012
28211
32011
28013
28212
32012
28014
28213
32013
28015
28214
32014
28016
28215
32015
28017
28216
32016
28018
28217
32017
28019
28218
32018
28020
28219
32019
28021
28220
32020
28022
28221
32021
28023
28222
32022
28024
28223
32023
28025
28224
32024
28026
28225
32025
28027
28226
32026
28028
28227
32027
28029
28228
32028
28030
28229
32029
28031
28230
32030
28032
28231
32031
28033
28232
32032
28034
28233
32033
28035
28234
32034
28036
28235
32035
28037
28236
32036
28038
28237
32037
28039
28238
32038
28040
28239
32039
28041
28240
32040
28042
28241
32041
28043
28242
32042
28044
28243
32043
28045
28244
32044
28046
28245
32045
28047
28246
32046
28048
28247
32047
28049
28248
32048
28050
28249
32049
28051
28250
32050
28052
28251
32051
28053
28252
32052
28054
28253
32053
28055
28254
32054
28056
28255
32055
28057
28256
32056
28058
28257
32057
28059
28258
32058
28060
28259
32059
28061
28260
32060
28062
28261
32061
28063
28262
32062
28064
28263
32063
28065
28264
32064
28066
28265
32065
28067
28266
32066
28068
28267
32067
28069
28268
32068
28070
28269
32069
28071
28270
32070
28072
28271
32071
28073
28272
32072
28074
28273
32073
28075
28274
32074
28076
28275
32075
28077
28276
32076
28078
28277
32077
28079
28278
32078
28080
28279
32079
28081
28280
32080
28082
28281
32081
28083
28282
32082
28084
28283
32083
28085
28284
32084
28086
28285
32085
28087
28286
32086
28088
28287
32087
28089
28288
32088
28090
28289
32089
28091
28290
32090
28092
28291
32091
28093
28292
32092
28094
28293
32093
28095
28294
32094
28096
28295
32095
28097
28296
32096
28098
28297
32097
28099
28298
32098
28100
28299
32099
28101
28300
32100
28102
28301
32101
28103
28302
32102
28104
28303
32103
28105
28304
32104
28106
28305
32105
28107
28306
32106
28108
28307
32107
28109
28308
32108
28110
28309
32109
28111
28310
32110
28112
28311
32111
28113
28312
32112
28114
28313
32113
28115
28314
32114
28116
28315
32115
28117
28316
32116
28118
28317
32117
28119
28318
32118
28120
28319
32119
28121
28320
32120
28122
28321
32121
28123
28322
32122
28124
28323
32123
28125
28324
32124
28126
28325
32125
28127
28326
32126
28128
28327
32127
28129
28328
32128
28130
28329
32129
28131
28330
32130
28132
28331
32131
28133
28332
32132
28134
28333
32133
28135
28334
32134
28136
28335
32135
28137
28336
32136
28138
28337
32137
28139
28338
32138
28140
28339
32139
28141
28340
32140
28142
28341
32141
28143
28342
32142
28144
28343
32143
28145
28344
32144
28146
28345
32145
28147
28346
32146
28148
28347
32147
28149
28348
32148
28150
28349
32149
28151
28350
32150
28152
28351
32151
28153
28352
32152
28154
28353
32153
28155
28354
32154
28156
28355
32155
28157
28356
32156
28158
28357
32157
28159
28358
32158
28160
28359
32159
28161
28360
32160
28162
28361
32161
28163
28362
32162
28164
28363
32163
28165
28364
32164
28166
28365
32165
28167
28366
32166
28168
28367
32167
28169
28368
32168
28170
28369
32169
28171
28370
32170
28172
28371
32171
28173
28372
32172
28174
28373
32173
28175
28374
32174
28176
28375
32175
28177
28376
32176
28178
28377
32177
28179
28378
32178
28180
28379
32179
28181
28380
32180
28182
28381
32181
28183
28382
32182
28184
28383
32183
28185
28384
32184
28186
28385
32185
28187
28386
32186
28188
28387
32187
28189
28388
32188
28190
28389
32189
28191
28390
32190
28192
28391
32191
28193
28392
32192
28194
28393
32193
28195
28394
32194
28196
28395
32195
28197
28396
32196
28198
28397
32197
28199
28398
32198
28399
32199
28201
28400
32200
28202
28401
32201
28203
28402
32202
28204
28403
32203
28205
28404
32204
28206
28405
32205
28207
28406
32206
28208
28407
32207
28209
28408
32208
28210
28409
32209
28211
28410
32210
28212
28411
32211
28213
28412
32212
28214
28413
32213
28215
28414
32214
28216
28415
32215
28217
28416
32216
28218
28417
32217
28219
28418
32218
28220
28419
32219
28221
28420
32220
28222
28421
32221
28223
28422
32222
28224
28423
32223
28225
28424
32224
28226
28425
32225
28227
28426
32226
28228
28427
32227
28229
28428
32228
28230
28429
32229
28231
28430
32230
28232
28431
32231
28233
28432
32232
28234
28433
32233
28235
28434
32234
28236
28435
32235
28237
28436
32236
28238
28437
32237
28239
28438
32238
28240
28439
32239
28241
28440
32240
28242
28441
32241
28243
28442
32242
28244
28443
32243
28245
28444
32244
28246
28445
32245
28247
28446
32246
28248
28447
32247
28249
28448
32248
28250
28449
32249
28251
28450
32250
28252
28451
32251
28253
28452
32252
28254
28453
32253
28255
28454
32254
28256
28455
32255
28257
28456
32256
28258
28457
32257
28259
28458
32258
28260
28459
32259
28261
28460
32260
28262
28461
32261
28263
28462
32262
28264
28463
32263
28265
28464
32264
28266
28465
32265
28267
28466
32266
28268
28467
32267
28269
28468
32268
28270
28469
32269
28271
28470
32270
28272
28471
32271
28273
28472
32272
28274
28473
32273
28275
28474
32274
28276
28475
32275
28277
28476
32276
28278
28477
32277
28279
28478
32278
28280
28479
32279
28281
28480
32280
28282
28481
32281
28283
28482
32282
28284
28483
32283
28285
28484
32284
28286
28485
32285
28287
28486
32286
28288
28487
32287
28289
28488
32288
28290
28489
32289
28291
28490
32290
28292
28491
32291
28293
28492
32292
28294
28493
32293
28295
28494
32294
28296
28495
32295
28297
28496
32296
28298
28497
32297
28299
28498
32298
28300
28499
32299
28301
28500
32300
28302
28501
32301
28303
28502
32302
28304
28503
32303
28305
28504
32304
28306
28505
32305
28307
28506
32306
28308
28507
32307
28309
28508
32308
28310
28509
32309
28311
28510
32310
28312
28511
32311
28313
28512
32312
28314
28513
32313
28315
28514
32314
28316
28515
32315
28317
28516
32316
28318
28517
32317
28319
28518
32318
28320
28519
32319
28321
28520
32320
28322
28521
32321
28323
28522
32322
28324
28523
32323
28325
28524
32324
28326
28525
32325
28327
28526
32326
28328
28527
32327
28329
28528
32328
28330
28529
32329
28331
28530
32330
28332
28531
32331
28333
28532
32332
28334
28533
32333
28335
28534
32334
28336
28535
32335
28337
28536
32336
28338
28537
32337
28339
28538
32338
28340
28539
32339
28341
28540
32340
28342
28541
32341
28343
28542
32342
28344
28543
32343
28345
28544
32344
28346
28545
32345
28347
28546
32346
28348
28547
32347
28349
28548
32348
28350
28549
32349
28351
28550
32350
28352
28551
32351
28353
28552
32352
28354
28553
32353
28355
28554
32354
28356
28555
32355
28357
28556
32356
28358
28557
32357
28359
28558
32358
28360
28559
32359
28361
28560
32360
28362
28561
32361
28363
28562
32362
28364
28563
32363
28365
28564
32364
28366
28565
32365
28367
28566
32366
28368
28567
32367
28369
28568
32368
28370
28569
32369
28371
28570
32370
28372
28571
32371
28373
28572
32372
28374
28573
32373
28375
28574
32374
28376
28575
32375
28377
28576
32376
28378
28577
32377
28379
28578
32378
28380
28579
32379
28381
28580
32380
28382
28581
32381
28383
28582
32382
28384
28583
32383
28385
28584
32384
28386
28585
32385
28387
28586
32386
28388
28587
32387
28389
28588
32388
28390
28589
32389
28391
28590
32390
28392
28591
32391
28393
28592
32392
28394
28593
32393
28395
28594
32394
28396
28595
32395
28397
28596
32396
28398
28597
32397
28399
28598
32398
28599
32399
28401
28600
32400
28402
28601
32401
28403
28602
32402
28404
28603
32403
28405
28604
32404
28406
28605
32405
28407
28606
32406
28408
28607
32407
28409
28608
32408
28410
28609
32409
28411
28610
32410
28412
28611
32411
28413
28612
32412
28414
28613
32413
28415
28614
32414
28416
28615
32415
28417
28616
32416
28418
28617
32417
28419
28618
32418
28420
28619
32419
28421
28620
32420
28422
28621
32421
28423
28622
32422
28424
28623
32423
28425
28624
32424
28426
28625
32425
28427
28626
32426
28428
28627
32427
28429
28628
32428
28430
28629
32429
28431
28630
32430
28432
28631
32431
28433
28632
32432
28434
28633
32433
28435
28634
32434
28436
28635
32435
28437
28636
32436
28438
28637
32437
28439
28638
32438
28440
28639
32439
28441
28640
32440
28442
28641
32441
28443
28642
32442
28444
28643
32443
28445
28644
32444
28446
28645
32445
28447
28646
32446
28448
28647
32447
28449
28648
32448
28450
28649
32449
28451
28650
32450
28452
28651
32451
28453
28652
32452
28454
28653
32453
28455
28654
32454
28456
28655
32455
28457
28656
32456
28458
28657
32457
28459
28658
32458
28460
28659
32459
28461
28660
32460
28462
28661
32461
28463
28662
32462
28464
28663
32463
28465
28664
32464
28466
28665
32465
28467
28666
32466
28468
28667
32467
28469
28668
32468
28470
28669
32469
28471
28670
32470
28472
28671
32471
28473
28672
32472
28474
28673
32473
28475
28674
32474
28476
28675
32475
28477
28676
32476
28478
28677
32477
28479
28678
32478
28480
28679
32479
28481
28680
32480
28482
28681
32481
28483
28682
32482
28484
28683
32483
28485
28684
32484
28486
28685
32485
28487
28686
32486
28488
28687
32487
28489
28688
32488
28490
28689
32489
28491
28690
32490
28492
28691
32491
28493
28692
32492
28494
28693
32493
28495
28694
32494
28496
28695
32495
28497
28696
32496
28498
28697
32497
28499
28698
32498
28500
28699
32499
28501
28700
32500
28502
28701
32501
28503
28702
32502
28504
28703
32503
28505
28704
32504
28506
28705
32505
28507
28706
32506
28508
28707
32507
28509
28708
32508
28510
28709
32509
28511
28710
32510
28512
28711
32511
28513
28712
32512
28514
28713
32513
28515
28714
32514
28516
28715
32515
28517
28716
32516
28518
28717
32517
28519
28718
32518
28520
28719
32519
28521
28720
32520
28522
28721
32521
28523
28722
32522
28524
28723
32523
28525
28724
32524
28526
28725
32525
28527
28726
32526
28528
28727
32527
28529
28728
32528
28530
28729
32529
28531
28730
32530
28532
28731
32531
28533
28732
32532
28534
28733
32533
28535
28734
32534
28536
28735
32535
28537
28736
32536
28538
28737
32537
28539
28738
32538
28540
28739
32539
28541
28740
32540
28542
28741
32541
28543
28742
32542
28544
28743
32543
28545
28744
32544
28546
28745
32545
28547
28746
32546
28548
28747
32547
28549
28748
32548
28550
28749
32549
28551
28750
32550
28552
28751
32551
28553
28752
32552
28554
28753
32553
28555
28754
32554
28556
28755
32555
28557
28756
32556
28558
28757
32557
28559
28758
32558
28560
28759
32559
28561
28760
32560
28562
28761
32561
28563
28762
32562
28564
28763
32563
28565
28764
32564
28566
28765
32565
28567
28766
32566
28568
28767
32567
28569
28768
32568
28570
28769
32569
28571
28770
32570
28572
28771
32571
28573
28772
32572
28574
28773
32573
28575
28774
32574
28576
28775
32575
28577
28776
32576
28578
28777
32577
28579
28778
32578
28580
28779
32579
28581
28780
32580
28582
28781
32581
28583
28782
32582
28584
28783
32583
28585
28784
32584
28586
28785
32585
28587
28786
32586
28588
28787
32587
28589
28788
32588
28590
28789
32589
28591
28790
32590
28592
28791
32591
28593
28792
32592
28594
28793
32593
28595
28794
32594
28596
28795
32595
28597
28796
32596
28598
28797
32597
28599
28798
32598
28799
32599
28601
28800
32600
28602
28801
32601
28603
28802
32602
28604
28803
32603
28605
28804
32604
28606
28805
32605
28607
28806
32606
28608
28807
32607
28609
28808
32608
28610
28809
32609
28611
28810
32610
28612
28811
32611
28613
28812
32612
28614
28813
32613
28615
28814
32614
28616
28815
32615
28617
28816
32616
28618
28817
32617
28619
28818
32618
28620
28819
32619
28621
28820
32620
28622
28821
32621
28623
28822
32622
28624
28823
32623
28625
28824
32624
28626
28825
32625
28627
28826
32626
28628
28827
32627
28629
28828
32628
28630
28829
32629
28631
28830
32630
28632
28831
32631
28633
28832
32632
28634
28833
32633
28635
28834
32634
28636
28835
32635
28637
28836
32636
28638
28837
32637
28639
28838
32638
28640
28839
32639
28641
28840
32640
28642
28841
32641
28643
28842
32642
28644
28843
32643
28645
28844
32644
28646
28845
32645
28647
28846
32646
28648
28847
32647
28649
28848
32648
28650
28849
32649
28651
28850
32650
28652
28851
32651
28653
28852
32652
28654
28853
32653
28655
28854
32654
28656
28855
32655
28657
28856
32656
28658
28857
32657
28659
28858
32658
28660
28859
32659
28661
28860
32660
28662
28861
32661
28663
28862
32662
28664
28863
32663
28665
28864
32664
28666
28865
32665
28667
28866
32666
28668
28867
32667
28669
28868
32668
28670
28869
32669
28671
28870
32670
28672
28871
32671
28673
28872
32672
28674
28873
32673
28675
28874
32674
28676
28875
32675
28677
28876
32676
28678
28877
32677
28679
28878
32678
28680
28879
32679
28681
28880
32680
28682
28881
32681
28683
28882
32682
28684
28883
32683
28685
28884
32684
28686
28885
32685
28687
28886
32686
28688
28887
32687
28689
28888
32688
28690
28889
32689
28691
28890
32690
28692
28891
32691
28693
28892
32692
28694
28893
32693
28695
28894
32694
28696
28895
32695
28697
28896
32696
28698
28897
32697
28699
28898
32698
28700
28899
32699
28701
28900
32700
28702
28901
32701
28703
28902
32702
28704
28903
32703
28705
28904
32704
28706
28905
32705
28707
28906
32706
28708
28907
32707
28709
28908
32708
28710
28909
32709
28711
28910
32710
28712
28911
32711
28713
28912
32712
28714
28913
32713
28715
28914
32714
28716
28915
32715
28717
28916
32716
28718
28917
32717
28719
28918
32718
28720
28919
32719
28721
28920
32720
28722
28921
32721
28723
28922
32722
28724
28923
32723
28725
28924
32724
28726
28925
32725
28727
28926
32726
28728
28927
32727
28729
28928
32728
28730
28929
32729
28731
28930
32730
28732
28931
32731
28733
28932
32732
28734
28933
32733
28735
28934
32734
28736
28935
32735
28737
28936
32736
28738
28937
32737
28739
28938
32738
28740
28939
32739
28741
28940
32740
28742
28941
32741
28743
28942
32742
28744
28943
32743
28745
28944
32744
28746
28945
32745
28747
28946
32746
28748
28947
32747
28749
28948
32748
28750
28949
32749
28751
28950
32750
28752
28951
32751
28753
28952
32752
28754
28953
32753
28755
28954
32754
28756
28955
32755
28757
28956
32756
28758
28957
32757
28759
28958
32758
28760
28959
32759
28761
28960
32760
28762
28961
32761
28763
28962
32762
28764
28963
32763
28765
28964
32764
28766
28965
32765
28767
28966
32766
28768
28967
32767
28769
28968
32768
28770
28969
32769
28771
28970
32770
28772
28971
32771
28773
28972
32772
28774
28973
32773
28775
28974
32774
28776
28975
32775
28777
28976
32776
28778
28977
32777
28779
28978
32778
28780
28979
32779
28781
28980
32780
28782
28981
32781
28783
28982
32782
28784
28983
32783
28785
28984
32784
28786
28985
32785
28787
28986
32786
28788
28987
32787
28789
28988
32788
28790
28989
32789
28791
28990
32790
28792
28991
32791
28793
28992
32792
28794
28993
32793
28795
28994
32794
28796
28995
32795
28797
28996
32796
28798
28997
32797
28799
28998
32798
28999
32799
28801
29000
32800
28802
29001
32801
28803
29002
32802
28804
29003
32803
28805
29004
32804
28806
29005
32805
28807
29006
32806
28808
29007
32807
28809
29008
32808
28810
29009
32809
28811
29010
32810
28812
29011
32811
28813
29012
32812
28814
29013
32813
28815
29014
32814
28816
29015
32815
28817
29016
32816
28818
29017
32817
28819
29018
32818
28820
29019
32819
28821
29020
32820
28822
29021
32821
28823
29022
32822
28824
29023
32823
28825
29024
32824
28826
29025
32825
28827
29026
32826
28828
29027
32827
28829
29028
32828
28830
29029
32829
28831
29030
32830
28832
29031
32831
28833
29032
32832
28834
29033
32833
28835
29034
32834
28836
29035
32835
28837
29036
32836
28838
29037
32837
28839
29038
32838
28840
29039
32839
28841
29040
32840
28842
29041
32841
28843
29042
32842
28844
29043
32843
28845
29044
32844
28846
29045
32845
28847
29046
32846
28848
29047
32847
28849
29048
32848
28850
29049
32849
28851
29050
32850
28852
29051
32851
28853
29052
32852
28854
29053
32853
28855
29054
32854
28856
29055
32855
28857
29056
32856
28858
29057
32857
28859
29058
32858
28860
29059
32859
28861
29060
32860
28862
29061
32861
28863
29062
32862
28864
29063
32863
28865
29064
32864
28866
29065
32865
28867
29066
32866
28868
29067
32867
28869
29068
32868
28870
29069
32869
28871
29070
32870
28872
29071
32871
28873
29072
32872
28874
29073
32873
28875
29074
32874
28876
29075
32875
28877
29076
32876
28878
29077
32877
28879
29078
32878
28880
29079
32879
28881
29080
32880
28882
29081
32881
28883
29082
32882
28884
29083
32883
28885
29084
32884
28886
29085
32885
28887
29086
32886
28888
29087
32887
28889
29088
32888
28890
29089
32889
28891
29090
32890
28892
29091
32891
28893
29092
32892
28894
29093
32893
28895
29094
32894
28896
29095
32895
28897
29096
32896
28898
29097
32897
28899
29098
32898
28900
29099
32899
28901
29100
32900
28902
29101
32901
28903
29102
32902
28904
29103
32903
28905
29104
32904
28906
29105
32905
28907
29106
32906
28908
29107
32907
28909
29108
32908
28910
29109
32909
28911
29110
32910
28912
29111
32911
28913
29112
32912
28914
29113
32913
28915
29114
32914
28916
29115
32915
28917
29116
32916
28918
29117
32917
28919
29118
32918
28920
29119
32919
28921
29120
32920
28922
29121
32921
28923
29122
32922
28924
29123
32923
28925
29124
32924
28926
29125
32925
28927
29126
32926
28928
29127
32927
28929
29128
32928
28930
29129
32929
28931
29130
32930
28932
29131
32931
28933
29132
32932
28934
29133
32933
28935
29134
32934
28936
29135
32935
28937
29136
32936
28938
29137
32937
28939
29138
32938
28940
29139
32939
28941
29140
32940
28942
29141
32941
28943
29142
32942
28944
29143
32943
28945
29144
32944
28946
29145
32945
28947
29146
32946
28948
29147
32947
28949
29148
32948
28950
29149
32949
28951
29150
32950
28952
29151
32951
28953
29152
32952
28954
29153
32953
28955
29154
32954
28956
29155
32955
28957
29156
32956
28958
29157
32957
28959
29158
32958
28960
29159
32959
28961
29160
32960
28962
29161
32961
28963
29162
32962
28964
29163
32963
28965
29164
32964
28966
29165
32965
28967
29166
32966
28968
29167
32967
28969
29168
32968
28970
29169
32969
28971
29170
32970
28972
29171
32971
28973
29172
32972
28974
29173
32973
28975
29174
32974
28976
29175
32975
28977
29176
32976
28978
29177
32977
28979
29178
32978
28980
29179
32979
28981
29180
32980
28982
29181
32981
28983
29182
32982
28984
29183
32983
28985
29184
32984
28986
29185
32985
28987
29186
32986
28988
29187
32987
28989
29188
32988
28990
29189
32989
28991
29190
32990
28992
29191
32991
28993
29192
32992
28994
29193
32993
28995
29194
32994
28996
29195
32995
28997
29196
32996
28998
29197
32997
28999
29198
32998
29199
32999
29001
29200
33000
29002
29201
33001
29003
29202
33002
29004
29203
33003
29005
29204
33004
29006
29205
33005
29007
29206
33006
29008
29207
33007
29009
29208
33008
29010
29209
33009
29011
29210
33010
29012
29211
33011
29013
29212
33012
29014
29213
33013
29015
29214
33014
29016
29215
33015
29017
29216
33016
29018
29217
33017
29019
29218
33018
29020
29219
33019
29021
29220
33020
29022
29221
33021
29023
29222
33022
29024
29223
33023
29025
29224
33024
29026
29225
33025
29027
29226
33026
29028
29227
33027
29029
29228
33028
29030
29229
33029
29031
29230
33030
29032
29231
33031
29033
29232
33032
29034
29233
33033
29035
29234
33034
29036
29235
33035
29037
29236
33036
29038
29237
33037
29039
29238
33038
29040
29239
33039
29041
29240
33040
29042
29241
33041
29043
29242
33042
29044
29243
33043
29045
29244
33044
29046
29245
33045
29047
29246
33046
29048
29247
33047
29049
29248
33048
29050
29249
33049
29051
29250
33050
29052
29251
33051
29053
29252
33052
29054
29253
33053
29055
29254
33054
29056
29255
33055
29057
29256
33056
29058
29257
33057
29059
29258
33058
29060
29259
33059
29061
29260
33060
29062
29261
33061
29063
29262
33062
29064
29263
33063
29065
29264
33064
29066
29265
33065
29067
29266
33066
29068
29267
33067
29069
29268
33068
29070
29269
33069
29071
29270
33070
29072
29271
33071
29073
29272
33072
29074
29273
33073
29075
29274
33074
29076
29275
33075
29077
29276
33076
29078
29277
33077
29079
29278
33078
29080
29279
33079
29081
29280
33080
29082
29281
33081
29083
29282
33082
29084
29283
33083
29085
29284
33084
29086
29285
33085
29087
29286
33086
29088
29287
33087
29089
29288
33088
29090
29289
33089
29091
29290
33090
29092
29291
33091
29093
29292
33092
29094
29293
33093
29095
29294
33094
29096
29295
33095
29097
29296
33096
29098
29297
33097
29099
29298
33098
29100
29299
33099
29101
29300
33100
29102
29301
33101
29103
29302
33102
29104
29303
33103
29105
29304
33104
29106
29305
33105
29107
29306
33106
29108
29307
33107
29109
29308
33108
29110
29309
33109
29111
29310
33110
29112
29311
33111
29113
29312
33112
29114
29313
33113
29115
29314
33114
29116
29315
33115
29117
29316
33116
29118
29317
33117
29119
29318
33118
29120
29319
33119
29121
29320
33120
29122
29321
33121
29123
29322
33122
29124
29323
33123
29125
29324
33124
29126
29325
33125
29127
29326
33126
29128
29327
33127
29129
29328
33128
29130
29329
33129
29131
29330
33130
29132
29331
33131
29133
29332
33132
29134
29333
33133
29135
29334
33134
29136
29335
33135
29137
29336
33136
29138
29337
33137
29139
29338
33138
29140
29339
33139
29141
29340
33140
29142
29341
33141
29143
29342
33142
29144
29343
33143
29145
29344
33144
29146
29345
33145
29147
29346
33146
29148
29347
33147
29149
29348
33148
29150
29349
33149
29151
29350
33150
29152
29351
33151
29153
29352
33152
29154
29353
33153
29155
29354
33154
29156
29355
33155
29157
29356
33156
29158
29357
33157
29159
29358
33158
29160
29359
33159
29161
29360
33160
29162
29361
33161
29163
29362
33162
29164
29363
33163
29165
29364
33164
29166
29365
33165
29167
29366
33166
29168
29367
33167
29169
29368
33168
29170
29369
33169
29171
29370
33170
29172
29371
33171
29173
29372
33172
29174
29373
33173
29175
29374
33174
29176
29375
33175
29177
29376
33176
29178
29377
33177
29179
29378
33178
29180
29379
33179
29181
29380
33180
29182
29381
33181
29183
29382
33182
29184
29383
33183
29185
29384
33184
29186
29385
33185
29187
29386
33186
29188
29387
33187
29189
29388
33188
29190
29389
33189
29191
29390
33190
29192
29391
33191
29193
29392
33192
29194
29393
33193
29195
29394
33194
29196
29395
33195
29197
29396
33196
29198
29397
33197
29199
29398
33198
29399
33199
29201
29400
33200
29202
29401
33201
29203
29402
33202
29204
29403
33203
29205
29404
33204
29206
29405
33205
29207
29406
33206
29208
29407
33207
29209
29408
33208
29210
29409
33209
29211
29410
33210
29212
29411
33211
29213
29412
33212
29214
29413
33213
29215
29414
33214
29216
29415
33215
29217
29416
33216
29218
29417
33217
29219
29418
33218
29220
29419
33219
29221
29420
33220
29222
29421
33221
29223
29422
33222
29224
29423
33223
29225
29424
33224
29226
29425
33225
29227
29426
33226
29228
29427
33227
29229
29428
33228
29230
29429
33229
29231
29430
33230
29232
29431
33231
29233
29432
33232
29234
29433
33233
29235
29434
33234
29236
29435
33235
29237
29436
33236
29238
29437
33237
29239
29438
33238
29240
29439
33239
29241
29440
33240
29242
29441
33241
29243
29442
33242
29244
29443
33243
29245
29444
33244
29246
29445
33245
29247
29446
33246
29248
29447
33247
29249
29448
33248
29250
29449
33249
29251
29450
33250
29252
29451
33251
29253
29452
33252
29254
29453
33253
29255
29454
33254
29256
29455
33255
29257
29456
33256
29258
29457
33257
29259
29458
33258
29260
29459
33259
29261
29460
33260
29262
29461
33261
29263
29462
33262
29264
29463
33263
29265
29464
33264
29266
29465
33265
29267
29466
33266
29268
29467
33267
29269
29468
33268
29270
29469
33269
29271
29470
33270
29272
29471
33271
29273
29472
33272
29274
29473
33273
29275
29474
33274
29276
29475
33275
29277
29476
33276
29278
29477
33277
29279
29478
33278
29280
29479
33279
29281
29480
33280
29282
29481
33281
29283
29482
33282
29284
29483
33283
29285
29484
33284
29286
29485
33285
29287
29486
33286
29288
29487
33287
29289
29488
33288
29290
29489
33289
29291
29490
33290
29292
29491
33291
29293
29492
33292
29294
29493
33293
29295
29494
33294
29296
29495
33295
29297
29496
33296
29298
29497
33297
29299
29498
33298
29300
29499
33299
29301
29500
33300
29302
29501
33301
29303
29502
33302
29304
29503
33303
29305
29504
33304
29306
29505
33305
29307
29506
33306
29308
29507
33307
29309
29508
33308
29310
29509
33309
29311
29510
33310
29312
29511
33311
29313
29512
33312
29314
29513
33313
29315
29514
33314
29316
29515
33315
29317
29516
33316
29318
29517
33317
29319
29518
33318
29320
29519
33319
29321
29520
33320
29322
29521
33321
29323
29522
33322
29324
29523
33323
29325
29524
33324
29326
29525
33325
29327
29526
33326
29328
29527
33327
29329
29528
33328
29330
29529
33329
29331
29530
33330
29332
29531
33331
29333
29532
33332
29334
29533
33333
29335
29534
33334
29336
29535
33335
29337
29536
33336
29338
29537
33337
29339
29538
33338
29340
29539
33339
29341
29540
33340
29342
29541
33341
29343
29542
33342
29344
29543
33343
29345
29544
33344
29346
29545
33345
29347
29546
33346
29348
29547
33347
29349
29548
33348
29350
29549
33349
29351
29550
33350
29352
29551
33351
29353
29552
33352
29354
29553
33353
29355
29554
33354
29356
29555
33355
29357
29556
33356
29358
29557
33357
29359
29558
33358
29360
29559
33359
29361
29560
33360
29362
29561
33361
29363
29562
33362
29364
29563
33363
29365
29564
33364
29366
29565
33365
29367
29566
33366
29368
29567
33367
29369
29568
33368
29370
29569
33369
29371
29570
33370
29372
29571
33371
29373
29572
33372
29374
29573
33373
29375
29574
33374
29376
29575
33375
29377
29576
33376
29378
29577
33377
29379
29578
33378
29380
29579
33379
29381
29580
33380
29382
29581
33381
29383
29582
33382
29384
29583
33383
29385
29584
33384
29386
29585
33385
29387
29586
33386
29388
29587
33387
29389
29588
33388
29390
29589
33389
29391
29590
33390
29392
29591
33391
29393
29592
33392
29394
29593
33393
29395
29594
33394
29396
29595
33395
29397
29596
33396
29398
29597
33397
29399
29598
33398
29599
33399
29401
29600
33400
29402
29601
33401
29403
29602
33402
29404
29603
33403
29405
29604
33404
29406
29605
33405
29407
29606
33406
29408
29607
33407
29409
29608
33408
29410
29609
33409
29411
29610
33410
29412
29611
33411
29413
29612
33412
29414
29613
33413
29415
29614
33414
29416
29615
33415
29417
29616
33416
29418
29617
33417
29419
29618
33418
29420
29619
33419
29421
29620
33420
29422
29621
33421
29423
29622
33422
29424
29623
33423
29425
29624
33424
29426
29625
33425
29427
29626
33426
29428
29627
33427
29429
29628
33428
29430
29629
33429
29431
29630
33430
29432
29631
33431
29433
29632
33432
29434
29633
33433
29435
29634
33434
29436
29635
33435
29437
29636
33436
29438
29637
33437
29439
29638
33438
29440
29639
33439
29441
29640
33440
29442
29641
33441
29443
29642
33442
29444
29643
33443
29445
29644
33444
29446
29645
33445
29447
29646
33446
29448
29647
33447
29449
29648
33448
29450
29649
33449
29451
29650
33450
29452
29651
33451
29453
29652
33452
29454
29653
33453
29455
29654
33454
29456
29655
33455
29457
29656
33456
29458
29657
33457
29459
29658
33458
29460
29659
33459
29461
29660
33460
29462
29661
33461
29463
29662
33462
29464
29663
33463
29465
29664
33464
29466
29665
33465
29467
29666
33466
29468
29667
33467
29469
29668
33468
29470
29669
33469
29471
29670
33470
29472
29671
33471
29473
29672
33472
29474
29673
33473
29475
29674
33474
29476
29675
33475
29477
29676
33476
29478
29677
33477
29479
29678
33478
29480
29679
33479
29481
29680
33480
29482
29681
33481
29483
29682
33482
29484
29683
33483
29485
29684
33484
29486
29685
33485
29487
29686
33486
29488
29687
33487
29489
29688
33488
29490
29689
33489
29491
29690
33490
29492
29691
33491
29493
29692
33492
29494
29693
33493
29495
29694
33494
29496
29695
33495
29497
29696
33496
29498
29697
33497
29499
29698
33498
29500
29699
33499
29501
29700
33500
29502
29701
33501
29503
29702
33502
29504
29703
33503
29505
29704
33504
29506
29705
33505
29507
29706
33506
29508
29707
33507
29509
29708
33508
29510
29709
33509
29511
29710
33510
29512
29711
33511
29513
29712
33512
29514
29713
33513
29515
29714
33514
29516
29715
33515
29517
29716
33516
29518
29717
33517
29519
29718
33518
29520
29719
33519
29521
29720
33520
29522
29721
33521
29523
29722
33522
29524
29723
33523
29525
29724
33524
29526
29725
33525
29527
29726
33526
29528
29727
33527
29529
29728
33528
29530
29729
33529
29531
29730
33530
29532
29731
33531
29533
29732
33532
29534
29733
33533
29535
29734
33534
29536
29735
33535
29537
29736
33536
29538
29737
33537
29539
29738
33538
29540
29739
33539
29541
29740
33540
29542
29741
33541
29543
29742
33542
29544
29743
33543
29545
29744
33544
29546
29745
33545
29547
29746
33546
29548
29747
33547
29549
29748
33548
29550
29749
33549
29551
29750
33550
29552
29751
33551
29553
29752
33552
29554
29753
33553
29555
29754
33554
29556
29755
33555
29557
29756
33556
29558
29757
33557
29559
29758
33558
29560
29759
33559
29561
29760
33560
29562
29761
33561
29563
29762
33562
29564
29763
33563
29565
29764
33564
29566
29765
33565
29567
29766
33566
29568
29767
33567
29569
29768
33568
29570
29769
33569
29571
29770
33570
29572
29771
33571
29573
29772
33572
29574
29773
33573
29575
29774
33574
29576
29775
33575
29577
29776
33576
29578
29777
33577
29579
29778
33578
29580
29779
33579
29581
29780
33580
29582
29781
33581
29583
29782
33582
29584
29783
33583
29585
29784
33584
29586
29785
33585
29587
29786
33586
29588
29787
33587
29589
29788
33588
29590
29789
33589
29591
29790
33590
29592
29791
33591
29593
29792
33592
29594
29793
33593
29595
29794
33594
29596
29795
33595
29597
29796
33596
29598
29797
33597
29599
29798
33598
29799
33599
29601
29800
33600
29602
29801
33601
29603
29802
33602
29604
29803
33603
29605
29804
33604
29606
29805
33605
29607
29806
33606
29608
29807
33607
29609
29808
33608
29610
29809
33609
29611
29810
33610
29612
29811
33611
29613
29812
33612
29614
29813
33613
29615
29814
33614
29616
29815
33615
29617
29816
33616
29618
29817
33617
29619
29818
33618
29620
29819
33619
29621
29820
33620
29622
29821
33621
29623
29822
33622
29624
29823
33623
29625
29824
33624
29626
29825
33625
29627
29826
33626
29628
29827
33627
29629
29828
33628
29630
29829
33629
29631
29830
33630
29632
29831
33631
29633
29832
33632
29634
29833
33633
29635
29834
33634
29636
29835
33635
29637
29836
33636
29638
29837
33637
29639
29838
33638
29640
29839
33639
29641
29840
33640
29642
29841
33641
29643
29842
33642
29644
29843
33643
29645
29844
33644
29646
29845
33645
29647
29846
33646
29648
29847
33647
29649
29848
33648
29650
29849
33649
29651
29850
33650
29652
29851
33651
29653
29852
33652
29654
29853
33653
29655
29854
33654
29656
29855
33655
29657
29856
33656
29658
29857
33657
29659
29858
33658
29660
29859
33659
29661
29860
33660
29662
29861
33661
29663
29862
33662
29664
29863
33663
29665
29864
33664
29666
29865
33665
29667
29866
33666
29668
29867
33667
29669
29868
33668
29670
29869
33669
29671
29870
33670
29672
29871
33671
29673
29872
33672
29674
29873
33673
29675
29874
33674
29676
29875
33675
29677
29876
33676
29678
29877
33677
29679
29878
33678
29680
29879
33679
29681
29880
33680
29682
29881
33681
29683
29882
33682
29684
29883
33683
29685
29884
33684
29686
29885
33685
29687
29886
33686
29688
29887
33687
29689
29888
33688
29690
29889
33689
29691
29890
33690
29692
29891
33691
29693
29892
33692
29694
29893
33693
29695
29894
33694
29696
29895
33695
29697
29896
33696
29698
29897
33697
29699
29898
33698
29700
29899
33699
29701
29900
33700
29702
29901
33701
29703
29902
33702
29704
29903
33703
29705
29904
33704
29706
29905
33705
29707
29906
33706
29708
29907
33707
29709
29908
33708
29710
29909
33709
29711
29910
33710
29712
29911
33711
29713
29912
33712
29714
29913
33713
29715
29914
33714
29716
29915
33715
29717
29916
33716
29718
29917
33717
29719
29918
33718
29720
29919
33719
29721
29920
33720
29722
29921
33721
29723
29922
33722
29724
29923
33723
29725
29924
33724
29726
29925
33725
29727
29926
33726
29728
29927
33727
29729
29928
33728
29730
29929
33729
29731
29930
33730
29732
29931
33731
29733
29932
33732
29734
29933
33733
29735
29934
33734
29736
29935
33735
29737
29936
33736
29738
29937
33737
29739
29938
33738
29740
29939
33739
29741
29940
33740
29742
29941
33741
29743
29942
33742
29744
29943
33743
29745
29944
33744
29746
29945
33745
29747
29946
33746
29748
29947
33747
29749
29948
33748
29750
29949
33749
29751
29950
33750
29752
29951
33751
29753
29952
33752
29754
29953
33753
29755
29954
33754
29756
29955
33755
29757
29956
33756
29758
29957
33757
29759
29958
33758
29760
29959
33759
29761
29960
33760
29762
29961
33761
29763
29962
33762
29764
29963
33763
29765
29964
33764
29766
29965
33765
29767
29966
33766
29768
29967
33767
29769
29968
33768
29770
29969
33769
29771
29970
33770
29772
29971
33771
29773
29972
33772
29774
29973
33773
29775
29974
33774
29776
29975
33775
29777
29976
33776
29778
29977
33777
29779
29978
33778
29780
29979
33779
29781
29980
33780
29782
29981
33781
29783
29982
33782
29784
29983
33783
29785
29984
33784
29786
29985
33785
29787
29986
33786
29788
29987
33787
29789
29988
33788
29790
29989
33789
29791
29990
33790
29792
29991
33791
29793
29992
33792
29794
29993
33793
29795
29994
33794
29796
29995
33795
29797
29996
33796
29798
29997
33797
29799
29998
33798
29999
33799
29801
30000
33800
29802
30001
33801
29803
30002
33802
29804
30003
33803
29805
30004
33804
29806
30005
33805
29807
30006
33806
29808
30007
33807
29809
30008
33808
29810
30009
33809
29811
30010
33810
29812
30011
33811
29813
30012
33812
29814
30013
33813
29815
30014
33814
29816
30015
33815
29817
30016
33816
29818
30017
33817
29819
30018
33818
29820
30019
33819
29821
30020
33820
29822
30021
33821
29823
30022
33822
29824
30023
33823
29825
30024
33824
29826
30025
33825
29827
30026
33826
29828
30027
33827
29829
30028
33828
29830
30029
33829
29831
30030
33830
29832
30031
33831
29833
30032
33832
29834
30033
33833
29835
30034
33834
29836
30035
33835
29837
30036
33836
29838
30037
33837
29839
30038
33838
29840
30039
33839
29841
30040
33840
29842
30041
33841
29843
30042
33842
29844
30043
33843
29845
30044
33844
29846
30045
33845
29847
30046
33846
29848
30047
33847
29849
30048
33848
29850
30049
33849
29851
30050
33850
29852
30051
33851
29853
30052
33852
29854
30053
33853
29855
30054
33854
29856
30055
33855
29857
30056
33856
29858
30057
33857
29859
30058
33858
29860
30059
33859
29861
30060
33860
29862
30061
33861
29863
30062
33862
29864
30063
33863
29865
30064
33864
29866
30065
33865
29867
30066
33866
29868
30067
33867
29869
30068
33868
29870
30069
33869
29871
30070
33870
29872
30071
33871
29873
30072
33872
29874
30073
33873
29875
30074
33874
29876
30075
33875
29877
30076
33876
29878
30077
33877
29879
30078
33878
29880
30079
33879
29881
30080
33880
29882
30081
33881
29883
30082
33882
29884
30083
33883
29885
30084
33884
29886
30085
33885
29887
30086
33886
29888
30087
33887
29889
30088
33888
29890
30089
33889
29891
30090
33890
29892
30091
33891
29893
30092
33892
29894
30093
33893
29895
30094
33894
29896
30095
33895
29897
30096
33896
29898
30097
33897
29899
30098
33898
29900
30099
33899
29901
30100
33900
29902
30101
33901
29903
30102
33902
29904
30103
33903
29905
30104
33904
29906
30105
33905
29907
30106
33906
29908
30107
33907
29909
30108
33908
29910
30109
33909
29911
30110
33910
29912
30111
33911
29913
30112
33912
29914
30113
33913
29915
30114
33914
29916
30115
33915
29917
30116
33916
29918
30117
33917
29919
30118
33918
29920
30119
33919
29921
30120
33920
29922
30121
33921
29923
30122
33922
29924
30123
33923
29925
30124
33924
29926
30125
33925
29927
30126
33926
29928
30127
33927
29929
30128
33928
29930
30129
33929
29931
30130
33930
29932
30131
33931
29933
30132
33932
29934
30133
33933
29935
30134
33934
29936
30135
33935
29937
30136
33936
29938
30137
33937
29939
30138
33938
29940
30139
33939
29941
30140
33940
29942
30141
33941
29943
30142
33942
29944
30143
33943
29945
30144
33944
29946
30145
33945
29947
30146
33946
29948
30147
33947
29949
30148
33948
29950
30149
33949
29951
30150
33950
29952
30151
33951
29953
30152
33952
29954
30153
33953
29955
30154
33954
29956
30155
33955
29957
30156
33956
29958
30157
33957
29959
30158
33958
29960
30159
33959
29961
30160
33960
29962
30161
33961
29963
30162
33962
29964
30163
33963
29965
30164
33964
29966
30165
33965
29967
30166
33966
29968
30167
33967
29969
30168
33968
29970
30169
33969
29971
30170
33970
29972
30171
33971
29973
30172
33972
29974
30173
33973
29975
30174
33974
29976
30175
33975
29977
30176
33976
29978
30177
33977
29979
30178
33978
29980
30179
33979
29981
30180
33980
29982
30181
33981
29983
30182
33982
29984
30183
33983
29985
30184
33984
29986
30185
33985
29987
30186
33986
29988
30187
33987
29989
30188
33988
29990
30189
33989
29991
30190
33990
29992
30191
33991
29993
30192
33992
29994
30193
33993
29995
30194
33994
29996
30195
33995
29997
30196
33996
29998
30197
33997
29999
30198
33998
30199
33999
30001
30200
34000
30002
30201
34001
30003
30202
34002
30004
30203
34003
30005
30204
34004
30006
30205
34005
30007
30206
34006
30008
30207
34007
30009
30208
34008
30010
30209
34009
30011
30210
34010
30012
30211
34011
30013
30212
34012
30014
30213
34013
30015
30214
34014
30016
30215
34015
30017
30216
34016
30018
30217
34017
30019
30218
34018
30020
30219
34019
30021
30220
34020
30022
30221
34021
30023
30222
34022
30024
30223
34023
30025
30224
34024
30026
30225
34025
30027
30226
34026
30028
30227
34027
30029
30228
34028
30030
30229
34029
30031
30230
34030
30032
30231
34031
30033
30232
34032
30034
30233
34033
30035
30234
34034
30036
30235
34035
30037
30236
34036
30038
30237
34037
30039
30238
34038
30040
30239
34039
30041
30240
34040
30042
30241
34041
30043
30242
34042
30044
30243
34043
30045
30244
34044
30046
30245
34045
30047
30246
34046
30048
30247
34047
30049
30248
34048
30050
30249
34049
30051
30250
34050
30052
30251
34051
30053
30252
34052
30054
30253
34053
30055
30254
34054
30056
30255
34055
30057
30256
34056
30058
30257
34057
30059
30258
34058
30060
30259
34059
30061
30260
34060
30062
30261
34061
30063
30262
34062
30064
30263
34063
30065
30264
34064
30066
30265
34065
30067
30266
34066
30068
30267
34067
30069
30268
34068
30070
30269
34069
30071
30270
34070
30072
30271
34071
30073
30272
34072
30074
30273
34073
30075
30274
34074
30076
30275
34075
30077
30276
34076
30078
30277
34077
30079
30278
34078
30080
30279
34079
30081
30280
34080
30082
30281
34081
30083
30282
34082
30084
30283
34083
30085
30284
34084
30086
30285
34085
30087
30286
34086
30088
30287
34087
30089
30288
34088
30090
30289
34089
30091
30290
34090
30092
30291
34091
30093
30292
34092
30094
30293
34093
30095
30294
34094
30096
30295
34095
30097
30296
34096
30098
30297
34097
30099
30298
34098
30100
30299
34099
30101
30300
34100
30102
30301
34101
30103
30302
34102
30104
30303
34103
30105
30304
34104
30106
30305
34105
30107
30306
34106
30108
30307
34107
30109
30308
34108
30110
30309
34109
30111
30310
34110
30112
30311
34111
30113
30312
34112
30114
30313
34113
30115
30314
34114
30116
30315
34115
30117
30316
34116
30118
30317
34117
30119
30318
34118
30120
30319
34119
30121
30320
34120
30122
30321
34121
30123
30322
34122
30124
30323
34123
30125
30324
34124
30126
30325
34125
30127
30326
34126
30128
30327
34127
30129
30328
34128
30130
30329
34129
30131
30330
34130
30132
30331
34131
30133
30332
34132
30134
30333
34133
30135
30334
34134
30136
30335
34135
30137
30336
34136
30138
30337
34137
30139
30338
34138
30140
30339
34139
30141
30340
34140
30142
30341
34141
30143
30342
34142
30144
30343
34143
30145
30344
34144
30146
30345
34145
30147
30346
34146
30148
30347
34147
30149
30348
34148
30150
30349
34149
30151
30350
34150
30152
30351
34151
30153
30352
34152
30154
30353
34153
30155
30354
34154
30156
30355
34155
30157
30356
34156
30158
30357
34157
30159
30358
34158
30160
30359
34159
30161
30360
34160
30162
30361
34161
30163
30362
34162
30164
30363
34163
30165
30364
34164
30166
30365
34165
30167
30366
34166
30168
30367
34167
30169
30368
34168
30170
30369
34169
30171
30370
34170
30172
30371
34171
30173
30372
34172
30174
30373
34173
30175
30374
34174
30176
30375
34175
30177
30376
34176
30178
30377
34177
30179
30378
34178
30180
30379
34179
30181
30380
34180
30182
30381
34181
30183
30382
34182
30184
30383
34183
30185
30384
34184
30186
30385
34185
30187
30386
34186
30188
30387
34187
30189
30388
34188
30190
30389
34189
30191
30390
34190
30192
30391
34191
30193
30392
34192
30194
30393
34193
30195
30394
34194
30196
30395
34195
30197
30396
34196
30198
30397
34197
30199
30398
34198
30399
34199
30201
30400
34200
30202
30401
34201
30203
30402
34202
30204
30403
34203
30205
30404
34204
30206
30405
34205
30207
30406
34206
30208
30407
34207
30209
30408
34208
30210
30409
34209
30211
30410
34210
30212
30411
34211
30213
30412
34212
30214
30413
34213
30215
30414
34214
30216
30415
34215
30217
30416
34216
30218
30417
34217
30219
30418
34218
30220
30419
34219
30221
30420
34220
30222
30421
34221
30223
30422
34222
30224
30423
34223
30225
30424
34224
30226
30425
34225
30227
30426
34226
30228
30427
34227
30229
30428
34228
30230
30429
34229
30231
30430
34230
30232
30431
34231
30233
30432
34232
30234
30433
34233
30235
30434
34234
30236
30435
34235
30237
30436
34236
30238
30437
34237
30239
30438
34238
30240
30439
34239
30241
30440
34240
30242
30441
34241
30243
30442
34242
30244
30443
34243
30245
30444
34244
30246
30445
34245
30247
30446
34246
30248
30447
34247
30249
30448
34248
30250
30449
34249
30251
30450
34250
30252
30451
34251
30253
30452
34252
30254
30453
34253
30255
30454
34254
30256
30455
34255
30257
30456
34256
30258
30457
34257
30259
30458
34258
30260
30459
34259
30261
30460
34260
30262
30461
34261
30263
30462
34262
30264
30463
34263
30265
30464
34264
30266
30465
34265
30267
30466
34266
30268
30467
34267
30269
30468
34268
30270
30469
34269
30271
30470
34270
30272
30471
34271
30273
30472
34272
30274
30473
34273
30275
30474
34274
30276
30475
34275
30277
30476
34276
30278
30477
34277
30279
30478
34278
30280
30479
34279
30281
30480
34280
30282
30481
34281
30283
30482
34282
30284
30483
34283
30285
30484
34284
30286
30485
34285
30287
30486
34286
30288
30487
34287
30289
30488
34288
30290
30489
34289
30291
30490
34290
30292
30491
34291
30293
30492
34292
30294
30493
34293
30295
30494
34294
30296
30495
34295
30297
30496
34296
30298
30497
34297
30299
30498
34298
30300
30499
34299
30301
30500
34300
30302
30501
34301
30303
30502
34302
30304
30503
34303
30305
30504
34304
30306
30505
34305
30307
30506
34306
30308
30507
34307
30309
30508
34308
30310
30509
34309
30311
30510
34310
30312
30511
34311
30313
30512
34312
30314
30513
34313
30315
30514
34314
30316
30515
34315
30317
30516
34316
30318
30517
34317
30319
30518
34318
30320
30519
34319
30321
30520
34320
30322
30521
34321
30323
30522
34322
30324
30523
34323
30325
30524
34324
30326
30525
34325
30327
30526
34326
30328
30527
34327
30329
30528
34328
30330
30529
34329
30331
30530
34330
30332
30531
34331
30333
30532
34332
30334
30533
34333
30335
30534
34334
30336
30535
34335
30337
30536
34336
30338
30537
34337
30339
30538
34338
30340
30539
34339
30341
30540
34340
30342
30541
34341
30343
30542
34342
30344
30543
34343
30345
30544
34344
30346
30545
34345
30347
30546
34346
30348
30547
34347
30349
30548
34348
30350
30549
34349
30351
30550
34350
30352
30551
34351
30353
30552
34352
30354
30553
34353
30355
30554
34354
30356
30555
34355
30357
30556
34356
30358
30557
34357
30359
30558
34358
30360
30559
34359
30361
30560
34360
30362
30561
34361
30363
30562
34362
30364
30563
34363
30365
30564
34364
30366
30565
34365
30367
30566
34366
30368
30567
34367
30369
30568
34368
30370
30569
34369
30371
30570
34370
30372
30571
34371
30373
30572
34372
30374
30573
34373
30375
30574
34374
30376
30575
34375
30377
30576
34376
30378
30577
34377
30379
30578
34378
30380
30579
34379
30381
30580
34380
30382
30581
34381
30383
30582
34382
30384
30583
34383
30385
30584
34384
30386
30585
34385
30387
30586
34386
30388
30587
34387
30389
30588
34388
30390
30589
34389
30391
30590
34390
30392
30591
34391
30393
30592
34392
30394
30593
34393
30395
30594
34394
30396
30595
34395
30397
30596
34396
30398
30597
34397
30399
30598
34398
30599
34399
30401
30600
34400
30402
30601
34401
30403
30602
34402
30404
30603
34403
30405
30604
34404
30406
30605
34405
30407
30606
34406
30408
30607
34407
30409
30608
34408
30410
30609
34409
30411
30610
34410
30412
30611
34411
30413
30612
34412
30414
30613
34413
30415
30614
34414
30416
30615
34415
30417
30616
34416
30418
30617
34417
30419
30618
34418
30420
30619
34419
30421
30620
34420
30422
30621
34421
30423
30622
34422
30424
30623
34423
30425
30624
34424
30426
30625
34425
30427
30626
34426
30428
30627
34427
30429
30628
34428
30430
30629
34429
30431
30630
34430
30432
30631
34431
30433
30632
34432
30434
30633
34433
30435
30634
34434
30436
30635
34435
30437
30636
34436
30438
30637
34437
30439
30638
34438
30440
30639
34439
30441
30640
34440
30442
30641
34441
30443
30642
34442
30444
30643
34443
30445
30644
34444
30446
30645
34445
30447
30646
34446
30448
30647
34447
30449
30648
34448
30450
30649
34449
30451
30650
34450
30452
30651
34451
30453
30652
34452
30454
30653
34453
30455
30654
34454
30456
30655
34455
30457
30656
34456
30458
30657
34457
30459
30658
34458
30460
30659
34459
30461
30660
34460
30462
30661
34461
30463
30662
34462
30464
30663
34463
30465
30664
34464
30466
30665
34465
30467
30666
34466
30468
30667
34467
30469
30668
34468
30470
30669
34469
30471
30670
34470
30472
30671
34471
30473
30672
34472
30474
30673
34473
30475
30674
34474
30476
30675
34475
30477
30676
34476
30478
30677
34477
30479
30678
34478
30480
30679
34479
30481
30680
34480
30482
30681
34481
30483
30682
34482
30484
30683
34483
30485
30684
34484
30486
30685
34485
30487
30686
34486
30488
30687
34487
30489
30688
34488
30490
30689
34489
30491
30690
34490
30492
30691
34491
30493
30692
34492
30494
30693
34493
30495
30694
34494
30496
30695
34495
30497
30696
34496
30498
30697
34497
30499
30698
34498
30500
30699
34499
30501
30700
34500
30502
30701
34501
30503
30702
34502
30504
30703
34503
30505
30704
34504
30506
30705
34505
30507
30706
34506
30508
30707
34507
30509
30708
34508
30510
30709
34509
30511
30710
34510
30512
30711
34511
30513
30712
34512
30514
30713
34513
30515
30714
34514
30516
30715
34515
30517
30716
34516
30518
30717
34517
30519
30718
34518
30520
30719
34519
30521
30720
34520
30522
30721
34521
30523
30722
34522
30524
30723
34523
30525
30724
34524
30526
30725
34525
30527
30726
34526
30528
30727
34527
30529
30728
34528
30530
30729
34529
30531
30730
34530
30532
30731
34531
30533
30732
34532
30534
30733
34533
30535
30734
34534
30536
30735
34535
30537
30736
34536
30538
30737
34537
30539
30738
34538
30540
30739
34539
30541
30740
34540
30542
30741
34541
30543
30742
34542
30544
30743
34543
30545
30744
34544
30546
30745
34545
30547
30746
34546
30548
30747
34547
30549
30748
34548
30550
30749
34549
30551
30750
34550
30552
30751
34551
30553
30752
34552
30554
30753
34553
30555
30754
34554
30556
30755
34555
30557
30756
34556
30558
30757
34557
30559
30758
34558
30560
30759
34559
30561
30760
34560
30562
30761
34561
30563
30762
34562
30564
30763
34563
30565
30764
34564
30566
30765
34565
30567
30766
34566
30568
30767
34567
30569
30768
34568
30570
30769
34569
30571
30770
34570
30572
30771
34571
30573
30772
34572
30574
30773
34573
30575
30774
34574
30576
30775
34575
30577
30776
34576
30578
30777
34577
30579
30778
34578
30580
30779
34579
30581
30780
34580
30582
30781
34581
30583
30782
34582
30584
30783
34583
30585
30784
34584
30586
30785
34585
30587
30786
34586
30588
30787
34587
30589
30788
34588
30590
30789
34589
30591
30790
34590
30592
30791
34591
30593
30792
34592
30594
30793
34593
30595
30794
34594
30596
30795
34595
30597
30796
34596
30598
30797
34597
30599
30798
34598
30799
34599
30601
30800
34600
30602
30801
34601
30603
30802
34602
30604
30803
34603
30605
30804
34604
30606
30805
34605
30607
30806
34606
30608
30807
34607
30609
30808
34608
30610
30809
34609
30611
30810
34610
30612
30811
34611
30613
30812
34612
30614
30813
34613
30615
30814
34614
30616
30815
34615
30617
30816
34616
30618
30817
34617
30619
30818
34618
30620
30819
34619
30621
30820
34620
30622
30821
34621
30623
30822
34622
30624
30823
34623
30625
30824
34624
30626
30825
34625
30627
30826
34626
30628
30827
34627
30629
30828
34628
30630
30829
34629
30631
30830
34630
30632
30831
34631
30633
30832
34632
30634
30833
34633
30635
30834
34634
30636
30835
34635
30637
30836
34636
30638
30837
34637
30639
30838
34638
30640
30839
34639
30641
30840
34640
30642
30841
34641
30643
30842
34642
30644
30843
34643
30645
30844
34644
30646
30845
34645
30647
30846
34646
30648
30847
34647
30649
30848
34648
30650
30849
34649
30651
30850
34650
30652
30851
34651
30653
30852
34652
30654
30853
34653
30655
30854
34654
30656
30855
34655
30657
30856
34656
30658
30857
34657
30659
30858
34658
30660
30859
34659
30661
30860
34660
30662
30861
34661
30663
30862
34662
30664
30863
34663
30665
30864
34664
30666
30865
34665
30667
30866
34666
30668
30867
34667
30669
30868
34668
30670
30869
34669
30671
30870
34670
30672
30871
34671
30673
30872
34672
30674
30873
34673
30675
30874
34674
30676
30875
34675
30677
30876
34676
30678
30877
34677
30679
30878
34678
30680
30879
34679
30681
30880
34680
30682
30881
34681
30683
30882
34682
30684
30883
34683
30685
30884
34684
30686
30885
34685
30687
30886
34686
30688
30887
34687
30689
30888
34688
30690
30889
34689
30691
30890
34690
30692
30891
34691
30693
30892
34692
30694
30893
34693
30695
30894
34694
30696
30895
34695
30697
30896
34696
30698
30897
34697
30699
30898
34698
30700
30899
34699
30701
30900
34700
30702
30901
34701
30703
30902
34702
30704
30903
34703
30705
30904
34704
30706
30905
34705
30707
30906
34706
30708
30907
34707
30709
30908
34708
30710
30909
34709
30711
30910
34710
30712
30911
34711
30713
30912
34712
30714
30913
34713
30715
30914
34714
30716
30915
34715
30717
30916
34716
30718
30917
34717
30719
30918
34718
30720
30919
34719
30721
30920
34720
30722
30921
34721
30723
30922
34722
30724
30923
34723
30725
30924
34724
30726
30925
34725
30727
30926
34726
30728
30927
34727
30729
30928
34728
30730
30929
34729
30731
30930
34730
30732
30931
34731
30733
30932
34732
30734
30933
34733
30735
30934
34734
30736
30935
34735
30737
30936
34736
30738
30937
34737
30739
30938
34738
30740
30939
34739
30741
30940
34740
30742
30941
34741
30743
30942
34742
30744
30943
34743
30745
30944
34744
30746
30945
34745
30747
30946
34746
30748
30947
34747
30749
30948
34748
30750
30949
34749
30751
30950
34750
30752
30951
34751
30753
30952
34752
30754
30953
34753
30755
30954
34754
30756
30955
34755
30757
30956
34756
30758
30957
34757
30759
30958
34758
30760
30959
34759
30761
30960
34760
30762
30961
34761
30763
30962
34762
30764
30963
34763
30765
30964
34764
30766
30965
34765
30767
30966
34766
30768
30967
34767
30769
30968
34768
30770
30969
34769
30771
30970
34770
30772
30971
34771
30773
30972
34772
30774
30973
34773
30775
30974
34774
30776
30975
34775
30777
30976
34776
30778
30977
34777
30779
30978
34778
30780
30979
34779
30781
30980
34780
30782
30981
34781
30783
30982
34782
30784
30983
34783
30785
30984
34784
30786
30985
34785
30787
30986
34786
30788
30987
34787
30789
30988
34788
30790
30989
34789
30791
30990
34790
30792
30991
34791
30793
30992
34792
30794
30993
34793
30795
30994
34794
30796
30995
34795
30797
30996
34796
30798
30997
34797
30799
30998
34798
30999
34799
30801
31000
34800
30802
31001
34801
30803
31002
34802
30804
31003
34803
30805
31004
34804
30806
31005
34805
30807
31006
34806
30808
31007
34807
30809
31008
34808
30810
31009
34809
30811
31010
34810
30812
31011
34811
30813
31012
34812
30814
31013
34813
30815
31014
34814
30816
31015
34815
30817
31016
34816
30818
31017
34817
30819
31018
34818
30820
31019
34819
30821
31020
34820
30822
31021
34821
30823
31022
34822
30824
31023
34823
30825
31024
34824
30826
31025
34825
30827
31026
34826
30828
31027
34827
30829
31028
34828
30830
31029
34829
30831
31030
34830
30832
31031
34831
30833
31032
34832
30834
31033
34833
30835
31034
34834
30836
31035
34835
30837
31036
34836
30838
31037
34837
30839
31038
34838
30840
31039
34839
30841
31040
34840
30842
31041
34841
30843
31042
34842
30844
31043
34843
30845
31044
34844
30846
31045
34845
30847
31046
34846
30848
31047
34847
30849
31048
34848
30850
31049
34849
30851
31050
34850
30852
31051
34851
30853
31052
34852
30854
31053
34853
30855
31054
34854
30856
31055
34855
30857
31056
34856
30858
31057
34857
30859
31058
34858
30860
31059
34859
30861
31060
34860
30862
31061
34861
30863
31062
34862
30864
31063
34863
30865
31064
34864
30866
31065
34865
30867
31066
34866
30868
31067
34867
30869
31068
34868
30870
31069
34869
30871
31070
34870
30872
31071
34871
30873
31072
34872
30874
31073
34873
30875
31074
34874
30876
31075
34875
30877
31076
34876
30878
31077
34877
30879
31078
34878
30880
31079
34879
30881
31080
34880
30882
31081
34881
30883
31082
34882
30884
31083
34883
30885
31084
34884
30886
31085
34885
30887
31086
34886
30888
31087
34887
30889
31088
34888
30890
31089
34889
30891
31090
34890
30892
31091
34891
30893
31092
34892
30894
31093
34893
30895
31094
34894
30896
31095
34895
30897
31096
34896
30898
31097
34897
30899
31098
34898
30900
31099
34899
30901
31100
34900
30902
31101
34901
30903
31102
34902
30904
31103
34903
30905
31104
34904
30906
31105
34905
30907
31106
34906
30908
31107
34907
30909
31108
34908
30910
31109
34909
30911
31110
34910
30912
31111
34911
30913
31112
34912
30914
31113
34913
30915
31114
34914
30916
31115
34915
30917
31116
34916
30918
31117
34917
30919
31118
34918
30920
31119
34919
30921
31120
34920
30922
31121
34921
30923
31122
34922
30924
31123
34923
30925
31124
34924
30926
31125
34925
30927
31126
34926
30928
31127
34927
30929
31128
34928
30930
31129
34929
30931
31130
34930
30932
31131
34931
30933
31132
34932
30934
31133
34933
30935
31134
34934
30936
31135
34935
30937
31136
34936
30938
31137
34937
30939
31138
34938
30940
31139
34939
30941
31140
34940
30942
31141
34941
30943
31142
34942
30944
31143
34943
30945
31144
34944
30946
31145
34945
30947
31146
34946
30948
31147
34947
30949
31148
34948
30950
31149
34949
30951
31150
34950
30952
31151
34951
30953
31152
34952
30954
31153
34953
30955
31154
34954
30956
31155
34955
30957
31156
34956
30958
31157
34957
30959
31158
34958
30960
31159
34959
30961
31160
34960
30962
31161
34961
30963
31162
34962
30964
31163
34963
30965
31164
34964
30966
31165
34965
30967
31166
34966
30968
31167
34967
30969
31168
34968
30970
31169
34969
30971
31170
34970
30972
31171
34971
30973
31172
34972
30974
31173
34973
30975
31174
34974
30976
31175
34975
30977
31176
34976
30978
31177
34977
30979
31178
34978
30980
31179
34979
30981
31180
34980
30982
31181
34981
30983
31182
34982
30984
31183
34983
30985
31184
34984
30986
31185
34985
30987
31186
34986
30988
31187
34987
30989
31188
34988
30990
31189
34989
30991
31190
34990
30992
31191
34991
30993
31192
34992
30994
31193
34993
30995
31194
34994
30996
31195
34995
30997
31196
34996
30998
31197
34997
30999
31198
34998
31199
34999
31001
31200
35000
31002
31201
35001
31003
31202
35002
31004
31203
35003
31005
31204
35004
31006
31205
35005
31007
31206
35006
31008
31207
35007
31009
31208
35008
31010
31209
35009
31011
31210
35010
31012
31211
35011
31013
31212
35012
31014
31213
35013
31015
31214
35014
31016
31215
35015
31017
31216
35016
31018
31217
35017
31019
31218
35018
31020
31219
35019
31021
31220
35020
31022
31221
35021
31023
31222
35022
31024
31223
35023
31025
31224
35024
31026
31225
35025
31027
31226
35026
31028
31227
35027
31029
31228
35028
31030
31229
35029
31031
31230
35030
31032
31231
35031
31033
31232
35032
31034
31233
35033
31035
31234
35034
31036
31235
35035
31037
31236
35036
31038
31237
35037
31039
31238
35038
31040
31239
35039
31041
31240
35040
31042
31241
35041
31043
31242
35042
31044
31243
35043
31045
31244
35044
31046
31245
35045
31047
31246
35046
31048
31247
35047
31049
31248
35048
31050
31249
35049
31051
31250
35050
31052
31251
35051
31053
31252
35052
31054
31253
35053
31055
31254
35054
31056
31255
35055
31057
31256
35056
31058
31257
35057
31059
31258
35058
31060
31259
35059
31061
31260
35060
31062
31261
35061
31063
31262
35062
31064
31263
35063
31065
31264
35064
31066
31265
35065
31067
31266
35066
31068
31267
35067
31069
31268
35068
31070
31269
35069
31071
31270
35070
31072
31271
35071
31073
31272
35072
31074
31273
35073
31075
31274
35074
31076
31275
35075
31077
31276
35076
31078
31277
35077
31079
31278
35078
31080
31279
35079
31081
31280
35080
31082
31281
35081
31083
31282
35082
31084
31283
35083
31085
31284
35084
31086
31285
35085
31087
31286
35086
31088
31287
35087
31089
31288
35088
31090
31289
35089
31091
31290
35090
31092
31291
35091
31093
31292
35092
31094
31293
35093
31095
31294
35094
31096
31295
35095
31097
31296
35096
31098
31297
35097
31099
31298
35098
31100
31299
35099
31101
31300
35100
31102
31301
35101
31103
31302
35102
31104
31303
35103
31105
31304
35104
31106
31305
35105
31107
31306
35106
31108
31307
35107
31109
31308
35108
31110
31309
35109
31111
31310
35110
31112
31311
35111
31113
31312
35112
31114
31313
35113
31115
31314
35114
31116
31315
35115
31117
31316
35116
31118
31317
35117
31119
31318
35118
31120
31319
35119
31121
31320
35120
31122
31321
35121
31123
31322
35122
31124
31323
35123
31125
31324
35124
31126
31325
35125
31127
31326
35126
31128
31327
35127
31129
31328
35128
31130
31329
35129
31131
31330
35130
31132
31331
35131
31133
31332
35132
31134
31333
35133
31135
31334
35134
31136
31335
35135
31137
31336
35136
31138
31337
35137
31139
31338
35138
31140
31339
35139
31141
31340
35140
31142
31341
35141
31143
31342
35142
31144
31343
35143
31145
31344
35144
31146
31345
35145
31147
31346
35146
31148
31347
35147
31149
31348
35148
31150
31349
35149
31151
31350
35150
31152
31351
35151
31153
31352
35152
31154
31353
35153
31155
31354
35154
31156
31355
35155
31157
31356
35156
31158
31357
35157
31159
31358
35158
31160
31359
35159
31161
31360
35160
31162
31361
35161
31163
31362
35162
31164
31363
35163
31165
31364
35164
31166
31365
35165
31167
31366
35166
31168
31367
35167
31169
31368
35168
31170
31369
35169
31171
31370
35170
31172
31371
35171
31173
31372
35172
31174
31373
35173
31175
31374
35174
31176
31375
35175
31177
31376
35176
31178
31377
35177
31179
31378
35178
31180
31379
35179
31181
31380
35180
31182
31381
35181
31183
31382
35182
31184
31383
35183
31185
31384
35184
31186
31385
35185
31187
31386
35186
31188
31387
35187
31189
31388
35188
31190
31389
35189
31191
31390
35190
31192
31391
35191
31193
31392
35192
31194
31393
35193
31195
31394
35194
31196
31395
35195
31197
31396
35196
31198
31397
35197
31199
31398
35198
31399
35199
31201
31400
35200
31202
31401
35201
31203
31402
35202
31204
31403
35203
31205
31404
35204
31206
31405
35205
31207
31406
35206
31208
31407
35207
31209
31408
35208
31210
31409
35209
31211
31410
35210
31212
31411
35211
31213
31412
35212
31214
31413
35213
31215
31414
35214
31216
31415
35215
31217
31416
35216
31218
31417
35217
31219
31418
35218
31220
31419
35219
31221
31420
35220
31222
31421
35221
31223
31422
35222
31224
31423
35223
31225
31424
35224
31226
31425
35225
31227
31426
35226
31228
31427
35227
31229
31428
35228
31230
31429
35229
31231
31430
35230
31232
31431
35231
31233
31432
35232
31234
31433
35233
31235
31434
35234
31236
31435
35235
31237
31436
35236
31238
31437
35237
31239
31438
35238
31240
31439
35239
31241
31440
35240
31242
31441
35241
31243
31442
35242
31244
31443
35243
31245
31444
35244
31246
31445
35245
31247
31446
35246
31248
31447
35247
31249
31448
35248
31250
31449
35249
31251
31450
35250
31252
31451
35251
31253
31452
35252
31254
31453
35253
31255
31454
35254
31256
31455
35255
31257
31456
35256
31258
31457
35257
31259
31458
35258
31260
31459
35259
31261
31460
35260
31262
31461
35261
31263
31462
35262
31264
31463
35263
31265
31464
35264
31266
31465
35265
31267
31466
35266
31268
31467
35267
31269
31468
35268
31270
31469
35269
31271
31470
35270
31272
31471
35271
31273
31472
35272
31274
31473
35273
31275
31474
35274
31276
31475
35275
31277
31476
35276
31278
31477
35277
31279
31478
35278
31280
31479
35279
31281
31480
35280
31282
31481
35281
31283
31482
35282
31284
31483
35283
31285
31484
35284
31286
31485
35285
31287
31486
35286
31288
31487
35287
31289
31488
35288
31290
31489
35289
31291
31490
35290
31292
31491
35291
31293
31492
35292
31294
31493
35293
31295
31494
35294
31296
31495
35295
31297
31496
35296
31298
31497
35297
31299
31498
35298
31300
31499
35299
31301
31500
35300
31302
31501
35301
31303
31502
35302
31304
31503
35303
31305
31504
35304
31306
31505
35305
31307
31506
35306
31308
31507
35307
31309
31508
35308
31310
31509
35309
31311
31510
35310
31312
31511
35311
31313
31512
35312
31314
31513
35313
31315
31514
35314
31316
31515
35315
31317
31516
35316
31318
31517
35317
31319
31518
35318
31320
31519
35319
31321
31520
35320
31322
31521
35321
31323
31522
35322
31324
31523
35323
31325
31524
35324
31326
31525
35325
31327
31526
35326
31328
31527
35327
31329
31528
35328
31330
31529
35329
31331
31530
35330
31332
31531
35331
31333
31532
35332
31334
31533
35333
31335
31534
35334
31336
31535
35335
31337
31536
35336
31338
31537
35337
31339
31538
35338
31340
31539
35339
31341
31540
35340
31342
31541
35341
31343
31542
35342
31344
31543
35343
31345
31544
35344
31346
31545
35345
31347
31546
35346
31348
31547
35347
31349
31548
35348
31350
31549
35349
31351
31550
35350
31352
31551
35351
31353
31552
35352
31354
31553
35353
31355
31554
35354
31356
31555
35355
31357
31556
35356
31358
31557
35357
31359
31558
35358
31360
31559
35359
31361
31560
35360
31362
31561
35361
31363
31562
35362
31364
31563
35363
31365
31564
35364
31366
31565
35365
31367
31566
35366
31368
31567
35367
31369
31568
35368
31370
31569
35369
31371
31570
35370
31372
31571
35371
31373
31572
35372
31374
31573
35373
31375
31574
35374
31376
31575
35375
31377
31576
35376
31378
31577
35377
31379
31578
35378
31380
31579
35379
31381
31580
35380
31382
31581
35381
31383
31582
35382
31384
31583
35383
31385
31584
35384
31386
31585
35385
31387
31586
35386
31388
31587
35387
31389
31588
35388
31390
31589
35389
31391
31590
35390
31392
31591
35391
31393
31592
35392
31394
31593
35393
31395
31594
35394
31396
31595
35395
31397
31596
35396
31398
31597
35397
31399
31598
35398
31599
35399
31401
31600
35400
31402
31601
35401
31403
31602
35402
31404
31603
35403
31405
31604
35404
31406
31605
35405
31407
31606
35406
31408
31607
35407
31409
31608
35408
31410
31609
35409
31411
31610
35410
31412
31611
35411
31413
31612
35412
31414
31613
35413
31415
31614
35414
31416
31615
35415
31417
31616
35416
31418
31617
35417
31419
31618
35418
31420
31619
35419
31421
31620
35420
31422
31621
35421
31423
31622
35422
31424
31623
35423
31425
31624
35424
31426
31625
35425
31427
31626
35426
31428
31627
35427
31429
31628
35428
31430
31629
35429
31431
31630
35430
31432
31631
35431
31433
31632
35432
31434
31633
35433
31435
31634
35434
31436
31635
35435
31437
31636
35436
31438
31637
35437
31439
31638
35438
31440
31639
35439
31441
31640
35440
31442
31641
35441
31443
31642
35442
31444
31643
35443
31445
31644
35444
31446
31645
35445
31447
31646
35446
31448
31647
35447
31449
31648
35448
31450
31649
35449
31451
31650
35450
31452
31651
35451
31453
31652
35452
31454
31653
35453
31455
31654
35454
31456
31655
35455
31457
31656
35456
31458
31657
35457
31459
31658
35458
31460
31659
35459
31461
31660
35460
31462
31661
35461
31463
31662
35462
31464
31663
35463
31465
31664
35464
31466
31665
35465
31467
31666
35466
31468
31667
35467
31469
31668
35468
31470
31669
35469
31471
31670
35470
31472
31671
35471
31473
31672
35472
31474
31673
35473
31475
31674
35474
31476
31675
35475
31477
31676
35476
31478
31677
35477
31479
31678
35478
31480
31679
35479
31481
31680
35480
31482
31681
35481
31483
31682
35482
31484
31683
35483
31485
31684
35484
31486
31685
35485
31487
31686
35486
31488
31687
35487
31489
31688
35488
31490
31689
35489
31491
31690
35490
31492
31691
35491
31493
31692
35492
31494
31693
35493
31495
31694
35494
31496
31695
35495
31497
31696
35496
31498
31697
35497
31499
31698
35498
31500
31699
35499
31501
31700
35500
31502
31701
35501
31503
31702
35502
31504
31703
35503
31505
31704
35504
31506
31705
35505
31507
31706
35506
31508
31707
35507
31509
31708
35508
31510
31709
35509
31511
31710
35510
31512
31711
35511
31513
31712
35512
31514
31713
35513
31515
31714
35514
31516
31715
35515
31517
31716
35516
31518
31717
35517
31519
31718
35518
31520
31719
35519
31521
31720
35520
31522
31721
35521
31523
31722
35522
31524
31723
35523
31525
31724
35524
31526
31725
35525
31527
31726
35526
31528
31727
35527
31529
31728
35528
31530
31729
35529
31531
31730
35530
31532
31731
35531
31533
31732
35532
31534
31733
35533
31535
31734
35534
31536
31735
35535
31537
31736
35536
31538
31737
35537
31539
31738
35538
31540
31739
35539
31541
31740
35540
31542
31741
35541
31543
31742
35542
31544
31743
35543
31545
31744
35544
31546
31745
35545
31547
31746
35546
31548
31747
35547
31549
31748
35548
31550
31749
35549
31551
31750
35550
31552
31751
35551
31553
31752
35552
31554
31753
35553
31555
31754
35554
31556
31755
35555
31557
31756
35556
31558
31757
35557
31559
31758
35558
31560
31759
35559
31561
31760
35560
31562
31761
35561
31563
31762
35562
31564
31763
35563
31565
31764
35564
31566
31765
35565
31567
31766
35566
31568
31767
35567
31569
31768
35568
31570
31769
35569
31571
31770
35570
31572
31771
35571
31573
31772
35572
31574
31773
35573
31575
31774
35574
31576
31775
35575
31577
31776
35576
31578
31777
35577
31579
31778
35578
31580
31779
35579
31581
31780
35580
31582
31781
35581
31583
31782
35582
31584
31783
35583
31585
31784
35584
31586
31785
35585
31587
31786
35586
31588
31787
35587
31589
31788
35588
31590
31789
35589
31591
31790
35590
31592
31791
35591
31593
31792
35592
31594
31793
35593
31595
31794
35594
31596
31795
35595
31597
31796
35596
31598
31797
35597
31599
31798
35598
31799
35599
31601
31800
35600
31602
31801
35601
31603
31802
35602
31604
31803
35603
31605
31804
35604
31606
31805
35605
31607
31806
35606
31608
31807
35607
31609
31808
35608
31610
31809
35609
31611
31810
35610
31612
31811
35611
31613
31812
35612
31614
31813
35613
31615
31814
35614
31616
31815
35615
31617
31816
35616
31618
31817
35617
31619
31818
35618
31620
31819
35619
31621
31820
35620
31622
31821
35621
31623
31822
35622
31624
31823
35623
31625
31824
35624
31626
31825
35625
31627
31826
35626
31628
31827
35627
31629
31828
35628
31630
31829
35629
31631
31830
35630
31632
31831
35631
31633
31832
35632
31634
31833
35633
31635
31834
35634
31636
31835
35635
31637
31836
35636
31638
31837
35637
31639
31838
35638
31640
31839
35639
31641
31840
35640
31642
31841
35641
31643
31842
35642
31644
31843
35643
31645
31844
35644
31646
31845
35645
31647
31846
35646
31648
31847
35647
31649
31848
35648
31650
31849
35649
31651
31850
35650
31652
31851
35651
31653
31852
35652
31654
31853
35653
31655
31854
35654
31656
31855
35655
31657
31856
35656
31658
31857
35657
31659
31858
35658
31660
31859
35659
31661
31860
35660
31662
31861
35661
31663
31862
35662
31664
31863
35663
31665
31864
35664
31666
31865
35665
31667
31866
35666
31668
31867
35667
31669
31868
35668
31670
31869
35669
31671
31870
35670
31672
31871
35671
31673
31872
35672
31674
31873
35673
31675
31874
35674
31676
31875
35675
31677
31876
35676
31678
31877
35677
31679
31878
35678
31680
31879
35679
31681
31880
35680
31682
31881
35681
31683
31882
35682
31684
31883
35683
31685
31884
35684
31686
31885
35685
31687
31886
35686
31688
31887
35687
31689
31888
35688
31690
31889
35689
31691
31890
35690
31692
31891
35691
31693
31892
35692
31694
31893
35693
31695
31894
35694
31696
31895
35695
31697
31896
35696
31698
31897
35697
31699
31898
35698
31700
31899
35699
31701
31900
35700
31702
31901
35701
31703
31902
35702
31704
31903
35703
31705
31904
35704
31706
31905
35705
31707
31906
35706
31708
31907
35707
31709
31908
35708
31710
31909
35709
31711
31910
35710
31712
31911
35711
31713
31912
35712
31714
31913
35713
31715
31914
35714
31716
31915
35715
31717
31916
35716
31718
31917
35717
31719
31918
35718
31720
31919
35719
31721
31920
35720
31722
31921
35721
31723
31922
35722
31724
31923
35723
31725
31924
35724
31726
31925
35725
31727
31926
35726
31728
31927
35727
31729
31928
35728
31730
31929
35729
31731
31930
35730
31732
31931
35731
31733
31932
35732
31734
31933
35733
31735
31934
35734
31736
31935
35735
31737
31936
35736
31738
31937
35737
31739
31938
35738
31740
31939
35739
31741
31940
35740
31742
31941
35741
31743
31942
35742
31744
31943
35743
31745
31944
35744
31746
31945
35745
31747
31946
35746
31748
31947
35747
31749
31948
35748
31750
31949
35749
31751
31950
35750
31752
31951
35751
31753
31952
35752
31754
31953
35753
31755
31954
35754
31756
31955
35755
31757
31956
35756
31758
31957
35757
31759
31958
35758
31760
31959
35759
31761
31960
35760
31762
31961
35761
31763
31962
35762
31764
31963
35763
31765
31964
35764
31766
31965
35765
31767
31966
35766
31768
31967
35767
31769
31968
35768
31770
31969
35769
31771
31970
35770
31772
31971
35771
31773
31972
35772
31774
31973
35773
31775
31974
35774
31776
31975
35775
31777
31976
35776
31778
31977
35777
31779
31978
35778
31780
31979
35779
31781
31980
35780
31782
31981
35781
31783
31982
35782
31784
31983
35783
31785
31984
35784
31786
31985
35785
31787
31986
35786
31788
31987
35787
31789
31988
35788
31790
31989
35789
31791
31990
35790
31792
31991
35791
31793
31992
35792
31794
31993
35793
31795
31994
35794
31796
31995
35795
31797
31996
35796
31798
31997
35797
31799
31998
35798
31999
35799
31801
35800
31802
35801
31803
35802
31804
35803
31805
35804
31806
35805
31807
35806
31808
35807
31809
35808
31810
35809
31811
35810
31812
35811
31813
35812
31814
35813
31815
35814
31816
35815
31817
35816
31818
35817
31819
35818
31820
35819
31821
35820
31822
35821
31823
35822
31824
35823
31825
35824
31826
35825
31827
35826
31828
35827
31829
35828
31830
35829
31831
35830
31832
35831
31833
35832
31834
35833
31835
35834
31836
35835
31837
35836
31838
35837
31839
35838
31840
35839
31841
35840
31842
35841
31843
35842
31844
35843
31845
35844
31846
35845
31847
35846
31848
35847
31849
35848
31850
35849
31851
35850
31852
35851
31853
35852
31854
35853
31855
35854
31856
35855
31857
35856
31858
35857
31859
35858
31860
35859
31861
35860
31862
35861
31863
35862
31864
35863
31865
35864
31866
35865
31867
35866
31868
35867
31869
35868
31870
35869
31871
35870
31872
35871
31873
35872
31874
35873
31875
35874
31876
35875
31877
35876
31878
35877
31879
35878
31880
35879
31881
35880
31882
35881
31883
35882
31884
35883
31885
35884
31886
35885
31887
35886
31888
35887
31889
35888
31890
35889
31891
35890
31892
35891
31893
35892
31894
35893
31895
35894
31896
35895
31897
35896
31898
35897
31899
35898
31900
35899
31901
35900
31902
35901
31903
35902
31904
35903
31905
35904
31906
35905
31907
35906
31908
35907
31909
35908
31910
35909
31911
35910
31912
35911
31913
35912
31914
35913
31915
35914
31916
35915
31917
35916
31918
35917
31919
35918
31920
35919
31921
35920
31922
35921
31923
35922
31924
35923
31925
35924
31926
35925
31927
35926
31928
35927
31929
35928
31930
35929
31931
35930
31932
35931
31933
35932
31934
35933
31935
35934
31936
35935
31937
35936
31938
35937
31939
35938
31940
35939
31941
35940
31942
35941
31943
35942
31944
35943
31945
35944
31946
35945
31947
35946
31948
35947
31949
35948
31950
35949
31951
35950
31952
35951
31953
35952
31954
35953
31955
35954
31956
35955
31957
35956
31958
35957
31959
35958
31960
35959
31961
35960
31962
35961
31963
35962
31964
35963
31965
35964
31966
35965
31967
35966
31968
35967
31969
35968
31970
35969
31971
35970
31972
35971
31973
35972
31974
35973
31975
35974
31976
35975
31977
35976
31978
35977
31979
35978
31980
35979
31981
35980
31982
35981
31983
35982
31984
35983
31985
35984
31986
35985
31987
35986
31988
35987
31989
35988
31990
35989
31991
35990
31992
35991
31993
35992
31994
35993
31995
35994
31996
35995
31997
35996
31998
35997
31999
35998
35999
32001
32200
36000
32002
32201
36001
32003
32202
36002
32004
32203
36003
32005
32204
36004
32006
32205
36005
32007
32206
36006
32008
32207
36007
32009
32208
36008
32010
32209
36009
32011
32210
36010
32012
32211
36011
32013
32212
36012
32014
32213
36013
32015
32214
36014
32016
32215
36015
32017
32216
36016
32018
32217
36017
32019
32218
36018
32020
32219
36019
32021
32220
36020
32022
32221
36021
32023
32222
36022
32024
32223
36023
32025
32224
36024
32026
32225
36025
32027
32226
36026
32028
32227
36027
32029
32228
36028
32030
32229
36029
32031
32230
36030
32032
32231
36031
32033
32232
36032
32034
32233
36033
32035
32234
36034
32036
32235
36035
32037
32236
36036
32038
32237
36037
32039
32238
36038
32040
32239
36039
32041
32240
36040
32042
32241
36041
32043
32242
36042
32044
32243
36043
32045
32244
36044
32046
32245
36045
32047
32246
36046
32048
32247
36047
32049
32248
36048
32050
32249
36049
32051
32250
36050
32052
32251
36051
32053
32252
36052
32054
32253
36053
32055
32254
36054
32056
32255
36055
32057
32256
36056
32058
32257
36057
32059
32258
36058
32060
32259
36059
32061
32260
36060
32062
32261
36061
32063
32262
36062
32064
32263
36063
32065
32264
36064
32066
32265
36065
32067
32266
36066
32068
32267
36067
32069
32268
36068
32070
32269
36069
32071
32270
36070
32072
32271
36071
32073
32272
36072
32074
32273
36073
32075
32274
36074
32076
32275
36075
32077
32276
36076
32078
32277
36077
32079
32278
36078
32080
32279
36079
32081
32280
36080
32082
32281
36081
32083
32282
36082
32084
32283
36083
32085
32284
36084
32086
32285
36085
32087
32286
36086
32088
32287
36087
32089
32288
36088
32090
32289
36089
32091
32290
36090
32092
32291
36091
32093
32292
36092
32094
32293
36093
32095
32294
36094
32096
32295
36095
32097
32296
36096
32098
32297
36097
32099
32298
36098
32100
32299
36099
32101
32300
36100
32102
32301
36101
32103
32302
36102
32104
32303
36103
32105
32304
36104
32106
32305
36105
32107
32306
36106
32108
32307
36107
32109
32308
36108
32110
32309
36109
32111
32310
36110
32112
32311
36111
32113
32312
36112
32114
32313
36113
32115
32314
36114
32116
32315
36115
32117
32316
36116
32118
32317
36117
32119
32318
36118
32120
32319
36119
32121
32320
36120
32122
32321
36121
32123
32322
36122
32124
32323
36123
32125
32324
36124
32126
32325
36125
32127
32326
36126
32128
32327
36127
32129
32328
36128
32130
32329
36129
32131
32330
36130
32132
32331
36131
32133
32332
36132
32134
32333
36133
32135
32334
36134
32136
32335
36135
32137
32336
36136
32138
32337
36137
32139
32338
36138
32140
32339
36139
32141
32340
36140
32142
32341
36141
32143
32342
36142
32144
32343
36143
32145
32344
36144
32146
32345
36145
32147
32346
36146
32148
32347
36147
32149
32348
36148
32150
32349
36149
32151
32350
36150
32152
32351
36151
32153
32352
36152
32154
32353
36153
32155
32354
36154
32156
32355
36155
32157
32356
36156
32158
32357
36157
32159
32358
36158
32160
32359
36159
32161
32360
36160
32162
32361
36161
32163
32362
36162
32164
32363
36163
32165
32364
36164
32166
32365
36165
32167
32366
36166
32168
32367
36167
32169
32368
36168
32170
32369
36169
32171
32370
36170
32172
32371
36171
32173
32372
36172
32174
32373
36173
32175
32374
36174
32176
32375
36175
32177
32376
36176
32178
32377
36177
32179
32378
36178
32180
32379
36179
32181
32380
36180
32182
32381
36181
32183
32382
36182
32184
32383
36183
32185
32384
36184
32186
32385
36185
32187
32386
36186
32188
32387
36187
32189
32388
36188
32190
32389
36189
32191
32390
36190
32192
32391
36191
32193
32392
36192
32194
32393
36193
32195
32394
36194
32196
32395
36195
32197
32396
36196
32198
32397
36197
32199
32398
36198
32399
36199
32201
32400
36200
32202
32401
36201
32203
32402
36202
32204
32403
36203
32205
32404
36204
32206
32405
36205
32207
32406
36206
32208
32407
36207
32209
32408
36208
32210
32409
36209
32211
32410
36210
32212
32411
36211
32213
32412
36212
32214
32413
36213
32215
32414
36214
32216
32415
36215
32217
32416
36216
32218
32417
36217
32219
32418
36218
32220
32419
36219
32221
32420
36220
32222
32421
36221
32223
32422
36222
32224
32423
36223
32225
32424
36224
32226
32425
36225
32227
32426
36226
32228
32427
36227
32229
32428
36228
32230
32429
36229
32231
32430
36230
32232
32431
36231
32233
32432
36232
32234
32433
36233
32235
32434
36234
32236
32435
36235
32237
32436
36236
32238
32437
36237
32239
32438
36238
32240
32439
36239
32241
32440
36240
32242
32441
36241
32243
32442
36242
32244
32443
36243
32245
32444
36244
32246
32445
36245
32247
32446
36246
32248
32447
36247
32249
32448
36248
32250
32449
36249
32251
32450
36250
32252
32451
36251
32253
32452
36252
32254
32453
36253
32255
32454
36254
32256
32455
36255
32257
32456
36256
32258
32457
36257
32259
32458
36258
32260
32459
36259
32261
32460
36260
32262
32461
36261
32263
32462
36262
32264
32463
36263
32265
32464
36264
32266
32465
36265
32267
32466
36266
32268
32467
36267
32269
32468
36268
32270
32469
36269
32271
32470
36270
32272
32471
36271
32273
32472
36272
32274
32473
36273
32275
32474
36274
32276
32475
36275
32277
32476
36276
32278
32477
36277
32279
32478
36278
32280
32479
36279
32281
32480
36280
32282
32481
36281
32283
32482
36282
32284
32483
36283
32285
32484
36284
32286
32485
36285
32287
32486
36286
32288
32487
36287
32289
32488
36288
32290
32489
36289
32291
32490
36290
32292
32491
36291
32293
32492
36292
32294
32493
36293
32295
32494
36294
32296
32495
36295
32297
32496
36296
32298
32497
36297
32299
32498
36298
32300
32499
36299
32301
32500
36300
32302
32501
36301
32303
32502
36302
32304
32503
36303
32305
32504
36304
32306
32505
36305
32307
32506
36306
32308
32507
36307
32309
32508
36308
32310
32509
36309
32311
32510
36310
32312
32511
36311
32313
32512
36312
32314
32513
36313
32315
32514
36314
32316
32515
36315
32317
32516
36316
32318
32517
36317
32319
32518
36318
32320
32519
36319
32321
32520
36320
32322
32521
36321
32323
32522
36322
32324
32523
36323
32325
32524
36324
32326
32525
36325
32327
32526
36326
32328
32527
36327
32329
32528
36328
32330
32529
36329
32331
32530
36330
32332
32531
36331
32333
32532
36332
32334
32533
36333
32335
32534
36334
32336
32535
36335
32337
32536
36336
32338
32537
36337
32339
32538
36338
32340
32539
36339
32341
32540
36340
32342
32541
36341
32343
32542
36342
32344
32543
36343
32345
32544
36344
32346
32545
36345
32347
32546
36346
32348
32547
36347
32349
32548
36348
32350
32549
36349
32351
32550
36350
32352
32551
36351
32353
32552
36352
32354
32553
36353
32355
32554
36354
32356
32555
36355
32357
32556
36356
32358
32557
36357
32359
32558
36358
32360
32559
36359
32361
32560
36360
32362
32561
36361
32363
32562
36362
32364
32563
36363
32365
32564
36364
32366
32565
36365
32367
32566
36366
32368
32567
36367
32369
32568
36368
32370
32569
36369
32371
32570
36370
32372
32571
36371
32373
32572
36372
32374
32573
36373
32375
32574
36374
32376
32575
36375
32377
32576
36376
32378
32577
36377
32379
32578
36378
32380
32579
36379
32381
32580
36380
32382
32581
36381
32383
32582
36382
32384
32583
36383
32385
32584
36384
32386
32585
36385
32387
32586
36386
32388
32587
36387
32389
32588
36388
32390
32589
36389
32391
32590
36390
32392
32591
36391
32393
32592
36392
32394
32593
36393
32395
32594
36394
32396
32595
36395
32397
32596
36396
32398
32597
36397
32399
32598
36398
32599
36399
32401
32600
36400
32402
32601
36401
32403
32602
36402
32404
32603
36403
32405
32604
36404
32406
32605
36405
32407
32606
36406
32408
32607
36407
32409
32608
36408
32410
32609
36409
32411
32610
36410
32412
32611
36411
32413
32612
36412
32414
32613
36413
32415
32614
36414
32416
32615
36415
32417
32616
36416
32418
32617
36417
32419
32618
36418
32420
32619
36419
32421
32620
36420
32422
32621
36421
32423
32622
36422
32424
32623
36423
32425
32624
36424
32426
32625
36425
32427
32626
36426
32428
32627
36427
32429
32628
36428
32430
32629
36429
32431
32630
36430
32432
32631
36431
32433
32632
36432
32434
32633
36433
32435
32634
36434
32436
32635
36435
32437
32636
36436
32438
32637
36437
32439
32638
36438
32440
32639
36439
32441
32640
36440
32442
32641
36441
32443
32642
36442
32444
32643
36443
32445
32644
36444
32446
32645
36445
32447
32646
36446
32448
32647
36447
32449
32648
36448
32450
32649
36449
32451
32650
36450
32452
32651
36451
32453
32652
36452
32454
32653
36453
32455
32654
36454
32456
32655
36455
32457
32656
36456
32458
32657
36457
32459
32658
36458
32460
32659
36459
32461
32660
36460
32462
32661
36461
32463
32662
36462
32464
32663
36463
32465
32664
36464
32466
32665
36465
32467
32666
36466
32468
32667
36467
32469
32668
36468
32470
32669
36469
32471
32670
36470
32472
32671
36471
32473
32672
36472
32474
32673
36473
32475
32674
36474
32476
32675
36475
32477
32676
36476
32478
32677
36477
32479
32678
36478
32480
32679
36479
32481
32680
36480
32482
32681
36481
32483
32682
36482
32484
32683
36483
32485
32684
36484
32486
32685
36485
32487
32686
36486
32488
32687
36487
32489
32688
36488
32490
32689
36489
32491
32690
36490
32492
32691
36491
32493
32692
36492
32494
32693
36493
32495
32694
36494
32496
32695
36495
32497
32696
36496
32498
32697
36497
32499
32698
36498
32500
32699
36499
32501
32700
36500
32502
32701
36501
32503
32702
36502
32504
32703
36503
32505
32704
36504
32506
32705
36505
32507
32706
36506
32508
32707
36507
32509
32708
36508
32510
32709
36509
32511
32710
36510
32512
32711
36511
32513
32712
36512
32514
32713
36513
32515
32714
36514
32516
32715
36515
32517
32716
36516
32518
32717
36517
32519
32718
36518
32520
32719
36519
32521
32720
36520
32522
32721
36521
32523
32722
36522
32524
32723
36523
32525
32724
36524
32526
32725
36525
32527
32726
36526
32528
32727
36527
32529
32728
36528
32530
32729
36529
32531
32730
36530
32532
32731
36531
32533
32732
36532
32534
32733
36533
32535
32734
36534
32536
32735
36535
32537
32736
36536
32538
32737
36537
32539
32738
36538
32540
32739
36539
32541
32740
36540
32542
32741
36541
32543
32742
36542
32544
32743
36543
32545
32744
36544
32546
32745
36545
32547
32746
36546
32548
32747
36547
32549
32748
36548
32550
32749
36549
32551
32750
36550
32552
32751
36551
32553
32752
36552
32554
32753
36553
32555
32754
36554
32556
32755
36555
32557
32756
36556
32558
32757
36557
32559
32758
36558
32560
32759
36559
32561
32760
36560
32562
32761
36561
32563
32762
36562
32564
32763
36563
32565
32764
36564
32566
32765
36565
32567
32766
36566
32568
32767
36567
32569
32768
36568
32570
32769
36569
32571
32770
36570
32572
32771
36571
32573
32772
36572
32574
32773
36573
32575
32774
36574
32576
32775
36575
32577
32776
36576
32578
32777
36577
32579
32778
36578
32580
32779
36579
32581
32780
36580
32582
32781
36581
32583
32782
36582
32584
32783
36583
32585
32784
36584
32586
32785
36585
32587
32786
36586
32588
32787
36587
32589
32788
36588
32590
32789
36589
32591
32790
36590
32592
32791
36591
32593
32792
36592
32594
32793
36593
32595
32794
36594
32596
32795
36595
32597
32796
36596
32598
32797
36597
32599
32798
36598
32799
36599
32601
32800
36600
32602
32801
36601
32603
32802
36602
32604
32803
36603
32605
32804
36604
32606
32805
36605
32607
32806
36606
32608
32807
36607
32609
32808
36608
32610
32809
36609
32611
32810
36610
32612
32811
36611
32613
32812
36612
32614
32813
36613
32615
32814
36614
32616
32815
36615
32617
32816
36616
32618
32817
36617
32619
32818
36618
32620
32819
36619
32621
32820
36620
32622
32821
36621
32623
32822
36622
32624
32823
36623
32625
32824
36624
32626
32825
36625
32627
32826
36626
32628
32827
36627
32629
32828
36628
32630
32829
36629
32631
32830
36630
32632
32831
36631
32633
32832
36632
32634
32833
36633
32635
32834
36634
32636
32835
36635
32637
32836
36636
32638
32837
36637
32639
32838
36638
32640
32839
36639
32641
32840
36640
32642
32841
36641
32643
32842
36642
32644
32843
36643
32645
32844
36644
32646
32845
36645
32647
32846
36646
32648
32847
36647
32649
32848
36648
32650
32849
36649
32651
32850
36650
32652
32851
36651
32653
32852
36652
32654
32853
36653
32655
32854
36654
32656
32855
36655
32657
32856
36656
32658
32857
36657
32659
32858
36658
32660
32859
36659
32661
32860
36660
32662
32861
36661
32663
32862
36662
32664
32863
36663
32665
32864
36664
32666
32865
36665
32667
32866
36666
32668
32867
36667
32669
32868
36668
32670
32869
36669
32671
32870
36670
32672
32871
36671
32673
32872
36672
32674
32873
36673
32675
32874
36674
32676
32875
36675
32677
32876
36676
32678
32877
36677
32679
32878
36678
32680
32879
36679
32681
32880
36680
32682
32881
36681
32683
32882
36682
32684
32883
36683
32685
32884
36684
32686
32885
36685
32687
32886
36686
32688
32887
36687
32689
32888
36688
32690
32889
36689
32691
32890
36690
32692
32891
36691
32693
32892
36692
32694
32893
36693
32695
32894
36694
32696
32895
36695
32697
32896
36696
32698
32897
36697
32699
32898
36698
32700
32899
36699
32701
32900
36700
32702
32901
36701
32703
32902
36702
32704
32903
36703
32705
32904
36704
32706
32905
36705
32707
32906
36706
32708
32907
36707
32709
32908
36708
32710
32909
36709
32711
32910
36710
32712
32911
36711
32713
32912
36712
32714
32913
36713
32715
32914
36714
32716
32915
36715
32717
32916
36716
32718
32917
36717
32719
32918
36718
32720
32919
36719
32721
32920
36720
32722
32921
36721
32723
32922
36722
32724
32923
36723
32725
32924
36724
32726
32925
36725
32727
32926
36726
32728
32927
36727
32729
32928
36728
32730
32929
36729
32731
32930
36730
32732
32931
36731
32733
32932
36732
32734
32933
36733
32735
32934
36734
32736
32935
36735
32737
32936
36736
32738
32937
36737
32739
32938
36738
32740
32939
36739
32741
32940
36740
32742
32941
36741
32743
32942
36742
32744
32943
36743
32745
32944
36744
32746
32945
36745
32747
32946
36746
32748
32947
36747
32749
32948
36748
32750
32949
36749
32751
32950
36750
32752
32951
36751
32753
32952
36752
32754
32953
36753
32755
32954
36754
32756
32955
36755
32757
32956
36756
32758
32957
36757
32759
32958
36758
32760
32959
36759
32761
32960
36760
32762
32961
36761
32763
32962
36762
32764
32963
36763
32765
32964
36764
32766
32965
36765
32767
32966
36766
32768
32967
36767
32769
32968
36768
32770
32969
36769
32771
32970
36770
32772
32971
36771
32773
32972
36772
32774
32973
36773
32775
32974
36774
32776
32975
36775
32777
32976
36776
32778
32977
36777
32779
32978
36778
32780
32979
36779
32781
32980
36780
32782
32981
36781
32783
32982
36782
32784
32983
36783
32785
32984
36784
32786
32985
36785
32787
32986
36786
32788
32987
36787
32789
32988
36788
32790
32989
36789
32791
32990
36790
32792
32991
36791
32793
32992
36792
32794
32993
36793
32795
32994
36794
32796
32995
36795
32797
32996
36796
32798
32997
36797
32799
32998
36798
32999
36799
32801
33000
36800
32802
33001
36801
32803
33002
36802
32804
33003
36803
32805
33004
36804
32806
33005
36805
32807
33006
36806
32808
33007
36807
32809
33008
36808
32810
33009
36809
32811
33010
36810
32812
33011
36811
32813
33012
36812
32814
33013
36813
32815
33014
36814
32816
33015
36815
32817
33016
36816
32818
33017
36817
32819
33018
36818
32820
33019
36819
32821
33020
36820
32822
33021
36821
32823
33022
36822
32824
33023
36823
32825
33024
36824
32826
33025
36825
32827
33026
36826
32828
33027
36827
32829
33028
36828
32830
33029
36829
32831
33030
36830
32832
33031
36831
32833
33032
36832
32834
33033
36833
32835
33034
36834
32836
33035
36835
32837
33036
36836
32838
33037
36837
32839
33038
36838
32840
33039
36839
32841
33040
36840
32842
33041
36841
32843
33042
36842
32844
33043
36843
32845
33044
36844
32846
33045
36845
32847
33046
36846
32848
33047
36847
32849
33048
36848
32850
33049
36849
32851
33050
36850
32852
33051
36851
32853
33052
36852
32854
33053
36853
32855
33054
36854
32856
33055
36855
32857
33056
36856
32858
33057
36857
32859
33058
36858
32860
33059
36859
32861
33060
36860
32862
33061
36861
32863
33062
36862
32864
33063
36863
32865
33064
36864
32866
33065
36865
32867
33066
36866
32868
33067
36867
32869
33068
36868
32870
33069
36869
32871
33070
36870
32872
33071
36871
32873
33072
36872
32874
33073
36873
32875
33074
36874
32876
33075
36875
32877
33076
36876
32878
33077
36877
32879
33078
36878
32880
33079
36879
32881
33080
36880
32882
33081
36881
32883
33082
36882
32884
33083
36883
32885
33084
36884
32886
33085
36885
32887
33086
36886
32888
33087
36887
32889
33088
36888
32890
33089
36889
32891
33090
36890
32892
33091
36891
32893
33092
36892
32894
33093
36893
32895
33094
36894
32896
33095
36895
32897
33096
36896
32898
33097
36897
32899
33098
36898
32900
33099
36899
32901
33100
36900
32902
33101
36901
32903
33102
36902
32904
33103
36903
32905
33104
36904
32906
33105
36905
32907
33106
36906
32908
33107
36907
32909
33108
36908
32910
33109
36909
32911
33110
36910
32912
33111
36911
32913
33112
36912
32914
33113
36913
32915
33114
36914
32916
33115
36915
32917
33116
36916
32918
33117
36917
32919
33118
36918
32920
33119
36919
32921
33120
36920
32922
33121
36921
32923
33122
36922
32924
33123
36923
32925
33124
36924
32926
33125
36925
32927
33126
36926
32928
33127
36927
32929
33128
36928
32930
33129
36929
32931
33130
36930
32932
33131
36931
32933
33132
36932
32934
33133
36933
32935
33134
36934
32936
33135
36935
32937
33136
36936
32938
33137
36937
32939
33138
36938
32940
33139
36939
32941
33140
36940
32942
33141
36941
32943
33142
36942
32944
33143
36943
32945
33144
36944
32946
33145
36945
32947
33146
36946
32948
33147
36947
32949
33148
36948
32950
33149
36949
32951
33150
36950
32952
33151
36951
32953
33152
36952
32954
33153
36953
32955
33154
36954
32956
33155
36955
32957
33156
36956
32958
33157
36957
32959
33158
36958
32960
33159
36959
32961
33160
36960
32962
33161
36961
32963
33162
36962
32964
33163
36963
32965
33164
36964
32966
33165
36965
32967
33166
36966
32968
33167
36967
32969
33168
36968
32970
33169
36969
32971
33170
36970
32972
33171
36971
32973
33172
36972
32974
33173
36973
32975
33174
36974
32976
33175
36975
32977
33176
36976
32978
33177
36977
32979
33178
36978
32980
33179
36979
32981
33180
36980
32982
33181
36981
32983
33182
36982
32984
33183
36983
32985
33184
36984
32986
33185
36985
32987
33186
36986
32988
33187
36987
32989
33188
36988
32990
33189
36989
32991
33190
36990
32992
33191
36991
32993
33192
36992
32994
33193
36993
32995
33194
36994
32996
33195
36995
32997
33196
36996
32998
33197
36997
32999
33198
36998
33199
36999
33001
33200
37000
33002
33201
37001
33003
33202
37002
33004
33203
37003
33005
33204
37004
33006
33205
37005
33007
33206
37006
33008
33207
37007
33009
33208
37008
33010
33209
37009
33011
33210
37010
33012
33211
37011
33013
33212
37012
33014
33213
37013
33015
33214
37014
33016
33215
37015
33017
33216
37016
33018
33217
37017
33019
33218
37018
33020
33219
37019
33021
33220
37020
33022
33221
37021
33023
33222
37022
33024
33223
37023
33025
33224
37024
33026
33225
37025
33027
33226
37026
33028
33227
37027
33029
33228
37028
33030
33229
37029
33031
33230
37030
33032
33231
37031
33033
33232
37032
33034
33233
37033
33035
33234
37034
33036
33235
37035
33037
33236
37036
33038
33237
37037
33039
33238
37038
33040
33239
37039
33041
33240
37040
33042
33241
37041
33043
33242
37042
33044
33243
37043
33045
33244
37044
33046
33245
37045
33047
33246
37046
33048
33247
37047
33049
33248
37048
33050
33249
37049
33051
33250
37050
33052
33251
37051
33053
33252
37052
33054
33253
37053
33055
33254
37054
33056
33255
37055
33057
33256
37056
33058
33257
37057
33059
33258
37058
33060
33259
37059
33061
33260
37060
33062
33261
37061
33063
33262
37062
33064
33263
37063
33065
33264
37064
33066
33265
37065
33067
33266
37066
33068
33267
37067
33069
33268
37068
33070
33269
37069
33071
33270
37070
33072
33271
37071
33073
33272
37072
33074
33273
37073
33075
33274
37074
33076
33275
37075
33077
33276
37076
33078
33277
37077
33079
33278
37078
33080
33279
37079
33081
33280
37080
33082
33281
37081
33083
33282
37082
33084
33283
37083
33085
33284
37084
33086
33285
37085
33087
33286
37086
33088
33287
37087
33089
33288
37088
33090
33289
37089
33091
33290
37090
33092
33291
37091
33093
33292
37092
33094
33293
37093
33095
33294
37094
33096
33295
37095
33097
33296
37096
33098
33297
37097
33099
33298
37098
33100
33299
37099
33101
33300
37100
33102
33301
37101
33103
33302
37102
33104
33303
37103
33105
33304
37104
33106
33305
37105
33107
33306
37106
33108
33307
37107
33109
33308
37108
33110
33309
37109
33111
33310
37110
33112
33311
37111
33113
33312
37112
33114
33313
37113
33115
33314
37114
33116
33315
37115
33117
33316
37116
33118
33317
37117
33119
33318
37118
33120
33319
37119
33121
33320
37120
33122
33321
37121
33123
33322
37122
33124
33323
37123
33125
33324
37124
33126
33325
37125
33127
33326
37126
33128
33327
37127
33129
33328
37128
33130
33329
37129
33131
33330
37130
33132
33331
37131
33133
33332
37132
33134
33333
37133
33135
33334
37134
33136
33335
37135
33137
33336
37136
33138
33337
37137
33139
33338
37138
33140
33339
37139
33141
33340
37140
33142
33341
37141
33143
33342
37142
33144
33343
37143
33145
33344
37144
33146
33345
37145
33147
33346
37146
33148
33347
37147
33149
33348
37148
33150
33349
37149
33151
33350
37150
33152
33351
37151
33153
33352
37152
33154
33353
37153
33155
33354
37154
33156
33355
37155
33157
33356
37156
33158
33357
37157
33159
33358
37158
33160
33359
37159
33161
33360
37160
33162
33361
37161
33163
33362
37162
33164
33363
37163
33165
33364
37164
33166
33365
37165
33167
33366
37166
33168
33367
37167
33169
33368
37168
33170
33369
37169
33171
33370
37170
33172
33371
37171
33173
33372
37172
33174
33373
37173
33175
33374
37174
33176
33375
37175
33177
33376
37176
33178
33377
37177
33179
33378
37178
33180
33379
37179
33181
33380
37180
33182
33381
37181
33183
33382
37182
33184
33383
37183
33185
33384
37184
33186
33385
37185
33187
33386
37186
33188
33387
37187
33189
33388
37188
33190
33389
37189
33191
33390
37190
33192
33391
37191
33193
33392
37192
33194
33393
37193
33195
33394
37194
33196
33395
37195
33197
33396
37196
33198
33397
37197
33199
33398
37198
33399
37199
33201
33400
37200
33202
33401
37201
33203
33402
37202
33204
33403
37203
33205
33404
37204
33206
33405
37205
33207
33406
37206
33208
33407
37207
33209
33408
37208
33210
33409
37209
33211
33410
37210
33212
33411
37211
33213
33412
37212
33214
33413
37213
33215
33414
37214
33216
33415
37215
33217
33416
37216
33218
33417
37217
33219
33418
37218
33220
33419
37219
33221
33420
37220
33222
33421
37221
33223
33422
37222
33224
33423
37223
33225
33424
37224
33226
33425
37225
33227
33426
37226
33228
33427
37227
33229
33428
37228
33230
33429
37229
33231
33430
37230
33232
33431
37231
33233
33432
37232
33234
33433
37233
33235
33434
37234
33236
33435
37235
33237
33436
37236
33238
33437
37237
33239
33438
37238
33240
33439
37239
33241
33440
37240
33242
33441
37241
33243
33442
37242
33244
33443
37243
33245
33444
37244
33246
33445
37245
33247
33446
37246
33248
33447
37247
33249
33448
37248
33250
33449
37249
33251
33450
37250
33252
33451
37251
33253
33452
37252
33254
33453
37253
33255
33454
37254
33256
33455
37255
33257
33456
37256
33258
33457
37257
33259
33458
37258
33260
33459
37259
33261
33460
37260
33262
33461
37261
33263
33462
37262
33264
33463
37263
33265
33464
37264
33266
33465
37265
33267
33466
37266
33268
33467
37267
33269
33468
37268
33270
33469
37269
33271
33470
37270
33272
33471
37271
33273
33472
37272
33274
33473
37273
33275
33474
37274
33276
33475
37275
33277
33476
37276
33278
33477
37277
33279
33478
37278
33280
33479
37279
33281
33480
37280
33282
33481
37281
33283
33482
37282
33284
33483
37283
33285
33484
37284
33286
33485
37285
33287
33486
37286
33288
33487
37287
33289
33488
37288
33290
33489
37289
33291
33490
37290
33292
33491
37291
33293
33492
37292
33294
33493
37293
33295
33494
37294
33296
33495
37295
33297
33496
37296
33298
33497
37297
33299
33498
37298
33300
33499
37299
33301
33500
37300
33302
33501
37301
33303
33502
37302
33304
33503
37303
33305
33504
37304
33306
33505
37305
33307
33506
37306
33308
33507
37307
33309
33508
37308
33310
33509
37309
33311
33510
37310
33312
33511
37311
33313
33512
37312
33314
33513
37313
33315
33514
37314
33316
33515
37315
33317
33516
37316
33318
33517
37317
33319
33518
37318
33320
33519
37319
33321
33520
37320
33322
33521
37321
33323
33522
37322
33324
33523
37323
33325
33524
37324
33326
33525
37325
33327
33526
37326
33328
33527
37327
33329
33528
37328
33330
33529
37329
33331
33530
37330
33332
33531
37331
33333
33532
37332
33334
33533
37333
33335
33534
37334
33336
33535
37335
33337
33536
37336
33338
33537
37337
33339
33538
37338
33340
33539
37339
33341
33540
37340
33342
33541
37341
33343
33542
37342
33344
33543
37343
33345
33544
37344
33346
33545
37345
33347
33546
37346
33348
33547
37347
33349
33548
37348
33350
33549
37349
33351
33550
37350
33352
33551
37351
33353
33552
37352
33354
33553
37353
33355
33554
37354
33356
33555
37355
33357
33556
37356
33358
33557
37357
33359
33558
37358
33360
33559
37359
33361
33560
37360
33362
33561
37361
33363
33562
37362
33364
33563
37363
33365
33564
37364
33366
33565
37365
33367
33566
37366
33368
33567
37367
33369
33568
37368
33370
33569
37369
33371
33570
37370
33372
33571
37371
33373
33572
37372
33374
33573
37373
33375
33574
37374
33376
33575
37375
33377
33576
37376
33378
33577
37377
33379
33578
37378
33380
33579
37379
33381
33580
37380
33382
33581
37381
33383
33582
37382
33384
33583
37383
33385
33584
37384
33386
33585
37385
33387
33586
37386
33388
33587
37387
33389
33588
37388
33390
33589
37389
33391
33590
37390
33392
33591
37391
33393
33592
37392
33394
33593
37393
33395
33594
37394
33396
33595
37395
33397
33596
37396
33398
33597
37397
33399
33598
37398
33599
37399
33401
33600
37400
33402
33601
37401
33403
33602
37402
33404
33603
37403
33405
33604
37404
33406
33605
37405
33407
33606
37406
33408
33607
37407
33409
33608
37408
33410
33609
37409
33411
33610
37410
33412
33611
37411
33413
33612
37412
33414
33613
37413
33415
33614
37414
33416
33615
37415
33417
33616
37416
33418
33617
37417
33419
33618
37418
33420
33619
37419
33421
33620
37420
33422
33621
37421
33423
33622
37422
33424
33623
37423
33425
33624
37424
33426
33625
37425
33427
33626
37426
33428
33627
37427
33429
33628
37428
33430
33629
37429
33431
33630
37430
33432
33631
37431
33433
33632
37432
33434
33633
37433
33435
33634
37434
33436
33635
37435
33437
33636
37436
33438
33637
37437
33439
33638
37438
33440
33639
37439
33441
33640
37440
33442
33641
37441
33443
33642
37442
33444
33643
37443
33445
33644
37444
33446
33645
37445
33447
33646
37446
33448
33647
37447
33449
33648
37448
33450
33649
37449
33451
33650
37450
33452
33651
37451
33453
33652
37452
33454
33653
37453
33455
33654
37454
33456
33655
37455
33457
33656
37456
33458
33657
37457
33459
33658
37458
33460
33659
37459
33461
33660
37460
33462
33661
37461
33463
33662
37462
33464
33663
37463
33465
33664
37464
33466
33665
37465
33467
33666
37466
33468
33667
37467
33469
33668
37468
33470
33669
37469
33471
33670
37470
33472
33671
37471
33473
33672
37472
33474
33673
37473
33475
33674
37474
33476
33675
37475
33477
33676
37476
33478
33677
37477
33479
33678
37478
33480
33679
37479
33481
33680
37480
33482
33681
37481
33483
33682
37482
33484
33683
37483
33485
33684
37484
33486
33685
37485
33487
33686
37486
33488
33687
37487
33489
33688
37488
33490
33689
37489
33491
33690
37490
33492
33691
37491
33493
33692
37492
33494
33693
37493
33495
33694
37494
33496
33695
37495
33497
33696
37496
33498
33697
37497
33499
33698
37498
33500
33699
37499
33501
33700
37500
33502
33701
37501
33503
33702
37502
33504
33703
37503
33505
33704
37504
33506
33705
37505
33507
33706
37506
33508
33707
37507
33509
33708
37508
33510
33709
37509
33511
33710
37510
33512
33711
37511
33513
33712
37512
33514
33713
37513
33515
33714
37514
33516
33715
37515
33517
33716
37516
33518
33717
37517
33519
33718
37518
33520
33719
37519
33521
33720
37520
33522
33721
37521
33523
33722
37522
33524
33723
37523
33525
33724
37524
33526
33725
37525
33527
33726
37526
33528
33727
37527
33529
33728
37528
33530
33729
37529
33531
33730
37530
33532
33731
37531
33533
33732
37532
33534
33733
37533
33535
33734
37534
33536
33735
37535
33537
33736
37536
33538
33737
37537
33539
33738
37538
33540
33739
37539
33541
33740
37540
33542
33741
37541
33543
33742
37542
33544
33743
37543
33545
33744
37544
33546
33745
37545
33547
33746
37546
33548
33747
37547
33549
33748
37548
33550
33749
37549
33551
33750
37550
33552
33751
37551
33553
33752
37552
33554
33753
37553
33555
33754
37554
33556
33755
37555
33557
33756
37556
33558
33757
37557
33559
33758
37558
33560
33759
37559
33561
33760
37560
33562
33761
37561
33563
33762
37562
33564
33763
37563
33565
33764
37564
33566
33765
37565
33567
33766
37566
33568
33767
37567
33569
33768
37568
33570
33769
37569
33571
33770
37570
33572
33771
37571
33573
33772
37572
33574
33773
37573
33575
33774
37574
33576
33775
37575
33577
33776
37576
33578
33777
37577
33579
33778
37578
33580
33779
37579
33581
33780
37580
33582
33781
37581
33583
33782
37582
33584
33783
37583
33585
33784
37584
33586
33785
37585
33587
33786
37586
33588
33787
37587
33589
33788
37588
33590
33789
37589
33591
33790
37590
33592
33791
37591
33593
33792
37592
33594
33793
37593
33595
33794
37594
33596
33795
37595
33597
33796
37596
33598
33797
37597
33599
33798
37598
33799
37599
33601
33800
37600
33602
33801
37601
33603
33802
37602
33604
33803
37603
33605
33804
37604
33606
33805
37605
33607
33806
37606
33608
33807
37607
33609
33808
37608
33610
33809
37609
33611
33810
37610
33612
33811
37611
33613
33812
37612
33614
33813
37613
33615
33814
37614
33616
33815
37615
33617
33816
37616
33618
33817
37617
33619
33818
37618
33620
33819
37619
33621
33820
37620
33622
33821
37621
33623
33822
37622
33624
33823
37623
33625
33824
37624
33626
33825
37625
33627
33826
37626
33628
33827
37627
33629
33828
37628
33630
33829
37629
33631
33830
37630
33632
33831
37631
33633
33832
37632
33634
33833
37633
33635
33834
37634
33636
33835
37635
33637
33836
37636
33638
33837
37637
33639
33838
37638
33640
33839
37639
33641
33840
37640
33642
33841
37641
33643
33842
37642
33644
33843
37643
33645
33844
37644
33646
33845
37645
33647
33846
37646
33648
33847
37647
33649
33848
37648
33650
33849
37649
33651
33850
37650
33652
33851
37651
33653
33852
37652
33654
33853
37653
33655
33854
37654
33656
33855
37655
33657
33856
37656
33658
33857
37657
33659
33858
37658
33660
33859
37659
33661
33860
37660
33662
33861
37661
33663
33862
37662
33664
33863
37663
33665
33864
37664
33666
33865
37665
33667
33866
37666
33668
33867
37667
33669
33868
37668
33670
33869
37669
33671
33870
37670
33672
33871
37671
33673
33872
37672
33674
33873
37673
33675
33874
37674
33676
33875
37675
33677
33876
37676
33678
33877
37677
33679
33878
37678
33680
33879
37679
33681
33880
37680
33682
33881
37681
33683
33882
37682
33684
33883
37683
33685
33884
37684
33686
33885
37685
33687
33886
37686
33688
33887
37687
33689
33888
37688
33690
33889
37689
33691
33890
37690
33692
33891
37691
33693
33892
37692
33694
33893
37693
33695
33894
37694
33696
33895
37695
33697
33896
37696
33698
33897
37697
33699
33898
37698
33700
33899
37699
33701
33900
37700
33702
33901
37701
33703
33902
37702
33704
33903
37703
33705
33904
37704
33706
33905
37705
33707
33906
37706
33708
33907
37707
33709
33908
37708
33710
33909
37709
33711
33910
37710
33712
33911
37711
33713
33912
37712
33714
33913
37713
33715
33914
37714
33716
33915
37715
33717
33916
37716
33718
33917
37717
33719
33918
37718
33720
33919
37719
33721
33920
37720
33722
33921
37721
33723
33922
37722
33724
33923
37723
33725
33924
37724
33726
33925
37725
33727
33926
37726
33728
33927
37727
33729
33928
37728
33730
33929
37729
33731
33930
37730
33732
33931
37731
33733
33932
37732
33734
33933
37733
33735
33934
37734
33736
33935
37735
33737
33936
37736
33738
33937
37737
33739
33938
37738
33740
33939
37739
33741
33940
37740
33742
33941
37741
33743
33942
37742
33744
33943
37743
33745
33944
37744
33746
33945
37745
33747
33946
37746
33748
33947
37747
33749
33948
37748
33750
33949
37749
33751
33950
37750
33752
33951
37751
33753
33952
37752
33754
33953
37753
33755
33954
37754
33756
33955
37755
33757
33956
37756
33758
33957
37757
33759
33958
37758
33760
33959
37759
33761
33960
37760
33762
33961
37761
33763
33962
37762
33764
33963
37763
33765
33964
37764
33766
33965
37765
33767
33966
37766
33768
33967
37767
33769
33968
37768
33770
33969
37769
33771
33970
37770
33772
33971
37771
33773
33972
37772
33774
33973
37773
33775
33974
37774
33776
33975
37775
33777
33976
37776
33778
33977
37777
33779
33978
37778
33780
33979
37779
33781
33980
37780
33782
33981
37781
33783
33982
37782
33784
33983
37783
33785
33984
37784
33786
33985
37785
33787
33986
37786
33788
33987
37787
33789
33988
37788
33790
33989
37789
33791
33990
37790
33792
33991
37791
33793
33992
37792
33794
33993
37793
33795
33994
37794
33796
33995
37795
33797
33996
37796
33798
33997
37797
33799
33998
37798
33999
37799
33801
34000
37800
33802
34001
37801
33803
34002
37802
33804
34003
37803
33805
34004
37804
33806
34005
37805
33807
34006
37806
33808
34007
37807
33809
34008
37808
33810
34009
37809
33811
34010
37810
33812
34011
37811
33813
34012
37812
33814
34013
37813
33815
34014
37814
33816
34015
37815
33817
34016
37816
33818
34017
37817
33819
34018
37818
33820
34019
37819
33821
34020
37820
33822
34021
37821
33823
34022
37822
33824
34023
37823
33825
34024
37824
33826
34025
37825
33827
34026
37826
33828
34027
37827
33829
34028
37828
33830
34029
37829
33831
34030
37830
33832
34031
37831
33833
34032
37832
33834
34033
37833
33835
34034
37834
33836
34035
37835
33837
34036
37836
33838
34037
37837
33839
34038
37838
33840
34039
37839
33841
34040
37840
33842
34041
37841
33843
34042
37842
33844
34043
37843
33845
34044
37844
33846
34045
37845
33847
34046
37846
33848
34047
37847
33849
34048
37848
33850
34049
37849
33851
34050
37850
33852
34051
37851
33853
34052
37852
33854
34053
37853
33855
34054
37854
33856
34055
37855
33857
34056
37856
33858
34057
37857
33859
34058
37858
33860
34059
37859
33861
34060
37860
33862
34061
37861
33863
34062
37862
33864
34063
37863
33865
34064
37864
33866
34065
37865
33867
34066
37866
33868
34067
37867
33869
34068
37868
33870
34069
37869
33871
34070
37870
33872
34071
37871
33873
34072
37872
33874
34073
37873
33875
34074
37874
33876
34075
37875
33877
34076
37876
33878
34077
37877
33879
34078
37878
33880
34079
37879
33881
34080
37880
33882
34081
37881
33883
34082
37882
33884
34083
37883
33885
34084
37884
33886
34085
37885
33887
34086
37886
33888
34087
37887
33889
34088
37888
33890
34089
37889
33891
34090
37890
33892
34091
37891
33893
34092
37892
33894
34093
37893
33895
34094
37894
33896
34095
37895
33897
34096
37896
33898
34097
37897
33899
34098
37898
33900
34099
37899
33901
34100
37900
33902
34101
37901
33903
34102
37902
33904
34103
37903
33905
34104
37904
33906
34105
37905
33907
34106
37906
33908
34107
37907
33909
34108
37908
33910
34109
37909
33911
34110
37910
33912
34111
37911
33913
34112
37912
33914
34113
37913
33915
34114
37914
33916
34115
37915
33917
34116
37916
33918
34117
37917
33919
34118
37918
33920
34119
37919
33921
34120
37920
33922
34121
37921
33923
34122
37922
33924
34123
37923
33925
34124
37924
33926
34125
37925
33927
34126
37926
33928
34127
37927
33929
34128
37928
33930
34129
37929
33931
34130
37930
33932
34131
37931
33933
34132
37932
33934
34133
37933
33935
34134
37934
33936
34135
37935
33937
34136
37936
33938
34137
37937
33939
34138
37938
33940
34139
37939
33941
34140
37940
33942
34141
37941
33943
34142
37942
33944
34143
37943
33945
34144
37944
33946
34145
37945
33947
34146
37946
33948
34147
37947
33949
34148
37948
33950
34149
37949
33951
34150
37950
33952
34151
37951
33953
34152
37952
33954
34153
37953
33955
34154
37954
33956
34155
37955
33957
34156
37956
33958
34157
37957
33959
34158
37958
33960
34159
37959
33961
34160
37960
33962
34161
37961
33963
34162
37962
33964
34163
37963
33965
34164
37964
33966
34165
37965
33967
34166
37966
33968
34167
37967
33969
34168
37968
33970
34169
37969
33971
34170
37970
33972
34171
37971
33973
34172
37972
33974
34173
37973
33975
34174
37974
33976
34175
37975
33977
34176
37976
33978
34177
37977
33979
34178
37978
33980
34179
37979
33981
34180
37980
33982
34181
37981
33983
34182
37982
33984
34183
37983
33985
34184
37984
33986
34185
37985
33987
34186
37986
33988
34187
37987
33989
34188
37988
33990
34189
37989
33991
34190
37990
33992
34191
37991
33993
34192
37992
33994
34193
37993
33995
34194
37994
33996
34195
37995
33997
34196
37996
33998
34197
37997
33999
34198
37998
34199
37999
34001
34200
38000
34002
34201
38001
34003
34202
38002
34004
34203
38003
34005
34204
38004
34006
34205
38005
34007
34206
38006
34008
34207
38007
34009
34208
38008
34010
34209
38009
34011
34210
38010
34012
34211
38011
34013
34212
38012
34014
34213
38013
34015
34214
38014
34016
34215
38015
34017
34216
38016
34018
34217
38017
34019
34218
38018
34020
34219
38019
34021
34220
38020
34022
34221
38021
34023
34222
38022
34024
34223
38023
34025
34224
38024
34026
34225
38025
34027
34226
38026
34028
34227
38027
34029
34228
38028
34030
34229
38029
34031
34230
38030
34032
34231
38031
34033
34232
38032
34034
34233
38033
34035
34234
38034
34036
34235
38035
34037
34236
38036
34038
34237
38037
34039
34238
38038
34040
34239
38039
34041
34240
38040
34042
34241
38041
34043
34242
38042
34044
34243
38043
34045
34244
38044
34046
34245
38045
34047
34246
38046
34048
34247
38047
34049
34248
38048
34050
34249
38049
34051
34250
38050
34052
34251
38051
34053
34252
38052
34054
34253
38053
34055
34254
38054
34056
34255
38055
34057
34256
38056
34058
34257
38057
34059
34258
38058
34060
34259
38059
34061
34260
38060
34062
34261
38061
34063
34262
38062
34064
34263
38063
34065
34264
38064
34066
34265
38065
34067
34266
38066
34068
34267
38067
34069
34268
38068
34070
34269
38069
34071
34270
38070
34072
34271
38071
34073
34272
38072
34074
34273
38073
34075
34274
38074
34076
34275
38075
34077
34276
38076
34078
34277
38077
34079
34278
38078
34080
34279
38079
34081
34280
38080
34082
34281
38081
34083
34282
38082
34084
34283
38083
34085
34284
38084
34086
34285
38085
34087
34286
38086
34088
34287
38087
34089
34288
38088
34090
34289
38089
34091
34290
38090
34092
34291
38091
34093
34292
38092
34094
34293
38093
34095
34294
38094
34096
34295
38095
34097
34296
38096
34098
34297
38097
34099
34298
38098
34100
34299
38099
34101
34300
38100
34102
34301
38101
34103
34302
38102
34104
34303
38103
34105
34304
38104
34106
34305
38105
34107
34306
38106
34108
34307
38107
34109
34308
38108
34110
34309
38109
34111
34310
38110
34112
34311
38111
34113
34312
38112
34114
34313
38113
34115
34314
38114
34116
34315
38115
34117
34316
38116
34118
34317
38117
34119
34318
38118
34120
34319
38119
34121
34320
38120
34122
34321
38121
34123
34322
38122
34124
34323
38123
34125
34324
38124
34126
34325
38125
34127
34326
38126
34128
34327
38127
34129
34328
38128
34130
34329
38129
34131
34330
38130
34132
34331
38131
34133
34332
38132
34134
34333
38133
34135
34334
38134
34136
34335
38135
34137
34336
38136
34138
34337
38137
34139
34338
38138
34140
34339
38139
34141
34340
38140
34142
34341
38141
34143
34342
38142
34144
34343
38143
34145
34344
38144
34146
34345
38145
34147
34346
38146
34148
34347
38147
34149
34348
38148
34150
34349
38149
34151
34350
38150
34152
34351
38151
34153
34352
38152
34154
34353
38153
34155
34354
38154
34156
34355
38155
34157
34356
38156
34158
34357
38157
34159
34358
38158
34160
34359
38159
34161
34360
38160
34162
34361
38161
34163
34362
38162
34164
34363
38163
34165
34364
38164
34166
34365
38165
34167
34366
38166
34168
34367
38167
34169
34368
38168
34170
34369
38169
34171
34370
38170
34172
34371
38171
34173
34372
38172
34174
34373
38173
34175
34374
38174
34176
34375
38175
34177
34376
38176
34178
34377
38177
34179
34378
38178
34180
34379
38179
34181
34380
38180
34182
34381
38181
34183
34382
38182
34184
34383
38183
34185
34384
38184
34186
34385
38185
34187
34386
38186
34188
34387
38187
34189
34388
38188
34190
34389
38189
34191
34390
38190
34192
34391
38191
34193
34392
38192
34194
34393
38193
34195
34394
38194
34196
34395
38195
34197
34396
38196
34198
34397
38197
34199
34398
38198
34399
38199
34201
34400
38200
34202
34401
38201
34203
34402
38202
34204
34403
38203
34205
34404
38204
34206
34405
38205
34207
34406
38206
34208
34407
38207
34209
34408
38208
34210
34409
38209
34211
34410
38210
34212
34411
38211
34213
34412
38212
34214
34413
38213
34215
34414
38214
34216
34415
38215
34217
34416
38216
34218
34417
38217
34219
34418
38218
34220
34419
38219
34221
34420
38220
34222
34421
38221
34223
34422
38222
34224
34423
38223
34225
34424
38224
34226
34425
38225
34227
34426
38226
34228
34427
38227
34229
34428
38228
34230
34429
38229
34231
34430
38230
34232
34431
38231
34233
34432
38232
34234
34433
38233
34235
34434
38234
34236
34435
38235
34237
34436
38236
34238
34437
38237
34239
34438
38238
34240
34439
38239
34241
34440
38240
34242
34441
38241
34243
34442
38242
34244
34443
38243
34245
34444
38244
34246
34445
38245
34247
34446
38246
34248
34447
38247
34249
34448
38248
34250
34449
38249
34251
34450
38250
34252
34451
38251
34253
34452
38252
34254
34453
38253
34255
34454
38254
34256
34455
38255
34257
34456
38256
34258
34457
38257
34259
34458
38258
34260
34459
38259
34261
34460
38260
34262
34461
38261
34263
34462
38262
34264
34463
38263
34265
34464
38264
34266
34465
38265
34267
34466
38266
34268
34467
38267
34269
34468
38268
34270
34469
38269
34271
34470
38270
34272
34471
38271
34273
34472
38272
34274
34473
38273
34275
34474
38274
34276
34475
38275
34277
34476
38276
34278
34477
38277
34279
34478
38278
34280
34479
38279
34281
34480
38280
34282
34481
38281
34283
34482
38282
34284
34483
38283
34285
34484
38284
34286
34485
38285
34287
34486
38286
34288
34487
38287
34289
34488
38288
34290
34489
38289
34291
34490
38290
34292
34491
38291
34293
34492
38292
34294
34493
38293
34295
34494
38294
34296
34495
38295
34297
34496
38296
34298
34497
38297
34299
34498
38298
34300
34499
38299
34301
34500
38300
34302
34501
38301
34303
34502
38302
34304
34503
38303
34305
34504
38304
34306
34505
38305
34307
34506
38306
34308
34507
38307
34309
34508
38308
34310
34509
38309
34311
34510
38310
34312
34511
38311
34313
34512
38312
34314
34513
38313
34315
34514
38314
34316
34515
38315
34317
34516
38316
34318
34517
38317
34319
34518
38318
34320
34519
38319
34321
34520
38320
34322
34521
38321
34323
34522
38322
34324
34523
38323
34325
34524
38324
34326
34525
38325
34327
34526
38326
34328
34527
38327
34329
34528
38328
34330
34529
38329
34331
34530
38330
34332
34531
38331
34333
34532
38332
34334
34533
38333
34335
34534
38334
34336
34535
38335
34337
34536
38336
34338
34537
38337
34339
34538
38338
34340
34539
38339
34341
34540
38340
34342
34541
38341
34343
34542
38342
34344
34543
38343
34345
34544
38344
34346
34545
38345
34347
34546
38346
34348
34547
38347
34349
34548
38348
34350
34549
38349
34351
34550
38350
34352
34551
38351
34353
34552
38352
34354
34553
38353
34355
34554
38354
34356
34555
38355
34357
34556
38356
34358
34557
38357
34359
34558
38358
34360
34559
38359
34361
34560
38360
34362
34561
38361
34363
34562
38362
34364
34563
38363
34365
34564
38364
34366
34565
38365
34367
34566
38366
34368
34567
38367
34369
34568
38368
34370
34569
38369
34371
34570
38370
34372
34571
38371
34373
34572
38372
34374
34573
38373
34375
34574
38374
34376
34575
38375
34377
34576
38376
34378
34577
38377
34379
34578
38378
34380
34579
38379
34381
34580
38380
34382
34581
38381
34383
34582
38382
34384
34583
38383
34385
34584
38384
34386
34585
38385
34387
34586
38386
34388
34587
38387
34389
34588
38388
34390
34589
38389
34391
34590
38390
34392
34591
38391
34393
34592
38392
34394
34593
38393
34395
34594
38394
34396
34595
38395
34397
34596
38396
34398
34597
38397
34399
34598
38398
34599
38399
34401
34600
38400
34402
34601
38401
34403
34602
38402
34404
34603
38403
34405
34604
38404
34406
34605
38405
34407
34606
38406
34408
34607
38407
34409
34608
38408
34410
34609
38409
34411
34610
38410
34412
34611
38411
34413
34612
38412
34414
34613
38413
34415
34614
38414
34416
34615
38415
34417
34616
38416
34418
34617
38417
34419
34618
38418
34420
34619
38419
34421
34620
38420
34422
34621
38421
34423
34622
38422
34424
34623
38423
34425
34624
38424
34426
34625
38425
34427
34626
38426
34428
34627
38427
34429
34628
38428
34430
34629
38429
34431
34630
38430
34432
34631
38431
34433
34632
38432
34434
34633
38433
34435
34634
38434
34436
34635
38435
34437
34636
38436
34438
34637
38437
34439
34638
38438
34440
34639
38439
34441
34640
38440
34442
34641
38441
34443
34642
38442
34444
34643
38443
34445
34644
38444
34446
34645
38445
34447
34646
38446
34448
34647
38447
34449
34648
38448
34450
34649
38449
34451
34650
38450
34452
34651
38451
34453
34652
38452
34454
34653
38453
34455
34654
38454
34456
34655
38455
34457
34656
38456
34458
34657
38457
34459
34658
38458
34460
34659
38459
34461
34660
38460
34462
34661
38461
34463
34662
38462
34464
34663
38463
34465
34664
38464
34466
34665
38465
34467
34666
38466
34468
34667
38467
34469
34668
38468
34470
34669
38469
34471
34670
38470
34472
34671
38471
34473
34672
38472
34474
34673
38473
34475
34674
38474
34476
34675
38475
34477
34676
38476
34478
34677
38477
34479
34678
38478
34480
34679
38479
34481
34680
38480
34482
34681
38481
34483
34682
38482
34484
34683
38483
34485
34684
38484
34486
34685
38485
34487
34686
38486
34488
34687
38487
34489
34688
38488
34490
34689
38489
34491
34690
38490
34492
34691
38491
34493
34692
38492
34494
34693
38493
34495
34694
38494
34496
34695
38495
34497
34696
38496
34498
34697
38497
34499
34698
38498
34500
34699
38499
34501
34700
38500
34502
34701
38501
34503
34702
38502
34504
34703
38503
34505
34704
38504
34506
34705
38505
34507
34706
38506
34508
34707
38507
34509
34708
38508
34510
34709
38509
34511
34710
38510
34512
34711
38511
34513
34712
38512
34514
34713
38513
34515
34714
38514
34516
34715
38515
34517
34716
38516
34518
34717
38517
34519
34718
38518
34520
34719
38519
34521
34720
38520
34522
34721
38521
34523
34722
38522
34524
34723
38523
34525
34724
38524
34526
34725
38525
34527
34726
38526
34528
34727
38527
34529
34728
38528
34530
34729
38529
34531
34730
38530
34532
34731
38531
34533
34732
38532
34534
34733
38533
34535
34734
38534
34536
34735
38535
34537
34736
38536
34538
34737
38537
34539
34738
38538
34540
34739
38539
34541
34740
38540
34542
34741
38541
34543
34742
38542
34544
34743
38543
34545
34744
38544
34546
34745
38545
34547
34746
38546
34548
34747
38547
34549
34748
38548
34550
34749
38549
34551
34750
38550
34552
34751
38551
34553
34752
38552
34554
34753
38553
34555
34754
38554
34556
34755
38555
34557
34756
38556
34558
34757
38557
34559
34758
38558
34560
34759
38559
34561
34760
38560
34562
34761
38561
34563
34762
38562
34564
34763
38563
34565
34764
38564
34566
34765
38565
34567
34766
38566
34568
34767
38567
34569
34768
38568
34570
34769
38569
34571
34770
38570
34572
34771
38571
34573
34772
38572
34574
34773
38573
34575
34774
38574
34576
34775
38575
34577
34776
38576
34578
34777
38577
34579
34778
38578
34580
34779
38579
34581
34780
38580
34582
34781
38581
34583
34782
38582
34584
34783
38583
34585
34784
38584
34586
34785
38585
34587
34786
38586
34588
34787
38587
34589
34788
38588
34590
34789
38589
34591
34790
38590
34592
34791
38591
34593
34792
38592
34594
34793
38593
34595
34794
38594
34596
34795
38595
34597
34796
38596
34598
34797
38597
34599
34798
38598
34799
38599
34601
34800
38600
34602
34801
38601
34603
34802
38602
34604
34803
38603
34605
34804
38604
34606
34805
38605
34607
34806
38606
34608
34807
38607
34609
34808
38608
34610
34809
38609
34611
34810
38610
34612
34811
38611
34613
34812
38612
34614
34813
38613
34615
34814
38614
34616
34815
38615
34617
34816
38616
34618
34817
38617
34619
34818
38618
34620
34819
38619
34621
34820
38620
34622
34821
38621
34623
34822
38622
34624
34823
38623
34625
34824
38624
34626
34825
38625
34627
34826
38626
34628
34827
38627
34629
34828
38628
34630
34829
38629
34631
34830
38630
34632
34831
38631
34633
34832
38632
34634
34833
38633
34635
34834
38634
34636
34835
38635
34637
34836
38636
34638
34837
38637
34639
34838
38638
34640
34839
38639
34641
34840
38640
34642
34841
38641
34643
34842
38642
34644
34843
38643
34645
34844
38644
34646
34845
38645
34647
34846
38646
34648
34847
38647
34649
34848
38648
34650
34849
38649
34651
34850
38650
34652
34851
38651
34653
34852
38652
34654
34853
38653
34655
34854
38654
34656
34855
38655
34657
34856
38656
34658
34857
38657
34659
34858
38658
34660
34859
38659
34661
34860
38660
34662
34861
38661
34663
34862
38662
34664
34863
38663
34665
34864
38664
34666
34865
38665
34667
34866
38666
34668
34867
38667
34669
34868
38668
34670
34869
38669
34671
34870
38670
34672
34871
38671
34673
34872
38672
34674
34873
38673
34675
34874
38674
34676
34875
38675
34677
34876
38676
34678
34877
38677
34679
34878
38678
34680
34879
38679
34681
34880
38680
34682
34881
38681
34683
34882
38682
34684
34883
38683
34685
34884
38684
34686
34885
38685
34687
34886
38686
34688
34887
38687
34689
34888
38688
34690
34889
38689
34691
34890
38690
34692
34891
38691
34693
34892
38692
34694
34893
38693
34695
34894
38694
34696
34895
38695
34697
34896
38696
34698
34897
38697
34699
34898
38698
34700
34899
38699
34701
34900
38700
34702
34901
38701
34703
34902
38702
34704
34903
38703
34705
34904
38704
34706
34905
38705
34707
34906
38706
34708
34907
38707
34709
34908
38708
34710
34909
38709
34711
34910
38710
34712
34911
38711
34713
34912
38712
34714
34913
38713
34715
34914
38714
34716
34915
38715
34717
34916
38716
34718
34917
38717
34719
34918
38718
34720
34919
38719
34721
34920
38720
34722
34921
38721
34723
34922
38722
34724
34923
38723
34725
34924
38724
34726
34925
38725
34727
34926
38726
34728
34927
38727
34729
34928
38728
34730
34929
38729
34731
34930
38730
34732
34931
38731
34733
34932
38732
34734
34933
38733
34735
34934
38734
34736
34935
38735
34737
34936
38736
34738
34937
38737
34739
34938
38738
34740
34939
38739
34741
34940
38740
34742
34941
38741
34743
34942
38742
34744
34943
38743
34745
34944
38744
34746
34945
38745
34747
34946
38746
34748
34947
38747
34749
34948
38748
34750
34949
38749
34751
34950
38750
34752
34951
38751
34753
34952
38752
34754
34953
38753
34755
34954
38754
34756
34955
38755
34757
34956
38756
34758
34957
38757
34759
34958
38758
34760
34959
38759
34761
34960
38760
34762
34961
38761
34763
34962
38762
34764
34963
38763
34765
34964
38764
34766
34965
38765
34767
34966
38766
34768
34967
38767
34769
34968
38768
34770
34969
38769
34771
34970
38770
34772
34971
38771
34773
34972
38772
34774
34973
38773
34775
34974
38774
34776
34975
38775
34777
34976
38776
34778
34977
38777
34779
34978
38778
34780
34979
38779
34781
34980
38780
34782
34981
38781
34783
34982
38782
34784
34983
38783
34785
34984
38784
34786
34985
38785
34787
34986
38786
34788
34987
38787
34789
34988
38788
34790
34989
38789
34791
34990
38790
34792
34991
38791
34793
34992
38792
34794
34993
38793
34795
34994
38794
34796
34995
38795
34797
34996
38796
34798
34997
38797
34799
34998
38798
34999
38799
34801
35000
38800
34802
35001
38801
34803
35002
38802
34804
35003
38803
34805
35004
38804
34806
35005
38805
34807
35006
38806
34808
35007
38807
34809
35008
38808
34810
35009
38809
34811
35010
38810
34812
35011
38811
34813
35012
38812
34814
35013
38813
34815
35014
38814
34816
35015
38815
34817
35016
38816
34818
35017
38817
34819
35018
38818
34820
35019
38819
34821
35020
38820
34822
35021
38821
34823
35022
38822
34824
35023
38823
34825
35024
38824
34826
35025
38825
34827
35026
38826
34828
35027
38827
34829
35028
38828
34830
35029
38829
34831
35030
38830
34832
35031
38831
34833
35032
38832
34834
35033
38833
34835
35034
38834
34836
35035
38835
34837
35036
38836
34838
35037
38837
34839
35038
38838
34840
35039
38839
34841
35040
38840
34842
35041
38841
34843
35042
38842
34844
35043
38843
34845
35044
38844
34846
35045
38845
34847
35046
38846
34848
35047
38847
34849
35048
38848
34850
35049
38849
34851
35050
38850
34852
35051
38851
34853
35052
38852
34854
35053
38853
34855
35054
38854
34856
35055
38855
34857
35056
38856
34858
35057
38857
34859
35058
38858
34860
35059
38859
34861
35060
38860
34862
35061
38861
34863
35062
38862
34864
35063
38863
34865
35064
38864
34866
35065
38865
34867
35066
38866
34868
35067
38867
34869
35068
38868
34870
35069
38869
34871
35070
38870
34872
35071
38871
34873
35072
38872
34874
35073
38873
34875
35074
38874
34876
35075
38875
34877
35076
38876
34878
35077
38877
34879
35078
38878
34880
35079
38879
34881
35080
38880
34882
35081
38881
34883
35082
38882
34884
35083
38883
34885
35084
38884
34886
35085
38885
34887
35086
38886
34888
35087
38887
34889
35088
38888
34890
35089
38889
34891
35090
38890
34892
35091
38891
34893
35092
38892
34894
35093
38893
34895
35094
38894
34896
35095
38895
34897
35096
38896
34898
35097
38897
34899
35098
38898
34900
35099
38899
34901
35100
38900
34902
35101
38901
34903
35102
38902
34904
35103
38903
34905
35104
38904
34906
35105
38905
34907
35106
38906
34908
35107
38907
34909
35108
38908
34910
35109
38909
34911
35110
38910
34912
35111
38911
34913
35112
38912
34914
35113
38913
34915
35114
38914
34916
35115
38915
34917
35116
38916
34918
35117
38917
34919
35118
38918
34920
35119
38919
34921
35120
38920
34922
35121
38921
34923
35122
38922
34924
35123
38923
34925
35124
38924
34926
35125
38925
34927
35126
38926
34928
35127
38927
34929
35128
38928
34930
35129
38929
34931
35130
38930
34932
35131
38931
34933
35132
38932
34934
35133
38933
34935
35134
38934
34936
35135
38935
34937
35136
38936
34938
35137
38937
34939
35138
38938
34940
35139
38939
34941
35140
38940
34942
35141
38941
34943
35142
38942
34944
35143
38943
34945
35144
38944
34946
35145
38945
34947
35146
38946
34948
35147
38947
34949
35148
38948
34950
35149
38949
34951
35150
38950
34952
35151
38951
34953
35152
38952
34954
35153
38953
34955
35154
38954
34956
35155
38955
34957
35156
38956
34958
35157
38957
34959
35158
38958
34960
35159
38959
34961
35160
38960
34962
35161
38961
34963
35162
38962
34964
35163
38963
34965
35164
38964
34966
35165
38965
34967
35166
38966
34968
35167
38967
34969
35168
38968
34970
35169
38969
34971
35170
38970
34972
35171
38971
34973
35172
38972
34974
35173
38973
34975
35174
38974
34976
35175
38975
34977
35176
38976
34978
35177
38977
34979
35178
38978
34980
35179
38979
34981
35180
38980
34982
35181
38981
34983
35182
38982
34984
35183
38983
34985
35184
38984
34986
35185
38985
34987
35186
38986
34988
35187
38987
34989
35188
38988
34990
35189
38989
34991
35190
38990
34992
35191
38991
34993
35192
38992
34994
35193
38993
34995
35194
38994
34996
35195
38995
34997
35196
38996
34998
35197
38997
34999
35198
38998
35199
38999
35001
35200
39000
35002
35201
39001
35003
35202
39002
35004
35203
39003
35005
35204
39004
35006
35205
39005
35007
35206
39006
35008
35207
39007
35009
35208
39008
35010
35209
39009
35011
35210
39010
35012
35211
39011
35013
35212
39012
35014
35213
39013
35015
35214
39014
35016
35215
39015
35017
35216
39016
35018
35217
39017
35019
35218
39018
35020
35219
39019
35021
35220
39020
35022
35221
39021
35023
35222
39022
35024
35223
39023
35025
35224
39024
35026
35225
39025
35027
35226
39026
35028
35227
39027
35029
35228
39028
35030
35229
39029
35031
35230
39030
35032
35231
39031
35033
35232
39032
35034
35233
39033
35035
35234
39034
35036
35235
39035
35037
35236
39036
35038
35237
39037
35039
35238
39038
35040
35239
39039
35041
35240
39040
35042
35241
39041
35043
35242
39042
35044
35243
39043
35045
35244
39044
35046
35245
39045
35047
35246
39046
35048
35247
39047
35049
35248
39048
35050
35249
39049
35051
35250
39050
35052
35251
39051
35053
35252
39052
35054
35253
39053
35055
35254
39054
35056
35255
39055
35057
35256
39056
35058
35257
39057
35059
35258
39058
35060
35259
39059
35061
35260
39060
35062
35261
39061
35063
35262
39062
35064
35263
39063
35065
35264
39064
35066
35265
39065
35067
35266
39066
35068
35267
39067
35069
35268
39068
35070
35269
39069
35071
35270
39070
35072
35271
39071
35073
35272
39072
35074
35273
39073
35075
35274
39074
35076
35275
39075
35077
35276
39076
35078
35277
39077
35079
35278
39078
35080
35279
39079
35081
35280
39080
35082
35281
39081
35083
35282
39082
35084
35283
39083
35085
35284
39084
35086
35285
39085
35087
35286
39086
35088
35287
39087
35089
35288
39088
35090
35289
39089
35091
35290
39090
35092
35291
39091
35093
35292
39092
35094
35293
39093
35095
35294
39094
35096
35295
39095
35097
35296
39096
35098
35297
39097
35099
35298
39098
35100
35299
39099
35101
35300
39100
35102
35301
39101
35103
35302
39102
35104
35303
39103
35105
35304
39104
35106
35305
39105
35107
35306
39106
35108
35307
39107
35109
35308
39108
35110
35309
39109
35111
35310
39110
35112
35311
39111
35113
35312
39112
35114
35313
39113
35115
35314
39114
35116
35315
39115
35117
35316
39116
35118
35317
39117
35119
35318
39118
35120
35319
39119
35121
35320
39120
35122
35321
39121
35123
35322
39122
35124
35323
39123
35125
35324
39124
35126
35325
39125
35127
35326
39126
35128
35327
39127
35129
35328
39128
35130
35329
39129
35131
35330
39130
35132
35331
39131
35133
35332
39132
35134
35333
39133
35135
35334
39134
35136
35335
39135
35137
35336
39136
35138
35337
39137
35139
35338
39138
35140
35339
39139
35141
35340
39140
35142
35341
39141
35143
35342
39142
35144
35343
39143
35145
35344
39144
35146
35345
39145
35147
35346
39146
35148
35347
39147
35149
35348
39148
35150
35349
39149
35151
35350
39150
35152
35351
39151
35153
35352
39152
35154
35353
39153
35155
35354
39154
35156
35355
39155
35157
35356
39156
35158
35357
39157
35159
35358
39158
35160
35359
39159
35161
35360
39160
35162
35361
39161
35163
35362
39162
35164
35363
39163
35165
35364
39164
35166
35365
39165
35167
35366
39166
35168
35367
39167
35169
35368
39168
35170
35369
39169
35171
35370
39170
35172
35371
39171
35173
35372
39172
35174
35373
39173
35175
35374
39174
35176
35375
39175
35177
35376
39176
35178
35377
39177
35179
35378
39178
35180
35379
39179
35181
35380
39180
35182
35381
39181
35183
35382
39182
35184
35383
39183
35185
35384
39184
35186
35385
39185
35187
35386
39186
35188
35387
39187
35189
35388
39188
35190
35389
39189
35191
35390
39190
35192
35391
39191
35193
35392
39192
35194
35393
39193
35195
35394
39194
35196
35395
39195
35197
35396
39196
35198
35397
39197
35199
35398
39198
35399
39199
35201
35400
39200
35202
35401
39201
35203
35402
39202
35204
35403
39203
35205
35404
39204
35206
35405
39205
35207
35406
39206
35208
35407
39207
35209
35408
39208
35210
35409
39209
35211
35410
39210
35212
35411
39211
35213
35412
39212
35214
35413
39213
35215
35414
39214
35216
35415
39215
35217
35416
39216
35218
35417
39217
35219
35418
39218
35220
35419
39219
35221
35420
39220
35222
35421
39221
35223
35422
39222
35224
35423
39223
35225
35424
39224
35226
35425
39225
35227
35426
39226
35228
35427
39227
35229
35428
39228
35230
35429
39229
35231
35430
39230
35232
35431
39231
35233
35432
39232
35234
35433
39233
35235
35434
39234
35236
35435
39235
35237
35436
39236
35238
35437
39237
35239
35438
39238
35240
35439
39239
35241
35440
39240
35242
35441
39241
35243
35442
39242
35244
35443
39243
35245
35444
39244
35246
35445
39245
35247
35446
39246
35248
35447
39247
35249
35448
39248
35250
35449
39249
35251
35450
39250
35252
35451
39251
35253
35452
39252
35254
35453
39253
35255
35454
39254
35256
35455
39255
35257
35456
39256
35258
35457
39257
35259
35458
39258
35260
35459
39259
35261
35460
39260
35262
35461
39261
35263
35462
39262
35264
35463
39263
35265
35464
39264
35266
35465
39265
35267
35466
39266
35268
35467
39267
35269
35468
39268
35270
35469
39269
35271
35470
39270
35272
35471
39271
35273
35472
39272
35274
35473
39273
35275
35474
39274
35276
35475
39275
35277
35476
39276
35278
35477
39277
35279
35478
39278
35280
35479
39279
35281
35480
39280
35282
35481
39281
35283
35482
39282
35284
35483
39283
35285
35484
39284
35286
35485
39285
35287
35486
39286
35288
35487
39287
35289
35488
39288
35290
35489
39289
35291
35490
39290
35292
35491
39291
35293
35492
39292
35294
35493
39293
35295
35494
39294
35296
35495
39295
35297
35496
39296
35298
35497
39297
35299
35498
39298
35300
35499
39299
35301
35500
39300
35302
35501
39301
35303
35502
39302
35304
35503
39303
35305
35504
39304
35306
35505
39305
35307
35506
39306
35308
35507
39307
35309
35508
39308
35310
35509
39309
35311
35510
39310
35312
35511
39311
35313
35512
39312
35314
35513
39313
35315
35514
39314
35316
35515
39315
35317
35516
39316
35318
35517
39317
35319
35518
39318
35320
35519
39319
35321
35520
39320
35322
35521
39321
35323
35522
39322
35324
35523
39323
35325
35524
39324
35326
35525
39325
35327
35526
39326
35328
35527
39327
35329
35528
39328
35330
35529
39329
35331
35530
39330
35332
35531
39331
35333
35532
39332
35334
35533
39333
35335
35534
39334
35336
35535
39335
35337
35536
39336
35338
35537
39337
35339
35538
39338
35340
35539
39339
35341
35540
39340
35342
35541
39341
35343
35542
39342
35344
35543
39343
35345
35544
39344
35346
35545
39345
35347
35546
39346
35348
35547
39347
35349
35548
39348
35350
35549
39349
35351
35550
39350
35352
35551
39351
35353
35552
39352
35354
35553
39353
35355
35554
39354
35356
35555
39355
35357
35556
39356
35358
35557
39357
35359
35558
39358
35360
35559
39359
35361
35560
39360
35362
35561
39361
35363
35562
39362
35364
35563
39363
35365
35564
39364
35366
35565
39365
35367
35566
39366
35368
35567
39367
35369
35568
39368
35370
35569
39369
35371
35570
39370
35372
35571
39371
35373
35572
39372
35374
35573
39373
35375
35574
39374
35376
35575
39375
35377
35576
39376
35378
35577
39377
35379
35578
39378
35380
35579
39379
35381
35580
39380
35382
35581
39381
35383
35582
39382
35384
35583
39383
35385
35584
39384
35386
35585
39385
35387
35586
39386
35388
35587
39387
35389
35588
39388
35390
35589
39389
35391
35590
39390
35392
35591
39391
35393
35592
39392
35394
35593
39393
35395
35594
39394
35396
35595
39395
35397
35596
39396
35398
35597
39397
35399
35598
39398
35599
39399
35401
35600
39400
35402
35601
39401
35403
35602
39402
35404
35603
39403
35405
35604
39404
35406
35605
39405
35407
35606
39406
35408
35607
39407
35409
35608
39408
35410
35609
39409
35411
35610
39410
35412
35611
39411
35413
35612
39412
35414
35613
39413
35415
35614
39414
35416
35615
39415
35417
35616
39416
35418
35617
39417
35419
35618
39418
35420
35619
39419
35421
35620
39420
35422
35621
39421
35423
35622
39422
35424
35623
39423
35425
35624
39424
35426
35625
39425
35427
35626
39426
35428
35627
39427
35429
35628
39428
35430
35629
39429
35431
35630
39430
35432
35631
39431
35433
35632
39432
35434
35633
39433
35435
35634
39434
35436
35635
39435
35437
35636
39436
35438
35637
39437
35439
35638
39438
35440
35639
39439
35441
35640
39440
35442
35641
39441
35443
35642
39442
35444
35643
39443
35445
35644
39444
35446
35645
39445
35447
35646
39446
35448
35647
39447
35449
35648
39448
35450
35649
39449
35451
35650
39450
35452
35651
39451
35453
35652
39452
35454
35653
39453
35455
35654
39454
35456
35655
39455
35457
35656
39456
35458
35657
39457
35459
35658
39458
35460
35659
39459
35461
35660
39460
35462
35661
39461
35463
35662
39462
35464
35663
39463
35465
35664
39464
35466
35665
39465
35467
35666
39466
35468
35667
39467
35469
35668
39468
35470
35669
39469
35471
35670
39470
35472
35671
39471
35473
35672
39472
35474
35673
39473
35475
35674
39474
35476
35675
39475
35477
35676
39476
35478
35677
39477
35479
35678
39478
35480
35679
39479
35481
35680
39480
35482
35681
39481
35483
35682
39482
35484
35683
39483
35485
35684
39484
35486
35685
39485
35487
35686
39486
35488
35687
39487
35489
35688
39488
35490
35689
39489
35491
35690
39490
35492
35691
39491
35493
35692
39492
35494
35693
39493
35495
35694
39494
35496
35695
39495
35497
35696
39496
35498
35697
39497
35499
35698
39498
35500
35699
39499
35501
35700
39500
35502
35701
39501
35503
35702
39502
35504
35703
39503
35505
35704
39504
35506
35705
39505
35507
35706
39506
35508
35707
39507
35509
35708
39508
35510
35709
39509
35511
35710
39510
35512
35711
39511
35513
35712
39512
35514
35713
39513
35515
35714
39514
35516
35715
39515
35517
35716
39516
35518
35717
39517
35519
35718
39518
35520
35719
39519
35521
35720
39520
35522
35721
39521
35523
35722
39522
35524
35723
39523
35525
35724
39524
35526
35725
39525
35527
35726
39526
35528
35727
39527
35529
35728
39528
35530
35729
39529
35531
35730
39530
35532
35731
39531
35533
35732
39532
35534
35733
39533
35535
35734
39534
35536
35735
39535
35537
35736
39536
35538
35737
39537
35539
35738
39538
35540
35739
39539
35541
35740
39540
35542
35741
39541
35543
35742
39542
35544
35743
39543
35545
35744
39544
35546
35745
39545
35547
35746
39546
35548
35747
39547
35549
35748
39548
35550
35749
39549
35551
35750
39550
35552
35751
39551
35553
35752
39552
35554
35753
39553
35555
35754
39554
35556
35755
39555
35557
35756
39556
35558
35757
39557
35559
35758
39558
35560
35759
39559
35561
35760
39560
35562
35761
39561
35563
35762
39562
35564
35763
39563
35565
35764
39564
35566
35765
39565
35567
35766
39566
35568
35767
39567
35569
35768
39568
35570
35769
39569
35571
35770
39570
35572
35771
39571
35573
35772
39572
35574
35773
39573
35575
35774
39574
35576
35775
39575
35577
35776
39576
35578
35777
39577
35579
35778
39578
35580
35779
39579
35581
35780
39580
35582
35781
39581
35583
35782
39582
35584
35783
39583
35585
35784
39584
35586
35785
39585
35587
35786
39586
35588
35787
39587
35589
35788
39588
35590
35789
39589
35591
35790
39590
35592
35791
39591
35593
35792
39592
35594
35793
39593
35595
35794
39594
35596
35795
39595
35597
35796
39596
35598
35797
39597
35599
35798
39598
35799
39599
35601
35800
39600
35602
35801
39601
35603
35802
39602
35604
35803
39603
35605
35804
39604
35606
35805
39605
35607
35806
39606
35608
35807
39607
35609
35808
39608
35610
35809
39609
35611
35810
39610
35612
35811
39611
35613
35812
39612
35614
35813
39613
35615
35814
39614
35616
35815
39615
35617
35816
39616
35618
35817
39617
35619
35818
39618
35620
35819
39619
35621
35820
39620
35622
35821
39621
35623
35822
39622
35624
35823
39623
35625
35824
39624
35626
35825
39625
35627
35826
39626
35628
35827
39627
35629
35828
39628
35630
35829
39629
35631
35830
39630
35632
35831
39631
35633
35832
39632
35634
35833
39633
35635
35834
39634
35636
35835
39635
35637
35836
39636
35638
35837
39637
35639
35838
39638
35640
35839
39639
35641
35840
39640
35642
35841
39641
35643
35842
39642
35644
35843
39643
35645
35844
39644
35646
35845
39645
35647
35846
39646
35648
35847
39647
35649
35848
39648
35650
35849
39649
35651
35850
39650
35652
35851
39651
35653
35852
39652
35654
35853
39653
35655
35854
39654
35656
35855
39655
35657
35856
39656
35658
35857
39657
35659
35858
39658
35660
35859
39659
35661
35860
39660
35662
35861
39661
35663
35862
39662
35664
35863
39663
35665
35864
39664
35666
35865
39665
35667
35866
39666
35668
35867
39667
35669
35868
39668
35670
35869
39669
35671
35870
39670
35672
35871
39671
35673
35872
39672
35674
35873
39673
35675
35874
39674
35676
35875
39675
35677
35876
39676
35678
35877
39677
35679
35878
39678
35680
35879
39679
35681
35880
39680
35682
35881
39681
35683
35882
39682
35684
35883
39683
35685
35884
39684
35686
35885
39685
35687
35886
39686
35688
35887
39687
35689
35888
39688
35690
35889
39689
35691
35890
39690
35692
35891
39691
35693
35892
39692
35694
35893
39693
35695
35894
39694
35696
35895
39695
35697
35896
39696
35698
35897
39697
35699
35898
39698
35700
35899
39699
35701
35900
39700
35702
35901
39701
35703
35902
39702
35704
35903
39703
35705
35904
39704
35706
35905
39705
35707
35906
39706
35708
35907
39707
35709
35908
39708
35710
35909
39709
35711
35910
39710
35712
35911
39711
35713
35912
39712
35714
35913
39713
35715
35914
39714
35716
35915
39715
35717
35916
39716
35718
35917
39717
35719
35918
39718
35720
35919
39719
35721
35920
39720
35722
35921
39721
35723
35922
39722
35724
35923
39723
35725
35924
39724
35726
35925
39725
35727
35926
39726
35728
35927
39727
35729
35928
39728
35730
35929
39729
35731
35930
39730
35732
35931
39731
35733
35932
39732
35734
35933
39733
35735
35934
39734
35736
35935
39735
35737
35936
39736
35738
35937
39737
35739
35938
39738
35740
35939
39739
35741
35940
39740
35742
35941
39741
35743
35942
39742
35744
35943
39743
35745
35944
39744
35746
35945
39745
35747
35946
39746
35748
35947
39747
35749
35948
39748
35750
35949
39749
35751
35950
39750
35752
35951
39751
35753
35952
39752
35754
35953
39753
35755
35954
39754
35756
35955
39755
35757
35956
39756
35758
35957
39757
35759
35958
39758
35760
35959
39759
35761
35960
39760
35762
35961
39761
35763
35962
39762
35764
35963
39763
35765
35964
39764
35766
35965
39765
35767
35966
39766
35768
35967
39767
35769
35968
39768
35770
35969
39769
35771
35970
39770
35772
35971
39771
35773
35972
39772
35774
35973
39773
35775
35974
39774
35776
35975
39775
35777
35976
39776
35778
35977
39777
35779
35978
39778
35780
35979
39779
35781
35980
39780
35782
35981
39781
35783
35982
39782
35784
35983
39783
35785
35984
39784
35786
35985
39785
35787
35986
39786
35788
35987
39787
35789
35988
39788
35790
35989
39789
35791
35990
39790
35792
35991
39791
35793
35992
39792
35794
35993
39793
35795
35994
39794
35796
35995
39795
35797
35996
39796
35798
35997
39797
35799
35998
39798
35999
39799
35801
39800
35802
39801
35803
39802
35804
39803
35805
39804
35806
39805
35807
39806
35808
39807
35809
39808
35810
39809
35811
39810
35812
39811
35813
39812
35814
39813
35815
39814
35816
39815
35817
39816
35818
39817
35819
39818
35820
39819
35821
39820
35822
39821
35823
39822
35824
39823
35825
39824
35826
39825
35827
39826
35828
39827
35829
39828
35830
39829
35831
39830
35832
39831
35833
39832
35834
39833
35835
39834
35836
39835
35837
39836
35838
39837
35839
39838
35840
39839
35841
39840
35842
39841
35843
39842
35844
39843
35845
39844
35846
39845
35847
39846
35848
39847
35849
39848
35850
39849
35851
39850
35852
39851
35853
39852
35854
39853
35855
39854
35856
39855
35857
39856
35858
39857
35859
39858
35860
39859
35861
39860
35862
39861
35863
39862
35864
39863
35865
39864
35866
39865
35867
39866
35868
39867
35869
39868
35870
39869
35871
39870
35872
39871
35873
39872
35874
39873
35875
39874
35876
39875
35877
39876
35878
39877
35879
39878
35880
39879
35881
39880
35882
39881
35883
39882
35884
39883
35885
39884
35886
39885
35887
39886
35888
39887
35889
39888
35890
39889
35891
39890
35892
39891
35893
39892
35894
39893
35895
39894
35896
39895
35897
39896
35898
39897
35899
39898
35900
39899
35901
39900
35902
39901
35903
39902
35904
39903
35905
39904
35906
39905
35907
39906
35908
39907
35909
39908
35910
39909
35911
39910
35912
39911
35913
39912
35914
39913
35915
39914
35916
39915
35917
39916
35918
39917
35919
39918
35920
39919
35921
39920
35922
39921
35923
39922
35924
39923
35925
39924
35926
39925
35927
39926
35928
39927
35929
39928
35930
39929
35931
39930
35932
39931
35933
39932
35934
39933
35935
39934
35936
39935
35937
39936
35938
39937
35939
39938
35940
39939
35941
39940
35942
39941
35943
39942
35944
39943
35945
39944
35946
39945
35947
39946
35948
39947
35949
39948
35950
39949
35951
39950
35952
39951
35953
39952
35954
39953
35955
39954
35956
39955
35957
39956
35958
39957
35959
39958
35960
39959
35961
39960
35962
39961
35963
39962
35964
39963
35965
39964
35966
39965
35967
39966
35968
39967
35969
39968
35970
39969
35971
39970
35972
39971
35973
39972
35974
39973
35975
39974
35976
39975
35977
39976
35978
39977
35979
39978
35980
39979
35981
39980
35982
39981
35983
39982
35984
39983
35985
39984
35986
39985
35987
39986
35988
39987
35989
39988
35990
39989
35991
39990
35992
39991
35993
39992
35994
39993
35995
39994
35996
39995
35997
39996
35998
39997
35999
39998
39999
36001
36200
36002
36201
36003
36202
36004
36203
36005
36204
36006
36205
36007
36206
36008
36207
36009
36208
36010
36209
36011
36210
36012
36211
36013
36212
36014
36213
36015
36214
36016
36215
36017
36216
36018
36217
36019
36218
36020
36219
36021
36220
36022
36221
36023
36222
36024
36223
36025
36224
36026
36225
36027
36226
36028
36227
36029
36228
36030
36229
36031
36230
36032
36231
36033
36232
36034
36233
36035
36234
36036
36235
36037
36236
36038
36237
36039
36238
36040
36239
36041
36240
36042
36241
36043
36242
36044
36243
36045
36244
36046
36245
36047
36246
36048
36247
36049
36248
36050
36249
36051
36250
36052
36251
36053
36252
36054
36253
36055
36254
36056
36255
36057
36256
36058
36257
36059
36258
36060
36259
36061
36260
36062
36261
36063
36262
36064
36263
36065
36264
36066
36265
36067
36266
36068
36267
36069
36268
36070
36269
36071
36270
36072
36271
36073
36272
36074
36273
36075
36274
36076
36275
36077
36276
36078
36277
36079
36278
36080
36279
36081
36280
36082
36281
36083
36282
36084
36283
36085
36284
36086
36285
36087
36286
36088
36287
36089
36288
36090
36289
36091
36290
36092
36291
36093
36292
36094
36293
36095
36294
36096
36295
36097
36296
36098
36297
36099
36298
36100
36299
36101
36300
36102
36301
36103
36302
36104
36303
36105
36304
36106
36305
36107
36306
36108
36307
36109
36308
36110
36309
36111
36310
36112
36311
36113
36312
36114
36313
36115
36314
36116
36315
36117
36316
36118
36317
36119
36318
36120
36319
36121
36320
36122
36321
36123
36322
36124
36323
36125
36324
36126
36325
36127
36326
36128
36327
36129
36328
36130
36329
36131
36330
36132
36331
36133
36332
36134
36333
36135
36334
36136
36335
36137
36336
36138
36337
36139
36338
36140
36339
36141
36340
36142
36341
36143
36342
36144
36343
36145
36344
36146
36345
36147
36346
36148
36347
36149
36348
36150
36349
36151
36350
36152
36351
36153
36352
36154
36353
36155
36354
36156
36355
36157
36356
36158
36357
36159
36358
36160
36359
36161
36360
36162
36361
36163
36362
36164
36363
36165
36364
36166
36365
36167
36366
36168
36367
36169
36368
36170
36369
36171
36370
36172
36371
36173
36372
36174
36373
36175
36374
36176
36375
36177
36376
36178
36377
36179
36378
36180
36379
36181
36380
36182
36381
36183
36382
36184
36383
36185
36384
36186
36385
36187
36386
36188
36387
36189
36388
36190
36389
36191
36390
36192
36391
36193
36392
36194
36393
36195
36394
36196
36395
36197
36396
36198
36397
36199
36398
36399
36201
36400
36202
36401
36203
36402
36204
36403
36205
36404
36206
36405
36207
36406
36208
36407
36209
36408
36210
36409
36211
36410
36212
36411
36213
36412
36214
36413
36215
36414
36216
36415
36217
36416
36218
36417
36219
36418
36220
36419
36221
36420
36222
36421
36223
36422
36224
36423
36225
36424
36226
36425
36227
36426
36228
36427
36229
36428
36230
36429
36231
36430
36232
36431
36233
36432
36234
36433
36235
36434
36236
36435
36237
36436
36238
36437
36239
36438
36240
36439
36241
36440
36242
36441
36243
36442
36244
36443
36245
36444
36246
36445
36247
36446
36248
36447
36249
36448
36250
36449
36251
36450
36252
36451
36253
36452
36254
36453
36255
36454
36256
36455
36257
36456
36258
36457
36259
36458
36260
36459
36261
36460
36262
36461
36263
36462
36264
36463
36265
36464
36266
36465
36267
36466
36268
36467
36269
36468
36270
36469
36271
36470
36272
36471
36273
36472
36274
36473
36275
36474
36276
36475
36277
36476
36278
36477
36279
36478
36280
36479
36281
36480
36282
36481
36283
36482
36284
36483
36285
36484
36286
36485
36287
36486
36288
36487
36289
36488
36290
36489
36291
36490
36292
36491
36293
36492
36294
36493
36295
36494
36296
36495
36297
36496
36298
36497
36299
36498
36300
36499
36301
36500
36302
36501
36303
36502
36304
36503
36305
36504
36306
36505
36307
36506
36308
36507
36309
36508
36310
36509
36311
36510
36312
36511
36313
36512
36314
36513
36315
36514
36316
36515
36317
36516
36318
36517
36319
36518
36320
36519
36321
36520
36322
36521
36323
36522
36324
36523
36325
36524
36326
36525
36327
36526
36328
36527
36329
36528
36330
36529
36331
36530
36332
36531
36333
36532
36334
36533
36335
36534
36336
36535
36337
36536
36338
36537
36339
36538
36340
36539
36341
36540
36342
36541
36343
36542
36344
36543
36345
36544
36346
36545
36347
36546
36348
36547
36349
36548
36350
36549
36351
36550
36352
36551
36353
36552
36354
36553
36355
36554
36356
36555
36357
36556
36358
36557
36359
36558
36360
36559
36361
36560
36362
36561
36363
36562
36364
36563
36365
36564
36366
36565
36367
36566
36368
36567
36369
36568
36370
36569
36371
36570
36372
36571
36373
36572
36374
36573
36375
36574
36376
36575
36377
36576
36378
36577
36379
36578
36380
36579
36381
36580
36382
36581
36383
36582
36384
36583
36385
36584
36386
36585
36387
36586
36388
36587
36389
36588
36390
36589
36391
36590
36392
36591
36393
36592
36394
36593
36395
36594
36396
36595
36397
36596
36398
36597
36399
36598
36599
36401
36600
36402
36601
36403
36602
36404
36603
36405
36604
36406
36605
36407
36606
36408
36607
36409
36608
36410
36609
36411
36610
36412
36611
36413
36612
36414
36613
36415
36614
36416
36615
36417
36616
36418
36617
36419
36618
36420
36619
36421
36620
36422
36621
36423
36622
36424
36623
36425
36624
36426
36625
36427
36626
36428
36627
36429
36628
36430
36629
36431
36630
36432
36631
36433
36632
36434
36633
36435
36634
36436
36635
36437
36636
36438
36637
36439
36638
36440
36639
36441
36640
36442
36641
36443
36642
36444
36643
36445
36644
36446
36645
36447
36646
36448
36647
36449
36648
36450
36649
36451
36650
36452
36651
36453
36652
36454
36653
36455
36654
36456
36655
36457
36656
36458
36657
36459
36658
36460
36659
36461
36660
36462
36661
36463
36662
36464
36663
36465
36664
36466
36665
36467
36666
36468
36667
36469
36668
36470
36669
36471
36670
36472
36671
36473
36672
36474
36673
36475
36674
36476
36675
36477
36676
36478
36677
36479
36678
36480
36679
36481
36680
36482
36681
36483
36682
36484
36683
36485
36684
36486
36685
36487
36686
36488
36687
36489
36688
36490
36689
36491
36690
36492
36691
36493
36692
36494
36693
36495
36694
36496
36695
36497
36696
36498
36697
36499
36698
36500
36699
36501
36700
36502
36701
36503
36702
36504
36703
36505
36704
36506
36705
36507
36706
36508
36707
36509
36708
36510
36709
36511
36710
36512
36711
36513
36712
36514
36713
36515
36714
36516
36715
36517
36716
36518
36717
36519
36718
36520
36719
36521
36720
36522
36721
36523
36722
36524
36723
36525
36724
36526
36725
36527
36726
36528
36727
36529
36728
36530
36729
36531
36730
36532
36731
36533
36732
36534
36733
36535
36734
36536
36735
36537
36736
36538
36737
36539
36738
36540
36739
36541
36740
36542
36741
36543
36742
36544
36743
36545
36744
36546
36745
36547
36746
36548
36747
36549
36748
36550
36749
36551
36750
36552
36751
36553
36752
36554
36753
36555
36754
36556
36755
36557
36756
36558
36757
36559
36758
36560
36759
36561
36760
36562
36761
36563
36762
36564
36763
36565
36764
36566
36765
36567
36766
36568
36767
36569
36768
36570
36769
36571
36770
36572
36771
36573
36772
36574
36773
36575
36774
36576
36775
36577
36776
36578
36777
36579
36778
36580
36779
36581
36780
36582
36781
36583
36782
36584
36783
36585
36784
36586
36785
36587
36786
36588
36787
36589
36788
36590
36789
36591
36790
36592
36791
36593
36792
36594
36793
36595
36794
36596
36795
36597
36796
36598
36797
36599
36798
36799
36601
36800
36602
36801
36603
36802
36604
36803
36605
36804
36606
36805
36607
36806
36608
36807
36609
36808
36610
36809
36611
36810
36612
36811
36613
36812
36614
36813
36615
36814
36616
36815
36617
36816
36618
36817
36619
36818
36620
36819
36621
36820
36622
36821
36623
36822
36624
36823
36625
36824
36626
36825
36627
36826
36628
36827
36629
36828
36630
36829
36631
36830
36632
36831
36633
36832
36634
36833
36635
36834
36636
36835
36637
36836
36638
36837
36639
36838
36640
36839
36641
36840
36642
36841
36643
36842
36644
36843
36645
36844
36646
36845
36647
36846
36648
36847
36649
36848
36650
36849
36651
36850
36652
36851
36653
36852
36654
36853
36655
36854
36656
36855
36657
36856
36658
36857
36659
36858
36660
36859
36661
36860
36662
36861
36663
36862
36664
36863
36665
36864
36666
36865
36667
36866
36668
36867
36669
36868
36670
36869
36671
36870
36672
36871
36673
36872
36674
36873
36675
36874
36676
36875
36677
36876
36678
36877
36679
36878
36680
36879
36681
36880
36682
36881
36683
36882
36684
36883
36685
36884
36686
36885
36687
36886
36688
36887
36689
36888
36690
36889
36691
36890
36692
36891
36693
36892
36694
36893
36695
36894
36696
36895
36697
36896
36698
36897
36699
36898
36700
36899
36701
36900
36702
36901
36703
36902
36704
36903
36705
36904
36706
36905
36707
36906
36708
36907
36709
36908
36710
36909
36711
36910
36712
36911
36713
36912
36714
36913
36715
36914
36716
36915
36717
36916
36718
36917
36719
36918
36720
36919
36721
36920
36722
36921
36723
36922
36724
36923
36725
36924
36726
36925
36727
36926
36728
36927
36729
36928
36730
36929
36731
36930
36732
36931
36733
36932
36734
36933
36735
36934
36736
36935
36737
36936
36738
36937
36739
36938
36740
36939
36741
36940
36742
36941
36743
36942
36744
36943
36745
36944
36746
36945
36747
36946
36748
36947
36749
36948
36750
36949
36751
36950
36752
36951
36753
36952
36754
36953
36755
36954
36756
36955
36757
36956
36758
36957
36759
36958
36760
36959
36761
36960
36762
36961
36763
36962
36764
36963
36765
36964
36766
36965
36767
36966
36768
36967
36769
36968
36770
36969
36771
36970
36772
36971
36773
36972
36774
36973
36775
36974
36776
36975
36777
36976
36778
36977
36779
36978
36780
36979
36781
36980
36782
36981
36783
36982
36784
36983
36785
36984
36786
36985
36787
36986
36788
36987
36789
36988
36790
36989
36791
36990
36792
36991
36793
36992
36794
36993
36795
36994
36796
36995
36797
36996
36798
36997
36799
36998
36999
36801
37000
36802
37001
36803
37002
36804
37003
36805
37004
36806
37005
36807
37006
36808
37007
36809
37008
36810
37009
36811
37010
36812
37011
36813
37012
36814
37013
36815
37014
36816
37015
36817
37016
36818
37017
36819
37018
36820
37019
36821
37020
36822
37021
36823
37022
36824
37023
36825
37024
36826
37025
36827
37026
36828
37027
36829
37028
36830
37029
36831
37030
36832
37031
36833
37032
36834
37033
36835
37034
36836
37035
36837
37036
36838
37037
36839
37038
36840
37039
36841
37040
36842
37041
36843
37042
36844
37043
36845
37044
36846
37045
36847
37046
36848
37047
36849
37048
36850
37049
36851
37050
36852
37051
36853
37052
36854
37053
36855
37054
36856
37055
36857
37056
36858
37057
36859
37058
36860
37059
36861
37060
36862
37061
36863
37062
36864
37063
36865
37064
36866
37065
36867
37066
36868
37067
36869
37068
36870
37069
36871
37070
36872
37071
36873
37072
36874
37073
36875
37074
36876
37075
36877
37076
36878
37077
36879
37078
36880
37079
36881
37080
36882
37081
36883
37082
36884
37083
36885
37084
36886
37085
36887
37086
36888
37087
36889
37088
36890
37089
36891
37090
36892
37091
36893
37092
36894
37093
36895
37094
36896
37095
36897
37096
36898
37097
36899
37098
36900
37099
36901
37100
36902
37101
36903
37102
36904
37103
36905
37104
36906
37105
36907
37106
36908
37107
36909
37108
36910
37109
36911
37110
36912
37111
36913
37112
36914
37113
36915
37114
36916
37115
36917
37116
36918
37117
36919
37118
36920
37119
36921
37120
36922
37121
36923
37122
36924
37123
36925
37124
36926
37125
36927
37126
36928
37127
36929
37128
36930
37129
36931
37130
36932
37131
36933
37132
36934
37133
36935
37134
36936
37135
36937
37136
36938
37137
36939
37138
36940
37139
36941
37140
36942
37141
36943
37142
36944
37143
36945
37144
36946
37145
36947
37146
36948
37147
36949
37148
36950
37149
36951
37150
36952
37151
36953
37152
36954
37153
36955
37154
36956
37155
36957
37156
36958
37157
36959
37158
36960
37159
36961
37160
36962
37161
36963
37162
36964
37163
36965
37164
36966
37165
36967
37166
36968
37167
36969
37168
36970
37169
36971
37170
36972
37171
36973
37172
36974
37173
36975
37174
36976
37175
36977
37176
36978
37177
36979
37178
36980
37179
36981
37180
36982
37181
36983
37182
36984
37183
36985
37184
36986
37185
36987
37186
36988
37187
36989
37188
36990
37189
36991
37190
36992
37191
36993
37192
36994
37193
36995
37194
36996
37195
36997
37196
36998
37197
36999
37198
37199
37001
37200
37002
37201
37003
37202
37004
37203
37005
37204
37006
37205
37007
37206
37008
37207
37009
37208
37010
37209
37011
37210
37012
37211
37013
37212
37014
37213
37015
37214
37016
37215
37017
37216
37018
37217
37019
37218
37020
37219
37021
37220
37022
37221
37023
37222
37024
37223
37025
37224
37026
37225
37027
37226
37028
37227
37029
37228
37030
37229
37031
37230
37032
37231
37033
37232
37034
37233
37035
37234
37036
37235
37037
37236
37038
37237
37039
37238
37040
37239
37041
37240
37042
37241
37043
37242
37044
37243
37045
37244
37046
37245
37047
37246
37048
37247
37049
37248
37050
37249
37051
37250
37052
37251
37053
37252
37054
37253
37055
37254
37056
37255
37057
37256
37058
37257
37059
37258
37060
37259
37061
37260
37062
37261
37063
37262
37064
37263
37065
37264
37066
37265
37067
37266
37068
37267
37069
37268
37070
37269
37071
37270
37072
37271
37073
37272
37074
37273
37075
37274
37076
37275
37077
37276
37078
37277
37079
37278
37080
37279
37081
37280
37082
37281
37083
37282
37084
37283
37085
37284
37086
37285
37087
37286
37088
37287
37089
37288
37090
37289
37091
37290
37092
37291
37093
37292
37094
37293
37095
37294
37096
37295
37097
37296
37098
37297
37099
37298
37100
37299
37101
37300
37102
37301
37103
37302
37104
37303
37105
37304
37106
37305
37107
37306
37108
37307
37109
37308
37110
37309
37111
37310
37112
37311
37113
37312
37114
37313
37115
37314
37116
37315
37117
37316
37118
37317
37119
37318
37120
37319
37121
37320
37122
37321
37123
37322
37124
37323
37125
37324
37126
37325
37127
37326
37128
37327
37129
37328
37130
37329
37131
37330
37132
37331
37133
37332
37134
37333
37135
37334
37136
37335
37137
37336
37138
37337
37139
37338
37140
37339
37141
37340
37142
37341
37143
37342
37144
37343
37145
37344
37146
37345
37147
37346
37148
37347
37149
37348
37150
37349
37151
37350
37152
37351
37153
37352
37154
37353
37155
37354
37156
37355
37157
37356
37158
37357
37159
37358
37160
37359
37161
37360
37162
37361
37163
37362
37164
37363
37165
37364
37166
37365
37167
37366
37168
37367
37169
37368
37170
37369
37171
37370
37172
37371
37173
37372
37174
37373
37175
37374
37176
37375
37177
37376
37178
37377
37179
37378
37180
37379
37181
37380
37182
37381
37183
37382
37184
37383
37185
37384
37186
37385
37187
37386
37188
37387
37189
37388
37190
37389
37191
37390
37192
37391
37193
37392
37194
37393
37195
37394
37196
37395
37197
37396
37198
37397
37199
37398
37399
37201
37400
37202
37401
37203
37402
37204
37403
37205
37404
37206
37405
37207
37406
37208
37407
37209
37408
37210
37409
37211
37410
37212
37411
37213
37412
37214
37413
37215
37414
37216
37415
37217
37416
37218
37417
37219
37418
37220
37419
37221
37420
37222
37421
37223
37422
37224
37423
37225
37424
37226
37425
37227
37426
37228
37427
37229
37428
37230
37429
37231
37430
37232
37431
37233
37432
37234
37433
37235
37434
37236
37435
37237
37436
37238
37437
37239
37438
37240
37439
37241
37440
37242
37441
37243
37442
37244
37443
37245
37444
37246
37445
37247
37446
37248
37447
37249
37448
37250
37449
37251
37450
37252
37451
37253
37452
37254
37453
37255
37454
37256
37455
37257
37456
37258
37457
37259
37458
37260
37459
37261
37460
37262
37461
37263
37462
37264
37463
37265
37464
37266
37465
37267
37466
37268
37467
37269
37468
37270
37469
37271
37470
37272
37471
37273
37472
37274
37473
37275
37474
37276
37475
37277
37476
37278
37477
37279
37478
37280
37479
37281
37480
37282
37481
37283
37482
37284
37483
37285
37484
37286
37485
37287
37486
37288
37487
37289
37488
37290
37489
37291
37490
37292
37491
37293
37492
37294
37493
37295
37494
37296
37495
37297
37496
37298
37497
37299
37498
37300
37499
37301
37500
37302
37501
37303
37502
37304
37503
37305
37504
37306
37505
37307
37506
37308
37507
37309
37508
37310
37509
37311
37510
37312
37511
37313
37512
37314
37513
37315
37514
37316
37515
37317
37516
37318
37517
37319
37518
37320
37519
37321
37520
37322
37521
37323
37522
37324
37523
37325
37524
37326
37525
37327
37526
37328
37527
37329
37528
37330
37529
37331
37530
37332
37531
37333
37532
37334
37533
37335
37534
37336
37535
37337
37536
37338
37537
37339
37538
37340
37539
37341
37540
37342
37541
37343
37542
37344
37543
37345
37544
37346
37545
37347
37546
37348
37547
37349
37548
37350
37549
37351
37550
37352
37551
37353
37552
37354
37553
37355
37554
37356
37555
37357
37556
37358
37557
37359
37558
37360
37559
37361
37560
37362
37561
37363
37562
37364
37563
37365
37564
37366
37565
37367
37566
37368
37567
37369
37568
37370
37569
37371
37570
37372
37571
37373
37572
37374
37573
37375
37574
37376
37575
37377
37576
37378
37577
37379
37578
37380
37579
37381
37580
37382
37581
37383
37582
37384
37583
37385
37584
37386
37585
37387
37586
37388
37587
37389
37588
37390
37589
37391
37590
37392
37591
37393
37592
37394
37593
37395
37594
37396
37595
37397
37596
37398
37597
37399
37598
37599
37401
37600
37402
37601
37403
37602
37404
37603
37405
37604
37406
37605
37407
37606
37408
37607
37409
37608
37410
37609
37411
37610
37412
37611
37413
37612
37414
37613
37415
37614
37416
37615
37417
37616
37418
37617
37419
37618
37420
37619
37421
37620
37422
37621
37423
37622
37424
37623
37425
37624
37426
37625
37427
37626
37428
37627
37429
37628
37430
37629
37431
37630
37432
37631
37433
37632
37434
37633
37435
37634
37436
37635
37437
37636
37438
37637
37439
37638
37440
37639
37441
37640
37442
37641
37443
37642
37444
37643
37445
37644
37446
37645
37447
37646
37448
37647
37449
37648
37450
37649
37451
37650
37452
37651
37453
37652
37454
37653
37455
37654
37456
37655
37457
37656
37458
37657
37459
37658
37460
37659
37461
37660
37462
37661
37463
37662
37464
37663
37465
37664
37466
37665
37467
37666
37468
37667
37469
37668
37470
37669
37471
37670
37472
37671
37473
37672
37474
37673
37475
37674
37476
37675
37477
37676
37478
37677
37479
37678
37480
37679
37481
37680
37482
37681
37483
37682
37484
37683
37485
37684
37486
37685
37487
37686
37488
37687
37489
37688
37490
37689
37491
37690
37492
37691
37493
37692
37494
37693
37495
37694
37496
37695
37497
37696
37498
37697
37499
37698
37500
37699
37501
37700
37502
37701
37503
37702
37504
37703
37505
37704
37506
37705
37507
37706
37508
37707
37509
37708
37510
37709
37511
37710
37512
37711
37513
37712
37514
37713
37515
37714
37516
37715
37517
37716
37518
37717
37519
37718
37520
37719
37521
37720
37522
37721
37523
37722
37524
37723
37525
37724
37526
37725
37527
37726
37528
37727
37529
37728
37530
37729
37531
37730
37532
37731
37533
37732
37534
37733
37535
37734
37536
37735
37537
37736
37538
37737
37539
37738
37540
37739
37541
37740
37542
37741
37543
37742
37544
37743
37545
37744
37546
37745
37547
37746
37548
37747
37549
37748
37550
37749
37551
37750
37552
37751
37553
37752
37554
37753
37555
37754
37556
37755
37557
37756
37558
37757
37559
37758
37560
37759
37561
37760
37562
37761
37563
37762
37564
37763
37565
37764
37566
37765
37567
37766
37568
37767
37569
37768
37570
37769
37571
37770
37572
37771
37573
37772
37574
37773
37575
37774
37576
37775
37577
37776
37578
37777
37579
37778
37580
37779
37581
37780
37582
37781
37583
37782
37584
37783
37585
37784
37586
37785
37587
37786
37588
37787
37589
37788
37590
37789
37591
37790
37592
37791
37593
37792
37594
37793
37595
37794
37596
37795
37597
37796
37598
37797
37599
37798
37799
37601
37800
37602
37801
37603
37802
37604
37803
37605
37804
37606
37805
37607
37806
37608
37807
37609
37808
37610
37809
37611
37810
37612
37811
37613
37812
37614
37813
37615
37814
37616
37815
37617
37816
37618
37817
37619
37818
37620
37819
37621
37820
37622
37821
37623
37822
37624
37823
37625
37824
37626
37825
37627
37826
37628
37827
37629
37828
37630
37829
37631
37830
37632
37831
37633
37832
37634
37833
37635
37834
37636
37835
37637
37836
37638
37837
37639
37838
37640
37839
37641
37840
37642
37841
37643
37842
37644
37843
37645
37844
37646
37845
37647
37846
37648
37847
37649
37848
37650
37849
37651
37850
37652
37851
37653
37852
37654
37853
37655
37854
37656
37855
37657
37856
37658
37857
37659
37858
37660
37859
37661
37860
37662
37861
37663
37862
37664
37863
37665
37864
37666
37865
37667
37866
37668
37867
37669
37868
37670
37869
37671
37870
37672
37871
37673
37872
37674
37873
37675
37874
37676
37875
37677
37876
37678
37877
37679
37878
37680
37879
37681
37880
37682
37881
37683
37882
37684
37883
37685
37884
37686
37885
37687
37886
37688
37887
37689
37888
37690
37889
37691
37890
37692
37891
37693
37892
37694
37893
37695
37894
37696
37895
37697
37896
37698
37897
37699
37898
37700
37899
37701
37900
37702
37901
37703
37902
37704
37903
37705
37904
37706
37905
37707
37906
37708
37907
37709
37908
37710
37909
37711
37910
37712
37911
37713
37912
37714
37913
37715
37914
37716
37915
37717
37916
37718
37917
37719
37918
37720
37919
37721
37920
37722
37921
37723
37922
37724
37923
37725
37924
37726
37925
37727
37926
37728
37927
37729
37928
37730
37929
37731
37930
37732
37931
37733
37932
37734
37933
37735
37934
37736
37935
37737
37936
37738
37937
37739
37938
37740
37939
37741
37940
37742
37941
37743
37942
37744
37943
37745
37944
37746
37945
37747
37946
37748
37947
37749
37948
37750
37949
37751
37950
37752
37951
37753
37952
37754
37953
37755
37954
37756
37955
37757
37956
37758
37957
37759
37958
37760
37959
37761
37960
37762
37961
37763
37962
37764
37963
37765
37964
37766
37965
37767
37966
37768
37967
37769
37968
37770
37969
37771
37970
37772
37971
37773
37972
37774
37973
37775
37974
37776
37975
37777
37976
37778
37977
37779
37978
37780
37979
37781
37980
37782
37981
37783
37982
37784
37983
37785
37984
37786
37985
37787
37986
37788
37987
37789
37988
37790
37989
37791
37990
37792
37991
37793
37992
37794
37993
37795
37994
37796
37995
37797
37996
37798
37997
37799
37998
37999
37801
38000
37802
38001
37803
38002
37804
38003
37805
38004
37806
38005
37807
38006
37808
38007
37809
38008
37810
38009
37811
38010
37812
38011
37813
38012
37814
38013
37815
38014
37816
38015
37817
38016
37818
38017
37819
38018
37820
38019
37821
38020
37822
38021
37823
38022
37824
38023
37825
38024
37826
38025
37827
38026
37828
38027
37829
38028
37830
38029
37831
38030
37832
38031
37833
38032
37834
38033
37835
38034
37836
38035
37837
38036
37838
38037
37839
38038
37840
38039
37841
38040
37842
38041
37843
38042
37844
38043
37845
38044
37846
38045
37847
38046
37848
38047
37849
38048
37850
38049
37851
38050
37852
38051
37853
38052
37854
38053
37855
38054
37856
38055
37857
38056
37858
38057
37859
38058
37860
38059
37861
38060
37862
38061
37863
38062
37864
38063
37865
38064
37866
38065
37867
38066
37868
38067
37869
38068
37870
38069
37871
38070
37872
38071
37873
38072
37874
38073
37875
38074
37876
38075
37877
38076
37878
38077
37879
38078
37880
38079
37881
38080
37882
38081
37883
38082
37884
38083
37885
38084
37886
38085
37887
38086
37888
38087
37889
38088
37890
38089
37891
38090
37892
38091
37893
38092
37894
38093
37895
38094
37896
38095
37897
38096
37898
38097
37899
38098
37900
38099
37901
38100
37902
38101
37903
38102
37904
38103
37905
38104
37906
38105
37907
38106
37908
38107
37909
38108
37910
38109
37911
38110
37912
38111
37913
38112
37914
38113
37915
38114
37916
38115
37917
38116
37918
38117
37919
38118
37920
38119
37921
38120
37922
38121
37923
38122
37924
38123
37925
38124
37926
38125
37927
38126
37928
38127
37929
38128
37930
38129
37931
38130
37932
38131
37933
38132
37934
38133
37935
38134
37936
38135
37937
38136
37938
38137
37939
38138
37940
38139
37941
38140
37942
38141
37943
38142
37944
38143
37945
38144
37946
38145
37947
38146
37948
38147
37949
38148
37950
38149
37951
38150
37952
38151
37953
38152
37954
38153
37955
38154
37956
38155
37957
38156
37958
38157
37959
38158
37960
38159
37961
38160
37962
38161
37963
38162
37964
38163
37965
38164
37966
38165
37967
38166
37968
38167
37969
38168
37970
38169
37971
38170
37972
38171
37973
38172
37974
38173
37975
38174
37976
38175
37977
38176
37978
38177
37979
38178
37980
38179
37981
38180
37982
38181
37983
38182
37984
38183
37985
38184
37986
38185
37987
38186
37988
38187
37989
38188
37990
38189
37991
38190
37992
38191
37993
38192
37994
38193
37995
38194
37996
38195
37997
38196
37998
38197
37999
38198
38199
38001
38200
38002
38201
38003
38202
38004
38203
38005
38204
38006
38205
38007
38206
38008
38207
38009
38208
38010
38209
38011
38210
38012
38211
38013
38212
38014
38213
38015
38214
38016
38215
38017
38216
38018
38217
38019
38218
38020
38219
38021
38220
38022
38221
38023
38222
38024
38223
38025
38224
38026
38225
38027
38226
38028
38227
38029
38228
38030
38229
38031
38230
38032
38231
38033
38232
38034
38233
38035
38234
38036
38235
38037
38236
38038
38237
38039
38238
38040
38239
38041
38240
38042
38241
38043
38242
38044
38243
38045
38244
38046
38245
38047
38246
38048
38247
38049
38248
38050
38249
38051
38250
38052
38251
38053
38252
38054
38253
38055
38254
38056
38255
38057
38256
38058
38257
38059
38258
38060
38259
38061
38260
38062
38261
38063
38262
38064
38263
38065
38264
38066
38265
38067
38266
38068
38267
38069
38268
38070
38269
38071
38270
38072
38271
38073
38272
38074
38273
38075
38274
38076
38275
38077
38276
38078
38277
38079
38278
38080
38279
38081
38280
38082
38281
38083
38282
38084
38283
38085
38284
38086
38285
38087
38286
38088
38287
38089
38288
38090
38289
38091
38290
38092
38291
38093
38292
38094
38293
38095
38294
38096
38295
38097
38296
38098
38297
38099
38298
38100
38299
38101
38300
38102
38301
38103
38302
38104
38303
38105
38304
38106
38305
38107
38306
38108
38307
38109
38308
38110
38309
38111
38310
38112
38311
38113
38312
38114
38313
38115
38314
38116
38315
38117
38316
38118
38317
38119
38318
38120
38319
38121
38320
38122
38321
38123
38322
38124
38323
38125
38324
38126
38325
38127
38326
38128
38327
38129
38328
38130
38329
38131
38330
38132
38331
38133
38332
38134
38333
38135
38334
38136
38335
38137
38336
38138
38337
38139
38338
38140
38339
38141
38340
38142
38341
38143
38342
38144
38343
38145
38344
38146
38345
38147
38346
38148
38347
38149
38348
38150
38349
38151
38350
38152
38351
38153
38352
38154
38353
38155
38354
38156
38355
38157
38356
38158
38357
38159
38358
38160
38359
38161
38360
38162
38361
38163
38362
38164
38363
38165
38364
38166
38365
38167
38366
38168
38367
38169
38368
38170
38369
38171
38370
38172
38371
38173
38372
38174
38373
38175
38374
38176
38375
38177
38376
38178
38377
38179
38378
38180
38379
38181
38380
38182
38381
38183
38382
38184
38383
38185
38384
38186
38385
38187
38386
38188
38387
38189
38388
38190
38389
38191
38390
38192
38391
38193
38392
38194
38393
38195
38394
38196
38395
38197
38396
38198
38397
38199
38398
38399
38201
38400
38202
38401
38203
38402
38204
38403
38205
38404
38206
38405
38207
38406
38208
38407
38209
38408
38210
38409
38211
38410
38212
38411
38213
38412
38214
38413
38215
38414
38216
38415
38217
38416
38218
38417
38219
38418
38220
38419
38221
38420
38222
38421
38223
38422
38224
38423
38225
38424
38226
38425
38227
38426
38228
38427
38229
38428
38230
38429
38231
38430
38232
38431
38233
38432
38234
38433
38235
38434
38236
38435
38237
38436
38238
38437
38239
38438
38240
38439
38241
38440
38242
38441
38243
38442
38244
38443
38245
38444
38246
38445
38247
38446
38248
38447
38249
38448
38250
38449
38251
38450
38252
38451
38253
38452
38254
38453
38255
38454
38256
38455
38257
38456
38258
38457
38259
38458
38260
38459
38261
38460
38262
38461
38263
38462
38264
38463
38265
38464
38266
38465
38267
38466
38268
38467
38269
38468
38270
38469
38271
38470
38272
38471
38273
38472
38274
38473
38275
38474
38276
38475
38277
38476
38278
38477
38279
38478
38280
38479
38281
38480
38282
38481
38283
38482
38284
38483
38285
38484
38286
38485
38287
38486
38288
38487
38289
38488
38290
38489
38291
38490
38292
38491
38293
38492
38294
38493
38295
38494
38296
38495
38297
38496
38298
38497
38299
38498
38300
38499
38301
38500
38302
38501
38303
38502
38304
38503
38305
38504
38306
38505
38307
38506
38308
38507
38309
38508
38310
38509
38311
38510
38312
38511
38313
38512
38314
38513
38315
38514
38316
38515
38317
38516
38318
38517
38319
38518
38320
38519
38321
38520
38322
38521
38323
38522
38324
38523
38325
38524
38326
38525
38327
38526
38328
38527
38329
38528
38330
38529
38331
38530
38332
38531
38333
38532
38334
38533
38335
38534
38336
38535
38337
38536
38338
38537
38339
38538
38340
38539
38341
38540
38342
38541
38343
38542
38344
38543
38345
38544
38346
38545
38347
38546
38348
38547
38349
38548
38350
38549
38351
38550
38352
38551
38353
38552
38354
38553
38355
38554
38356
38555
38357
38556
38358
38557
38359
38558
38360
38559
38361
38560
38362
38561
38363
38562
38364
38563
38365
38564
38366
38565
38367
38566
38368
38567
38369
38568
38370
38569
38371
38570
38372
38571
38373
38572
38374
38573
38375
38574
38376
38575
38377
38576
38378
38577
38379
38578
38380
38579
38381
38580
38382
38581
38383
38582
38384
38583
38385
38584
38386
38585
38387
38586
38388
38587
38389
38588
38390
38589
38391
38590
38392
38591
38393
38592
38394
38593
38395
38594
38396
38595
38397
38596
38398
38597
38399
38598
38599
38401
38600
38402
38601
38403
38602
38404
38603
38405
38604
38406
38605
38407
38606
38408
38607
38409
38608
38410
38609
38411
38610
38412
38611
38413
38612
38414
38613
38415
38614
38416
38615
38417
38616
38418
38617
38419
38618
38420
38619
38421
38620
38422
38621
38423
38622
38424
38623
38425
38624
38426
38625
38427
38626
38428
38627
38429
38628
38430
38629
38431
38630
38432
38631
38433
38632
38434
38633
38435
38634
38436
38635
38437
38636
38438
38637
38439
38638
38440
38639
38441
38640
38442
38641
38443
38642
38444
38643
38445
38644
38446
38645
38447
38646
38448
38647
38449
38648
38450
38649
38451
38650
38452
38651
38453
38652
38454
38653
38455
38654
38456
38655
38457
38656
38458
38657
38459
38658
38460
38659
38461
38660
38462
38661
38463
38662
38464
38663
38465
38664
38466
38665
38467
38666
38468
38667
38469
38668
38470
38669
38471
38670
38472
38671
38473
38672
38474
38673
38475
38674
38476
38675
38477
38676
38478
38677
38479
38678
38480
38679
38481
38680
38482
38681
38483
38682
38484
38683
38485
38684
38486
38685
38487
38686
38488
38687
38489
38688
38490
38689
38491
38690
38492
38691
38493
38692
38494
38693
38495
38694
38496
38695
38497
38696
38498
38697
38499
38698
38500
38699
38501
38700
38502
38701
38503
38702
38504
38703
38505
38704
38506
38705
38507
38706
38508
38707
38509
38708
38510
38709
38511
38710
38512
38711
38513
38712
38514
38713
38515
38714
38516
38715
38517
38716
38518
38717
38519
38718
38520
38719
38521
38720
38522
38721
38523
38722
38524
38723
38525
38724
38526
38725
38527
38726
38528
38727
38529
38728
38530
38729
38531
38730
38532
38731
38533
38732
38534
38733
38535
38734
38536
38735
38537
38736
38538
38737
38539
38738
38540
38739
38541
38740
38542
38741
38543
38742
38544
38743
38545
38744
38546
38745
38547
38746
38548
38747
38549
38748
38550
38749
38551
38750
38552
38751
38553
38752
38554
38753
38555
38754
38556
38755
38557
38756
38558
38757
38559
38758
38560
38759
38561
38760
38562
38761
38563
38762
38564
38763
38565
38764
38566
38765
38567
38766
38568
38767
38569
38768
38570
38769
38571
38770
38572
38771
38573
38772
38574
38773
38575
38774
38576
38775
38577
38776
38578
38777
38579
38778
38580
38779
38581
38780
38582
38781
38583
38782
38584
38783
38585
38784
38586
38785
38587
38786
38588
38787
38589
38788
38590
38789
38591
38790
38592
38791
38593
38792
38594
38793
38595
38794
38596
38795
38597
38796
38598
38797
38599
38798
38799
38601
38800
38602
38801
38603
38802
38604
38803
38605
38804
38606
38805
38607
38806
38608
38807
38609
38808
38610
38809
38611
38810
38612
38811
38613
38812
38614
38813
38615
38814
38616
38815
38617
38816
38618
38817
38619
38818
38620
38819
38621
38820
38622
38821
38623
38822
38624
38823
38625
38824
38626
38825
38627
38826
38628
38827
38629
38828
38630
38829
38631
38830
38632
38831
38633
38832
38634
38833
38635
38834
38636
38835
38637
38836
38638
38837
38639
38838
38640
38839
38641
38840
38642
38841
38643
38842
38644
38843
38645
38844
38646
38845
38647
38846
38648
38847
38649
38848
38650
38849
38651
38850
38652
38851
38653
38852
38654
38853
38655
38854
38656
38855
38657
38856
38658
38857
38659
38858
38660
38859
38661
38860
38662
38861
38663
38862
38664
38863
38665
38864
38666
38865
38667
38866
38668
38867
38669
38868
38670
38869
38671
38870
38672
38871
38673
38872
38674
38873
38675
38874
38676
38875
38677
38876
38678
38877
38679
38878
38680
38879
38681
38880
38682
38881
38683
38882
38684
38883
38685
38884
38686
38885
38687
38886
38688
38887
38689
38888
38690
38889
38691
38890
38692
38891
38693
38892
38694
38893
38695
38894
38696
38895
38697
38896
38698
38897
38699
38898
38700
38899
38701
38900
38702
38901
38703
38902
38704
38903
38705
38904
38706
38905
38707
38906
38708
38907
38709
38908
38710
38909
38711
38910
38712
38911
38713
38912
38714
38913
38715
38914
38716
38915
38717
38916
38718
38917
38719
38918
38720
38919
38721
38920
38722
38921
38723
38922
38724
38923
38725
38924
38726
38925
38727
38926
38728
38927
38729
38928
38730
38929
38731
38930
38732
38931
38733
38932
38734
38933
38735
38934
38736
38935
38737
38936
38738
38937
38739
38938
38740
38939
38741
38940
38742
38941
38743
38942
38744
38943
38745
38944
38746
38945
38747
38946
38748
38947
38749
38948
38750
38949
38751
38950
38752
38951
38753
38952
38754
38953
38755
38954
38756
38955
38757
38956
38758
38957
38759
38958
38760
38959
38761
38960
38762
38961
38763
38962
38764
38963
38765
38964
38766
38965
38767
38966
38768
38967
38769
38968
38770
38969
38771
38970
38772
38971
38773
38972
38774
38973
38775
38974
38776
38975
38777
38976
38778
38977
38779
38978
38780
38979
38781
38980
38782
38981
38783
38982
38784
38983
38785
38984
38786
38985
38787
38986
38788
38987
38789
38988
38790
38989
38791
38990
38792
38991
38793
38992
38794
38993
38795
38994
38796
38995
38797
38996
38798
38997
38799
38998
38999
38801
39000
38802
39001
38803
39002
38804
39003
38805
39004
38806
39005
38807
39006
38808
39007
38809
39008
38810
39009
38811
39010
38812
39011
38813
39012
38814
39013
38815
39014
38816
39015
38817
39016
38818
39017
38819
39018
38820
39019
38821
39020
38822
39021
38823
39022
38824
39023
38825
39024
38826
39025
38827
39026
38828
39027
38829
39028
38830
39029
38831
39030
38832
39031
38833
39032
38834
39033
38835
39034
38836
39035
38837
39036
38838
39037
38839
39038
38840
39039
38841
39040
38842
39041
38843
39042
38844
39043
38845
39044
38846
39045
38847
39046
38848
39047
38849
39048
38850
39049
38851
39050
38852
39051
38853
39052
38854
39053
38855
39054
38856
39055
38857
39056
38858
39057
38859
39058
38860
39059
38861
39060
38862
39061
38863
39062
38864
39063
38865
39064
38866
39065
38867
39066
38868
39067
38869
39068
38870
39069
38871
39070
38872
39071
38873
39072
38874
39073
38875
39074
38876
39075
38877
39076
38878
39077
38879
39078
38880
39079
38881
39080
38882
39081
38883
39082
38884
39083
38885
39084
38886
39085
38887
39086
38888
39087
38889
39088
38890
39089
38891
39090
38892
39091
38893
39092
38894
39093
38895
39094
38896
39095
38897
39096
38898
39097
38899
39098
38900
39099
38901
39100
38902
39101
38903
39102
38904
39103
38905
39104
38906
39105
38907
39106
38908
39107
38909
39108
38910
39109
38911
39110
38912
39111
38913
39112
38914
39113
38915
39114
38916
39115
38917
39116
38918
39117
38919
39118
38920
39119
38921
39120
38922
39121
38923
39122
38924
39123
38925
39124
38926
39125
38927
39126
38928
39127
38929
39128
38930
39129
38931
39130
38932
39131
38933
39132
38934
39133
38935
39134
38936
39135
38937
39136
38938
39137
38939
39138
38940
39139
38941
39140
38942
39141
38943
39142
38944
39143
38945
39144
38946
39145
38947
39146
38948
39147
38949
39148
38950
39149
38951
39150
38952
39151
38953
39152
38954
39153
38955
39154
38956
39155
38957
39156
38958
39157
38959
39158
38960
39159
38961
39160
38962
39161
38963
39162
38964
39163
38965
39164
38966
39165
38967
39166
38968
39167
38969
39168
38970
39169
38971
39170
38972
39171
38973
39172
38974
39173
38975
39174
38976
39175
38977
39176
38978
39177
38979
39178
38980
39179
38981
39180
38982
39181
38983
39182
38984
39183
38985
39184
38986
39185
38987
39186
38988
39187
38989
39188
38990
39189
38991
39190
38992
39191
38993
39192
38994
39193
38995
39194
38996
39195
38997
39196
38998
39197
38999
39198
39199
39001
39200
39002
39201
39003
39202
39004
39203
39005
39204
39006
39205
39007
39206
39008
39207
39009
39208
39010
39209
39011
39210
39012
39211
39013
39212
39014
39213
39015
39214
39016
39215
39017
39216
39018
39217
39019
39218
39020
39219
39021
39220
39022
39221
39023
39222
39024
39223
39025
39224
39026
39225
39027
39226
39028
39227
39029
39228
39030
39229
39031
39230
39032
39231
39033
39232
39034
39233
39035
39234
39036
39235
39037
39236
39038
39237
39039
39238
39040
39239
39041
39240
39042
39241
39043
39242
39044
39243
39045
39244
39046
39245
39047
39246
39048
39247
39049
39248
39050
39249
39051
39250
39052
39251
39053
39252
39054
39253
39055
39254
39056
39255
39057
39256
39058
39257
39059
39258
39060
39259
39061
39260
39062
39261
39063
39262
39064
39263
39065
39264
39066
39265
39067
39266
39068
39267
39069
39268
39070
39269
39071
39270
39072
39271
39073
39272
39074
39273
39075
39274
39076
39275
39077
39276
39078
39277
39079
39278
39080
39279
39081
39280
39082
39281
39083
39282
39084
39283
39085
39284
39086
39285
39087
39286
39088
39287
39089
39288
39090
39289
39091
39290
39092
39291
39093
39292
39094
39293
39095
39294
39096
39295
39097
39296
39098
39297
39099
39298
39100
39299
39101
39300
39102
39301
39103
39302
39104
39303
39105
39304
39106
39305
39107
39306
39108
39307
39109
39308
39110
39309
39111
39310
39112
39311
39113
39312
39114
39313
39115
39314
39116
39315
39117
39316
39118
39317
39119
39318
39120
39319
39121
39320
39122
39321
39123
39322
39124
39323
39125
39324
39126
39325
39127
39326
39128
39327
39129
39328
39130
39329
39131
39330
39132
39331
39133
39332
39134
39333
39135
39334
39136
39335
39137
39336
39138
39337
39139
39338
39140
39339
39141
39340
39142
39341
39143
39342
39144
39343
39145
39344
39146
39345
39147
39346
39148
39347
39149
39348
39150
39349
39151
39350
39152
39351
39153
39352
39154
39353
39155
39354
39156
39355
39157
39356
39158
39357
39159
39358
39160
39359
39161
39360
39162
39361
39163
39362
39164
39363
39165
39364
39166
39365
39167
39366
39168
39367
39169
39368
39170
39369
39171
39370
39172
39371
39173
39372
39174
39373
39175
39374
39176
39375
39177
39376
39178
39377
39179
39378
39180
39379
39181
39380
39182
39381
39183
39382
39184
39383
39185
39384
39186
39385
39187
39386
39188
39387
39189
39388
39190
39389
39191
39390
39192
39391
39193
39392
39194
39393
39195
39394
39196
39395
39197
39396
39198
39397
39199
39398
39399
39201
39400
39202
39401
39203
39402
39204
39403
39205
39404
39206
39405
39207
39406
39208
39407
39209
39408
39210
39409
39211
39410
39212
39411
39213
39412
39214
39413
39215
39414
39216
39415
39217
39416
39218
39417
39219
39418
39220
39419
39221
39420
39222
39421
39223
39422
39224
39423
39225
39424
39226
39425
39227
39426
39228
39427
39229
39428
39230
39429
39231
39430
39232
39431
39233
39432
39234
39433
39235
39434
39236
39435
39237
39436
39238
39437
39239
39438
39240
39439
39241
39440
39242
39441
39243
39442
39244
39443
39245
39444
39246
39445
39247
39446
39248
39447
39249
39448
39250
39449
39251
39450
39252
39451
39253
39452
39254
39453
39255
39454
39256
39455
39257
39456
39258
39457
39259
39458
39260
39459
39261
39460
39262
39461
39263
39462
39264
39463
39265
39464
39266
39465
39267
39466
39268
39467
39269
39468
39270
39469
39271
39470
39272
39471
39273
39472
39274
39473
39275
39474
39276
39475
39277
39476
39278
39477
39279
39478
39280
39479
39281
39480
39282
39481
39283
39482
39284
39483
39285
39484
39286
39485
39287
39486
39288
39487
39289
39488
39290
39489
39291
39490
39292
39491
39293
39492
39294
39493
39295
39494
39296
39495
39297
39496
39298
39497
39299
39498
39300
39499
39301
39500
39302
39501
39303
39502
39304
39503
39305
39504
39306
39505
39307
39506
39308
39507
39309
39508
39310
39509
39311
39510
39312
39511
39313
39512
39314
39513
39315
39514
39316
39515
39317
39516
39318
39517
39319
39518
39320
39519
39321
39520
39322
39521
39323
39522
39324
39523
39325
39524
39326
39525
39327
39526
39328
39527
39329
39528
39330
39529
39331
39530
39332
39531
39333
39532
39334
39533
39335
39534
39336
39535
39337
39536
39338
39537
39339
39538
39340
39539
39341
39540
39342
39541
39343
39542
39344
39543
39345
39544
39346
39545
39347
39546
39348
39547
39349
39548
39350
39549
39351
39550
39352
39551
39353
39552
39354
39553
39355
39554
39356
39555
39357
39556
39358
39557
39359
39558
39360
39559
39361
39560
39362
39561
39363
39562
39364
39563
39365
39564
39366
39565
39367
39566
39368
39567
39369
39568
39370
39569
39371
39570
39372
39571
39373
39572
39374
39573
39375
39574
39376
39575
39377
39576
39378
39577
39379
39578
39380
39579
39381
39580
39382
39581
39383
39582
39384
39583
39385
39584
39386
39585
39387
39586
39388
39587
39389
39588
39390
39589
39391
39590
39392
39591
39393
39592
39394
39593
39395
39594
39396
39595
39397
39596
39398
39597
39399
39598
39599
39401
39600
39402
39601
39403
39602
39404
39603
39405
39604
39406
39605
39407
39606
39408
39607
39409
39608
39410
39609
39411
39610
39412
39611
39413
39612
39414
39613
39415
39614
39416
39615
39417
39616
39418
39617
39419
39618
39420
39619
39421
39620
39422
39621
39423
39622
39424
39623
39425
39624
39426
39625
39427
39626
39428
39627
39429
39628
39430
39629
39431
39630
39432
39631
39433
39632
39434
39633
39435
39634
39436
39635
39437
39636
39438
39637
39439
39638
39440
39639
39441
39640
39442
39641
39443
39642
39444
39643
39445
39644
39446
39645
39447
39646
39448
39647
39449
39648
39450
39649
39451
39650
39452
39651
39453
39652
39454
39653
39455
39654
39456
39655
39457
39656
39458
39657
39459
39658
39460
39659
39461
39660
39462
39661
39463
39662
39464
39663
39465
39664
39466
39665
39467
39666
39468
39667
39469
39668
39470
39669
39471
39670
39472
39671
39473
39672
39474
39673
39475
39674
39476
39675
39477
39676
39478
39677
39479
39678
39480
39679
39481
39680
39482
39681
39483
39682
39484
39683
39485
39684
39486
39685
39487
39686
39488
39687
39489
39688
39490
39689
39491
39690
39492
39691
39493
39692
39494
39693
39495
39694
39496
39695
39497
39696
39498
39697
39499
39698
39500
39699
39501
39700
39502
39701
39503
39702
39504
39703
39505
39704
39506
39705
39507
39706
39508
39707
39509
39708
39510
39709
39511
39710
39512
39711
39513
39712
39514
39713
39515
39714
39516
39715
39517
39716
39518
39717
39519
39718
39520
39719
39521
39720
39522
39721
39523
39722
39524
39723
39525
39724
39526
39725
39527
39726
39528
39727
39529
39728
39530
39729
39531
39730
39532
39731
39533
39732
39534
39733
39535
39734
39536
39735
39537
39736
39538
39737
39539
39738
39540
39739
39541
39740
39542
39741
39543
39742
39544
39743
39545
39744
39546
39745
39547
39746
39548
39747
39549
39748
39550
39749
39551
39750
39552
39751
39553
39752
39554
39753
39555
39754
39556
39755
39557
39756
39558
39757
39559
39758
39560
39759
39561
39760
39562
39761
39563
39762
39564
39763
39565
39764
39566
39765
39567
39766
39568
39767
39569
39768
39570
39769
39571
39770
39572
39771
39573
39772
39574
39773
39575
39774
39576
39775
39577
39776
39578
39777
39579
39778
39580
39779
39581
39780
39582
39781
39583
39782
39584
39783
39585
39784
39586
39785
39587
39786
39588
39787
39589
39788
39590
39789
39591
39790
39592
39791
39593
39792
39594
39793
39595
39794
39596
39795
39597
39796
39598
39797
39599
39798
39799
39601
39800
39602
39801
39603
39802
39604
39803
39605
39804
39606
39805
39607
39806
39608
39807
39609
39808
39610
39809
39611
39810
39612
39811
39613
39812
39614
39813
39615
39814
39616
39815
39617
39816
39618
39817
39619
39818
39620
39819
39621
39820
39622
39821
39623
39822
39624
39823
39625
39824
39626
39825
39627
39826
39628
39827
39629
39828
39630
39829
39631
39830
39632
39831
39633
39832
39634
39833
39635
39834
39636
39835
39637
39836
39638
39837
39639
39838
39640
39839
39641
39840
39642
39841
39643
39842
39644
39843
39645
39844
39646
39845
39647
39846
39648
39847
39649
39848
39650
39849
39651
39850
39652
39851
39653
39852
39654
39853
39655
39854
39656
39855
39657
39856
39658
39857
39659
39858
39660
39859
39661
39860
39662
39861
39663
39862
39664
39863
39665
39864
39666
39865
39667
39866
39668
39867
39669
39868
39670
39869
39671
39870
39672
39871
39673
39872
39674
39873
39675
39874
39676
39875
39677
39876
39678
39877
39679
39878
39680
39879
39681
39880
39682
39881
39683
39882
39684
39883
39685
39884
39686
39885
39687
39886
39688
39887
39689
39888
39690
39889
39691
39890
39692
39891
39693
39892
39694
39893
39695
39894
39696
39895
39697
39896
39698
39897
39699
39898
39700
39899
39701
39900
39702
39901
39703
39902
39704
39903
39705
39904
39706
39905
39707
39906
39708
39907
39709
39908
39710
39909
39711
39910
39712
39911
39713
39912
39714
39913
39715
39914
39716
39915
39717
39916
39718
39917
39719
39918
39720
39919
39721
39920
39722
39921
39723
39922
39724
39923
39725
39924
39726
39925
39727
39926
39728
39927
39729
39928
39730
39929
39731
39930
39732
39931
39733
39932
39734
39933
39735
39934
39736
39935
39737
39936
39738
39937
39739
39938
39740
39939
39741
39940
39742
39941
39743
39942
39744
39943
39745
39944
39746
39945
39747
39946
39748
39947
39749
39948
39750
39949
39751
39950
39752
39951
39753
39952
39754
39953
39755
39954
39756
39955
39757
39956
39758
39957
39759
39958
39760
39959
39761
39960
39762
39961
39763
39962
39764
39963
39765
39964
39766
39965
39767
39966
39768
39967
39769
39968
39770
39969
39771
39970
39772
39971
39773
39972
39774
39973
39775
39974
39776
39975
39777
39976
39778
39977
39779
39978
39780
39979
39781
39980
39782
39981
39783
39982
39784
39983
39785
39984
39786
39985
39787
39986
39788
39987
39789
39988
39790
39989
39791
39990
39792
39991
39793
39992
39794
39993
39795
39994
39796
39995
39797
39996
39798
39997
39799
39998
39999
39801
39802
39803
39804
39805
39806
39807
39808
39809
39810
39811
39812
39813
39814
39815
39816
39817
39818
39819
39820
39821
39822
39823
39824
39825
39826
39827
39828
39829
39830
39831
39832
39833
39834
39835
39836
39837
39838
39839
39840
39841
39842
39843
39844
39845
39846
39847
39848
39849
39850
39851
39852
39853
39854
39855
39856
39857
39858
39859
39860
39861
39862
39863
39864
39865
39866
39867
39868
39869
39870
39871
39872
39873
39874
39875
39876
39877
39878
39879
39880
39881
39882
39883
39884
39885
39886
39887
39888
39889
39890
39891
39892
39893
39894
39895
39896
39897
39898
39899
39900
39901
39902
39903
39904
39905
39906
39907
39908
39909
39910
39911
39912
39913
39914
39915
39916
39917
39918
39919
39920
39921
39922
39923
39924
39925
39926
39927
39928
39929
39930
39931
39932
39933
39934
39935
39936
39937
39938
39939
39940
39941
39942
39943
39944
39945
39946
39947
39948
39949
39950
39951
39952
39953
39954
39955
39956
39957
39958
39959
39960
39961
39962
39963
39964
39965
39966
39967
39968
39969
39970
39971
39972
39973
39974
39975
39976
39977
39978
39979
39980
39981
39982
39983
39984
39985
39986
39987
39988
39989
39990
39991
39992
39993
39994
39995
39996
39997
39998
39999
)


// ************************************************************************* //
