/*--------------------------------*- C++ -*----------------------------------*\
  =========                 |
  \\      /  F ield         | OpenFOAM: The Open Source CFD Toolbox
   \\    /   O peration     | Website:  https://openfoam.org
    \\  /    A nd           | Version:  dev
     \\/     M anipulation  |
\*---------------------------------------------------------------------------*/
FoamFile
{
    format      ascii;
    class       vectorField;
    location    "constant/polyMesh";
    object      points;
}
// * * * * * * * * * * * * * * * * * * * * * * * * * * * * * * * * * * * * * //


46431
(
(0 0 0)
(0.05 0 0)
(0.1 0 0)
(0.15 0 0)
(0.2 0 0)
(0.25 0 0)
(0.3 0 0)
(0.35 0 0)
(0.4 0 0)
(0.45 0 0)
(0.5 0 0)
(0.55 0 0)
(0.6 0 0)
(0.65 0 0)
(0.7 0 0)
(0.75 0 0)
(0.8 0 0)
(0.85 0 0)
(0.9 0 0)
(0.95 0 0)
(1 0 0)
(1.05 0 0)
(1.1 0 0)
(1.15 0 0)
(1.2 0 0)
(1.25 0 0)
(1.3 0 0)
(1.35 0 0)
(1.4 0 0)
(1.45 0 0)
(1.5 0 0)
(1.55 0 0)
(1.6 0 0)
(1.65 0 0)
(1.7 0 0)
(1.75 0 0)
(1.8 0 0)
(1.85 0 0)
(1.9 0 0)
(1.95 0 0)
(2 0 0)
(2.05 0 0)
(2.1 0 0)
(2.15 0 0)
(2.2 0 0)
(2.25 0 0)
(2.3 0 0)
(2.35 0 0)
(2.4 0 0)
(2.45 0 0)
(2.5 0 0)
(2.55 0 0)
(2.6 0 0)
(2.65 0 0)
(2.7 0 0)
(2.75 0 0)
(2.8 0 0)
(2.85 0 0)
(2.9 0 0)
(2.95 0 0)
(3 0 0)
(3.05 0 0)
(3.1 0 0)
(3.15 0 0)
(3.2 0 0)
(3.25 0 0)
(3.3 0 0)
(3.35 0 0)
(3.4 0 0)
(3.45 0 0)
(3.5 0 0)
(3.55 0 0)
(3.6 0 0)
(3.65 0 0)
(3.7 0 0)
(3.75 0 0)
(3.8 0 0)
(3.85 0 0)
(3.9 0 0)
(3.95 0 0)
(4 0 0)
(4.05 0 0)
(4.1 0 0)
(4.15 0 0)
(4.2 0 0)
(4.25 0 0)
(4.3 0 0)
(4.35 0 0)
(4.4 0 0)
(4.45 0 0)
(4.5 0 0)
(4.55 0 0)
(4.6 0 0)
(4.65 0 0)
(4.7 0 0)
(4.75 0 0)
(4.8 0 0)
(4.85 0 0)
(4.9 0 0)
(4.95 0 0)
(5 0 0)
(5.05 0 0)
(5.1 0 0)
(5.15 0 0)
(5.2 0 0)
(5.25 0 0)
(5.3 0 0)
(5.35 0 0)
(5.4 0 0)
(5.45 0 0)
(5.5 0 0)
(5.55 0 0)
(5.6 0 0)
(5.65 0 0)
(5.7 0 0)
(5.75 0 0)
(5.8 0 0)
(5.85 0 0)
(5.9 0 0)
(5.95 0 0)
(6 0 0)
(6.05 0 0)
(6.1 0 0)
(6.15 0 0)
(6.2 0 0)
(6.25 0 0)
(6.3 0 0)
(6.35 0 0)
(6.4 0 0)
(6.45 0 0)
(6.5 0 0)
(6.55 0 0)
(6.6 0 0)
(6.65 0 0)
(6.7 0 0)
(6.75 0 0)
(6.8 0 0)
(6.85 0 0)
(6.9 0 0)
(6.95 0 0)
(7 0 0)
(7.05 0 0)
(7.1 0 0)
(7.15 0 0)
(7.2 0 0)
(7.25 0 0)
(7.3 0 0)
(7.35 0 0)
(7.4 0 0)
(7.45 0 0)
(7.5 0 0)
(7.55 0 0)
(7.6 0 0)
(7.65 0 0)
(7.7 0 0)
(7.75 0 0)
(7.8 0 0)
(7.85 0 0)
(7.9 0 0)
(7.95 0 0)
(8 0 0)
(8.05 0 0)
(8.1 0 0)
(8.15 0 0)
(8.2 0 0)
(8.25 0 0)
(8.3 0 0)
(8.35 0 0)
(8.4 0 0)
(8.45 0 0)
(8.5 0 0)
(8.55 0 0)
(8.6 0 0)
(8.65 0 0)
(8.7 0 0)
(8.75 0 0)
(8.8 0 0)
(8.85 0 0)
(8.9 0 0)
(8.95 0 0)
(9 0 0)
(9.05 0 0)
(9.1 0 0)
(9.15 0 0)
(9.2 0 0)
(9.25 0 0)
(9.3 0 0)
(9.35 0 0)
(9.4 0 0)
(9.45 0 0)
(9.5 0 0)
(9.55 0 0)
(9.6 0 0)
(9.65 0 0)
(9.7 0 0)
(9.75 0 0)
(9.8 0 0)
(9.85 0 0)
(9.9 0 0)
(9.95 0 0)
(10 0 0)
(0 0.05 0)
(0.05 0.05 0)
(0.1 0.05 0)
(0.15 0.05 0)
(0.2 0.05 0)
(0.25 0.05 0)
(0.3 0.05 0)
(0.35 0.05 0)
(0.4 0.05 0)
(0.45 0.05 0)
(0.5 0.05 0)
(0.55 0.05 0)
(0.6 0.05 0)
(0.65 0.05 0)
(0.7 0.05 0)
(0.75 0.05 0)
(0.8 0.05 0)
(0.85 0.05 0)
(0.9 0.05 0)
(0.95 0.05 0)
(1 0.05 0)
(1.05 0.05 0)
(1.1 0.05 0)
(1.15 0.05 0)
(1.2 0.05 0)
(1.25 0.05 0)
(1.3 0.05 0)
(1.35 0.05 0)
(1.4 0.05 0)
(1.45 0.05 0)
(1.5 0.05 0)
(1.55 0.05 0)
(1.6 0.05 0)
(1.65 0.05 0)
(1.7 0.05 0)
(1.75 0.05 0)
(1.8 0.05 0)
(1.85 0.05 0)
(1.9 0.05 0)
(1.95 0.05 0)
(2 0.05 0)
(2.05 0.05 0)
(2.1 0.05 0)
(2.15 0.05 0)
(2.2 0.05 0)
(2.25 0.05 0)
(2.3 0.05 0)
(2.35 0.05 0)
(2.4 0.05 0)
(2.45 0.05 0)
(2.5 0.05 0)
(2.55 0.05 0)
(2.6 0.05 0)
(2.65 0.05 0)
(2.7 0.05 0)
(2.75 0.05 0)
(2.8 0.05 0)
(2.85 0.05 0)
(2.9 0.05 0)
(2.95 0.05 0)
(3 0.05 0)
(3.05 0.05 0)
(3.1 0.05 0)
(3.15 0.05 0)
(3.2 0.05 0)
(3.25 0.05 0)
(3.3 0.05 0)
(3.35 0.05 0)
(3.4 0.05 0)
(3.45 0.05 0)
(3.5 0.05 0)
(3.55 0.05 0)
(3.6 0.05 0)
(3.65 0.05 0)
(3.7 0.05 0)
(3.75 0.05 0)
(3.8 0.05 0)
(3.85 0.05 0)
(3.9 0.05 0)
(3.95 0.05 0)
(4 0.05 0)
(4.05 0.05 0)
(4.1 0.05 0)
(4.15 0.05 0)
(4.2 0.05 0)
(4.25 0.05 0)
(4.3 0.05 0)
(4.35 0.05 0)
(4.4 0.05 0)
(4.45 0.05 0)
(4.5 0.05 0)
(4.55 0.05 0)
(4.6 0.05 0)
(4.65 0.05 0)
(4.7 0.05 0)
(4.75 0.05 0)
(4.8 0.05 0)
(4.85 0.05 0)
(4.9 0.05 0)
(4.95 0.05 0)
(5 0.05 0)
(5.05 0.05 0)
(5.1 0.05 0)
(5.15 0.05 0)
(5.2 0.05 0)
(5.25 0.05 0)
(5.3 0.05 0)
(5.35 0.05 0)
(5.4 0.05 0)
(5.45 0.05 0)
(5.5 0.05 0)
(5.55 0.05 0)
(5.6 0.05 0)
(5.65 0.05 0)
(5.7 0.05 0)
(5.75 0.05 0)
(5.8 0.05 0)
(5.85 0.05 0)
(5.9 0.05 0)
(5.95 0.05 0)
(6 0.05 0)
(6.05 0.05 0)
(6.1 0.05 0)
(6.15 0.05 0)
(6.2 0.05 0)
(6.25 0.05 0)
(6.3 0.05 0)
(6.35 0.05 0)
(6.4 0.05 0)
(6.45 0.05 0)
(6.5 0.05 0)
(6.55 0.05 0)
(6.6 0.05 0)
(6.65 0.05 0)
(6.7 0.05 0)
(6.75 0.05 0)
(6.8 0.05 0)
(6.85 0.05 0)
(6.9 0.05 0)
(6.95 0.05 0)
(7 0.05 0)
(7.05 0.05 0)
(7.1 0.05 0)
(7.15 0.05 0)
(7.2 0.05 0)
(7.25 0.05 0)
(7.3 0.05 0)
(7.35 0.05 0)
(7.4 0.05 0)
(7.45 0.05 0)
(7.5 0.05 0)
(7.55 0.05 0)
(7.6 0.05 0)
(7.65 0.05 0)
(7.7 0.05 0)
(7.75 0.05 0)
(7.8 0.05 0)
(7.85 0.05 0)
(7.9 0.05 0)
(7.95 0.05 0)
(8 0.05 0)
(8.05 0.05 0)
(8.1 0.05 0)
(8.15 0.05 0)
(8.2 0.05 0)
(8.25 0.05 0)
(8.3 0.05 0)
(8.35 0.05 0)
(8.4 0.05 0)
(8.45 0.05 0)
(8.5 0.05 0)
(8.55 0.05 0)
(8.6 0.05 0)
(8.65 0.05 0)
(8.7 0.05 0)
(8.75 0.05 0)
(8.8 0.05 0)
(8.85 0.05 0)
(8.9 0.05 0)
(8.95 0.05 0)
(9 0.05 0)
(9.05 0.05 0)
(9.1 0.05 0)
(9.15 0.05 0)
(9.2 0.05 0)
(9.25 0.05 0)
(9.3 0.05 0)
(9.35 0.05 0)
(9.4 0.05 0)
(9.45 0.05 0)
(9.5 0.05 0)
(9.55 0.05 0)
(9.6 0.05 0)
(9.65 0.05 0)
(9.7 0.05 0)
(9.75 0.05 0)
(9.8 0.05 0)
(9.85 0.05 0)
(9.9 0.05 0)
(9.95 0.05 0)
(10 0.05 0)
(0 0.1 0)
(0.05 0.1 0)
(0.1 0.1 0)
(0.15 0.1 0)
(0.2 0.1 0)
(0.25 0.1 0)
(0.3 0.1 0)
(0.35 0.1 0)
(0.4 0.1 0)
(0.45 0.1 0)
(0.5 0.1 0)
(0.55 0.1 0)
(0.6 0.1 0)
(0.65 0.1 0)
(0.7 0.1 0)
(0.75 0.1 0)
(0.8 0.1 0)
(0.85 0.1 0)
(0.9 0.1 0)
(0.95 0.1 0)
(1 0.1 0)
(1.05 0.1 0)
(1.1 0.1 0)
(1.15 0.1 0)
(1.2 0.1 0)
(1.25 0.1 0)
(1.3 0.1 0)
(1.35 0.1 0)
(1.4 0.1 0)
(1.45 0.1 0)
(1.5 0.1 0)
(1.55 0.1 0)
(1.6 0.1 0)
(1.65 0.1 0)
(1.7 0.1 0)
(1.75 0.1 0)
(1.8 0.1 0)
(1.85 0.1 0)
(1.9 0.1 0)
(1.95 0.1 0)
(2 0.1 0)
(2.05 0.1 0)
(2.1 0.1 0)
(2.15 0.1 0)
(2.2 0.1 0)
(2.25 0.1 0)
(2.3 0.1 0)
(2.35 0.1 0)
(2.4 0.1 0)
(2.45 0.1 0)
(2.5 0.1 0)
(2.55 0.1 0)
(2.6 0.1 0)
(2.65 0.1 0)
(2.7 0.1 0)
(2.75 0.1 0)
(2.8 0.1 0)
(2.85 0.1 0)
(2.9 0.1 0)
(2.95 0.1 0)
(3 0.1 0)
(3.05 0.1 0)
(3.1 0.1 0)
(3.15 0.1 0)
(3.2 0.1 0)
(3.25 0.1 0)
(3.3 0.1 0)
(3.35 0.1 0)
(3.4 0.1 0)
(3.45 0.1 0)
(3.5 0.1 0)
(3.55 0.1 0)
(3.6 0.1 0)
(3.65 0.1 0)
(3.7 0.1 0)
(3.75 0.1 0)
(3.8 0.1 0)
(3.85 0.1 0)
(3.9 0.1 0)
(3.95 0.1 0)
(4 0.1 0)
(4.05 0.1 0)
(4.1 0.1 0)
(4.15 0.1 0)
(4.2 0.1 0)
(4.25 0.1 0)
(4.3 0.1 0)
(4.35 0.1 0)
(4.4 0.1 0)
(4.45 0.1 0)
(4.5 0.1 0)
(4.55 0.1 0)
(4.6 0.1 0)
(4.65 0.1 0)
(4.7 0.1 0)
(4.75 0.1 0)
(4.8 0.1 0)
(4.85 0.1 0)
(4.9 0.1 0)
(4.95 0.1 0)
(5 0.1 0)
(5.05 0.1 0)
(5.1 0.1 0)
(5.15 0.1 0)
(5.2 0.1 0)
(5.25 0.1 0)
(5.3 0.1 0)
(5.35 0.1 0)
(5.4 0.1 0)
(5.45 0.1 0)
(5.5 0.1 0)
(5.55 0.1 0)
(5.6 0.1 0)
(5.65 0.1 0)
(5.7 0.1 0)
(5.75 0.1 0)
(5.8 0.1 0)
(5.85 0.1 0)
(5.9 0.1 0)
(5.95 0.1 0)
(6 0.1 0)
(6.05 0.1 0)
(6.1 0.1 0)
(6.15 0.1 0)
(6.2 0.1 0)
(6.25 0.1 0)
(6.3 0.1 0)
(6.35 0.1 0)
(6.4 0.1 0)
(6.45 0.1 0)
(6.5 0.1 0)
(6.55 0.1 0)
(6.6 0.1 0)
(6.65 0.1 0)
(6.7 0.1 0)
(6.75 0.1 0)
(6.8 0.1 0)
(6.85 0.1 0)
(6.9 0.1 0)
(6.95 0.1 0)
(7 0.1 0)
(7.05 0.1 0)
(7.1 0.1 0)
(7.15 0.1 0)
(7.2 0.1 0)
(7.25 0.1 0)
(7.3 0.1 0)
(7.35 0.1 0)
(7.4 0.1 0)
(7.45 0.1 0)
(7.5 0.1 0)
(7.55 0.1 0)
(7.6 0.1 0)
(7.65 0.1 0)
(7.7 0.1 0)
(7.75 0.1 0)
(7.8 0.1 0)
(7.85 0.1 0)
(7.9 0.1 0)
(7.95 0.1 0)
(8 0.1 0)
(8.05 0.1 0)
(8.1 0.1 0)
(8.15 0.1 0)
(8.2 0.1 0)
(8.25 0.1 0)
(8.3 0.1 0)
(8.35 0.1 0)
(8.4 0.1 0)
(8.45 0.1 0)
(8.5 0.1 0)
(8.55 0.1 0)
(8.6 0.1 0)
(8.65 0.1 0)
(8.7 0.1 0)
(8.75 0.1 0)
(8.8 0.1 0)
(8.85 0.1 0)
(8.9 0.1 0)
(8.95 0.1 0)
(9 0.1 0)
(9.05 0.1 0)
(9.1 0.1 0)
(9.15 0.1 0)
(9.2 0.1 0)
(9.25 0.1 0)
(9.3 0.1 0)
(9.35 0.1 0)
(9.4 0.1 0)
(9.45 0.1 0)
(9.5 0.1 0)
(9.55 0.1 0)
(9.6 0.1 0)
(9.65 0.1 0)
(9.7 0.1 0)
(9.75 0.1 0)
(9.8 0.1 0)
(9.85 0.1 0)
(9.9 0.1 0)
(9.95 0.1 0)
(10 0.1 0)
(0 0.15 0)
(0.05 0.15 0)
(0.1 0.15 0)
(0.15 0.15 0)
(0.2 0.15 0)
(0.25 0.15 0)
(0.3 0.15 0)
(0.35 0.15 0)
(0.4 0.15 0)
(0.45 0.15 0)
(0.5 0.15 0)
(0.55 0.15 0)
(0.6 0.15 0)
(0.65 0.15 0)
(0.7 0.15 0)
(0.75 0.15 0)
(0.8 0.15 0)
(0.85 0.15 0)
(0.9 0.15 0)
(0.95 0.15 0)
(1 0.15 0)
(1.05 0.15 0)
(1.1 0.15 0)
(1.15 0.15 0)
(1.2 0.15 0)
(1.25 0.15 0)
(1.3 0.15 0)
(1.35 0.15 0)
(1.4 0.15 0)
(1.45 0.15 0)
(1.5 0.15 0)
(1.55 0.15 0)
(1.6 0.15 0)
(1.65 0.15 0)
(1.7 0.15 0)
(1.75 0.15 0)
(1.8 0.15 0)
(1.85 0.15 0)
(1.9 0.15 0)
(1.95 0.15 0)
(2 0.15 0)
(2.05 0.15 0)
(2.1 0.15 0)
(2.15 0.15 0)
(2.2 0.15 0)
(2.25 0.15 0)
(2.3 0.15 0)
(2.35 0.15 0)
(2.4 0.15 0)
(2.45 0.15 0)
(2.5 0.15 0)
(2.55 0.15 0)
(2.6 0.15 0)
(2.65 0.15 0)
(2.7 0.15 0)
(2.75 0.15 0)
(2.8 0.15 0)
(2.85 0.15 0)
(2.9 0.15 0)
(2.95 0.15 0)
(3 0.15 0)
(3.05 0.15 0)
(3.1 0.15 0)
(3.15 0.15 0)
(3.2 0.15 0)
(3.25 0.15 0)
(3.3 0.15 0)
(3.35 0.15 0)
(3.4 0.15 0)
(3.45 0.15 0)
(3.5 0.15 0)
(3.55 0.15 0)
(3.6 0.15 0)
(3.65 0.15 0)
(3.7 0.15 0)
(3.75 0.15 0)
(3.8 0.15 0)
(3.85 0.15 0)
(3.9 0.15 0)
(3.95 0.15 0)
(4 0.15 0)
(4.05 0.15 0)
(4.1 0.15 0)
(4.15 0.15 0)
(4.2 0.15 0)
(4.25 0.15 0)
(4.3 0.15 0)
(4.35 0.15 0)
(4.4 0.15 0)
(4.45 0.15 0)
(4.5 0.15 0)
(4.55 0.15 0)
(4.6 0.15 0)
(4.65 0.15 0)
(4.7 0.15 0)
(4.75 0.15 0)
(4.8 0.15 0)
(4.85 0.15 0)
(4.9 0.15 0)
(4.95 0.15 0)
(5 0.15 0)
(5.05 0.15 0)
(5.1 0.15 0)
(5.15 0.15 0)
(5.2 0.15 0)
(5.25 0.15 0)
(5.3 0.15 0)
(5.35 0.15 0)
(5.4 0.15 0)
(5.45 0.15 0)
(5.5 0.15 0)
(5.55 0.15 0)
(5.6 0.15 0)
(5.65 0.15 0)
(5.7 0.15 0)
(5.75 0.15 0)
(5.8 0.15 0)
(5.85 0.15 0)
(5.9 0.15 0)
(5.95 0.15 0)
(6 0.15 0)
(6.05 0.15 0)
(6.1 0.15 0)
(6.15 0.15 0)
(6.2 0.15 0)
(6.25 0.15 0)
(6.3 0.15 0)
(6.35 0.15 0)
(6.4 0.15 0)
(6.45 0.15 0)
(6.5 0.15 0)
(6.55 0.15 0)
(6.6 0.15 0)
(6.65 0.15 0)
(6.7 0.15 0)
(6.75 0.15 0)
(6.8 0.15 0)
(6.85 0.15 0)
(6.9 0.15 0)
(6.95 0.15 0)
(7 0.15 0)
(7.05 0.15 0)
(7.1 0.15 0)
(7.15 0.15 0)
(7.2 0.15 0)
(7.25 0.15 0)
(7.3 0.15 0)
(7.35 0.15 0)
(7.4 0.15 0)
(7.45 0.15 0)
(7.5 0.15 0)
(7.55 0.15 0)
(7.6 0.15 0)
(7.65 0.15 0)
(7.7 0.15 0)
(7.75 0.15 0)
(7.8 0.15 0)
(7.85 0.15 0)
(7.9 0.15 0)
(7.95 0.15 0)
(8 0.15 0)
(8.05 0.15 0)
(8.1 0.15 0)
(8.15 0.15 0)
(8.2 0.15 0)
(8.25 0.15 0)
(8.3 0.15 0)
(8.35 0.15 0)
(8.4 0.15 0)
(8.45 0.15 0)
(8.5 0.15 0)
(8.55 0.15 0)
(8.6 0.15 0)
(8.65 0.15 0)
(8.7 0.15 0)
(8.75 0.15 0)
(8.8 0.15 0)
(8.85 0.15 0)
(8.9 0.15 0)
(8.95 0.15 0)
(9 0.15 0)
(9.05 0.15 0)
(9.1 0.15 0)
(9.15 0.15 0)
(9.2 0.15 0)
(9.25 0.15 0)
(9.3 0.15 0)
(9.35 0.15 0)
(9.4 0.15 0)
(9.45 0.15 0)
(9.5 0.15 0)
(9.55 0.15 0)
(9.6 0.15 0)
(9.65 0.15 0)
(9.7 0.15 0)
(9.75 0.15 0)
(9.8 0.15 0)
(9.85 0.15 0)
(9.9 0.15 0)
(9.95 0.15 0)
(10 0.15 0)
(0 0.2 0)
(0.05 0.2 0)
(0.1 0.2 0)
(0.15 0.2 0)
(0.2 0.2 0)
(0.25 0.2 0)
(0.3 0.2 0)
(0.35 0.2 0)
(0.4 0.2 0)
(0.45 0.2 0)
(0.5 0.2 0)
(0.55 0.2 0)
(0.6 0.2 0)
(0.65 0.2 0)
(0.7 0.2 0)
(0.75 0.2 0)
(0.8 0.2 0)
(0.85 0.2 0)
(0.9 0.2 0)
(0.95 0.2 0)
(1 0.2 0)
(1.05 0.2 0)
(1.1 0.2 0)
(1.15 0.2 0)
(1.2 0.2 0)
(1.25 0.2 0)
(1.3 0.2 0)
(1.35 0.2 0)
(1.4 0.2 0)
(1.45 0.2 0)
(1.5 0.2 0)
(1.55 0.2 0)
(1.6 0.2 0)
(1.65 0.2 0)
(1.7 0.2 0)
(1.75 0.2 0)
(1.8 0.2 0)
(1.85 0.2 0)
(1.9 0.2 0)
(1.95 0.2 0)
(2 0.2 0)
(2.05 0.2 0)
(2.1 0.2 0)
(2.15 0.2 0)
(2.2 0.2 0)
(2.25 0.2 0)
(2.3 0.2 0)
(2.35 0.2 0)
(2.4 0.2 0)
(2.45 0.2 0)
(2.5 0.2 0)
(2.55 0.2 0)
(2.6 0.2 0)
(2.65 0.2 0)
(2.7 0.2 0)
(2.75 0.2 0)
(2.8 0.2 0)
(2.85 0.2 0)
(2.9 0.2 0)
(2.95 0.2 0)
(3 0.2 0)
(3.05 0.2 0)
(3.1 0.2 0)
(3.15 0.2 0)
(3.2 0.2 0)
(3.25 0.2 0)
(3.3 0.2 0)
(3.35 0.2 0)
(3.4 0.2 0)
(3.45 0.2 0)
(3.5 0.2 0)
(3.55 0.2 0)
(3.6 0.2 0)
(3.65 0.2 0)
(3.7 0.2 0)
(3.75 0.2 0)
(3.8 0.2 0)
(3.85 0.2 0)
(3.9 0.2 0)
(3.95 0.2 0)
(4 0.2 0)
(4.05 0.2 0)
(4.1 0.2 0)
(4.15 0.2 0)
(4.2 0.2 0)
(4.25 0.2 0)
(4.3 0.2 0)
(4.35 0.2 0)
(4.4 0.2 0)
(4.45 0.2 0)
(4.5 0.2 0)
(4.55 0.2 0)
(4.6 0.2 0)
(4.65 0.2 0)
(4.7 0.2 0)
(4.75 0.2 0)
(4.8 0.2 0)
(4.85 0.2 0)
(4.9 0.2 0)
(4.95 0.2 0)
(5 0.2 0)
(5.05 0.2 0)
(5.1 0.2 0)
(5.15 0.2 0)
(5.2 0.2 0)
(5.25 0.2 0)
(5.3 0.2 0)
(5.35 0.2 0)
(5.4 0.2 0)
(5.45 0.2 0)
(5.5 0.2 0)
(5.55 0.2 0)
(5.6 0.2 0)
(5.65 0.2 0)
(5.7 0.2 0)
(5.75 0.2 0)
(5.8 0.2 0)
(5.85 0.2 0)
(5.9 0.2 0)
(5.95 0.2 0)
(6 0.2 0)
(6.05 0.2 0)
(6.1 0.2 0)
(6.15 0.2 0)
(6.2 0.2 0)
(6.25 0.2 0)
(6.3 0.2 0)
(6.35 0.2 0)
(6.4 0.2 0)
(6.45 0.2 0)
(6.5 0.2 0)
(6.55 0.2 0)
(6.6 0.2 0)
(6.65 0.2 0)
(6.7 0.2 0)
(6.75 0.2 0)
(6.8 0.2 0)
(6.85 0.2 0)
(6.9 0.2 0)
(6.95 0.2 0)
(7 0.2 0)
(7.05 0.2 0)
(7.1 0.2 0)
(7.15 0.2 0)
(7.2 0.2 0)
(7.25 0.2 0)
(7.3 0.2 0)
(7.35 0.2 0)
(7.4 0.2 0)
(7.45 0.2 0)
(7.5 0.2 0)
(7.55 0.2 0)
(7.6 0.2 0)
(7.65 0.2 0)
(7.7 0.2 0)
(7.75 0.2 0)
(7.8 0.2 0)
(7.85 0.2 0)
(7.9 0.2 0)
(7.95 0.2 0)
(8 0.2 0)
(8.05 0.2 0)
(8.1 0.2 0)
(8.15 0.2 0)
(8.2 0.2 0)
(8.25 0.2 0)
(8.3 0.2 0)
(8.35 0.2 0)
(8.4 0.2 0)
(8.45 0.2 0)
(8.5 0.2 0)
(8.55 0.2 0)
(8.6 0.2 0)
(8.65 0.2 0)
(8.7 0.2 0)
(8.75 0.2 0)
(8.8 0.2 0)
(8.85 0.2 0)
(8.9 0.2 0)
(8.95 0.2 0)
(9 0.2 0)
(9.05 0.2 0)
(9.1 0.2 0)
(9.15 0.2 0)
(9.2 0.2 0)
(9.25 0.2 0)
(9.3 0.2 0)
(9.35 0.2 0)
(9.4 0.2 0)
(9.45 0.2 0)
(9.5 0.2 0)
(9.55 0.2 0)
(9.6 0.2 0)
(9.65 0.2 0)
(9.7 0.2 0)
(9.75 0.2 0)
(9.8 0.2 0)
(9.85 0.2 0)
(9.9 0.2 0)
(9.95 0.2 0)
(10 0.2 0)
(0 0.25 0)
(0.05 0.25 0)
(0.1 0.25 0)
(0.15 0.25 0)
(0.2 0.25 0)
(0.25 0.25 0)
(0.3 0.25 0)
(0.35 0.25 0)
(0.4 0.25 0)
(0.45 0.25 0)
(0.5 0.25 0)
(0.55 0.25 0)
(0.6 0.25 0)
(0.65 0.25 0)
(0.7 0.25 0)
(0.75 0.25 0)
(0.8 0.25 0)
(0.85 0.25 0)
(0.9 0.25 0)
(0.95 0.25 0)
(1 0.25 0)
(1.05 0.25 0)
(1.1 0.25 0)
(1.15 0.25 0)
(1.2 0.25 0)
(1.25 0.25 0)
(1.3 0.25 0)
(1.35 0.25 0)
(1.4 0.25 0)
(1.45 0.25 0)
(1.5 0.25 0)
(1.55 0.25 0)
(1.6 0.25 0)
(1.65 0.25 0)
(1.7 0.25 0)
(1.75 0.25 0)
(1.8 0.25 0)
(1.85 0.25 0)
(1.9 0.25 0)
(1.95 0.25 0)
(2 0.25 0)
(2.05 0.25 0)
(2.1 0.25 0)
(2.15 0.25 0)
(2.2 0.25 0)
(2.25 0.25 0)
(2.3 0.25 0)
(2.35 0.25 0)
(2.4 0.25 0)
(2.45 0.25 0)
(2.5 0.25 0)
(2.55 0.25 0)
(2.6 0.25 0)
(2.65 0.25 0)
(2.7 0.25 0)
(2.75 0.25 0)
(2.8 0.25 0)
(2.85 0.25 0)
(2.9 0.25 0)
(2.95 0.25 0)
(3 0.25 0)
(3.05 0.25 0)
(3.1 0.25 0)
(3.15 0.25 0)
(3.2 0.25 0)
(3.25 0.25 0)
(3.3 0.25 0)
(3.35 0.25 0)
(3.4 0.25 0)
(3.45 0.25 0)
(3.5 0.25 0)
(3.55 0.25 0)
(3.6 0.25 0)
(3.65 0.25 0)
(3.7 0.25 0)
(3.75 0.25 0)
(3.8 0.25 0)
(3.85 0.25 0)
(3.9 0.25 0)
(3.95 0.25 0)
(4 0.25 0)
(4.05 0.25 0)
(4.1 0.25 0)
(4.15 0.25 0)
(4.2 0.25 0)
(4.25 0.25 0)
(4.3 0.25 0)
(4.35 0.25 0)
(4.4 0.25 0)
(4.45 0.25 0)
(4.5 0.25 0)
(4.55 0.25 0)
(4.6 0.25 0)
(4.65 0.25 0)
(4.7 0.25 0)
(4.75 0.25 0)
(4.8 0.25 0)
(4.85 0.25 0)
(4.9 0.25 0)
(4.95 0.25 0)
(5 0.25 0)
(5.05 0.25 0)
(5.1 0.25 0)
(5.15 0.25 0)
(5.2 0.25 0)
(5.25 0.25 0)
(5.3 0.25 0)
(5.35 0.25 0)
(5.4 0.25 0)
(5.45 0.25 0)
(5.5 0.25 0)
(5.55 0.25 0)
(5.6 0.25 0)
(5.65 0.25 0)
(5.7 0.25 0)
(5.75 0.25 0)
(5.8 0.25 0)
(5.85 0.25 0)
(5.9 0.25 0)
(5.95 0.25 0)
(6 0.25 0)
(6.05 0.25 0)
(6.1 0.25 0)
(6.15 0.25 0)
(6.2 0.25 0)
(6.25 0.25 0)
(6.3 0.25 0)
(6.35 0.25 0)
(6.4 0.25 0)
(6.45 0.25 0)
(6.5 0.25 0)
(6.55 0.25 0)
(6.6 0.25 0)
(6.65 0.25 0)
(6.7 0.25 0)
(6.75 0.25 0)
(6.8 0.25 0)
(6.85 0.25 0)
(6.9 0.25 0)
(6.95 0.25 0)
(7 0.25 0)
(7.05 0.25 0)
(7.1 0.25 0)
(7.15 0.25 0)
(7.2 0.25 0)
(7.25 0.25 0)
(7.3 0.25 0)
(7.35 0.25 0)
(7.4 0.25 0)
(7.45 0.25 0)
(7.5 0.25 0)
(7.55 0.25 0)
(7.6 0.25 0)
(7.65 0.25 0)
(7.7 0.25 0)
(7.75 0.25 0)
(7.8 0.25 0)
(7.85 0.25 0)
(7.9 0.25 0)
(7.95 0.25 0)
(8 0.25 0)
(8.05 0.25 0)
(8.1 0.25 0)
(8.15 0.25 0)
(8.2 0.25 0)
(8.25 0.25 0)
(8.3 0.25 0)
(8.35 0.25 0)
(8.4 0.25 0)
(8.45 0.25 0)
(8.5 0.25 0)
(8.55 0.25 0)
(8.6 0.25 0)
(8.65 0.25 0)
(8.7 0.25 0)
(8.75 0.25 0)
(8.8 0.25 0)
(8.85 0.25 0)
(8.9 0.25 0)
(8.95 0.25 0)
(9 0.25 0)
(9.05 0.25 0)
(9.1 0.25 0)
(9.15 0.25 0)
(9.2 0.25 0)
(9.25 0.25 0)
(9.3 0.25 0)
(9.35 0.25 0)
(9.4 0.25 0)
(9.45 0.25 0)
(9.5 0.25 0)
(9.55 0.25 0)
(9.6 0.25 0)
(9.65 0.25 0)
(9.7 0.25 0)
(9.75 0.25 0)
(9.8 0.25 0)
(9.85 0.25 0)
(9.9 0.25 0)
(9.95 0.25 0)
(10 0.25 0)
(0 0.3 0)
(0.05 0.3 0)
(0.1 0.3 0)
(0.15 0.3 0)
(0.2 0.3 0)
(0.25 0.3 0)
(0.3 0.3 0)
(0.35 0.3 0)
(0.4 0.3 0)
(0.45 0.3 0)
(0.5 0.3 0)
(0.55 0.3 0)
(0.6 0.3 0)
(0.65 0.3 0)
(0.7 0.3 0)
(0.75 0.3 0)
(0.8 0.3 0)
(0.85 0.3 0)
(0.9 0.3 0)
(0.95 0.3 0)
(1 0.3 0)
(1.05 0.3 0)
(1.1 0.3 0)
(1.15 0.3 0)
(1.2 0.3 0)
(1.25 0.3 0)
(1.3 0.3 0)
(1.35 0.3 0)
(1.4 0.3 0)
(1.45 0.3 0)
(1.5 0.3 0)
(1.55 0.3 0)
(1.6 0.3 0)
(1.65 0.3 0)
(1.7 0.3 0)
(1.75 0.3 0)
(1.8 0.3 0)
(1.85 0.3 0)
(1.9 0.3 0)
(1.95 0.3 0)
(2 0.3 0)
(2.05 0.3 0)
(2.1 0.3 0)
(2.15 0.3 0)
(2.2 0.3 0)
(2.25 0.3 0)
(2.3 0.3 0)
(2.35 0.3 0)
(2.4 0.3 0)
(2.45 0.3 0)
(2.5 0.3 0)
(2.55 0.3 0)
(2.6 0.3 0)
(2.65 0.3 0)
(2.7 0.3 0)
(2.75 0.3 0)
(2.8 0.3 0)
(2.85 0.3 0)
(2.9 0.3 0)
(2.95 0.3 0)
(3 0.3 0)
(3.05 0.3 0)
(3.1 0.3 0)
(3.15 0.3 0)
(3.2 0.3 0)
(3.25 0.3 0)
(3.3 0.3 0)
(3.35 0.3 0)
(3.4 0.3 0)
(3.45 0.3 0)
(3.5 0.3 0)
(3.55 0.3 0)
(3.6 0.3 0)
(3.65 0.3 0)
(3.7 0.3 0)
(3.75 0.3 0)
(3.8 0.3 0)
(3.85 0.3 0)
(3.9 0.3 0)
(3.95 0.3 0)
(4 0.3 0)
(4.05 0.3 0)
(4.1 0.3 0)
(4.15 0.3 0)
(4.2 0.3 0)
(4.25 0.3 0)
(4.3 0.3 0)
(4.35 0.3 0)
(4.4 0.3 0)
(4.45 0.3 0)
(4.5 0.3 0)
(4.55 0.3 0)
(4.6 0.3 0)
(4.65 0.3 0)
(4.7 0.3 0)
(4.75 0.3 0)
(4.8 0.3 0)
(4.85 0.3 0)
(4.9 0.3 0)
(4.95 0.3 0)
(5 0.3 0)
(5.05 0.3 0)
(5.1 0.3 0)
(5.15 0.3 0)
(5.2 0.3 0)
(5.25 0.3 0)
(5.3 0.3 0)
(5.35 0.3 0)
(5.4 0.3 0)
(5.45 0.3 0)
(5.5 0.3 0)
(5.55 0.3 0)
(5.6 0.3 0)
(5.65 0.3 0)
(5.7 0.3 0)
(5.75 0.3 0)
(5.8 0.3 0)
(5.85 0.3 0)
(5.9 0.3 0)
(5.95 0.3 0)
(6 0.3 0)
(6.05 0.3 0)
(6.1 0.3 0)
(6.15 0.3 0)
(6.2 0.3 0)
(6.25 0.3 0)
(6.3 0.3 0)
(6.35 0.3 0)
(6.4 0.3 0)
(6.45 0.3 0)
(6.5 0.3 0)
(6.55 0.3 0)
(6.6 0.3 0)
(6.65 0.3 0)
(6.7 0.3 0)
(6.75 0.3 0)
(6.8 0.3 0)
(6.85 0.3 0)
(6.9 0.3 0)
(6.95 0.3 0)
(7 0.3 0)
(7.05 0.3 0)
(7.1 0.3 0)
(7.15 0.3 0)
(7.2 0.3 0)
(7.25 0.3 0)
(7.3 0.3 0)
(7.35 0.3 0)
(7.4 0.3 0)
(7.45 0.3 0)
(7.5 0.3 0)
(7.55 0.3 0)
(7.6 0.3 0)
(7.65 0.3 0)
(7.7 0.3 0)
(7.75 0.3 0)
(7.8 0.3 0)
(7.85 0.3 0)
(7.9 0.3 0)
(7.95 0.3 0)
(8 0.3 0)
(8.05 0.3 0)
(8.1 0.3 0)
(8.15 0.3 0)
(8.2 0.3 0)
(8.25 0.3 0)
(8.3 0.3 0)
(8.35 0.3 0)
(8.4 0.3 0)
(8.45 0.3 0)
(8.5 0.3 0)
(8.55 0.3 0)
(8.6 0.3 0)
(8.65 0.3 0)
(8.7 0.3 0)
(8.75 0.3 0)
(8.8 0.3 0)
(8.85 0.3 0)
(8.9 0.3 0)
(8.95 0.3 0)
(9 0.3 0)
(9.05 0.3 0)
(9.1 0.3 0)
(9.15 0.3 0)
(9.2 0.3 0)
(9.25 0.3 0)
(9.3 0.3 0)
(9.35 0.3 0)
(9.4 0.3 0)
(9.45 0.3 0)
(9.5 0.3 0)
(9.55 0.3 0)
(9.6 0.3 0)
(9.65 0.3 0)
(9.7 0.3 0)
(9.75 0.3 0)
(9.8 0.3 0)
(9.85 0.3 0)
(9.9 0.3 0)
(9.95 0.3 0)
(10 0.3 0)
(0 0.35 0)
(0.05 0.35 0)
(0.1 0.35 0)
(0.15 0.35 0)
(0.2 0.35 0)
(0.25 0.35 0)
(0.3 0.35 0)
(0.35 0.35 0)
(0.4 0.35 0)
(0.45 0.35 0)
(0.5 0.35 0)
(0.55 0.35 0)
(0.6 0.35 0)
(0.65 0.35 0)
(0.7 0.35 0)
(0.75 0.35 0)
(0.8 0.35 0)
(0.85 0.35 0)
(0.9 0.35 0)
(0.95 0.35 0)
(1 0.35 0)
(1.05 0.35 0)
(1.1 0.35 0)
(1.15 0.35 0)
(1.2 0.35 0)
(1.25 0.35 0)
(1.3 0.35 0)
(1.35 0.35 0)
(1.4 0.35 0)
(1.45 0.35 0)
(1.5 0.35 0)
(1.55 0.35 0)
(1.6 0.35 0)
(1.65 0.35 0)
(1.7 0.35 0)
(1.75 0.35 0)
(1.8 0.35 0)
(1.85 0.35 0)
(1.9 0.35 0)
(1.95 0.35 0)
(2 0.35 0)
(2.05 0.35 0)
(2.1 0.35 0)
(2.15 0.35 0)
(2.2 0.35 0)
(2.25 0.35 0)
(2.3 0.35 0)
(2.35 0.35 0)
(2.4 0.35 0)
(2.45 0.35 0)
(2.5 0.35 0)
(2.55 0.35 0)
(2.6 0.35 0)
(2.65 0.35 0)
(2.7 0.35 0)
(2.75 0.35 0)
(2.8 0.35 0)
(2.85 0.35 0)
(2.9 0.35 0)
(2.95 0.35 0)
(3 0.35 0)
(3.05 0.35 0)
(3.1 0.35 0)
(3.15 0.35 0)
(3.2 0.35 0)
(3.25 0.35 0)
(3.3 0.35 0)
(3.35 0.35 0)
(3.4 0.35 0)
(3.45 0.35 0)
(3.5 0.35 0)
(3.55 0.35 0)
(3.6 0.35 0)
(3.65 0.35 0)
(3.7 0.35 0)
(3.75 0.35 0)
(3.8 0.35 0)
(3.85 0.35 0)
(3.9 0.35 0)
(3.95 0.35 0)
(4 0.35 0)
(4.05 0.35 0)
(4.1 0.35 0)
(4.15 0.35 0)
(4.2 0.35 0)
(4.25 0.35 0)
(4.3 0.35 0)
(4.35 0.35 0)
(4.4 0.35 0)
(4.45 0.35 0)
(4.5 0.35 0)
(4.55 0.35 0)
(4.6 0.35 0)
(4.65 0.35 0)
(4.7 0.35 0)
(4.75 0.35 0)
(4.8 0.35 0)
(4.85 0.35 0)
(4.9 0.35 0)
(4.95 0.35 0)
(5 0.35 0)
(5.05 0.35 0)
(5.1 0.35 0)
(5.15 0.35 0)
(5.2 0.35 0)
(5.25 0.35 0)
(5.3 0.35 0)
(5.35 0.35 0)
(5.4 0.35 0)
(5.45 0.35 0)
(5.5 0.35 0)
(5.55 0.35 0)
(5.6 0.35 0)
(5.65 0.35 0)
(5.7 0.35 0)
(5.75 0.35 0)
(5.8 0.35 0)
(5.85 0.35 0)
(5.9 0.35 0)
(5.95 0.35 0)
(6 0.35 0)
(6.05 0.35 0)
(6.1 0.35 0)
(6.15 0.35 0)
(6.2 0.35 0)
(6.25 0.35 0)
(6.3 0.35 0)
(6.35 0.35 0)
(6.4 0.35 0)
(6.45 0.35 0)
(6.5 0.35 0)
(6.55 0.35 0)
(6.6 0.35 0)
(6.65 0.35 0)
(6.7 0.35 0)
(6.75 0.35 0)
(6.8 0.35 0)
(6.85 0.35 0)
(6.9 0.35 0)
(6.95 0.35 0)
(7 0.35 0)
(7.05 0.35 0)
(7.1 0.35 0)
(7.15 0.35 0)
(7.2 0.35 0)
(7.25 0.35 0)
(7.3 0.35 0)
(7.35 0.35 0)
(7.4 0.35 0)
(7.45 0.35 0)
(7.5 0.35 0)
(7.55 0.35 0)
(7.6 0.35 0)
(7.65 0.35 0)
(7.7 0.35 0)
(7.75 0.35 0)
(7.8 0.35 0)
(7.85 0.35 0)
(7.9 0.35 0)
(7.95 0.35 0)
(8 0.35 0)
(8.05 0.35 0)
(8.1 0.35 0)
(8.15 0.35 0)
(8.2 0.35 0)
(8.25 0.35 0)
(8.3 0.35 0)
(8.35 0.35 0)
(8.4 0.35 0)
(8.45 0.35 0)
(8.5 0.35 0)
(8.55 0.35 0)
(8.6 0.35 0)
(8.65 0.35 0)
(8.7 0.35 0)
(8.75 0.35 0)
(8.8 0.35 0)
(8.85 0.35 0)
(8.9 0.35 0)
(8.95 0.35 0)
(9 0.35 0)
(9.05 0.35 0)
(9.1 0.35 0)
(9.15 0.35 0)
(9.2 0.35 0)
(9.25 0.35 0)
(9.3 0.35 0)
(9.35 0.35 0)
(9.4 0.35 0)
(9.45 0.35 0)
(9.5 0.35 0)
(9.55 0.35 0)
(9.6 0.35 0)
(9.65 0.35 0)
(9.7 0.35 0)
(9.75 0.35 0)
(9.8 0.35 0)
(9.85 0.35 0)
(9.9 0.35 0)
(9.95 0.35 0)
(10 0.35 0)
(0 0.4 0)
(0.05 0.4 0)
(0.1 0.4 0)
(0.15 0.4 0)
(0.2 0.4 0)
(0.25 0.4 0)
(0.3 0.4 0)
(0.35 0.4 0)
(0.4 0.4 0)
(0.45 0.4 0)
(0.5 0.4 0)
(0.55 0.4 0)
(0.6 0.4 0)
(0.65 0.4 0)
(0.7 0.4 0)
(0.75 0.4 0)
(0.8 0.4 0)
(0.85 0.4 0)
(0.9 0.4 0)
(0.95 0.4 0)
(1 0.4 0)
(1.05 0.4 0)
(1.1 0.4 0)
(1.15 0.4 0)
(1.2 0.4 0)
(1.25 0.4 0)
(1.3 0.4 0)
(1.35 0.4 0)
(1.4 0.4 0)
(1.45 0.4 0)
(1.5 0.4 0)
(1.55 0.4 0)
(1.6 0.4 0)
(1.65 0.4 0)
(1.7 0.4 0)
(1.75 0.4 0)
(1.8 0.4 0)
(1.85 0.4 0)
(1.9 0.4 0)
(1.95 0.4 0)
(2 0.4 0)
(2.05 0.4 0)
(2.1 0.4 0)
(2.15 0.4 0)
(2.2 0.4 0)
(2.25 0.4 0)
(2.3 0.4 0)
(2.35 0.4 0)
(2.4 0.4 0)
(2.45 0.4 0)
(2.5 0.4 0)
(2.55 0.4 0)
(2.6 0.4 0)
(2.65 0.4 0)
(2.7 0.4 0)
(2.75 0.4 0)
(2.8 0.4 0)
(2.85 0.4 0)
(2.9 0.4 0)
(2.95 0.4 0)
(3 0.4 0)
(3.05 0.4 0)
(3.1 0.4 0)
(3.15 0.4 0)
(3.2 0.4 0)
(3.25 0.4 0)
(3.3 0.4 0)
(3.35 0.4 0)
(3.4 0.4 0)
(3.45 0.4 0)
(3.5 0.4 0)
(3.55 0.4 0)
(3.6 0.4 0)
(3.65 0.4 0)
(3.7 0.4 0)
(3.75 0.4 0)
(3.8 0.4 0)
(3.85 0.4 0)
(3.9 0.4 0)
(3.95 0.4 0)
(4 0.4 0)
(4.05 0.4 0)
(4.1 0.4 0)
(4.15 0.4 0)
(4.2 0.4 0)
(4.25 0.4 0)
(4.3 0.4 0)
(4.35 0.4 0)
(4.4 0.4 0)
(4.45 0.4 0)
(4.5 0.4 0)
(4.55 0.4 0)
(4.6 0.4 0)
(4.65 0.4 0)
(4.7 0.4 0)
(4.75 0.4 0)
(4.8 0.4 0)
(4.85 0.4 0)
(4.9 0.4 0)
(4.95 0.4 0)
(5 0.4 0)
(5.05 0.4 0)
(5.1 0.4 0)
(5.15 0.4 0)
(5.2 0.4 0)
(5.25 0.4 0)
(5.3 0.4 0)
(5.35 0.4 0)
(5.4 0.4 0)
(5.45 0.4 0)
(5.5 0.4 0)
(5.55 0.4 0)
(5.6 0.4 0)
(5.65 0.4 0)
(5.7 0.4 0)
(5.75 0.4 0)
(5.8 0.4 0)
(5.85 0.4 0)
(5.9 0.4 0)
(5.95 0.4 0)
(6 0.4 0)
(6.05 0.4 0)
(6.1 0.4 0)
(6.15 0.4 0)
(6.2 0.4 0)
(6.25 0.4 0)
(6.3 0.4 0)
(6.35 0.4 0)
(6.4 0.4 0)
(6.45 0.4 0)
(6.5 0.4 0)
(6.55 0.4 0)
(6.6 0.4 0)
(6.65 0.4 0)
(6.7 0.4 0)
(6.75 0.4 0)
(6.8 0.4 0)
(6.85 0.4 0)
(6.9 0.4 0)
(6.95 0.4 0)
(7 0.4 0)
(7.05 0.4 0)
(7.1 0.4 0)
(7.15 0.4 0)
(7.2 0.4 0)
(7.25 0.4 0)
(7.3 0.4 0)
(7.35 0.4 0)
(7.4 0.4 0)
(7.45 0.4 0)
(7.5 0.4 0)
(7.55 0.4 0)
(7.6 0.4 0)
(7.65 0.4 0)
(7.7 0.4 0)
(7.75 0.4 0)
(7.8 0.4 0)
(7.85 0.4 0)
(7.9 0.4 0)
(7.95 0.4 0)
(8 0.4 0)
(8.05 0.4 0)
(8.1 0.4 0)
(8.15 0.4 0)
(8.2 0.4 0)
(8.25 0.4 0)
(8.3 0.4 0)
(8.35 0.4 0)
(8.4 0.4 0)
(8.45 0.4 0)
(8.5 0.4 0)
(8.55 0.4 0)
(8.6 0.4 0)
(8.65 0.4 0)
(8.7 0.4 0)
(8.75 0.4 0)
(8.8 0.4 0)
(8.85 0.4 0)
(8.9 0.4 0)
(8.95 0.4 0)
(9 0.4 0)
(9.05 0.4 0)
(9.1 0.4 0)
(9.15 0.4 0)
(9.2 0.4 0)
(9.25 0.4 0)
(9.3 0.4 0)
(9.35 0.4 0)
(9.4 0.4 0)
(9.45 0.4 0)
(9.5 0.4 0)
(9.55 0.4 0)
(9.6 0.4 0)
(9.65 0.4 0)
(9.7 0.4 0)
(9.75 0.4 0)
(9.8 0.4 0)
(9.85 0.4 0)
(9.9 0.4 0)
(9.95 0.4 0)
(10 0.4 0)
(0 0.45 0)
(0.05 0.45 0)
(0.1 0.45 0)
(0.15 0.45 0)
(0.2 0.45 0)
(0.25 0.45 0)
(0.3 0.45 0)
(0.35 0.45 0)
(0.4 0.45 0)
(0.45 0.45 0)
(0.5 0.45 0)
(0.55 0.45 0)
(0.6 0.45 0)
(0.65 0.45 0)
(0.7 0.45 0)
(0.75 0.45 0)
(0.8 0.45 0)
(0.85 0.45 0)
(0.9 0.45 0)
(0.95 0.45 0)
(1 0.45 0)
(1.05 0.45 0)
(1.1 0.45 0)
(1.15 0.45 0)
(1.2 0.45 0)
(1.25 0.45 0)
(1.3 0.45 0)
(1.35 0.45 0)
(1.4 0.45 0)
(1.45 0.45 0)
(1.5 0.45 0)
(1.55 0.45 0)
(1.6 0.45 0)
(1.65 0.45 0)
(1.7 0.45 0)
(1.75 0.45 0)
(1.8 0.45 0)
(1.85 0.45 0)
(1.9 0.45 0)
(1.95 0.45 0)
(2 0.45 0)
(2.05 0.45 0)
(2.1 0.45 0)
(2.15 0.45 0)
(2.2 0.45 0)
(2.25 0.45 0)
(2.3 0.45 0)
(2.35 0.45 0)
(2.4 0.45 0)
(2.45 0.45 0)
(2.5 0.45 0)
(2.55 0.45 0)
(2.6 0.45 0)
(2.65 0.45 0)
(2.7 0.45 0)
(2.75 0.45 0)
(2.8 0.45 0)
(2.85 0.45 0)
(2.9 0.45 0)
(2.95 0.45 0)
(3 0.45 0)
(3.05 0.45 0)
(3.1 0.45 0)
(3.15 0.45 0)
(3.2 0.45 0)
(3.25 0.45 0)
(3.3 0.45 0)
(3.35 0.45 0)
(3.4 0.45 0)
(3.45 0.45 0)
(3.5 0.45 0)
(3.55 0.45 0)
(3.6 0.45 0)
(3.65 0.45 0)
(3.7 0.45 0)
(3.75 0.45 0)
(3.8 0.45 0)
(3.85 0.45 0)
(3.9 0.45 0)
(3.95 0.45 0)
(4 0.45 0)
(4.05 0.45 0)
(4.1 0.45 0)
(4.15 0.45 0)
(4.2 0.45 0)
(4.25 0.45 0)
(4.3 0.45 0)
(4.35 0.45 0)
(4.4 0.45 0)
(4.45 0.45 0)
(4.5 0.45 0)
(4.55 0.45 0)
(4.6 0.45 0)
(4.65 0.45 0)
(4.7 0.45 0)
(4.75 0.45 0)
(4.8 0.45 0)
(4.85 0.45 0)
(4.9 0.45 0)
(4.95 0.45 0)
(5 0.45 0)
(5.05 0.45 0)
(5.1 0.45 0)
(5.15 0.45 0)
(5.2 0.45 0)
(5.25 0.45 0)
(5.3 0.45 0)
(5.35 0.45 0)
(5.4 0.45 0)
(5.45 0.45 0)
(5.5 0.45 0)
(5.55 0.45 0)
(5.6 0.45 0)
(5.65 0.45 0)
(5.7 0.45 0)
(5.75 0.45 0)
(5.8 0.45 0)
(5.85 0.45 0)
(5.9 0.45 0)
(5.95 0.45 0)
(6 0.45 0)
(6.05 0.45 0)
(6.1 0.45 0)
(6.15 0.45 0)
(6.2 0.45 0)
(6.25 0.45 0)
(6.3 0.45 0)
(6.35 0.45 0)
(6.4 0.45 0)
(6.45 0.45 0)
(6.5 0.45 0)
(6.55 0.45 0)
(6.6 0.45 0)
(6.65 0.45 0)
(6.7 0.45 0)
(6.75 0.45 0)
(6.8 0.45 0)
(6.85 0.45 0)
(6.9 0.45 0)
(6.95 0.45 0)
(7 0.45 0)
(7.05 0.45 0)
(7.1 0.45 0)
(7.15 0.45 0)
(7.2 0.45 0)
(7.25 0.45 0)
(7.3 0.45 0)
(7.35 0.45 0)
(7.4 0.45 0)
(7.45 0.45 0)
(7.5 0.45 0)
(7.55 0.45 0)
(7.6 0.45 0)
(7.65 0.45 0)
(7.7 0.45 0)
(7.75 0.45 0)
(7.8 0.45 0)
(7.85 0.45 0)
(7.9 0.45 0)
(7.95 0.45 0)
(8 0.45 0)
(8.05 0.45 0)
(8.1 0.45 0)
(8.15 0.45 0)
(8.2 0.45 0)
(8.25 0.45 0)
(8.3 0.45 0)
(8.35 0.45 0)
(8.4 0.45 0)
(8.45 0.45 0)
(8.5 0.45 0)
(8.55 0.45 0)
(8.6 0.45 0)
(8.65 0.45 0)
(8.7 0.45 0)
(8.75 0.45 0)
(8.8 0.45 0)
(8.85 0.45 0)
(8.9 0.45 0)
(8.95 0.45 0)
(9 0.45 0)
(9.05 0.45 0)
(9.1 0.45 0)
(9.15 0.45 0)
(9.2 0.45 0)
(9.25 0.45 0)
(9.3 0.45 0)
(9.35 0.45 0)
(9.4 0.45 0)
(9.45 0.45 0)
(9.5 0.45 0)
(9.55 0.45 0)
(9.6 0.45 0)
(9.65 0.45 0)
(9.7 0.45 0)
(9.75 0.45 0)
(9.8 0.45 0)
(9.85 0.45 0)
(9.9 0.45 0)
(9.95 0.45 0)
(10 0.45 0)
(0 0.5 0)
(0.05 0.5 0)
(0.1 0.5 0)
(0.15 0.5 0)
(0.2 0.5 0)
(0.25 0.5 0)
(0.3 0.5 0)
(0.35 0.5 0)
(0.4 0.5 0)
(0.45 0.5 0)
(0.5 0.5 0)
(0.55 0.5 0)
(0.6 0.5 0)
(0.65 0.5 0)
(0.7 0.5 0)
(0.75 0.5 0)
(0.8 0.5 0)
(0.85 0.5 0)
(0.9 0.5 0)
(0.95 0.5 0)
(1 0.5 0)
(1.05 0.5 0)
(1.1 0.5 0)
(1.15 0.5 0)
(1.2 0.5 0)
(1.25 0.5 0)
(1.3 0.5 0)
(1.35 0.5 0)
(1.4 0.5 0)
(1.45 0.5 0)
(1.5 0.5 0)
(1.55 0.5 0)
(1.6 0.5 0)
(1.65 0.5 0)
(1.7 0.5 0)
(1.75 0.5 0)
(1.8 0.5 0)
(1.85 0.5 0)
(1.9 0.5 0)
(1.95 0.5 0)
(2 0.5 0)
(2.05 0.5 0)
(2.1 0.5 0)
(2.15 0.5 0)
(2.2 0.5 0)
(2.25 0.5 0)
(2.3 0.5 0)
(2.35 0.5 0)
(2.4 0.5 0)
(2.45 0.5 0)
(2.5 0.5 0)
(2.55 0.5 0)
(2.6 0.5 0)
(2.65 0.5 0)
(2.7 0.5 0)
(2.75 0.5 0)
(2.8 0.5 0)
(2.85 0.5 0)
(2.9 0.5 0)
(2.95 0.5 0)
(3 0.5 0)
(3.05 0.5 0)
(3.1 0.5 0)
(3.15 0.5 0)
(3.2 0.5 0)
(3.25 0.5 0)
(3.3 0.5 0)
(3.35 0.5 0)
(3.4 0.5 0)
(3.45 0.5 0)
(3.5 0.5 0)
(3.55 0.5 0)
(3.6 0.5 0)
(3.65 0.5 0)
(3.7 0.5 0)
(3.75 0.5 0)
(3.8 0.5 0)
(3.85 0.5 0)
(3.9 0.5 0)
(3.95 0.5 0)
(4 0.5 0)
(4.05 0.5 0)
(4.1 0.5 0)
(4.15 0.5 0)
(4.2 0.5 0)
(4.25 0.5 0)
(4.3 0.5 0)
(4.35 0.5 0)
(4.4 0.5 0)
(4.45 0.5 0)
(4.5 0.5 0)
(4.55 0.5 0)
(4.6 0.5 0)
(4.65 0.5 0)
(4.7 0.5 0)
(4.75 0.5 0)
(4.8 0.5 0)
(4.85 0.5 0)
(4.9 0.5 0)
(4.95 0.5 0)
(5 0.5 0)
(5.05 0.5 0)
(5.1 0.5 0)
(5.15 0.5 0)
(5.2 0.5 0)
(5.25 0.5 0)
(5.3 0.5 0)
(5.35 0.5 0)
(5.4 0.5 0)
(5.45 0.5 0)
(5.5 0.5 0)
(5.55 0.5 0)
(5.6 0.5 0)
(5.65 0.5 0)
(5.7 0.5 0)
(5.75 0.5 0)
(5.8 0.5 0)
(5.85 0.5 0)
(5.9 0.5 0)
(5.95 0.5 0)
(6 0.5 0)
(6.05 0.5 0)
(6.1 0.5 0)
(6.15 0.5 0)
(6.2 0.5 0)
(6.25 0.5 0)
(6.3 0.5 0)
(6.35 0.5 0)
(6.4 0.5 0)
(6.45 0.5 0)
(6.5 0.5 0)
(6.55 0.5 0)
(6.6 0.5 0)
(6.65 0.5 0)
(6.7 0.5 0)
(6.75 0.5 0)
(6.8 0.5 0)
(6.85 0.5 0)
(6.9 0.5 0)
(6.95 0.5 0)
(7 0.5 0)
(7.05 0.5 0)
(7.1 0.5 0)
(7.15 0.5 0)
(7.2 0.5 0)
(7.25 0.5 0)
(7.3 0.5 0)
(7.35 0.5 0)
(7.4 0.5 0)
(7.45 0.5 0)
(7.5 0.5 0)
(7.55 0.5 0)
(7.6 0.5 0)
(7.65 0.5 0)
(7.7 0.5 0)
(7.75 0.5 0)
(7.8 0.5 0)
(7.85 0.5 0)
(7.9 0.5 0)
(7.95 0.5 0)
(8 0.5 0)
(8.05 0.5 0)
(8.1 0.5 0)
(8.15 0.5 0)
(8.2 0.5 0)
(8.25 0.5 0)
(8.3 0.5 0)
(8.35 0.5 0)
(8.4 0.5 0)
(8.45 0.5 0)
(8.5 0.5 0)
(8.55 0.5 0)
(8.6 0.5 0)
(8.65 0.5 0)
(8.7 0.5 0)
(8.75 0.5 0)
(8.8 0.5 0)
(8.85 0.5 0)
(8.9 0.5 0)
(8.95 0.5 0)
(9 0.5 0)
(9.05 0.5 0)
(9.1 0.5 0)
(9.15 0.5 0)
(9.2 0.5 0)
(9.25 0.5 0)
(9.3 0.5 0)
(9.35 0.5 0)
(9.4 0.5 0)
(9.45 0.5 0)
(9.5 0.5 0)
(9.55 0.5 0)
(9.6 0.5 0)
(9.65 0.5 0)
(9.7 0.5 0)
(9.75 0.5 0)
(9.8 0.5 0)
(9.85 0.5 0)
(9.9 0.5 0)
(9.95 0.5 0)
(10 0.5 0)
(0 0.55 0)
(0.05 0.55 0)
(0.1 0.55 0)
(0.15 0.55 0)
(0.2 0.55 0)
(0.25 0.55 0)
(0.3 0.55 0)
(0.35 0.55 0)
(0.4 0.55 0)
(0.45 0.55 0)
(0.5 0.55 0)
(0.55 0.55 0)
(0.6 0.55 0)
(0.65 0.55 0)
(0.7 0.55 0)
(0.75 0.55 0)
(0.8 0.55 0)
(0.85 0.55 0)
(0.9 0.55 0)
(0.95 0.55 0)
(1 0.55 0)
(1.05 0.55 0)
(1.1 0.55 0)
(1.15 0.55 0)
(1.2 0.55 0)
(1.25 0.55 0)
(1.3 0.55 0)
(1.35 0.55 0)
(1.4 0.55 0)
(1.45 0.55 0)
(1.5 0.55 0)
(1.55 0.55 0)
(1.6 0.55 0)
(1.65 0.55 0)
(1.7 0.55 0)
(1.75 0.55 0)
(1.8 0.55 0)
(1.85 0.55 0)
(1.9 0.55 0)
(1.95 0.55 0)
(2 0.55 0)
(2.05 0.55 0)
(2.1 0.55 0)
(2.15 0.55 0)
(2.2 0.55 0)
(2.25 0.55 0)
(2.3 0.55 0)
(2.35 0.55 0)
(2.4 0.55 0)
(2.45 0.55 0)
(2.5 0.55 0)
(2.55 0.55 0)
(2.6 0.55 0)
(2.65 0.55 0)
(2.7 0.55 0)
(2.75 0.55 0)
(2.8 0.55 0)
(2.85 0.55 0)
(2.9 0.55 0)
(2.95 0.55 0)
(3 0.55 0)
(3.05 0.55 0)
(3.1 0.55 0)
(3.15 0.55 0)
(3.2 0.55 0)
(3.25 0.55 0)
(3.3 0.55 0)
(3.35 0.55 0)
(3.4 0.55 0)
(3.45 0.55 0)
(3.5 0.55 0)
(3.55 0.55 0)
(3.6 0.55 0)
(3.65 0.55 0)
(3.7 0.55 0)
(3.75 0.55 0)
(3.8 0.55 0)
(3.85 0.55 0)
(3.9 0.55 0)
(3.95 0.55 0)
(4 0.55 0)
(4.05 0.55 0)
(4.1 0.55 0)
(4.15 0.55 0)
(4.2 0.55 0)
(4.25 0.55 0)
(4.3 0.55 0)
(4.35 0.55 0)
(4.4 0.55 0)
(4.45 0.55 0)
(4.5 0.55 0)
(4.55 0.55 0)
(4.6 0.55 0)
(4.65 0.55 0)
(4.7 0.55 0)
(4.75 0.55 0)
(4.8 0.55 0)
(4.85 0.55 0)
(4.9 0.55 0)
(4.95 0.55 0)
(5 0.55 0)
(5.05 0.55 0)
(5.1 0.55 0)
(5.15 0.55 0)
(5.2 0.55 0)
(5.25 0.55 0)
(5.3 0.55 0)
(5.35 0.55 0)
(5.4 0.55 0)
(5.45 0.55 0)
(5.5 0.55 0)
(5.55 0.55 0)
(5.6 0.55 0)
(5.65 0.55 0)
(5.7 0.55 0)
(5.75 0.55 0)
(5.8 0.55 0)
(5.85 0.55 0)
(5.9 0.55 0)
(5.95 0.55 0)
(6 0.55 0)
(6.05 0.55 0)
(6.1 0.55 0)
(6.15 0.55 0)
(6.2 0.55 0)
(6.25 0.55 0)
(6.3 0.55 0)
(6.35 0.55 0)
(6.4 0.55 0)
(6.45 0.55 0)
(6.5 0.55 0)
(6.55 0.55 0)
(6.6 0.55 0)
(6.65 0.55 0)
(6.7 0.55 0)
(6.75 0.55 0)
(6.8 0.55 0)
(6.85 0.55 0)
(6.9 0.55 0)
(6.95 0.55 0)
(7 0.55 0)
(7.05 0.55 0)
(7.1 0.55 0)
(7.15 0.55 0)
(7.2 0.55 0)
(7.25 0.55 0)
(7.3 0.55 0)
(7.35 0.55 0)
(7.4 0.55 0)
(7.45 0.55 0)
(7.5 0.55 0)
(7.55 0.55 0)
(7.6 0.55 0)
(7.65 0.55 0)
(7.7 0.55 0)
(7.75 0.55 0)
(7.8 0.55 0)
(7.85 0.55 0)
(7.9 0.55 0)
(7.95 0.55 0)
(8 0.55 0)
(8.05 0.55 0)
(8.1 0.55 0)
(8.15 0.55 0)
(8.2 0.55 0)
(8.25 0.55 0)
(8.3 0.55 0)
(8.35 0.55 0)
(8.4 0.55 0)
(8.45 0.55 0)
(8.5 0.55 0)
(8.55 0.55 0)
(8.6 0.55 0)
(8.65 0.55 0)
(8.7 0.55 0)
(8.75 0.55 0)
(8.8 0.55 0)
(8.85 0.55 0)
(8.9 0.55 0)
(8.95 0.55 0)
(9 0.55 0)
(9.05 0.55 0)
(9.1 0.55 0)
(9.15 0.55 0)
(9.2 0.55 0)
(9.25 0.55 0)
(9.3 0.55 0)
(9.35 0.55 0)
(9.4 0.55 0)
(9.45 0.55 0)
(9.5 0.55 0)
(9.55 0.55 0)
(9.6 0.55 0)
(9.65 0.55 0)
(9.7 0.55 0)
(9.75 0.55 0)
(9.8 0.55 0)
(9.85 0.55 0)
(9.9 0.55 0)
(9.95 0.55 0)
(10 0.55 0)
(0 0.6 0)
(0.05 0.6 0)
(0.1 0.6 0)
(0.15 0.6 0)
(0.2 0.6 0)
(0.25 0.6 0)
(0.3 0.6 0)
(0.35 0.6 0)
(0.4 0.6 0)
(0.45 0.6 0)
(0.5 0.6 0)
(0.55 0.6 0)
(0.6 0.6 0)
(0.65 0.6 0)
(0.7 0.6 0)
(0.75 0.6 0)
(0.8 0.6 0)
(0.85 0.6 0)
(0.9 0.6 0)
(0.95 0.6 0)
(1 0.6 0)
(1.05 0.6 0)
(1.1 0.6 0)
(1.15 0.6 0)
(1.2 0.6 0)
(1.25 0.6 0)
(1.3 0.6 0)
(1.35 0.6 0)
(1.4 0.6 0)
(1.45 0.6 0)
(1.5 0.6 0)
(1.55 0.6 0)
(1.6 0.6 0)
(1.65 0.6 0)
(1.7 0.6 0)
(1.75 0.6 0)
(1.8 0.6 0)
(1.85 0.6 0)
(1.9 0.6 0)
(1.95 0.6 0)
(2 0.6 0)
(2.05 0.6 0)
(2.1 0.6 0)
(2.15 0.6 0)
(2.2 0.6 0)
(2.25 0.6 0)
(2.3 0.6 0)
(2.35 0.6 0)
(2.4 0.6 0)
(2.45 0.6 0)
(2.5 0.6 0)
(2.55 0.6 0)
(2.6 0.6 0)
(2.65 0.6 0)
(2.7 0.6 0)
(2.75 0.6 0)
(2.8 0.6 0)
(2.85 0.6 0)
(2.9 0.6 0)
(2.95 0.6 0)
(3 0.6 0)
(3.05 0.6 0)
(3.1 0.6 0)
(3.15 0.6 0)
(3.2 0.6 0)
(3.25 0.6 0)
(3.3 0.6 0)
(3.35 0.6 0)
(3.4 0.6 0)
(3.45 0.6 0)
(3.5 0.6 0)
(3.55 0.6 0)
(3.6 0.6 0)
(3.65 0.6 0)
(3.7 0.6 0)
(3.75 0.6 0)
(3.8 0.6 0)
(3.85 0.6 0)
(3.9 0.6 0)
(3.95 0.6 0)
(4 0.6 0)
(4.05 0.6 0)
(4.1 0.6 0)
(4.15 0.6 0)
(4.2 0.6 0)
(4.25 0.6 0)
(4.3 0.6 0)
(4.35 0.6 0)
(4.4 0.6 0)
(4.45 0.6 0)
(4.5 0.6 0)
(4.55 0.6 0)
(4.6 0.6 0)
(4.65 0.6 0)
(4.7 0.6 0)
(4.75 0.6 0)
(4.8 0.6 0)
(4.85 0.6 0)
(4.9 0.6 0)
(4.95 0.6 0)
(5 0.6 0)
(5.05 0.6 0)
(5.1 0.6 0)
(5.15 0.6 0)
(5.2 0.6 0)
(5.25 0.6 0)
(5.3 0.6 0)
(5.35 0.6 0)
(5.4 0.6 0)
(5.45 0.6 0)
(5.5 0.6 0)
(5.55 0.6 0)
(5.6 0.6 0)
(5.65 0.6 0)
(5.7 0.6 0)
(5.75 0.6 0)
(5.8 0.6 0)
(5.85 0.6 0)
(5.9 0.6 0)
(5.95 0.6 0)
(6 0.6 0)
(6.05 0.6 0)
(6.1 0.6 0)
(6.15 0.6 0)
(6.2 0.6 0)
(6.25 0.6 0)
(6.3 0.6 0)
(6.35 0.6 0)
(6.4 0.6 0)
(6.45 0.6 0)
(6.5 0.6 0)
(6.55 0.6 0)
(6.6 0.6 0)
(6.65 0.6 0)
(6.7 0.6 0)
(6.75 0.6 0)
(6.8 0.6 0)
(6.85 0.6 0)
(6.9 0.6 0)
(6.95 0.6 0)
(7 0.6 0)
(7.05 0.6 0)
(7.1 0.6 0)
(7.15 0.6 0)
(7.2 0.6 0)
(7.25 0.6 0)
(7.3 0.6 0)
(7.35 0.6 0)
(7.4 0.6 0)
(7.45 0.6 0)
(7.5 0.6 0)
(7.55 0.6 0)
(7.6 0.6 0)
(7.65 0.6 0)
(7.7 0.6 0)
(7.75 0.6 0)
(7.8 0.6 0)
(7.85 0.6 0)
(7.9 0.6 0)
(7.95 0.6 0)
(8 0.6 0)
(8.05 0.6 0)
(8.1 0.6 0)
(8.15 0.6 0)
(8.2 0.6 0)
(8.25 0.6 0)
(8.3 0.6 0)
(8.35 0.6 0)
(8.4 0.6 0)
(8.45 0.6 0)
(8.5 0.6 0)
(8.55 0.6 0)
(8.6 0.6 0)
(8.65 0.6 0)
(8.7 0.6 0)
(8.75 0.6 0)
(8.8 0.6 0)
(8.85 0.6 0)
(8.9 0.6 0)
(8.95 0.6 0)
(9 0.6 0)
(9.05 0.6 0)
(9.1 0.6 0)
(9.15 0.6 0)
(9.2 0.6 0)
(9.25 0.6 0)
(9.3 0.6 0)
(9.35 0.6 0)
(9.4 0.6 0)
(9.45 0.6 0)
(9.5 0.6 0)
(9.55 0.6 0)
(9.6 0.6 0)
(9.65 0.6 0)
(9.7 0.6 0)
(9.75 0.6 0)
(9.8 0.6 0)
(9.85 0.6 0)
(9.9 0.6 0)
(9.95 0.6 0)
(10 0.6 0)
(0 0.65 0)
(0.05 0.65 0)
(0.1 0.65 0)
(0.15 0.65 0)
(0.2 0.65 0)
(0.25 0.65 0)
(0.3 0.65 0)
(0.35 0.65 0)
(0.4 0.65 0)
(0.45 0.65 0)
(0.5 0.65 0)
(0.55 0.65 0)
(0.6 0.65 0)
(0.65 0.65 0)
(0.7 0.65 0)
(0.75 0.65 0)
(0.8 0.65 0)
(0.85 0.65 0)
(0.9 0.65 0)
(0.95 0.65 0)
(1 0.65 0)
(1.05 0.65 0)
(1.1 0.65 0)
(1.15 0.65 0)
(1.2 0.65 0)
(1.25 0.65 0)
(1.3 0.65 0)
(1.35 0.65 0)
(1.4 0.65 0)
(1.45 0.65 0)
(1.5 0.65 0)
(1.55 0.65 0)
(1.6 0.65 0)
(1.65 0.65 0)
(1.7 0.65 0)
(1.75 0.65 0)
(1.8 0.65 0)
(1.85 0.65 0)
(1.9 0.65 0)
(1.95 0.65 0)
(2 0.65 0)
(2.05 0.65 0)
(2.1 0.65 0)
(2.15 0.65 0)
(2.2 0.65 0)
(2.25 0.65 0)
(2.3 0.65 0)
(2.35 0.65 0)
(2.4 0.65 0)
(2.45 0.65 0)
(2.5 0.65 0)
(2.55 0.65 0)
(2.6 0.65 0)
(2.65 0.65 0)
(2.7 0.65 0)
(2.75 0.65 0)
(2.8 0.65 0)
(2.85 0.65 0)
(2.9 0.65 0)
(2.95 0.65 0)
(3 0.65 0)
(3.05 0.65 0)
(3.1 0.65 0)
(3.15 0.65 0)
(3.2 0.65 0)
(3.25 0.65 0)
(3.3 0.65 0)
(3.35 0.65 0)
(3.4 0.65 0)
(3.45 0.65 0)
(3.5 0.65 0)
(3.55 0.65 0)
(3.6 0.65 0)
(3.65 0.65 0)
(3.7 0.65 0)
(3.75 0.65 0)
(3.8 0.65 0)
(3.85 0.65 0)
(3.9 0.65 0)
(3.95 0.65 0)
(4 0.65 0)
(4.05 0.65 0)
(4.1 0.65 0)
(4.15 0.65 0)
(4.2 0.65 0)
(4.25 0.65 0)
(4.3 0.65 0)
(4.35 0.65 0)
(4.4 0.65 0)
(4.45 0.65 0)
(4.5 0.65 0)
(4.55 0.65 0)
(4.6 0.65 0)
(4.65 0.65 0)
(4.7 0.65 0)
(4.75 0.65 0)
(4.8 0.65 0)
(4.85 0.65 0)
(4.9 0.65 0)
(4.95 0.65 0)
(5 0.65 0)
(5.05 0.65 0)
(5.1 0.65 0)
(5.15 0.65 0)
(5.2 0.65 0)
(5.25 0.65 0)
(5.3 0.65 0)
(5.35 0.65 0)
(5.4 0.65 0)
(5.45 0.65 0)
(5.5 0.65 0)
(5.55 0.65 0)
(5.6 0.65 0)
(5.65 0.65 0)
(5.7 0.65 0)
(5.75 0.65 0)
(5.8 0.65 0)
(5.85 0.65 0)
(5.9 0.65 0)
(5.95 0.65 0)
(6 0.65 0)
(6.05 0.65 0)
(6.1 0.65 0)
(6.15 0.65 0)
(6.2 0.65 0)
(6.25 0.65 0)
(6.3 0.65 0)
(6.35 0.65 0)
(6.4 0.65 0)
(6.45 0.65 0)
(6.5 0.65 0)
(6.55 0.65 0)
(6.6 0.65 0)
(6.65 0.65 0)
(6.7 0.65 0)
(6.75 0.65 0)
(6.8 0.65 0)
(6.85 0.65 0)
(6.9 0.65 0)
(6.95 0.65 0)
(7 0.65 0)
(7.05 0.65 0)
(7.1 0.65 0)
(7.15 0.65 0)
(7.2 0.65 0)
(7.25 0.65 0)
(7.3 0.65 0)
(7.35 0.65 0)
(7.4 0.65 0)
(7.45 0.65 0)
(7.5 0.65 0)
(7.55 0.65 0)
(7.6 0.65 0)
(7.65 0.65 0)
(7.7 0.65 0)
(7.75 0.65 0)
(7.8 0.65 0)
(7.85 0.65 0)
(7.9 0.65 0)
(7.95 0.65 0)
(8 0.65 0)
(8.05 0.65 0)
(8.1 0.65 0)
(8.15 0.65 0)
(8.2 0.65 0)
(8.25 0.65 0)
(8.3 0.65 0)
(8.35 0.65 0)
(8.4 0.65 0)
(8.45 0.65 0)
(8.5 0.65 0)
(8.55 0.65 0)
(8.6 0.65 0)
(8.65 0.65 0)
(8.7 0.65 0)
(8.75 0.65 0)
(8.8 0.65 0)
(8.85 0.65 0)
(8.9 0.65 0)
(8.95 0.65 0)
(9 0.65 0)
(9.05 0.65 0)
(9.1 0.65 0)
(9.15 0.65 0)
(9.2 0.65 0)
(9.25 0.65 0)
(9.3 0.65 0)
(9.35 0.65 0)
(9.4 0.65 0)
(9.45 0.65 0)
(9.5 0.65 0)
(9.55 0.65 0)
(9.6 0.65 0)
(9.65 0.65 0)
(9.7 0.65 0)
(9.75 0.65 0)
(9.8 0.65 0)
(9.85 0.65 0)
(9.9 0.65 0)
(9.95 0.65 0)
(10 0.65 0)
(0 0.7 0)
(0.05 0.7 0)
(0.1 0.7 0)
(0.15 0.7 0)
(0.2 0.7 0)
(0.25 0.7 0)
(0.3 0.7 0)
(0.35 0.7 0)
(0.4 0.7 0)
(0.45 0.7 0)
(0.5 0.7 0)
(0.55 0.7 0)
(0.6 0.7 0)
(0.65 0.7 0)
(0.7 0.7 0)
(0.75 0.7 0)
(0.8 0.7 0)
(0.85 0.7 0)
(0.9 0.7 0)
(0.95 0.7 0)
(1 0.7 0)
(1.05 0.7 0)
(1.1 0.7 0)
(1.15 0.7 0)
(1.2 0.7 0)
(1.25 0.7 0)
(1.3 0.7 0)
(1.35 0.7 0)
(1.4 0.7 0)
(1.45 0.7 0)
(1.5 0.7 0)
(1.55 0.7 0)
(1.6 0.7 0)
(1.65 0.7 0)
(1.7 0.7 0)
(1.75 0.7 0)
(1.8 0.7 0)
(1.85 0.7 0)
(1.9 0.7 0)
(1.95 0.7 0)
(2 0.7 0)
(2.05 0.7 0)
(2.1 0.7 0)
(2.15 0.7 0)
(2.2 0.7 0)
(2.25 0.7 0)
(2.3 0.7 0)
(2.35 0.7 0)
(2.4 0.7 0)
(2.45 0.7 0)
(2.5 0.7 0)
(2.55 0.7 0)
(2.6 0.7 0)
(2.65 0.7 0)
(2.7 0.7 0)
(2.75 0.7 0)
(2.8 0.7 0)
(2.85 0.7 0)
(2.9 0.7 0)
(2.95 0.7 0)
(3 0.7 0)
(3.05 0.7 0)
(3.1 0.7 0)
(3.15 0.7 0)
(3.2 0.7 0)
(3.25 0.7 0)
(3.3 0.7 0)
(3.35 0.7 0)
(3.4 0.7 0)
(3.45 0.7 0)
(3.5 0.7 0)
(3.55 0.7 0)
(3.6 0.7 0)
(3.65 0.7 0)
(3.7 0.7 0)
(3.75 0.7 0)
(3.8 0.7 0)
(3.85 0.7 0)
(3.9 0.7 0)
(3.95 0.7 0)
(4 0.7 0)
(4.05 0.7 0)
(4.1 0.7 0)
(4.15 0.7 0)
(4.2 0.7 0)
(4.25 0.7 0)
(4.3 0.7 0)
(4.35 0.7 0)
(4.4 0.7 0)
(4.45 0.7 0)
(4.5 0.7 0)
(4.55 0.7 0)
(4.6 0.7 0)
(4.65 0.7 0)
(4.7 0.7 0)
(4.75 0.7 0)
(4.8 0.7 0)
(4.85 0.7 0)
(4.9 0.7 0)
(4.95 0.7 0)
(5 0.7 0)
(5.05 0.7 0)
(5.1 0.7 0)
(5.15 0.7 0)
(5.2 0.7 0)
(5.25 0.7 0)
(5.3 0.7 0)
(5.35 0.7 0)
(5.4 0.7 0)
(5.45 0.7 0)
(5.5 0.7 0)
(5.55 0.7 0)
(5.6 0.7 0)
(5.65 0.7 0)
(5.7 0.7 0)
(5.75 0.7 0)
(5.8 0.7 0)
(5.85 0.7 0)
(5.9 0.7 0)
(5.95 0.7 0)
(6 0.7 0)
(6.05 0.7 0)
(6.1 0.7 0)
(6.15 0.7 0)
(6.2 0.7 0)
(6.25 0.7 0)
(6.3 0.7 0)
(6.35 0.7 0)
(6.4 0.7 0)
(6.45 0.7 0)
(6.5 0.7 0)
(6.55 0.7 0)
(6.6 0.7 0)
(6.65 0.7 0)
(6.7 0.7 0)
(6.75 0.7 0)
(6.8 0.7 0)
(6.85 0.7 0)
(6.9 0.7 0)
(6.95 0.7 0)
(7 0.7 0)
(7.05 0.7 0)
(7.1 0.7 0)
(7.15 0.7 0)
(7.2 0.7 0)
(7.25 0.7 0)
(7.3 0.7 0)
(7.35 0.7 0)
(7.4 0.7 0)
(7.45 0.7 0)
(7.5 0.7 0)
(7.55 0.7 0)
(7.6 0.7 0)
(7.65 0.7 0)
(7.7 0.7 0)
(7.75 0.7 0)
(7.8 0.7 0)
(7.85 0.7 0)
(7.9 0.7 0)
(7.95 0.7 0)
(8 0.7 0)
(8.05 0.7 0)
(8.1 0.7 0)
(8.15 0.7 0)
(8.2 0.7 0)
(8.25 0.7 0)
(8.3 0.7 0)
(8.35 0.7 0)
(8.4 0.7 0)
(8.45 0.7 0)
(8.5 0.7 0)
(8.55 0.7 0)
(8.6 0.7 0)
(8.65 0.7 0)
(8.7 0.7 0)
(8.75 0.7 0)
(8.8 0.7 0)
(8.85 0.7 0)
(8.9 0.7 0)
(8.95 0.7 0)
(9 0.7 0)
(9.05 0.7 0)
(9.1 0.7 0)
(9.15 0.7 0)
(9.2 0.7 0)
(9.25 0.7 0)
(9.3 0.7 0)
(9.35 0.7 0)
(9.4 0.7 0)
(9.45 0.7 0)
(9.5 0.7 0)
(9.55 0.7 0)
(9.6 0.7 0)
(9.65 0.7 0)
(9.7 0.7 0)
(9.75 0.7 0)
(9.8 0.7 0)
(9.85 0.7 0)
(9.9 0.7 0)
(9.95 0.7 0)
(10 0.7 0)
(0 0.75 0)
(0.05 0.75 0)
(0.1 0.75 0)
(0.15 0.75 0)
(0.2 0.75 0)
(0.25 0.75 0)
(0.3 0.75 0)
(0.35 0.75 0)
(0.4 0.75 0)
(0.45 0.75 0)
(0.5 0.75 0)
(0.55 0.75 0)
(0.6 0.75 0)
(0.65 0.75 0)
(0.7 0.75 0)
(0.75 0.75 0)
(0.8 0.75 0)
(0.85 0.75 0)
(0.9 0.75 0)
(0.95 0.75 0)
(1 0.75 0)
(1.05 0.75 0)
(1.1 0.75 0)
(1.15 0.75 0)
(1.2 0.75 0)
(1.25 0.75 0)
(1.3 0.75 0)
(1.35 0.75 0)
(1.4 0.75 0)
(1.45 0.75 0)
(1.5 0.75 0)
(1.55 0.75 0)
(1.6 0.75 0)
(1.65 0.75 0)
(1.7 0.75 0)
(1.75 0.75 0)
(1.8 0.75 0)
(1.85 0.75 0)
(1.9 0.75 0)
(1.95 0.75 0)
(2 0.75 0)
(2.05 0.75 0)
(2.1 0.75 0)
(2.15 0.75 0)
(2.2 0.75 0)
(2.25 0.75 0)
(2.3 0.75 0)
(2.35 0.75 0)
(2.4 0.75 0)
(2.45 0.75 0)
(2.5 0.75 0)
(2.55 0.75 0)
(2.6 0.75 0)
(2.65 0.75 0)
(2.7 0.75 0)
(2.75 0.75 0)
(2.8 0.75 0)
(2.85 0.75 0)
(2.9 0.75 0)
(2.95 0.75 0)
(3 0.75 0)
(3.05 0.75 0)
(3.1 0.75 0)
(3.15 0.75 0)
(3.2 0.75 0)
(3.25 0.75 0)
(3.3 0.75 0)
(3.35 0.75 0)
(3.4 0.75 0)
(3.45 0.75 0)
(3.5 0.75 0)
(3.55 0.75 0)
(3.6 0.75 0)
(3.65 0.75 0)
(3.7 0.75 0)
(3.75 0.75 0)
(3.8 0.75 0)
(3.85 0.75 0)
(3.9 0.75 0)
(3.95 0.75 0)
(4 0.75 0)
(4.05 0.75 0)
(4.1 0.75 0)
(4.15 0.75 0)
(4.2 0.75 0)
(4.25 0.75 0)
(4.3 0.75 0)
(4.35 0.75 0)
(4.4 0.75 0)
(4.45 0.75 0)
(4.5 0.75 0)
(4.55 0.75 0)
(4.6 0.75 0)
(4.65 0.75 0)
(4.7 0.75 0)
(4.75 0.75 0)
(4.8 0.75 0)
(4.85 0.75 0)
(4.9 0.75 0)
(4.95 0.75 0)
(5 0.75 0)
(5.05 0.75 0)
(5.1 0.75 0)
(5.15 0.75 0)
(5.2 0.75 0)
(5.25 0.75 0)
(5.3 0.75 0)
(5.35 0.75 0)
(5.4 0.75 0)
(5.45 0.75 0)
(5.5 0.75 0)
(5.55 0.75 0)
(5.6 0.75 0)
(5.65 0.75 0)
(5.7 0.75 0)
(5.75 0.75 0)
(5.8 0.75 0)
(5.85 0.75 0)
(5.9 0.75 0)
(5.95 0.75 0)
(6 0.75 0)
(6.05 0.75 0)
(6.1 0.75 0)
(6.15 0.75 0)
(6.2 0.75 0)
(6.25 0.75 0)
(6.3 0.75 0)
(6.35 0.75 0)
(6.4 0.75 0)
(6.45 0.75 0)
(6.5 0.75 0)
(6.55 0.75 0)
(6.6 0.75 0)
(6.65 0.75 0)
(6.7 0.75 0)
(6.75 0.75 0)
(6.8 0.75 0)
(6.85 0.75 0)
(6.9 0.75 0)
(6.95 0.75 0)
(7 0.75 0)
(7.05 0.75 0)
(7.1 0.75 0)
(7.15 0.75 0)
(7.2 0.75 0)
(7.25 0.75 0)
(7.3 0.75 0)
(7.35 0.75 0)
(7.4 0.75 0)
(7.45 0.75 0)
(7.5 0.75 0)
(7.55 0.75 0)
(7.6 0.75 0)
(7.65 0.75 0)
(7.7 0.75 0)
(7.75 0.75 0)
(7.8 0.75 0)
(7.85 0.75 0)
(7.9 0.75 0)
(7.95 0.75 0)
(8 0.75 0)
(8.05 0.75 0)
(8.1 0.75 0)
(8.15 0.75 0)
(8.2 0.75 0)
(8.25 0.75 0)
(8.3 0.75 0)
(8.35 0.75 0)
(8.4 0.75 0)
(8.45 0.75 0)
(8.5 0.75 0)
(8.55 0.75 0)
(8.6 0.75 0)
(8.65 0.75 0)
(8.7 0.75 0)
(8.75 0.75 0)
(8.8 0.75 0)
(8.85 0.75 0)
(8.9 0.75 0)
(8.95 0.75 0)
(9 0.75 0)
(9.05 0.75 0)
(9.1 0.75 0)
(9.15 0.75 0)
(9.2 0.75 0)
(9.25 0.75 0)
(9.3 0.75 0)
(9.35 0.75 0)
(9.4 0.75 0)
(9.45 0.75 0)
(9.5 0.75 0)
(9.55 0.75 0)
(9.6 0.75 0)
(9.65 0.75 0)
(9.7 0.75 0)
(9.75 0.75 0)
(9.8 0.75 0)
(9.85 0.75 0)
(9.9 0.75 0)
(9.95 0.75 0)
(10 0.75 0)
(0 0.8 0)
(0.05 0.8 0)
(0.1 0.8 0)
(0.15 0.8 0)
(0.2 0.8 0)
(0.25 0.8 0)
(0.3 0.8 0)
(0.35 0.8 0)
(0.4 0.8 0)
(0.45 0.8 0)
(0.5 0.8 0)
(0.55 0.8 0)
(0.6 0.8 0)
(0.65 0.8 0)
(0.7 0.8 0)
(0.75 0.8 0)
(0.8 0.8 0)
(0.85 0.8 0)
(0.9 0.8 0)
(0.95 0.8 0)
(1 0.8 0)
(1.05 0.8 0)
(1.1 0.8 0)
(1.15 0.8 0)
(1.2 0.8 0)
(1.25 0.8 0)
(1.3 0.8 0)
(1.35 0.8 0)
(1.4 0.8 0)
(1.45 0.8 0)
(1.5 0.8 0)
(1.55 0.8 0)
(1.6 0.8 0)
(1.65 0.8 0)
(1.7 0.8 0)
(1.75 0.8 0)
(1.8 0.8 0)
(1.85 0.8 0)
(1.9 0.8 0)
(1.95 0.8 0)
(2 0.8 0)
(2.05 0.8 0)
(2.1 0.8 0)
(2.15 0.8 0)
(2.2 0.8 0)
(2.25 0.8 0)
(2.3 0.8 0)
(2.35 0.8 0)
(2.4 0.8 0)
(2.45 0.8 0)
(2.5 0.8 0)
(2.55 0.8 0)
(2.6 0.8 0)
(2.65 0.8 0)
(2.7 0.8 0)
(2.75 0.8 0)
(2.8 0.8 0)
(2.85 0.8 0)
(2.9 0.8 0)
(2.95 0.8 0)
(3 0.8 0)
(3.05 0.8 0)
(3.1 0.8 0)
(3.15 0.8 0)
(3.2 0.8 0)
(3.25 0.8 0)
(3.3 0.8 0)
(3.35 0.8 0)
(3.4 0.8 0)
(3.45 0.8 0)
(3.5 0.8 0)
(3.55 0.8 0)
(3.6 0.8 0)
(3.65 0.8 0)
(3.7 0.8 0)
(3.75 0.8 0)
(3.8 0.8 0)
(3.85 0.8 0)
(3.9 0.8 0)
(3.95 0.8 0)
(4 0.8 0)
(4.05 0.8 0)
(4.1 0.8 0)
(4.15 0.8 0)
(4.2 0.8 0)
(4.25 0.8 0)
(4.3 0.8 0)
(4.35 0.8 0)
(4.4 0.8 0)
(4.45 0.8 0)
(4.5 0.8 0)
(4.55 0.8 0)
(4.6 0.8 0)
(4.65 0.8 0)
(4.7 0.8 0)
(4.75 0.8 0)
(4.8 0.8 0)
(4.85 0.8 0)
(4.9 0.8 0)
(4.95 0.8 0)
(5 0.8 0)
(5.05 0.8 0)
(5.1 0.8 0)
(5.15 0.8 0)
(5.2 0.8 0)
(5.25 0.8 0)
(5.3 0.8 0)
(5.35 0.8 0)
(5.4 0.8 0)
(5.45 0.8 0)
(5.5 0.8 0)
(5.55 0.8 0)
(5.6 0.8 0)
(5.65 0.8 0)
(5.7 0.8 0)
(5.75 0.8 0)
(5.8 0.8 0)
(5.85 0.8 0)
(5.9 0.8 0)
(5.95 0.8 0)
(6 0.8 0)
(6.05 0.8 0)
(6.1 0.8 0)
(6.15 0.8 0)
(6.2 0.8 0)
(6.25 0.8 0)
(6.3 0.8 0)
(6.35 0.8 0)
(6.4 0.8 0)
(6.45 0.8 0)
(6.5 0.8 0)
(6.55 0.8 0)
(6.6 0.8 0)
(6.65 0.8 0)
(6.7 0.8 0)
(6.75 0.8 0)
(6.8 0.8 0)
(6.85 0.8 0)
(6.9 0.8 0)
(6.95 0.8 0)
(7 0.8 0)
(7.05 0.8 0)
(7.1 0.8 0)
(7.15 0.8 0)
(7.2 0.8 0)
(7.25 0.8 0)
(7.3 0.8 0)
(7.35 0.8 0)
(7.4 0.8 0)
(7.45 0.8 0)
(7.5 0.8 0)
(7.55 0.8 0)
(7.6 0.8 0)
(7.65 0.8 0)
(7.7 0.8 0)
(7.75 0.8 0)
(7.8 0.8 0)
(7.85 0.8 0)
(7.9 0.8 0)
(7.95 0.8 0)
(8 0.8 0)
(8.05 0.8 0)
(8.1 0.8 0)
(8.15 0.8 0)
(8.2 0.8 0)
(8.25 0.8 0)
(8.3 0.8 0)
(8.35 0.8 0)
(8.4 0.8 0)
(8.45 0.8 0)
(8.5 0.8 0)
(8.55 0.8 0)
(8.6 0.8 0)
(8.65 0.8 0)
(8.7 0.8 0)
(8.75 0.8 0)
(8.8 0.8 0)
(8.85 0.8 0)
(8.9 0.8 0)
(8.95 0.8 0)
(9 0.8 0)
(9.05 0.8 0)
(9.1 0.8 0)
(9.15 0.8 0)
(9.2 0.8 0)
(9.25 0.8 0)
(9.3 0.8 0)
(9.35 0.8 0)
(9.4 0.8 0)
(9.45 0.8 0)
(9.5 0.8 0)
(9.55 0.8 0)
(9.6 0.8 0)
(9.65 0.8 0)
(9.7 0.8 0)
(9.75 0.8 0)
(9.8 0.8 0)
(9.85 0.8 0)
(9.9 0.8 0)
(9.95 0.8 0)
(10 0.8 0)
(0 0.85 0)
(0.05 0.85 0)
(0.1 0.85 0)
(0.15 0.85 0)
(0.2 0.85 0)
(0.25 0.85 0)
(0.3 0.85 0)
(0.35 0.85 0)
(0.4 0.85 0)
(0.45 0.85 0)
(0.5 0.85 0)
(0.55 0.85 0)
(0.6 0.85 0)
(0.65 0.85 0)
(0.7 0.85 0)
(0.75 0.85 0)
(0.8 0.85 0)
(0.85 0.85 0)
(0.9 0.85 0)
(0.95 0.85 0)
(1 0.85 0)
(1.05 0.85 0)
(1.1 0.85 0)
(1.15 0.85 0)
(1.2 0.85 0)
(1.25 0.85 0)
(1.3 0.85 0)
(1.35 0.85 0)
(1.4 0.85 0)
(1.45 0.85 0)
(1.5 0.85 0)
(1.55 0.85 0)
(1.6 0.85 0)
(1.65 0.85 0)
(1.7 0.85 0)
(1.75 0.85 0)
(1.8 0.85 0)
(1.85 0.85 0)
(1.9 0.85 0)
(1.95 0.85 0)
(2 0.85 0)
(2.05 0.85 0)
(2.1 0.85 0)
(2.15 0.85 0)
(2.2 0.85 0)
(2.25 0.85 0)
(2.3 0.85 0)
(2.35 0.85 0)
(2.4 0.85 0)
(2.45 0.85 0)
(2.5 0.85 0)
(2.55 0.85 0)
(2.6 0.85 0)
(2.65 0.85 0)
(2.7 0.85 0)
(2.75 0.85 0)
(2.8 0.85 0)
(2.85 0.85 0)
(2.9 0.85 0)
(2.95 0.85 0)
(3 0.85 0)
(3.05 0.85 0)
(3.1 0.85 0)
(3.15 0.85 0)
(3.2 0.85 0)
(3.25 0.85 0)
(3.3 0.85 0)
(3.35 0.85 0)
(3.4 0.85 0)
(3.45 0.85 0)
(3.5 0.85 0)
(3.55 0.85 0)
(3.6 0.85 0)
(3.65 0.85 0)
(3.7 0.85 0)
(3.75 0.85 0)
(3.8 0.85 0)
(3.85 0.85 0)
(3.9 0.85 0)
(3.95 0.85 0)
(4 0.85 0)
(4.05 0.85 0)
(4.1 0.85 0)
(4.15 0.85 0)
(4.2 0.85 0)
(4.25 0.85 0)
(4.3 0.85 0)
(4.35 0.85 0)
(4.4 0.85 0)
(4.45 0.85 0)
(4.5 0.85 0)
(4.55 0.85 0)
(4.6 0.85 0)
(4.65 0.85 0)
(4.7 0.85 0)
(4.75 0.85 0)
(4.8 0.85 0)
(4.85 0.85 0)
(4.9 0.85 0)
(4.95 0.85 0)
(5 0.85 0)
(5.05 0.85 0)
(5.1 0.85 0)
(5.15 0.85 0)
(5.2 0.85 0)
(5.25 0.85 0)
(5.3 0.85 0)
(5.35 0.85 0)
(5.4 0.85 0)
(5.45 0.85 0)
(5.5 0.85 0)
(5.55 0.85 0)
(5.6 0.85 0)
(5.65 0.85 0)
(5.7 0.85 0)
(5.75 0.85 0)
(5.8 0.85 0)
(5.85 0.85 0)
(5.9 0.85 0)
(5.95 0.85 0)
(6 0.85 0)
(6.05 0.85 0)
(6.1 0.85 0)
(6.15 0.85 0)
(6.2 0.85 0)
(6.25 0.85 0)
(6.3 0.85 0)
(6.35 0.85 0)
(6.4 0.85 0)
(6.45 0.85 0)
(6.5 0.85 0)
(6.55 0.85 0)
(6.6 0.85 0)
(6.65 0.85 0)
(6.7 0.85 0)
(6.75 0.85 0)
(6.8 0.85 0)
(6.85 0.85 0)
(6.9 0.85 0)
(6.95 0.85 0)
(7 0.85 0)
(7.05 0.85 0)
(7.1 0.85 0)
(7.15 0.85 0)
(7.2 0.85 0)
(7.25 0.85 0)
(7.3 0.85 0)
(7.35 0.85 0)
(7.4 0.85 0)
(7.45 0.85 0)
(7.5 0.85 0)
(7.55 0.85 0)
(7.6 0.85 0)
(7.65 0.85 0)
(7.7 0.85 0)
(7.75 0.85 0)
(7.8 0.85 0)
(7.85 0.85 0)
(7.9 0.85 0)
(7.95 0.85 0)
(8 0.85 0)
(8.05 0.85 0)
(8.1 0.85 0)
(8.15 0.85 0)
(8.2 0.85 0)
(8.25 0.85 0)
(8.3 0.85 0)
(8.35 0.85 0)
(8.4 0.85 0)
(8.45 0.85 0)
(8.5 0.85 0)
(8.55 0.85 0)
(8.6 0.85 0)
(8.65 0.85 0)
(8.7 0.85 0)
(8.75 0.85 0)
(8.8 0.85 0)
(8.85 0.85 0)
(8.9 0.85 0)
(8.95 0.85 0)
(9 0.85 0)
(9.05 0.85 0)
(9.1 0.85 0)
(9.15 0.85 0)
(9.2 0.85 0)
(9.25 0.85 0)
(9.3 0.85 0)
(9.35 0.85 0)
(9.4 0.85 0)
(9.45 0.85 0)
(9.5 0.85 0)
(9.55 0.85 0)
(9.6 0.85 0)
(9.65 0.85 0)
(9.7 0.85 0)
(9.75 0.85 0)
(9.8 0.85 0)
(9.85 0.85 0)
(9.9 0.85 0)
(9.95 0.85 0)
(10 0.85 0)
(0 0.9 0)
(0.05 0.9 0)
(0.1 0.9 0)
(0.15 0.9 0)
(0.2 0.9 0)
(0.25 0.9 0)
(0.3 0.9 0)
(0.35 0.9 0)
(0.4 0.9 0)
(0.45 0.9 0)
(0.5 0.9 0)
(0.55 0.9 0)
(0.6 0.9 0)
(0.65 0.9 0)
(0.7 0.9 0)
(0.75 0.9 0)
(0.8 0.9 0)
(0.85 0.9 0)
(0.9 0.9 0)
(0.95 0.9 0)
(1 0.9 0)
(1.05 0.9 0)
(1.1 0.9 0)
(1.15 0.9 0)
(1.2 0.9 0)
(1.25 0.9 0)
(1.3 0.9 0)
(1.35 0.9 0)
(1.4 0.9 0)
(1.45 0.9 0)
(1.5 0.9 0)
(1.55 0.9 0)
(1.6 0.9 0)
(1.65 0.9 0)
(1.7 0.9 0)
(1.75 0.9 0)
(1.8 0.9 0)
(1.85 0.9 0)
(1.9 0.9 0)
(1.95 0.9 0)
(2 0.9 0)
(2.05 0.9 0)
(2.1 0.9 0)
(2.15 0.9 0)
(2.2 0.9 0)
(2.25 0.9 0)
(2.3 0.9 0)
(2.35 0.9 0)
(2.4 0.9 0)
(2.45 0.9 0)
(2.5 0.9 0)
(2.55 0.9 0)
(2.6 0.9 0)
(2.65 0.9 0)
(2.7 0.9 0)
(2.75 0.9 0)
(2.8 0.9 0)
(2.85 0.9 0)
(2.9 0.9 0)
(2.95 0.9 0)
(3 0.9 0)
(3.05 0.9 0)
(3.1 0.9 0)
(3.15 0.9 0)
(3.2 0.9 0)
(3.25 0.9 0)
(3.3 0.9 0)
(3.35 0.9 0)
(3.4 0.9 0)
(3.45 0.9 0)
(3.5 0.9 0)
(3.55 0.9 0)
(3.6 0.9 0)
(3.65 0.9 0)
(3.7 0.9 0)
(3.75 0.9 0)
(3.8 0.9 0)
(3.85 0.9 0)
(3.9 0.9 0)
(3.95 0.9 0)
(4 0.9 0)
(4.05 0.9 0)
(4.1 0.9 0)
(4.15 0.9 0)
(4.2 0.9 0)
(4.25 0.9 0)
(4.3 0.9 0)
(4.35 0.9 0)
(4.4 0.9 0)
(4.45 0.9 0)
(4.5 0.9 0)
(4.55 0.9 0)
(4.6 0.9 0)
(4.65 0.9 0)
(4.7 0.9 0)
(4.75 0.9 0)
(4.8 0.9 0)
(4.85 0.9 0)
(4.9 0.9 0)
(4.95 0.9 0)
(5 0.9 0)
(5.05 0.9 0)
(5.1 0.9 0)
(5.15 0.9 0)
(5.2 0.9 0)
(5.25 0.9 0)
(5.3 0.9 0)
(5.35 0.9 0)
(5.4 0.9 0)
(5.45 0.9 0)
(5.5 0.9 0)
(5.55 0.9 0)
(5.6 0.9 0)
(5.65 0.9 0)
(5.7 0.9 0)
(5.75 0.9 0)
(5.8 0.9 0)
(5.85 0.9 0)
(5.9 0.9 0)
(5.95 0.9 0)
(6 0.9 0)
(6.05 0.9 0)
(6.1 0.9 0)
(6.15 0.9 0)
(6.2 0.9 0)
(6.25 0.9 0)
(6.3 0.9 0)
(6.35 0.9 0)
(6.4 0.9 0)
(6.45 0.9 0)
(6.5 0.9 0)
(6.55 0.9 0)
(6.6 0.9 0)
(6.65 0.9 0)
(6.7 0.9 0)
(6.75 0.9 0)
(6.8 0.9 0)
(6.85 0.9 0)
(6.9 0.9 0)
(6.95 0.9 0)
(7 0.9 0)
(7.05 0.9 0)
(7.1 0.9 0)
(7.15 0.9 0)
(7.2 0.9 0)
(7.25 0.9 0)
(7.3 0.9 0)
(7.35 0.9 0)
(7.4 0.9 0)
(7.45 0.9 0)
(7.5 0.9 0)
(7.55 0.9 0)
(7.6 0.9 0)
(7.65 0.9 0)
(7.7 0.9 0)
(7.75 0.9 0)
(7.8 0.9 0)
(7.85 0.9 0)
(7.9 0.9 0)
(7.95 0.9 0)
(8 0.9 0)
(8.05 0.9 0)
(8.1 0.9 0)
(8.15 0.9 0)
(8.2 0.9 0)
(8.25 0.9 0)
(8.3 0.9 0)
(8.35 0.9 0)
(8.4 0.9 0)
(8.45 0.9 0)
(8.5 0.9 0)
(8.55 0.9 0)
(8.6 0.9 0)
(8.65 0.9 0)
(8.7 0.9 0)
(8.75 0.9 0)
(8.8 0.9 0)
(8.85 0.9 0)
(8.9 0.9 0)
(8.95 0.9 0)
(9 0.9 0)
(9.05 0.9 0)
(9.1 0.9 0)
(9.15 0.9 0)
(9.2 0.9 0)
(9.25 0.9 0)
(9.3 0.9 0)
(9.35 0.9 0)
(9.4 0.9 0)
(9.45 0.9 0)
(9.5 0.9 0)
(9.55 0.9 0)
(9.6 0.9 0)
(9.65 0.9 0)
(9.7 0.9 0)
(9.75 0.9 0)
(9.8 0.9 0)
(9.85 0.9 0)
(9.9 0.9 0)
(9.95 0.9 0)
(10 0.9 0)
(0 0.95 0)
(0.05 0.95 0)
(0.1 0.95 0)
(0.15 0.95 0)
(0.2 0.95 0)
(0.25 0.95 0)
(0.3 0.95 0)
(0.35 0.95 0)
(0.4 0.95 0)
(0.45 0.95 0)
(0.5 0.95 0)
(0.55 0.95 0)
(0.6 0.95 0)
(0.65 0.95 0)
(0.7 0.95 0)
(0.75 0.95 0)
(0.8 0.95 0)
(0.85 0.95 0)
(0.9 0.95 0)
(0.95 0.95 0)
(1 0.95 0)
(1.05 0.95 0)
(1.1 0.95 0)
(1.15 0.95 0)
(1.2 0.95 0)
(1.25 0.95 0)
(1.3 0.95 0)
(1.35 0.95 0)
(1.4 0.95 0)
(1.45 0.95 0)
(1.5 0.95 0)
(1.55 0.95 0)
(1.6 0.95 0)
(1.65 0.95 0)
(1.7 0.95 0)
(1.75 0.95 0)
(1.8 0.95 0)
(1.85 0.95 0)
(1.9 0.95 0)
(1.95 0.95 0)
(2 0.95 0)
(2.05 0.95 0)
(2.1 0.95 0)
(2.15 0.95 0)
(2.2 0.95 0)
(2.25 0.95 0)
(2.3 0.95 0)
(2.35 0.95 0)
(2.4 0.95 0)
(2.45 0.95 0)
(2.5 0.95 0)
(2.55 0.95 0)
(2.6 0.95 0)
(2.65 0.95 0)
(2.7 0.95 0)
(2.75 0.95 0)
(2.8 0.95 0)
(2.85 0.95 0)
(2.9 0.95 0)
(2.95 0.95 0)
(3 0.95 0)
(3.05 0.95 0)
(3.1 0.95 0)
(3.15 0.95 0)
(3.2 0.95 0)
(3.25 0.95 0)
(3.3 0.95 0)
(3.35 0.95 0)
(3.4 0.95 0)
(3.45 0.95 0)
(3.5 0.95 0)
(3.55 0.95 0)
(3.6 0.95 0)
(3.65 0.95 0)
(3.7 0.95 0)
(3.75 0.95 0)
(3.8 0.95 0)
(3.85 0.95 0)
(3.9 0.95 0)
(3.95 0.95 0)
(4 0.95 0)
(4.05 0.95 0)
(4.1 0.95 0)
(4.15 0.95 0)
(4.2 0.95 0)
(4.25 0.95 0)
(4.3 0.95 0)
(4.35 0.95 0)
(4.4 0.95 0)
(4.45 0.95 0)
(4.5 0.95 0)
(4.55 0.95 0)
(4.6 0.95 0)
(4.65 0.95 0)
(4.7 0.95 0)
(4.75 0.95 0)
(4.8 0.95 0)
(4.85 0.95 0)
(4.9 0.95 0)
(4.95 0.95 0)
(5 0.95 0)
(5.05 0.95 0)
(5.1 0.95 0)
(5.15 0.95 0)
(5.2 0.95 0)
(5.25 0.95 0)
(5.3 0.95 0)
(5.35 0.95 0)
(5.4 0.95 0)
(5.45 0.95 0)
(5.5 0.95 0)
(5.55 0.95 0)
(5.6 0.95 0)
(5.65 0.95 0)
(5.7 0.95 0)
(5.75 0.95 0)
(5.8 0.95 0)
(5.85 0.95 0)
(5.9 0.95 0)
(5.95 0.95 0)
(6 0.95 0)
(6.05 0.95 0)
(6.1 0.95 0)
(6.15 0.95 0)
(6.2 0.95 0)
(6.25 0.95 0)
(6.3 0.95 0)
(6.35 0.95 0)
(6.4 0.95 0)
(6.45 0.95 0)
(6.5 0.95 0)
(6.55 0.95 0)
(6.6 0.95 0)
(6.65 0.95 0)
(6.7 0.95 0)
(6.75 0.95 0)
(6.8 0.95 0)
(6.85 0.95 0)
(6.9 0.95 0)
(6.95 0.95 0)
(7 0.95 0)
(7.05 0.95 0)
(7.1 0.95 0)
(7.15 0.95 0)
(7.2 0.95 0)
(7.25 0.95 0)
(7.3 0.95 0)
(7.35 0.95 0)
(7.4 0.95 0)
(7.45 0.95 0)
(7.5 0.95 0)
(7.55 0.95 0)
(7.6 0.95 0)
(7.65 0.95 0)
(7.7 0.95 0)
(7.75 0.95 0)
(7.8 0.95 0)
(7.85 0.95 0)
(7.9 0.95 0)
(7.95 0.95 0)
(8 0.95 0)
(8.05 0.95 0)
(8.1 0.95 0)
(8.15 0.95 0)
(8.2 0.95 0)
(8.25 0.95 0)
(8.3 0.95 0)
(8.35 0.95 0)
(8.4 0.95 0)
(8.45 0.95 0)
(8.5 0.95 0)
(8.55 0.95 0)
(8.6 0.95 0)
(8.65 0.95 0)
(8.7 0.95 0)
(8.75 0.95 0)
(8.8 0.95 0)
(8.85 0.95 0)
(8.9 0.95 0)
(8.95 0.95 0)
(9 0.95 0)
(9.05 0.95 0)
(9.1 0.95 0)
(9.15 0.95 0)
(9.2 0.95 0)
(9.25 0.95 0)
(9.3 0.95 0)
(9.35 0.95 0)
(9.4 0.95 0)
(9.45 0.95 0)
(9.5 0.95 0)
(9.55 0.95 0)
(9.6 0.95 0)
(9.65 0.95 0)
(9.7 0.95 0)
(9.75 0.95 0)
(9.8 0.95 0)
(9.85 0.95 0)
(9.9 0.95 0)
(9.95 0.95 0)
(10 0.95 0)
(0 1 0)
(0.05 1 0)
(0.1 1 0)
(0.15 1 0)
(0.2 1 0)
(0.25 1 0)
(0.3 1 0)
(0.35 1 0)
(0.4 1 0)
(0.45 1 0)
(0.5 1 0)
(0.55 1 0)
(0.6 1 0)
(0.65 1 0)
(0.7 1 0)
(0.75 1 0)
(0.8 1 0)
(0.85 1 0)
(0.9 1 0)
(0.95 1 0)
(1 1 0)
(1.05 1 0)
(1.1 1 0)
(1.15 1 0)
(1.2 1 0)
(1.25 1 0)
(1.3 1 0)
(1.35 1 0)
(1.4 1 0)
(1.45 1 0)
(1.5 1 0)
(1.55 1 0)
(1.6 1 0)
(1.65 1 0)
(1.7 1 0)
(1.75 1 0)
(1.8 1 0)
(1.85 1 0)
(1.9 1 0)
(1.95 1 0)
(2 1 0)
(2.05 1 0)
(2.1 1 0)
(2.15 1 0)
(2.2 1 0)
(2.25 1 0)
(2.3 1 0)
(2.35 1 0)
(2.4 1 0)
(2.45 1 0)
(2.5 1 0)
(2.55 1 0)
(2.6 1 0)
(2.65 1 0)
(2.7 1 0)
(2.75 1 0)
(2.8 1 0)
(2.85 1 0)
(2.9 1 0)
(2.95 1 0)
(3 1 0)
(3.05 1 0)
(3.1 1 0)
(3.15 1 0)
(3.2 1 0)
(3.25 1 0)
(3.3 1 0)
(3.35 1 0)
(3.4 1 0)
(3.45 1 0)
(3.5 1 0)
(3.55 1 0)
(3.6 1 0)
(3.65 1 0)
(3.7 1 0)
(3.75 1 0)
(3.8 1 0)
(3.85 1 0)
(3.9 1 0)
(3.95 1 0)
(4 1 0)
(4.05 1 0)
(4.1 1 0)
(4.15 1 0)
(4.2 1 0)
(4.25 1 0)
(4.3 1 0)
(4.35 1 0)
(4.4 1 0)
(4.45 1 0)
(4.5 1 0)
(4.55 1 0)
(4.6 1 0)
(4.65 1 0)
(4.7 1 0)
(4.75 1 0)
(4.8 1 0)
(4.85 1 0)
(4.9 1 0)
(4.95 1 0)
(5 1 0)
(5.05 1 0)
(5.1 1 0)
(5.15 1 0)
(5.2 1 0)
(5.25 1 0)
(5.3 1 0)
(5.35 1 0)
(5.4 1 0)
(5.45 1 0)
(5.5 1 0)
(5.55 1 0)
(5.6 1 0)
(5.65 1 0)
(5.7 1 0)
(5.75 1 0)
(5.8 1 0)
(5.85 1 0)
(5.9 1 0)
(5.95 1 0)
(6 1 0)
(6.05 1 0)
(6.1 1 0)
(6.15 1 0)
(6.2 1 0)
(6.25 1 0)
(6.3 1 0)
(6.35 1 0)
(6.4 1 0)
(6.45 1 0)
(6.5 1 0)
(6.55 1 0)
(6.6 1 0)
(6.65 1 0)
(6.7 1 0)
(6.75 1 0)
(6.8 1 0)
(6.85 1 0)
(6.9 1 0)
(6.95 1 0)
(7 1 0)
(7.05 1 0)
(7.1 1 0)
(7.15 1 0)
(7.2 1 0)
(7.25 1 0)
(7.3 1 0)
(7.35 1 0)
(7.4 1 0)
(7.45 1 0)
(7.5 1 0)
(7.55 1 0)
(7.6 1 0)
(7.65 1 0)
(7.7 1 0)
(7.75 1 0)
(7.8 1 0)
(7.85 1 0)
(7.9 1 0)
(7.95 1 0)
(8 1 0)
(8.05 1 0)
(8.1 1 0)
(8.15 1 0)
(8.2 1 0)
(8.25 1 0)
(8.3 1 0)
(8.35 1 0)
(8.4 1 0)
(8.45 1 0)
(8.5 1 0)
(8.55 1 0)
(8.6 1 0)
(8.65 1 0)
(8.7 1 0)
(8.75 1 0)
(8.8 1 0)
(8.85 1 0)
(8.9 1 0)
(8.95 1 0)
(9 1 0)
(9.05 1 0)
(9.1 1 0)
(9.15 1 0)
(9.2 1 0)
(9.25 1 0)
(9.3 1 0)
(9.35 1 0)
(9.4 1 0)
(9.45 1 0)
(9.5 1 0)
(9.55 1 0)
(9.6 1 0)
(9.65 1 0)
(9.7 1 0)
(9.75 1 0)
(9.8 1 0)
(9.85 1 0)
(9.9 1 0)
(9.95 1 0)
(10 1 0)
(0 0 0.01)
(0.05 0 0.01)
(0.1 0 0.01)
(0.15 0 0.01)
(0.2 0 0.01)
(0.25 0 0.01)
(0.3 0 0.01)
(0.35 0 0.01)
(0.4 0 0.01)
(0.45 0 0.01)
(0.5 0 0.01)
(0.55 0 0.01)
(0.6 0 0.01)
(0.65 0 0.01)
(0.7 0 0.01)
(0.75 0 0.01)
(0.8 0 0.01)
(0.85 0 0.01)
(0.9 0 0.01)
(0.95 0 0.01)
(1 0 0.01)
(1.05 0 0.01)
(1.1 0 0.01)
(1.15 0 0.01)
(1.2 0 0.01)
(1.25 0 0.01)
(1.3 0 0.01)
(1.35 0 0.01)
(1.4 0 0.01)
(1.45 0 0.01)
(1.5 0 0.01)
(1.55 0 0.01)
(1.6 0 0.01)
(1.65 0 0.01)
(1.7 0 0.01)
(1.75 0 0.01)
(1.8 0 0.01)
(1.85 0 0.01)
(1.9 0 0.01)
(1.95 0 0.01)
(2 0 0.01)
(2.05 0 0.01)
(2.1 0 0.01)
(2.15 0 0.01)
(2.2 0 0.01)
(2.25 0 0.01)
(2.3 0 0.01)
(2.35 0 0.01)
(2.4 0 0.01)
(2.45 0 0.01)
(2.5 0 0.01)
(2.55 0 0.01)
(2.6 0 0.01)
(2.65 0 0.01)
(2.7 0 0.01)
(2.75 0 0.01)
(2.8 0 0.01)
(2.85 0 0.01)
(2.9 0 0.01)
(2.95 0 0.01)
(3 0 0.01)
(3.05 0 0.01)
(3.1 0 0.01)
(3.15 0 0.01)
(3.2 0 0.01)
(3.25 0 0.01)
(3.3 0 0.01)
(3.35 0 0.01)
(3.4 0 0.01)
(3.45 0 0.01)
(3.5 0 0.01)
(3.55 0 0.01)
(3.6 0 0.01)
(3.65 0 0.01)
(3.7 0 0.01)
(3.75 0 0.01)
(3.8 0 0.01)
(3.85 0 0.01)
(3.9 0 0.01)
(3.95 0 0.01)
(4 0 0.01)
(4.05 0 0.01)
(4.1 0 0.01)
(4.15 0 0.01)
(4.2 0 0.01)
(4.25 0 0.01)
(4.3 0 0.01)
(4.35 0 0.01)
(4.4 0 0.01)
(4.45 0 0.01)
(4.5 0 0.01)
(4.55 0 0.01)
(4.6 0 0.01)
(4.65 0 0.01)
(4.7 0 0.01)
(4.75 0 0.01)
(4.8 0 0.01)
(4.85 0 0.01)
(4.9 0 0.01)
(4.95 0 0.01)
(5 0 0.01)
(5.05 0 0.01)
(5.1 0 0.01)
(5.15 0 0.01)
(5.2 0 0.01)
(5.25 0 0.01)
(5.3 0 0.01)
(5.35 0 0.01)
(5.4 0 0.01)
(5.45 0 0.01)
(5.5 0 0.01)
(5.55 0 0.01)
(5.6 0 0.01)
(5.65 0 0.01)
(5.7 0 0.01)
(5.75 0 0.01)
(5.8 0 0.01)
(5.85 0 0.01)
(5.9 0 0.01)
(5.95 0 0.01)
(6 0 0.01)
(6.05 0 0.01)
(6.1 0 0.01)
(6.15 0 0.01)
(6.2 0 0.01)
(6.25 0 0.01)
(6.3 0 0.01)
(6.35 0 0.01)
(6.4 0 0.01)
(6.45 0 0.01)
(6.5 0 0.01)
(6.55 0 0.01)
(6.6 0 0.01)
(6.65 0 0.01)
(6.7 0 0.01)
(6.75 0 0.01)
(6.8 0 0.01)
(6.85 0 0.01)
(6.9 0 0.01)
(6.95 0 0.01)
(7 0 0.01)
(7.05 0 0.01)
(7.1 0 0.01)
(7.15 0 0.01)
(7.2 0 0.01)
(7.25 0 0.01)
(7.3 0 0.01)
(7.35 0 0.01)
(7.4 0 0.01)
(7.45 0 0.01)
(7.5 0 0.01)
(7.55 0 0.01)
(7.6 0 0.01)
(7.65 0 0.01)
(7.7 0 0.01)
(7.75 0 0.01)
(7.8 0 0.01)
(7.85 0 0.01)
(7.9 0 0.01)
(7.95 0 0.01)
(8 0 0.01)
(8.05 0 0.01)
(8.1 0 0.01)
(8.15 0 0.01)
(8.2 0 0.01)
(8.25 0 0.01)
(8.3 0 0.01)
(8.35 0 0.01)
(8.4 0 0.01)
(8.45 0 0.01)
(8.5 0 0.01)
(8.55 0 0.01)
(8.6 0 0.01)
(8.65 0 0.01)
(8.7 0 0.01)
(8.75 0 0.01)
(8.8 0 0.01)
(8.85 0 0.01)
(8.9 0 0.01)
(8.95 0 0.01)
(9 0 0.01)
(9.05 0 0.01)
(9.1 0 0.01)
(9.15 0 0.01)
(9.2 0 0.01)
(9.25 0 0.01)
(9.3 0 0.01)
(9.35 0 0.01)
(9.4 0 0.01)
(9.45 0 0.01)
(9.5 0 0.01)
(9.55 0 0.01)
(9.6 0 0.01)
(9.65 0 0.01)
(9.7 0 0.01)
(9.75 0 0.01)
(9.8 0 0.01)
(9.85 0 0.01)
(9.9 0 0.01)
(9.95 0 0.01)
(10 0 0.01)
(0 0.05 0.01)
(0.05 0.05 0.01)
(0.1 0.05 0.01)
(0.15 0.05 0.01)
(0.2 0.05 0.01)
(0.25 0.05 0.01)
(0.3 0.05 0.01)
(0.35 0.05 0.01)
(0.4 0.05 0.01)
(0.45 0.05 0.01)
(0.5 0.05 0.01)
(0.55 0.05 0.01)
(0.6 0.05 0.01)
(0.65 0.05 0.01)
(0.7 0.05 0.01)
(0.75 0.05 0.01)
(0.8 0.05 0.01)
(0.85 0.05 0.01)
(0.9 0.05 0.01)
(0.95 0.05 0.01)
(1 0.05 0.01)
(1.05 0.05 0.01)
(1.1 0.05 0.01)
(1.15 0.05 0.01)
(1.2 0.05 0.01)
(1.25 0.05 0.01)
(1.3 0.05 0.01)
(1.35 0.05 0.01)
(1.4 0.05 0.01)
(1.45 0.05 0.01)
(1.5 0.05 0.01)
(1.55 0.05 0.01)
(1.6 0.05 0.01)
(1.65 0.05 0.01)
(1.7 0.05 0.01)
(1.75 0.05 0.01)
(1.8 0.05 0.01)
(1.85 0.05 0.01)
(1.9 0.05 0.01)
(1.95 0.05 0.01)
(2 0.05 0.01)
(2.05 0.05 0.01)
(2.1 0.05 0.01)
(2.15 0.05 0.01)
(2.2 0.05 0.01)
(2.25 0.05 0.01)
(2.3 0.05 0.01)
(2.35 0.05 0.01)
(2.4 0.05 0.01)
(2.45 0.05 0.01)
(2.5 0.05 0.01)
(2.55 0.05 0.01)
(2.6 0.05 0.01)
(2.65 0.05 0.01)
(2.7 0.05 0.01)
(2.75 0.05 0.01)
(2.8 0.05 0.01)
(2.85 0.05 0.01)
(2.9 0.05 0.01)
(2.95 0.05 0.01)
(3 0.05 0.01)
(3.05 0.05 0.01)
(3.1 0.05 0.01)
(3.15 0.05 0.01)
(3.2 0.05 0.01)
(3.25 0.05 0.01)
(3.3 0.05 0.01)
(3.35 0.05 0.01)
(3.4 0.05 0.01)
(3.45 0.05 0.01)
(3.5 0.05 0.01)
(3.55 0.05 0.01)
(3.6 0.05 0.01)
(3.65 0.05 0.01)
(3.7 0.05 0.01)
(3.75 0.05 0.01)
(3.8 0.05 0.01)
(3.85 0.05 0.01)
(3.9 0.05 0.01)
(3.95 0.05 0.01)
(4 0.05 0.01)
(4.05 0.05 0.01)
(4.1 0.05 0.01)
(4.15 0.05 0.01)
(4.2 0.05 0.01)
(4.25 0.05 0.01)
(4.3 0.05 0.01)
(4.35 0.05 0.01)
(4.4 0.05 0.01)
(4.45 0.05 0.01)
(4.5 0.05 0.01)
(4.55 0.05 0.01)
(4.6 0.05 0.01)
(4.65 0.05 0.01)
(4.7 0.05 0.01)
(4.75 0.05 0.01)
(4.8 0.05 0.01)
(4.85 0.05 0.01)
(4.9 0.05 0.01)
(4.95 0.05 0.01)
(5 0.05 0.01)
(5.05 0.05 0.01)
(5.1 0.05 0.01)
(5.15 0.05 0.01)
(5.2 0.05 0.01)
(5.25 0.05 0.01)
(5.3 0.05 0.01)
(5.35 0.05 0.01)
(5.4 0.05 0.01)
(5.45 0.05 0.01)
(5.5 0.05 0.01)
(5.55 0.05 0.01)
(5.6 0.05 0.01)
(5.65 0.05 0.01)
(5.7 0.05 0.01)
(5.75 0.05 0.01)
(5.8 0.05 0.01)
(5.85 0.05 0.01)
(5.9 0.05 0.01)
(5.95 0.05 0.01)
(6 0.05 0.01)
(6.05 0.05 0.01)
(6.1 0.05 0.01)
(6.15 0.05 0.01)
(6.2 0.05 0.01)
(6.25 0.05 0.01)
(6.3 0.05 0.01)
(6.35 0.05 0.01)
(6.4 0.05 0.01)
(6.45 0.05 0.01)
(6.5 0.05 0.01)
(6.55 0.05 0.01)
(6.6 0.05 0.01)
(6.65 0.05 0.01)
(6.7 0.05 0.01)
(6.75 0.05 0.01)
(6.8 0.05 0.01)
(6.85 0.05 0.01)
(6.9 0.05 0.01)
(6.95 0.05 0.01)
(7 0.05 0.01)
(7.05 0.05 0.01)
(7.1 0.05 0.01)
(7.15 0.05 0.01)
(7.2 0.05 0.01)
(7.25 0.05 0.01)
(7.3 0.05 0.01)
(7.35 0.05 0.01)
(7.4 0.05 0.01)
(7.45 0.05 0.01)
(7.5 0.05 0.01)
(7.55 0.05 0.01)
(7.6 0.05 0.01)
(7.65 0.05 0.01)
(7.7 0.05 0.01)
(7.75 0.05 0.01)
(7.8 0.05 0.01)
(7.85 0.05 0.01)
(7.9 0.05 0.01)
(7.95 0.05 0.01)
(8 0.05 0.01)
(8.05 0.05 0.01)
(8.1 0.05 0.01)
(8.15 0.05 0.01)
(8.2 0.05 0.01)
(8.25 0.05 0.01)
(8.3 0.05 0.01)
(8.35 0.05 0.01)
(8.4 0.05 0.01)
(8.45 0.05 0.01)
(8.5 0.05 0.01)
(8.55 0.05 0.01)
(8.6 0.05 0.01)
(8.65 0.05 0.01)
(8.7 0.05 0.01)
(8.75 0.05 0.01)
(8.8 0.05 0.01)
(8.85 0.05 0.01)
(8.9 0.05 0.01)
(8.95 0.05 0.01)
(9 0.05 0.01)
(9.05 0.05 0.01)
(9.1 0.05 0.01)
(9.15 0.05 0.01)
(9.2 0.05 0.01)
(9.25 0.05 0.01)
(9.3 0.05 0.01)
(9.35 0.05 0.01)
(9.4 0.05 0.01)
(9.45 0.05 0.01)
(9.5 0.05 0.01)
(9.55 0.05 0.01)
(9.6 0.05 0.01)
(9.65 0.05 0.01)
(9.7 0.05 0.01)
(9.75 0.05 0.01)
(9.8 0.05 0.01)
(9.85 0.05 0.01)
(9.9 0.05 0.01)
(9.95 0.05 0.01)
(10 0.05 0.01)
(0 0.1 0.01)
(0.05 0.1 0.01)
(0.1 0.1 0.01)
(0.15 0.1 0.01)
(0.2 0.1 0.01)
(0.25 0.1 0.01)
(0.3 0.1 0.01)
(0.35 0.1 0.01)
(0.4 0.1 0.01)
(0.45 0.1 0.01)
(0.5 0.1 0.01)
(0.55 0.1 0.01)
(0.6 0.1 0.01)
(0.65 0.1 0.01)
(0.7 0.1 0.01)
(0.75 0.1 0.01)
(0.8 0.1 0.01)
(0.85 0.1 0.01)
(0.9 0.1 0.01)
(0.95 0.1 0.01)
(1 0.1 0.01)
(1.05 0.1 0.01)
(1.1 0.1 0.01)
(1.15 0.1 0.01)
(1.2 0.1 0.01)
(1.25 0.1 0.01)
(1.3 0.1 0.01)
(1.35 0.1 0.01)
(1.4 0.1 0.01)
(1.45 0.1 0.01)
(1.5 0.1 0.01)
(1.55 0.1 0.01)
(1.6 0.1 0.01)
(1.65 0.1 0.01)
(1.7 0.1 0.01)
(1.75 0.1 0.01)
(1.8 0.1 0.01)
(1.85 0.1 0.01)
(1.9 0.1 0.01)
(1.95 0.1 0.01)
(2 0.1 0.01)
(2.05 0.1 0.01)
(2.1 0.1 0.01)
(2.15 0.1 0.01)
(2.2 0.1 0.01)
(2.25 0.1 0.01)
(2.3 0.1 0.01)
(2.35 0.1 0.01)
(2.4 0.1 0.01)
(2.45 0.1 0.01)
(2.5 0.1 0.01)
(2.55 0.1 0.01)
(2.6 0.1 0.01)
(2.65 0.1 0.01)
(2.7 0.1 0.01)
(2.75 0.1 0.01)
(2.8 0.1 0.01)
(2.85 0.1 0.01)
(2.9 0.1 0.01)
(2.95 0.1 0.01)
(3 0.1 0.01)
(3.05 0.1 0.01)
(3.1 0.1 0.01)
(3.15 0.1 0.01)
(3.2 0.1 0.01)
(3.25 0.1 0.01)
(3.3 0.1 0.01)
(3.35 0.1 0.01)
(3.4 0.1 0.01)
(3.45 0.1 0.01)
(3.5 0.1 0.01)
(3.55 0.1 0.01)
(3.6 0.1 0.01)
(3.65 0.1 0.01)
(3.7 0.1 0.01)
(3.75 0.1 0.01)
(3.8 0.1 0.01)
(3.85 0.1 0.01)
(3.9 0.1 0.01)
(3.95 0.1 0.01)
(4 0.1 0.01)
(4.05 0.1 0.01)
(4.1 0.1 0.01)
(4.15 0.1 0.01)
(4.2 0.1 0.01)
(4.25 0.1 0.01)
(4.3 0.1 0.01)
(4.35 0.1 0.01)
(4.4 0.1 0.01)
(4.45 0.1 0.01)
(4.5 0.1 0.01)
(4.55 0.1 0.01)
(4.6 0.1 0.01)
(4.65 0.1 0.01)
(4.7 0.1 0.01)
(4.75 0.1 0.01)
(4.8 0.1 0.01)
(4.85 0.1 0.01)
(4.9 0.1 0.01)
(4.95 0.1 0.01)
(5 0.1 0.01)
(5.05 0.1 0.01)
(5.1 0.1 0.01)
(5.15 0.1 0.01)
(5.2 0.1 0.01)
(5.25 0.1 0.01)
(5.3 0.1 0.01)
(5.35 0.1 0.01)
(5.4 0.1 0.01)
(5.45 0.1 0.01)
(5.5 0.1 0.01)
(5.55 0.1 0.01)
(5.6 0.1 0.01)
(5.65 0.1 0.01)
(5.7 0.1 0.01)
(5.75 0.1 0.01)
(5.8 0.1 0.01)
(5.85 0.1 0.01)
(5.9 0.1 0.01)
(5.95 0.1 0.01)
(6 0.1 0.01)
(6.05 0.1 0.01)
(6.1 0.1 0.01)
(6.15 0.1 0.01)
(6.2 0.1 0.01)
(6.25 0.1 0.01)
(6.3 0.1 0.01)
(6.35 0.1 0.01)
(6.4 0.1 0.01)
(6.45 0.1 0.01)
(6.5 0.1 0.01)
(6.55 0.1 0.01)
(6.6 0.1 0.01)
(6.65 0.1 0.01)
(6.7 0.1 0.01)
(6.75 0.1 0.01)
(6.8 0.1 0.01)
(6.85 0.1 0.01)
(6.9 0.1 0.01)
(6.95 0.1 0.01)
(7 0.1 0.01)
(7.05 0.1 0.01)
(7.1 0.1 0.01)
(7.15 0.1 0.01)
(7.2 0.1 0.01)
(7.25 0.1 0.01)
(7.3 0.1 0.01)
(7.35 0.1 0.01)
(7.4 0.1 0.01)
(7.45 0.1 0.01)
(7.5 0.1 0.01)
(7.55 0.1 0.01)
(7.6 0.1 0.01)
(7.65 0.1 0.01)
(7.7 0.1 0.01)
(7.75 0.1 0.01)
(7.8 0.1 0.01)
(7.85 0.1 0.01)
(7.9 0.1 0.01)
(7.95 0.1 0.01)
(8 0.1 0.01)
(8.05 0.1 0.01)
(8.1 0.1 0.01)
(8.15 0.1 0.01)
(8.2 0.1 0.01)
(8.25 0.1 0.01)
(8.3 0.1 0.01)
(8.35 0.1 0.01)
(8.4 0.1 0.01)
(8.45 0.1 0.01)
(8.5 0.1 0.01)
(8.55 0.1 0.01)
(8.6 0.1 0.01)
(8.65 0.1 0.01)
(8.7 0.1 0.01)
(8.75 0.1 0.01)
(8.8 0.1 0.01)
(8.85 0.1 0.01)
(8.9 0.1 0.01)
(8.95 0.1 0.01)
(9 0.1 0.01)
(9.05 0.1 0.01)
(9.1 0.1 0.01)
(9.15 0.1 0.01)
(9.2 0.1 0.01)
(9.25 0.1 0.01)
(9.3 0.1 0.01)
(9.35 0.1 0.01)
(9.4 0.1 0.01)
(9.45 0.1 0.01)
(9.5 0.1 0.01)
(9.55 0.1 0.01)
(9.6 0.1 0.01)
(9.65 0.1 0.01)
(9.7 0.1 0.01)
(9.75 0.1 0.01)
(9.8 0.1 0.01)
(9.85 0.1 0.01)
(9.9 0.1 0.01)
(9.95 0.1 0.01)
(10 0.1 0.01)
(0 0.15 0.01)
(0.05 0.15 0.01)
(0.1 0.15 0.01)
(0.15 0.15 0.01)
(0.2 0.15 0.01)
(0.25 0.15 0.01)
(0.3 0.15 0.01)
(0.35 0.15 0.01)
(0.4 0.15 0.01)
(0.45 0.15 0.01)
(0.5 0.15 0.01)
(0.55 0.15 0.01)
(0.6 0.15 0.01)
(0.65 0.15 0.01)
(0.7 0.15 0.01)
(0.75 0.15 0.01)
(0.8 0.15 0.01)
(0.85 0.15 0.01)
(0.9 0.15 0.01)
(0.95 0.15 0.01)
(1 0.15 0.01)
(1.05 0.15 0.01)
(1.1 0.15 0.01)
(1.15 0.15 0.01)
(1.2 0.15 0.01)
(1.25 0.15 0.01)
(1.3 0.15 0.01)
(1.35 0.15 0.01)
(1.4 0.15 0.01)
(1.45 0.15 0.01)
(1.5 0.15 0.01)
(1.55 0.15 0.01)
(1.6 0.15 0.01)
(1.65 0.15 0.01)
(1.7 0.15 0.01)
(1.75 0.15 0.01)
(1.8 0.15 0.01)
(1.85 0.15 0.01)
(1.9 0.15 0.01)
(1.95 0.15 0.01)
(2 0.15 0.01)
(2.05 0.15 0.01)
(2.1 0.15 0.01)
(2.15 0.15 0.01)
(2.2 0.15 0.01)
(2.25 0.15 0.01)
(2.3 0.15 0.01)
(2.35 0.15 0.01)
(2.4 0.15 0.01)
(2.45 0.15 0.01)
(2.5 0.15 0.01)
(2.55 0.15 0.01)
(2.6 0.15 0.01)
(2.65 0.15 0.01)
(2.7 0.15 0.01)
(2.75 0.15 0.01)
(2.8 0.15 0.01)
(2.85 0.15 0.01)
(2.9 0.15 0.01)
(2.95 0.15 0.01)
(3 0.15 0.01)
(3.05 0.15 0.01)
(3.1 0.15 0.01)
(3.15 0.15 0.01)
(3.2 0.15 0.01)
(3.25 0.15 0.01)
(3.3 0.15 0.01)
(3.35 0.15 0.01)
(3.4 0.15 0.01)
(3.45 0.15 0.01)
(3.5 0.15 0.01)
(3.55 0.15 0.01)
(3.6 0.15 0.01)
(3.65 0.15 0.01)
(3.7 0.15 0.01)
(3.75 0.15 0.01)
(3.8 0.15 0.01)
(3.85 0.15 0.01)
(3.9 0.15 0.01)
(3.95 0.15 0.01)
(4 0.15 0.01)
(4.05 0.15 0.01)
(4.1 0.15 0.01)
(4.15 0.15 0.01)
(4.2 0.15 0.01)
(4.25 0.15 0.01)
(4.3 0.15 0.01)
(4.35 0.15 0.01)
(4.4 0.15 0.01)
(4.45 0.15 0.01)
(4.5 0.15 0.01)
(4.55 0.15 0.01)
(4.6 0.15 0.01)
(4.65 0.15 0.01)
(4.7 0.15 0.01)
(4.75 0.15 0.01)
(4.8 0.15 0.01)
(4.85 0.15 0.01)
(4.9 0.15 0.01)
(4.95 0.15 0.01)
(5 0.15 0.01)
(5.05 0.15 0.01)
(5.1 0.15 0.01)
(5.15 0.15 0.01)
(5.2 0.15 0.01)
(5.25 0.15 0.01)
(5.3 0.15 0.01)
(5.35 0.15 0.01)
(5.4 0.15 0.01)
(5.45 0.15 0.01)
(5.5 0.15 0.01)
(5.55 0.15 0.01)
(5.6 0.15 0.01)
(5.65 0.15 0.01)
(5.7 0.15 0.01)
(5.75 0.15 0.01)
(5.8 0.15 0.01)
(5.85 0.15 0.01)
(5.9 0.15 0.01)
(5.95 0.15 0.01)
(6 0.15 0.01)
(6.05 0.15 0.01)
(6.1 0.15 0.01)
(6.15 0.15 0.01)
(6.2 0.15 0.01)
(6.25 0.15 0.01)
(6.3 0.15 0.01)
(6.35 0.15 0.01)
(6.4 0.15 0.01)
(6.45 0.15 0.01)
(6.5 0.15 0.01)
(6.55 0.15 0.01)
(6.6 0.15 0.01)
(6.65 0.15 0.01)
(6.7 0.15 0.01)
(6.75 0.15 0.01)
(6.8 0.15 0.01)
(6.85 0.15 0.01)
(6.9 0.15 0.01)
(6.95 0.15 0.01)
(7 0.15 0.01)
(7.05 0.15 0.01)
(7.1 0.15 0.01)
(7.15 0.15 0.01)
(7.2 0.15 0.01)
(7.25 0.15 0.01)
(7.3 0.15 0.01)
(7.35 0.15 0.01)
(7.4 0.15 0.01)
(7.45 0.15 0.01)
(7.5 0.15 0.01)
(7.55 0.15 0.01)
(7.6 0.15 0.01)
(7.65 0.15 0.01)
(7.7 0.15 0.01)
(7.75 0.15 0.01)
(7.8 0.15 0.01)
(7.85 0.15 0.01)
(7.9 0.15 0.01)
(7.95 0.15 0.01)
(8 0.15 0.01)
(8.05 0.15 0.01)
(8.1 0.15 0.01)
(8.15 0.15 0.01)
(8.2 0.15 0.01)
(8.25 0.15 0.01)
(8.3 0.15 0.01)
(8.35 0.15 0.01)
(8.4 0.15 0.01)
(8.45 0.15 0.01)
(8.5 0.15 0.01)
(8.55 0.15 0.01)
(8.6 0.15 0.01)
(8.65 0.15 0.01)
(8.7 0.15 0.01)
(8.75 0.15 0.01)
(8.8 0.15 0.01)
(8.85 0.15 0.01)
(8.9 0.15 0.01)
(8.95 0.15 0.01)
(9 0.15 0.01)
(9.05 0.15 0.01)
(9.1 0.15 0.01)
(9.15 0.15 0.01)
(9.2 0.15 0.01)
(9.25 0.15 0.01)
(9.3 0.15 0.01)
(9.35 0.15 0.01)
(9.4 0.15 0.01)
(9.45 0.15 0.01)
(9.5 0.15 0.01)
(9.55 0.15 0.01)
(9.6 0.15 0.01)
(9.65 0.15 0.01)
(9.7 0.15 0.01)
(9.75 0.15 0.01)
(9.8 0.15 0.01)
(9.85 0.15 0.01)
(9.9 0.15 0.01)
(9.95 0.15 0.01)
(10 0.15 0.01)
(0 0.2 0.01)
(0.05 0.2 0.01)
(0.1 0.2 0.01)
(0.15 0.2 0.01)
(0.2 0.2 0.01)
(0.25 0.2 0.01)
(0.3 0.2 0.01)
(0.35 0.2 0.01)
(0.4 0.2 0.01)
(0.45 0.2 0.01)
(0.5 0.2 0.01)
(0.55 0.2 0.01)
(0.6 0.2 0.01)
(0.65 0.2 0.01)
(0.7 0.2 0.01)
(0.75 0.2 0.01)
(0.8 0.2 0.01)
(0.85 0.2 0.01)
(0.9 0.2 0.01)
(0.95 0.2 0.01)
(1 0.2 0.01)
(1.05 0.2 0.01)
(1.1 0.2 0.01)
(1.15 0.2 0.01)
(1.2 0.2 0.01)
(1.25 0.2 0.01)
(1.3 0.2 0.01)
(1.35 0.2 0.01)
(1.4 0.2 0.01)
(1.45 0.2 0.01)
(1.5 0.2 0.01)
(1.55 0.2 0.01)
(1.6 0.2 0.01)
(1.65 0.2 0.01)
(1.7 0.2 0.01)
(1.75 0.2 0.01)
(1.8 0.2 0.01)
(1.85 0.2 0.01)
(1.9 0.2 0.01)
(1.95 0.2 0.01)
(2 0.2 0.01)
(2.05 0.2 0.01)
(2.1 0.2 0.01)
(2.15 0.2 0.01)
(2.2 0.2 0.01)
(2.25 0.2 0.01)
(2.3 0.2 0.01)
(2.35 0.2 0.01)
(2.4 0.2 0.01)
(2.45 0.2 0.01)
(2.5 0.2 0.01)
(2.55 0.2 0.01)
(2.6 0.2 0.01)
(2.65 0.2 0.01)
(2.7 0.2 0.01)
(2.75 0.2 0.01)
(2.8 0.2 0.01)
(2.85 0.2 0.01)
(2.9 0.2 0.01)
(2.95 0.2 0.01)
(3 0.2 0.01)
(3.05 0.2 0.01)
(3.1 0.2 0.01)
(3.15 0.2 0.01)
(3.2 0.2 0.01)
(3.25 0.2 0.01)
(3.3 0.2 0.01)
(3.35 0.2 0.01)
(3.4 0.2 0.01)
(3.45 0.2 0.01)
(3.5 0.2 0.01)
(3.55 0.2 0.01)
(3.6 0.2 0.01)
(3.65 0.2 0.01)
(3.7 0.2 0.01)
(3.75 0.2 0.01)
(3.8 0.2 0.01)
(3.85 0.2 0.01)
(3.9 0.2 0.01)
(3.95 0.2 0.01)
(4 0.2 0.01)
(4.05 0.2 0.01)
(4.1 0.2 0.01)
(4.15 0.2 0.01)
(4.2 0.2 0.01)
(4.25 0.2 0.01)
(4.3 0.2 0.01)
(4.35 0.2 0.01)
(4.4 0.2 0.01)
(4.45 0.2 0.01)
(4.5 0.2 0.01)
(4.55 0.2 0.01)
(4.6 0.2 0.01)
(4.65 0.2 0.01)
(4.7 0.2 0.01)
(4.75 0.2 0.01)
(4.8 0.2 0.01)
(4.85 0.2 0.01)
(4.9 0.2 0.01)
(4.95 0.2 0.01)
(5 0.2 0.01)
(5.05 0.2 0.01)
(5.1 0.2 0.01)
(5.15 0.2 0.01)
(5.2 0.2 0.01)
(5.25 0.2 0.01)
(5.3 0.2 0.01)
(5.35 0.2 0.01)
(5.4 0.2 0.01)
(5.45 0.2 0.01)
(5.5 0.2 0.01)
(5.55 0.2 0.01)
(5.6 0.2 0.01)
(5.65 0.2 0.01)
(5.7 0.2 0.01)
(5.75 0.2 0.01)
(5.8 0.2 0.01)
(5.85 0.2 0.01)
(5.9 0.2 0.01)
(5.95 0.2 0.01)
(6 0.2 0.01)
(6.05 0.2 0.01)
(6.1 0.2 0.01)
(6.15 0.2 0.01)
(6.2 0.2 0.01)
(6.25 0.2 0.01)
(6.3 0.2 0.01)
(6.35 0.2 0.01)
(6.4 0.2 0.01)
(6.45 0.2 0.01)
(6.5 0.2 0.01)
(6.55 0.2 0.01)
(6.6 0.2 0.01)
(6.65 0.2 0.01)
(6.7 0.2 0.01)
(6.75 0.2 0.01)
(6.8 0.2 0.01)
(6.85 0.2 0.01)
(6.9 0.2 0.01)
(6.95 0.2 0.01)
(7 0.2 0.01)
(7.05 0.2 0.01)
(7.1 0.2 0.01)
(7.15 0.2 0.01)
(7.2 0.2 0.01)
(7.25 0.2 0.01)
(7.3 0.2 0.01)
(7.35 0.2 0.01)
(7.4 0.2 0.01)
(7.45 0.2 0.01)
(7.5 0.2 0.01)
(7.55 0.2 0.01)
(7.6 0.2 0.01)
(7.65 0.2 0.01)
(7.7 0.2 0.01)
(7.75 0.2 0.01)
(7.8 0.2 0.01)
(7.85 0.2 0.01)
(7.9 0.2 0.01)
(7.95 0.2 0.01)
(8 0.2 0.01)
(8.05 0.2 0.01)
(8.1 0.2 0.01)
(8.15 0.2 0.01)
(8.2 0.2 0.01)
(8.25 0.2 0.01)
(8.3 0.2 0.01)
(8.35 0.2 0.01)
(8.4 0.2 0.01)
(8.45 0.2 0.01)
(8.5 0.2 0.01)
(8.55 0.2 0.01)
(8.6 0.2 0.01)
(8.65 0.2 0.01)
(8.7 0.2 0.01)
(8.75 0.2 0.01)
(8.8 0.2 0.01)
(8.85 0.2 0.01)
(8.9 0.2 0.01)
(8.95 0.2 0.01)
(9 0.2 0.01)
(9.05 0.2 0.01)
(9.1 0.2 0.01)
(9.15 0.2 0.01)
(9.2 0.2 0.01)
(9.25 0.2 0.01)
(9.3 0.2 0.01)
(9.35 0.2 0.01)
(9.4 0.2 0.01)
(9.45 0.2 0.01)
(9.5 0.2 0.01)
(9.55 0.2 0.01)
(9.6 0.2 0.01)
(9.65 0.2 0.01)
(9.7 0.2 0.01)
(9.75 0.2 0.01)
(9.8 0.2 0.01)
(9.85 0.2 0.01)
(9.9 0.2 0.01)
(9.95 0.2 0.01)
(10 0.2 0.01)
(0 0.25 0.01)
(0.05 0.25 0.01)
(0.1 0.25 0.01)
(0.15 0.25 0.01)
(0.2 0.25 0.01)
(0.25 0.25 0.01)
(0.3 0.25 0.01)
(0.35 0.25 0.01)
(0.4 0.25 0.01)
(0.45 0.25 0.01)
(0.5 0.25 0.01)
(0.55 0.25 0.01)
(0.6 0.25 0.01)
(0.65 0.25 0.01)
(0.7 0.25 0.01)
(0.75 0.25 0.01)
(0.8 0.25 0.01)
(0.85 0.25 0.01)
(0.9 0.25 0.01)
(0.95 0.25 0.01)
(1 0.25 0.01)
(1.05 0.25 0.01)
(1.1 0.25 0.01)
(1.15 0.25 0.01)
(1.2 0.25 0.01)
(1.25 0.25 0.01)
(1.3 0.25 0.01)
(1.35 0.25 0.01)
(1.4 0.25 0.01)
(1.45 0.25 0.01)
(1.5 0.25 0.01)
(1.55 0.25 0.01)
(1.6 0.25 0.01)
(1.65 0.25 0.01)
(1.7 0.25 0.01)
(1.75 0.25 0.01)
(1.8 0.25 0.01)
(1.85 0.25 0.01)
(1.9 0.25 0.01)
(1.95 0.25 0.01)
(2 0.25 0.01)
(2.05 0.25 0.01)
(2.1 0.25 0.01)
(2.15 0.25 0.01)
(2.2 0.25 0.01)
(2.25 0.25 0.01)
(2.3 0.25 0.01)
(2.35 0.25 0.01)
(2.4 0.25 0.01)
(2.45 0.25 0.01)
(2.5 0.25 0.01)
(2.55 0.25 0.01)
(2.6 0.25 0.01)
(2.65 0.25 0.01)
(2.7 0.25 0.01)
(2.75 0.25 0.01)
(2.8 0.25 0.01)
(2.85 0.25 0.01)
(2.9 0.25 0.01)
(2.95 0.25 0.01)
(3 0.25 0.01)
(3.05 0.25 0.01)
(3.1 0.25 0.01)
(3.15 0.25 0.01)
(3.2 0.25 0.01)
(3.25 0.25 0.01)
(3.3 0.25 0.01)
(3.35 0.25 0.01)
(3.4 0.25 0.01)
(3.45 0.25 0.01)
(3.5 0.25 0.01)
(3.55 0.25 0.01)
(3.6 0.25 0.01)
(3.65 0.25 0.01)
(3.7 0.25 0.01)
(3.75 0.25 0.01)
(3.8 0.25 0.01)
(3.85 0.25 0.01)
(3.9 0.25 0.01)
(3.95 0.25 0.01)
(4 0.25 0.01)
(4.05 0.25 0.01)
(4.1 0.25 0.01)
(4.15 0.25 0.01)
(4.2 0.25 0.01)
(4.25 0.25 0.01)
(4.3 0.25 0.01)
(4.35 0.25 0.01)
(4.4 0.25 0.01)
(4.45 0.25 0.01)
(4.5 0.25 0.01)
(4.55 0.25 0.01)
(4.6 0.25 0.01)
(4.65 0.25 0.01)
(4.7 0.25 0.01)
(4.75 0.25 0.01)
(4.8 0.25 0.01)
(4.85 0.25 0.01)
(4.9 0.25 0.01)
(4.95 0.25 0.01)
(5 0.25 0.01)
(5.05 0.25 0.01)
(5.1 0.25 0.01)
(5.15 0.25 0.01)
(5.2 0.25 0.01)
(5.25 0.25 0.01)
(5.3 0.25 0.01)
(5.35 0.25 0.01)
(5.4 0.25 0.01)
(5.45 0.25 0.01)
(5.5 0.25 0.01)
(5.55 0.25 0.01)
(5.6 0.25 0.01)
(5.65 0.25 0.01)
(5.7 0.25 0.01)
(5.75 0.25 0.01)
(5.8 0.25 0.01)
(5.85 0.25 0.01)
(5.9 0.25 0.01)
(5.95 0.25 0.01)
(6 0.25 0.01)
(6.05 0.25 0.01)
(6.1 0.25 0.01)
(6.15 0.25 0.01)
(6.2 0.25 0.01)
(6.25 0.25 0.01)
(6.3 0.25 0.01)
(6.35 0.25 0.01)
(6.4 0.25 0.01)
(6.45 0.25 0.01)
(6.5 0.25 0.01)
(6.55 0.25 0.01)
(6.6 0.25 0.01)
(6.65 0.25 0.01)
(6.7 0.25 0.01)
(6.75 0.25 0.01)
(6.8 0.25 0.01)
(6.85 0.25 0.01)
(6.9 0.25 0.01)
(6.95 0.25 0.01)
(7 0.25 0.01)
(7.05 0.25 0.01)
(7.1 0.25 0.01)
(7.15 0.25 0.01)
(7.2 0.25 0.01)
(7.25 0.25 0.01)
(7.3 0.25 0.01)
(7.35 0.25 0.01)
(7.4 0.25 0.01)
(7.45 0.25 0.01)
(7.5 0.25 0.01)
(7.55 0.25 0.01)
(7.6 0.25 0.01)
(7.65 0.25 0.01)
(7.7 0.25 0.01)
(7.75 0.25 0.01)
(7.8 0.25 0.01)
(7.85 0.25 0.01)
(7.9 0.25 0.01)
(7.95 0.25 0.01)
(8 0.25 0.01)
(8.05 0.25 0.01)
(8.1 0.25 0.01)
(8.15 0.25 0.01)
(8.2 0.25 0.01)
(8.25 0.25 0.01)
(8.3 0.25 0.01)
(8.35 0.25 0.01)
(8.4 0.25 0.01)
(8.45 0.25 0.01)
(8.5 0.25 0.01)
(8.55 0.25 0.01)
(8.6 0.25 0.01)
(8.65 0.25 0.01)
(8.7 0.25 0.01)
(8.75 0.25 0.01)
(8.8 0.25 0.01)
(8.85 0.25 0.01)
(8.9 0.25 0.01)
(8.95 0.25 0.01)
(9 0.25 0.01)
(9.05 0.25 0.01)
(9.1 0.25 0.01)
(9.15 0.25 0.01)
(9.2 0.25 0.01)
(9.25 0.25 0.01)
(9.3 0.25 0.01)
(9.35 0.25 0.01)
(9.4 0.25 0.01)
(9.45 0.25 0.01)
(9.5 0.25 0.01)
(9.55 0.25 0.01)
(9.6 0.25 0.01)
(9.65 0.25 0.01)
(9.7 0.25 0.01)
(9.75 0.25 0.01)
(9.8 0.25 0.01)
(9.85 0.25 0.01)
(9.9 0.25 0.01)
(9.95 0.25 0.01)
(10 0.25 0.01)
(0 0.3 0.01)
(0.05 0.3 0.01)
(0.1 0.3 0.01)
(0.15 0.3 0.01)
(0.2 0.3 0.01)
(0.25 0.3 0.01)
(0.3 0.3 0.01)
(0.35 0.3 0.01)
(0.4 0.3 0.01)
(0.45 0.3 0.01)
(0.5 0.3 0.01)
(0.55 0.3 0.01)
(0.6 0.3 0.01)
(0.65 0.3 0.01)
(0.7 0.3 0.01)
(0.75 0.3 0.01)
(0.8 0.3 0.01)
(0.85 0.3 0.01)
(0.9 0.3 0.01)
(0.95 0.3 0.01)
(1 0.3 0.01)
(1.05 0.3 0.01)
(1.1 0.3 0.01)
(1.15 0.3 0.01)
(1.2 0.3 0.01)
(1.25 0.3 0.01)
(1.3 0.3 0.01)
(1.35 0.3 0.01)
(1.4 0.3 0.01)
(1.45 0.3 0.01)
(1.5 0.3 0.01)
(1.55 0.3 0.01)
(1.6 0.3 0.01)
(1.65 0.3 0.01)
(1.7 0.3 0.01)
(1.75 0.3 0.01)
(1.8 0.3 0.01)
(1.85 0.3 0.01)
(1.9 0.3 0.01)
(1.95 0.3 0.01)
(2 0.3 0.01)
(2.05 0.3 0.01)
(2.1 0.3 0.01)
(2.15 0.3 0.01)
(2.2 0.3 0.01)
(2.25 0.3 0.01)
(2.3 0.3 0.01)
(2.35 0.3 0.01)
(2.4 0.3 0.01)
(2.45 0.3 0.01)
(2.5 0.3 0.01)
(2.55 0.3 0.01)
(2.6 0.3 0.01)
(2.65 0.3 0.01)
(2.7 0.3 0.01)
(2.75 0.3 0.01)
(2.8 0.3 0.01)
(2.85 0.3 0.01)
(2.9 0.3 0.01)
(2.95 0.3 0.01)
(3 0.3 0.01)
(3.05 0.3 0.01)
(3.1 0.3 0.01)
(3.15 0.3 0.01)
(3.2 0.3 0.01)
(3.25 0.3 0.01)
(3.3 0.3 0.01)
(3.35 0.3 0.01)
(3.4 0.3 0.01)
(3.45 0.3 0.01)
(3.5 0.3 0.01)
(3.55 0.3 0.01)
(3.6 0.3 0.01)
(3.65 0.3 0.01)
(3.7 0.3 0.01)
(3.75 0.3 0.01)
(3.8 0.3 0.01)
(3.85 0.3 0.01)
(3.9 0.3 0.01)
(3.95 0.3 0.01)
(4 0.3 0.01)
(4.05 0.3 0.01)
(4.1 0.3 0.01)
(4.15 0.3 0.01)
(4.2 0.3 0.01)
(4.25 0.3 0.01)
(4.3 0.3 0.01)
(4.35 0.3 0.01)
(4.4 0.3 0.01)
(4.45 0.3 0.01)
(4.5 0.3 0.01)
(4.55 0.3 0.01)
(4.6 0.3 0.01)
(4.65 0.3 0.01)
(4.7 0.3 0.01)
(4.75 0.3 0.01)
(4.8 0.3 0.01)
(4.85 0.3 0.01)
(4.9 0.3 0.01)
(4.95 0.3 0.01)
(5 0.3 0.01)
(5.05 0.3 0.01)
(5.1 0.3 0.01)
(5.15 0.3 0.01)
(5.2 0.3 0.01)
(5.25 0.3 0.01)
(5.3 0.3 0.01)
(5.35 0.3 0.01)
(5.4 0.3 0.01)
(5.45 0.3 0.01)
(5.5 0.3 0.01)
(5.55 0.3 0.01)
(5.6 0.3 0.01)
(5.65 0.3 0.01)
(5.7 0.3 0.01)
(5.75 0.3 0.01)
(5.8 0.3 0.01)
(5.85 0.3 0.01)
(5.9 0.3 0.01)
(5.95 0.3 0.01)
(6 0.3 0.01)
(6.05 0.3 0.01)
(6.1 0.3 0.01)
(6.15 0.3 0.01)
(6.2 0.3 0.01)
(6.25 0.3 0.01)
(6.3 0.3 0.01)
(6.35 0.3 0.01)
(6.4 0.3 0.01)
(6.45 0.3 0.01)
(6.5 0.3 0.01)
(6.55 0.3 0.01)
(6.6 0.3 0.01)
(6.65 0.3 0.01)
(6.7 0.3 0.01)
(6.75 0.3 0.01)
(6.8 0.3 0.01)
(6.85 0.3 0.01)
(6.9 0.3 0.01)
(6.95 0.3 0.01)
(7 0.3 0.01)
(7.05 0.3 0.01)
(7.1 0.3 0.01)
(7.15 0.3 0.01)
(7.2 0.3 0.01)
(7.25 0.3 0.01)
(7.3 0.3 0.01)
(7.35 0.3 0.01)
(7.4 0.3 0.01)
(7.45 0.3 0.01)
(7.5 0.3 0.01)
(7.55 0.3 0.01)
(7.6 0.3 0.01)
(7.65 0.3 0.01)
(7.7 0.3 0.01)
(7.75 0.3 0.01)
(7.8 0.3 0.01)
(7.85 0.3 0.01)
(7.9 0.3 0.01)
(7.95 0.3 0.01)
(8 0.3 0.01)
(8.05 0.3 0.01)
(8.1 0.3 0.01)
(8.15 0.3 0.01)
(8.2 0.3 0.01)
(8.25 0.3 0.01)
(8.3 0.3 0.01)
(8.35 0.3 0.01)
(8.4 0.3 0.01)
(8.45 0.3 0.01)
(8.5 0.3 0.01)
(8.55 0.3 0.01)
(8.6 0.3 0.01)
(8.65 0.3 0.01)
(8.7 0.3 0.01)
(8.75 0.3 0.01)
(8.8 0.3 0.01)
(8.85 0.3 0.01)
(8.9 0.3 0.01)
(8.95 0.3 0.01)
(9 0.3 0.01)
(9.05 0.3 0.01)
(9.1 0.3 0.01)
(9.15 0.3 0.01)
(9.2 0.3 0.01)
(9.25 0.3 0.01)
(9.3 0.3 0.01)
(9.35 0.3 0.01)
(9.4 0.3 0.01)
(9.45 0.3 0.01)
(9.5 0.3 0.01)
(9.55 0.3 0.01)
(9.6 0.3 0.01)
(9.65 0.3 0.01)
(9.7 0.3 0.01)
(9.75 0.3 0.01)
(9.8 0.3 0.01)
(9.85 0.3 0.01)
(9.9 0.3 0.01)
(9.95 0.3 0.01)
(10 0.3 0.01)
(0 0.35 0.01)
(0.05 0.35 0.01)
(0.1 0.35 0.01)
(0.15 0.35 0.01)
(0.2 0.35 0.01)
(0.25 0.35 0.01)
(0.3 0.35 0.01)
(0.35 0.35 0.01)
(0.4 0.35 0.01)
(0.45 0.35 0.01)
(0.5 0.35 0.01)
(0.55 0.35 0.01)
(0.6 0.35 0.01)
(0.65 0.35 0.01)
(0.7 0.35 0.01)
(0.75 0.35 0.01)
(0.8 0.35 0.01)
(0.85 0.35 0.01)
(0.9 0.35 0.01)
(0.95 0.35 0.01)
(1 0.35 0.01)
(1.05 0.35 0.01)
(1.1 0.35 0.01)
(1.15 0.35 0.01)
(1.2 0.35 0.01)
(1.25 0.35 0.01)
(1.3 0.35 0.01)
(1.35 0.35 0.01)
(1.4 0.35 0.01)
(1.45 0.35 0.01)
(1.5 0.35 0.01)
(1.55 0.35 0.01)
(1.6 0.35 0.01)
(1.65 0.35 0.01)
(1.7 0.35 0.01)
(1.75 0.35 0.01)
(1.8 0.35 0.01)
(1.85 0.35 0.01)
(1.9 0.35 0.01)
(1.95 0.35 0.01)
(2 0.35 0.01)
(2.05 0.35 0.01)
(2.1 0.35 0.01)
(2.15 0.35 0.01)
(2.2 0.35 0.01)
(2.25 0.35 0.01)
(2.3 0.35 0.01)
(2.35 0.35 0.01)
(2.4 0.35 0.01)
(2.45 0.35 0.01)
(2.5 0.35 0.01)
(2.55 0.35 0.01)
(2.6 0.35 0.01)
(2.65 0.35 0.01)
(2.7 0.35 0.01)
(2.75 0.35 0.01)
(2.8 0.35 0.01)
(2.85 0.35 0.01)
(2.9 0.35 0.01)
(2.95 0.35 0.01)
(3 0.35 0.01)
(3.05 0.35 0.01)
(3.1 0.35 0.01)
(3.15 0.35 0.01)
(3.2 0.35 0.01)
(3.25 0.35 0.01)
(3.3 0.35 0.01)
(3.35 0.35 0.01)
(3.4 0.35 0.01)
(3.45 0.35 0.01)
(3.5 0.35 0.01)
(3.55 0.35 0.01)
(3.6 0.35 0.01)
(3.65 0.35 0.01)
(3.7 0.35 0.01)
(3.75 0.35 0.01)
(3.8 0.35 0.01)
(3.85 0.35 0.01)
(3.9 0.35 0.01)
(3.95 0.35 0.01)
(4 0.35 0.01)
(4.05 0.35 0.01)
(4.1 0.35 0.01)
(4.15 0.35 0.01)
(4.2 0.35 0.01)
(4.25 0.35 0.01)
(4.3 0.35 0.01)
(4.35 0.35 0.01)
(4.4 0.35 0.01)
(4.45 0.35 0.01)
(4.5 0.35 0.01)
(4.55 0.35 0.01)
(4.6 0.35 0.01)
(4.65 0.35 0.01)
(4.7 0.35 0.01)
(4.75 0.35 0.01)
(4.8 0.35 0.01)
(4.85 0.35 0.01)
(4.9 0.35 0.01)
(4.95 0.35 0.01)
(5 0.35 0.01)
(5.05 0.35 0.01)
(5.1 0.35 0.01)
(5.15 0.35 0.01)
(5.2 0.35 0.01)
(5.25 0.35 0.01)
(5.3 0.35 0.01)
(5.35 0.35 0.01)
(5.4 0.35 0.01)
(5.45 0.35 0.01)
(5.5 0.35 0.01)
(5.55 0.35 0.01)
(5.6 0.35 0.01)
(5.65 0.35 0.01)
(5.7 0.35 0.01)
(5.75 0.35 0.01)
(5.8 0.35 0.01)
(5.85 0.35 0.01)
(5.9 0.35 0.01)
(5.95 0.35 0.01)
(6 0.35 0.01)
(6.05 0.35 0.01)
(6.1 0.35 0.01)
(6.15 0.35 0.01)
(6.2 0.35 0.01)
(6.25 0.35 0.01)
(6.3 0.35 0.01)
(6.35 0.35 0.01)
(6.4 0.35 0.01)
(6.45 0.35 0.01)
(6.5 0.35 0.01)
(6.55 0.35 0.01)
(6.6 0.35 0.01)
(6.65 0.35 0.01)
(6.7 0.35 0.01)
(6.75 0.35 0.01)
(6.8 0.35 0.01)
(6.85 0.35 0.01)
(6.9 0.35 0.01)
(6.95 0.35 0.01)
(7 0.35 0.01)
(7.05 0.35 0.01)
(7.1 0.35 0.01)
(7.15 0.35 0.01)
(7.2 0.35 0.01)
(7.25 0.35 0.01)
(7.3 0.35 0.01)
(7.35 0.35 0.01)
(7.4 0.35 0.01)
(7.45 0.35 0.01)
(7.5 0.35 0.01)
(7.55 0.35 0.01)
(7.6 0.35 0.01)
(7.65 0.35 0.01)
(7.7 0.35 0.01)
(7.75 0.35 0.01)
(7.8 0.35 0.01)
(7.85 0.35 0.01)
(7.9 0.35 0.01)
(7.95 0.35 0.01)
(8 0.35 0.01)
(8.05 0.35 0.01)
(8.1 0.35 0.01)
(8.15 0.35 0.01)
(8.2 0.35 0.01)
(8.25 0.35 0.01)
(8.3 0.35 0.01)
(8.35 0.35 0.01)
(8.4 0.35 0.01)
(8.45 0.35 0.01)
(8.5 0.35 0.01)
(8.55 0.35 0.01)
(8.6 0.35 0.01)
(8.65 0.35 0.01)
(8.7 0.35 0.01)
(8.75 0.35 0.01)
(8.8 0.35 0.01)
(8.85 0.35 0.01)
(8.9 0.35 0.01)
(8.95 0.35 0.01)
(9 0.35 0.01)
(9.05 0.35 0.01)
(9.1 0.35 0.01)
(9.15 0.35 0.01)
(9.2 0.35 0.01)
(9.25 0.35 0.01)
(9.3 0.35 0.01)
(9.35 0.35 0.01)
(9.4 0.35 0.01)
(9.45 0.35 0.01)
(9.5 0.35 0.01)
(9.55 0.35 0.01)
(9.6 0.35 0.01)
(9.65 0.35 0.01)
(9.7 0.35 0.01)
(9.75 0.35 0.01)
(9.8 0.35 0.01)
(9.85 0.35 0.01)
(9.9 0.35 0.01)
(9.95 0.35 0.01)
(10 0.35 0.01)
(0 0.4 0.01)
(0.05 0.4 0.01)
(0.1 0.4 0.01)
(0.15 0.4 0.01)
(0.2 0.4 0.01)
(0.25 0.4 0.01)
(0.3 0.4 0.01)
(0.35 0.4 0.01)
(0.4 0.4 0.01)
(0.45 0.4 0.01)
(0.5 0.4 0.01)
(0.55 0.4 0.01)
(0.6 0.4 0.01)
(0.65 0.4 0.01)
(0.7 0.4 0.01)
(0.75 0.4 0.01)
(0.8 0.4 0.01)
(0.85 0.4 0.01)
(0.9 0.4 0.01)
(0.95 0.4 0.01)
(1 0.4 0.01)
(1.05 0.4 0.01)
(1.1 0.4 0.01)
(1.15 0.4 0.01)
(1.2 0.4 0.01)
(1.25 0.4 0.01)
(1.3 0.4 0.01)
(1.35 0.4 0.01)
(1.4 0.4 0.01)
(1.45 0.4 0.01)
(1.5 0.4 0.01)
(1.55 0.4 0.01)
(1.6 0.4 0.01)
(1.65 0.4 0.01)
(1.7 0.4 0.01)
(1.75 0.4 0.01)
(1.8 0.4 0.01)
(1.85 0.4 0.01)
(1.9 0.4 0.01)
(1.95 0.4 0.01)
(2 0.4 0.01)
(2.05 0.4 0.01)
(2.1 0.4 0.01)
(2.15 0.4 0.01)
(2.2 0.4 0.01)
(2.25 0.4 0.01)
(2.3 0.4 0.01)
(2.35 0.4 0.01)
(2.4 0.4 0.01)
(2.45 0.4 0.01)
(2.5 0.4 0.01)
(2.55 0.4 0.01)
(2.6 0.4 0.01)
(2.65 0.4 0.01)
(2.7 0.4 0.01)
(2.75 0.4 0.01)
(2.8 0.4 0.01)
(2.85 0.4 0.01)
(2.9 0.4 0.01)
(2.95 0.4 0.01)
(3 0.4 0.01)
(3.05 0.4 0.01)
(3.1 0.4 0.01)
(3.15 0.4 0.01)
(3.2 0.4 0.01)
(3.25 0.4 0.01)
(3.3 0.4 0.01)
(3.35 0.4 0.01)
(3.4 0.4 0.01)
(3.45 0.4 0.01)
(3.5 0.4 0.01)
(3.55 0.4 0.01)
(3.6 0.4 0.01)
(3.65 0.4 0.01)
(3.7 0.4 0.01)
(3.75 0.4 0.01)
(3.8 0.4 0.01)
(3.85 0.4 0.01)
(3.9 0.4 0.01)
(3.95 0.4 0.01)
(4 0.4 0.01)
(4.05 0.4 0.01)
(4.1 0.4 0.01)
(4.15 0.4 0.01)
(4.2 0.4 0.01)
(4.25 0.4 0.01)
(4.3 0.4 0.01)
(4.35 0.4 0.01)
(4.4 0.4 0.01)
(4.45 0.4 0.01)
(4.5 0.4 0.01)
(4.55 0.4 0.01)
(4.6 0.4 0.01)
(4.65 0.4 0.01)
(4.7 0.4 0.01)
(4.75 0.4 0.01)
(4.8 0.4 0.01)
(4.85 0.4 0.01)
(4.9 0.4 0.01)
(4.95 0.4 0.01)
(5 0.4 0.01)
(5.05 0.4 0.01)
(5.1 0.4 0.01)
(5.15 0.4 0.01)
(5.2 0.4 0.01)
(5.25 0.4 0.01)
(5.3 0.4 0.01)
(5.35 0.4 0.01)
(5.4 0.4 0.01)
(5.45 0.4 0.01)
(5.5 0.4 0.01)
(5.55 0.4 0.01)
(5.6 0.4 0.01)
(5.65 0.4 0.01)
(5.7 0.4 0.01)
(5.75 0.4 0.01)
(5.8 0.4 0.01)
(5.85 0.4 0.01)
(5.9 0.4 0.01)
(5.95 0.4 0.01)
(6 0.4 0.01)
(6.05 0.4 0.01)
(6.1 0.4 0.01)
(6.15 0.4 0.01)
(6.2 0.4 0.01)
(6.25 0.4 0.01)
(6.3 0.4 0.01)
(6.35 0.4 0.01)
(6.4 0.4 0.01)
(6.45 0.4 0.01)
(6.5 0.4 0.01)
(6.55 0.4 0.01)
(6.6 0.4 0.01)
(6.65 0.4 0.01)
(6.7 0.4 0.01)
(6.75 0.4 0.01)
(6.8 0.4 0.01)
(6.85 0.4 0.01)
(6.9 0.4 0.01)
(6.95 0.4 0.01)
(7 0.4 0.01)
(7.05 0.4 0.01)
(7.1 0.4 0.01)
(7.15 0.4 0.01)
(7.2 0.4 0.01)
(7.25 0.4 0.01)
(7.3 0.4 0.01)
(7.35 0.4 0.01)
(7.4 0.4 0.01)
(7.45 0.4 0.01)
(7.5 0.4 0.01)
(7.55 0.4 0.01)
(7.6 0.4 0.01)
(7.65 0.4 0.01)
(7.7 0.4 0.01)
(7.75 0.4 0.01)
(7.8 0.4 0.01)
(7.85 0.4 0.01)
(7.9 0.4 0.01)
(7.95 0.4 0.01)
(8 0.4 0.01)
(8.05 0.4 0.01)
(8.1 0.4 0.01)
(8.15 0.4 0.01)
(8.2 0.4 0.01)
(8.25 0.4 0.01)
(8.3 0.4 0.01)
(8.35 0.4 0.01)
(8.4 0.4 0.01)
(8.45 0.4 0.01)
(8.5 0.4 0.01)
(8.55 0.4 0.01)
(8.6 0.4 0.01)
(8.65 0.4 0.01)
(8.7 0.4 0.01)
(8.75 0.4 0.01)
(8.8 0.4 0.01)
(8.85 0.4 0.01)
(8.9 0.4 0.01)
(8.95 0.4 0.01)
(9 0.4 0.01)
(9.05 0.4 0.01)
(9.1 0.4 0.01)
(9.15 0.4 0.01)
(9.2 0.4 0.01)
(9.25 0.4 0.01)
(9.3 0.4 0.01)
(9.35 0.4 0.01)
(9.4 0.4 0.01)
(9.45 0.4 0.01)
(9.5 0.4 0.01)
(9.55 0.4 0.01)
(9.6 0.4 0.01)
(9.65 0.4 0.01)
(9.7 0.4 0.01)
(9.75 0.4 0.01)
(9.8 0.4 0.01)
(9.85 0.4 0.01)
(9.9 0.4 0.01)
(9.95 0.4 0.01)
(10 0.4 0.01)
(0 0.45 0.01)
(0.05 0.45 0.01)
(0.1 0.45 0.01)
(0.15 0.45 0.01)
(0.2 0.45 0.01)
(0.25 0.45 0.01)
(0.3 0.45 0.01)
(0.35 0.45 0.01)
(0.4 0.45 0.01)
(0.45 0.45 0.01)
(0.5 0.45 0.01)
(0.55 0.45 0.01)
(0.6 0.45 0.01)
(0.65 0.45 0.01)
(0.7 0.45 0.01)
(0.75 0.45 0.01)
(0.8 0.45 0.01)
(0.85 0.45 0.01)
(0.9 0.45 0.01)
(0.95 0.45 0.01)
(1 0.45 0.01)
(1.05 0.45 0.01)
(1.1 0.45 0.01)
(1.15 0.45 0.01)
(1.2 0.45 0.01)
(1.25 0.45 0.01)
(1.3 0.45 0.01)
(1.35 0.45 0.01)
(1.4 0.45 0.01)
(1.45 0.45 0.01)
(1.5 0.45 0.01)
(1.55 0.45 0.01)
(1.6 0.45 0.01)
(1.65 0.45 0.01)
(1.7 0.45 0.01)
(1.75 0.45 0.01)
(1.8 0.45 0.01)
(1.85 0.45 0.01)
(1.9 0.45 0.01)
(1.95 0.45 0.01)
(2 0.45 0.01)
(2.05 0.45 0.01)
(2.1 0.45 0.01)
(2.15 0.45 0.01)
(2.2 0.45 0.01)
(2.25 0.45 0.01)
(2.3 0.45 0.01)
(2.35 0.45 0.01)
(2.4 0.45 0.01)
(2.45 0.45 0.01)
(2.5 0.45 0.01)
(2.55 0.45 0.01)
(2.6 0.45 0.01)
(2.65 0.45 0.01)
(2.7 0.45 0.01)
(2.75 0.45 0.01)
(2.8 0.45 0.01)
(2.85 0.45 0.01)
(2.9 0.45 0.01)
(2.95 0.45 0.01)
(3 0.45 0.01)
(3.05 0.45 0.01)
(3.1 0.45 0.01)
(3.15 0.45 0.01)
(3.2 0.45 0.01)
(3.25 0.45 0.01)
(3.3 0.45 0.01)
(3.35 0.45 0.01)
(3.4 0.45 0.01)
(3.45 0.45 0.01)
(3.5 0.45 0.01)
(3.55 0.45 0.01)
(3.6 0.45 0.01)
(3.65 0.45 0.01)
(3.7 0.45 0.01)
(3.75 0.45 0.01)
(3.8 0.45 0.01)
(3.85 0.45 0.01)
(3.9 0.45 0.01)
(3.95 0.45 0.01)
(4 0.45 0.01)
(4.05 0.45 0.01)
(4.1 0.45 0.01)
(4.15 0.45 0.01)
(4.2 0.45 0.01)
(4.25 0.45 0.01)
(4.3 0.45 0.01)
(4.35 0.45 0.01)
(4.4 0.45 0.01)
(4.45 0.45 0.01)
(4.5 0.45 0.01)
(4.55 0.45 0.01)
(4.6 0.45 0.01)
(4.65 0.45 0.01)
(4.7 0.45 0.01)
(4.75 0.45 0.01)
(4.8 0.45 0.01)
(4.85 0.45 0.01)
(4.9 0.45 0.01)
(4.95 0.45 0.01)
(5 0.45 0.01)
(5.05 0.45 0.01)
(5.1 0.45 0.01)
(5.15 0.45 0.01)
(5.2 0.45 0.01)
(5.25 0.45 0.01)
(5.3 0.45 0.01)
(5.35 0.45 0.01)
(5.4 0.45 0.01)
(5.45 0.45 0.01)
(5.5 0.45 0.01)
(5.55 0.45 0.01)
(5.6 0.45 0.01)
(5.65 0.45 0.01)
(5.7 0.45 0.01)
(5.75 0.45 0.01)
(5.8 0.45 0.01)
(5.85 0.45 0.01)
(5.9 0.45 0.01)
(5.95 0.45 0.01)
(6 0.45 0.01)
(6.05 0.45 0.01)
(6.1 0.45 0.01)
(6.15 0.45 0.01)
(6.2 0.45 0.01)
(6.25 0.45 0.01)
(6.3 0.45 0.01)
(6.35 0.45 0.01)
(6.4 0.45 0.01)
(6.45 0.45 0.01)
(6.5 0.45 0.01)
(6.55 0.45 0.01)
(6.6 0.45 0.01)
(6.65 0.45 0.01)
(6.7 0.45 0.01)
(6.75 0.45 0.01)
(6.8 0.45 0.01)
(6.85 0.45 0.01)
(6.9 0.45 0.01)
(6.95 0.45 0.01)
(7 0.45 0.01)
(7.05 0.45 0.01)
(7.1 0.45 0.01)
(7.15 0.45 0.01)
(7.2 0.45 0.01)
(7.25 0.45 0.01)
(7.3 0.45 0.01)
(7.35 0.45 0.01)
(7.4 0.45 0.01)
(7.45 0.45 0.01)
(7.5 0.45 0.01)
(7.55 0.45 0.01)
(7.6 0.45 0.01)
(7.65 0.45 0.01)
(7.7 0.45 0.01)
(7.75 0.45 0.01)
(7.8 0.45 0.01)
(7.85 0.45 0.01)
(7.9 0.45 0.01)
(7.95 0.45 0.01)
(8 0.45 0.01)
(8.05 0.45 0.01)
(8.1 0.45 0.01)
(8.15 0.45 0.01)
(8.2 0.45 0.01)
(8.25 0.45 0.01)
(8.3 0.45 0.01)
(8.35 0.45 0.01)
(8.4 0.45 0.01)
(8.45 0.45 0.01)
(8.5 0.45 0.01)
(8.55 0.45 0.01)
(8.6 0.45 0.01)
(8.65 0.45 0.01)
(8.7 0.45 0.01)
(8.75 0.45 0.01)
(8.8 0.45 0.01)
(8.85 0.45 0.01)
(8.9 0.45 0.01)
(8.95 0.45 0.01)
(9 0.45 0.01)
(9.05 0.45 0.01)
(9.1 0.45 0.01)
(9.15 0.45 0.01)
(9.2 0.45 0.01)
(9.25 0.45 0.01)
(9.3 0.45 0.01)
(9.35 0.45 0.01)
(9.4 0.45 0.01)
(9.45 0.45 0.01)
(9.5 0.45 0.01)
(9.55 0.45 0.01)
(9.6 0.45 0.01)
(9.65 0.45 0.01)
(9.7 0.45 0.01)
(9.75 0.45 0.01)
(9.8 0.45 0.01)
(9.85 0.45 0.01)
(9.9 0.45 0.01)
(9.95 0.45 0.01)
(10 0.45 0.01)
(0 0.5 0.01)
(0.05 0.5 0.01)
(0.1 0.5 0.01)
(0.15 0.5 0.01)
(0.2 0.5 0.01)
(0.25 0.5 0.01)
(0.3 0.5 0.01)
(0.35 0.5 0.01)
(0.4 0.5 0.01)
(0.45 0.5 0.01)
(0.5 0.5 0.01)
(0.55 0.5 0.01)
(0.6 0.5 0.01)
(0.65 0.5 0.01)
(0.7 0.5 0.01)
(0.75 0.5 0.01)
(0.8 0.5 0.01)
(0.85 0.5 0.01)
(0.9 0.5 0.01)
(0.95 0.5 0.01)
(1 0.5 0.01)
(1.05 0.5 0.01)
(1.1 0.5 0.01)
(1.15 0.5 0.01)
(1.2 0.5 0.01)
(1.25 0.5 0.01)
(1.3 0.5 0.01)
(1.35 0.5 0.01)
(1.4 0.5 0.01)
(1.45 0.5 0.01)
(1.5 0.5 0.01)
(1.55 0.5 0.01)
(1.6 0.5 0.01)
(1.65 0.5 0.01)
(1.7 0.5 0.01)
(1.75 0.5 0.01)
(1.8 0.5 0.01)
(1.85 0.5 0.01)
(1.9 0.5 0.01)
(1.95 0.5 0.01)
(2 0.5 0.01)
(2.05 0.5 0.01)
(2.1 0.5 0.01)
(2.15 0.5 0.01)
(2.2 0.5 0.01)
(2.25 0.5 0.01)
(2.3 0.5 0.01)
(2.35 0.5 0.01)
(2.4 0.5 0.01)
(2.45 0.5 0.01)
(2.5 0.5 0.01)
(2.55 0.5 0.01)
(2.6 0.5 0.01)
(2.65 0.5 0.01)
(2.7 0.5 0.01)
(2.75 0.5 0.01)
(2.8 0.5 0.01)
(2.85 0.5 0.01)
(2.9 0.5 0.01)
(2.95 0.5 0.01)
(3 0.5 0.01)
(3.05 0.5 0.01)
(3.1 0.5 0.01)
(3.15 0.5 0.01)
(3.2 0.5 0.01)
(3.25 0.5 0.01)
(3.3 0.5 0.01)
(3.35 0.5 0.01)
(3.4 0.5 0.01)
(3.45 0.5 0.01)
(3.5 0.5 0.01)
(3.55 0.5 0.01)
(3.6 0.5 0.01)
(3.65 0.5 0.01)
(3.7 0.5 0.01)
(3.75 0.5 0.01)
(3.8 0.5 0.01)
(3.85 0.5 0.01)
(3.9 0.5 0.01)
(3.95 0.5 0.01)
(4 0.5 0.01)
(4.05 0.5 0.01)
(4.1 0.5 0.01)
(4.15 0.5 0.01)
(4.2 0.5 0.01)
(4.25 0.5 0.01)
(4.3 0.5 0.01)
(4.35 0.5 0.01)
(4.4 0.5 0.01)
(4.45 0.5 0.01)
(4.5 0.5 0.01)
(4.55 0.5 0.01)
(4.6 0.5 0.01)
(4.65 0.5 0.01)
(4.7 0.5 0.01)
(4.75 0.5 0.01)
(4.8 0.5 0.01)
(4.85 0.5 0.01)
(4.9 0.5 0.01)
(4.95 0.5 0.01)
(5 0.5 0.01)
(5.05 0.5 0.01)
(5.1 0.5 0.01)
(5.15 0.5 0.01)
(5.2 0.5 0.01)
(5.25 0.5 0.01)
(5.3 0.5 0.01)
(5.35 0.5 0.01)
(5.4 0.5 0.01)
(5.45 0.5 0.01)
(5.5 0.5 0.01)
(5.55 0.5 0.01)
(5.6 0.5 0.01)
(5.65 0.5 0.01)
(5.7 0.5 0.01)
(5.75 0.5 0.01)
(5.8 0.5 0.01)
(5.85 0.5 0.01)
(5.9 0.5 0.01)
(5.95 0.5 0.01)
(6 0.5 0.01)
(6.05 0.5 0.01)
(6.1 0.5 0.01)
(6.15 0.5 0.01)
(6.2 0.5 0.01)
(6.25 0.5 0.01)
(6.3 0.5 0.01)
(6.35 0.5 0.01)
(6.4 0.5 0.01)
(6.45 0.5 0.01)
(6.5 0.5 0.01)
(6.55 0.5 0.01)
(6.6 0.5 0.01)
(6.65 0.5 0.01)
(6.7 0.5 0.01)
(6.75 0.5 0.01)
(6.8 0.5 0.01)
(6.85 0.5 0.01)
(6.9 0.5 0.01)
(6.95 0.5 0.01)
(7 0.5 0.01)
(7.05 0.5 0.01)
(7.1 0.5 0.01)
(7.15 0.5 0.01)
(7.2 0.5 0.01)
(7.25 0.5 0.01)
(7.3 0.5 0.01)
(7.35 0.5 0.01)
(7.4 0.5 0.01)
(7.45 0.5 0.01)
(7.5 0.5 0.01)
(7.55 0.5 0.01)
(7.6 0.5 0.01)
(7.65 0.5 0.01)
(7.7 0.5 0.01)
(7.75 0.5 0.01)
(7.8 0.5 0.01)
(7.85 0.5 0.01)
(7.9 0.5 0.01)
(7.95 0.5 0.01)
(8 0.5 0.01)
(8.05 0.5 0.01)
(8.1 0.5 0.01)
(8.15 0.5 0.01)
(8.2 0.5 0.01)
(8.25 0.5 0.01)
(8.3 0.5 0.01)
(8.35 0.5 0.01)
(8.4 0.5 0.01)
(8.45 0.5 0.01)
(8.5 0.5 0.01)
(8.55 0.5 0.01)
(8.6 0.5 0.01)
(8.65 0.5 0.01)
(8.7 0.5 0.01)
(8.75 0.5 0.01)
(8.8 0.5 0.01)
(8.85 0.5 0.01)
(8.9 0.5 0.01)
(8.95 0.5 0.01)
(9 0.5 0.01)
(9.05 0.5 0.01)
(9.1 0.5 0.01)
(9.15 0.5 0.01)
(9.2 0.5 0.01)
(9.25 0.5 0.01)
(9.3 0.5 0.01)
(9.35 0.5 0.01)
(9.4 0.5 0.01)
(9.45 0.5 0.01)
(9.5 0.5 0.01)
(9.55 0.5 0.01)
(9.6 0.5 0.01)
(9.65 0.5 0.01)
(9.7 0.5 0.01)
(9.75 0.5 0.01)
(9.8 0.5 0.01)
(9.85 0.5 0.01)
(9.9 0.5 0.01)
(9.95 0.5 0.01)
(10 0.5 0.01)
(0 0.55 0.01)
(0.05 0.55 0.01)
(0.1 0.55 0.01)
(0.15 0.55 0.01)
(0.2 0.55 0.01)
(0.25 0.55 0.01)
(0.3 0.55 0.01)
(0.35 0.55 0.01)
(0.4 0.55 0.01)
(0.45 0.55 0.01)
(0.5 0.55 0.01)
(0.55 0.55 0.01)
(0.6 0.55 0.01)
(0.65 0.55 0.01)
(0.7 0.55 0.01)
(0.75 0.55 0.01)
(0.8 0.55 0.01)
(0.85 0.55 0.01)
(0.9 0.55 0.01)
(0.95 0.55 0.01)
(1 0.55 0.01)
(1.05 0.55 0.01)
(1.1 0.55 0.01)
(1.15 0.55 0.01)
(1.2 0.55 0.01)
(1.25 0.55 0.01)
(1.3 0.55 0.01)
(1.35 0.55 0.01)
(1.4 0.55 0.01)
(1.45 0.55 0.01)
(1.5 0.55 0.01)
(1.55 0.55 0.01)
(1.6 0.55 0.01)
(1.65 0.55 0.01)
(1.7 0.55 0.01)
(1.75 0.55 0.01)
(1.8 0.55 0.01)
(1.85 0.55 0.01)
(1.9 0.55 0.01)
(1.95 0.55 0.01)
(2 0.55 0.01)
(2.05 0.55 0.01)
(2.1 0.55 0.01)
(2.15 0.55 0.01)
(2.2 0.55 0.01)
(2.25 0.55 0.01)
(2.3 0.55 0.01)
(2.35 0.55 0.01)
(2.4 0.55 0.01)
(2.45 0.55 0.01)
(2.5 0.55 0.01)
(2.55 0.55 0.01)
(2.6 0.55 0.01)
(2.65 0.55 0.01)
(2.7 0.55 0.01)
(2.75 0.55 0.01)
(2.8 0.55 0.01)
(2.85 0.55 0.01)
(2.9 0.55 0.01)
(2.95 0.55 0.01)
(3 0.55 0.01)
(3.05 0.55 0.01)
(3.1 0.55 0.01)
(3.15 0.55 0.01)
(3.2 0.55 0.01)
(3.25 0.55 0.01)
(3.3 0.55 0.01)
(3.35 0.55 0.01)
(3.4 0.55 0.01)
(3.45 0.55 0.01)
(3.5 0.55 0.01)
(3.55 0.55 0.01)
(3.6 0.55 0.01)
(3.65 0.55 0.01)
(3.7 0.55 0.01)
(3.75 0.55 0.01)
(3.8 0.55 0.01)
(3.85 0.55 0.01)
(3.9 0.55 0.01)
(3.95 0.55 0.01)
(4 0.55 0.01)
(4.05 0.55 0.01)
(4.1 0.55 0.01)
(4.15 0.55 0.01)
(4.2 0.55 0.01)
(4.25 0.55 0.01)
(4.3 0.55 0.01)
(4.35 0.55 0.01)
(4.4 0.55 0.01)
(4.45 0.55 0.01)
(4.5 0.55 0.01)
(4.55 0.55 0.01)
(4.6 0.55 0.01)
(4.65 0.55 0.01)
(4.7 0.55 0.01)
(4.75 0.55 0.01)
(4.8 0.55 0.01)
(4.85 0.55 0.01)
(4.9 0.55 0.01)
(4.95 0.55 0.01)
(5 0.55 0.01)
(5.05 0.55 0.01)
(5.1 0.55 0.01)
(5.15 0.55 0.01)
(5.2 0.55 0.01)
(5.25 0.55 0.01)
(5.3 0.55 0.01)
(5.35 0.55 0.01)
(5.4 0.55 0.01)
(5.45 0.55 0.01)
(5.5 0.55 0.01)
(5.55 0.55 0.01)
(5.6 0.55 0.01)
(5.65 0.55 0.01)
(5.7 0.55 0.01)
(5.75 0.55 0.01)
(5.8 0.55 0.01)
(5.85 0.55 0.01)
(5.9 0.55 0.01)
(5.95 0.55 0.01)
(6 0.55 0.01)
(6.05 0.55 0.01)
(6.1 0.55 0.01)
(6.15 0.55 0.01)
(6.2 0.55 0.01)
(6.25 0.55 0.01)
(6.3 0.55 0.01)
(6.35 0.55 0.01)
(6.4 0.55 0.01)
(6.45 0.55 0.01)
(6.5 0.55 0.01)
(6.55 0.55 0.01)
(6.6 0.55 0.01)
(6.65 0.55 0.01)
(6.7 0.55 0.01)
(6.75 0.55 0.01)
(6.8 0.55 0.01)
(6.85 0.55 0.01)
(6.9 0.55 0.01)
(6.95 0.55 0.01)
(7 0.55 0.01)
(7.05 0.55 0.01)
(7.1 0.55 0.01)
(7.15 0.55 0.01)
(7.2 0.55 0.01)
(7.25 0.55 0.01)
(7.3 0.55 0.01)
(7.35 0.55 0.01)
(7.4 0.55 0.01)
(7.45 0.55 0.01)
(7.5 0.55 0.01)
(7.55 0.55 0.01)
(7.6 0.55 0.01)
(7.65 0.55 0.01)
(7.7 0.55 0.01)
(7.75 0.55 0.01)
(7.8 0.55 0.01)
(7.85 0.55 0.01)
(7.9 0.55 0.01)
(7.95 0.55 0.01)
(8 0.55 0.01)
(8.05 0.55 0.01)
(8.1 0.55 0.01)
(8.15 0.55 0.01)
(8.2 0.55 0.01)
(8.25 0.55 0.01)
(8.3 0.55 0.01)
(8.35 0.55 0.01)
(8.4 0.55 0.01)
(8.45 0.55 0.01)
(8.5 0.55 0.01)
(8.55 0.55 0.01)
(8.6 0.55 0.01)
(8.65 0.55 0.01)
(8.7 0.55 0.01)
(8.75 0.55 0.01)
(8.8 0.55 0.01)
(8.85 0.55 0.01)
(8.9 0.55 0.01)
(8.95 0.55 0.01)
(9 0.55 0.01)
(9.05 0.55 0.01)
(9.1 0.55 0.01)
(9.15 0.55 0.01)
(9.2 0.55 0.01)
(9.25 0.55 0.01)
(9.3 0.55 0.01)
(9.35 0.55 0.01)
(9.4 0.55 0.01)
(9.45 0.55 0.01)
(9.5 0.55 0.01)
(9.55 0.55 0.01)
(9.6 0.55 0.01)
(9.65 0.55 0.01)
(9.7 0.55 0.01)
(9.75 0.55 0.01)
(9.8 0.55 0.01)
(9.85 0.55 0.01)
(9.9 0.55 0.01)
(9.95 0.55 0.01)
(10 0.55 0.01)
(0 0.6 0.01)
(0.05 0.6 0.01)
(0.1 0.6 0.01)
(0.15 0.6 0.01)
(0.2 0.6 0.01)
(0.25 0.6 0.01)
(0.3 0.6 0.01)
(0.35 0.6 0.01)
(0.4 0.6 0.01)
(0.45 0.6 0.01)
(0.5 0.6 0.01)
(0.55 0.6 0.01)
(0.6 0.6 0.01)
(0.65 0.6 0.01)
(0.7 0.6 0.01)
(0.75 0.6 0.01)
(0.8 0.6 0.01)
(0.85 0.6 0.01)
(0.9 0.6 0.01)
(0.95 0.6 0.01)
(1 0.6 0.01)
(1.05 0.6 0.01)
(1.1 0.6 0.01)
(1.15 0.6 0.01)
(1.2 0.6 0.01)
(1.25 0.6 0.01)
(1.3 0.6 0.01)
(1.35 0.6 0.01)
(1.4 0.6 0.01)
(1.45 0.6 0.01)
(1.5 0.6 0.01)
(1.55 0.6 0.01)
(1.6 0.6 0.01)
(1.65 0.6 0.01)
(1.7 0.6 0.01)
(1.75 0.6 0.01)
(1.8 0.6 0.01)
(1.85 0.6 0.01)
(1.9 0.6 0.01)
(1.95 0.6 0.01)
(2 0.6 0.01)
(2.05 0.6 0.01)
(2.1 0.6 0.01)
(2.15 0.6 0.01)
(2.2 0.6 0.01)
(2.25 0.6 0.01)
(2.3 0.6 0.01)
(2.35 0.6 0.01)
(2.4 0.6 0.01)
(2.45 0.6 0.01)
(2.5 0.6 0.01)
(2.55 0.6 0.01)
(2.6 0.6 0.01)
(2.65 0.6 0.01)
(2.7 0.6 0.01)
(2.75 0.6 0.01)
(2.8 0.6 0.01)
(2.85 0.6 0.01)
(2.9 0.6 0.01)
(2.95 0.6 0.01)
(3 0.6 0.01)
(3.05 0.6 0.01)
(3.1 0.6 0.01)
(3.15 0.6 0.01)
(3.2 0.6 0.01)
(3.25 0.6 0.01)
(3.3 0.6 0.01)
(3.35 0.6 0.01)
(3.4 0.6 0.01)
(3.45 0.6 0.01)
(3.5 0.6 0.01)
(3.55 0.6 0.01)
(3.6 0.6 0.01)
(3.65 0.6 0.01)
(3.7 0.6 0.01)
(3.75 0.6 0.01)
(3.8 0.6 0.01)
(3.85 0.6 0.01)
(3.9 0.6 0.01)
(3.95 0.6 0.01)
(4 0.6 0.01)
(4.05 0.6 0.01)
(4.1 0.6 0.01)
(4.15 0.6 0.01)
(4.2 0.6 0.01)
(4.25 0.6 0.01)
(4.3 0.6 0.01)
(4.35 0.6 0.01)
(4.4 0.6 0.01)
(4.45 0.6 0.01)
(4.5 0.6 0.01)
(4.55 0.6 0.01)
(4.6 0.6 0.01)
(4.65 0.6 0.01)
(4.7 0.6 0.01)
(4.75 0.6 0.01)
(4.8 0.6 0.01)
(4.85 0.6 0.01)
(4.9 0.6 0.01)
(4.95 0.6 0.01)
(5 0.6 0.01)
(5.05 0.6 0.01)
(5.1 0.6 0.01)
(5.15 0.6 0.01)
(5.2 0.6 0.01)
(5.25 0.6 0.01)
(5.3 0.6 0.01)
(5.35 0.6 0.01)
(5.4 0.6 0.01)
(5.45 0.6 0.01)
(5.5 0.6 0.01)
(5.55 0.6 0.01)
(5.6 0.6 0.01)
(5.65 0.6 0.01)
(5.7 0.6 0.01)
(5.75 0.6 0.01)
(5.8 0.6 0.01)
(5.85 0.6 0.01)
(5.9 0.6 0.01)
(5.95 0.6 0.01)
(6 0.6 0.01)
(6.05 0.6 0.01)
(6.1 0.6 0.01)
(6.15 0.6 0.01)
(6.2 0.6 0.01)
(6.25 0.6 0.01)
(6.3 0.6 0.01)
(6.35 0.6 0.01)
(6.4 0.6 0.01)
(6.45 0.6 0.01)
(6.5 0.6 0.01)
(6.55 0.6 0.01)
(6.6 0.6 0.01)
(6.65 0.6 0.01)
(6.7 0.6 0.01)
(6.75 0.6 0.01)
(6.8 0.6 0.01)
(6.85 0.6 0.01)
(6.9 0.6 0.01)
(6.95 0.6 0.01)
(7 0.6 0.01)
(7.05 0.6 0.01)
(7.1 0.6 0.01)
(7.15 0.6 0.01)
(7.2 0.6 0.01)
(7.25 0.6 0.01)
(7.3 0.6 0.01)
(7.35 0.6 0.01)
(7.4 0.6 0.01)
(7.45 0.6 0.01)
(7.5 0.6 0.01)
(7.55 0.6 0.01)
(7.6 0.6 0.01)
(7.65 0.6 0.01)
(7.7 0.6 0.01)
(7.75 0.6 0.01)
(7.8 0.6 0.01)
(7.85 0.6 0.01)
(7.9 0.6 0.01)
(7.95 0.6 0.01)
(8 0.6 0.01)
(8.05 0.6 0.01)
(8.1 0.6 0.01)
(8.15 0.6 0.01)
(8.2 0.6 0.01)
(8.25 0.6 0.01)
(8.3 0.6 0.01)
(8.35 0.6 0.01)
(8.4 0.6 0.01)
(8.45 0.6 0.01)
(8.5 0.6 0.01)
(8.55 0.6 0.01)
(8.6 0.6 0.01)
(8.65 0.6 0.01)
(8.7 0.6 0.01)
(8.75 0.6 0.01)
(8.8 0.6 0.01)
(8.85 0.6 0.01)
(8.9 0.6 0.01)
(8.95 0.6 0.01)
(9 0.6 0.01)
(9.05 0.6 0.01)
(9.1 0.6 0.01)
(9.15 0.6 0.01)
(9.2 0.6 0.01)
(9.25 0.6 0.01)
(9.3 0.6 0.01)
(9.35 0.6 0.01)
(9.4 0.6 0.01)
(9.45 0.6 0.01)
(9.5 0.6 0.01)
(9.55 0.6 0.01)
(9.6 0.6 0.01)
(9.65 0.6 0.01)
(9.7 0.6 0.01)
(9.75 0.6 0.01)
(9.8 0.6 0.01)
(9.85 0.6 0.01)
(9.9 0.6 0.01)
(9.95 0.6 0.01)
(10 0.6 0.01)
(0 0.65 0.01)
(0.05 0.65 0.01)
(0.1 0.65 0.01)
(0.15 0.65 0.01)
(0.2 0.65 0.01)
(0.25 0.65 0.01)
(0.3 0.65 0.01)
(0.35 0.65 0.01)
(0.4 0.65 0.01)
(0.45 0.65 0.01)
(0.5 0.65 0.01)
(0.55 0.65 0.01)
(0.6 0.65 0.01)
(0.65 0.65 0.01)
(0.7 0.65 0.01)
(0.75 0.65 0.01)
(0.8 0.65 0.01)
(0.85 0.65 0.01)
(0.9 0.65 0.01)
(0.95 0.65 0.01)
(1 0.65 0.01)
(1.05 0.65 0.01)
(1.1 0.65 0.01)
(1.15 0.65 0.01)
(1.2 0.65 0.01)
(1.25 0.65 0.01)
(1.3 0.65 0.01)
(1.35 0.65 0.01)
(1.4 0.65 0.01)
(1.45 0.65 0.01)
(1.5 0.65 0.01)
(1.55 0.65 0.01)
(1.6 0.65 0.01)
(1.65 0.65 0.01)
(1.7 0.65 0.01)
(1.75 0.65 0.01)
(1.8 0.65 0.01)
(1.85 0.65 0.01)
(1.9 0.65 0.01)
(1.95 0.65 0.01)
(2 0.65 0.01)
(2.05 0.65 0.01)
(2.1 0.65 0.01)
(2.15 0.65 0.01)
(2.2 0.65 0.01)
(2.25 0.65 0.01)
(2.3 0.65 0.01)
(2.35 0.65 0.01)
(2.4 0.65 0.01)
(2.45 0.65 0.01)
(2.5 0.65 0.01)
(2.55 0.65 0.01)
(2.6 0.65 0.01)
(2.65 0.65 0.01)
(2.7 0.65 0.01)
(2.75 0.65 0.01)
(2.8 0.65 0.01)
(2.85 0.65 0.01)
(2.9 0.65 0.01)
(2.95 0.65 0.01)
(3 0.65 0.01)
(3.05 0.65 0.01)
(3.1 0.65 0.01)
(3.15 0.65 0.01)
(3.2 0.65 0.01)
(3.25 0.65 0.01)
(3.3 0.65 0.01)
(3.35 0.65 0.01)
(3.4 0.65 0.01)
(3.45 0.65 0.01)
(3.5 0.65 0.01)
(3.55 0.65 0.01)
(3.6 0.65 0.01)
(3.65 0.65 0.01)
(3.7 0.65 0.01)
(3.75 0.65 0.01)
(3.8 0.65 0.01)
(3.85 0.65 0.01)
(3.9 0.65 0.01)
(3.95 0.65 0.01)
(4 0.65 0.01)
(4.05 0.65 0.01)
(4.1 0.65 0.01)
(4.15 0.65 0.01)
(4.2 0.65 0.01)
(4.25 0.65 0.01)
(4.3 0.65 0.01)
(4.35 0.65 0.01)
(4.4 0.65 0.01)
(4.45 0.65 0.01)
(4.5 0.65 0.01)
(4.55 0.65 0.01)
(4.6 0.65 0.01)
(4.65 0.65 0.01)
(4.7 0.65 0.01)
(4.75 0.65 0.01)
(4.8 0.65 0.01)
(4.85 0.65 0.01)
(4.9 0.65 0.01)
(4.95 0.65 0.01)
(5 0.65 0.01)
(5.05 0.65 0.01)
(5.1 0.65 0.01)
(5.15 0.65 0.01)
(5.2 0.65 0.01)
(5.25 0.65 0.01)
(5.3 0.65 0.01)
(5.35 0.65 0.01)
(5.4 0.65 0.01)
(5.45 0.65 0.01)
(5.5 0.65 0.01)
(5.55 0.65 0.01)
(5.6 0.65 0.01)
(5.65 0.65 0.01)
(5.7 0.65 0.01)
(5.75 0.65 0.01)
(5.8 0.65 0.01)
(5.85 0.65 0.01)
(5.9 0.65 0.01)
(5.95 0.65 0.01)
(6 0.65 0.01)
(6.05 0.65 0.01)
(6.1 0.65 0.01)
(6.15 0.65 0.01)
(6.2 0.65 0.01)
(6.25 0.65 0.01)
(6.3 0.65 0.01)
(6.35 0.65 0.01)
(6.4 0.65 0.01)
(6.45 0.65 0.01)
(6.5 0.65 0.01)
(6.55 0.65 0.01)
(6.6 0.65 0.01)
(6.65 0.65 0.01)
(6.7 0.65 0.01)
(6.75 0.65 0.01)
(6.8 0.65 0.01)
(6.85 0.65 0.01)
(6.9 0.65 0.01)
(6.95 0.65 0.01)
(7 0.65 0.01)
(7.05 0.65 0.01)
(7.1 0.65 0.01)
(7.15 0.65 0.01)
(7.2 0.65 0.01)
(7.25 0.65 0.01)
(7.3 0.65 0.01)
(7.35 0.65 0.01)
(7.4 0.65 0.01)
(7.45 0.65 0.01)
(7.5 0.65 0.01)
(7.55 0.65 0.01)
(7.6 0.65 0.01)
(7.65 0.65 0.01)
(7.7 0.65 0.01)
(7.75 0.65 0.01)
(7.8 0.65 0.01)
(7.85 0.65 0.01)
(7.9 0.65 0.01)
(7.95 0.65 0.01)
(8 0.65 0.01)
(8.05 0.65 0.01)
(8.1 0.65 0.01)
(8.15 0.65 0.01)
(8.2 0.65 0.01)
(8.25 0.65 0.01)
(8.3 0.65 0.01)
(8.35 0.65 0.01)
(8.4 0.65 0.01)
(8.45 0.65 0.01)
(8.5 0.65 0.01)
(8.55 0.65 0.01)
(8.6 0.65 0.01)
(8.65 0.65 0.01)
(8.7 0.65 0.01)
(8.75 0.65 0.01)
(8.8 0.65 0.01)
(8.85 0.65 0.01)
(8.9 0.65 0.01)
(8.95 0.65 0.01)
(9 0.65 0.01)
(9.05 0.65 0.01)
(9.1 0.65 0.01)
(9.15 0.65 0.01)
(9.2 0.65 0.01)
(9.25 0.65 0.01)
(9.3 0.65 0.01)
(9.35 0.65 0.01)
(9.4 0.65 0.01)
(9.45 0.65 0.01)
(9.5 0.65 0.01)
(9.55 0.65 0.01)
(9.6 0.65 0.01)
(9.65 0.65 0.01)
(9.7 0.65 0.01)
(9.75 0.65 0.01)
(9.8 0.65 0.01)
(9.85 0.65 0.01)
(9.9 0.65 0.01)
(9.95 0.65 0.01)
(10 0.65 0.01)
(0 0.7 0.01)
(0.05 0.7 0.01)
(0.1 0.7 0.01)
(0.15 0.7 0.01)
(0.2 0.7 0.01)
(0.25 0.7 0.01)
(0.3 0.7 0.01)
(0.35 0.7 0.01)
(0.4 0.7 0.01)
(0.45 0.7 0.01)
(0.5 0.7 0.01)
(0.55 0.7 0.01)
(0.6 0.7 0.01)
(0.65 0.7 0.01)
(0.7 0.7 0.01)
(0.75 0.7 0.01)
(0.8 0.7 0.01)
(0.85 0.7 0.01)
(0.9 0.7 0.01)
(0.95 0.7 0.01)
(1 0.7 0.01)
(1.05 0.7 0.01)
(1.1 0.7 0.01)
(1.15 0.7 0.01)
(1.2 0.7 0.01)
(1.25 0.7 0.01)
(1.3 0.7 0.01)
(1.35 0.7 0.01)
(1.4 0.7 0.01)
(1.45 0.7 0.01)
(1.5 0.7 0.01)
(1.55 0.7 0.01)
(1.6 0.7 0.01)
(1.65 0.7 0.01)
(1.7 0.7 0.01)
(1.75 0.7 0.01)
(1.8 0.7 0.01)
(1.85 0.7 0.01)
(1.9 0.7 0.01)
(1.95 0.7 0.01)
(2 0.7 0.01)
(2.05 0.7 0.01)
(2.1 0.7 0.01)
(2.15 0.7 0.01)
(2.2 0.7 0.01)
(2.25 0.7 0.01)
(2.3 0.7 0.01)
(2.35 0.7 0.01)
(2.4 0.7 0.01)
(2.45 0.7 0.01)
(2.5 0.7 0.01)
(2.55 0.7 0.01)
(2.6 0.7 0.01)
(2.65 0.7 0.01)
(2.7 0.7 0.01)
(2.75 0.7 0.01)
(2.8 0.7 0.01)
(2.85 0.7 0.01)
(2.9 0.7 0.01)
(2.95 0.7 0.01)
(3 0.7 0.01)
(3.05 0.7 0.01)
(3.1 0.7 0.01)
(3.15 0.7 0.01)
(3.2 0.7 0.01)
(3.25 0.7 0.01)
(3.3 0.7 0.01)
(3.35 0.7 0.01)
(3.4 0.7 0.01)
(3.45 0.7 0.01)
(3.5 0.7 0.01)
(3.55 0.7 0.01)
(3.6 0.7 0.01)
(3.65 0.7 0.01)
(3.7 0.7 0.01)
(3.75 0.7 0.01)
(3.8 0.7 0.01)
(3.85 0.7 0.01)
(3.9 0.7 0.01)
(3.95 0.7 0.01)
(4 0.7 0.01)
(4.05 0.7 0.01)
(4.1 0.7 0.01)
(4.15 0.7 0.01)
(4.2 0.7 0.01)
(4.25 0.7 0.01)
(4.3 0.7 0.01)
(4.35 0.7 0.01)
(4.4 0.7 0.01)
(4.45 0.7 0.01)
(4.5 0.7 0.01)
(4.55 0.7 0.01)
(4.6 0.7 0.01)
(4.65 0.7 0.01)
(4.7 0.7 0.01)
(4.75 0.7 0.01)
(4.8 0.7 0.01)
(4.85 0.7 0.01)
(4.9 0.7 0.01)
(4.95 0.7 0.01)
(5 0.7 0.01)
(5.05 0.7 0.01)
(5.1 0.7 0.01)
(5.15 0.7 0.01)
(5.2 0.7 0.01)
(5.25 0.7 0.01)
(5.3 0.7 0.01)
(5.35 0.7 0.01)
(5.4 0.7 0.01)
(5.45 0.7 0.01)
(5.5 0.7 0.01)
(5.55 0.7 0.01)
(5.6 0.7 0.01)
(5.65 0.7 0.01)
(5.7 0.7 0.01)
(5.75 0.7 0.01)
(5.8 0.7 0.01)
(5.85 0.7 0.01)
(5.9 0.7 0.01)
(5.95 0.7 0.01)
(6 0.7 0.01)
(6.05 0.7 0.01)
(6.1 0.7 0.01)
(6.15 0.7 0.01)
(6.2 0.7 0.01)
(6.25 0.7 0.01)
(6.3 0.7 0.01)
(6.35 0.7 0.01)
(6.4 0.7 0.01)
(6.45 0.7 0.01)
(6.5 0.7 0.01)
(6.55 0.7 0.01)
(6.6 0.7 0.01)
(6.65 0.7 0.01)
(6.7 0.7 0.01)
(6.75 0.7 0.01)
(6.8 0.7 0.01)
(6.85 0.7 0.01)
(6.9 0.7 0.01)
(6.95 0.7 0.01)
(7 0.7 0.01)
(7.05 0.7 0.01)
(7.1 0.7 0.01)
(7.15 0.7 0.01)
(7.2 0.7 0.01)
(7.25 0.7 0.01)
(7.3 0.7 0.01)
(7.35 0.7 0.01)
(7.4 0.7 0.01)
(7.45 0.7 0.01)
(7.5 0.7 0.01)
(7.55 0.7 0.01)
(7.6 0.7 0.01)
(7.65 0.7 0.01)
(7.7 0.7 0.01)
(7.75 0.7 0.01)
(7.8 0.7 0.01)
(7.85 0.7 0.01)
(7.9 0.7 0.01)
(7.95 0.7 0.01)
(8 0.7 0.01)
(8.05 0.7 0.01)
(8.1 0.7 0.01)
(8.15 0.7 0.01)
(8.2 0.7 0.01)
(8.25 0.7 0.01)
(8.3 0.7 0.01)
(8.35 0.7 0.01)
(8.4 0.7 0.01)
(8.45 0.7 0.01)
(8.5 0.7 0.01)
(8.55 0.7 0.01)
(8.6 0.7 0.01)
(8.65 0.7 0.01)
(8.7 0.7 0.01)
(8.75 0.7 0.01)
(8.8 0.7 0.01)
(8.85 0.7 0.01)
(8.9 0.7 0.01)
(8.95 0.7 0.01)
(9 0.7 0.01)
(9.05 0.7 0.01)
(9.1 0.7 0.01)
(9.15 0.7 0.01)
(9.2 0.7 0.01)
(9.25 0.7 0.01)
(9.3 0.7 0.01)
(9.35 0.7 0.01)
(9.4 0.7 0.01)
(9.45 0.7 0.01)
(9.5 0.7 0.01)
(9.55 0.7 0.01)
(9.6 0.7 0.01)
(9.65 0.7 0.01)
(9.7 0.7 0.01)
(9.75 0.7 0.01)
(9.8 0.7 0.01)
(9.85 0.7 0.01)
(9.9 0.7 0.01)
(9.95 0.7 0.01)
(10 0.7 0.01)
(0 0.75 0.01)
(0.05 0.75 0.01)
(0.1 0.75 0.01)
(0.15 0.75 0.01)
(0.2 0.75 0.01)
(0.25 0.75 0.01)
(0.3 0.75 0.01)
(0.35 0.75 0.01)
(0.4 0.75 0.01)
(0.45 0.75 0.01)
(0.5 0.75 0.01)
(0.55 0.75 0.01)
(0.6 0.75 0.01)
(0.65 0.75 0.01)
(0.7 0.75 0.01)
(0.75 0.75 0.01)
(0.8 0.75 0.01)
(0.85 0.75 0.01)
(0.9 0.75 0.01)
(0.95 0.75 0.01)
(1 0.75 0.01)
(1.05 0.75 0.01)
(1.1 0.75 0.01)
(1.15 0.75 0.01)
(1.2 0.75 0.01)
(1.25 0.75 0.01)
(1.3 0.75 0.01)
(1.35 0.75 0.01)
(1.4 0.75 0.01)
(1.45 0.75 0.01)
(1.5 0.75 0.01)
(1.55 0.75 0.01)
(1.6 0.75 0.01)
(1.65 0.75 0.01)
(1.7 0.75 0.01)
(1.75 0.75 0.01)
(1.8 0.75 0.01)
(1.85 0.75 0.01)
(1.9 0.75 0.01)
(1.95 0.75 0.01)
(2 0.75 0.01)
(2.05 0.75 0.01)
(2.1 0.75 0.01)
(2.15 0.75 0.01)
(2.2 0.75 0.01)
(2.25 0.75 0.01)
(2.3 0.75 0.01)
(2.35 0.75 0.01)
(2.4 0.75 0.01)
(2.45 0.75 0.01)
(2.5 0.75 0.01)
(2.55 0.75 0.01)
(2.6 0.75 0.01)
(2.65 0.75 0.01)
(2.7 0.75 0.01)
(2.75 0.75 0.01)
(2.8 0.75 0.01)
(2.85 0.75 0.01)
(2.9 0.75 0.01)
(2.95 0.75 0.01)
(3 0.75 0.01)
(3.05 0.75 0.01)
(3.1 0.75 0.01)
(3.15 0.75 0.01)
(3.2 0.75 0.01)
(3.25 0.75 0.01)
(3.3 0.75 0.01)
(3.35 0.75 0.01)
(3.4 0.75 0.01)
(3.45 0.75 0.01)
(3.5 0.75 0.01)
(3.55 0.75 0.01)
(3.6 0.75 0.01)
(3.65 0.75 0.01)
(3.7 0.75 0.01)
(3.75 0.75 0.01)
(3.8 0.75 0.01)
(3.85 0.75 0.01)
(3.9 0.75 0.01)
(3.95 0.75 0.01)
(4 0.75 0.01)
(4.05 0.75 0.01)
(4.1 0.75 0.01)
(4.15 0.75 0.01)
(4.2 0.75 0.01)
(4.25 0.75 0.01)
(4.3 0.75 0.01)
(4.35 0.75 0.01)
(4.4 0.75 0.01)
(4.45 0.75 0.01)
(4.5 0.75 0.01)
(4.55 0.75 0.01)
(4.6 0.75 0.01)
(4.65 0.75 0.01)
(4.7 0.75 0.01)
(4.75 0.75 0.01)
(4.8 0.75 0.01)
(4.85 0.75 0.01)
(4.9 0.75 0.01)
(4.95 0.75 0.01)
(5 0.75 0.01)
(5.05 0.75 0.01)
(5.1 0.75 0.01)
(5.15 0.75 0.01)
(5.2 0.75 0.01)
(5.25 0.75 0.01)
(5.3 0.75 0.01)
(5.35 0.75 0.01)
(5.4 0.75 0.01)
(5.45 0.75 0.01)
(5.5 0.75 0.01)
(5.55 0.75 0.01)
(5.6 0.75 0.01)
(5.65 0.75 0.01)
(5.7 0.75 0.01)
(5.75 0.75 0.01)
(5.8 0.75 0.01)
(5.85 0.75 0.01)
(5.9 0.75 0.01)
(5.95 0.75 0.01)
(6 0.75 0.01)
(6.05 0.75 0.01)
(6.1 0.75 0.01)
(6.15 0.75 0.01)
(6.2 0.75 0.01)
(6.25 0.75 0.01)
(6.3 0.75 0.01)
(6.35 0.75 0.01)
(6.4 0.75 0.01)
(6.45 0.75 0.01)
(6.5 0.75 0.01)
(6.55 0.75 0.01)
(6.6 0.75 0.01)
(6.65 0.75 0.01)
(6.7 0.75 0.01)
(6.75 0.75 0.01)
(6.8 0.75 0.01)
(6.85 0.75 0.01)
(6.9 0.75 0.01)
(6.95 0.75 0.01)
(7 0.75 0.01)
(7.05 0.75 0.01)
(7.1 0.75 0.01)
(7.15 0.75 0.01)
(7.2 0.75 0.01)
(7.25 0.75 0.01)
(7.3 0.75 0.01)
(7.35 0.75 0.01)
(7.4 0.75 0.01)
(7.45 0.75 0.01)
(7.5 0.75 0.01)
(7.55 0.75 0.01)
(7.6 0.75 0.01)
(7.65 0.75 0.01)
(7.7 0.75 0.01)
(7.75 0.75 0.01)
(7.8 0.75 0.01)
(7.85 0.75 0.01)
(7.9 0.75 0.01)
(7.95 0.75 0.01)
(8 0.75 0.01)
(8.05 0.75 0.01)
(8.1 0.75 0.01)
(8.15 0.75 0.01)
(8.2 0.75 0.01)
(8.25 0.75 0.01)
(8.3 0.75 0.01)
(8.35 0.75 0.01)
(8.4 0.75 0.01)
(8.45 0.75 0.01)
(8.5 0.75 0.01)
(8.55 0.75 0.01)
(8.6 0.75 0.01)
(8.65 0.75 0.01)
(8.7 0.75 0.01)
(8.75 0.75 0.01)
(8.8 0.75 0.01)
(8.85 0.75 0.01)
(8.9 0.75 0.01)
(8.95 0.75 0.01)
(9 0.75 0.01)
(9.05 0.75 0.01)
(9.1 0.75 0.01)
(9.15 0.75 0.01)
(9.2 0.75 0.01)
(9.25 0.75 0.01)
(9.3 0.75 0.01)
(9.35 0.75 0.01)
(9.4 0.75 0.01)
(9.45 0.75 0.01)
(9.5 0.75 0.01)
(9.55 0.75 0.01)
(9.6 0.75 0.01)
(9.65 0.75 0.01)
(9.7 0.75 0.01)
(9.75 0.75 0.01)
(9.8 0.75 0.01)
(9.85 0.75 0.01)
(9.9 0.75 0.01)
(9.95 0.75 0.01)
(10 0.75 0.01)
(0 0.8 0.01)
(0.05 0.8 0.01)
(0.1 0.8 0.01)
(0.15 0.8 0.01)
(0.2 0.8 0.01)
(0.25 0.8 0.01)
(0.3 0.8 0.01)
(0.35 0.8 0.01)
(0.4 0.8 0.01)
(0.45 0.8 0.01)
(0.5 0.8 0.01)
(0.55 0.8 0.01)
(0.6 0.8 0.01)
(0.65 0.8 0.01)
(0.7 0.8 0.01)
(0.75 0.8 0.01)
(0.8 0.8 0.01)
(0.85 0.8 0.01)
(0.9 0.8 0.01)
(0.95 0.8 0.01)
(1 0.8 0.01)
(1.05 0.8 0.01)
(1.1 0.8 0.01)
(1.15 0.8 0.01)
(1.2 0.8 0.01)
(1.25 0.8 0.01)
(1.3 0.8 0.01)
(1.35 0.8 0.01)
(1.4 0.8 0.01)
(1.45 0.8 0.01)
(1.5 0.8 0.01)
(1.55 0.8 0.01)
(1.6 0.8 0.01)
(1.65 0.8 0.01)
(1.7 0.8 0.01)
(1.75 0.8 0.01)
(1.8 0.8 0.01)
(1.85 0.8 0.01)
(1.9 0.8 0.01)
(1.95 0.8 0.01)
(2 0.8 0.01)
(2.05 0.8 0.01)
(2.1 0.8 0.01)
(2.15 0.8 0.01)
(2.2 0.8 0.01)
(2.25 0.8 0.01)
(2.3 0.8 0.01)
(2.35 0.8 0.01)
(2.4 0.8 0.01)
(2.45 0.8 0.01)
(2.5 0.8 0.01)
(2.55 0.8 0.01)
(2.6 0.8 0.01)
(2.65 0.8 0.01)
(2.7 0.8 0.01)
(2.75 0.8 0.01)
(2.8 0.8 0.01)
(2.85 0.8 0.01)
(2.9 0.8 0.01)
(2.95 0.8 0.01)
(3 0.8 0.01)
(3.05 0.8 0.01)
(3.1 0.8 0.01)
(3.15 0.8 0.01)
(3.2 0.8 0.01)
(3.25 0.8 0.01)
(3.3 0.8 0.01)
(3.35 0.8 0.01)
(3.4 0.8 0.01)
(3.45 0.8 0.01)
(3.5 0.8 0.01)
(3.55 0.8 0.01)
(3.6 0.8 0.01)
(3.65 0.8 0.01)
(3.7 0.8 0.01)
(3.75 0.8 0.01)
(3.8 0.8 0.01)
(3.85 0.8 0.01)
(3.9 0.8 0.01)
(3.95 0.8 0.01)
(4 0.8 0.01)
(4.05 0.8 0.01)
(4.1 0.8 0.01)
(4.15 0.8 0.01)
(4.2 0.8 0.01)
(4.25 0.8 0.01)
(4.3 0.8 0.01)
(4.35 0.8 0.01)
(4.4 0.8 0.01)
(4.45 0.8 0.01)
(4.5 0.8 0.01)
(4.55 0.8 0.01)
(4.6 0.8 0.01)
(4.65 0.8 0.01)
(4.7 0.8 0.01)
(4.75 0.8 0.01)
(4.8 0.8 0.01)
(4.85 0.8 0.01)
(4.9 0.8 0.01)
(4.95 0.8 0.01)
(5 0.8 0.01)
(5.05 0.8 0.01)
(5.1 0.8 0.01)
(5.15 0.8 0.01)
(5.2 0.8 0.01)
(5.25 0.8 0.01)
(5.3 0.8 0.01)
(5.35 0.8 0.01)
(5.4 0.8 0.01)
(5.45 0.8 0.01)
(5.5 0.8 0.01)
(5.55 0.8 0.01)
(5.6 0.8 0.01)
(5.65 0.8 0.01)
(5.7 0.8 0.01)
(5.75 0.8 0.01)
(5.8 0.8 0.01)
(5.85 0.8 0.01)
(5.9 0.8 0.01)
(5.95 0.8 0.01)
(6 0.8 0.01)
(6.05 0.8 0.01)
(6.1 0.8 0.01)
(6.15 0.8 0.01)
(6.2 0.8 0.01)
(6.25 0.8 0.01)
(6.3 0.8 0.01)
(6.35 0.8 0.01)
(6.4 0.8 0.01)
(6.45 0.8 0.01)
(6.5 0.8 0.01)
(6.55 0.8 0.01)
(6.6 0.8 0.01)
(6.65 0.8 0.01)
(6.7 0.8 0.01)
(6.75 0.8 0.01)
(6.8 0.8 0.01)
(6.85 0.8 0.01)
(6.9 0.8 0.01)
(6.95 0.8 0.01)
(7 0.8 0.01)
(7.05 0.8 0.01)
(7.1 0.8 0.01)
(7.15 0.8 0.01)
(7.2 0.8 0.01)
(7.25 0.8 0.01)
(7.3 0.8 0.01)
(7.35 0.8 0.01)
(7.4 0.8 0.01)
(7.45 0.8 0.01)
(7.5 0.8 0.01)
(7.55 0.8 0.01)
(7.6 0.8 0.01)
(7.65 0.8 0.01)
(7.7 0.8 0.01)
(7.75 0.8 0.01)
(7.8 0.8 0.01)
(7.85 0.8 0.01)
(7.9 0.8 0.01)
(7.95 0.8 0.01)
(8 0.8 0.01)
(8.05 0.8 0.01)
(8.1 0.8 0.01)
(8.15 0.8 0.01)
(8.2 0.8 0.01)
(8.25 0.8 0.01)
(8.3 0.8 0.01)
(8.35 0.8 0.01)
(8.4 0.8 0.01)
(8.45 0.8 0.01)
(8.5 0.8 0.01)
(8.55 0.8 0.01)
(8.6 0.8 0.01)
(8.65 0.8 0.01)
(8.7 0.8 0.01)
(8.75 0.8 0.01)
(8.8 0.8 0.01)
(8.85 0.8 0.01)
(8.9 0.8 0.01)
(8.95 0.8 0.01)
(9 0.8 0.01)
(9.05 0.8 0.01)
(9.1 0.8 0.01)
(9.15 0.8 0.01)
(9.2 0.8 0.01)
(9.25 0.8 0.01)
(9.3 0.8 0.01)
(9.35 0.8 0.01)
(9.4 0.8 0.01)
(9.45 0.8 0.01)
(9.5 0.8 0.01)
(9.55 0.8 0.01)
(9.6 0.8 0.01)
(9.65 0.8 0.01)
(9.7 0.8 0.01)
(9.75 0.8 0.01)
(9.8 0.8 0.01)
(9.85 0.8 0.01)
(9.9 0.8 0.01)
(9.95 0.8 0.01)
(10 0.8 0.01)
(0 0.85 0.01)
(0.05 0.85 0.01)
(0.1 0.85 0.01)
(0.15 0.85 0.01)
(0.2 0.85 0.01)
(0.25 0.85 0.01)
(0.3 0.85 0.01)
(0.35 0.85 0.01)
(0.4 0.85 0.01)
(0.45 0.85 0.01)
(0.5 0.85 0.01)
(0.55 0.85 0.01)
(0.6 0.85 0.01)
(0.65 0.85 0.01)
(0.7 0.85 0.01)
(0.75 0.85 0.01)
(0.8 0.85 0.01)
(0.85 0.85 0.01)
(0.9 0.85 0.01)
(0.95 0.85 0.01)
(1 0.85 0.01)
(1.05 0.85 0.01)
(1.1 0.85 0.01)
(1.15 0.85 0.01)
(1.2 0.85 0.01)
(1.25 0.85 0.01)
(1.3 0.85 0.01)
(1.35 0.85 0.01)
(1.4 0.85 0.01)
(1.45 0.85 0.01)
(1.5 0.85 0.01)
(1.55 0.85 0.01)
(1.6 0.85 0.01)
(1.65 0.85 0.01)
(1.7 0.85 0.01)
(1.75 0.85 0.01)
(1.8 0.85 0.01)
(1.85 0.85 0.01)
(1.9 0.85 0.01)
(1.95 0.85 0.01)
(2 0.85 0.01)
(2.05 0.85 0.01)
(2.1 0.85 0.01)
(2.15 0.85 0.01)
(2.2 0.85 0.01)
(2.25 0.85 0.01)
(2.3 0.85 0.01)
(2.35 0.85 0.01)
(2.4 0.85 0.01)
(2.45 0.85 0.01)
(2.5 0.85 0.01)
(2.55 0.85 0.01)
(2.6 0.85 0.01)
(2.65 0.85 0.01)
(2.7 0.85 0.01)
(2.75 0.85 0.01)
(2.8 0.85 0.01)
(2.85 0.85 0.01)
(2.9 0.85 0.01)
(2.95 0.85 0.01)
(3 0.85 0.01)
(3.05 0.85 0.01)
(3.1 0.85 0.01)
(3.15 0.85 0.01)
(3.2 0.85 0.01)
(3.25 0.85 0.01)
(3.3 0.85 0.01)
(3.35 0.85 0.01)
(3.4 0.85 0.01)
(3.45 0.85 0.01)
(3.5 0.85 0.01)
(3.55 0.85 0.01)
(3.6 0.85 0.01)
(3.65 0.85 0.01)
(3.7 0.85 0.01)
(3.75 0.85 0.01)
(3.8 0.85 0.01)
(3.85 0.85 0.01)
(3.9 0.85 0.01)
(3.95 0.85 0.01)
(4 0.85 0.01)
(4.05 0.85 0.01)
(4.1 0.85 0.01)
(4.15 0.85 0.01)
(4.2 0.85 0.01)
(4.25 0.85 0.01)
(4.3 0.85 0.01)
(4.35 0.85 0.01)
(4.4 0.85 0.01)
(4.45 0.85 0.01)
(4.5 0.85 0.01)
(4.55 0.85 0.01)
(4.6 0.85 0.01)
(4.65 0.85 0.01)
(4.7 0.85 0.01)
(4.75 0.85 0.01)
(4.8 0.85 0.01)
(4.85 0.85 0.01)
(4.9 0.85 0.01)
(4.95 0.85 0.01)
(5 0.85 0.01)
(5.05 0.85 0.01)
(5.1 0.85 0.01)
(5.15 0.85 0.01)
(5.2 0.85 0.01)
(5.25 0.85 0.01)
(5.3 0.85 0.01)
(5.35 0.85 0.01)
(5.4 0.85 0.01)
(5.45 0.85 0.01)
(5.5 0.85 0.01)
(5.55 0.85 0.01)
(5.6 0.85 0.01)
(5.65 0.85 0.01)
(5.7 0.85 0.01)
(5.75 0.85 0.01)
(5.8 0.85 0.01)
(5.85 0.85 0.01)
(5.9 0.85 0.01)
(5.95 0.85 0.01)
(6 0.85 0.01)
(6.05 0.85 0.01)
(6.1 0.85 0.01)
(6.15 0.85 0.01)
(6.2 0.85 0.01)
(6.25 0.85 0.01)
(6.3 0.85 0.01)
(6.35 0.85 0.01)
(6.4 0.85 0.01)
(6.45 0.85 0.01)
(6.5 0.85 0.01)
(6.55 0.85 0.01)
(6.6 0.85 0.01)
(6.65 0.85 0.01)
(6.7 0.85 0.01)
(6.75 0.85 0.01)
(6.8 0.85 0.01)
(6.85 0.85 0.01)
(6.9 0.85 0.01)
(6.95 0.85 0.01)
(7 0.85 0.01)
(7.05 0.85 0.01)
(7.1 0.85 0.01)
(7.15 0.85 0.01)
(7.2 0.85 0.01)
(7.25 0.85 0.01)
(7.3 0.85 0.01)
(7.35 0.85 0.01)
(7.4 0.85 0.01)
(7.45 0.85 0.01)
(7.5 0.85 0.01)
(7.55 0.85 0.01)
(7.6 0.85 0.01)
(7.65 0.85 0.01)
(7.7 0.85 0.01)
(7.75 0.85 0.01)
(7.8 0.85 0.01)
(7.85 0.85 0.01)
(7.9 0.85 0.01)
(7.95 0.85 0.01)
(8 0.85 0.01)
(8.05 0.85 0.01)
(8.1 0.85 0.01)
(8.15 0.85 0.01)
(8.2 0.85 0.01)
(8.25 0.85 0.01)
(8.3 0.85 0.01)
(8.35 0.85 0.01)
(8.4 0.85 0.01)
(8.45 0.85 0.01)
(8.5 0.85 0.01)
(8.55 0.85 0.01)
(8.6 0.85 0.01)
(8.65 0.85 0.01)
(8.7 0.85 0.01)
(8.75 0.85 0.01)
(8.8 0.85 0.01)
(8.85 0.85 0.01)
(8.9 0.85 0.01)
(8.95 0.85 0.01)
(9 0.85 0.01)
(9.05 0.85 0.01)
(9.1 0.85 0.01)
(9.15 0.85 0.01)
(9.2 0.85 0.01)
(9.25 0.85 0.01)
(9.3 0.85 0.01)
(9.35 0.85 0.01)
(9.4 0.85 0.01)
(9.45 0.85 0.01)
(9.5 0.85 0.01)
(9.55 0.85 0.01)
(9.6 0.85 0.01)
(9.65 0.85 0.01)
(9.7 0.85 0.01)
(9.75 0.85 0.01)
(9.8 0.85 0.01)
(9.85 0.85 0.01)
(9.9 0.85 0.01)
(9.95 0.85 0.01)
(10 0.85 0.01)
(0 0.9 0.01)
(0.05 0.9 0.01)
(0.1 0.9 0.01)
(0.15 0.9 0.01)
(0.2 0.9 0.01)
(0.25 0.9 0.01)
(0.3 0.9 0.01)
(0.35 0.9 0.01)
(0.4 0.9 0.01)
(0.45 0.9 0.01)
(0.5 0.9 0.01)
(0.55 0.9 0.01)
(0.6 0.9 0.01)
(0.65 0.9 0.01)
(0.7 0.9 0.01)
(0.75 0.9 0.01)
(0.8 0.9 0.01)
(0.85 0.9 0.01)
(0.9 0.9 0.01)
(0.95 0.9 0.01)
(1 0.9 0.01)
(1.05 0.9 0.01)
(1.1 0.9 0.01)
(1.15 0.9 0.01)
(1.2 0.9 0.01)
(1.25 0.9 0.01)
(1.3 0.9 0.01)
(1.35 0.9 0.01)
(1.4 0.9 0.01)
(1.45 0.9 0.01)
(1.5 0.9 0.01)
(1.55 0.9 0.01)
(1.6 0.9 0.01)
(1.65 0.9 0.01)
(1.7 0.9 0.01)
(1.75 0.9 0.01)
(1.8 0.9 0.01)
(1.85 0.9 0.01)
(1.9 0.9 0.01)
(1.95 0.9 0.01)
(2 0.9 0.01)
(2.05 0.9 0.01)
(2.1 0.9 0.01)
(2.15 0.9 0.01)
(2.2 0.9 0.01)
(2.25 0.9 0.01)
(2.3 0.9 0.01)
(2.35 0.9 0.01)
(2.4 0.9 0.01)
(2.45 0.9 0.01)
(2.5 0.9 0.01)
(2.55 0.9 0.01)
(2.6 0.9 0.01)
(2.65 0.9 0.01)
(2.7 0.9 0.01)
(2.75 0.9 0.01)
(2.8 0.9 0.01)
(2.85 0.9 0.01)
(2.9 0.9 0.01)
(2.95 0.9 0.01)
(3 0.9 0.01)
(3.05 0.9 0.01)
(3.1 0.9 0.01)
(3.15 0.9 0.01)
(3.2 0.9 0.01)
(3.25 0.9 0.01)
(3.3 0.9 0.01)
(3.35 0.9 0.01)
(3.4 0.9 0.01)
(3.45 0.9 0.01)
(3.5 0.9 0.01)
(3.55 0.9 0.01)
(3.6 0.9 0.01)
(3.65 0.9 0.01)
(3.7 0.9 0.01)
(3.75 0.9 0.01)
(3.8 0.9 0.01)
(3.85 0.9 0.01)
(3.9 0.9 0.01)
(3.95 0.9 0.01)
(4 0.9 0.01)
(4.05 0.9 0.01)
(4.1 0.9 0.01)
(4.15 0.9 0.01)
(4.2 0.9 0.01)
(4.25 0.9 0.01)
(4.3 0.9 0.01)
(4.35 0.9 0.01)
(4.4 0.9 0.01)
(4.45 0.9 0.01)
(4.5 0.9 0.01)
(4.55 0.9 0.01)
(4.6 0.9 0.01)
(4.65 0.9 0.01)
(4.7 0.9 0.01)
(4.75 0.9 0.01)
(4.8 0.9 0.01)
(4.85 0.9 0.01)
(4.9 0.9 0.01)
(4.95 0.9 0.01)
(5 0.9 0.01)
(5.05 0.9 0.01)
(5.1 0.9 0.01)
(5.15 0.9 0.01)
(5.2 0.9 0.01)
(5.25 0.9 0.01)
(5.3 0.9 0.01)
(5.35 0.9 0.01)
(5.4 0.9 0.01)
(5.45 0.9 0.01)
(5.5 0.9 0.01)
(5.55 0.9 0.01)
(5.6 0.9 0.01)
(5.65 0.9 0.01)
(5.7 0.9 0.01)
(5.75 0.9 0.01)
(5.8 0.9 0.01)
(5.85 0.9 0.01)
(5.9 0.9 0.01)
(5.95 0.9 0.01)
(6 0.9 0.01)
(6.05 0.9 0.01)
(6.1 0.9 0.01)
(6.15 0.9 0.01)
(6.2 0.9 0.01)
(6.25 0.9 0.01)
(6.3 0.9 0.01)
(6.35 0.9 0.01)
(6.4 0.9 0.01)
(6.45 0.9 0.01)
(6.5 0.9 0.01)
(6.55 0.9 0.01)
(6.6 0.9 0.01)
(6.65 0.9 0.01)
(6.7 0.9 0.01)
(6.75 0.9 0.01)
(6.8 0.9 0.01)
(6.85 0.9 0.01)
(6.9 0.9 0.01)
(6.95 0.9 0.01)
(7 0.9 0.01)
(7.05 0.9 0.01)
(7.1 0.9 0.01)
(7.15 0.9 0.01)
(7.2 0.9 0.01)
(7.25 0.9 0.01)
(7.3 0.9 0.01)
(7.35 0.9 0.01)
(7.4 0.9 0.01)
(7.45 0.9 0.01)
(7.5 0.9 0.01)
(7.55 0.9 0.01)
(7.6 0.9 0.01)
(7.65 0.9 0.01)
(7.7 0.9 0.01)
(7.75 0.9 0.01)
(7.8 0.9 0.01)
(7.85 0.9 0.01)
(7.9 0.9 0.01)
(7.95 0.9 0.01)
(8 0.9 0.01)
(8.05 0.9 0.01)
(8.1 0.9 0.01)
(8.15 0.9 0.01)
(8.2 0.9 0.01)
(8.25 0.9 0.01)
(8.3 0.9 0.01)
(8.35 0.9 0.01)
(8.4 0.9 0.01)
(8.45 0.9 0.01)
(8.5 0.9 0.01)
(8.55 0.9 0.01)
(8.6 0.9 0.01)
(8.65 0.9 0.01)
(8.7 0.9 0.01)
(8.75 0.9 0.01)
(8.8 0.9 0.01)
(8.85 0.9 0.01)
(8.9 0.9 0.01)
(8.95 0.9 0.01)
(9 0.9 0.01)
(9.05 0.9 0.01)
(9.1 0.9 0.01)
(9.15 0.9 0.01)
(9.2 0.9 0.01)
(9.25 0.9 0.01)
(9.3 0.9 0.01)
(9.35 0.9 0.01)
(9.4 0.9 0.01)
(9.45 0.9 0.01)
(9.5 0.9 0.01)
(9.55 0.9 0.01)
(9.6 0.9 0.01)
(9.65 0.9 0.01)
(9.7 0.9 0.01)
(9.75 0.9 0.01)
(9.8 0.9 0.01)
(9.85 0.9 0.01)
(9.9 0.9 0.01)
(9.95 0.9 0.01)
(10 0.9 0.01)
(0 0.95 0.01)
(0.05 0.95 0.01)
(0.1 0.95 0.01)
(0.15 0.95 0.01)
(0.2 0.95 0.01)
(0.25 0.95 0.01)
(0.3 0.95 0.01)
(0.35 0.95 0.01)
(0.4 0.95 0.01)
(0.45 0.95 0.01)
(0.5 0.95 0.01)
(0.55 0.95 0.01)
(0.6 0.95 0.01)
(0.65 0.95 0.01)
(0.7 0.95 0.01)
(0.75 0.95 0.01)
(0.8 0.95 0.01)
(0.85 0.95 0.01)
(0.9 0.95 0.01)
(0.95 0.95 0.01)
(1 0.95 0.01)
(1.05 0.95 0.01)
(1.1 0.95 0.01)
(1.15 0.95 0.01)
(1.2 0.95 0.01)
(1.25 0.95 0.01)
(1.3 0.95 0.01)
(1.35 0.95 0.01)
(1.4 0.95 0.01)
(1.45 0.95 0.01)
(1.5 0.95 0.01)
(1.55 0.95 0.01)
(1.6 0.95 0.01)
(1.65 0.95 0.01)
(1.7 0.95 0.01)
(1.75 0.95 0.01)
(1.8 0.95 0.01)
(1.85 0.95 0.01)
(1.9 0.95 0.01)
(1.95 0.95 0.01)
(2 0.95 0.01)
(2.05 0.95 0.01)
(2.1 0.95 0.01)
(2.15 0.95 0.01)
(2.2 0.95 0.01)
(2.25 0.95 0.01)
(2.3 0.95 0.01)
(2.35 0.95 0.01)
(2.4 0.95 0.01)
(2.45 0.95 0.01)
(2.5 0.95 0.01)
(2.55 0.95 0.01)
(2.6 0.95 0.01)
(2.65 0.95 0.01)
(2.7 0.95 0.01)
(2.75 0.95 0.01)
(2.8 0.95 0.01)
(2.85 0.95 0.01)
(2.9 0.95 0.01)
(2.95 0.95 0.01)
(3 0.95 0.01)
(3.05 0.95 0.01)
(3.1 0.95 0.01)
(3.15 0.95 0.01)
(3.2 0.95 0.01)
(3.25 0.95 0.01)
(3.3 0.95 0.01)
(3.35 0.95 0.01)
(3.4 0.95 0.01)
(3.45 0.95 0.01)
(3.5 0.95 0.01)
(3.55 0.95 0.01)
(3.6 0.95 0.01)
(3.65 0.95 0.01)
(3.7 0.95 0.01)
(3.75 0.95 0.01)
(3.8 0.95 0.01)
(3.85 0.95 0.01)
(3.9 0.95 0.01)
(3.95 0.95 0.01)
(4 0.95 0.01)
(4.05 0.95 0.01)
(4.1 0.95 0.01)
(4.15 0.95 0.01)
(4.2 0.95 0.01)
(4.25 0.95 0.01)
(4.3 0.95 0.01)
(4.35 0.95 0.01)
(4.4 0.95 0.01)
(4.45 0.95 0.01)
(4.5 0.95 0.01)
(4.55 0.95 0.01)
(4.6 0.95 0.01)
(4.65 0.95 0.01)
(4.7 0.95 0.01)
(4.75 0.95 0.01)
(4.8 0.95 0.01)
(4.85 0.95 0.01)
(4.9 0.95 0.01)
(4.95 0.95 0.01)
(5 0.95 0.01)
(5.05 0.95 0.01)
(5.1 0.95 0.01)
(5.15 0.95 0.01)
(5.2 0.95 0.01)
(5.25 0.95 0.01)
(5.3 0.95 0.01)
(5.35 0.95 0.01)
(5.4 0.95 0.01)
(5.45 0.95 0.01)
(5.5 0.95 0.01)
(5.55 0.95 0.01)
(5.6 0.95 0.01)
(5.65 0.95 0.01)
(5.7 0.95 0.01)
(5.75 0.95 0.01)
(5.8 0.95 0.01)
(5.85 0.95 0.01)
(5.9 0.95 0.01)
(5.95 0.95 0.01)
(6 0.95 0.01)
(6.05 0.95 0.01)
(6.1 0.95 0.01)
(6.15 0.95 0.01)
(6.2 0.95 0.01)
(6.25 0.95 0.01)
(6.3 0.95 0.01)
(6.35 0.95 0.01)
(6.4 0.95 0.01)
(6.45 0.95 0.01)
(6.5 0.95 0.01)
(6.55 0.95 0.01)
(6.6 0.95 0.01)
(6.65 0.95 0.01)
(6.7 0.95 0.01)
(6.75 0.95 0.01)
(6.8 0.95 0.01)
(6.85 0.95 0.01)
(6.9 0.95 0.01)
(6.95 0.95 0.01)
(7 0.95 0.01)
(7.05 0.95 0.01)
(7.1 0.95 0.01)
(7.15 0.95 0.01)
(7.2 0.95 0.01)
(7.25 0.95 0.01)
(7.3 0.95 0.01)
(7.35 0.95 0.01)
(7.4 0.95 0.01)
(7.45 0.95 0.01)
(7.5 0.95 0.01)
(7.55 0.95 0.01)
(7.6 0.95 0.01)
(7.65 0.95 0.01)
(7.7 0.95 0.01)
(7.75 0.95 0.01)
(7.8 0.95 0.01)
(7.85 0.95 0.01)
(7.9 0.95 0.01)
(7.95 0.95 0.01)
(8 0.95 0.01)
(8.05 0.95 0.01)
(8.1 0.95 0.01)
(8.15 0.95 0.01)
(8.2 0.95 0.01)
(8.25 0.95 0.01)
(8.3 0.95 0.01)
(8.35 0.95 0.01)
(8.4 0.95 0.01)
(8.45 0.95 0.01)
(8.5 0.95 0.01)
(8.55 0.95 0.01)
(8.6 0.95 0.01)
(8.65 0.95 0.01)
(8.7 0.95 0.01)
(8.75 0.95 0.01)
(8.8 0.95 0.01)
(8.85 0.95 0.01)
(8.9 0.95 0.01)
(8.95 0.95 0.01)
(9 0.95 0.01)
(9.05 0.95 0.01)
(9.1 0.95 0.01)
(9.15 0.95 0.01)
(9.2 0.95 0.01)
(9.25 0.95 0.01)
(9.3 0.95 0.01)
(9.35 0.95 0.01)
(9.4 0.95 0.01)
(9.45 0.95 0.01)
(9.5 0.95 0.01)
(9.55 0.95 0.01)
(9.6 0.95 0.01)
(9.65 0.95 0.01)
(9.7 0.95 0.01)
(9.75 0.95 0.01)
(9.8 0.95 0.01)
(9.85 0.95 0.01)
(9.9 0.95 0.01)
(9.95 0.95 0.01)
(10 0.95 0.01)
(0 1 0.01)
(0.05 1 0.01)
(0.1 1 0.01)
(0.15 1 0.01)
(0.2 1 0.01)
(0.25 1 0.01)
(0.3 1 0.01)
(0.35 1 0.01)
(0.4 1 0.01)
(0.45 1 0.01)
(0.5 1 0.01)
(0.55 1 0.01)
(0.6 1 0.01)
(0.65 1 0.01)
(0.7 1 0.01)
(0.75 1 0.01)
(0.8 1 0.01)
(0.85 1 0.01)
(0.9 1 0.01)
(0.95 1 0.01)
(1 1 0.01)
(1.05 1 0.01)
(1.1 1 0.01)
(1.15 1 0.01)
(1.2 1 0.01)
(1.25 1 0.01)
(1.3 1 0.01)
(1.35 1 0.01)
(1.4 1 0.01)
(1.45 1 0.01)
(1.5 1 0.01)
(1.55 1 0.01)
(1.6 1 0.01)
(1.65 1 0.01)
(1.7 1 0.01)
(1.75 1 0.01)
(1.8 1 0.01)
(1.85 1 0.01)
(1.9 1 0.01)
(1.95 1 0.01)
(2 1 0.01)
(2.05 1 0.01)
(2.1 1 0.01)
(2.15 1 0.01)
(2.2 1 0.01)
(2.25 1 0.01)
(2.3 1 0.01)
(2.35 1 0.01)
(2.4 1 0.01)
(2.45 1 0.01)
(2.5 1 0.01)
(2.55 1 0.01)
(2.6 1 0.01)
(2.65 1 0.01)
(2.7 1 0.01)
(2.75 1 0.01)
(2.8 1 0.01)
(2.85 1 0.01)
(2.9 1 0.01)
(2.95 1 0.01)
(3 1 0.01)
(3.05 1 0.01)
(3.1 1 0.01)
(3.15 1 0.01)
(3.2 1 0.01)
(3.25 1 0.01)
(3.3 1 0.01)
(3.35 1 0.01)
(3.4 1 0.01)
(3.45 1 0.01)
(3.5 1 0.01)
(3.55 1 0.01)
(3.6 1 0.01)
(3.65 1 0.01)
(3.7 1 0.01)
(3.75 1 0.01)
(3.8 1 0.01)
(3.85 1 0.01)
(3.9 1 0.01)
(3.95 1 0.01)
(4 1 0.01)
(4.05 1 0.01)
(4.1 1 0.01)
(4.15 1 0.01)
(4.2 1 0.01)
(4.25 1 0.01)
(4.3 1 0.01)
(4.35 1 0.01)
(4.4 1 0.01)
(4.45 1 0.01)
(4.5 1 0.01)
(4.55 1 0.01)
(4.6 1 0.01)
(4.65 1 0.01)
(4.7 1 0.01)
(4.75 1 0.01)
(4.8 1 0.01)
(4.85 1 0.01)
(4.9 1 0.01)
(4.95 1 0.01)
(5 1 0.01)
(5.05 1 0.01)
(5.1 1 0.01)
(5.15 1 0.01)
(5.2 1 0.01)
(5.25 1 0.01)
(5.3 1 0.01)
(5.35 1 0.01)
(5.4 1 0.01)
(5.45 1 0.01)
(5.5 1 0.01)
(5.55 1 0.01)
(5.6 1 0.01)
(5.65 1 0.01)
(5.7 1 0.01)
(5.75 1 0.01)
(5.8 1 0.01)
(5.85 1 0.01)
(5.9 1 0.01)
(5.95 1 0.01)
(6 1 0.01)
(6.05 1 0.01)
(6.1 1 0.01)
(6.15 1 0.01)
(6.2 1 0.01)
(6.25 1 0.01)
(6.3 1 0.01)
(6.35 1 0.01)
(6.4 1 0.01)
(6.45 1 0.01)
(6.5 1 0.01)
(6.55 1 0.01)
(6.6 1 0.01)
(6.65 1 0.01)
(6.7 1 0.01)
(6.75 1 0.01)
(6.8 1 0.01)
(6.85 1 0.01)
(6.9 1 0.01)
(6.95 1 0.01)
(7 1 0.01)
(7.05 1 0.01)
(7.1 1 0.01)
(7.15 1 0.01)
(7.2 1 0.01)
(7.25 1 0.01)
(7.3 1 0.01)
(7.35 1 0.01)
(7.4 1 0.01)
(7.45 1 0.01)
(7.5 1 0.01)
(7.55 1 0.01)
(7.6 1 0.01)
(7.65 1 0.01)
(7.7 1 0.01)
(7.75 1 0.01)
(7.8 1 0.01)
(7.85 1 0.01)
(7.9 1 0.01)
(7.95 1 0.01)
(8 1 0.01)
(8.05 1 0.01)
(8.1 1 0.01)
(8.15 1 0.01)
(8.2 1 0.01)
(8.25 1 0.01)
(8.3 1 0.01)
(8.35 1 0.01)
(8.4 1 0.01)
(8.45 1 0.01)
(8.5 1 0.01)
(8.55 1 0.01)
(8.6 1 0.01)
(8.65 1 0.01)
(8.7 1 0.01)
(8.75 1 0.01)
(8.8 1 0.01)
(8.85 1 0.01)
(8.9 1 0.01)
(8.95 1 0.01)
(9 1 0.01)
(9.05 1 0.01)
(9.1 1 0.01)
(9.15 1 0.01)
(9.2 1 0.01)
(9.25 1 0.01)
(9.3 1 0.01)
(9.35 1 0.01)
(9.4 1 0.01)
(9.45 1 0.01)
(9.5 1 0.01)
(9.55 1 0.01)
(9.6 1 0.01)
(9.65 1 0.01)
(9.7 1 0.01)
(9.75 1 0.01)
(9.8 1 0.01)
(9.85 1 0.01)
(9.9 1 0.01)
(9.95 1 0.01)
(10 1 0.01)
(0 0 0.02)
(0.05 0 0.02)
(0.1 0 0.02)
(0.15 0 0.02)
(0.2 0 0.02)
(0.25 0 0.02)
(0.3 0 0.02)
(0.35 0 0.02)
(0.4 0 0.02)
(0.45 0 0.02)
(0.5 0 0.02)
(0.55 0 0.02)
(0.6 0 0.02)
(0.65 0 0.02)
(0.7 0 0.02)
(0.75 0 0.02)
(0.8 0 0.02)
(0.85 0 0.02)
(0.9 0 0.02)
(0.95 0 0.02)
(1 0 0.02)
(1.05 0 0.02)
(1.1 0 0.02)
(1.15 0 0.02)
(1.2 0 0.02)
(1.25 0 0.02)
(1.3 0 0.02)
(1.35 0 0.02)
(1.4 0 0.02)
(1.45 0 0.02)
(1.5 0 0.02)
(1.55 0 0.02)
(1.6 0 0.02)
(1.65 0 0.02)
(1.7 0 0.02)
(1.75 0 0.02)
(1.8 0 0.02)
(1.85 0 0.02)
(1.9 0 0.02)
(1.95 0 0.02)
(2 0 0.02)
(2.05 0 0.02)
(2.1 0 0.02)
(2.15 0 0.02)
(2.2 0 0.02)
(2.25 0 0.02)
(2.3 0 0.02)
(2.35 0 0.02)
(2.4 0 0.02)
(2.45 0 0.02)
(2.5 0 0.02)
(2.55 0 0.02)
(2.6 0 0.02)
(2.65 0 0.02)
(2.7 0 0.02)
(2.75 0 0.02)
(2.8 0 0.02)
(2.85 0 0.02)
(2.9 0 0.02)
(2.95 0 0.02)
(3 0 0.02)
(3.05 0 0.02)
(3.1 0 0.02)
(3.15 0 0.02)
(3.2 0 0.02)
(3.25 0 0.02)
(3.3 0 0.02)
(3.35 0 0.02)
(3.4 0 0.02)
(3.45 0 0.02)
(3.5 0 0.02)
(3.55 0 0.02)
(3.6 0 0.02)
(3.65 0 0.02)
(3.7 0 0.02)
(3.75 0 0.02)
(3.8 0 0.02)
(3.85 0 0.02)
(3.9 0 0.02)
(3.95 0 0.02)
(4 0 0.02)
(4.05 0 0.02)
(4.1 0 0.02)
(4.15 0 0.02)
(4.2 0 0.02)
(4.25 0 0.02)
(4.3 0 0.02)
(4.35 0 0.02)
(4.4 0 0.02)
(4.45 0 0.02)
(4.5 0 0.02)
(4.55 0 0.02)
(4.6 0 0.02)
(4.65 0 0.02)
(4.7 0 0.02)
(4.75 0 0.02)
(4.8 0 0.02)
(4.85 0 0.02)
(4.9 0 0.02)
(4.95 0 0.02)
(5 0 0.02)
(5.05 0 0.02)
(5.1 0 0.02)
(5.15 0 0.02)
(5.2 0 0.02)
(5.25 0 0.02)
(5.3 0 0.02)
(5.35 0 0.02)
(5.4 0 0.02)
(5.45 0 0.02)
(5.5 0 0.02)
(5.55 0 0.02)
(5.6 0 0.02)
(5.65 0 0.02)
(5.7 0 0.02)
(5.75 0 0.02)
(5.8 0 0.02)
(5.85 0 0.02)
(5.9 0 0.02)
(5.95 0 0.02)
(6 0 0.02)
(6.05 0 0.02)
(6.1 0 0.02)
(6.15 0 0.02)
(6.2 0 0.02)
(6.25 0 0.02)
(6.3 0 0.02)
(6.35 0 0.02)
(6.4 0 0.02)
(6.45 0 0.02)
(6.5 0 0.02)
(6.55 0 0.02)
(6.6 0 0.02)
(6.65 0 0.02)
(6.7 0 0.02)
(6.75 0 0.02)
(6.8 0 0.02)
(6.85 0 0.02)
(6.9 0 0.02)
(6.95 0 0.02)
(7 0 0.02)
(7.05 0 0.02)
(7.1 0 0.02)
(7.15 0 0.02)
(7.2 0 0.02)
(7.25 0 0.02)
(7.3 0 0.02)
(7.35 0 0.02)
(7.4 0 0.02)
(7.45 0 0.02)
(7.5 0 0.02)
(7.55 0 0.02)
(7.6 0 0.02)
(7.65 0 0.02)
(7.7 0 0.02)
(7.75 0 0.02)
(7.8 0 0.02)
(7.85 0 0.02)
(7.9 0 0.02)
(7.95 0 0.02)
(8 0 0.02)
(8.05 0 0.02)
(8.1 0 0.02)
(8.15 0 0.02)
(8.2 0 0.02)
(8.25 0 0.02)
(8.3 0 0.02)
(8.35 0 0.02)
(8.4 0 0.02)
(8.45 0 0.02)
(8.5 0 0.02)
(8.55 0 0.02)
(8.6 0 0.02)
(8.65 0 0.02)
(8.7 0 0.02)
(8.75 0 0.02)
(8.8 0 0.02)
(8.85 0 0.02)
(8.9 0 0.02)
(8.95 0 0.02)
(9 0 0.02)
(9.05 0 0.02)
(9.1 0 0.02)
(9.15 0 0.02)
(9.2 0 0.02)
(9.25 0 0.02)
(9.3 0 0.02)
(9.35 0 0.02)
(9.4 0 0.02)
(9.45 0 0.02)
(9.5 0 0.02)
(9.55 0 0.02)
(9.6 0 0.02)
(9.65 0 0.02)
(9.7 0 0.02)
(9.75 0 0.02)
(9.8 0 0.02)
(9.85 0 0.02)
(9.9 0 0.02)
(9.95 0 0.02)
(10 0 0.02)
(0 0.05 0.02)
(0.05 0.05 0.02)
(0.1 0.05 0.02)
(0.15 0.05 0.02)
(0.2 0.05 0.02)
(0.25 0.05 0.02)
(0.3 0.05 0.02)
(0.35 0.05 0.02)
(0.4 0.05 0.02)
(0.45 0.05 0.02)
(0.5 0.05 0.02)
(0.55 0.05 0.02)
(0.6 0.05 0.02)
(0.65 0.05 0.02)
(0.7 0.05 0.02)
(0.75 0.05 0.02)
(0.8 0.05 0.02)
(0.85 0.05 0.02)
(0.9 0.05 0.02)
(0.95 0.05 0.02)
(1 0.05 0.02)
(1.05 0.05 0.02)
(1.1 0.05 0.02)
(1.15 0.05 0.02)
(1.2 0.05 0.02)
(1.25 0.05 0.02)
(1.3 0.05 0.02)
(1.35 0.05 0.02)
(1.4 0.05 0.02)
(1.45 0.05 0.02)
(1.5 0.05 0.02)
(1.55 0.05 0.02)
(1.6 0.05 0.02)
(1.65 0.05 0.02)
(1.7 0.05 0.02)
(1.75 0.05 0.02)
(1.8 0.05 0.02)
(1.85 0.05 0.02)
(1.9 0.05 0.02)
(1.95 0.05 0.02)
(2 0.05 0.02)
(2.05 0.05 0.02)
(2.1 0.05 0.02)
(2.15 0.05 0.02)
(2.2 0.05 0.02)
(2.25 0.05 0.02)
(2.3 0.05 0.02)
(2.35 0.05 0.02)
(2.4 0.05 0.02)
(2.45 0.05 0.02)
(2.5 0.05 0.02)
(2.55 0.05 0.02)
(2.6 0.05 0.02)
(2.65 0.05 0.02)
(2.7 0.05 0.02)
(2.75 0.05 0.02)
(2.8 0.05 0.02)
(2.85 0.05 0.02)
(2.9 0.05 0.02)
(2.95 0.05 0.02)
(3 0.05 0.02)
(3.05 0.05 0.02)
(3.1 0.05 0.02)
(3.15 0.05 0.02)
(3.2 0.05 0.02)
(3.25 0.05 0.02)
(3.3 0.05 0.02)
(3.35 0.05 0.02)
(3.4 0.05 0.02)
(3.45 0.05 0.02)
(3.5 0.05 0.02)
(3.55 0.05 0.02)
(3.6 0.05 0.02)
(3.65 0.05 0.02)
(3.7 0.05 0.02)
(3.75 0.05 0.02)
(3.8 0.05 0.02)
(3.85 0.05 0.02)
(3.9 0.05 0.02)
(3.95 0.05 0.02)
(4 0.05 0.02)
(4.05 0.05 0.02)
(4.1 0.05 0.02)
(4.15 0.05 0.02)
(4.2 0.05 0.02)
(4.25 0.05 0.02)
(4.3 0.05 0.02)
(4.35 0.05 0.02)
(4.4 0.05 0.02)
(4.45 0.05 0.02)
(4.5 0.05 0.02)
(4.55 0.05 0.02)
(4.6 0.05 0.02)
(4.65 0.05 0.02)
(4.7 0.05 0.02)
(4.75 0.05 0.02)
(4.8 0.05 0.02)
(4.85 0.05 0.02)
(4.9 0.05 0.02)
(4.95 0.05 0.02)
(5 0.05 0.02)
(5.05 0.05 0.02)
(5.1 0.05 0.02)
(5.15 0.05 0.02)
(5.2 0.05 0.02)
(5.25 0.05 0.02)
(5.3 0.05 0.02)
(5.35 0.05 0.02)
(5.4 0.05 0.02)
(5.45 0.05 0.02)
(5.5 0.05 0.02)
(5.55 0.05 0.02)
(5.6 0.05 0.02)
(5.65 0.05 0.02)
(5.7 0.05 0.02)
(5.75 0.05 0.02)
(5.8 0.05 0.02)
(5.85 0.05 0.02)
(5.9 0.05 0.02)
(5.95 0.05 0.02)
(6 0.05 0.02)
(6.05 0.05 0.02)
(6.1 0.05 0.02)
(6.15 0.05 0.02)
(6.2 0.05 0.02)
(6.25 0.05 0.02)
(6.3 0.05 0.02)
(6.35 0.05 0.02)
(6.4 0.05 0.02)
(6.45 0.05 0.02)
(6.5 0.05 0.02)
(6.55 0.05 0.02)
(6.6 0.05 0.02)
(6.65 0.05 0.02)
(6.7 0.05 0.02)
(6.75 0.05 0.02)
(6.8 0.05 0.02)
(6.85 0.05 0.02)
(6.9 0.05 0.02)
(6.95 0.05 0.02)
(7 0.05 0.02)
(7.05 0.05 0.02)
(7.1 0.05 0.02)
(7.15 0.05 0.02)
(7.2 0.05 0.02)
(7.25 0.05 0.02)
(7.3 0.05 0.02)
(7.35 0.05 0.02)
(7.4 0.05 0.02)
(7.45 0.05 0.02)
(7.5 0.05 0.02)
(7.55 0.05 0.02)
(7.6 0.05 0.02)
(7.65 0.05 0.02)
(7.7 0.05 0.02)
(7.75 0.05 0.02)
(7.8 0.05 0.02)
(7.85 0.05 0.02)
(7.9 0.05 0.02)
(7.95 0.05 0.02)
(8 0.05 0.02)
(8.05 0.05 0.02)
(8.1 0.05 0.02)
(8.15 0.05 0.02)
(8.2 0.05 0.02)
(8.25 0.05 0.02)
(8.3 0.05 0.02)
(8.35 0.05 0.02)
(8.4 0.05 0.02)
(8.45 0.05 0.02)
(8.5 0.05 0.02)
(8.55 0.05 0.02)
(8.6 0.05 0.02)
(8.65 0.05 0.02)
(8.7 0.05 0.02)
(8.75 0.05 0.02)
(8.8 0.05 0.02)
(8.85 0.05 0.02)
(8.9 0.05 0.02)
(8.95 0.05 0.02)
(9 0.05 0.02)
(9.05 0.05 0.02)
(9.1 0.05 0.02)
(9.15 0.05 0.02)
(9.2 0.05 0.02)
(9.25 0.05 0.02)
(9.3 0.05 0.02)
(9.35 0.05 0.02)
(9.4 0.05 0.02)
(9.45 0.05 0.02)
(9.5 0.05 0.02)
(9.55 0.05 0.02)
(9.6 0.05 0.02)
(9.65 0.05 0.02)
(9.7 0.05 0.02)
(9.75 0.05 0.02)
(9.8 0.05 0.02)
(9.85 0.05 0.02)
(9.9 0.05 0.02)
(9.95 0.05 0.02)
(10 0.05 0.02)
(0 0.1 0.02)
(0.05 0.1 0.02)
(0.1 0.1 0.02)
(0.15 0.1 0.02)
(0.2 0.1 0.02)
(0.25 0.1 0.02)
(0.3 0.1 0.02)
(0.35 0.1 0.02)
(0.4 0.1 0.02)
(0.45 0.1 0.02)
(0.5 0.1 0.02)
(0.55 0.1 0.02)
(0.6 0.1 0.02)
(0.65 0.1 0.02)
(0.7 0.1 0.02)
(0.75 0.1 0.02)
(0.8 0.1 0.02)
(0.85 0.1 0.02)
(0.9 0.1 0.02)
(0.95 0.1 0.02)
(1 0.1 0.02)
(1.05 0.1 0.02)
(1.1 0.1 0.02)
(1.15 0.1 0.02)
(1.2 0.1 0.02)
(1.25 0.1 0.02)
(1.3 0.1 0.02)
(1.35 0.1 0.02)
(1.4 0.1 0.02)
(1.45 0.1 0.02)
(1.5 0.1 0.02)
(1.55 0.1 0.02)
(1.6 0.1 0.02)
(1.65 0.1 0.02)
(1.7 0.1 0.02)
(1.75 0.1 0.02)
(1.8 0.1 0.02)
(1.85 0.1 0.02)
(1.9 0.1 0.02)
(1.95 0.1 0.02)
(2 0.1 0.02)
(2.05 0.1 0.02)
(2.1 0.1 0.02)
(2.15 0.1 0.02)
(2.2 0.1 0.02)
(2.25 0.1 0.02)
(2.3 0.1 0.02)
(2.35 0.1 0.02)
(2.4 0.1 0.02)
(2.45 0.1 0.02)
(2.5 0.1 0.02)
(2.55 0.1 0.02)
(2.6 0.1 0.02)
(2.65 0.1 0.02)
(2.7 0.1 0.02)
(2.75 0.1 0.02)
(2.8 0.1 0.02)
(2.85 0.1 0.02)
(2.9 0.1 0.02)
(2.95 0.1 0.02)
(3 0.1 0.02)
(3.05 0.1 0.02)
(3.1 0.1 0.02)
(3.15 0.1 0.02)
(3.2 0.1 0.02)
(3.25 0.1 0.02)
(3.3 0.1 0.02)
(3.35 0.1 0.02)
(3.4 0.1 0.02)
(3.45 0.1 0.02)
(3.5 0.1 0.02)
(3.55 0.1 0.02)
(3.6 0.1 0.02)
(3.65 0.1 0.02)
(3.7 0.1 0.02)
(3.75 0.1 0.02)
(3.8 0.1 0.02)
(3.85 0.1 0.02)
(3.9 0.1 0.02)
(3.95 0.1 0.02)
(4 0.1 0.02)
(4.05 0.1 0.02)
(4.1 0.1 0.02)
(4.15 0.1 0.02)
(4.2 0.1 0.02)
(4.25 0.1 0.02)
(4.3 0.1 0.02)
(4.35 0.1 0.02)
(4.4 0.1 0.02)
(4.45 0.1 0.02)
(4.5 0.1 0.02)
(4.55 0.1 0.02)
(4.6 0.1 0.02)
(4.65 0.1 0.02)
(4.7 0.1 0.02)
(4.75 0.1 0.02)
(4.8 0.1 0.02)
(4.85 0.1 0.02)
(4.9 0.1 0.02)
(4.95 0.1 0.02)
(5 0.1 0.02)
(5.05 0.1 0.02)
(5.1 0.1 0.02)
(5.15 0.1 0.02)
(5.2 0.1 0.02)
(5.25 0.1 0.02)
(5.3 0.1 0.02)
(5.35 0.1 0.02)
(5.4 0.1 0.02)
(5.45 0.1 0.02)
(5.5 0.1 0.02)
(5.55 0.1 0.02)
(5.6 0.1 0.02)
(5.65 0.1 0.02)
(5.7 0.1 0.02)
(5.75 0.1 0.02)
(5.8 0.1 0.02)
(5.85 0.1 0.02)
(5.9 0.1 0.02)
(5.95 0.1 0.02)
(6 0.1 0.02)
(6.05 0.1 0.02)
(6.1 0.1 0.02)
(6.15 0.1 0.02)
(6.2 0.1 0.02)
(6.25 0.1 0.02)
(6.3 0.1 0.02)
(6.35 0.1 0.02)
(6.4 0.1 0.02)
(6.45 0.1 0.02)
(6.5 0.1 0.02)
(6.55 0.1 0.02)
(6.6 0.1 0.02)
(6.65 0.1 0.02)
(6.7 0.1 0.02)
(6.75 0.1 0.02)
(6.8 0.1 0.02)
(6.85 0.1 0.02)
(6.9 0.1 0.02)
(6.95 0.1 0.02)
(7 0.1 0.02)
(7.05 0.1 0.02)
(7.1 0.1 0.02)
(7.15 0.1 0.02)
(7.2 0.1 0.02)
(7.25 0.1 0.02)
(7.3 0.1 0.02)
(7.35 0.1 0.02)
(7.4 0.1 0.02)
(7.45 0.1 0.02)
(7.5 0.1 0.02)
(7.55 0.1 0.02)
(7.6 0.1 0.02)
(7.65 0.1 0.02)
(7.7 0.1 0.02)
(7.75 0.1 0.02)
(7.8 0.1 0.02)
(7.85 0.1 0.02)
(7.9 0.1 0.02)
(7.95 0.1 0.02)
(8 0.1 0.02)
(8.05 0.1 0.02)
(8.1 0.1 0.02)
(8.15 0.1 0.02)
(8.2 0.1 0.02)
(8.25 0.1 0.02)
(8.3 0.1 0.02)
(8.35 0.1 0.02)
(8.4 0.1 0.02)
(8.45 0.1 0.02)
(8.5 0.1 0.02)
(8.55 0.1 0.02)
(8.6 0.1 0.02)
(8.65 0.1 0.02)
(8.7 0.1 0.02)
(8.75 0.1 0.02)
(8.8 0.1 0.02)
(8.85 0.1 0.02)
(8.9 0.1 0.02)
(8.95 0.1 0.02)
(9 0.1 0.02)
(9.05 0.1 0.02)
(9.1 0.1 0.02)
(9.15 0.1 0.02)
(9.2 0.1 0.02)
(9.25 0.1 0.02)
(9.3 0.1 0.02)
(9.35 0.1 0.02)
(9.4 0.1 0.02)
(9.45 0.1 0.02)
(9.5 0.1 0.02)
(9.55 0.1 0.02)
(9.6 0.1 0.02)
(9.65 0.1 0.02)
(9.7 0.1 0.02)
(9.75 0.1 0.02)
(9.8 0.1 0.02)
(9.85 0.1 0.02)
(9.9 0.1 0.02)
(9.95 0.1 0.02)
(10 0.1 0.02)
(0 0.15 0.02)
(0.05 0.15 0.02)
(0.1 0.15 0.02)
(0.15 0.15 0.02)
(0.2 0.15 0.02)
(0.25 0.15 0.02)
(0.3 0.15 0.02)
(0.35 0.15 0.02)
(0.4 0.15 0.02)
(0.45 0.15 0.02)
(0.5 0.15 0.02)
(0.55 0.15 0.02)
(0.6 0.15 0.02)
(0.65 0.15 0.02)
(0.7 0.15 0.02)
(0.75 0.15 0.02)
(0.8 0.15 0.02)
(0.85 0.15 0.02)
(0.9 0.15 0.02)
(0.95 0.15 0.02)
(1 0.15 0.02)
(1.05 0.15 0.02)
(1.1 0.15 0.02)
(1.15 0.15 0.02)
(1.2 0.15 0.02)
(1.25 0.15 0.02)
(1.3 0.15 0.02)
(1.35 0.15 0.02)
(1.4 0.15 0.02)
(1.45 0.15 0.02)
(1.5 0.15 0.02)
(1.55 0.15 0.02)
(1.6 0.15 0.02)
(1.65 0.15 0.02)
(1.7 0.15 0.02)
(1.75 0.15 0.02)
(1.8 0.15 0.02)
(1.85 0.15 0.02)
(1.9 0.15 0.02)
(1.95 0.15 0.02)
(2 0.15 0.02)
(2.05 0.15 0.02)
(2.1 0.15 0.02)
(2.15 0.15 0.02)
(2.2 0.15 0.02)
(2.25 0.15 0.02)
(2.3 0.15 0.02)
(2.35 0.15 0.02)
(2.4 0.15 0.02)
(2.45 0.15 0.02)
(2.5 0.15 0.02)
(2.55 0.15 0.02)
(2.6 0.15 0.02)
(2.65 0.15 0.02)
(2.7 0.15 0.02)
(2.75 0.15 0.02)
(2.8 0.15 0.02)
(2.85 0.15 0.02)
(2.9 0.15 0.02)
(2.95 0.15 0.02)
(3 0.15 0.02)
(3.05 0.15 0.02)
(3.1 0.15 0.02)
(3.15 0.15 0.02)
(3.2 0.15 0.02)
(3.25 0.15 0.02)
(3.3 0.15 0.02)
(3.35 0.15 0.02)
(3.4 0.15 0.02)
(3.45 0.15 0.02)
(3.5 0.15 0.02)
(3.55 0.15 0.02)
(3.6 0.15 0.02)
(3.65 0.15 0.02)
(3.7 0.15 0.02)
(3.75 0.15 0.02)
(3.8 0.15 0.02)
(3.85 0.15 0.02)
(3.9 0.15 0.02)
(3.95 0.15 0.02)
(4 0.15 0.02)
(4.05 0.15 0.02)
(4.1 0.15 0.02)
(4.15 0.15 0.02)
(4.2 0.15 0.02)
(4.25 0.15 0.02)
(4.3 0.15 0.02)
(4.35 0.15 0.02)
(4.4 0.15 0.02)
(4.45 0.15 0.02)
(4.5 0.15 0.02)
(4.55 0.15 0.02)
(4.6 0.15 0.02)
(4.65 0.15 0.02)
(4.7 0.15 0.02)
(4.75 0.15 0.02)
(4.8 0.15 0.02)
(4.85 0.15 0.02)
(4.9 0.15 0.02)
(4.95 0.15 0.02)
(5 0.15 0.02)
(5.05 0.15 0.02)
(5.1 0.15 0.02)
(5.15 0.15 0.02)
(5.2 0.15 0.02)
(5.25 0.15 0.02)
(5.3 0.15 0.02)
(5.35 0.15 0.02)
(5.4 0.15 0.02)
(5.45 0.15 0.02)
(5.5 0.15 0.02)
(5.55 0.15 0.02)
(5.6 0.15 0.02)
(5.65 0.15 0.02)
(5.7 0.15 0.02)
(5.75 0.15 0.02)
(5.8 0.15 0.02)
(5.85 0.15 0.02)
(5.9 0.15 0.02)
(5.95 0.15 0.02)
(6 0.15 0.02)
(6.05 0.15 0.02)
(6.1 0.15 0.02)
(6.15 0.15 0.02)
(6.2 0.15 0.02)
(6.25 0.15 0.02)
(6.3 0.15 0.02)
(6.35 0.15 0.02)
(6.4 0.15 0.02)
(6.45 0.15 0.02)
(6.5 0.15 0.02)
(6.55 0.15 0.02)
(6.6 0.15 0.02)
(6.65 0.15 0.02)
(6.7 0.15 0.02)
(6.75 0.15 0.02)
(6.8 0.15 0.02)
(6.85 0.15 0.02)
(6.9 0.15 0.02)
(6.95 0.15 0.02)
(7 0.15 0.02)
(7.05 0.15 0.02)
(7.1 0.15 0.02)
(7.15 0.15 0.02)
(7.2 0.15 0.02)
(7.25 0.15 0.02)
(7.3 0.15 0.02)
(7.35 0.15 0.02)
(7.4 0.15 0.02)
(7.45 0.15 0.02)
(7.5 0.15 0.02)
(7.55 0.15 0.02)
(7.6 0.15 0.02)
(7.65 0.15 0.02)
(7.7 0.15 0.02)
(7.75 0.15 0.02)
(7.8 0.15 0.02)
(7.85 0.15 0.02)
(7.9 0.15 0.02)
(7.95 0.15 0.02)
(8 0.15 0.02)
(8.05 0.15 0.02)
(8.1 0.15 0.02)
(8.15 0.15 0.02)
(8.2 0.15 0.02)
(8.25 0.15 0.02)
(8.3 0.15 0.02)
(8.35 0.15 0.02)
(8.4 0.15 0.02)
(8.45 0.15 0.02)
(8.5 0.15 0.02)
(8.55 0.15 0.02)
(8.6 0.15 0.02)
(8.65 0.15 0.02)
(8.7 0.15 0.02)
(8.75 0.15 0.02)
(8.8 0.15 0.02)
(8.85 0.15 0.02)
(8.9 0.15 0.02)
(8.95 0.15 0.02)
(9 0.15 0.02)
(9.05 0.15 0.02)
(9.1 0.15 0.02)
(9.15 0.15 0.02)
(9.2 0.15 0.02)
(9.25 0.15 0.02)
(9.3 0.15 0.02)
(9.35 0.15 0.02)
(9.4 0.15 0.02)
(9.45 0.15 0.02)
(9.5 0.15 0.02)
(9.55 0.15 0.02)
(9.6 0.15 0.02)
(9.65 0.15 0.02)
(9.7 0.15 0.02)
(9.75 0.15 0.02)
(9.8 0.15 0.02)
(9.85 0.15 0.02)
(9.9 0.15 0.02)
(9.95 0.15 0.02)
(10 0.15 0.02)
(0 0.2 0.02)
(0.05 0.2 0.02)
(0.1 0.2 0.02)
(0.15 0.2 0.02)
(0.2 0.2 0.02)
(0.25 0.2 0.02)
(0.3 0.2 0.02)
(0.35 0.2 0.02)
(0.4 0.2 0.02)
(0.45 0.2 0.02)
(0.5 0.2 0.02)
(0.55 0.2 0.02)
(0.6 0.2 0.02)
(0.65 0.2 0.02)
(0.7 0.2 0.02)
(0.75 0.2 0.02)
(0.8 0.2 0.02)
(0.85 0.2 0.02)
(0.9 0.2 0.02)
(0.95 0.2 0.02)
(1 0.2 0.02)
(1.05 0.2 0.02)
(1.1 0.2 0.02)
(1.15 0.2 0.02)
(1.2 0.2 0.02)
(1.25 0.2 0.02)
(1.3 0.2 0.02)
(1.35 0.2 0.02)
(1.4 0.2 0.02)
(1.45 0.2 0.02)
(1.5 0.2 0.02)
(1.55 0.2 0.02)
(1.6 0.2 0.02)
(1.65 0.2 0.02)
(1.7 0.2 0.02)
(1.75 0.2 0.02)
(1.8 0.2 0.02)
(1.85 0.2 0.02)
(1.9 0.2 0.02)
(1.95 0.2 0.02)
(2 0.2 0.02)
(2.05 0.2 0.02)
(2.1 0.2 0.02)
(2.15 0.2 0.02)
(2.2 0.2 0.02)
(2.25 0.2 0.02)
(2.3 0.2 0.02)
(2.35 0.2 0.02)
(2.4 0.2 0.02)
(2.45 0.2 0.02)
(2.5 0.2 0.02)
(2.55 0.2 0.02)
(2.6 0.2 0.02)
(2.65 0.2 0.02)
(2.7 0.2 0.02)
(2.75 0.2 0.02)
(2.8 0.2 0.02)
(2.85 0.2 0.02)
(2.9 0.2 0.02)
(2.95 0.2 0.02)
(3 0.2 0.02)
(3.05 0.2 0.02)
(3.1 0.2 0.02)
(3.15 0.2 0.02)
(3.2 0.2 0.02)
(3.25 0.2 0.02)
(3.3 0.2 0.02)
(3.35 0.2 0.02)
(3.4 0.2 0.02)
(3.45 0.2 0.02)
(3.5 0.2 0.02)
(3.55 0.2 0.02)
(3.6 0.2 0.02)
(3.65 0.2 0.02)
(3.7 0.2 0.02)
(3.75 0.2 0.02)
(3.8 0.2 0.02)
(3.85 0.2 0.02)
(3.9 0.2 0.02)
(3.95 0.2 0.02)
(4 0.2 0.02)
(4.05 0.2 0.02)
(4.1 0.2 0.02)
(4.15 0.2 0.02)
(4.2 0.2 0.02)
(4.25 0.2 0.02)
(4.3 0.2 0.02)
(4.35 0.2 0.02)
(4.4 0.2 0.02)
(4.45 0.2 0.02)
(4.5 0.2 0.02)
(4.55 0.2 0.02)
(4.6 0.2 0.02)
(4.65 0.2 0.02)
(4.7 0.2 0.02)
(4.75 0.2 0.02)
(4.8 0.2 0.02)
(4.85 0.2 0.02)
(4.9 0.2 0.02)
(4.95 0.2 0.02)
(5 0.2 0.02)
(5.05 0.2 0.02)
(5.1 0.2 0.02)
(5.15 0.2 0.02)
(5.2 0.2 0.02)
(5.25 0.2 0.02)
(5.3 0.2 0.02)
(5.35 0.2 0.02)
(5.4 0.2 0.02)
(5.45 0.2 0.02)
(5.5 0.2 0.02)
(5.55 0.2 0.02)
(5.6 0.2 0.02)
(5.65 0.2 0.02)
(5.7 0.2 0.02)
(5.75 0.2 0.02)
(5.8 0.2 0.02)
(5.85 0.2 0.02)
(5.9 0.2 0.02)
(5.95 0.2 0.02)
(6 0.2 0.02)
(6.05 0.2 0.02)
(6.1 0.2 0.02)
(6.15 0.2 0.02)
(6.2 0.2 0.02)
(6.25 0.2 0.02)
(6.3 0.2 0.02)
(6.35 0.2 0.02)
(6.4 0.2 0.02)
(6.45 0.2 0.02)
(6.5 0.2 0.02)
(6.55 0.2 0.02)
(6.6 0.2 0.02)
(6.65 0.2 0.02)
(6.7 0.2 0.02)
(6.75 0.2 0.02)
(6.8 0.2 0.02)
(6.85 0.2 0.02)
(6.9 0.2 0.02)
(6.95 0.2 0.02)
(7 0.2 0.02)
(7.05 0.2 0.02)
(7.1 0.2 0.02)
(7.15 0.2 0.02)
(7.2 0.2 0.02)
(7.25 0.2 0.02)
(7.3 0.2 0.02)
(7.35 0.2 0.02)
(7.4 0.2 0.02)
(7.45 0.2 0.02)
(7.5 0.2 0.02)
(7.55 0.2 0.02)
(7.6 0.2 0.02)
(7.65 0.2 0.02)
(7.7 0.2 0.02)
(7.75 0.2 0.02)
(7.8 0.2 0.02)
(7.85 0.2 0.02)
(7.9 0.2 0.02)
(7.95 0.2 0.02)
(8 0.2 0.02)
(8.05 0.2 0.02)
(8.1 0.2 0.02)
(8.15 0.2 0.02)
(8.2 0.2 0.02)
(8.25 0.2 0.02)
(8.3 0.2 0.02)
(8.35 0.2 0.02)
(8.4 0.2 0.02)
(8.45 0.2 0.02)
(8.5 0.2 0.02)
(8.55 0.2 0.02)
(8.6 0.2 0.02)
(8.65 0.2 0.02)
(8.7 0.2 0.02)
(8.75 0.2 0.02)
(8.8 0.2 0.02)
(8.85 0.2 0.02)
(8.9 0.2 0.02)
(8.95 0.2 0.02)
(9 0.2 0.02)
(9.05 0.2 0.02)
(9.1 0.2 0.02)
(9.15 0.2 0.02)
(9.2 0.2 0.02)
(9.25 0.2 0.02)
(9.3 0.2 0.02)
(9.35 0.2 0.02)
(9.4 0.2 0.02)
(9.45 0.2 0.02)
(9.5 0.2 0.02)
(9.55 0.2 0.02)
(9.6 0.2 0.02)
(9.65 0.2 0.02)
(9.7 0.2 0.02)
(9.75 0.2 0.02)
(9.8 0.2 0.02)
(9.85 0.2 0.02)
(9.9 0.2 0.02)
(9.95 0.2 0.02)
(10 0.2 0.02)
(0 0.25 0.02)
(0.05 0.25 0.02)
(0.1 0.25 0.02)
(0.15 0.25 0.02)
(0.2 0.25 0.02)
(0.25 0.25 0.02)
(0.3 0.25 0.02)
(0.35 0.25 0.02)
(0.4 0.25 0.02)
(0.45 0.25 0.02)
(0.5 0.25 0.02)
(0.55 0.25 0.02)
(0.6 0.25 0.02)
(0.65 0.25 0.02)
(0.7 0.25 0.02)
(0.75 0.25 0.02)
(0.8 0.25 0.02)
(0.85 0.25 0.02)
(0.9 0.25 0.02)
(0.95 0.25 0.02)
(1 0.25 0.02)
(1.05 0.25 0.02)
(1.1 0.25 0.02)
(1.15 0.25 0.02)
(1.2 0.25 0.02)
(1.25 0.25 0.02)
(1.3 0.25 0.02)
(1.35 0.25 0.02)
(1.4 0.25 0.02)
(1.45 0.25 0.02)
(1.5 0.25 0.02)
(1.55 0.25 0.02)
(1.6 0.25 0.02)
(1.65 0.25 0.02)
(1.7 0.25 0.02)
(1.75 0.25 0.02)
(1.8 0.25 0.02)
(1.85 0.25 0.02)
(1.9 0.25 0.02)
(1.95 0.25 0.02)
(2 0.25 0.02)
(2.05 0.25 0.02)
(2.1 0.25 0.02)
(2.15 0.25 0.02)
(2.2 0.25 0.02)
(2.25 0.25 0.02)
(2.3 0.25 0.02)
(2.35 0.25 0.02)
(2.4 0.25 0.02)
(2.45 0.25 0.02)
(2.5 0.25 0.02)
(2.55 0.25 0.02)
(2.6 0.25 0.02)
(2.65 0.25 0.02)
(2.7 0.25 0.02)
(2.75 0.25 0.02)
(2.8 0.25 0.02)
(2.85 0.25 0.02)
(2.9 0.25 0.02)
(2.95 0.25 0.02)
(3 0.25 0.02)
(3.05 0.25 0.02)
(3.1 0.25 0.02)
(3.15 0.25 0.02)
(3.2 0.25 0.02)
(3.25 0.25 0.02)
(3.3 0.25 0.02)
(3.35 0.25 0.02)
(3.4 0.25 0.02)
(3.45 0.25 0.02)
(3.5 0.25 0.02)
(3.55 0.25 0.02)
(3.6 0.25 0.02)
(3.65 0.25 0.02)
(3.7 0.25 0.02)
(3.75 0.25 0.02)
(3.8 0.25 0.02)
(3.85 0.25 0.02)
(3.9 0.25 0.02)
(3.95 0.25 0.02)
(4 0.25 0.02)
(4.05 0.25 0.02)
(4.1 0.25 0.02)
(4.15 0.25 0.02)
(4.2 0.25 0.02)
(4.25 0.25 0.02)
(4.3 0.25 0.02)
(4.35 0.25 0.02)
(4.4 0.25 0.02)
(4.45 0.25 0.02)
(4.5 0.25 0.02)
(4.55 0.25 0.02)
(4.6 0.25 0.02)
(4.65 0.25 0.02)
(4.7 0.25 0.02)
(4.75 0.25 0.02)
(4.8 0.25 0.02)
(4.85 0.25 0.02)
(4.9 0.25 0.02)
(4.95 0.25 0.02)
(5 0.25 0.02)
(5.05 0.25 0.02)
(5.1 0.25 0.02)
(5.15 0.25 0.02)
(5.2 0.25 0.02)
(5.25 0.25 0.02)
(5.3 0.25 0.02)
(5.35 0.25 0.02)
(5.4 0.25 0.02)
(5.45 0.25 0.02)
(5.5 0.25 0.02)
(5.55 0.25 0.02)
(5.6 0.25 0.02)
(5.65 0.25 0.02)
(5.7 0.25 0.02)
(5.75 0.25 0.02)
(5.8 0.25 0.02)
(5.85 0.25 0.02)
(5.9 0.25 0.02)
(5.95 0.25 0.02)
(6 0.25 0.02)
(6.05 0.25 0.02)
(6.1 0.25 0.02)
(6.15 0.25 0.02)
(6.2 0.25 0.02)
(6.25 0.25 0.02)
(6.3 0.25 0.02)
(6.35 0.25 0.02)
(6.4 0.25 0.02)
(6.45 0.25 0.02)
(6.5 0.25 0.02)
(6.55 0.25 0.02)
(6.6 0.25 0.02)
(6.65 0.25 0.02)
(6.7 0.25 0.02)
(6.75 0.25 0.02)
(6.8 0.25 0.02)
(6.85 0.25 0.02)
(6.9 0.25 0.02)
(6.95 0.25 0.02)
(7 0.25 0.02)
(7.05 0.25 0.02)
(7.1 0.25 0.02)
(7.15 0.25 0.02)
(7.2 0.25 0.02)
(7.25 0.25 0.02)
(7.3 0.25 0.02)
(7.35 0.25 0.02)
(7.4 0.25 0.02)
(7.45 0.25 0.02)
(7.5 0.25 0.02)
(7.55 0.25 0.02)
(7.6 0.25 0.02)
(7.65 0.25 0.02)
(7.7 0.25 0.02)
(7.75 0.25 0.02)
(7.8 0.25 0.02)
(7.85 0.25 0.02)
(7.9 0.25 0.02)
(7.95 0.25 0.02)
(8 0.25 0.02)
(8.05 0.25 0.02)
(8.1 0.25 0.02)
(8.15 0.25 0.02)
(8.2 0.25 0.02)
(8.25 0.25 0.02)
(8.3 0.25 0.02)
(8.35 0.25 0.02)
(8.4 0.25 0.02)
(8.45 0.25 0.02)
(8.5 0.25 0.02)
(8.55 0.25 0.02)
(8.6 0.25 0.02)
(8.65 0.25 0.02)
(8.7 0.25 0.02)
(8.75 0.25 0.02)
(8.8 0.25 0.02)
(8.85 0.25 0.02)
(8.9 0.25 0.02)
(8.95 0.25 0.02)
(9 0.25 0.02)
(9.05 0.25 0.02)
(9.1 0.25 0.02)
(9.15 0.25 0.02)
(9.2 0.25 0.02)
(9.25 0.25 0.02)
(9.3 0.25 0.02)
(9.35 0.25 0.02)
(9.4 0.25 0.02)
(9.45 0.25 0.02)
(9.5 0.25 0.02)
(9.55 0.25 0.02)
(9.6 0.25 0.02)
(9.65 0.25 0.02)
(9.7 0.25 0.02)
(9.75 0.25 0.02)
(9.8 0.25 0.02)
(9.85 0.25 0.02)
(9.9 0.25 0.02)
(9.95 0.25 0.02)
(10 0.25 0.02)
(0 0.3 0.02)
(0.05 0.3 0.02)
(0.1 0.3 0.02)
(0.15 0.3 0.02)
(0.2 0.3 0.02)
(0.25 0.3 0.02)
(0.3 0.3 0.02)
(0.35 0.3 0.02)
(0.4 0.3 0.02)
(0.45 0.3 0.02)
(0.5 0.3 0.02)
(0.55 0.3 0.02)
(0.6 0.3 0.02)
(0.65 0.3 0.02)
(0.7 0.3 0.02)
(0.75 0.3 0.02)
(0.8 0.3 0.02)
(0.85 0.3 0.02)
(0.9 0.3 0.02)
(0.95 0.3 0.02)
(1 0.3 0.02)
(1.05 0.3 0.02)
(1.1 0.3 0.02)
(1.15 0.3 0.02)
(1.2 0.3 0.02)
(1.25 0.3 0.02)
(1.3 0.3 0.02)
(1.35 0.3 0.02)
(1.4 0.3 0.02)
(1.45 0.3 0.02)
(1.5 0.3 0.02)
(1.55 0.3 0.02)
(1.6 0.3 0.02)
(1.65 0.3 0.02)
(1.7 0.3 0.02)
(1.75 0.3 0.02)
(1.8 0.3 0.02)
(1.85 0.3 0.02)
(1.9 0.3 0.02)
(1.95 0.3 0.02)
(2 0.3 0.02)
(2.05 0.3 0.02)
(2.1 0.3 0.02)
(2.15 0.3 0.02)
(2.2 0.3 0.02)
(2.25 0.3 0.02)
(2.3 0.3 0.02)
(2.35 0.3 0.02)
(2.4 0.3 0.02)
(2.45 0.3 0.02)
(2.5 0.3 0.02)
(2.55 0.3 0.02)
(2.6 0.3 0.02)
(2.65 0.3 0.02)
(2.7 0.3 0.02)
(2.75 0.3 0.02)
(2.8 0.3 0.02)
(2.85 0.3 0.02)
(2.9 0.3 0.02)
(2.95 0.3 0.02)
(3 0.3 0.02)
(3.05 0.3 0.02)
(3.1 0.3 0.02)
(3.15 0.3 0.02)
(3.2 0.3 0.02)
(3.25 0.3 0.02)
(3.3 0.3 0.02)
(3.35 0.3 0.02)
(3.4 0.3 0.02)
(3.45 0.3 0.02)
(3.5 0.3 0.02)
(3.55 0.3 0.02)
(3.6 0.3 0.02)
(3.65 0.3 0.02)
(3.7 0.3 0.02)
(3.75 0.3 0.02)
(3.8 0.3 0.02)
(3.85 0.3 0.02)
(3.9 0.3 0.02)
(3.95 0.3 0.02)
(4 0.3 0.02)
(4.05 0.3 0.02)
(4.1 0.3 0.02)
(4.15 0.3 0.02)
(4.2 0.3 0.02)
(4.25 0.3 0.02)
(4.3 0.3 0.02)
(4.35 0.3 0.02)
(4.4 0.3 0.02)
(4.45 0.3 0.02)
(4.5 0.3 0.02)
(4.55 0.3 0.02)
(4.6 0.3 0.02)
(4.65 0.3 0.02)
(4.7 0.3 0.02)
(4.75 0.3 0.02)
(4.8 0.3 0.02)
(4.85 0.3 0.02)
(4.9 0.3 0.02)
(4.95 0.3 0.02)
(5 0.3 0.02)
(5.05 0.3 0.02)
(5.1 0.3 0.02)
(5.15 0.3 0.02)
(5.2 0.3 0.02)
(5.25 0.3 0.02)
(5.3 0.3 0.02)
(5.35 0.3 0.02)
(5.4 0.3 0.02)
(5.45 0.3 0.02)
(5.5 0.3 0.02)
(5.55 0.3 0.02)
(5.6 0.3 0.02)
(5.65 0.3 0.02)
(5.7 0.3 0.02)
(5.75 0.3 0.02)
(5.8 0.3 0.02)
(5.85 0.3 0.02)
(5.9 0.3 0.02)
(5.95 0.3 0.02)
(6 0.3 0.02)
(6.05 0.3 0.02)
(6.1 0.3 0.02)
(6.15 0.3 0.02)
(6.2 0.3 0.02)
(6.25 0.3 0.02)
(6.3 0.3 0.02)
(6.35 0.3 0.02)
(6.4 0.3 0.02)
(6.45 0.3 0.02)
(6.5 0.3 0.02)
(6.55 0.3 0.02)
(6.6 0.3 0.02)
(6.65 0.3 0.02)
(6.7 0.3 0.02)
(6.75 0.3 0.02)
(6.8 0.3 0.02)
(6.85 0.3 0.02)
(6.9 0.3 0.02)
(6.95 0.3 0.02)
(7 0.3 0.02)
(7.05 0.3 0.02)
(7.1 0.3 0.02)
(7.15 0.3 0.02)
(7.2 0.3 0.02)
(7.25 0.3 0.02)
(7.3 0.3 0.02)
(7.35 0.3 0.02)
(7.4 0.3 0.02)
(7.45 0.3 0.02)
(7.5 0.3 0.02)
(7.55 0.3 0.02)
(7.6 0.3 0.02)
(7.65 0.3 0.02)
(7.7 0.3 0.02)
(7.75 0.3 0.02)
(7.8 0.3 0.02)
(7.85 0.3 0.02)
(7.9 0.3 0.02)
(7.95 0.3 0.02)
(8 0.3 0.02)
(8.05 0.3 0.02)
(8.1 0.3 0.02)
(8.15 0.3 0.02)
(8.2 0.3 0.02)
(8.25 0.3 0.02)
(8.3 0.3 0.02)
(8.35 0.3 0.02)
(8.4 0.3 0.02)
(8.45 0.3 0.02)
(8.5 0.3 0.02)
(8.55 0.3 0.02)
(8.6 0.3 0.02)
(8.65 0.3 0.02)
(8.7 0.3 0.02)
(8.75 0.3 0.02)
(8.8 0.3 0.02)
(8.85 0.3 0.02)
(8.9 0.3 0.02)
(8.95 0.3 0.02)
(9 0.3 0.02)
(9.05 0.3 0.02)
(9.1 0.3 0.02)
(9.15 0.3 0.02)
(9.2 0.3 0.02)
(9.25 0.3 0.02)
(9.3 0.3 0.02)
(9.35 0.3 0.02)
(9.4 0.3 0.02)
(9.45 0.3 0.02)
(9.5 0.3 0.02)
(9.55 0.3 0.02)
(9.6 0.3 0.02)
(9.65 0.3 0.02)
(9.7 0.3 0.02)
(9.75 0.3 0.02)
(9.8 0.3 0.02)
(9.85 0.3 0.02)
(9.9 0.3 0.02)
(9.95 0.3 0.02)
(10 0.3 0.02)
(0 0.35 0.02)
(0.05 0.35 0.02)
(0.1 0.35 0.02)
(0.15 0.35 0.02)
(0.2 0.35 0.02)
(0.25 0.35 0.02)
(0.3 0.35 0.02)
(0.35 0.35 0.02)
(0.4 0.35 0.02)
(0.45 0.35 0.02)
(0.5 0.35 0.02)
(0.55 0.35 0.02)
(0.6 0.35 0.02)
(0.65 0.35 0.02)
(0.7 0.35 0.02)
(0.75 0.35 0.02)
(0.8 0.35 0.02)
(0.85 0.35 0.02)
(0.9 0.35 0.02)
(0.95 0.35 0.02)
(1 0.35 0.02)
(1.05 0.35 0.02)
(1.1 0.35 0.02)
(1.15 0.35 0.02)
(1.2 0.35 0.02)
(1.25 0.35 0.02)
(1.3 0.35 0.02)
(1.35 0.35 0.02)
(1.4 0.35 0.02)
(1.45 0.35 0.02)
(1.5 0.35 0.02)
(1.55 0.35 0.02)
(1.6 0.35 0.02)
(1.65 0.35 0.02)
(1.7 0.35 0.02)
(1.75 0.35 0.02)
(1.8 0.35 0.02)
(1.85 0.35 0.02)
(1.9 0.35 0.02)
(1.95 0.35 0.02)
(2 0.35 0.02)
(2.05 0.35 0.02)
(2.1 0.35 0.02)
(2.15 0.35 0.02)
(2.2 0.35 0.02)
(2.25 0.35 0.02)
(2.3 0.35 0.02)
(2.35 0.35 0.02)
(2.4 0.35 0.02)
(2.45 0.35 0.02)
(2.5 0.35 0.02)
(2.55 0.35 0.02)
(2.6 0.35 0.02)
(2.65 0.35 0.02)
(2.7 0.35 0.02)
(2.75 0.35 0.02)
(2.8 0.35 0.02)
(2.85 0.35 0.02)
(2.9 0.35 0.02)
(2.95 0.35 0.02)
(3 0.35 0.02)
(3.05 0.35 0.02)
(3.1 0.35 0.02)
(3.15 0.35 0.02)
(3.2 0.35 0.02)
(3.25 0.35 0.02)
(3.3 0.35 0.02)
(3.35 0.35 0.02)
(3.4 0.35 0.02)
(3.45 0.35 0.02)
(3.5 0.35 0.02)
(3.55 0.35 0.02)
(3.6 0.35 0.02)
(3.65 0.35 0.02)
(3.7 0.35 0.02)
(3.75 0.35 0.02)
(3.8 0.35 0.02)
(3.85 0.35 0.02)
(3.9 0.35 0.02)
(3.95 0.35 0.02)
(4 0.35 0.02)
(4.05 0.35 0.02)
(4.1 0.35 0.02)
(4.15 0.35 0.02)
(4.2 0.35 0.02)
(4.25 0.35 0.02)
(4.3 0.35 0.02)
(4.35 0.35 0.02)
(4.4 0.35 0.02)
(4.45 0.35 0.02)
(4.5 0.35 0.02)
(4.55 0.35 0.02)
(4.6 0.35 0.02)
(4.65 0.35 0.02)
(4.7 0.35 0.02)
(4.75 0.35 0.02)
(4.8 0.35 0.02)
(4.85 0.35 0.02)
(4.9 0.35 0.02)
(4.95 0.35 0.02)
(5 0.35 0.02)
(5.05 0.35 0.02)
(5.1 0.35 0.02)
(5.15 0.35 0.02)
(5.2 0.35 0.02)
(5.25 0.35 0.02)
(5.3 0.35 0.02)
(5.35 0.35 0.02)
(5.4 0.35 0.02)
(5.45 0.35 0.02)
(5.5 0.35 0.02)
(5.55 0.35 0.02)
(5.6 0.35 0.02)
(5.65 0.35 0.02)
(5.7 0.35 0.02)
(5.75 0.35 0.02)
(5.8 0.35 0.02)
(5.85 0.35 0.02)
(5.9 0.35 0.02)
(5.95 0.35 0.02)
(6 0.35 0.02)
(6.05 0.35 0.02)
(6.1 0.35 0.02)
(6.15 0.35 0.02)
(6.2 0.35 0.02)
(6.25 0.35 0.02)
(6.3 0.35 0.02)
(6.35 0.35 0.02)
(6.4 0.35 0.02)
(6.45 0.35 0.02)
(6.5 0.35 0.02)
(6.55 0.35 0.02)
(6.6 0.35 0.02)
(6.65 0.35 0.02)
(6.7 0.35 0.02)
(6.75 0.35 0.02)
(6.8 0.35 0.02)
(6.85 0.35 0.02)
(6.9 0.35 0.02)
(6.95 0.35 0.02)
(7 0.35 0.02)
(7.05 0.35 0.02)
(7.1 0.35 0.02)
(7.15 0.35 0.02)
(7.2 0.35 0.02)
(7.25 0.35 0.02)
(7.3 0.35 0.02)
(7.35 0.35 0.02)
(7.4 0.35 0.02)
(7.45 0.35 0.02)
(7.5 0.35 0.02)
(7.55 0.35 0.02)
(7.6 0.35 0.02)
(7.65 0.35 0.02)
(7.7 0.35 0.02)
(7.75 0.35 0.02)
(7.8 0.35 0.02)
(7.85 0.35 0.02)
(7.9 0.35 0.02)
(7.95 0.35 0.02)
(8 0.35 0.02)
(8.05 0.35 0.02)
(8.1 0.35 0.02)
(8.15 0.35 0.02)
(8.2 0.35 0.02)
(8.25 0.35 0.02)
(8.3 0.35 0.02)
(8.35 0.35 0.02)
(8.4 0.35 0.02)
(8.45 0.35 0.02)
(8.5 0.35 0.02)
(8.55 0.35 0.02)
(8.6 0.35 0.02)
(8.65 0.35 0.02)
(8.7 0.35 0.02)
(8.75 0.35 0.02)
(8.8 0.35 0.02)
(8.85 0.35 0.02)
(8.9 0.35 0.02)
(8.95 0.35 0.02)
(9 0.35 0.02)
(9.05 0.35 0.02)
(9.1 0.35 0.02)
(9.15 0.35 0.02)
(9.2 0.35 0.02)
(9.25 0.35 0.02)
(9.3 0.35 0.02)
(9.35 0.35 0.02)
(9.4 0.35 0.02)
(9.45 0.35 0.02)
(9.5 0.35 0.02)
(9.55 0.35 0.02)
(9.6 0.35 0.02)
(9.65 0.35 0.02)
(9.7 0.35 0.02)
(9.75 0.35 0.02)
(9.8 0.35 0.02)
(9.85 0.35 0.02)
(9.9 0.35 0.02)
(9.95 0.35 0.02)
(10 0.35 0.02)
(0 0.4 0.02)
(0.05 0.4 0.02)
(0.1 0.4 0.02)
(0.15 0.4 0.02)
(0.2 0.4 0.02)
(0.25 0.4 0.02)
(0.3 0.4 0.02)
(0.35 0.4 0.02)
(0.4 0.4 0.02)
(0.45 0.4 0.02)
(0.5 0.4 0.02)
(0.55 0.4 0.02)
(0.6 0.4 0.02)
(0.65 0.4 0.02)
(0.7 0.4 0.02)
(0.75 0.4 0.02)
(0.8 0.4 0.02)
(0.85 0.4 0.02)
(0.9 0.4 0.02)
(0.95 0.4 0.02)
(1 0.4 0.02)
(1.05 0.4 0.02)
(1.1 0.4 0.02)
(1.15 0.4 0.02)
(1.2 0.4 0.02)
(1.25 0.4 0.02)
(1.3 0.4 0.02)
(1.35 0.4 0.02)
(1.4 0.4 0.02)
(1.45 0.4 0.02)
(1.5 0.4 0.02)
(1.55 0.4 0.02)
(1.6 0.4 0.02)
(1.65 0.4 0.02)
(1.7 0.4 0.02)
(1.75 0.4 0.02)
(1.8 0.4 0.02)
(1.85 0.4 0.02)
(1.9 0.4 0.02)
(1.95 0.4 0.02)
(2 0.4 0.02)
(2.05 0.4 0.02)
(2.1 0.4 0.02)
(2.15 0.4 0.02)
(2.2 0.4 0.02)
(2.25 0.4 0.02)
(2.3 0.4 0.02)
(2.35 0.4 0.02)
(2.4 0.4 0.02)
(2.45 0.4 0.02)
(2.5 0.4 0.02)
(2.55 0.4 0.02)
(2.6 0.4 0.02)
(2.65 0.4 0.02)
(2.7 0.4 0.02)
(2.75 0.4 0.02)
(2.8 0.4 0.02)
(2.85 0.4 0.02)
(2.9 0.4 0.02)
(2.95 0.4 0.02)
(3 0.4 0.02)
(3.05 0.4 0.02)
(3.1 0.4 0.02)
(3.15 0.4 0.02)
(3.2 0.4 0.02)
(3.25 0.4 0.02)
(3.3 0.4 0.02)
(3.35 0.4 0.02)
(3.4 0.4 0.02)
(3.45 0.4 0.02)
(3.5 0.4 0.02)
(3.55 0.4 0.02)
(3.6 0.4 0.02)
(3.65 0.4 0.02)
(3.7 0.4 0.02)
(3.75 0.4 0.02)
(3.8 0.4 0.02)
(3.85 0.4 0.02)
(3.9 0.4 0.02)
(3.95 0.4 0.02)
(4 0.4 0.02)
(4.05 0.4 0.02)
(4.1 0.4 0.02)
(4.15 0.4 0.02)
(4.2 0.4 0.02)
(4.25 0.4 0.02)
(4.3 0.4 0.02)
(4.35 0.4 0.02)
(4.4 0.4 0.02)
(4.45 0.4 0.02)
(4.5 0.4 0.02)
(4.55 0.4 0.02)
(4.6 0.4 0.02)
(4.65 0.4 0.02)
(4.7 0.4 0.02)
(4.75 0.4 0.02)
(4.8 0.4 0.02)
(4.85 0.4 0.02)
(4.9 0.4 0.02)
(4.95 0.4 0.02)
(5 0.4 0.02)
(5.05 0.4 0.02)
(5.1 0.4 0.02)
(5.15 0.4 0.02)
(5.2 0.4 0.02)
(5.25 0.4 0.02)
(5.3 0.4 0.02)
(5.35 0.4 0.02)
(5.4 0.4 0.02)
(5.45 0.4 0.02)
(5.5 0.4 0.02)
(5.55 0.4 0.02)
(5.6 0.4 0.02)
(5.65 0.4 0.02)
(5.7 0.4 0.02)
(5.75 0.4 0.02)
(5.8 0.4 0.02)
(5.85 0.4 0.02)
(5.9 0.4 0.02)
(5.95 0.4 0.02)
(6 0.4 0.02)
(6.05 0.4 0.02)
(6.1 0.4 0.02)
(6.15 0.4 0.02)
(6.2 0.4 0.02)
(6.25 0.4 0.02)
(6.3 0.4 0.02)
(6.35 0.4 0.02)
(6.4 0.4 0.02)
(6.45 0.4 0.02)
(6.5 0.4 0.02)
(6.55 0.4 0.02)
(6.6 0.4 0.02)
(6.65 0.4 0.02)
(6.7 0.4 0.02)
(6.75 0.4 0.02)
(6.8 0.4 0.02)
(6.85 0.4 0.02)
(6.9 0.4 0.02)
(6.95 0.4 0.02)
(7 0.4 0.02)
(7.05 0.4 0.02)
(7.1 0.4 0.02)
(7.15 0.4 0.02)
(7.2 0.4 0.02)
(7.25 0.4 0.02)
(7.3 0.4 0.02)
(7.35 0.4 0.02)
(7.4 0.4 0.02)
(7.45 0.4 0.02)
(7.5 0.4 0.02)
(7.55 0.4 0.02)
(7.6 0.4 0.02)
(7.65 0.4 0.02)
(7.7 0.4 0.02)
(7.75 0.4 0.02)
(7.8 0.4 0.02)
(7.85 0.4 0.02)
(7.9 0.4 0.02)
(7.95 0.4 0.02)
(8 0.4 0.02)
(8.05 0.4 0.02)
(8.1 0.4 0.02)
(8.15 0.4 0.02)
(8.2 0.4 0.02)
(8.25 0.4 0.02)
(8.3 0.4 0.02)
(8.35 0.4 0.02)
(8.4 0.4 0.02)
(8.45 0.4 0.02)
(8.5 0.4 0.02)
(8.55 0.4 0.02)
(8.6 0.4 0.02)
(8.65 0.4 0.02)
(8.7 0.4 0.02)
(8.75 0.4 0.02)
(8.8 0.4 0.02)
(8.85 0.4 0.02)
(8.9 0.4 0.02)
(8.95 0.4 0.02)
(9 0.4 0.02)
(9.05 0.4 0.02)
(9.1 0.4 0.02)
(9.15 0.4 0.02)
(9.2 0.4 0.02)
(9.25 0.4 0.02)
(9.3 0.4 0.02)
(9.35 0.4 0.02)
(9.4 0.4 0.02)
(9.45 0.4 0.02)
(9.5 0.4 0.02)
(9.55 0.4 0.02)
(9.6 0.4 0.02)
(9.65 0.4 0.02)
(9.7 0.4 0.02)
(9.75 0.4 0.02)
(9.8 0.4 0.02)
(9.85 0.4 0.02)
(9.9 0.4 0.02)
(9.95 0.4 0.02)
(10 0.4 0.02)
(0 0.45 0.02)
(0.05 0.45 0.02)
(0.1 0.45 0.02)
(0.15 0.45 0.02)
(0.2 0.45 0.02)
(0.25 0.45 0.02)
(0.3 0.45 0.02)
(0.35 0.45 0.02)
(0.4 0.45 0.02)
(0.45 0.45 0.02)
(0.5 0.45 0.02)
(0.55 0.45 0.02)
(0.6 0.45 0.02)
(0.65 0.45 0.02)
(0.7 0.45 0.02)
(0.75 0.45 0.02)
(0.8 0.45 0.02)
(0.85 0.45 0.02)
(0.9 0.45 0.02)
(0.95 0.45 0.02)
(1 0.45 0.02)
(1.05 0.45 0.02)
(1.1 0.45 0.02)
(1.15 0.45 0.02)
(1.2 0.45 0.02)
(1.25 0.45 0.02)
(1.3 0.45 0.02)
(1.35 0.45 0.02)
(1.4 0.45 0.02)
(1.45 0.45 0.02)
(1.5 0.45 0.02)
(1.55 0.45 0.02)
(1.6 0.45 0.02)
(1.65 0.45 0.02)
(1.7 0.45 0.02)
(1.75 0.45 0.02)
(1.8 0.45 0.02)
(1.85 0.45 0.02)
(1.9 0.45 0.02)
(1.95 0.45 0.02)
(2 0.45 0.02)
(2.05 0.45 0.02)
(2.1 0.45 0.02)
(2.15 0.45 0.02)
(2.2 0.45 0.02)
(2.25 0.45 0.02)
(2.3 0.45 0.02)
(2.35 0.45 0.02)
(2.4 0.45 0.02)
(2.45 0.45 0.02)
(2.5 0.45 0.02)
(2.55 0.45 0.02)
(2.6 0.45 0.02)
(2.65 0.45 0.02)
(2.7 0.45 0.02)
(2.75 0.45 0.02)
(2.8 0.45 0.02)
(2.85 0.45 0.02)
(2.9 0.45 0.02)
(2.95 0.45 0.02)
(3 0.45 0.02)
(3.05 0.45 0.02)
(3.1 0.45 0.02)
(3.15 0.45 0.02)
(3.2 0.45 0.02)
(3.25 0.45 0.02)
(3.3 0.45 0.02)
(3.35 0.45 0.02)
(3.4 0.45 0.02)
(3.45 0.45 0.02)
(3.5 0.45 0.02)
(3.55 0.45 0.02)
(3.6 0.45 0.02)
(3.65 0.45 0.02)
(3.7 0.45 0.02)
(3.75 0.45 0.02)
(3.8 0.45 0.02)
(3.85 0.45 0.02)
(3.9 0.45 0.02)
(3.95 0.45 0.02)
(4 0.45 0.02)
(4.05 0.45 0.02)
(4.1 0.45 0.02)
(4.15 0.45 0.02)
(4.2 0.45 0.02)
(4.25 0.45 0.02)
(4.3 0.45 0.02)
(4.35 0.45 0.02)
(4.4 0.45 0.02)
(4.45 0.45 0.02)
(4.5 0.45 0.02)
(4.55 0.45 0.02)
(4.6 0.45 0.02)
(4.65 0.45 0.02)
(4.7 0.45 0.02)
(4.75 0.45 0.02)
(4.8 0.45 0.02)
(4.85 0.45 0.02)
(4.9 0.45 0.02)
(4.95 0.45 0.02)
(5 0.45 0.02)
(5.05 0.45 0.02)
(5.1 0.45 0.02)
(5.15 0.45 0.02)
(5.2 0.45 0.02)
(5.25 0.45 0.02)
(5.3 0.45 0.02)
(5.35 0.45 0.02)
(5.4 0.45 0.02)
(5.45 0.45 0.02)
(5.5 0.45 0.02)
(5.55 0.45 0.02)
(5.6 0.45 0.02)
(5.65 0.45 0.02)
(5.7 0.45 0.02)
(5.75 0.45 0.02)
(5.8 0.45 0.02)
(5.85 0.45 0.02)
(5.9 0.45 0.02)
(5.95 0.45 0.02)
(6 0.45 0.02)
(6.05 0.45 0.02)
(6.1 0.45 0.02)
(6.15 0.45 0.02)
(6.2 0.45 0.02)
(6.25 0.45 0.02)
(6.3 0.45 0.02)
(6.35 0.45 0.02)
(6.4 0.45 0.02)
(6.45 0.45 0.02)
(6.5 0.45 0.02)
(6.55 0.45 0.02)
(6.6 0.45 0.02)
(6.65 0.45 0.02)
(6.7 0.45 0.02)
(6.75 0.45 0.02)
(6.8 0.45 0.02)
(6.85 0.45 0.02)
(6.9 0.45 0.02)
(6.95 0.45 0.02)
(7 0.45 0.02)
(7.05 0.45 0.02)
(7.1 0.45 0.02)
(7.15 0.45 0.02)
(7.2 0.45 0.02)
(7.25 0.45 0.02)
(7.3 0.45 0.02)
(7.35 0.45 0.02)
(7.4 0.45 0.02)
(7.45 0.45 0.02)
(7.5 0.45 0.02)
(7.55 0.45 0.02)
(7.6 0.45 0.02)
(7.65 0.45 0.02)
(7.7 0.45 0.02)
(7.75 0.45 0.02)
(7.8 0.45 0.02)
(7.85 0.45 0.02)
(7.9 0.45 0.02)
(7.95 0.45 0.02)
(8 0.45 0.02)
(8.05 0.45 0.02)
(8.1 0.45 0.02)
(8.15 0.45 0.02)
(8.2 0.45 0.02)
(8.25 0.45 0.02)
(8.3 0.45 0.02)
(8.35 0.45 0.02)
(8.4 0.45 0.02)
(8.45 0.45 0.02)
(8.5 0.45 0.02)
(8.55 0.45 0.02)
(8.6 0.45 0.02)
(8.65 0.45 0.02)
(8.7 0.45 0.02)
(8.75 0.45 0.02)
(8.8 0.45 0.02)
(8.85 0.45 0.02)
(8.9 0.45 0.02)
(8.95 0.45 0.02)
(9 0.45 0.02)
(9.05 0.45 0.02)
(9.1 0.45 0.02)
(9.15 0.45 0.02)
(9.2 0.45 0.02)
(9.25 0.45 0.02)
(9.3 0.45 0.02)
(9.35 0.45 0.02)
(9.4 0.45 0.02)
(9.45 0.45 0.02)
(9.5 0.45 0.02)
(9.55 0.45 0.02)
(9.6 0.45 0.02)
(9.65 0.45 0.02)
(9.7 0.45 0.02)
(9.75 0.45 0.02)
(9.8 0.45 0.02)
(9.85 0.45 0.02)
(9.9 0.45 0.02)
(9.95 0.45 0.02)
(10 0.45 0.02)
(0 0.5 0.02)
(0.05 0.5 0.02)
(0.1 0.5 0.02)
(0.15 0.5 0.02)
(0.2 0.5 0.02)
(0.25 0.5 0.02)
(0.3 0.5 0.02)
(0.35 0.5 0.02)
(0.4 0.5 0.02)
(0.45 0.5 0.02)
(0.5 0.5 0.02)
(0.55 0.5 0.02)
(0.6 0.5 0.02)
(0.65 0.5 0.02)
(0.7 0.5 0.02)
(0.75 0.5 0.02)
(0.8 0.5 0.02)
(0.85 0.5 0.02)
(0.9 0.5 0.02)
(0.95 0.5 0.02)
(1 0.5 0.02)
(1.05 0.5 0.02)
(1.1 0.5 0.02)
(1.15 0.5 0.02)
(1.2 0.5 0.02)
(1.25 0.5 0.02)
(1.3 0.5 0.02)
(1.35 0.5 0.02)
(1.4 0.5 0.02)
(1.45 0.5 0.02)
(1.5 0.5 0.02)
(1.55 0.5 0.02)
(1.6 0.5 0.02)
(1.65 0.5 0.02)
(1.7 0.5 0.02)
(1.75 0.5 0.02)
(1.8 0.5 0.02)
(1.85 0.5 0.02)
(1.9 0.5 0.02)
(1.95 0.5 0.02)
(2 0.5 0.02)
(2.05 0.5 0.02)
(2.1 0.5 0.02)
(2.15 0.5 0.02)
(2.2 0.5 0.02)
(2.25 0.5 0.02)
(2.3 0.5 0.02)
(2.35 0.5 0.02)
(2.4 0.5 0.02)
(2.45 0.5 0.02)
(2.5 0.5 0.02)
(2.55 0.5 0.02)
(2.6 0.5 0.02)
(2.65 0.5 0.02)
(2.7 0.5 0.02)
(2.75 0.5 0.02)
(2.8 0.5 0.02)
(2.85 0.5 0.02)
(2.9 0.5 0.02)
(2.95 0.5 0.02)
(3 0.5 0.02)
(3.05 0.5 0.02)
(3.1 0.5 0.02)
(3.15 0.5 0.02)
(3.2 0.5 0.02)
(3.25 0.5 0.02)
(3.3 0.5 0.02)
(3.35 0.5 0.02)
(3.4 0.5 0.02)
(3.45 0.5 0.02)
(3.5 0.5 0.02)
(3.55 0.5 0.02)
(3.6 0.5 0.02)
(3.65 0.5 0.02)
(3.7 0.5 0.02)
(3.75 0.5 0.02)
(3.8 0.5 0.02)
(3.85 0.5 0.02)
(3.9 0.5 0.02)
(3.95 0.5 0.02)
(4 0.5 0.02)
(4.05 0.5 0.02)
(4.1 0.5 0.02)
(4.15 0.5 0.02)
(4.2 0.5 0.02)
(4.25 0.5 0.02)
(4.3 0.5 0.02)
(4.35 0.5 0.02)
(4.4 0.5 0.02)
(4.45 0.5 0.02)
(4.5 0.5 0.02)
(4.55 0.5 0.02)
(4.6 0.5 0.02)
(4.65 0.5 0.02)
(4.7 0.5 0.02)
(4.75 0.5 0.02)
(4.8 0.5 0.02)
(4.85 0.5 0.02)
(4.9 0.5 0.02)
(4.95 0.5 0.02)
(5 0.5 0.02)
(5.05 0.5 0.02)
(5.1 0.5 0.02)
(5.15 0.5 0.02)
(5.2 0.5 0.02)
(5.25 0.5 0.02)
(5.3 0.5 0.02)
(5.35 0.5 0.02)
(5.4 0.5 0.02)
(5.45 0.5 0.02)
(5.5 0.5 0.02)
(5.55 0.5 0.02)
(5.6 0.5 0.02)
(5.65 0.5 0.02)
(5.7 0.5 0.02)
(5.75 0.5 0.02)
(5.8 0.5 0.02)
(5.85 0.5 0.02)
(5.9 0.5 0.02)
(5.95 0.5 0.02)
(6 0.5 0.02)
(6.05 0.5 0.02)
(6.1 0.5 0.02)
(6.15 0.5 0.02)
(6.2 0.5 0.02)
(6.25 0.5 0.02)
(6.3 0.5 0.02)
(6.35 0.5 0.02)
(6.4 0.5 0.02)
(6.45 0.5 0.02)
(6.5 0.5 0.02)
(6.55 0.5 0.02)
(6.6 0.5 0.02)
(6.65 0.5 0.02)
(6.7 0.5 0.02)
(6.75 0.5 0.02)
(6.8 0.5 0.02)
(6.85 0.5 0.02)
(6.9 0.5 0.02)
(6.95 0.5 0.02)
(7 0.5 0.02)
(7.05 0.5 0.02)
(7.1 0.5 0.02)
(7.15 0.5 0.02)
(7.2 0.5 0.02)
(7.25 0.5 0.02)
(7.3 0.5 0.02)
(7.35 0.5 0.02)
(7.4 0.5 0.02)
(7.45 0.5 0.02)
(7.5 0.5 0.02)
(7.55 0.5 0.02)
(7.6 0.5 0.02)
(7.65 0.5 0.02)
(7.7 0.5 0.02)
(7.75 0.5 0.02)
(7.8 0.5 0.02)
(7.85 0.5 0.02)
(7.9 0.5 0.02)
(7.95 0.5 0.02)
(8 0.5 0.02)
(8.05 0.5 0.02)
(8.1 0.5 0.02)
(8.15 0.5 0.02)
(8.2 0.5 0.02)
(8.25 0.5 0.02)
(8.3 0.5 0.02)
(8.35 0.5 0.02)
(8.4 0.5 0.02)
(8.45 0.5 0.02)
(8.5 0.5 0.02)
(8.55 0.5 0.02)
(8.6 0.5 0.02)
(8.65 0.5 0.02)
(8.7 0.5 0.02)
(8.75 0.5 0.02)
(8.8 0.5 0.02)
(8.85 0.5 0.02)
(8.9 0.5 0.02)
(8.95 0.5 0.02)
(9 0.5 0.02)
(9.05 0.5 0.02)
(9.1 0.5 0.02)
(9.15 0.5 0.02)
(9.2 0.5 0.02)
(9.25 0.5 0.02)
(9.3 0.5 0.02)
(9.35 0.5 0.02)
(9.4 0.5 0.02)
(9.45 0.5 0.02)
(9.5 0.5 0.02)
(9.55 0.5 0.02)
(9.6 0.5 0.02)
(9.65 0.5 0.02)
(9.7 0.5 0.02)
(9.75 0.5 0.02)
(9.8 0.5 0.02)
(9.85 0.5 0.02)
(9.9 0.5 0.02)
(9.95 0.5 0.02)
(10 0.5 0.02)
(0 0.55 0.02)
(0.05 0.55 0.02)
(0.1 0.55 0.02)
(0.15 0.55 0.02)
(0.2 0.55 0.02)
(0.25 0.55 0.02)
(0.3 0.55 0.02)
(0.35 0.55 0.02)
(0.4 0.55 0.02)
(0.45 0.55 0.02)
(0.5 0.55 0.02)
(0.55 0.55 0.02)
(0.6 0.55 0.02)
(0.65 0.55 0.02)
(0.7 0.55 0.02)
(0.75 0.55 0.02)
(0.8 0.55 0.02)
(0.85 0.55 0.02)
(0.9 0.55 0.02)
(0.95 0.55 0.02)
(1 0.55 0.02)
(1.05 0.55 0.02)
(1.1 0.55 0.02)
(1.15 0.55 0.02)
(1.2 0.55 0.02)
(1.25 0.55 0.02)
(1.3 0.55 0.02)
(1.35 0.55 0.02)
(1.4 0.55 0.02)
(1.45 0.55 0.02)
(1.5 0.55 0.02)
(1.55 0.55 0.02)
(1.6 0.55 0.02)
(1.65 0.55 0.02)
(1.7 0.55 0.02)
(1.75 0.55 0.02)
(1.8 0.55 0.02)
(1.85 0.55 0.02)
(1.9 0.55 0.02)
(1.95 0.55 0.02)
(2 0.55 0.02)
(2.05 0.55 0.02)
(2.1 0.55 0.02)
(2.15 0.55 0.02)
(2.2 0.55 0.02)
(2.25 0.55 0.02)
(2.3 0.55 0.02)
(2.35 0.55 0.02)
(2.4 0.55 0.02)
(2.45 0.55 0.02)
(2.5 0.55 0.02)
(2.55 0.55 0.02)
(2.6 0.55 0.02)
(2.65 0.55 0.02)
(2.7 0.55 0.02)
(2.75 0.55 0.02)
(2.8 0.55 0.02)
(2.85 0.55 0.02)
(2.9 0.55 0.02)
(2.95 0.55 0.02)
(3 0.55 0.02)
(3.05 0.55 0.02)
(3.1 0.55 0.02)
(3.15 0.55 0.02)
(3.2 0.55 0.02)
(3.25 0.55 0.02)
(3.3 0.55 0.02)
(3.35 0.55 0.02)
(3.4 0.55 0.02)
(3.45 0.55 0.02)
(3.5 0.55 0.02)
(3.55 0.55 0.02)
(3.6 0.55 0.02)
(3.65 0.55 0.02)
(3.7 0.55 0.02)
(3.75 0.55 0.02)
(3.8 0.55 0.02)
(3.85 0.55 0.02)
(3.9 0.55 0.02)
(3.95 0.55 0.02)
(4 0.55 0.02)
(4.05 0.55 0.02)
(4.1 0.55 0.02)
(4.15 0.55 0.02)
(4.2 0.55 0.02)
(4.25 0.55 0.02)
(4.3 0.55 0.02)
(4.35 0.55 0.02)
(4.4 0.55 0.02)
(4.45 0.55 0.02)
(4.5 0.55 0.02)
(4.55 0.55 0.02)
(4.6 0.55 0.02)
(4.65 0.55 0.02)
(4.7 0.55 0.02)
(4.75 0.55 0.02)
(4.8 0.55 0.02)
(4.85 0.55 0.02)
(4.9 0.55 0.02)
(4.95 0.55 0.02)
(5 0.55 0.02)
(5.05 0.55 0.02)
(5.1 0.55 0.02)
(5.15 0.55 0.02)
(5.2 0.55 0.02)
(5.25 0.55 0.02)
(5.3 0.55 0.02)
(5.35 0.55 0.02)
(5.4 0.55 0.02)
(5.45 0.55 0.02)
(5.5 0.55 0.02)
(5.55 0.55 0.02)
(5.6 0.55 0.02)
(5.65 0.55 0.02)
(5.7 0.55 0.02)
(5.75 0.55 0.02)
(5.8 0.55 0.02)
(5.85 0.55 0.02)
(5.9 0.55 0.02)
(5.95 0.55 0.02)
(6 0.55 0.02)
(6.05 0.55 0.02)
(6.1 0.55 0.02)
(6.15 0.55 0.02)
(6.2 0.55 0.02)
(6.25 0.55 0.02)
(6.3 0.55 0.02)
(6.35 0.55 0.02)
(6.4 0.55 0.02)
(6.45 0.55 0.02)
(6.5 0.55 0.02)
(6.55 0.55 0.02)
(6.6 0.55 0.02)
(6.65 0.55 0.02)
(6.7 0.55 0.02)
(6.75 0.55 0.02)
(6.8 0.55 0.02)
(6.85 0.55 0.02)
(6.9 0.55 0.02)
(6.95 0.55 0.02)
(7 0.55 0.02)
(7.05 0.55 0.02)
(7.1 0.55 0.02)
(7.15 0.55 0.02)
(7.2 0.55 0.02)
(7.25 0.55 0.02)
(7.3 0.55 0.02)
(7.35 0.55 0.02)
(7.4 0.55 0.02)
(7.45 0.55 0.02)
(7.5 0.55 0.02)
(7.55 0.55 0.02)
(7.6 0.55 0.02)
(7.65 0.55 0.02)
(7.7 0.55 0.02)
(7.75 0.55 0.02)
(7.8 0.55 0.02)
(7.85 0.55 0.02)
(7.9 0.55 0.02)
(7.95 0.55 0.02)
(8 0.55 0.02)
(8.05 0.55 0.02)
(8.1 0.55 0.02)
(8.15 0.55 0.02)
(8.2 0.55 0.02)
(8.25 0.55 0.02)
(8.3 0.55 0.02)
(8.35 0.55 0.02)
(8.4 0.55 0.02)
(8.45 0.55 0.02)
(8.5 0.55 0.02)
(8.55 0.55 0.02)
(8.6 0.55 0.02)
(8.65 0.55 0.02)
(8.7 0.55 0.02)
(8.75 0.55 0.02)
(8.8 0.55 0.02)
(8.85 0.55 0.02)
(8.9 0.55 0.02)
(8.95 0.55 0.02)
(9 0.55 0.02)
(9.05 0.55 0.02)
(9.1 0.55 0.02)
(9.15 0.55 0.02)
(9.2 0.55 0.02)
(9.25 0.55 0.02)
(9.3 0.55 0.02)
(9.35 0.55 0.02)
(9.4 0.55 0.02)
(9.45 0.55 0.02)
(9.5 0.55 0.02)
(9.55 0.55 0.02)
(9.6 0.55 0.02)
(9.65 0.55 0.02)
(9.7 0.55 0.02)
(9.75 0.55 0.02)
(9.8 0.55 0.02)
(9.85 0.55 0.02)
(9.9 0.55 0.02)
(9.95 0.55 0.02)
(10 0.55 0.02)
(0 0.6 0.02)
(0.05 0.6 0.02)
(0.1 0.6 0.02)
(0.15 0.6 0.02)
(0.2 0.6 0.02)
(0.25 0.6 0.02)
(0.3 0.6 0.02)
(0.35 0.6 0.02)
(0.4 0.6 0.02)
(0.45 0.6 0.02)
(0.5 0.6 0.02)
(0.55 0.6 0.02)
(0.6 0.6 0.02)
(0.65 0.6 0.02)
(0.7 0.6 0.02)
(0.75 0.6 0.02)
(0.8 0.6 0.02)
(0.85 0.6 0.02)
(0.9 0.6 0.02)
(0.95 0.6 0.02)
(1 0.6 0.02)
(1.05 0.6 0.02)
(1.1 0.6 0.02)
(1.15 0.6 0.02)
(1.2 0.6 0.02)
(1.25 0.6 0.02)
(1.3 0.6 0.02)
(1.35 0.6 0.02)
(1.4 0.6 0.02)
(1.45 0.6 0.02)
(1.5 0.6 0.02)
(1.55 0.6 0.02)
(1.6 0.6 0.02)
(1.65 0.6 0.02)
(1.7 0.6 0.02)
(1.75 0.6 0.02)
(1.8 0.6 0.02)
(1.85 0.6 0.02)
(1.9 0.6 0.02)
(1.95 0.6 0.02)
(2 0.6 0.02)
(2.05 0.6 0.02)
(2.1 0.6 0.02)
(2.15 0.6 0.02)
(2.2 0.6 0.02)
(2.25 0.6 0.02)
(2.3 0.6 0.02)
(2.35 0.6 0.02)
(2.4 0.6 0.02)
(2.45 0.6 0.02)
(2.5 0.6 0.02)
(2.55 0.6 0.02)
(2.6 0.6 0.02)
(2.65 0.6 0.02)
(2.7 0.6 0.02)
(2.75 0.6 0.02)
(2.8 0.6 0.02)
(2.85 0.6 0.02)
(2.9 0.6 0.02)
(2.95 0.6 0.02)
(3 0.6 0.02)
(3.05 0.6 0.02)
(3.1 0.6 0.02)
(3.15 0.6 0.02)
(3.2 0.6 0.02)
(3.25 0.6 0.02)
(3.3 0.6 0.02)
(3.35 0.6 0.02)
(3.4 0.6 0.02)
(3.45 0.6 0.02)
(3.5 0.6 0.02)
(3.55 0.6 0.02)
(3.6 0.6 0.02)
(3.65 0.6 0.02)
(3.7 0.6 0.02)
(3.75 0.6 0.02)
(3.8 0.6 0.02)
(3.85 0.6 0.02)
(3.9 0.6 0.02)
(3.95 0.6 0.02)
(4 0.6 0.02)
(4.05 0.6 0.02)
(4.1 0.6 0.02)
(4.15 0.6 0.02)
(4.2 0.6 0.02)
(4.25 0.6 0.02)
(4.3 0.6 0.02)
(4.35 0.6 0.02)
(4.4 0.6 0.02)
(4.45 0.6 0.02)
(4.5 0.6 0.02)
(4.55 0.6 0.02)
(4.6 0.6 0.02)
(4.65 0.6 0.02)
(4.7 0.6 0.02)
(4.75 0.6 0.02)
(4.8 0.6 0.02)
(4.85 0.6 0.02)
(4.9 0.6 0.02)
(4.95 0.6 0.02)
(5 0.6 0.02)
(5.05 0.6 0.02)
(5.1 0.6 0.02)
(5.15 0.6 0.02)
(5.2 0.6 0.02)
(5.25 0.6 0.02)
(5.3 0.6 0.02)
(5.35 0.6 0.02)
(5.4 0.6 0.02)
(5.45 0.6 0.02)
(5.5 0.6 0.02)
(5.55 0.6 0.02)
(5.6 0.6 0.02)
(5.65 0.6 0.02)
(5.7 0.6 0.02)
(5.75 0.6 0.02)
(5.8 0.6 0.02)
(5.85 0.6 0.02)
(5.9 0.6 0.02)
(5.95 0.6 0.02)
(6 0.6 0.02)
(6.05 0.6 0.02)
(6.1 0.6 0.02)
(6.15 0.6 0.02)
(6.2 0.6 0.02)
(6.25 0.6 0.02)
(6.3 0.6 0.02)
(6.35 0.6 0.02)
(6.4 0.6 0.02)
(6.45 0.6 0.02)
(6.5 0.6 0.02)
(6.55 0.6 0.02)
(6.6 0.6 0.02)
(6.65 0.6 0.02)
(6.7 0.6 0.02)
(6.75 0.6 0.02)
(6.8 0.6 0.02)
(6.85 0.6 0.02)
(6.9 0.6 0.02)
(6.95 0.6 0.02)
(7 0.6 0.02)
(7.05 0.6 0.02)
(7.1 0.6 0.02)
(7.15 0.6 0.02)
(7.2 0.6 0.02)
(7.25 0.6 0.02)
(7.3 0.6 0.02)
(7.35 0.6 0.02)
(7.4 0.6 0.02)
(7.45 0.6 0.02)
(7.5 0.6 0.02)
(7.55 0.6 0.02)
(7.6 0.6 0.02)
(7.65 0.6 0.02)
(7.7 0.6 0.02)
(7.75 0.6 0.02)
(7.8 0.6 0.02)
(7.85 0.6 0.02)
(7.9 0.6 0.02)
(7.95 0.6 0.02)
(8 0.6 0.02)
(8.05 0.6 0.02)
(8.1 0.6 0.02)
(8.15 0.6 0.02)
(8.2 0.6 0.02)
(8.25 0.6 0.02)
(8.3 0.6 0.02)
(8.35 0.6 0.02)
(8.4 0.6 0.02)
(8.45 0.6 0.02)
(8.5 0.6 0.02)
(8.55 0.6 0.02)
(8.6 0.6 0.02)
(8.65 0.6 0.02)
(8.7 0.6 0.02)
(8.75 0.6 0.02)
(8.8 0.6 0.02)
(8.85 0.6 0.02)
(8.9 0.6 0.02)
(8.95 0.6 0.02)
(9 0.6 0.02)
(9.05 0.6 0.02)
(9.1 0.6 0.02)
(9.15 0.6 0.02)
(9.2 0.6 0.02)
(9.25 0.6 0.02)
(9.3 0.6 0.02)
(9.35 0.6 0.02)
(9.4 0.6 0.02)
(9.45 0.6 0.02)
(9.5 0.6 0.02)
(9.55 0.6 0.02)
(9.6 0.6 0.02)
(9.65 0.6 0.02)
(9.7 0.6 0.02)
(9.75 0.6 0.02)
(9.8 0.6 0.02)
(9.85 0.6 0.02)
(9.9 0.6 0.02)
(9.95 0.6 0.02)
(10 0.6 0.02)
(0 0.65 0.02)
(0.05 0.65 0.02)
(0.1 0.65 0.02)
(0.15 0.65 0.02)
(0.2 0.65 0.02)
(0.25 0.65 0.02)
(0.3 0.65 0.02)
(0.35 0.65 0.02)
(0.4 0.65 0.02)
(0.45 0.65 0.02)
(0.5 0.65 0.02)
(0.55 0.65 0.02)
(0.6 0.65 0.02)
(0.65 0.65 0.02)
(0.7 0.65 0.02)
(0.75 0.65 0.02)
(0.8 0.65 0.02)
(0.85 0.65 0.02)
(0.9 0.65 0.02)
(0.95 0.65 0.02)
(1 0.65 0.02)
(1.05 0.65 0.02)
(1.1 0.65 0.02)
(1.15 0.65 0.02)
(1.2 0.65 0.02)
(1.25 0.65 0.02)
(1.3 0.65 0.02)
(1.35 0.65 0.02)
(1.4 0.65 0.02)
(1.45 0.65 0.02)
(1.5 0.65 0.02)
(1.55 0.65 0.02)
(1.6 0.65 0.02)
(1.65 0.65 0.02)
(1.7 0.65 0.02)
(1.75 0.65 0.02)
(1.8 0.65 0.02)
(1.85 0.65 0.02)
(1.9 0.65 0.02)
(1.95 0.65 0.02)
(2 0.65 0.02)
(2.05 0.65 0.02)
(2.1 0.65 0.02)
(2.15 0.65 0.02)
(2.2 0.65 0.02)
(2.25 0.65 0.02)
(2.3 0.65 0.02)
(2.35 0.65 0.02)
(2.4 0.65 0.02)
(2.45 0.65 0.02)
(2.5 0.65 0.02)
(2.55 0.65 0.02)
(2.6 0.65 0.02)
(2.65 0.65 0.02)
(2.7 0.65 0.02)
(2.75 0.65 0.02)
(2.8 0.65 0.02)
(2.85 0.65 0.02)
(2.9 0.65 0.02)
(2.95 0.65 0.02)
(3 0.65 0.02)
(3.05 0.65 0.02)
(3.1 0.65 0.02)
(3.15 0.65 0.02)
(3.2 0.65 0.02)
(3.25 0.65 0.02)
(3.3 0.65 0.02)
(3.35 0.65 0.02)
(3.4 0.65 0.02)
(3.45 0.65 0.02)
(3.5 0.65 0.02)
(3.55 0.65 0.02)
(3.6 0.65 0.02)
(3.65 0.65 0.02)
(3.7 0.65 0.02)
(3.75 0.65 0.02)
(3.8 0.65 0.02)
(3.85 0.65 0.02)
(3.9 0.65 0.02)
(3.95 0.65 0.02)
(4 0.65 0.02)
(4.05 0.65 0.02)
(4.1 0.65 0.02)
(4.15 0.65 0.02)
(4.2 0.65 0.02)
(4.25 0.65 0.02)
(4.3 0.65 0.02)
(4.35 0.65 0.02)
(4.4 0.65 0.02)
(4.45 0.65 0.02)
(4.5 0.65 0.02)
(4.55 0.65 0.02)
(4.6 0.65 0.02)
(4.65 0.65 0.02)
(4.7 0.65 0.02)
(4.75 0.65 0.02)
(4.8 0.65 0.02)
(4.85 0.65 0.02)
(4.9 0.65 0.02)
(4.95 0.65 0.02)
(5 0.65 0.02)
(5.05 0.65 0.02)
(5.1 0.65 0.02)
(5.15 0.65 0.02)
(5.2 0.65 0.02)
(5.25 0.65 0.02)
(5.3 0.65 0.02)
(5.35 0.65 0.02)
(5.4 0.65 0.02)
(5.45 0.65 0.02)
(5.5 0.65 0.02)
(5.55 0.65 0.02)
(5.6 0.65 0.02)
(5.65 0.65 0.02)
(5.7 0.65 0.02)
(5.75 0.65 0.02)
(5.8 0.65 0.02)
(5.85 0.65 0.02)
(5.9 0.65 0.02)
(5.95 0.65 0.02)
(6 0.65 0.02)
(6.05 0.65 0.02)
(6.1 0.65 0.02)
(6.15 0.65 0.02)
(6.2 0.65 0.02)
(6.25 0.65 0.02)
(6.3 0.65 0.02)
(6.35 0.65 0.02)
(6.4 0.65 0.02)
(6.45 0.65 0.02)
(6.5 0.65 0.02)
(6.55 0.65 0.02)
(6.6 0.65 0.02)
(6.65 0.65 0.02)
(6.7 0.65 0.02)
(6.75 0.65 0.02)
(6.8 0.65 0.02)
(6.85 0.65 0.02)
(6.9 0.65 0.02)
(6.95 0.65 0.02)
(7 0.65 0.02)
(7.05 0.65 0.02)
(7.1 0.65 0.02)
(7.15 0.65 0.02)
(7.2 0.65 0.02)
(7.25 0.65 0.02)
(7.3 0.65 0.02)
(7.35 0.65 0.02)
(7.4 0.65 0.02)
(7.45 0.65 0.02)
(7.5 0.65 0.02)
(7.55 0.65 0.02)
(7.6 0.65 0.02)
(7.65 0.65 0.02)
(7.7 0.65 0.02)
(7.75 0.65 0.02)
(7.8 0.65 0.02)
(7.85 0.65 0.02)
(7.9 0.65 0.02)
(7.95 0.65 0.02)
(8 0.65 0.02)
(8.05 0.65 0.02)
(8.1 0.65 0.02)
(8.15 0.65 0.02)
(8.2 0.65 0.02)
(8.25 0.65 0.02)
(8.3 0.65 0.02)
(8.35 0.65 0.02)
(8.4 0.65 0.02)
(8.45 0.65 0.02)
(8.5 0.65 0.02)
(8.55 0.65 0.02)
(8.6 0.65 0.02)
(8.65 0.65 0.02)
(8.7 0.65 0.02)
(8.75 0.65 0.02)
(8.8 0.65 0.02)
(8.85 0.65 0.02)
(8.9 0.65 0.02)
(8.95 0.65 0.02)
(9 0.65 0.02)
(9.05 0.65 0.02)
(9.1 0.65 0.02)
(9.15 0.65 0.02)
(9.2 0.65 0.02)
(9.25 0.65 0.02)
(9.3 0.65 0.02)
(9.35 0.65 0.02)
(9.4 0.65 0.02)
(9.45 0.65 0.02)
(9.5 0.65 0.02)
(9.55 0.65 0.02)
(9.6 0.65 0.02)
(9.65 0.65 0.02)
(9.7 0.65 0.02)
(9.75 0.65 0.02)
(9.8 0.65 0.02)
(9.85 0.65 0.02)
(9.9 0.65 0.02)
(9.95 0.65 0.02)
(10 0.65 0.02)
(0 0.7 0.02)
(0.05 0.7 0.02)
(0.1 0.7 0.02)
(0.15 0.7 0.02)
(0.2 0.7 0.02)
(0.25 0.7 0.02)
(0.3 0.7 0.02)
(0.35 0.7 0.02)
(0.4 0.7 0.02)
(0.45 0.7 0.02)
(0.5 0.7 0.02)
(0.55 0.7 0.02)
(0.6 0.7 0.02)
(0.65 0.7 0.02)
(0.7 0.7 0.02)
(0.75 0.7 0.02)
(0.8 0.7 0.02)
(0.85 0.7 0.02)
(0.9 0.7 0.02)
(0.95 0.7 0.02)
(1 0.7 0.02)
(1.05 0.7 0.02)
(1.1 0.7 0.02)
(1.15 0.7 0.02)
(1.2 0.7 0.02)
(1.25 0.7 0.02)
(1.3 0.7 0.02)
(1.35 0.7 0.02)
(1.4 0.7 0.02)
(1.45 0.7 0.02)
(1.5 0.7 0.02)
(1.55 0.7 0.02)
(1.6 0.7 0.02)
(1.65 0.7 0.02)
(1.7 0.7 0.02)
(1.75 0.7 0.02)
(1.8 0.7 0.02)
(1.85 0.7 0.02)
(1.9 0.7 0.02)
(1.95 0.7 0.02)
(2 0.7 0.02)
(2.05 0.7 0.02)
(2.1 0.7 0.02)
(2.15 0.7 0.02)
(2.2 0.7 0.02)
(2.25 0.7 0.02)
(2.3 0.7 0.02)
(2.35 0.7 0.02)
(2.4 0.7 0.02)
(2.45 0.7 0.02)
(2.5 0.7 0.02)
(2.55 0.7 0.02)
(2.6 0.7 0.02)
(2.65 0.7 0.02)
(2.7 0.7 0.02)
(2.75 0.7 0.02)
(2.8 0.7 0.02)
(2.85 0.7 0.02)
(2.9 0.7 0.02)
(2.95 0.7 0.02)
(3 0.7 0.02)
(3.05 0.7 0.02)
(3.1 0.7 0.02)
(3.15 0.7 0.02)
(3.2 0.7 0.02)
(3.25 0.7 0.02)
(3.3 0.7 0.02)
(3.35 0.7 0.02)
(3.4 0.7 0.02)
(3.45 0.7 0.02)
(3.5 0.7 0.02)
(3.55 0.7 0.02)
(3.6 0.7 0.02)
(3.65 0.7 0.02)
(3.7 0.7 0.02)
(3.75 0.7 0.02)
(3.8 0.7 0.02)
(3.85 0.7 0.02)
(3.9 0.7 0.02)
(3.95 0.7 0.02)
(4 0.7 0.02)
(4.05 0.7 0.02)
(4.1 0.7 0.02)
(4.15 0.7 0.02)
(4.2 0.7 0.02)
(4.25 0.7 0.02)
(4.3 0.7 0.02)
(4.35 0.7 0.02)
(4.4 0.7 0.02)
(4.45 0.7 0.02)
(4.5 0.7 0.02)
(4.55 0.7 0.02)
(4.6 0.7 0.02)
(4.65 0.7 0.02)
(4.7 0.7 0.02)
(4.75 0.7 0.02)
(4.8 0.7 0.02)
(4.85 0.7 0.02)
(4.9 0.7 0.02)
(4.95 0.7 0.02)
(5 0.7 0.02)
(5.05 0.7 0.02)
(5.1 0.7 0.02)
(5.15 0.7 0.02)
(5.2 0.7 0.02)
(5.25 0.7 0.02)
(5.3 0.7 0.02)
(5.35 0.7 0.02)
(5.4 0.7 0.02)
(5.45 0.7 0.02)
(5.5 0.7 0.02)
(5.55 0.7 0.02)
(5.6 0.7 0.02)
(5.65 0.7 0.02)
(5.7 0.7 0.02)
(5.75 0.7 0.02)
(5.8 0.7 0.02)
(5.85 0.7 0.02)
(5.9 0.7 0.02)
(5.95 0.7 0.02)
(6 0.7 0.02)
(6.05 0.7 0.02)
(6.1 0.7 0.02)
(6.15 0.7 0.02)
(6.2 0.7 0.02)
(6.25 0.7 0.02)
(6.3 0.7 0.02)
(6.35 0.7 0.02)
(6.4 0.7 0.02)
(6.45 0.7 0.02)
(6.5 0.7 0.02)
(6.55 0.7 0.02)
(6.6 0.7 0.02)
(6.65 0.7 0.02)
(6.7 0.7 0.02)
(6.75 0.7 0.02)
(6.8 0.7 0.02)
(6.85 0.7 0.02)
(6.9 0.7 0.02)
(6.95 0.7 0.02)
(7 0.7 0.02)
(7.05 0.7 0.02)
(7.1 0.7 0.02)
(7.15 0.7 0.02)
(7.2 0.7 0.02)
(7.25 0.7 0.02)
(7.3 0.7 0.02)
(7.35 0.7 0.02)
(7.4 0.7 0.02)
(7.45 0.7 0.02)
(7.5 0.7 0.02)
(7.55 0.7 0.02)
(7.6 0.7 0.02)
(7.65 0.7 0.02)
(7.7 0.7 0.02)
(7.75 0.7 0.02)
(7.8 0.7 0.02)
(7.85 0.7 0.02)
(7.9 0.7 0.02)
(7.95 0.7 0.02)
(8 0.7 0.02)
(8.05 0.7 0.02)
(8.1 0.7 0.02)
(8.15 0.7 0.02)
(8.2 0.7 0.02)
(8.25 0.7 0.02)
(8.3 0.7 0.02)
(8.35 0.7 0.02)
(8.4 0.7 0.02)
(8.45 0.7 0.02)
(8.5 0.7 0.02)
(8.55 0.7 0.02)
(8.6 0.7 0.02)
(8.65 0.7 0.02)
(8.7 0.7 0.02)
(8.75 0.7 0.02)
(8.8 0.7 0.02)
(8.85 0.7 0.02)
(8.9 0.7 0.02)
(8.95 0.7 0.02)
(9 0.7 0.02)
(9.05 0.7 0.02)
(9.1 0.7 0.02)
(9.15 0.7 0.02)
(9.2 0.7 0.02)
(9.25 0.7 0.02)
(9.3 0.7 0.02)
(9.35 0.7 0.02)
(9.4 0.7 0.02)
(9.45 0.7 0.02)
(9.5 0.7 0.02)
(9.55 0.7 0.02)
(9.6 0.7 0.02)
(9.65 0.7 0.02)
(9.7 0.7 0.02)
(9.75 0.7 0.02)
(9.8 0.7 0.02)
(9.85 0.7 0.02)
(9.9 0.7 0.02)
(9.95 0.7 0.02)
(10 0.7 0.02)
(0 0.75 0.02)
(0.05 0.75 0.02)
(0.1 0.75 0.02)
(0.15 0.75 0.02)
(0.2 0.75 0.02)
(0.25 0.75 0.02)
(0.3 0.75 0.02)
(0.35 0.75 0.02)
(0.4 0.75 0.02)
(0.45 0.75 0.02)
(0.5 0.75 0.02)
(0.55 0.75 0.02)
(0.6 0.75 0.02)
(0.65 0.75 0.02)
(0.7 0.75 0.02)
(0.75 0.75 0.02)
(0.8 0.75 0.02)
(0.85 0.75 0.02)
(0.9 0.75 0.02)
(0.95 0.75 0.02)
(1 0.75 0.02)
(1.05 0.75 0.02)
(1.1 0.75 0.02)
(1.15 0.75 0.02)
(1.2 0.75 0.02)
(1.25 0.75 0.02)
(1.3 0.75 0.02)
(1.35 0.75 0.02)
(1.4 0.75 0.02)
(1.45 0.75 0.02)
(1.5 0.75 0.02)
(1.55 0.75 0.02)
(1.6 0.75 0.02)
(1.65 0.75 0.02)
(1.7 0.75 0.02)
(1.75 0.75 0.02)
(1.8 0.75 0.02)
(1.85 0.75 0.02)
(1.9 0.75 0.02)
(1.95 0.75 0.02)
(2 0.75 0.02)
(2.05 0.75 0.02)
(2.1 0.75 0.02)
(2.15 0.75 0.02)
(2.2 0.75 0.02)
(2.25 0.75 0.02)
(2.3 0.75 0.02)
(2.35 0.75 0.02)
(2.4 0.75 0.02)
(2.45 0.75 0.02)
(2.5 0.75 0.02)
(2.55 0.75 0.02)
(2.6 0.75 0.02)
(2.65 0.75 0.02)
(2.7 0.75 0.02)
(2.75 0.75 0.02)
(2.8 0.75 0.02)
(2.85 0.75 0.02)
(2.9 0.75 0.02)
(2.95 0.75 0.02)
(3 0.75 0.02)
(3.05 0.75 0.02)
(3.1 0.75 0.02)
(3.15 0.75 0.02)
(3.2 0.75 0.02)
(3.25 0.75 0.02)
(3.3 0.75 0.02)
(3.35 0.75 0.02)
(3.4 0.75 0.02)
(3.45 0.75 0.02)
(3.5 0.75 0.02)
(3.55 0.75 0.02)
(3.6 0.75 0.02)
(3.65 0.75 0.02)
(3.7 0.75 0.02)
(3.75 0.75 0.02)
(3.8 0.75 0.02)
(3.85 0.75 0.02)
(3.9 0.75 0.02)
(3.95 0.75 0.02)
(4 0.75 0.02)
(4.05 0.75 0.02)
(4.1 0.75 0.02)
(4.15 0.75 0.02)
(4.2 0.75 0.02)
(4.25 0.75 0.02)
(4.3 0.75 0.02)
(4.35 0.75 0.02)
(4.4 0.75 0.02)
(4.45 0.75 0.02)
(4.5 0.75 0.02)
(4.55 0.75 0.02)
(4.6 0.75 0.02)
(4.65 0.75 0.02)
(4.7 0.75 0.02)
(4.75 0.75 0.02)
(4.8 0.75 0.02)
(4.85 0.75 0.02)
(4.9 0.75 0.02)
(4.95 0.75 0.02)
(5 0.75 0.02)
(5.05 0.75 0.02)
(5.1 0.75 0.02)
(5.15 0.75 0.02)
(5.2 0.75 0.02)
(5.25 0.75 0.02)
(5.3 0.75 0.02)
(5.35 0.75 0.02)
(5.4 0.75 0.02)
(5.45 0.75 0.02)
(5.5 0.75 0.02)
(5.55 0.75 0.02)
(5.6 0.75 0.02)
(5.65 0.75 0.02)
(5.7 0.75 0.02)
(5.75 0.75 0.02)
(5.8 0.75 0.02)
(5.85 0.75 0.02)
(5.9 0.75 0.02)
(5.95 0.75 0.02)
(6 0.75 0.02)
(6.05 0.75 0.02)
(6.1 0.75 0.02)
(6.15 0.75 0.02)
(6.2 0.75 0.02)
(6.25 0.75 0.02)
(6.3 0.75 0.02)
(6.35 0.75 0.02)
(6.4 0.75 0.02)
(6.45 0.75 0.02)
(6.5 0.75 0.02)
(6.55 0.75 0.02)
(6.6 0.75 0.02)
(6.65 0.75 0.02)
(6.7 0.75 0.02)
(6.75 0.75 0.02)
(6.8 0.75 0.02)
(6.85 0.75 0.02)
(6.9 0.75 0.02)
(6.95 0.75 0.02)
(7 0.75 0.02)
(7.05 0.75 0.02)
(7.1 0.75 0.02)
(7.15 0.75 0.02)
(7.2 0.75 0.02)
(7.25 0.75 0.02)
(7.3 0.75 0.02)
(7.35 0.75 0.02)
(7.4 0.75 0.02)
(7.45 0.75 0.02)
(7.5 0.75 0.02)
(7.55 0.75 0.02)
(7.6 0.75 0.02)
(7.65 0.75 0.02)
(7.7 0.75 0.02)
(7.75 0.75 0.02)
(7.8 0.75 0.02)
(7.85 0.75 0.02)
(7.9 0.75 0.02)
(7.95 0.75 0.02)
(8 0.75 0.02)
(8.05 0.75 0.02)
(8.1 0.75 0.02)
(8.15 0.75 0.02)
(8.2 0.75 0.02)
(8.25 0.75 0.02)
(8.3 0.75 0.02)
(8.35 0.75 0.02)
(8.4 0.75 0.02)
(8.45 0.75 0.02)
(8.5 0.75 0.02)
(8.55 0.75 0.02)
(8.6 0.75 0.02)
(8.65 0.75 0.02)
(8.7 0.75 0.02)
(8.75 0.75 0.02)
(8.8 0.75 0.02)
(8.85 0.75 0.02)
(8.9 0.75 0.02)
(8.95 0.75 0.02)
(9 0.75 0.02)
(9.05 0.75 0.02)
(9.1 0.75 0.02)
(9.15 0.75 0.02)
(9.2 0.75 0.02)
(9.25 0.75 0.02)
(9.3 0.75 0.02)
(9.35 0.75 0.02)
(9.4 0.75 0.02)
(9.45 0.75 0.02)
(9.5 0.75 0.02)
(9.55 0.75 0.02)
(9.6 0.75 0.02)
(9.65 0.75 0.02)
(9.7 0.75 0.02)
(9.75 0.75 0.02)
(9.8 0.75 0.02)
(9.85 0.75 0.02)
(9.9 0.75 0.02)
(9.95 0.75 0.02)
(10 0.75 0.02)
(0 0.8 0.02)
(0.05 0.8 0.02)
(0.1 0.8 0.02)
(0.15 0.8 0.02)
(0.2 0.8 0.02)
(0.25 0.8 0.02)
(0.3 0.8 0.02)
(0.35 0.8 0.02)
(0.4 0.8 0.02)
(0.45 0.8 0.02)
(0.5 0.8 0.02)
(0.55 0.8 0.02)
(0.6 0.8 0.02)
(0.65 0.8 0.02)
(0.7 0.8 0.02)
(0.75 0.8 0.02)
(0.8 0.8 0.02)
(0.85 0.8 0.02)
(0.9 0.8 0.02)
(0.95 0.8 0.02)
(1 0.8 0.02)
(1.05 0.8 0.02)
(1.1 0.8 0.02)
(1.15 0.8 0.02)
(1.2 0.8 0.02)
(1.25 0.8 0.02)
(1.3 0.8 0.02)
(1.35 0.8 0.02)
(1.4 0.8 0.02)
(1.45 0.8 0.02)
(1.5 0.8 0.02)
(1.55 0.8 0.02)
(1.6 0.8 0.02)
(1.65 0.8 0.02)
(1.7 0.8 0.02)
(1.75 0.8 0.02)
(1.8 0.8 0.02)
(1.85 0.8 0.02)
(1.9 0.8 0.02)
(1.95 0.8 0.02)
(2 0.8 0.02)
(2.05 0.8 0.02)
(2.1 0.8 0.02)
(2.15 0.8 0.02)
(2.2 0.8 0.02)
(2.25 0.8 0.02)
(2.3 0.8 0.02)
(2.35 0.8 0.02)
(2.4 0.8 0.02)
(2.45 0.8 0.02)
(2.5 0.8 0.02)
(2.55 0.8 0.02)
(2.6 0.8 0.02)
(2.65 0.8 0.02)
(2.7 0.8 0.02)
(2.75 0.8 0.02)
(2.8 0.8 0.02)
(2.85 0.8 0.02)
(2.9 0.8 0.02)
(2.95 0.8 0.02)
(3 0.8 0.02)
(3.05 0.8 0.02)
(3.1 0.8 0.02)
(3.15 0.8 0.02)
(3.2 0.8 0.02)
(3.25 0.8 0.02)
(3.3 0.8 0.02)
(3.35 0.8 0.02)
(3.4 0.8 0.02)
(3.45 0.8 0.02)
(3.5 0.8 0.02)
(3.55 0.8 0.02)
(3.6 0.8 0.02)
(3.65 0.8 0.02)
(3.7 0.8 0.02)
(3.75 0.8 0.02)
(3.8 0.8 0.02)
(3.85 0.8 0.02)
(3.9 0.8 0.02)
(3.95 0.8 0.02)
(4 0.8 0.02)
(4.05 0.8 0.02)
(4.1 0.8 0.02)
(4.15 0.8 0.02)
(4.2 0.8 0.02)
(4.25 0.8 0.02)
(4.3 0.8 0.02)
(4.35 0.8 0.02)
(4.4 0.8 0.02)
(4.45 0.8 0.02)
(4.5 0.8 0.02)
(4.55 0.8 0.02)
(4.6 0.8 0.02)
(4.65 0.8 0.02)
(4.7 0.8 0.02)
(4.75 0.8 0.02)
(4.8 0.8 0.02)
(4.85 0.8 0.02)
(4.9 0.8 0.02)
(4.95 0.8 0.02)
(5 0.8 0.02)
(5.05 0.8 0.02)
(5.1 0.8 0.02)
(5.15 0.8 0.02)
(5.2 0.8 0.02)
(5.25 0.8 0.02)
(5.3 0.8 0.02)
(5.35 0.8 0.02)
(5.4 0.8 0.02)
(5.45 0.8 0.02)
(5.5 0.8 0.02)
(5.55 0.8 0.02)
(5.6 0.8 0.02)
(5.65 0.8 0.02)
(5.7 0.8 0.02)
(5.75 0.8 0.02)
(5.8 0.8 0.02)
(5.85 0.8 0.02)
(5.9 0.8 0.02)
(5.95 0.8 0.02)
(6 0.8 0.02)
(6.05 0.8 0.02)
(6.1 0.8 0.02)
(6.15 0.8 0.02)
(6.2 0.8 0.02)
(6.25 0.8 0.02)
(6.3 0.8 0.02)
(6.35 0.8 0.02)
(6.4 0.8 0.02)
(6.45 0.8 0.02)
(6.5 0.8 0.02)
(6.55 0.8 0.02)
(6.6 0.8 0.02)
(6.65 0.8 0.02)
(6.7 0.8 0.02)
(6.75 0.8 0.02)
(6.8 0.8 0.02)
(6.85 0.8 0.02)
(6.9 0.8 0.02)
(6.95 0.8 0.02)
(7 0.8 0.02)
(7.05 0.8 0.02)
(7.1 0.8 0.02)
(7.15 0.8 0.02)
(7.2 0.8 0.02)
(7.25 0.8 0.02)
(7.3 0.8 0.02)
(7.35 0.8 0.02)
(7.4 0.8 0.02)
(7.45 0.8 0.02)
(7.5 0.8 0.02)
(7.55 0.8 0.02)
(7.6 0.8 0.02)
(7.65 0.8 0.02)
(7.7 0.8 0.02)
(7.75 0.8 0.02)
(7.8 0.8 0.02)
(7.85 0.8 0.02)
(7.9 0.8 0.02)
(7.95 0.8 0.02)
(8 0.8 0.02)
(8.05 0.8 0.02)
(8.1 0.8 0.02)
(8.15 0.8 0.02)
(8.2 0.8 0.02)
(8.25 0.8 0.02)
(8.3 0.8 0.02)
(8.35 0.8 0.02)
(8.4 0.8 0.02)
(8.45 0.8 0.02)
(8.5 0.8 0.02)
(8.55 0.8 0.02)
(8.6 0.8 0.02)
(8.65 0.8 0.02)
(8.7 0.8 0.02)
(8.75 0.8 0.02)
(8.8 0.8 0.02)
(8.85 0.8 0.02)
(8.9 0.8 0.02)
(8.95 0.8 0.02)
(9 0.8 0.02)
(9.05 0.8 0.02)
(9.1 0.8 0.02)
(9.15 0.8 0.02)
(9.2 0.8 0.02)
(9.25 0.8 0.02)
(9.3 0.8 0.02)
(9.35 0.8 0.02)
(9.4 0.8 0.02)
(9.45 0.8 0.02)
(9.5 0.8 0.02)
(9.55 0.8 0.02)
(9.6 0.8 0.02)
(9.65 0.8 0.02)
(9.7 0.8 0.02)
(9.75 0.8 0.02)
(9.8 0.8 0.02)
(9.85 0.8 0.02)
(9.9 0.8 0.02)
(9.95 0.8 0.02)
(10 0.8 0.02)
(0 0.85 0.02)
(0.05 0.85 0.02)
(0.1 0.85 0.02)
(0.15 0.85 0.02)
(0.2 0.85 0.02)
(0.25 0.85 0.02)
(0.3 0.85 0.02)
(0.35 0.85 0.02)
(0.4 0.85 0.02)
(0.45 0.85 0.02)
(0.5 0.85 0.02)
(0.55 0.85 0.02)
(0.6 0.85 0.02)
(0.65 0.85 0.02)
(0.7 0.85 0.02)
(0.75 0.85 0.02)
(0.8 0.85 0.02)
(0.85 0.85 0.02)
(0.9 0.85 0.02)
(0.95 0.85 0.02)
(1 0.85 0.02)
(1.05 0.85 0.02)
(1.1 0.85 0.02)
(1.15 0.85 0.02)
(1.2 0.85 0.02)
(1.25 0.85 0.02)
(1.3 0.85 0.02)
(1.35 0.85 0.02)
(1.4 0.85 0.02)
(1.45 0.85 0.02)
(1.5 0.85 0.02)
(1.55 0.85 0.02)
(1.6 0.85 0.02)
(1.65 0.85 0.02)
(1.7 0.85 0.02)
(1.75 0.85 0.02)
(1.8 0.85 0.02)
(1.85 0.85 0.02)
(1.9 0.85 0.02)
(1.95 0.85 0.02)
(2 0.85 0.02)
(2.05 0.85 0.02)
(2.1 0.85 0.02)
(2.15 0.85 0.02)
(2.2 0.85 0.02)
(2.25 0.85 0.02)
(2.3 0.85 0.02)
(2.35 0.85 0.02)
(2.4 0.85 0.02)
(2.45 0.85 0.02)
(2.5 0.85 0.02)
(2.55 0.85 0.02)
(2.6 0.85 0.02)
(2.65 0.85 0.02)
(2.7 0.85 0.02)
(2.75 0.85 0.02)
(2.8 0.85 0.02)
(2.85 0.85 0.02)
(2.9 0.85 0.02)
(2.95 0.85 0.02)
(3 0.85 0.02)
(3.05 0.85 0.02)
(3.1 0.85 0.02)
(3.15 0.85 0.02)
(3.2 0.85 0.02)
(3.25 0.85 0.02)
(3.3 0.85 0.02)
(3.35 0.85 0.02)
(3.4 0.85 0.02)
(3.45 0.85 0.02)
(3.5 0.85 0.02)
(3.55 0.85 0.02)
(3.6 0.85 0.02)
(3.65 0.85 0.02)
(3.7 0.85 0.02)
(3.75 0.85 0.02)
(3.8 0.85 0.02)
(3.85 0.85 0.02)
(3.9 0.85 0.02)
(3.95 0.85 0.02)
(4 0.85 0.02)
(4.05 0.85 0.02)
(4.1 0.85 0.02)
(4.15 0.85 0.02)
(4.2 0.85 0.02)
(4.25 0.85 0.02)
(4.3 0.85 0.02)
(4.35 0.85 0.02)
(4.4 0.85 0.02)
(4.45 0.85 0.02)
(4.5 0.85 0.02)
(4.55 0.85 0.02)
(4.6 0.85 0.02)
(4.65 0.85 0.02)
(4.7 0.85 0.02)
(4.75 0.85 0.02)
(4.8 0.85 0.02)
(4.85 0.85 0.02)
(4.9 0.85 0.02)
(4.95 0.85 0.02)
(5 0.85 0.02)
(5.05 0.85 0.02)
(5.1 0.85 0.02)
(5.15 0.85 0.02)
(5.2 0.85 0.02)
(5.25 0.85 0.02)
(5.3 0.85 0.02)
(5.35 0.85 0.02)
(5.4 0.85 0.02)
(5.45 0.85 0.02)
(5.5 0.85 0.02)
(5.55 0.85 0.02)
(5.6 0.85 0.02)
(5.65 0.85 0.02)
(5.7 0.85 0.02)
(5.75 0.85 0.02)
(5.8 0.85 0.02)
(5.85 0.85 0.02)
(5.9 0.85 0.02)
(5.95 0.85 0.02)
(6 0.85 0.02)
(6.05 0.85 0.02)
(6.1 0.85 0.02)
(6.15 0.85 0.02)
(6.2 0.85 0.02)
(6.25 0.85 0.02)
(6.3 0.85 0.02)
(6.35 0.85 0.02)
(6.4 0.85 0.02)
(6.45 0.85 0.02)
(6.5 0.85 0.02)
(6.55 0.85 0.02)
(6.6 0.85 0.02)
(6.65 0.85 0.02)
(6.7 0.85 0.02)
(6.75 0.85 0.02)
(6.8 0.85 0.02)
(6.85 0.85 0.02)
(6.9 0.85 0.02)
(6.95 0.85 0.02)
(7 0.85 0.02)
(7.05 0.85 0.02)
(7.1 0.85 0.02)
(7.15 0.85 0.02)
(7.2 0.85 0.02)
(7.25 0.85 0.02)
(7.3 0.85 0.02)
(7.35 0.85 0.02)
(7.4 0.85 0.02)
(7.45 0.85 0.02)
(7.5 0.85 0.02)
(7.55 0.85 0.02)
(7.6 0.85 0.02)
(7.65 0.85 0.02)
(7.7 0.85 0.02)
(7.75 0.85 0.02)
(7.8 0.85 0.02)
(7.85 0.85 0.02)
(7.9 0.85 0.02)
(7.95 0.85 0.02)
(8 0.85 0.02)
(8.05 0.85 0.02)
(8.1 0.85 0.02)
(8.15 0.85 0.02)
(8.2 0.85 0.02)
(8.25 0.85 0.02)
(8.3 0.85 0.02)
(8.35 0.85 0.02)
(8.4 0.85 0.02)
(8.45 0.85 0.02)
(8.5 0.85 0.02)
(8.55 0.85 0.02)
(8.6 0.85 0.02)
(8.65 0.85 0.02)
(8.7 0.85 0.02)
(8.75 0.85 0.02)
(8.8 0.85 0.02)
(8.85 0.85 0.02)
(8.9 0.85 0.02)
(8.95 0.85 0.02)
(9 0.85 0.02)
(9.05 0.85 0.02)
(9.1 0.85 0.02)
(9.15 0.85 0.02)
(9.2 0.85 0.02)
(9.25 0.85 0.02)
(9.3 0.85 0.02)
(9.35 0.85 0.02)
(9.4 0.85 0.02)
(9.45 0.85 0.02)
(9.5 0.85 0.02)
(9.55 0.85 0.02)
(9.6 0.85 0.02)
(9.65 0.85 0.02)
(9.7 0.85 0.02)
(9.75 0.85 0.02)
(9.8 0.85 0.02)
(9.85 0.85 0.02)
(9.9 0.85 0.02)
(9.95 0.85 0.02)
(10 0.85 0.02)
(0 0.9 0.02)
(0.05 0.9 0.02)
(0.1 0.9 0.02)
(0.15 0.9 0.02)
(0.2 0.9 0.02)
(0.25 0.9 0.02)
(0.3 0.9 0.02)
(0.35 0.9 0.02)
(0.4 0.9 0.02)
(0.45 0.9 0.02)
(0.5 0.9 0.02)
(0.55 0.9 0.02)
(0.6 0.9 0.02)
(0.65 0.9 0.02)
(0.7 0.9 0.02)
(0.75 0.9 0.02)
(0.8 0.9 0.02)
(0.85 0.9 0.02)
(0.9 0.9 0.02)
(0.95 0.9 0.02)
(1 0.9 0.02)
(1.05 0.9 0.02)
(1.1 0.9 0.02)
(1.15 0.9 0.02)
(1.2 0.9 0.02)
(1.25 0.9 0.02)
(1.3 0.9 0.02)
(1.35 0.9 0.02)
(1.4 0.9 0.02)
(1.45 0.9 0.02)
(1.5 0.9 0.02)
(1.55 0.9 0.02)
(1.6 0.9 0.02)
(1.65 0.9 0.02)
(1.7 0.9 0.02)
(1.75 0.9 0.02)
(1.8 0.9 0.02)
(1.85 0.9 0.02)
(1.9 0.9 0.02)
(1.95 0.9 0.02)
(2 0.9 0.02)
(2.05 0.9 0.02)
(2.1 0.9 0.02)
(2.15 0.9 0.02)
(2.2 0.9 0.02)
(2.25 0.9 0.02)
(2.3 0.9 0.02)
(2.35 0.9 0.02)
(2.4 0.9 0.02)
(2.45 0.9 0.02)
(2.5 0.9 0.02)
(2.55 0.9 0.02)
(2.6 0.9 0.02)
(2.65 0.9 0.02)
(2.7 0.9 0.02)
(2.75 0.9 0.02)
(2.8 0.9 0.02)
(2.85 0.9 0.02)
(2.9 0.9 0.02)
(2.95 0.9 0.02)
(3 0.9 0.02)
(3.05 0.9 0.02)
(3.1 0.9 0.02)
(3.15 0.9 0.02)
(3.2 0.9 0.02)
(3.25 0.9 0.02)
(3.3 0.9 0.02)
(3.35 0.9 0.02)
(3.4 0.9 0.02)
(3.45 0.9 0.02)
(3.5 0.9 0.02)
(3.55 0.9 0.02)
(3.6 0.9 0.02)
(3.65 0.9 0.02)
(3.7 0.9 0.02)
(3.75 0.9 0.02)
(3.8 0.9 0.02)
(3.85 0.9 0.02)
(3.9 0.9 0.02)
(3.95 0.9 0.02)
(4 0.9 0.02)
(4.05 0.9 0.02)
(4.1 0.9 0.02)
(4.15 0.9 0.02)
(4.2 0.9 0.02)
(4.25 0.9 0.02)
(4.3 0.9 0.02)
(4.35 0.9 0.02)
(4.4 0.9 0.02)
(4.45 0.9 0.02)
(4.5 0.9 0.02)
(4.55 0.9 0.02)
(4.6 0.9 0.02)
(4.65 0.9 0.02)
(4.7 0.9 0.02)
(4.75 0.9 0.02)
(4.8 0.9 0.02)
(4.85 0.9 0.02)
(4.9 0.9 0.02)
(4.95 0.9 0.02)
(5 0.9 0.02)
(5.05 0.9 0.02)
(5.1 0.9 0.02)
(5.15 0.9 0.02)
(5.2 0.9 0.02)
(5.25 0.9 0.02)
(5.3 0.9 0.02)
(5.35 0.9 0.02)
(5.4 0.9 0.02)
(5.45 0.9 0.02)
(5.5 0.9 0.02)
(5.55 0.9 0.02)
(5.6 0.9 0.02)
(5.65 0.9 0.02)
(5.7 0.9 0.02)
(5.75 0.9 0.02)
(5.8 0.9 0.02)
(5.85 0.9 0.02)
(5.9 0.9 0.02)
(5.95 0.9 0.02)
(6 0.9 0.02)
(6.05 0.9 0.02)
(6.1 0.9 0.02)
(6.15 0.9 0.02)
(6.2 0.9 0.02)
(6.25 0.9 0.02)
(6.3 0.9 0.02)
(6.35 0.9 0.02)
(6.4 0.9 0.02)
(6.45 0.9 0.02)
(6.5 0.9 0.02)
(6.55 0.9 0.02)
(6.6 0.9 0.02)
(6.65 0.9 0.02)
(6.7 0.9 0.02)
(6.75 0.9 0.02)
(6.8 0.9 0.02)
(6.85 0.9 0.02)
(6.9 0.9 0.02)
(6.95 0.9 0.02)
(7 0.9 0.02)
(7.05 0.9 0.02)
(7.1 0.9 0.02)
(7.15 0.9 0.02)
(7.2 0.9 0.02)
(7.25 0.9 0.02)
(7.3 0.9 0.02)
(7.35 0.9 0.02)
(7.4 0.9 0.02)
(7.45 0.9 0.02)
(7.5 0.9 0.02)
(7.55 0.9 0.02)
(7.6 0.9 0.02)
(7.65 0.9 0.02)
(7.7 0.9 0.02)
(7.75 0.9 0.02)
(7.8 0.9 0.02)
(7.85 0.9 0.02)
(7.9 0.9 0.02)
(7.95 0.9 0.02)
(8 0.9 0.02)
(8.05 0.9 0.02)
(8.1 0.9 0.02)
(8.15 0.9 0.02)
(8.2 0.9 0.02)
(8.25 0.9 0.02)
(8.3 0.9 0.02)
(8.35 0.9 0.02)
(8.4 0.9 0.02)
(8.45 0.9 0.02)
(8.5 0.9 0.02)
(8.55 0.9 0.02)
(8.6 0.9 0.02)
(8.65 0.9 0.02)
(8.7 0.9 0.02)
(8.75 0.9 0.02)
(8.8 0.9 0.02)
(8.85 0.9 0.02)
(8.9 0.9 0.02)
(8.95 0.9 0.02)
(9 0.9 0.02)
(9.05 0.9 0.02)
(9.1 0.9 0.02)
(9.15 0.9 0.02)
(9.2 0.9 0.02)
(9.25 0.9 0.02)
(9.3 0.9 0.02)
(9.35 0.9 0.02)
(9.4 0.9 0.02)
(9.45 0.9 0.02)
(9.5 0.9 0.02)
(9.55 0.9 0.02)
(9.6 0.9 0.02)
(9.65 0.9 0.02)
(9.7 0.9 0.02)
(9.75 0.9 0.02)
(9.8 0.9 0.02)
(9.85 0.9 0.02)
(9.9 0.9 0.02)
(9.95 0.9 0.02)
(10 0.9 0.02)
(0 0.95 0.02)
(0.05 0.95 0.02)
(0.1 0.95 0.02)
(0.15 0.95 0.02)
(0.2 0.95 0.02)
(0.25 0.95 0.02)
(0.3 0.95 0.02)
(0.35 0.95 0.02)
(0.4 0.95 0.02)
(0.45 0.95 0.02)
(0.5 0.95 0.02)
(0.55 0.95 0.02)
(0.6 0.95 0.02)
(0.65 0.95 0.02)
(0.7 0.95 0.02)
(0.75 0.95 0.02)
(0.8 0.95 0.02)
(0.85 0.95 0.02)
(0.9 0.95 0.02)
(0.95 0.95 0.02)
(1 0.95 0.02)
(1.05 0.95 0.02)
(1.1 0.95 0.02)
(1.15 0.95 0.02)
(1.2 0.95 0.02)
(1.25 0.95 0.02)
(1.3 0.95 0.02)
(1.35 0.95 0.02)
(1.4 0.95 0.02)
(1.45 0.95 0.02)
(1.5 0.95 0.02)
(1.55 0.95 0.02)
(1.6 0.95 0.02)
(1.65 0.95 0.02)
(1.7 0.95 0.02)
(1.75 0.95 0.02)
(1.8 0.95 0.02)
(1.85 0.95 0.02)
(1.9 0.95 0.02)
(1.95 0.95 0.02)
(2 0.95 0.02)
(2.05 0.95 0.02)
(2.1 0.95 0.02)
(2.15 0.95 0.02)
(2.2 0.95 0.02)
(2.25 0.95 0.02)
(2.3 0.95 0.02)
(2.35 0.95 0.02)
(2.4 0.95 0.02)
(2.45 0.95 0.02)
(2.5 0.95 0.02)
(2.55 0.95 0.02)
(2.6 0.95 0.02)
(2.65 0.95 0.02)
(2.7 0.95 0.02)
(2.75 0.95 0.02)
(2.8 0.95 0.02)
(2.85 0.95 0.02)
(2.9 0.95 0.02)
(2.95 0.95 0.02)
(3 0.95 0.02)
(3.05 0.95 0.02)
(3.1 0.95 0.02)
(3.15 0.95 0.02)
(3.2 0.95 0.02)
(3.25 0.95 0.02)
(3.3 0.95 0.02)
(3.35 0.95 0.02)
(3.4 0.95 0.02)
(3.45 0.95 0.02)
(3.5 0.95 0.02)
(3.55 0.95 0.02)
(3.6 0.95 0.02)
(3.65 0.95 0.02)
(3.7 0.95 0.02)
(3.75 0.95 0.02)
(3.8 0.95 0.02)
(3.85 0.95 0.02)
(3.9 0.95 0.02)
(3.95 0.95 0.02)
(4 0.95 0.02)
(4.05 0.95 0.02)
(4.1 0.95 0.02)
(4.15 0.95 0.02)
(4.2 0.95 0.02)
(4.25 0.95 0.02)
(4.3 0.95 0.02)
(4.35 0.95 0.02)
(4.4 0.95 0.02)
(4.45 0.95 0.02)
(4.5 0.95 0.02)
(4.55 0.95 0.02)
(4.6 0.95 0.02)
(4.65 0.95 0.02)
(4.7 0.95 0.02)
(4.75 0.95 0.02)
(4.8 0.95 0.02)
(4.85 0.95 0.02)
(4.9 0.95 0.02)
(4.95 0.95 0.02)
(5 0.95 0.02)
(5.05 0.95 0.02)
(5.1 0.95 0.02)
(5.15 0.95 0.02)
(5.2 0.95 0.02)
(5.25 0.95 0.02)
(5.3 0.95 0.02)
(5.35 0.95 0.02)
(5.4 0.95 0.02)
(5.45 0.95 0.02)
(5.5 0.95 0.02)
(5.55 0.95 0.02)
(5.6 0.95 0.02)
(5.65 0.95 0.02)
(5.7 0.95 0.02)
(5.75 0.95 0.02)
(5.8 0.95 0.02)
(5.85 0.95 0.02)
(5.9 0.95 0.02)
(5.95 0.95 0.02)
(6 0.95 0.02)
(6.05 0.95 0.02)
(6.1 0.95 0.02)
(6.15 0.95 0.02)
(6.2 0.95 0.02)
(6.25 0.95 0.02)
(6.3 0.95 0.02)
(6.35 0.95 0.02)
(6.4 0.95 0.02)
(6.45 0.95 0.02)
(6.5 0.95 0.02)
(6.55 0.95 0.02)
(6.6 0.95 0.02)
(6.65 0.95 0.02)
(6.7 0.95 0.02)
(6.75 0.95 0.02)
(6.8 0.95 0.02)
(6.85 0.95 0.02)
(6.9 0.95 0.02)
(6.95 0.95 0.02)
(7 0.95 0.02)
(7.05 0.95 0.02)
(7.1 0.95 0.02)
(7.15 0.95 0.02)
(7.2 0.95 0.02)
(7.25 0.95 0.02)
(7.3 0.95 0.02)
(7.35 0.95 0.02)
(7.4 0.95 0.02)
(7.45 0.95 0.02)
(7.5 0.95 0.02)
(7.55 0.95 0.02)
(7.6 0.95 0.02)
(7.65 0.95 0.02)
(7.7 0.95 0.02)
(7.75 0.95 0.02)
(7.8 0.95 0.02)
(7.85 0.95 0.02)
(7.9 0.95 0.02)
(7.95 0.95 0.02)
(8 0.95 0.02)
(8.05 0.95 0.02)
(8.1 0.95 0.02)
(8.15 0.95 0.02)
(8.2 0.95 0.02)
(8.25 0.95 0.02)
(8.3 0.95 0.02)
(8.35 0.95 0.02)
(8.4 0.95 0.02)
(8.45 0.95 0.02)
(8.5 0.95 0.02)
(8.55 0.95 0.02)
(8.6 0.95 0.02)
(8.65 0.95 0.02)
(8.7 0.95 0.02)
(8.75 0.95 0.02)
(8.8 0.95 0.02)
(8.85 0.95 0.02)
(8.9 0.95 0.02)
(8.95 0.95 0.02)
(9 0.95 0.02)
(9.05 0.95 0.02)
(9.1 0.95 0.02)
(9.15 0.95 0.02)
(9.2 0.95 0.02)
(9.25 0.95 0.02)
(9.3 0.95 0.02)
(9.35 0.95 0.02)
(9.4 0.95 0.02)
(9.45 0.95 0.02)
(9.5 0.95 0.02)
(9.55 0.95 0.02)
(9.6 0.95 0.02)
(9.65 0.95 0.02)
(9.7 0.95 0.02)
(9.75 0.95 0.02)
(9.8 0.95 0.02)
(9.85 0.95 0.02)
(9.9 0.95 0.02)
(9.95 0.95 0.02)
(10 0.95 0.02)
(0 1 0.02)
(0.05 1 0.02)
(0.1 1 0.02)
(0.15 1 0.02)
(0.2 1 0.02)
(0.25 1 0.02)
(0.3 1 0.02)
(0.35 1 0.02)
(0.4 1 0.02)
(0.45 1 0.02)
(0.5 1 0.02)
(0.55 1 0.02)
(0.6 1 0.02)
(0.65 1 0.02)
(0.7 1 0.02)
(0.75 1 0.02)
(0.8 1 0.02)
(0.85 1 0.02)
(0.9 1 0.02)
(0.95 1 0.02)
(1 1 0.02)
(1.05 1 0.02)
(1.1 1 0.02)
(1.15 1 0.02)
(1.2 1 0.02)
(1.25 1 0.02)
(1.3 1 0.02)
(1.35 1 0.02)
(1.4 1 0.02)
(1.45 1 0.02)
(1.5 1 0.02)
(1.55 1 0.02)
(1.6 1 0.02)
(1.65 1 0.02)
(1.7 1 0.02)
(1.75 1 0.02)
(1.8 1 0.02)
(1.85 1 0.02)
(1.9 1 0.02)
(1.95 1 0.02)
(2 1 0.02)
(2.05 1 0.02)
(2.1 1 0.02)
(2.15 1 0.02)
(2.2 1 0.02)
(2.25 1 0.02)
(2.3 1 0.02)
(2.35 1 0.02)
(2.4 1 0.02)
(2.45 1 0.02)
(2.5 1 0.02)
(2.55 1 0.02)
(2.6 1 0.02)
(2.65 1 0.02)
(2.7 1 0.02)
(2.75 1 0.02)
(2.8 1 0.02)
(2.85 1 0.02)
(2.9 1 0.02)
(2.95 1 0.02)
(3 1 0.02)
(3.05 1 0.02)
(3.1 1 0.02)
(3.15 1 0.02)
(3.2 1 0.02)
(3.25 1 0.02)
(3.3 1 0.02)
(3.35 1 0.02)
(3.4 1 0.02)
(3.45 1 0.02)
(3.5 1 0.02)
(3.55 1 0.02)
(3.6 1 0.02)
(3.65 1 0.02)
(3.7 1 0.02)
(3.75 1 0.02)
(3.8 1 0.02)
(3.85 1 0.02)
(3.9 1 0.02)
(3.95 1 0.02)
(4 1 0.02)
(4.05 1 0.02)
(4.1 1 0.02)
(4.15 1 0.02)
(4.2 1 0.02)
(4.25 1 0.02)
(4.3 1 0.02)
(4.35 1 0.02)
(4.4 1 0.02)
(4.45 1 0.02)
(4.5 1 0.02)
(4.55 1 0.02)
(4.6 1 0.02)
(4.65 1 0.02)
(4.7 1 0.02)
(4.75 1 0.02)
(4.8 1 0.02)
(4.85 1 0.02)
(4.9 1 0.02)
(4.95 1 0.02)
(5 1 0.02)
(5.05 1 0.02)
(5.1 1 0.02)
(5.15 1 0.02)
(5.2 1 0.02)
(5.25 1 0.02)
(5.3 1 0.02)
(5.35 1 0.02)
(5.4 1 0.02)
(5.45 1 0.02)
(5.5 1 0.02)
(5.55 1 0.02)
(5.6 1 0.02)
(5.65 1 0.02)
(5.7 1 0.02)
(5.75 1 0.02)
(5.8 1 0.02)
(5.85 1 0.02)
(5.9 1 0.02)
(5.95 1 0.02)
(6 1 0.02)
(6.05 1 0.02)
(6.1 1 0.02)
(6.15 1 0.02)
(6.2 1 0.02)
(6.25 1 0.02)
(6.3 1 0.02)
(6.35 1 0.02)
(6.4 1 0.02)
(6.45 1 0.02)
(6.5 1 0.02)
(6.55 1 0.02)
(6.6 1 0.02)
(6.65 1 0.02)
(6.7 1 0.02)
(6.75 1 0.02)
(6.8 1 0.02)
(6.85 1 0.02)
(6.9 1 0.02)
(6.95 1 0.02)
(7 1 0.02)
(7.05 1 0.02)
(7.1 1 0.02)
(7.15 1 0.02)
(7.2 1 0.02)
(7.25 1 0.02)
(7.3 1 0.02)
(7.35 1 0.02)
(7.4 1 0.02)
(7.45 1 0.02)
(7.5 1 0.02)
(7.55 1 0.02)
(7.6 1 0.02)
(7.65 1 0.02)
(7.7 1 0.02)
(7.75 1 0.02)
(7.8 1 0.02)
(7.85 1 0.02)
(7.9 1 0.02)
(7.95 1 0.02)
(8 1 0.02)
(8.05 1 0.02)
(8.1 1 0.02)
(8.15 1 0.02)
(8.2 1 0.02)
(8.25 1 0.02)
(8.3 1 0.02)
(8.35 1 0.02)
(8.4 1 0.02)
(8.45 1 0.02)
(8.5 1 0.02)
(8.55 1 0.02)
(8.6 1 0.02)
(8.65 1 0.02)
(8.7 1 0.02)
(8.75 1 0.02)
(8.8 1 0.02)
(8.85 1 0.02)
(8.9 1 0.02)
(8.95 1 0.02)
(9 1 0.02)
(9.05 1 0.02)
(9.1 1 0.02)
(9.15 1 0.02)
(9.2 1 0.02)
(9.25 1 0.02)
(9.3 1 0.02)
(9.35 1 0.02)
(9.4 1 0.02)
(9.45 1 0.02)
(9.5 1 0.02)
(9.55 1 0.02)
(9.6 1 0.02)
(9.65 1 0.02)
(9.7 1 0.02)
(9.75 1 0.02)
(9.8 1 0.02)
(9.85 1 0.02)
(9.9 1 0.02)
(9.95 1 0.02)
(10 1 0.02)
(0 0 0.03)
(0.05 0 0.03)
(0.1 0 0.03)
(0.15 0 0.03)
(0.2 0 0.03)
(0.25 0 0.03)
(0.3 0 0.03)
(0.35 0 0.03)
(0.4 0 0.03)
(0.45 0 0.03)
(0.5 0 0.03)
(0.55 0 0.03)
(0.6 0 0.03)
(0.65 0 0.03)
(0.7 0 0.03)
(0.75 0 0.03)
(0.8 0 0.03)
(0.85 0 0.03)
(0.9 0 0.03)
(0.95 0 0.03)
(1 0 0.03)
(1.05 0 0.03)
(1.1 0 0.03)
(1.15 0 0.03)
(1.2 0 0.03)
(1.25 0 0.03)
(1.3 0 0.03)
(1.35 0 0.03)
(1.4 0 0.03)
(1.45 0 0.03)
(1.5 0 0.03)
(1.55 0 0.03)
(1.6 0 0.03)
(1.65 0 0.03)
(1.7 0 0.03)
(1.75 0 0.03)
(1.8 0 0.03)
(1.85 0 0.03)
(1.9 0 0.03)
(1.95 0 0.03)
(2 0 0.03)
(2.05 0 0.03)
(2.1 0 0.03)
(2.15 0 0.03)
(2.2 0 0.03)
(2.25 0 0.03)
(2.3 0 0.03)
(2.35 0 0.03)
(2.4 0 0.03)
(2.45 0 0.03)
(2.5 0 0.03)
(2.55 0 0.03)
(2.6 0 0.03)
(2.65 0 0.03)
(2.7 0 0.03)
(2.75 0 0.03)
(2.8 0 0.03)
(2.85 0 0.03)
(2.9 0 0.03)
(2.95 0 0.03)
(3 0 0.03)
(3.05 0 0.03)
(3.1 0 0.03)
(3.15 0 0.03)
(3.2 0 0.03)
(3.25 0 0.03)
(3.3 0 0.03)
(3.35 0 0.03)
(3.4 0 0.03)
(3.45 0 0.03)
(3.5 0 0.03)
(3.55 0 0.03)
(3.6 0 0.03)
(3.65 0 0.03)
(3.7 0 0.03)
(3.75 0 0.03)
(3.8 0 0.03)
(3.85 0 0.03)
(3.9 0 0.03)
(3.95 0 0.03)
(4 0 0.03)
(4.05 0 0.03)
(4.1 0 0.03)
(4.15 0 0.03)
(4.2 0 0.03)
(4.25 0 0.03)
(4.3 0 0.03)
(4.35 0 0.03)
(4.4 0 0.03)
(4.45 0 0.03)
(4.5 0 0.03)
(4.55 0 0.03)
(4.6 0 0.03)
(4.65 0 0.03)
(4.7 0 0.03)
(4.75 0 0.03)
(4.8 0 0.03)
(4.85 0 0.03)
(4.9 0 0.03)
(4.95 0 0.03)
(5 0 0.03)
(5.05 0 0.03)
(5.1 0 0.03)
(5.15 0 0.03)
(5.2 0 0.03)
(5.25 0 0.03)
(5.3 0 0.03)
(5.35 0 0.03)
(5.4 0 0.03)
(5.45 0 0.03)
(5.5 0 0.03)
(5.55 0 0.03)
(5.6 0 0.03)
(5.65 0 0.03)
(5.7 0 0.03)
(5.75 0 0.03)
(5.8 0 0.03)
(5.85 0 0.03)
(5.9 0 0.03)
(5.95 0 0.03)
(6 0 0.03)
(6.05 0 0.03)
(6.1 0 0.03)
(6.15 0 0.03)
(6.2 0 0.03)
(6.25 0 0.03)
(6.3 0 0.03)
(6.35 0 0.03)
(6.4 0 0.03)
(6.45 0 0.03)
(6.5 0 0.03)
(6.55 0 0.03)
(6.6 0 0.03)
(6.65 0 0.03)
(6.7 0 0.03)
(6.75 0 0.03)
(6.8 0 0.03)
(6.85 0 0.03)
(6.9 0 0.03)
(6.95 0 0.03)
(7 0 0.03)
(7.05 0 0.03)
(7.1 0 0.03)
(7.15 0 0.03)
(7.2 0 0.03)
(7.25 0 0.03)
(7.3 0 0.03)
(7.35 0 0.03)
(7.4 0 0.03)
(7.45 0 0.03)
(7.5 0 0.03)
(7.55 0 0.03)
(7.6 0 0.03)
(7.65 0 0.03)
(7.7 0 0.03)
(7.75 0 0.03)
(7.8 0 0.03)
(7.85 0 0.03)
(7.9 0 0.03)
(7.95 0 0.03)
(8 0 0.03)
(8.05 0 0.03)
(8.1 0 0.03)
(8.15 0 0.03)
(8.2 0 0.03)
(8.25 0 0.03)
(8.3 0 0.03)
(8.35 0 0.03)
(8.4 0 0.03)
(8.45 0 0.03)
(8.5 0 0.03)
(8.55 0 0.03)
(8.6 0 0.03)
(8.65 0 0.03)
(8.7 0 0.03)
(8.75 0 0.03)
(8.8 0 0.03)
(8.85 0 0.03)
(8.9 0 0.03)
(8.95 0 0.03)
(9 0 0.03)
(9.05 0 0.03)
(9.1 0 0.03)
(9.15 0 0.03)
(9.2 0 0.03)
(9.25 0 0.03)
(9.3 0 0.03)
(9.35 0 0.03)
(9.4 0 0.03)
(9.45 0 0.03)
(9.5 0 0.03)
(9.55 0 0.03)
(9.6 0 0.03)
(9.65 0 0.03)
(9.7 0 0.03)
(9.75 0 0.03)
(9.8 0 0.03)
(9.85 0 0.03)
(9.9 0 0.03)
(9.95 0 0.03)
(10 0 0.03)
(0 0.05 0.03)
(0.05 0.05 0.03)
(0.1 0.05 0.03)
(0.15 0.05 0.03)
(0.2 0.05 0.03)
(0.25 0.05 0.03)
(0.3 0.05 0.03)
(0.35 0.05 0.03)
(0.4 0.05 0.03)
(0.45 0.05 0.03)
(0.5 0.05 0.03)
(0.55 0.05 0.03)
(0.6 0.05 0.03)
(0.65 0.05 0.03)
(0.7 0.05 0.03)
(0.75 0.05 0.03)
(0.8 0.05 0.03)
(0.85 0.05 0.03)
(0.9 0.05 0.03)
(0.95 0.05 0.03)
(1 0.05 0.03)
(1.05 0.05 0.03)
(1.1 0.05 0.03)
(1.15 0.05 0.03)
(1.2 0.05 0.03)
(1.25 0.05 0.03)
(1.3 0.05 0.03)
(1.35 0.05 0.03)
(1.4 0.05 0.03)
(1.45 0.05 0.03)
(1.5 0.05 0.03)
(1.55 0.05 0.03)
(1.6 0.05 0.03)
(1.65 0.05 0.03)
(1.7 0.05 0.03)
(1.75 0.05 0.03)
(1.8 0.05 0.03)
(1.85 0.05 0.03)
(1.9 0.05 0.03)
(1.95 0.05 0.03)
(2 0.05 0.03)
(2.05 0.05 0.03)
(2.1 0.05 0.03)
(2.15 0.05 0.03)
(2.2 0.05 0.03)
(2.25 0.05 0.03)
(2.3 0.05 0.03)
(2.35 0.05 0.03)
(2.4 0.05 0.03)
(2.45 0.05 0.03)
(2.5 0.05 0.03)
(2.55 0.05 0.03)
(2.6 0.05 0.03)
(2.65 0.05 0.03)
(2.7 0.05 0.03)
(2.75 0.05 0.03)
(2.8 0.05 0.03)
(2.85 0.05 0.03)
(2.9 0.05 0.03)
(2.95 0.05 0.03)
(3 0.05 0.03)
(3.05 0.05 0.03)
(3.1 0.05 0.03)
(3.15 0.05 0.03)
(3.2 0.05 0.03)
(3.25 0.05 0.03)
(3.3 0.05 0.03)
(3.35 0.05 0.03)
(3.4 0.05 0.03)
(3.45 0.05 0.03)
(3.5 0.05 0.03)
(3.55 0.05 0.03)
(3.6 0.05 0.03)
(3.65 0.05 0.03)
(3.7 0.05 0.03)
(3.75 0.05 0.03)
(3.8 0.05 0.03)
(3.85 0.05 0.03)
(3.9 0.05 0.03)
(3.95 0.05 0.03)
(4 0.05 0.03)
(4.05 0.05 0.03)
(4.1 0.05 0.03)
(4.15 0.05 0.03)
(4.2 0.05 0.03)
(4.25 0.05 0.03)
(4.3 0.05 0.03)
(4.35 0.05 0.03)
(4.4 0.05 0.03)
(4.45 0.05 0.03)
(4.5 0.05 0.03)
(4.55 0.05 0.03)
(4.6 0.05 0.03)
(4.65 0.05 0.03)
(4.7 0.05 0.03)
(4.75 0.05 0.03)
(4.8 0.05 0.03)
(4.85 0.05 0.03)
(4.9 0.05 0.03)
(4.95 0.05 0.03)
(5 0.05 0.03)
(5.05 0.05 0.03)
(5.1 0.05 0.03)
(5.15 0.05 0.03)
(5.2 0.05 0.03)
(5.25 0.05 0.03)
(5.3 0.05 0.03)
(5.35 0.05 0.03)
(5.4 0.05 0.03)
(5.45 0.05 0.03)
(5.5 0.05 0.03)
(5.55 0.05 0.03)
(5.6 0.05 0.03)
(5.65 0.05 0.03)
(5.7 0.05 0.03)
(5.75 0.05 0.03)
(5.8 0.05 0.03)
(5.85 0.05 0.03)
(5.9 0.05 0.03)
(5.95 0.05 0.03)
(6 0.05 0.03)
(6.05 0.05 0.03)
(6.1 0.05 0.03)
(6.15 0.05 0.03)
(6.2 0.05 0.03)
(6.25 0.05 0.03)
(6.3 0.05 0.03)
(6.35 0.05 0.03)
(6.4 0.05 0.03)
(6.45 0.05 0.03)
(6.5 0.05 0.03)
(6.55 0.05 0.03)
(6.6 0.05 0.03)
(6.65 0.05 0.03)
(6.7 0.05 0.03)
(6.75 0.05 0.03)
(6.8 0.05 0.03)
(6.85 0.05 0.03)
(6.9 0.05 0.03)
(6.95 0.05 0.03)
(7 0.05 0.03)
(7.05 0.05 0.03)
(7.1 0.05 0.03)
(7.15 0.05 0.03)
(7.2 0.05 0.03)
(7.25 0.05 0.03)
(7.3 0.05 0.03)
(7.35 0.05 0.03)
(7.4 0.05 0.03)
(7.45 0.05 0.03)
(7.5 0.05 0.03)
(7.55 0.05 0.03)
(7.6 0.05 0.03)
(7.65 0.05 0.03)
(7.7 0.05 0.03)
(7.75 0.05 0.03)
(7.8 0.05 0.03)
(7.85 0.05 0.03)
(7.9 0.05 0.03)
(7.95 0.05 0.03)
(8 0.05 0.03)
(8.05 0.05 0.03)
(8.1 0.05 0.03)
(8.15 0.05 0.03)
(8.2 0.05 0.03)
(8.25 0.05 0.03)
(8.3 0.05 0.03)
(8.35 0.05 0.03)
(8.4 0.05 0.03)
(8.45 0.05 0.03)
(8.5 0.05 0.03)
(8.55 0.05 0.03)
(8.6 0.05 0.03)
(8.65 0.05 0.03)
(8.7 0.05 0.03)
(8.75 0.05 0.03)
(8.8 0.05 0.03)
(8.85 0.05 0.03)
(8.9 0.05 0.03)
(8.95 0.05 0.03)
(9 0.05 0.03)
(9.05 0.05 0.03)
(9.1 0.05 0.03)
(9.15 0.05 0.03)
(9.2 0.05 0.03)
(9.25 0.05 0.03)
(9.3 0.05 0.03)
(9.35 0.05 0.03)
(9.4 0.05 0.03)
(9.45 0.05 0.03)
(9.5 0.05 0.03)
(9.55 0.05 0.03)
(9.6 0.05 0.03)
(9.65 0.05 0.03)
(9.7 0.05 0.03)
(9.75 0.05 0.03)
(9.8 0.05 0.03)
(9.85 0.05 0.03)
(9.9 0.05 0.03)
(9.95 0.05 0.03)
(10 0.05 0.03)
(0 0.1 0.03)
(0.05 0.1 0.03)
(0.1 0.1 0.03)
(0.15 0.1 0.03)
(0.2 0.1 0.03)
(0.25 0.1 0.03)
(0.3 0.1 0.03)
(0.35 0.1 0.03)
(0.4 0.1 0.03)
(0.45 0.1 0.03)
(0.5 0.1 0.03)
(0.55 0.1 0.03)
(0.6 0.1 0.03)
(0.65 0.1 0.03)
(0.7 0.1 0.03)
(0.75 0.1 0.03)
(0.8 0.1 0.03)
(0.85 0.1 0.03)
(0.9 0.1 0.03)
(0.95 0.1 0.03)
(1 0.1 0.03)
(1.05 0.1 0.03)
(1.1 0.1 0.03)
(1.15 0.1 0.03)
(1.2 0.1 0.03)
(1.25 0.1 0.03)
(1.3 0.1 0.03)
(1.35 0.1 0.03)
(1.4 0.1 0.03)
(1.45 0.1 0.03)
(1.5 0.1 0.03)
(1.55 0.1 0.03)
(1.6 0.1 0.03)
(1.65 0.1 0.03)
(1.7 0.1 0.03)
(1.75 0.1 0.03)
(1.8 0.1 0.03)
(1.85 0.1 0.03)
(1.9 0.1 0.03)
(1.95 0.1 0.03)
(2 0.1 0.03)
(2.05 0.1 0.03)
(2.1 0.1 0.03)
(2.15 0.1 0.03)
(2.2 0.1 0.03)
(2.25 0.1 0.03)
(2.3 0.1 0.03)
(2.35 0.1 0.03)
(2.4 0.1 0.03)
(2.45 0.1 0.03)
(2.5 0.1 0.03)
(2.55 0.1 0.03)
(2.6 0.1 0.03)
(2.65 0.1 0.03)
(2.7 0.1 0.03)
(2.75 0.1 0.03)
(2.8 0.1 0.03)
(2.85 0.1 0.03)
(2.9 0.1 0.03)
(2.95 0.1 0.03)
(3 0.1 0.03)
(3.05 0.1 0.03)
(3.1 0.1 0.03)
(3.15 0.1 0.03)
(3.2 0.1 0.03)
(3.25 0.1 0.03)
(3.3 0.1 0.03)
(3.35 0.1 0.03)
(3.4 0.1 0.03)
(3.45 0.1 0.03)
(3.5 0.1 0.03)
(3.55 0.1 0.03)
(3.6 0.1 0.03)
(3.65 0.1 0.03)
(3.7 0.1 0.03)
(3.75 0.1 0.03)
(3.8 0.1 0.03)
(3.85 0.1 0.03)
(3.9 0.1 0.03)
(3.95 0.1 0.03)
(4 0.1 0.03)
(4.05 0.1 0.03)
(4.1 0.1 0.03)
(4.15 0.1 0.03)
(4.2 0.1 0.03)
(4.25 0.1 0.03)
(4.3 0.1 0.03)
(4.35 0.1 0.03)
(4.4 0.1 0.03)
(4.45 0.1 0.03)
(4.5 0.1 0.03)
(4.55 0.1 0.03)
(4.6 0.1 0.03)
(4.65 0.1 0.03)
(4.7 0.1 0.03)
(4.75 0.1 0.03)
(4.8 0.1 0.03)
(4.85 0.1 0.03)
(4.9 0.1 0.03)
(4.95 0.1 0.03)
(5 0.1 0.03)
(5.05 0.1 0.03)
(5.1 0.1 0.03)
(5.15 0.1 0.03)
(5.2 0.1 0.03)
(5.25 0.1 0.03)
(5.3 0.1 0.03)
(5.35 0.1 0.03)
(5.4 0.1 0.03)
(5.45 0.1 0.03)
(5.5 0.1 0.03)
(5.55 0.1 0.03)
(5.6 0.1 0.03)
(5.65 0.1 0.03)
(5.7 0.1 0.03)
(5.75 0.1 0.03)
(5.8 0.1 0.03)
(5.85 0.1 0.03)
(5.9 0.1 0.03)
(5.95 0.1 0.03)
(6 0.1 0.03)
(6.05 0.1 0.03)
(6.1 0.1 0.03)
(6.15 0.1 0.03)
(6.2 0.1 0.03)
(6.25 0.1 0.03)
(6.3 0.1 0.03)
(6.35 0.1 0.03)
(6.4 0.1 0.03)
(6.45 0.1 0.03)
(6.5 0.1 0.03)
(6.55 0.1 0.03)
(6.6 0.1 0.03)
(6.65 0.1 0.03)
(6.7 0.1 0.03)
(6.75 0.1 0.03)
(6.8 0.1 0.03)
(6.85 0.1 0.03)
(6.9 0.1 0.03)
(6.95 0.1 0.03)
(7 0.1 0.03)
(7.05 0.1 0.03)
(7.1 0.1 0.03)
(7.15 0.1 0.03)
(7.2 0.1 0.03)
(7.25 0.1 0.03)
(7.3 0.1 0.03)
(7.35 0.1 0.03)
(7.4 0.1 0.03)
(7.45 0.1 0.03)
(7.5 0.1 0.03)
(7.55 0.1 0.03)
(7.6 0.1 0.03)
(7.65 0.1 0.03)
(7.7 0.1 0.03)
(7.75 0.1 0.03)
(7.8 0.1 0.03)
(7.85 0.1 0.03)
(7.9 0.1 0.03)
(7.95 0.1 0.03)
(8 0.1 0.03)
(8.05 0.1 0.03)
(8.1 0.1 0.03)
(8.15 0.1 0.03)
(8.2 0.1 0.03)
(8.25 0.1 0.03)
(8.3 0.1 0.03)
(8.35 0.1 0.03)
(8.4 0.1 0.03)
(8.45 0.1 0.03)
(8.5 0.1 0.03)
(8.55 0.1 0.03)
(8.6 0.1 0.03)
(8.65 0.1 0.03)
(8.7 0.1 0.03)
(8.75 0.1 0.03)
(8.8 0.1 0.03)
(8.85 0.1 0.03)
(8.9 0.1 0.03)
(8.95 0.1 0.03)
(9 0.1 0.03)
(9.05 0.1 0.03)
(9.1 0.1 0.03)
(9.15 0.1 0.03)
(9.2 0.1 0.03)
(9.25 0.1 0.03)
(9.3 0.1 0.03)
(9.35 0.1 0.03)
(9.4 0.1 0.03)
(9.45 0.1 0.03)
(9.5 0.1 0.03)
(9.55 0.1 0.03)
(9.6 0.1 0.03)
(9.65 0.1 0.03)
(9.7 0.1 0.03)
(9.75 0.1 0.03)
(9.8 0.1 0.03)
(9.85 0.1 0.03)
(9.9 0.1 0.03)
(9.95 0.1 0.03)
(10 0.1 0.03)
(0 0.15 0.03)
(0.05 0.15 0.03)
(0.1 0.15 0.03)
(0.15 0.15 0.03)
(0.2 0.15 0.03)
(0.25 0.15 0.03)
(0.3 0.15 0.03)
(0.35 0.15 0.03)
(0.4 0.15 0.03)
(0.45 0.15 0.03)
(0.5 0.15 0.03)
(0.55 0.15 0.03)
(0.6 0.15 0.03)
(0.65 0.15 0.03)
(0.7 0.15 0.03)
(0.75 0.15 0.03)
(0.8 0.15 0.03)
(0.85 0.15 0.03)
(0.9 0.15 0.03)
(0.95 0.15 0.03)
(1 0.15 0.03)
(1.05 0.15 0.03)
(1.1 0.15 0.03)
(1.15 0.15 0.03)
(1.2 0.15 0.03)
(1.25 0.15 0.03)
(1.3 0.15 0.03)
(1.35 0.15 0.03)
(1.4 0.15 0.03)
(1.45 0.15 0.03)
(1.5 0.15 0.03)
(1.55 0.15 0.03)
(1.6 0.15 0.03)
(1.65 0.15 0.03)
(1.7 0.15 0.03)
(1.75 0.15 0.03)
(1.8 0.15 0.03)
(1.85 0.15 0.03)
(1.9 0.15 0.03)
(1.95 0.15 0.03)
(2 0.15 0.03)
(2.05 0.15 0.03)
(2.1 0.15 0.03)
(2.15 0.15 0.03)
(2.2 0.15 0.03)
(2.25 0.15 0.03)
(2.3 0.15 0.03)
(2.35 0.15 0.03)
(2.4 0.15 0.03)
(2.45 0.15 0.03)
(2.5 0.15 0.03)
(2.55 0.15 0.03)
(2.6 0.15 0.03)
(2.65 0.15 0.03)
(2.7 0.15 0.03)
(2.75 0.15 0.03)
(2.8 0.15 0.03)
(2.85 0.15 0.03)
(2.9 0.15 0.03)
(2.95 0.15 0.03)
(3 0.15 0.03)
(3.05 0.15 0.03)
(3.1 0.15 0.03)
(3.15 0.15 0.03)
(3.2 0.15 0.03)
(3.25 0.15 0.03)
(3.3 0.15 0.03)
(3.35 0.15 0.03)
(3.4 0.15 0.03)
(3.45 0.15 0.03)
(3.5 0.15 0.03)
(3.55 0.15 0.03)
(3.6 0.15 0.03)
(3.65 0.15 0.03)
(3.7 0.15 0.03)
(3.75 0.15 0.03)
(3.8 0.15 0.03)
(3.85 0.15 0.03)
(3.9 0.15 0.03)
(3.95 0.15 0.03)
(4 0.15 0.03)
(4.05 0.15 0.03)
(4.1 0.15 0.03)
(4.15 0.15 0.03)
(4.2 0.15 0.03)
(4.25 0.15 0.03)
(4.3 0.15 0.03)
(4.35 0.15 0.03)
(4.4 0.15 0.03)
(4.45 0.15 0.03)
(4.5 0.15 0.03)
(4.55 0.15 0.03)
(4.6 0.15 0.03)
(4.65 0.15 0.03)
(4.7 0.15 0.03)
(4.75 0.15 0.03)
(4.8 0.15 0.03)
(4.85 0.15 0.03)
(4.9 0.15 0.03)
(4.95 0.15 0.03)
(5 0.15 0.03)
(5.05 0.15 0.03)
(5.1 0.15 0.03)
(5.15 0.15 0.03)
(5.2 0.15 0.03)
(5.25 0.15 0.03)
(5.3 0.15 0.03)
(5.35 0.15 0.03)
(5.4 0.15 0.03)
(5.45 0.15 0.03)
(5.5 0.15 0.03)
(5.55 0.15 0.03)
(5.6 0.15 0.03)
(5.65 0.15 0.03)
(5.7 0.15 0.03)
(5.75 0.15 0.03)
(5.8 0.15 0.03)
(5.85 0.15 0.03)
(5.9 0.15 0.03)
(5.95 0.15 0.03)
(6 0.15 0.03)
(6.05 0.15 0.03)
(6.1 0.15 0.03)
(6.15 0.15 0.03)
(6.2 0.15 0.03)
(6.25 0.15 0.03)
(6.3 0.15 0.03)
(6.35 0.15 0.03)
(6.4 0.15 0.03)
(6.45 0.15 0.03)
(6.5 0.15 0.03)
(6.55 0.15 0.03)
(6.6 0.15 0.03)
(6.65 0.15 0.03)
(6.7 0.15 0.03)
(6.75 0.15 0.03)
(6.8 0.15 0.03)
(6.85 0.15 0.03)
(6.9 0.15 0.03)
(6.95 0.15 0.03)
(7 0.15 0.03)
(7.05 0.15 0.03)
(7.1 0.15 0.03)
(7.15 0.15 0.03)
(7.2 0.15 0.03)
(7.25 0.15 0.03)
(7.3 0.15 0.03)
(7.35 0.15 0.03)
(7.4 0.15 0.03)
(7.45 0.15 0.03)
(7.5 0.15 0.03)
(7.55 0.15 0.03)
(7.6 0.15 0.03)
(7.65 0.15 0.03)
(7.7 0.15 0.03)
(7.75 0.15 0.03)
(7.8 0.15 0.03)
(7.85 0.15 0.03)
(7.9 0.15 0.03)
(7.95 0.15 0.03)
(8 0.15 0.03)
(8.05 0.15 0.03)
(8.1 0.15 0.03)
(8.15 0.15 0.03)
(8.2 0.15 0.03)
(8.25 0.15 0.03)
(8.3 0.15 0.03)
(8.35 0.15 0.03)
(8.4 0.15 0.03)
(8.45 0.15 0.03)
(8.5 0.15 0.03)
(8.55 0.15 0.03)
(8.6 0.15 0.03)
(8.65 0.15 0.03)
(8.7 0.15 0.03)
(8.75 0.15 0.03)
(8.8 0.15 0.03)
(8.85 0.15 0.03)
(8.9 0.15 0.03)
(8.95 0.15 0.03)
(9 0.15 0.03)
(9.05 0.15 0.03)
(9.1 0.15 0.03)
(9.15 0.15 0.03)
(9.2 0.15 0.03)
(9.25 0.15 0.03)
(9.3 0.15 0.03)
(9.35 0.15 0.03)
(9.4 0.15 0.03)
(9.45 0.15 0.03)
(9.5 0.15 0.03)
(9.55 0.15 0.03)
(9.6 0.15 0.03)
(9.65 0.15 0.03)
(9.7 0.15 0.03)
(9.75 0.15 0.03)
(9.8 0.15 0.03)
(9.85 0.15 0.03)
(9.9 0.15 0.03)
(9.95 0.15 0.03)
(10 0.15 0.03)
(0 0.2 0.03)
(0.05 0.2 0.03)
(0.1 0.2 0.03)
(0.15 0.2 0.03)
(0.2 0.2 0.03)
(0.25 0.2 0.03)
(0.3 0.2 0.03)
(0.35 0.2 0.03)
(0.4 0.2 0.03)
(0.45 0.2 0.03)
(0.5 0.2 0.03)
(0.55 0.2 0.03)
(0.6 0.2 0.03)
(0.65 0.2 0.03)
(0.7 0.2 0.03)
(0.75 0.2 0.03)
(0.8 0.2 0.03)
(0.85 0.2 0.03)
(0.9 0.2 0.03)
(0.95 0.2 0.03)
(1 0.2 0.03)
(1.05 0.2 0.03)
(1.1 0.2 0.03)
(1.15 0.2 0.03)
(1.2 0.2 0.03)
(1.25 0.2 0.03)
(1.3 0.2 0.03)
(1.35 0.2 0.03)
(1.4 0.2 0.03)
(1.45 0.2 0.03)
(1.5 0.2 0.03)
(1.55 0.2 0.03)
(1.6 0.2 0.03)
(1.65 0.2 0.03)
(1.7 0.2 0.03)
(1.75 0.2 0.03)
(1.8 0.2 0.03)
(1.85 0.2 0.03)
(1.9 0.2 0.03)
(1.95 0.2 0.03)
(2 0.2 0.03)
(2.05 0.2 0.03)
(2.1 0.2 0.03)
(2.15 0.2 0.03)
(2.2 0.2 0.03)
(2.25 0.2 0.03)
(2.3 0.2 0.03)
(2.35 0.2 0.03)
(2.4 0.2 0.03)
(2.45 0.2 0.03)
(2.5 0.2 0.03)
(2.55 0.2 0.03)
(2.6 0.2 0.03)
(2.65 0.2 0.03)
(2.7 0.2 0.03)
(2.75 0.2 0.03)
(2.8 0.2 0.03)
(2.85 0.2 0.03)
(2.9 0.2 0.03)
(2.95 0.2 0.03)
(3 0.2 0.03)
(3.05 0.2 0.03)
(3.1 0.2 0.03)
(3.15 0.2 0.03)
(3.2 0.2 0.03)
(3.25 0.2 0.03)
(3.3 0.2 0.03)
(3.35 0.2 0.03)
(3.4 0.2 0.03)
(3.45 0.2 0.03)
(3.5 0.2 0.03)
(3.55 0.2 0.03)
(3.6 0.2 0.03)
(3.65 0.2 0.03)
(3.7 0.2 0.03)
(3.75 0.2 0.03)
(3.8 0.2 0.03)
(3.85 0.2 0.03)
(3.9 0.2 0.03)
(3.95 0.2 0.03)
(4 0.2 0.03)
(4.05 0.2 0.03)
(4.1 0.2 0.03)
(4.15 0.2 0.03)
(4.2 0.2 0.03)
(4.25 0.2 0.03)
(4.3 0.2 0.03)
(4.35 0.2 0.03)
(4.4 0.2 0.03)
(4.45 0.2 0.03)
(4.5 0.2 0.03)
(4.55 0.2 0.03)
(4.6 0.2 0.03)
(4.65 0.2 0.03)
(4.7 0.2 0.03)
(4.75 0.2 0.03)
(4.8 0.2 0.03)
(4.85 0.2 0.03)
(4.9 0.2 0.03)
(4.95 0.2 0.03)
(5 0.2 0.03)
(5.05 0.2 0.03)
(5.1 0.2 0.03)
(5.15 0.2 0.03)
(5.2 0.2 0.03)
(5.25 0.2 0.03)
(5.3 0.2 0.03)
(5.35 0.2 0.03)
(5.4 0.2 0.03)
(5.45 0.2 0.03)
(5.5 0.2 0.03)
(5.55 0.2 0.03)
(5.6 0.2 0.03)
(5.65 0.2 0.03)
(5.7 0.2 0.03)
(5.75 0.2 0.03)
(5.8 0.2 0.03)
(5.85 0.2 0.03)
(5.9 0.2 0.03)
(5.95 0.2 0.03)
(6 0.2 0.03)
(6.05 0.2 0.03)
(6.1 0.2 0.03)
(6.15 0.2 0.03)
(6.2 0.2 0.03)
(6.25 0.2 0.03)
(6.3 0.2 0.03)
(6.35 0.2 0.03)
(6.4 0.2 0.03)
(6.45 0.2 0.03)
(6.5 0.2 0.03)
(6.55 0.2 0.03)
(6.6 0.2 0.03)
(6.65 0.2 0.03)
(6.7 0.2 0.03)
(6.75 0.2 0.03)
(6.8 0.2 0.03)
(6.85 0.2 0.03)
(6.9 0.2 0.03)
(6.95 0.2 0.03)
(7 0.2 0.03)
(7.05 0.2 0.03)
(7.1 0.2 0.03)
(7.15 0.2 0.03)
(7.2 0.2 0.03)
(7.25 0.2 0.03)
(7.3 0.2 0.03)
(7.35 0.2 0.03)
(7.4 0.2 0.03)
(7.45 0.2 0.03)
(7.5 0.2 0.03)
(7.55 0.2 0.03)
(7.6 0.2 0.03)
(7.65 0.2 0.03)
(7.7 0.2 0.03)
(7.75 0.2 0.03)
(7.8 0.2 0.03)
(7.85 0.2 0.03)
(7.9 0.2 0.03)
(7.95 0.2 0.03)
(8 0.2 0.03)
(8.05 0.2 0.03)
(8.1 0.2 0.03)
(8.15 0.2 0.03)
(8.2 0.2 0.03)
(8.25 0.2 0.03)
(8.3 0.2 0.03)
(8.35 0.2 0.03)
(8.4 0.2 0.03)
(8.45 0.2 0.03)
(8.5 0.2 0.03)
(8.55 0.2 0.03)
(8.6 0.2 0.03)
(8.65 0.2 0.03)
(8.7 0.2 0.03)
(8.75 0.2 0.03)
(8.8 0.2 0.03)
(8.85 0.2 0.03)
(8.9 0.2 0.03)
(8.95 0.2 0.03)
(9 0.2 0.03)
(9.05 0.2 0.03)
(9.1 0.2 0.03)
(9.15 0.2 0.03)
(9.2 0.2 0.03)
(9.25 0.2 0.03)
(9.3 0.2 0.03)
(9.35 0.2 0.03)
(9.4 0.2 0.03)
(9.45 0.2 0.03)
(9.5 0.2 0.03)
(9.55 0.2 0.03)
(9.6 0.2 0.03)
(9.65 0.2 0.03)
(9.7 0.2 0.03)
(9.75 0.2 0.03)
(9.8 0.2 0.03)
(9.85 0.2 0.03)
(9.9 0.2 0.03)
(9.95 0.2 0.03)
(10 0.2 0.03)
(0 0.25 0.03)
(0.05 0.25 0.03)
(0.1 0.25 0.03)
(0.15 0.25 0.03)
(0.2 0.25 0.03)
(0.25 0.25 0.03)
(0.3 0.25 0.03)
(0.35 0.25 0.03)
(0.4 0.25 0.03)
(0.45 0.25 0.03)
(0.5 0.25 0.03)
(0.55 0.25 0.03)
(0.6 0.25 0.03)
(0.65 0.25 0.03)
(0.7 0.25 0.03)
(0.75 0.25 0.03)
(0.8 0.25 0.03)
(0.85 0.25 0.03)
(0.9 0.25 0.03)
(0.95 0.25 0.03)
(1 0.25 0.03)
(1.05 0.25 0.03)
(1.1 0.25 0.03)
(1.15 0.25 0.03)
(1.2 0.25 0.03)
(1.25 0.25 0.03)
(1.3 0.25 0.03)
(1.35 0.25 0.03)
(1.4 0.25 0.03)
(1.45 0.25 0.03)
(1.5 0.25 0.03)
(1.55 0.25 0.03)
(1.6 0.25 0.03)
(1.65 0.25 0.03)
(1.7 0.25 0.03)
(1.75 0.25 0.03)
(1.8 0.25 0.03)
(1.85 0.25 0.03)
(1.9 0.25 0.03)
(1.95 0.25 0.03)
(2 0.25 0.03)
(2.05 0.25 0.03)
(2.1 0.25 0.03)
(2.15 0.25 0.03)
(2.2 0.25 0.03)
(2.25 0.25 0.03)
(2.3 0.25 0.03)
(2.35 0.25 0.03)
(2.4 0.25 0.03)
(2.45 0.25 0.03)
(2.5 0.25 0.03)
(2.55 0.25 0.03)
(2.6 0.25 0.03)
(2.65 0.25 0.03)
(2.7 0.25 0.03)
(2.75 0.25 0.03)
(2.8 0.25 0.03)
(2.85 0.25 0.03)
(2.9 0.25 0.03)
(2.95 0.25 0.03)
(3 0.25 0.03)
(3.05 0.25 0.03)
(3.1 0.25 0.03)
(3.15 0.25 0.03)
(3.2 0.25 0.03)
(3.25 0.25 0.03)
(3.3 0.25 0.03)
(3.35 0.25 0.03)
(3.4 0.25 0.03)
(3.45 0.25 0.03)
(3.5 0.25 0.03)
(3.55 0.25 0.03)
(3.6 0.25 0.03)
(3.65 0.25 0.03)
(3.7 0.25 0.03)
(3.75 0.25 0.03)
(3.8 0.25 0.03)
(3.85 0.25 0.03)
(3.9 0.25 0.03)
(3.95 0.25 0.03)
(4 0.25 0.03)
(4.05 0.25 0.03)
(4.1 0.25 0.03)
(4.15 0.25 0.03)
(4.2 0.25 0.03)
(4.25 0.25 0.03)
(4.3 0.25 0.03)
(4.35 0.25 0.03)
(4.4 0.25 0.03)
(4.45 0.25 0.03)
(4.5 0.25 0.03)
(4.55 0.25 0.03)
(4.6 0.25 0.03)
(4.65 0.25 0.03)
(4.7 0.25 0.03)
(4.75 0.25 0.03)
(4.8 0.25 0.03)
(4.85 0.25 0.03)
(4.9 0.25 0.03)
(4.95 0.25 0.03)
(5 0.25 0.03)
(5.05 0.25 0.03)
(5.1 0.25 0.03)
(5.15 0.25 0.03)
(5.2 0.25 0.03)
(5.25 0.25 0.03)
(5.3 0.25 0.03)
(5.35 0.25 0.03)
(5.4 0.25 0.03)
(5.45 0.25 0.03)
(5.5 0.25 0.03)
(5.55 0.25 0.03)
(5.6 0.25 0.03)
(5.65 0.25 0.03)
(5.7 0.25 0.03)
(5.75 0.25 0.03)
(5.8 0.25 0.03)
(5.85 0.25 0.03)
(5.9 0.25 0.03)
(5.95 0.25 0.03)
(6 0.25 0.03)
(6.05 0.25 0.03)
(6.1 0.25 0.03)
(6.15 0.25 0.03)
(6.2 0.25 0.03)
(6.25 0.25 0.03)
(6.3 0.25 0.03)
(6.35 0.25 0.03)
(6.4 0.25 0.03)
(6.45 0.25 0.03)
(6.5 0.25 0.03)
(6.55 0.25 0.03)
(6.6 0.25 0.03)
(6.65 0.25 0.03)
(6.7 0.25 0.03)
(6.75 0.25 0.03)
(6.8 0.25 0.03)
(6.85 0.25 0.03)
(6.9 0.25 0.03)
(6.95 0.25 0.03)
(7 0.25 0.03)
(7.05 0.25 0.03)
(7.1 0.25 0.03)
(7.15 0.25 0.03)
(7.2 0.25 0.03)
(7.25 0.25 0.03)
(7.3 0.25 0.03)
(7.35 0.25 0.03)
(7.4 0.25 0.03)
(7.45 0.25 0.03)
(7.5 0.25 0.03)
(7.55 0.25 0.03)
(7.6 0.25 0.03)
(7.65 0.25 0.03)
(7.7 0.25 0.03)
(7.75 0.25 0.03)
(7.8 0.25 0.03)
(7.85 0.25 0.03)
(7.9 0.25 0.03)
(7.95 0.25 0.03)
(8 0.25 0.03)
(8.05 0.25 0.03)
(8.1 0.25 0.03)
(8.15 0.25 0.03)
(8.2 0.25 0.03)
(8.25 0.25 0.03)
(8.3 0.25 0.03)
(8.35 0.25 0.03)
(8.4 0.25 0.03)
(8.45 0.25 0.03)
(8.5 0.25 0.03)
(8.55 0.25 0.03)
(8.6 0.25 0.03)
(8.65 0.25 0.03)
(8.7 0.25 0.03)
(8.75 0.25 0.03)
(8.8 0.25 0.03)
(8.85 0.25 0.03)
(8.9 0.25 0.03)
(8.95 0.25 0.03)
(9 0.25 0.03)
(9.05 0.25 0.03)
(9.1 0.25 0.03)
(9.15 0.25 0.03)
(9.2 0.25 0.03)
(9.25 0.25 0.03)
(9.3 0.25 0.03)
(9.35 0.25 0.03)
(9.4 0.25 0.03)
(9.45 0.25 0.03)
(9.5 0.25 0.03)
(9.55 0.25 0.03)
(9.6 0.25 0.03)
(9.65 0.25 0.03)
(9.7 0.25 0.03)
(9.75 0.25 0.03)
(9.8 0.25 0.03)
(9.85 0.25 0.03)
(9.9 0.25 0.03)
(9.95 0.25 0.03)
(10 0.25 0.03)
(0 0.3 0.03)
(0.05 0.3 0.03)
(0.1 0.3 0.03)
(0.15 0.3 0.03)
(0.2 0.3 0.03)
(0.25 0.3 0.03)
(0.3 0.3 0.03)
(0.35 0.3 0.03)
(0.4 0.3 0.03)
(0.45 0.3 0.03)
(0.5 0.3 0.03)
(0.55 0.3 0.03)
(0.6 0.3 0.03)
(0.65 0.3 0.03)
(0.7 0.3 0.03)
(0.75 0.3 0.03)
(0.8 0.3 0.03)
(0.85 0.3 0.03)
(0.9 0.3 0.03)
(0.95 0.3 0.03)
(1 0.3 0.03)
(1.05 0.3 0.03)
(1.1 0.3 0.03)
(1.15 0.3 0.03)
(1.2 0.3 0.03)
(1.25 0.3 0.03)
(1.3 0.3 0.03)
(1.35 0.3 0.03)
(1.4 0.3 0.03)
(1.45 0.3 0.03)
(1.5 0.3 0.03)
(1.55 0.3 0.03)
(1.6 0.3 0.03)
(1.65 0.3 0.03)
(1.7 0.3 0.03)
(1.75 0.3 0.03)
(1.8 0.3 0.03)
(1.85 0.3 0.03)
(1.9 0.3 0.03)
(1.95 0.3 0.03)
(2 0.3 0.03)
(2.05 0.3 0.03)
(2.1 0.3 0.03)
(2.15 0.3 0.03)
(2.2 0.3 0.03)
(2.25 0.3 0.03)
(2.3 0.3 0.03)
(2.35 0.3 0.03)
(2.4 0.3 0.03)
(2.45 0.3 0.03)
(2.5 0.3 0.03)
(2.55 0.3 0.03)
(2.6 0.3 0.03)
(2.65 0.3 0.03)
(2.7 0.3 0.03)
(2.75 0.3 0.03)
(2.8 0.3 0.03)
(2.85 0.3 0.03)
(2.9 0.3 0.03)
(2.95 0.3 0.03)
(3 0.3 0.03)
(3.05 0.3 0.03)
(3.1 0.3 0.03)
(3.15 0.3 0.03)
(3.2 0.3 0.03)
(3.25 0.3 0.03)
(3.3 0.3 0.03)
(3.35 0.3 0.03)
(3.4 0.3 0.03)
(3.45 0.3 0.03)
(3.5 0.3 0.03)
(3.55 0.3 0.03)
(3.6 0.3 0.03)
(3.65 0.3 0.03)
(3.7 0.3 0.03)
(3.75 0.3 0.03)
(3.8 0.3 0.03)
(3.85 0.3 0.03)
(3.9 0.3 0.03)
(3.95 0.3 0.03)
(4 0.3 0.03)
(4.05 0.3 0.03)
(4.1 0.3 0.03)
(4.15 0.3 0.03)
(4.2 0.3 0.03)
(4.25 0.3 0.03)
(4.3 0.3 0.03)
(4.35 0.3 0.03)
(4.4 0.3 0.03)
(4.45 0.3 0.03)
(4.5 0.3 0.03)
(4.55 0.3 0.03)
(4.6 0.3 0.03)
(4.65 0.3 0.03)
(4.7 0.3 0.03)
(4.75 0.3 0.03)
(4.8 0.3 0.03)
(4.85 0.3 0.03)
(4.9 0.3 0.03)
(4.95 0.3 0.03)
(5 0.3 0.03)
(5.05 0.3 0.03)
(5.1 0.3 0.03)
(5.15 0.3 0.03)
(5.2 0.3 0.03)
(5.25 0.3 0.03)
(5.3 0.3 0.03)
(5.35 0.3 0.03)
(5.4 0.3 0.03)
(5.45 0.3 0.03)
(5.5 0.3 0.03)
(5.55 0.3 0.03)
(5.6 0.3 0.03)
(5.65 0.3 0.03)
(5.7 0.3 0.03)
(5.75 0.3 0.03)
(5.8 0.3 0.03)
(5.85 0.3 0.03)
(5.9 0.3 0.03)
(5.95 0.3 0.03)
(6 0.3 0.03)
(6.05 0.3 0.03)
(6.1 0.3 0.03)
(6.15 0.3 0.03)
(6.2 0.3 0.03)
(6.25 0.3 0.03)
(6.3 0.3 0.03)
(6.35 0.3 0.03)
(6.4 0.3 0.03)
(6.45 0.3 0.03)
(6.5 0.3 0.03)
(6.55 0.3 0.03)
(6.6 0.3 0.03)
(6.65 0.3 0.03)
(6.7 0.3 0.03)
(6.75 0.3 0.03)
(6.8 0.3 0.03)
(6.85 0.3 0.03)
(6.9 0.3 0.03)
(6.95 0.3 0.03)
(7 0.3 0.03)
(7.05 0.3 0.03)
(7.1 0.3 0.03)
(7.15 0.3 0.03)
(7.2 0.3 0.03)
(7.25 0.3 0.03)
(7.3 0.3 0.03)
(7.35 0.3 0.03)
(7.4 0.3 0.03)
(7.45 0.3 0.03)
(7.5 0.3 0.03)
(7.55 0.3 0.03)
(7.6 0.3 0.03)
(7.65 0.3 0.03)
(7.7 0.3 0.03)
(7.75 0.3 0.03)
(7.8 0.3 0.03)
(7.85 0.3 0.03)
(7.9 0.3 0.03)
(7.95 0.3 0.03)
(8 0.3 0.03)
(8.05 0.3 0.03)
(8.1 0.3 0.03)
(8.15 0.3 0.03)
(8.2 0.3 0.03)
(8.25 0.3 0.03)
(8.3 0.3 0.03)
(8.35 0.3 0.03)
(8.4 0.3 0.03)
(8.45 0.3 0.03)
(8.5 0.3 0.03)
(8.55 0.3 0.03)
(8.6 0.3 0.03)
(8.65 0.3 0.03)
(8.7 0.3 0.03)
(8.75 0.3 0.03)
(8.8 0.3 0.03)
(8.85 0.3 0.03)
(8.9 0.3 0.03)
(8.95 0.3 0.03)
(9 0.3 0.03)
(9.05 0.3 0.03)
(9.1 0.3 0.03)
(9.15 0.3 0.03)
(9.2 0.3 0.03)
(9.25 0.3 0.03)
(9.3 0.3 0.03)
(9.35 0.3 0.03)
(9.4 0.3 0.03)
(9.45 0.3 0.03)
(9.5 0.3 0.03)
(9.55 0.3 0.03)
(9.6 0.3 0.03)
(9.65 0.3 0.03)
(9.7 0.3 0.03)
(9.75 0.3 0.03)
(9.8 0.3 0.03)
(9.85 0.3 0.03)
(9.9 0.3 0.03)
(9.95 0.3 0.03)
(10 0.3 0.03)
(0 0.35 0.03)
(0.05 0.35 0.03)
(0.1 0.35 0.03)
(0.15 0.35 0.03)
(0.2 0.35 0.03)
(0.25 0.35 0.03)
(0.3 0.35 0.03)
(0.35 0.35 0.03)
(0.4 0.35 0.03)
(0.45 0.35 0.03)
(0.5 0.35 0.03)
(0.55 0.35 0.03)
(0.6 0.35 0.03)
(0.65 0.35 0.03)
(0.7 0.35 0.03)
(0.75 0.35 0.03)
(0.8 0.35 0.03)
(0.85 0.35 0.03)
(0.9 0.35 0.03)
(0.95 0.35 0.03)
(1 0.35 0.03)
(1.05 0.35 0.03)
(1.1 0.35 0.03)
(1.15 0.35 0.03)
(1.2 0.35 0.03)
(1.25 0.35 0.03)
(1.3 0.35 0.03)
(1.35 0.35 0.03)
(1.4 0.35 0.03)
(1.45 0.35 0.03)
(1.5 0.35 0.03)
(1.55 0.35 0.03)
(1.6 0.35 0.03)
(1.65 0.35 0.03)
(1.7 0.35 0.03)
(1.75 0.35 0.03)
(1.8 0.35 0.03)
(1.85 0.35 0.03)
(1.9 0.35 0.03)
(1.95 0.35 0.03)
(2 0.35 0.03)
(2.05 0.35 0.03)
(2.1 0.35 0.03)
(2.15 0.35 0.03)
(2.2 0.35 0.03)
(2.25 0.35 0.03)
(2.3 0.35 0.03)
(2.35 0.35 0.03)
(2.4 0.35 0.03)
(2.45 0.35 0.03)
(2.5 0.35 0.03)
(2.55 0.35 0.03)
(2.6 0.35 0.03)
(2.65 0.35 0.03)
(2.7 0.35 0.03)
(2.75 0.35 0.03)
(2.8 0.35 0.03)
(2.85 0.35 0.03)
(2.9 0.35 0.03)
(2.95 0.35 0.03)
(3 0.35 0.03)
(3.05 0.35 0.03)
(3.1 0.35 0.03)
(3.15 0.35 0.03)
(3.2 0.35 0.03)
(3.25 0.35 0.03)
(3.3 0.35 0.03)
(3.35 0.35 0.03)
(3.4 0.35 0.03)
(3.45 0.35 0.03)
(3.5 0.35 0.03)
(3.55 0.35 0.03)
(3.6 0.35 0.03)
(3.65 0.35 0.03)
(3.7 0.35 0.03)
(3.75 0.35 0.03)
(3.8 0.35 0.03)
(3.85 0.35 0.03)
(3.9 0.35 0.03)
(3.95 0.35 0.03)
(4 0.35 0.03)
(4.05 0.35 0.03)
(4.1 0.35 0.03)
(4.15 0.35 0.03)
(4.2 0.35 0.03)
(4.25 0.35 0.03)
(4.3 0.35 0.03)
(4.35 0.35 0.03)
(4.4 0.35 0.03)
(4.45 0.35 0.03)
(4.5 0.35 0.03)
(4.55 0.35 0.03)
(4.6 0.35 0.03)
(4.65 0.35 0.03)
(4.7 0.35 0.03)
(4.75 0.35 0.03)
(4.8 0.35 0.03)
(4.85 0.35 0.03)
(4.9 0.35 0.03)
(4.95 0.35 0.03)
(5 0.35 0.03)
(5.05 0.35 0.03)
(5.1 0.35 0.03)
(5.15 0.35 0.03)
(5.2 0.35 0.03)
(5.25 0.35 0.03)
(5.3 0.35 0.03)
(5.35 0.35 0.03)
(5.4 0.35 0.03)
(5.45 0.35 0.03)
(5.5 0.35 0.03)
(5.55 0.35 0.03)
(5.6 0.35 0.03)
(5.65 0.35 0.03)
(5.7 0.35 0.03)
(5.75 0.35 0.03)
(5.8 0.35 0.03)
(5.85 0.35 0.03)
(5.9 0.35 0.03)
(5.95 0.35 0.03)
(6 0.35 0.03)
(6.05 0.35 0.03)
(6.1 0.35 0.03)
(6.15 0.35 0.03)
(6.2 0.35 0.03)
(6.25 0.35 0.03)
(6.3 0.35 0.03)
(6.35 0.35 0.03)
(6.4 0.35 0.03)
(6.45 0.35 0.03)
(6.5 0.35 0.03)
(6.55 0.35 0.03)
(6.6 0.35 0.03)
(6.65 0.35 0.03)
(6.7 0.35 0.03)
(6.75 0.35 0.03)
(6.8 0.35 0.03)
(6.85 0.35 0.03)
(6.9 0.35 0.03)
(6.95 0.35 0.03)
(7 0.35 0.03)
(7.05 0.35 0.03)
(7.1 0.35 0.03)
(7.15 0.35 0.03)
(7.2 0.35 0.03)
(7.25 0.35 0.03)
(7.3 0.35 0.03)
(7.35 0.35 0.03)
(7.4 0.35 0.03)
(7.45 0.35 0.03)
(7.5 0.35 0.03)
(7.55 0.35 0.03)
(7.6 0.35 0.03)
(7.65 0.35 0.03)
(7.7 0.35 0.03)
(7.75 0.35 0.03)
(7.8 0.35 0.03)
(7.85 0.35 0.03)
(7.9 0.35 0.03)
(7.95 0.35 0.03)
(8 0.35 0.03)
(8.05 0.35 0.03)
(8.1 0.35 0.03)
(8.15 0.35 0.03)
(8.2 0.35 0.03)
(8.25 0.35 0.03)
(8.3 0.35 0.03)
(8.35 0.35 0.03)
(8.4 0.35 0.03)
(8.45 0.35 0.03)
(8.5 0.35 0.03)
(8.55 0.35 0.03)
(8.6 0.35 0.03)
(8.65 0.35 0.03)
(8.7 0.35 0.03)
(8.75 0.35 0.03)
(8.8 0.35 0.03)
(8.85 0.35 0.03)
(8.9 0.35 0.03)
(8.95 0.35 0.03)
(9 0.35 0.03)
(9.05 0.35 0.03)
(9.1 0.35 0.03)
(9.15 0.35 0.03)
(9.2 0.35 0.03)
(9.25 0.35 0.03)
(9.3 0.35 0.03)
(9.35 0.35 0.03)
(9.4 0.35 0.03)
(9.45 0.35 0.03)
(9.5 0.35 0.03)
(9.55 0.35 0.03)
(9.6 0.35 0.03)
(9.65 0.35 0.03)
(9.7 0.35 0.03)
(9.75 0.35 0.03)
(9.8 0.35 0.03)
(9.85 0.35 0.03)
(9.9 0.35 0.03)
(9.95 0.35 0.03)
(10 0.35 0.03)
(0 0.4 0.03)
(0.05 0.4 0.03)
(0.1 0.4 0.03)
(0.15 0.4 0.03)
(0.2 0.4 0.03)
(0.25 0.4 0.03)
(0.3 0.4 0.03)
(0.35 0.4 0.03)
(0.4 0.4 0.03)
(0.45 0.4 0.03)
(0.5 0.4 0.03)
(0.55 0.4 0.03)
(0.6 0.4 0.03)
(0.65 0.4 0.03)
(0.7 0.4 0.03)
(0.75 0.4 0.03)
(0.8 0.4 0.03)
(0.85 0.4 0.03)
(0.9 0.4 0.03)
(0.95 0.4 0.03)
(1 0.4 0.03)
(1.05 0.4 0.03)
(1.1 0.4 0.03)
(1.15 0.4 0.03)
(1.2 0.4 0.03)
(1.25 0.4 0.03)
(1.3 0.4 0.03)
(1.35 0.4 0.03)
(1.4 0.4 0.03)
(1.45 0.4 0.03)
(1.5 0.4 0.03)
(1.55 0.4 0.03)
(1.6 0.4 0.03)
(1.65 0.4 0.03)
(1.7 0.4 0.03)
(1.75 0.4 0.03)
(1.8 0.4 0.03)
(1.85 0.4 0.03)
(1.9 0.4 0.03)
(1.95 0.4 0.03)
(2 0.4 0.03)
(2.05 0.4 0.03)
(2.1 0.4 0.03)
(2.15 0.4 0.03)
(2.2 0.4 0.03)
(2.25 0.4 0.03)
(2.3 0.4 0.03)
(2.35 0.4 0.03)
(2.4 0.4 0.03)
(2.45 0.4 0.03)
(2.5 0.4 0.03)
(2.55 0.4 0.03)
(2.6 0.4 0.03)
(2.65 0.4 0.03)
(2.7 0.4 0.03)
(2.75 0.4 0.03)
(2.8 0.4 0.03)
(2.85 0.4 0.03)
(2.9 0.4 0.03)
(2.95 0.4 0.03)
(3 0.4 0.03)
(3.05 0.4 0.03)
(3.1 0.4 0.03)
(3.15 0.4 0.03)
(3.2 0.4 0.03)
(3.25 0.4 0.03)
(3.3 0.4 0.03)
(3.35 0.4 0.03)
(3.4 0.4 0.03)
(3.45 0.4 0.03)
(3.5 0.4 0.03)
(3.55 0.4 0.03)
(3.6 0.4 0.03)
(3.65 0.4 0.03)
(3.7 0.4 0.03)
(3.75 0.4 0.03)
(3.8 0.4 0.03)
(3.85 0.4 0.03)
(3.9 0.4 0.03)
(3.95 0.4 0.03)
(4 0.4 0.03)
(4.05 0.4 0.03)
(4.1 0.4 0.03)
(4.15 0.4 0.03)
(4.2 0.4 0.03)
(4.25 0.4 0.03)
(4.3 0.4 0.03)
(4.35 0.4 0.03)
(4.4 0.4 0.03)
(4.45 0.4 0.03)
(4.5 0.4 0.03)
(4.55 0.4 0.03)
(4.6 0.4 0.03)
(4.65 0.4 0.03)
(4.7 0.4 0.03)
(4.75 0.4 0.03)
(4.8 0.4 0.03)
(4.85 0.4 0.03)
(4.9 0.4 0.03)
(4.95 0.4 0.03)
(5 0.4 0.03)
(5.05 0.4 0.03)
(5.1 0.4 0.03)
(5.15 0.4 0.03)
(5.2 0.4 0.03)
(5.25 0.4 0.03)
(5.3 0.4 0.03)
(5.35 0.4 0.03)
(5.4 0.4 0.03)
(5.45 0.4 0.03)
(5.5 0.4 0.03)
(5.55 0.4 0.03)
(5.6 0.4 0.03)
(5.65 0.4 0.03)
(5.7 0.4 0.03)
(5.75 0.4 0.03)
(5.8 0.4 0.03)
(5.85 0.4 0.03)
(5.9 0.4 0.03)
(5.95 0.4 0.03)
(6 0.4 0.03)
(6.05 0.4 0.03)
(6.1 0.4 0.03)
(6.15 0.4 0.03)
(6.2 0.4 0.03)
(6.25 0.4 0.03)
(6.3 0.4 0.03)
(6.35 0.4 0.03)
(6.4 0.4 0.03)
(6.45 0.4 0.03)
(6.5 0.4 0.03)
(6.55 0.4 0.03)
(6.6 0.4 0.03)
(6.65 0.4 0.03)
(6.7 0.4 0.03)
(6.75 0.4 0.03)
(6.8 0.4 0.03)
(6.85 0.4 0.03)
(6.9 0.4 0.03)
(6.95 0.4 0.03)
(7 0.4 0.03)
(7.05 0.4 0.03)
(7.1 0.4 0.03)
(7.15 0.4 0.03)
(7.2 0.4 0.03)
(7.25 0.4 0.03)
(7.3 0.4 0.03)
(7.35 0.4 0.03)
(7.4 0.4 0.03)
(7.45 0.4 0.03)
(7.5 0.4 0.03)
(7.55 0.4 0.03)
(7.6 0.4 0.03)
(7.65 0.4 0.03)
(7.7 0.4 0.03)
(7.75 0.4 0.03)
(7.8 0.4 0.03)
(7.85 0.4 0.03)
(7.9 0.4 0.03)
(7.95 0.4 0.03)
(8 0.4 0.03)
(8.05 0.4 0.03)
(8.1 0.4 0.03)
(8.15 0.4 0.03)
(8.2 0.4 0.03)
(8.25 0.4 0.03)
(8.3 0.4 0.03)
(8.35 0.4 0.03)
(8.4 0.4 0.03)
(8.45 0.4 0.03)
(8.5 0.4 0.03)
(8.55 0.4 0.03)
(8.6 0.4 0.03)
(8.65 0.4 0.03)
(8.7 0.4 0.03)
(8.75 0.4 0.03)
(8.8 0.4 0.03)
(8.85 0.4 0.03)
(8.9 0.4 0.03)
(8.95 0.4 0.03)
(9 0.4 0.03)
(9.05 0.4 0.03)
(9.1 0.4 0.03)
(9.15 0.4 0.03)
(9.2 0.4 0.03)
(9.25 0.4 0.03)
(9.3 0.4 0.03)
(9.35 0.4 0.03)
(9.4 0.4 0.03)
(9.45 0.4 0.03)
(9.5 0.4 0.03)
(9.55 0.4 0.03)
(9.6 0.4 0.03)
(9.65 0.4 0.03)
(9.7 0.4 0.03)
(9.75 0.4 0.03)
(9.8 0.4 0.03)
(9.85 0.4 0.03)
(9.9 0.4 0.03)
(9.95 0.4 0.03)
(10 0.4 0.03)
(0 0.45 0.03)
(0.05 0.45 0.03)
(0.1 0.45 0.03)
(0.15 0.45 0.03)
(0.2 0.45 0.03)
(0.25 0.45 0.03)
(0.3 0.45 0.03)
(0.35 0.45 0.03)
(0.4 0.45 0.03)
(0.45 0.45 0.03)
(0.5 0.45 0.03)
(0.55 0.45 0.03)
(0.6 0.45 0.03)
(0.65 0.45 0.03)
(0.7 0.45 0.03)
(0.75 0.45 0.03)
(0.8 0.45 0.03)
(0.85 0.45 0.03)
(0.9 0.45 0.03)
(0.95 0.45 0.03)
(1 0.45 0.03)
(1.05 0.45 0.03)
(1.1 0.45 0.03)
(1.15 0.45 0.03)
(1.2 0.45 0.03)
(1.25 0.45 0.03)
(1.3 0.45 0.03)
(1.35 0.45 0.03)
(1.4 0.45 0.03)
(1.45 0.45 0.03)
(1.5 0.45 0.03)
(1.55 0.45 0.03)
(1.6 0.45 0.03)
(1.65 0.45 0.03)
(1.7 0.45 0.03)
(1.75 0.45 0.03)
(1.8 0.45 0.03)
(1.85 0.45 0.03)
(1.9 0.45 0.03)
(1.95 0.45 0.03)
(2 0.45 0.03)
(2.05 0.45 0.03)
(2.1 0.45 0.03)
(2.15 0.45 0.03)
(2.2 0.45 0.03)
(2.25 0.45 0.03)
(2.3 0.45 0.03)
(2.35 0.45 0.03)
(2.4 0.45 0.03)
(2.45 0.45 0.03)
(2.5 0.45 0.03)
(2.55 0.45 0.03)
(2.6 0.45 0.03)
(2.65 0.45 0.03)
(2.7 0.45 0.03)
(2.75 0.45 0.03)
(2.8 0.45 0.03)
(2.85 0.45 0.03)
(2.9 0.45 0.03)
(2.95 0.45 0.03)
(3 0.45 0.03)
(3.05 0.45 0.03)
(3.1 0.45 0.03)
(3.15 0.45 0.03)
(3.2 0.45 0.03)
(3.25 0.45 0.03)
(3.3 0.45 0.03)
(3.35 0.45 0.03)
(3.4 0.45 0.03)
(3.45 0.45 0.03)
(3.5 0.45 0.03)
(3.55 0.45 0.03)
(3.6 0.45 0.03)
(3.65 0.45 0.03)
(3.7 0.45 0.03)
(3.75 0.45 0.03)
(3.8 0.45 0.03)
(3.85 0.45 0.03)
(3.9 0.45 0.03)
(3.95 0.45 0.03)
(4 0.45 0.03)
(4.05 0.45 0.03)
(4.1 0.45 0.03)
(4.15 0.45 0.03)
(4.2 0.45 0.03)
(4.25 0.45 0.03)
(4.3 0.45 0.03)
(4.35 0.45 0.03)
(4.4 0.45 0.03)
(4.45 0.45 0.03)
(4.5 0.45 0.03)
(4.55 0.45 0.03)
(4.6 0.45 0.03)
(4.65 0.45 0.03)
(4.7 0.45 0.03)
(4.75 0.45 0.03)
(4.8 0.45 0.03)
(4.85 0.45 0.03)
(4.9 0.45 0.03)
(4.95 0.45 0.03)
(5 0.45 0.03)
(5.05 0.45 0.03)
(5.1 0.45 0.03)
(5.15 0.45 0.03)
(5.2 0.45 0.03)
(5.25 0.45 0.03)
(5.3 0.45 0.03)
(5.35 0.45 0.03)
(5.4 0.45 0.03)
(5.45 0.45 0.03)
(5.5 0.45 0.03)
(5.55 0.45 0.03)
(5.6 0.45 0.03)
(5.65 0.45 0.03)
(5.7 0.45 0.03)
(5.75 0.45 0.03)
(5.8 0.45 0.03)
(5.85 0.45 0.03)
(5.9 0.45 0.03)
(5.95 0.45 0.03)
(6 0.45 0.03)
(6.05 0.45 0.03)
(6.1 0.45 0.03)
(6.15 0.45 0.03)
(6.2 0.45 0.03)
(6.25 0.45 0.03)
(6.3 0.45 0.03)
(6.35 0.45 0.03)
(6.4 0.45 0.03)
(6.45 0.45 0.03)
(6.5 0.45 0.03)
(6.55 0.45 0.03)
(6.6 0.45 0.03)
(6.65 0.45 0.03)
(6.7 0.45 0.03)
(6.75 0.45 0.03)
(6.8 0.45 0.03)
(6.85 0.45 0.03)
(6.9 0.45 0.03)
(6.95 0.45 0.03)
(7 0.45 0.03)
(7.05 0.45 0.03)
(7.1 0.45 0.03)
(7.15 0.45 0.03)
(7.2 0.45 0.03)
(7.25 0.45 0.03)
(7.3 0.45 0.03)
(7.35 0.45 0.03)
(7.4 0.45 0.03)
(7.45 0.45 0.03)
(7.5 0.45 0.03)
(7.55 0.45 0.03)
(7.6 0.45 0.03)
(7.65 0.45 0.03)
(7.7 0.45 0.03)
(7.75 0.45 0.03)
(7.8 0.45 0.03)
(7.85 0.45 0.03)
(7.9 0.45 0.03)
(7.95 0.45 0.03)
(8 0.45 0.03)
(8.05 0.45 0.03)
(8.1 0.45 0.03)
(8.15 0.45 0.03)
(8.2 0.45 0.03)
(8.25 0.45 0.03)
(8.3 0.45 0.03)
(8.35 0.45 0.03)
(8.4 0.45 0.03)
(8.45 0.45 0.03)
(8.5 0.45 0.03)
(8.55 0.45 0.03)
(8.6 0.45 0.03)
(8.65 0.45 0.03)
(8.7 0.45 0.03)
(8.75 0.45 0.03)
(8.8 0.45 0.03)
(8.85 0.45 0.03)
(8.9 0.45 0.03)
(8.95 0.45 0.03)
(9 0.45 0.03)
(9.05 0.45 0.03)
(9.1 0.45 0.03)
(9.15 0.45 0.03)
(9.2 0.45 0.03)
(9.25 0.45 0.03)
(9.3 0.45 0.03)
(9.35 0.45 0.03)
(9.4 0.45 0.03)
(9.45 0.45 0.03)
(9.5 0.45 0.03)
(9.55 0.45 0.03)
(9.6 0.45 0.03)
(9.65 0.45 0.03)
(9.7 0.45 0.03)
(9.75 0.45 0.03)
(9.8 0.45 0.03)
(9.85 0.45 0.03)
(9.9 0.45 0.03)
(9.95 0.45 0.03)
(10 0.45 0.03)
(0 0.5 0.03)
(0.05 0.5 0.03)
(0.1 0.5 0.03)
(0.15 0.5 0.03)
(0.2 0.5 0.03)
(0.25 0.5 0.03)
(0.3 0.5 0.03)
(0.35 0.5 0.03)
(0.4 0.5 0.03)
(0.45 0.5 0.03)
(0.5 0.5 0.03)
(0.55 0.5 0.03)
(0.6 0.5 0.03)
(0.65 0.5 0.03)
(0.7 0.5 0.03)
(0.75 0.5 0.03)
(0.8 0.5 0.03)
(0.85 0.5 0.03)
(0.9 0.5 0.03)
(0.95 0.5 0.03)
(1 0.5 0.03)
(1.05 0.5 0.03)
(1.1 0.5 0.03)
(1.15 0.5 0.03)
(1.2 0.5 0.03)
(1.25 0.5 0.03)
(1.3 0.5 0.03)
(1.35 0.5 0.03)
(1.4 0.5 0.03)
(1.45 0.5 0.03)
(1.5 0.5 0.03)
(1.55 0.5 0.03)
(1.6 0.5 0.03)
(1.65 0.5 0.03)
(1.7 0.5 0.03)
(1.75 0.5 0.03)
(1.8 0.5 0.03)
(1.85 0.5 0.03)
(1.9 0.5 0.03)
(1.95 0.5 0.03)
(2 0.5 0.03)
(2.05 0.5 0.03)
(2.1 0.5 0.03)
(2.15 0.5 0.03)
(2.2 0.5 0.03)
(2.25 0.5 0.03)
(2.3 0.5 0.03)
(2.35 0.5 0.03)
(2.4 0.5 0.03)
(2.45 0.5 0.03)
(2.5 0.5 0.03)
(2.55 0.5 0.03)
(2.6 0.5 0.03)
(2.65 0.5 0.03)
(2.7 0.5 0.03)
(2.75 0.5 0.03)
(2.8 0.5 0.03)
(2.85 0.5 0.03)
(2.9 0.5 0.03)
(2.95 0.5 0.03)
(3 0.5 0.03)
(3.05 0.5 0.03)
(3.1 0.5 0.03)
(3.15 0.5 0.03)
(3.2 0.5 0.03)
(3.25 0.5 0.03)
(3.3 0.5 0.03)
(3.35 0.5 0.03)
(3.4 0.5 0.03)
(3.45 0.5 0.03)
(3.5 0.5 0.03)
(3.55 0.5 0.03)
(3.6 0.5 0.03)
(3.65 0.5 0.03)
(3.7 0.5 0.03)
(3.75 0.5 0.03)
(3.8 0.5 0.03)
(3.85 0.5 0.03)
(3.9 0.5 0.03)
(3.95 0.5 0.03)
(4 0.5 0.03)
(4.05 0.5 0.03)
(4.1 0.5 0.03)
(4.15 0.5 0.03)
(4.2 0.5 0.03)
(4.25 0.5 0.03)
(4.3 0.5 0.03)
(4.35 0.5 0.03)
(4.4 0.5 0.03)
(4.45 0.5 0.03)
(4.5 0.5 0.03)
(4.55 0.5 0.03)
(4.6 0.5 0.03)
(4.65 0.5 0.03)
(4.7 0.5 0.03)
(4.75 0.5 0.03)
(4.8 0.5 0.03)
(4.85 0.5 0.03)
(4.9 0.5 0.03)
(4.95 0.5 0.03)
(5 0.5 0.03)
(5.05 0.5 0.03)
(5.1 0.5 0.03)
(5.15 0.5 0.03)
(5.2 0.5 0.03)
(5.25 0.5 0.03)
(5.3 0.5 0.03)
(5.35 0.5 0.03)
(5.4 0.5 0.03)
(5.45 0.5 0.03)
(5.5 0.5 0.03)
(5.55 0.5 0.03)
(5.6 0.5 0.03)
(5.65 0.5 0.03)
(5.7 0.5 0.03)
(5.75 0.5 0.03)
(5.8 0.5 0.03)
(5.85 0.5 0.03)
(5.9 0.5 0.03)
(5.95 0.5 0.03)
(6 0.5 0.03)
(6.05 0.5 0.03)
(6.1 0.5 0.03)
(6.15 0.5 0.03)
(6.2 0.5 0.03)
(6.25 0.5 0.03)
(6.3 0.5 0.03)
(6.35 0.5 0.03)
(6.4 0.5 0.03)
(6.45 0.5 0.03)
(6.5 0.5 0.03)
(6.55 0.5 0.03)
(6.6 0.5 0.03)
(6.65 0.5 0.03)
(6.7 0.5 0.03)
(6.75 0.5 0.03)
(6.8 0.5 0.03)
(6.85 0.5 0.03)
(6.9 0.5 0.03)
(6.95 0.5 0.03)
(7 0.5 0.03)
(7.05 0.5 0.03)
(7.1 0.5 0.03)
(7.15 0.5 0.03)
(7.2 0.5 0.03)
(7.25 0.5 0.03)
(7.3 0.5 0.03)
(7.35 0.5 0.03)
(7.4 0.5 0.03)
(7.45 0.5 0.03)
(7.5 0.5 0.03)
(7.55 0.5 0.03)
(7.6 0.5 0.03)
(7.65 0.5 0.03)
(7.7 0.5 0.03)
(7.75 0.5 0.03)
(7.8 0.5 0.03)
(7.85 0.5 0.03)
(7.9 0.5 0.03)
(7.95 0.5 0.03)
(8 0.5 0.03)
(8.05 0.5 0.03)
(8.1 0.5 0.03)
(8.15 0.5 0.03)
(8.2 0.5 0.03)
(8.25 0.5 0.03)
(8.3 0.5 0.03)
(8.35 0.5 0.03)
(8.4 0.5 0.03)
(8.45 0.5 0.03)
(8.5 0.5 0.03)
(8.55 0.5 0.03)
(8.6 0.5 0.03)
(8.65 0.5 0.03)
(8.7 0.5 0.03)
(8.75 0.5 0.03)
(8.8 0.5 0.03)
(8.85 0.5 0.03)
(8.9 0.5 0.03)
(8.95 0.5 0.03)
(9 0.5 0.03)
(9.05 0.5 0.03)
(9.1 0.5 0.03)
(9.15 0.5 0.03)
(9.2 0.5 0.03)
(9.25 0.5 0.03)
(9.3 0.5 0.03)
(9.35 0.5 0.03)
(9.4 0.5 0.03)
(9.45 0.5 0.03)
(9.5 0.5 0.03)
(9.55 0.5 0.03)
(9.6 0.5 0.03)
(9.65 0.5 0.03)
(9.7 0.5 0.03)
(9.75 0.5 0.03)
(9.8 0.5 0.03)
(9.85 0.5 0.03)
(9.9 0.5 0.03)
(9.95 0.5 0.03)
(10 0.5 0.03)
(0 0.55 0.03)
(0.05 0.55 0.03)
(0.1 0.55 0.03)
(0.15 0.55 0.03)
(0.2 0.55 0.03)
(0.25 0.55 0.03)
(0.3 0.55 0.03)
(0.35 0.55 0.03)
(0.4 0.55 0.03)
(0.45 0.55 0.03)
(0.5 0.55 0.03)
(0.55 0.55 0.03)
(0.6 0.55 0.03)
(0.65 0.55 0.03)
(0.7 0.55 0.03)
(0.75 0.55 0.03)
(0.8 0.55 0.03)
(0.85 0.55 0.03)
(0.9 0.55 0.03)
(0.95 0.55 0.03)
(1 0.55 0.03)
(1.05 0.55 0.03)
(1.1 0.55 0.03)
(1.15 0.55 0.03)
(1.2 0.55 0.03)
(1.25 0.55 0.03)
(1.3 0.55 0.03)
(1.35 0.55 0.03)
(1.4 0.55 0.03)
(1.45 0.55 0.03)
(1.5 0.55 0.03)
(1.55 0.55 0.03)
(1.6 0.55 0.03)
(1.65 0.55 0.03)
(1.7 0.55 0.03)
(1.75 0.55 0.03)
(1.8 0.55 0.03)
(1.85 0.55 0.03)
(1.9 0.55 0.03)
(1.95 0.55 0.03)
(2 0.55 0.03)
(2.05 0.55 0.03)
(2.1 0.55 0.03)
(2.15 0.55 0.03)
(2.2 0.55 0.03)
(2.25 0.55 0.03)
(2.3 0.55 0.03)
(2.35 0.55 0.03)
(2.4 0.55 0.03)
(2.45 0.55 0.03)
(2.5 0.55 0.03)
(2.55 0.55 0.03)
(2.6 0.55 0.03)
(2.65 0.55 0.03)
(2.7 0.55 0.03)
(2.75 0.55 0.03)
(2.8 0.55 0.03)
(2.85 0.55 0.03)
(2.9 0.55 0.03)
(2.95 0.55 0.03)
(3 0.55 0.03)
(3.05 0.55 0.03)
(3.1 0.55 0.03)
(3.15 0.55 0.03)
(3.2 0.55 0.03)
(3.25 0.55 0.03)
(3.3 0.55 0.03)
(3.35 0.55 0.03)
(3.4 0.55 0.03)
(3.45 0.55 0.03)
(3.5 0.55 0.03)
(3.55 0.55 0.03)
(3.6 0.55 0.03)
(3.65 0.55 0.03)
(3.7 0.55 0.03)
(3.75 0.55 0.03)
(3.8 0.55 0.03)
(3.85 0.55 0.03)
(3.9 0.55 0.03)
(3.95 0.55 0.03)
(4 0.55 0.03)
(4.05 0.55 0.03)
(4.1 0.55 0.03)
(4.15 0.55 0.03)
(4.2 0.55 0.03)
(4.25 0.55 0.03)
(4.3 0.55 0.03)
(4.35 0.55 0.03)
(4.4 0.55 0.03)
(4.45 0.55 0.03)
(4.5 0.55 0.03)
(4.55 0.55 0.03)
(4.6 0.55 0.03)
(4.65 0.55 0.03)
(4.7 0.55 0.03)
(4.75 0.55 0.03)
(4.8 0.55 0.03)
(4.85 0.55 0.03)
(4.9 0.55 0.03)
(4.95 0.55 0.03)
(5 0.55 0.03)
(5.05 0.55 0.03)
(5.1 0.55 0.03)
(5.15 0.55 0.03)
(5.2 0.55 0.03)
(5.25 0.55 0.03)
(5.3 0.55 0.03)
(5.35 0.55 0.03)
(5.4 0.55 0.03)
(5.45 0.55 0.03)
(5.5 0.55 0.03)
(5.55 0.55 0.03)
(5.6 0.55 0.03)
(5.65 0.55 0.03)
(5.7 0.55 0.03)
(5.75 0.55 0.03)
(5.8 0.55 0.03)
(5.85 0.55 0.03)
(5.9 0.55 0.03)
(5.95 0.55 0.03)
(6 0.55 0.03)
(6.05 0.55 0.03)
(6.1 0.55 0.03)
(6.15 0.55 0.03)
(6.2 0.55 0.03)
(6.25 0.55 0.03)
(6.3 0.55 0.03)
(6.35 0.55 0.03)
(6.4 0.55 0.03)
(6.45 0.55 0.03)
(6.5 0.55 0.03)
(6.55 0.55 0.03)
(6.6 0.55 0.03)
(6.65 0.55 0.03)
(6.7 0.55 0.03)
(6.75 0.55 0.03)
(6.8 0.55 0.03)
(6.85 0.55 0.03)
(6.9 0.55 0.03)
(6.95 0.55 0.03)
(7 0.55 0.03)
(7.05 0.55 0.03)
(7.1 0.55 0.03)
(7.15 0.55 0.03)
(7.2 0.55 0.03)
(7.25 0.55 0.03)
(7.3 0.55 0.03)
(7.35 0.55 0.03)
(7.4 0.55 0.03)
(7.45 0.55 0.03)
(7.5 0.55 0.03)
(7.55 0.55 0.03)
(7.6 0.55 0.03)
(7.65 0.55 0.03)
(7.7 0.55 0.03)
(7.75 0.55 0.03)
(7.8 0.55 0.03)
(7.85 0.55 0.03)
(7.9 0.55 0.03)
(7.95 0.55 0.03)
(8 0.55 0.03)
(8.05 0.55 0.03)
(8.1 0.55 0.03)
(8.15 0.55 0.03)
(8.2 0.55 0.03)
(8.25 0.55 0.03)
(8.3 0.55 0.03)
(8.35 0.55 0.03)
(8.4 0.55 0.03)
(8.45 0.55 0.03)
(8.5 0.55 0.03)
(8.55 0.55 0.03)
(8.6 0.55 0.03)
(8.65 0.55 0.03)
(8.7 0.55 0.03)
(8.75 0.55 0.03)
(8.8 0.55 0.03)
(8.85 0.55 0.03)
(8.9 0.55 0.03)
(8.95 0.55 0.03)
(9 0.55 0.03)
(9.05 0.55 0.03)
(9.1 0.55 0.03)
(9.15 0.55 0.03)
(9.2 0.55 0.03)
(9.25 0.55 0.03)
(9.3 0.55 0.03)
(9.35 0.55 0.03)
(9.4 0.55 0.03)
(9.45 0.55 0.03)
(9.5 0.55 0.03)
(9.55 0.55 0.03)
(9.6 0.55 0.03)
(9.65 0.55 0.03)
(9.7 0.55 0.03)
(9.75 0.55 0.03)
(9.8 0.55 0.03)
(9.85 0.55 0.03)
(9.9 0.55 0.03)
(9.95 0.55 0.03)
(10 0.55 0.03)
(0 0.6 0.03)
(0.05 0.6 0.03)
(0.1 0.6 0.03)
(0.15 0.6 0.03)
(0.2 0.6 0.03)
(0.25 0.6 0.03)
(0.3 0.6 0.03)
(0.35 0.6 0.03)
(0.4 0.6 0.03)
(0.45 0.6 0.03)
(0.5 0.6 0.03)
(0.55 0.6 0.03)
(0.6 0.6 0.03)
(0.65 0.6 0.03)
(0.7 0.6 0.03)
(0.75 0.6 0.03)
(0.8 0.6 0.03)
(0.85 0.6 0.03)
(0.9 0.6 0.03)
(0.95 0.6 0.03)
(1 0.6 0.03)
(1.05 0.6 0.03)
(1.1 0.6 0.03)
(1.15 0.6 0.03)
(1.2 0.6 0.03)
(1.25 0.6 0.03)
(1.3 0.6 0.03)
(1.35 0.6 0.03)
(1.4 0.6 0.03)
(1.45 0.6 0.03)
(1.5 0.6 0.03)
(1.55 0.6 0.03)
(1.6 0.6 0.03)
(1.65 0.6 0.03)
(1.7 0.6 0.03)
(1.75 0.6 0.03)
(1.8 0.6 0.03)
(1.85 0.6 0.03)
(1.9 0.6 0.03)
(1.95 0.6 0.03)
(2 0.6 0.03)
(2.05 0.6 0.03)
(2.1 0.6 0.03)
(2.15 0.6 0.03)
(2.2 0.6 0.03)
(2.25 0.6 0.03)
(2.3 0.6 0.03)
(2.35 0.6 0.03)
(2.4 0.6 0.03)
(2.45 0.6 0.03)
(2.5 0.6 0.03)
(2.55 0.6 0.03)
(2.6 0.6 0.03)
(2.65 0.6 0.03)
(2.7 0.6 0.03)
(2.75 0.6 0.03)
(2.8 0.6 0.03)
(2.85 0.6 0.03)
(2.9 0.6 0.03)
(2.95 0.6 0.03)
(3 0.6 0.03)
(3.05 0.6 0.03)
(3.1 0.6 0.03)
(3.15 0.6 0.03)
(3.2 0.6 0.03)
(3.25 0.6 0.03)
(3.3 0.6 0.03)
(3.35 0.6 0.03)
(3.4 0.6 0.03)
(3.45 0.6 0.03)
(3.5 0.6 0.03)
(3.55 0.6 0.03)
(3.6 0.6 0.03)
(3.65 0.6 0.03)
(3.7 0.6 0.03)
(3.75 0.6 0.03)
(3.8 0.6 0.03)
(3.85 0.6 0.03)
(3.9 0.6 0.03)
(3.95 0.6 0.03)
(4 0.6 0.03)
(4.05 0.6 0.03)
(4.1 0.6 0.03)
(4.15 0.6 0.03)
(4.2 0.6 0.03)
(4.25 0.6 0.03)
(4.3 0.6 0.03)
(4.35 0.6 0.03)
(4.4 0.6 0.03)
(4.45 0.6 0.03)
(4.5 0.6 0.03)
(4.55 0.6 0.03)
(4.6 0.6 0.03)
(4.65 0.6 0.03)
(4.7 0.6 0.03)
(4.75 0.6 0.03)
(4.8 0.6 0.03)
(4.85 0.6 0.03)
(4.9 0.6 0.03)
(4.95 0.6 0.03)
(5 0.6 0.03)
(5.05 0.6 0.03)
(5.1 0.6 0.03)
(5.15 0.6 0.03)
(5.2 0.6 0.03)
(5.25 0.6 0.03)
(5.3 0.6 0.03)
(5.35 0.6 0.03)
(5.4 0.6 0.03)
(5.45 0.6 0.03)
(5.5 0.6 0.03)
(5.55 0.6 0.03)
(5.6 0.6 0.03)
(5.65 0.6 0.03)
(5.7 0.6 0.03)
(5.75 0.6 0.03)
(5.8 0.6 0.03)
(5.85 0.6 0.03)
(5.9 0.6 0.03)
(5.95 0.6 0.03)
(6 0.6 0.03)
(6.05 0.6 0.03)
(6.1 0.6 0.03)
(6.15 0.6 0.03)
(6.2 0.6 0.03)
(6.25 0.6 0.03)
(6.3 0.6 0.03)
(6.35 0.6 0.03)
(6.4 0.6 0.03)
(6.45 0.6 0.03)
(6.5 0.6 0.03)
(6.55 0.6 0.03)
(6.6 0.6 0.03)
(6.65 0.6 0.03)
(6.7 0.6 0.03)
(6.75 0.6 0.03)
(6.8 0.6 0.03)
(6.85 0.6 0.03)
(6.9 0.6 0.03)
(6.95 0.6 0.03)
(7 0.6 0.03)
(7.05 0.6 0.03)
(7.1 0.6 0.03)
(7.15 0.6 0.03)
(7.2 0.6 0.03)
(7.25 0.6 0.03)
(7.3 0.6 0.03)
(7.35 0.6 0.03)
(7.4 0.6 0.03)
(7.45 0.6 0.03)
(7.5 0.6 0.03)
(7.55 0.6 0.03)
(7.6 0.6 0.03)
(7.65 0.6 0.03)
(7.7 0.6 0.03)
(7.75 0.6 0.03)
(7.8 0.6 0.03)
(7.85 0.6 0.03)
(7.9 0.6 0.03)
(7.95 0.6 0.03)
(8 0.6 0.03)
(8.05 0.6 0.03)
(8.1 0.6 0.03)
(8.15 0.6 0.03)
(8.2 0.6 0.03)
(8.25 0.6 0.03)
(8.3 0.6 0.03)
(8.35 0.6 0.03)
(8.4 0.6 0.03)
(8.45 0.6 0.03)
(8.5 0.6 0.03)
(8.55 0.6 0.03)
(8.6 0.6 0.03)
(8.65 0.6 0.03)
(8.7 0.6 0.03)
(8.75 0.6 0.03)
(8.8 0.6 0.03)
(8.85 0.6 0.03)
(8.9 0.6 0.03)
(8.95 0.6 0.03)
(9 0.6 0.03)
(9.05 0.6 0.03)
(9.1 0.6 0.03)
(9.15 0.6 0.03)
(9.2 0.6 0.03)
(9.25 0.6 0.03)
(9.3 0.6 0.03)
(9.35 0.6 0.03)
(9.4 0.6 0.03)
(9.45 0.6 0.03)
(9.5 0.6 0.03)
(9.55 0.6 0.03)
(9.6 0.6 0.03)
(9.65 0.6 0.03)
(9.7 0.6 0.03)
(9.75 0.6 0.03)
(9.8 0.6 0.03)
(9.85 0.6 0.03)
(9.9 0.6 0.03)
(9.95 0.6 0.03)
(10 0.6 0.03)
(0 0.65 0.03)
(0.05 0.65 0.03)
(0.1 0.65 0.03)
(0.15 0.65 0.03)
(0.2 0.65 0.03)
(0.25 0.65 0.03)
(0.3 0.65 0.03)
(0.35 0.65 0.03)
(0.4 0.65 0.03)
(0.45 0.65 0.03)
(0.5 0.65 0.03)
(0.55 0.65 0.03)
(0.6 0.65 0.03)
(0.65 0.65 0.03)
(0.7 0.65 0.03)
(0.75 0.65 0.03)
(0.8 0.65 0.03)
(0.85 0.65 0.03)
(0.9 0.65 0.03)
(0.95 0.65 0.03)
(1 0.65 0.03)
(1.05 0.65 0.03)
(1.1 0.65 0.03)
(1.15 0.65 0.03)
(1.2 0.65 0.03)
(1.25 0.65 0.03)
(1.3 0.65 0.03)
(1.35 0.65 0.03)
(1.4 0.65 0.03)
(1.45 0.65 0.03)
(1.5 0.65 0.03)
(1.55 0.65 0.03)
(1.6 0.65 0.03)
(1.65 0.65 0.03)
(1.7 0.65 0.03)
(1.75 0.65 0.03)
(1.8 0.65 0.03)
(1.85 0.65 0.03)
(1.9 0.65 0.03)
(1.95 0.65 0.03)
(2 0.65 0.03)
(2.05 0.65 0.03)
(2.1 0.65 0.03)
(2.15 0.65 0.03)
(2.2 0.65 0.03)
(2.25 0.65 0.03)
(2.3 0.65 0.03)
(2.35 0.65 0.03)
(2.4 0.65 0.03)
(2.45 0.65 0.03)
(2.5 0.65 0.03)
(2.55 0.65 0.03)
(2.6 0.65 0.03)
(2.65 0.65 0.03)
(2.7 0.65 0.03)
(2.75 0.65 0.03)
(2.8 0.65 0.03)
(2.85 0.65 0.03)
(2.9 0.65 0.03)
(2.95 0.65 0.03)
(3 0.65 0.03)
(3.05 0.65 0.03)
(3.1 0.65 0.03)
(3.15 0.65 0.03)
(3.2 0.65 0.03)
(3.25 0.65 0.03)
(3.3 0.65 0.03)
(3.35 0.65 0.03)
(3.4 0.65 0.03)
(3.45 0.65 0.03)
(3.5 0.65 0.03)
(3.55 0.65 0.03)
(3.6 0.65 0.03)
(3.65 0.65 0.03)
(3.7 0.65 0.03)
(3.75 0.65 0.03)
(3.8 0.65 0.03)
(3.85 0.65 0.03)
(3.9 0.65 0.03)
(3.95 0.65 0.03)
(4 0.65 0.03)
(4.05 0.65 0.03)
(4.1 0.65 0.03)
(4.15 0.65 0.03)
(4.2 0.65 0.03)
(4.25 0.65 0.03)
(4.3 0.65 0.03)
(4.35 0.65 0.03)
(4.4 0.65 0.03)
(4.45 0.65 0.03)
(4.5 0.65 0.03)
(4.55 0.65 0.03)
(4.6 0.65 0.03)
(4.65 0.65 0.03)
(4.7 0.65 0.03)
(4.75 0.65 0.03)
(4.8 0.65 0.03)
(4.85 0.65 0.03)
(4.9 0.65 0.03)
(4.95 0.65 0.03)
(5 0.65 0.03)
(5.05 0.65 0.03)
(5.1 0.65 0.03)
(5.15 0.65 0.03)
(5.2 0.65 0.03)
(5.25 0.65 0.03)
(5.3 0.65 0.03)
(5.35 0.65 0.03)
(5.4 0.65 0.03)
(5.45 0.65 0.03)
(5.5 0.65 0.03)
(5.55 0.65 0.03)
(5.6 0.65 0.03)
(5.65 0.65 0.03)
(5.7 0.65 0.03)
(5.75 0.65 0.03)
(5.8 0.65 0.03)
(5.85 0.65 0.03)
(5.9 0.65 0.03)
(5.95 0.65 0.03)
(6 0.65 0.03)
(6.05 0.65 0.03)
(6.1 0.65 0.03)
(6.15 0.65 0.03)
(6.2 0.65 0.03)
(6.25 0.65 0.03)
(6.3 0.65 0.03)
(6.35 0.65 0.03)
(6.4 0.65 0.03)
(6.45 0.65 0.03)
(6.5 0.65 0.03)
(6.55 0.65 0.03)
(6.6 0.65 0.03)
(6.65 0.65 0.03)
(6.7 0.65 0.03)
(6.75 0.65 0.03)
(6.8 0.65 0.03)
(6.85 0.65 0.03)
(6.9 0.65 0.03)
(6.95 0.65 0.03)
(7 0.65 0.03)
(7.05 0.65 0.03)
(7.1 0.65 0.03)
(7.15 0.65 0.03)
(7.2 0.65 0.03)
(7.25 0.65 0.03)
(7.3 0.65 0.03)
(7.35 0.65 0.03)
(7.4 0.65 0.03)
(7.45 0.65 0.03)
(7.5 0.65 0.03)
(7.55 0.65 0.03)
(7.6 0.65 0.03)
(7.65 0.65 0.03)
(7.7 0.65 0.03)
(7.75 0.65 0.03)
(7.8 0.65 0.03)
(7.85 0.65 0.03)
(7.9 0.65 0.03)
(7.95 0.65 0.03)
(8 0.65 0.03)
(8.05 0.65 0.03)
(8.1 0.65 0.03)
(8.15 0.65 0.03)
(8.2 0.65 0.03)
(8.25 0.65 0.03)
(8.3 0.65 0.03)
(8.35 0.65 0.03)
(8.4 0.65 0.03)
(8.45 0.65 0.03)
(8.5 0.65 0.03)
(8.55 0.65 0.03)
(8.6 0.65 0.03)
(8.65 0.65 0.03)
(8.7 0.65 0.03)
(8.75 0.65 0.03)
(8.8 0.65 0.03)
(8.85 0.65 0.03)
(8.9 0.65 0.03)
(8.95 0.65 0.03)
(9 0.65 0.03)
(9.05 0.65 0.03)
(9.1 0.65 0.03)
(9.15 0.65 0.03)
(9.2 0.65 0.03)
(9.25 0.65 0.03)
(9.3 0.65 0.03)
(9.35 0.65 0.03)
(9.4 0.65 0.03)
(9.45 0.65 0.03)
(9.5 0.65 0.03)
(9.55 0.65 0.03)
(9.6 0.65 0.03)
(9.65 0.65 0.03)
(9.7 0.65 0.03)
(9.75 0.65 0.03)
(9.8 0.65 0.03)
(9.85 0.65 0.03)
(9.9 0.65 0.03)
(9.95 0.65 0.03)
(10 0.65 0.03)
(0 0.7 0.03)
(0.05 0.7 0.03)
(0.1 0.7 0.03)
(0.15 0.7 0.03)
(0.2 0.7 0.03)
(0.25 0.7 0.03)
(0.3 0.7 0.03)
(0.35 0.7 0.03)
(0.4 0.7 0.03)
(0.45 0.7 0.03)
(0.5 0.7 0.03)
(0.55 0.7 0.03)
(0.6 0.7 0.03)
(0.65 0.7 0.03)
(0.7 0.7 0.03)
(0.75 0.7 0.03)
(0.8 0.7 0.03)
(0.85 0.7 0.03)
(0.9 0.7 0.03)
(0.95 0.7 0.03)
(1 0.7 0.03)
(1.05 0.7 0.03)
(1.1 0.7 0.03)
(1.15 0.7 0.03)
(1.2 0.7 0.03)
(1.25 0.7 0.03)
(1.3 0.7 0.03)
(1.35 0.7 0.03)
(1.4 0.7 0.03)
(1.45 0.7 0.03)
(1.5 0.7 0.03)
(1.55 0.7 0.03)
(1.6 0.7 0.03)
(1.65 0.7 0.03)
(1.7 0.7 0.03)
(1.75 0.7 0.03)
(1.8 0.7 0.03)
(1.85 0.7 0.03)
(1.9 0.7 0.03)
(1.95 0.7 0.03)
(2 0.7 0.03)
(2.05 0.7 0.03)
(2.1 0.7 0.03)
(2.15 0.7 0.03)
(2.2 0.7 0.03)
(2.25 0.7 0.03)
(2.3 0.7 0.03)
(2.35 0.7 0.03)
(2.4 0.7 0.03)
(2.45 0.7 0.03)
(2.5 0.7 0.03)
(2.55 0.7 0.03)
(2.6 0.7 0.03)
(2.65 0.7 0.03)
(2.7 0.7 0.03)
(2.75 0.7 0.03)
(2.8 0.7 0.03)
(2.85 0.7 0.03)
(2.9 0.7 0.03)
(2.95 0.7 0.03)
(3 0.7 0.03)
(3.05 0.7 0.03)
(3.1 0.7 0.03)
(3.15 0.7 0.03)
(3.2 0.7 0.03)
(3.25 0.7 0.03)
(3.3 0.7 0.03)
(3.35 0.7 0.03)
(3.4 0.7 0.03)
(3.45 0.7 0.03)
(3.5 0.7 0.03)
(3.55 0.7 0.03)
(3.6 0.7 0.03)
(3.65 0.7 0.03)
(3.7 0.7 0.03)
(3.75 0.7 0.03)
(3.8 0.7 0.03)
(3.85 0.7 0.03)
(3.9 0.7 0.03)
(3.95 0.7 0.03)
(4 0.7 0.03)
(4.05 0.7 0.03)
(4.1 0.7 0.03)
(4.15 0.7 0.03)
(4.2 0.7 0.03)
(4.25 0.7 0.03)
(4.3 0.7 0.03)
(4.35 0.7 0.03)
(4.4 0.7 0.03)
(4.45 0.7 0.03)
(4.5 0.7 0.03)
(4.55 0.7 0.03)
(4.6 0.7 0.03)
(4.65 0.7 0.03)
(4.7 0.7 0.03)
(4.75 0.7 0.03)
(4.8 0.7 0.03)
(4.85 0.7 0.03)
(4.9 0.7 0.03)
(4.95 0.7 0.03)
(5 0.7 0.03)
(5.05 0.7 0.03)
(5.1 0.7 0.03)
(5.15 0.7 0.03)
(5.2 0.7 0.03)
(5.25 0.7 0.03)
(5.3 0.7 0.03)
(5.35 0.7 0.03)
(5.4 0.7 0.03)
(5.45 0.7 0.03)
(5.5 0.7 0.03)
(5.55 0.7 0.03)
(5.6 0.7 0.03)
(5.65 0.7 0.03)
(5.7 0.7 0.03)
(5.75 0.7 0.03)
(5.8 0.7 0.03)
(5.85 0.7 0.03)
(5.9 0.7 0.03)
(5.95 0.7 0.03)
(6 0.7 0.03)
(6.05 0.7 0.03)
(6.1 0.7 0.03)
(6.15 0.7 0.03)
(6.2 0.7 0.03)
(6.25 0.7 0.03)
(6.3 0.7 0.03)
(6.35 0.7 0.03)
(6.4 0.7 0.03)
(6.45 0.7 0.03)
(6.5 0.7 0.03)
(6.55 0.7 0.03)
(6.6 0.7 0.03)
(6.65 0.7 0.03)
(6.7 0.7 0.03)
(6.75 0.7 0.03)
(6.8 0.7 0.03)
(6.85 0.7 0.03)
(6.9 0.7 0.03)
(6.95 0.7 0.03)
(7 0.7 0.03)
(7.05 0.7 0.03)
(7.1 0.7 0.03)
(7.15 0.7 0.03)
(7.2 0.7 0.03)
(7.25 0.7 0.03)
(7.3 0.7 0.03)
(7.35 0.7 0.03)
(7.4 0.7 0.03)
(7.45 0.7 0.03)
(7.5 0.7 0.03)
(7.55 0.7 0.03)
(7.6 0.7 0.03)
(7.65 0.7 0.03)
(7.7 0.7 0.03)
(7.75 0.7 0.03)
(7.8 0.7 0.03)
(7.85 0.7 0.03)
(7.9 0.7 0.03)
(7.95 0.7 0.03)
(8 0.7 0.03)
(8.05 0.7 0.03)
(8.1 0.7 0.03)
(8.15 0.7 0.03)
(8.2 0.7 0.03)
(8.25 0.7 0.03)
(8.3 0.7 0.03)
(8.35 0.7 0.03)
(8.4 0.7 0.03)
(8.45 0.7 0.03)
(8.5 0.7 0.03)
(8.55 0.7 0.03)
(8.6 0.7 0.03)
(8.65 0.7 0.03)
(8.7 0.7 0.03)
(8.75 0.7 0.03)
(8.8 0.7 0.03)
(8.85 0.7 0.03)
(8.9 0.7 0.03)
(8.95 0.7 0.03)
(9 0.7 0.03)
(9.05 0.7 0.03)
(9.1 0.7 0.03)
(9.15 0.7 0.03)
(9.2 0.7 0.03)
(9.25 0.7 0.03)
(9.3 0.7 0.03)
(9.35 0.7 0.03)
(9.4 0.7 0.03)
(9.45 0.7 0.03)
(9.5 0.7 0.03)
(9.55 0.7 0.03)
(9.6 0.7 0.03)
(9.65 0.7 0.03)
(9.7 0.7 0.03)
(9.75 0.7 0.03)
(9.8 0.7 0.03)
(9.85 0.7 0.03)
(9.9 0.7 0.03)
(9.95 0.7 0.03)
(10 0.7 0.03)
(0 0.75 0.03)
(0.05 0.75 0.03)
(0.1 0.75 0.03)
(0.15 0.75 0.03)
(0.2 0.75 0.03)
(0.25 0.75 0.03)
(0.3 0.75 0.03)
(0.35 0.75 0.03)
(0.4 0.75 0.03)
(0.45 0.75 0.03)
(0.5 0.75 0.03)
(0.55 0.75 0.03)
(0.6 0.75 0.03)
(0.65 0.75 0.03)
(0.7 0.75 0.03)
(0.75 0.75 0.03)
(0.8 0.75 0.03)
(0.85 0.75 0.03)
(0.9 0.75 0.03)
(0.95 0.75 0.03)
(1 0.75 0.03)
(1.05 0.75 0.03)
(1.1 0.75 0.03)
(1.15 0.75 0.03)
(1.2 0.75 0.03)
(1.25 0.75 0.03)
(1.3 0.75 0.03)
(1.35 0.75 0.03)
(1.4 0.75 0.03)
(1.45 0.75 0.03)
(1.5 0.75 0.03)
(1.55 0.75 0.03)
(1.6 0.75 0.03)
(1.65 0.75 0.03)
(1.7 0.75 0.03)
(1.75 0.75 0.03)
(1.8 0.75 0.03)
(1.85 0.75 0.03)
(1.9 0.75 0.03)
(1.95 0.75 0.03)
(2 0.75 0.03)
(2.05 0.75 0.03)
(2.1 0.75 0.03)
(2.15 0.75 0.03)
(2.2 0.75 0.03)
(2.25 0.75 0.03)
(2.3 0.75 0.03)
(2.35 0.75 0.03)
(2.4 0.75 0.03)
(2.45 0.75 0.03)
(2.5 0.75 0.03)
(2.55 0.75 0.03)
(2.6 0.75 0.03)
(2.65 0.75 0.03)
(2.7 0.75 0.03)
(2.75 0.75 0.03)
(2.8 0.75 0.03)
(2.85 0.75 0.03)
(2.9 0.75 0.03)
(2.95 0.75 0.03)
(3 0.75 0.03)
(3.05 0.75 0.03)
(3.1 0.75 0.03)
(3.15 0.75 0.03)
(3.2 0.75 0.03)
(3.25 0.75 0.03)
(3.3 0.75 0.03)
(3.35 0.75 0.03)
(3.4 0.75 0.03)
(3.45 0.75 0.03)
(3.5 0.75 0.03)
(3.55 0.75 0.03)
(3.6 0.75 0.03)
(3.65 0.75 0.03)
(3.7 0.75 0.03)
(3.75 0.75 0.03)
(3.8 0.75 0.03)
(3.85 0.75 0.03)
(3.9 0.75 0.03)
(3.95 0.75 0.03)
(4 0.75 0.03)
(4.05 0.75 0.03)
(4.1 0.75 0.03)
(4.15 0.75 0.03)
(4.2 0.75 0.03)
(4.25 0.75 0.03)
(4.3 0.75 0.03)
(4.35 0.75 0.03)
(4.4 0.75 0.03)
(4.45 0.75 0.03)
(4.5 0.75 0.03)
(4.55 0.75 0.03)
(4.6 0.75 0.03)
(4.65 0.75 0.03)
(4.7 0.75 0.03)
(4.75 0.75 0.03)
(4.8 0.75 0.03)
(4.85 0.75 0.03)
(4.9 0.75 0.03)
(4.95 0.75 0.03)
(5 0.75 0.03)
(5.05 0.75 0.03)
(5.1 0.75 0.03)
(5.15 0.75 0.03)
(5.2 0.75 0.03)
(5.25 0.75 0.03)
(5.3 0.75 0.03)
(5.35 0.75 0.03)
(5.4 0.75 0.03)
(5.45 0.75 0.03)
(5.5 0.75 0.03)
(5.55 0.75 0.03)
(5.6 0.75 0.03)
(5.65 0.75 0.03)
(5.7 0.75 0.03)
(5.75 0.75 0.03)
(5.8 0.75 0.03)
(5.85 0.75 0.03)
(5.9 0.75 0.03)
(5.95 0.75 0.03)
(6 0.75 0.03)
(6.05 0.75 0.03)
(6.1 0.75 0.03)
(6.15 0.75 0.03)
(6.2 0.75 0.03)
(6.25 0.75 0.03)
(6.3 0.75 0.03)
(6.35 0.75 0.03)
(6.4 0.75 0.03)
(6.45 0.75 0.03)
(6.5 0.75 0.03)
(6.55 0.75 0.03)
(6.6 0.75 0.03)
(6.65 0.75 0.03)
(6.7 0.75 0.03)
(6.75 0.75 0.03)
(6.8 0.75 0.03)
(6.85 0.75 0.03)
(6.9 0.75 0.03)
(6.95 0.75 0.03)
(7 0.75 0.03)
(7.05 0.75 0.03)
(7.1 0.75 0.03)
(7.15 0.75 0.03)
(7.2 0.75 0.03)
(7.25 0.75 0.03)
(7.3 0.75 0.03)
(7.35 0.75 0.03)
(7.4 0.75 0.03)
(7.45 0.75 0.03)
(7.5 0.75 0.03)
(7.55 0.75 0.03)
(7.6 0.75 0.03)
(7.65 0.75 0.03)
(7.7 0.75 0.03)
(7.75 0.75 0.03)
(7.8 0.75 0.03)
(7.85 0.75 0.03)
(7.9 0.75 0.03)
(7.95 0.75 0.03)
(8 0.75 0.03)
(8.05 0.75 0.03)
(8.1 0.75 0.03)
(8.15 0.75 0.03)
(8.2 0.75 0.03)
(8.25 0.75 0.03)
(8.3 0.75 0.03)
(8.35 0.75 0.03)
(8.4 0.75 0.03)
(8.45 0.75 0.03)
(8.5 0.75 0.03)
(8.55 0.75 0.03)
(8.6 0.75 0.03)
(8.65 0.75 0.03)
(8.7 0.75 0.03)
(8.75 0.75 0.03)
(8.8 0.75 0.03)
(8.85 0.75 0.03)
(8.9 0.75 0.03)
(8.95 0.75 0.03)
(9 0.75 0.03)
(9.05 0.75 0.03)
(9.1 0.75 0.03)
(9.15 0.75 0.03)
(9.2 0.75 0.03)
(9.25 0.75 0.03)
(9.3 0.75 0.03)
(9.35 0.75 0.03)
(9.4 0.75 0.03)
(9.45 0.75 0.03)
(9.5 0.75 0.03)
(9.55 0.75 0.03)
(9.6 0.75 0.03)
(9.65 0.75 0.03)
(9.7 0.75 0.03)
(9.75 0.75 0.03)
(9.8 0.75 0.03)
(9.85 0.75 0.03)
(9.9 0.75 0.03)
(9.95 0.75 0.03)
(10 0.75 0.03)
(0 0.8 0.03)
(0.05 0.8 0.03)
(0.1 0.8 0.03)
(0.15 0.8 0.03)
(0.2 0.8 0.03)
(0.25 0.8 0.03)
(0.3 0.8 0.03)
(0.35 0.8 0.03)
(0.4 0.8 0.03)
(0.45 0.8 0.03)
(0.5 0.8 0.03)
(0.55 0.8 0.03)
(0.6 0.8 0.03)
(0.65 0.8 0.03)
(0.7 0.8 0.03)
(0.75 0.8 0.03)
(0.8 0.8 0.03)
(0.85 0.8 0.03)
(0.9 0.8 0.03)
(0.95 0.8 0.03)
(1 0.8 0.03)
(1.05 0.8 0.03)
(1.1 0.8 0.03)
(1.15 0.8 0.03)
(1.2 0.8 0.03)
(1.25 0.8 0.03)
(1.3 0.8 0.03)
(1.35 0.8 0.03)
(1.4 0.8 0.03)
(1.45 0.8 0.03)
(1.5 0.8 0.03)
(1.55 0.8 0.03)
(1.6 0.8 0.03)
(1.65 0.8 0.03)
(1.7 0.8 0.03)
(1.75 0.8 0.03)
(1.8 0.8 0.03)
(1.85 0.8 0.03)
(1.9 0.8 0.03)
(1.95 0.8 0.03)
(2 0.8 0.03)
(2.05 0.8 0.03)
(2.1 0.8 0.03)
(2.15 0.8 0.03)
(2.2 0.8 0.03)
(2.25 0.8 0.03)
(2.3 0.8 0.03)
(2.35 0.8 0.03)
(2.4 0.8 0.03)
(2.45 0.8 0.03)
(2.5 0.8 0.03)
(2.55 0.8 0.03)
(2.6 0.8 0.03)
(2.65 0.8 0.03)
(2.7 0.8 0.03)
(2.75 0.8 0.03)
(2.8 0.8 0.03)
(2.85 0.8 0.03)
(2.9 0.8 0.03)
(2.95 0.8 0.03)
(3 0.8 0.03)
(3.05 0.8 0.03)
(3.1 0.8 0.03)
(3.15 0.8 0.03)
(3.2 0.8 0.03)
(3.25 0.8 0.03)
(3.3 0.8 0.03)
(3.35 0.8 0.03)
(3.4 0.8 0.03)
(3.45 0.8 0.03)
(3.5 0.8 0.03)
(3.55 0.8 0.03)
(3.6 0.8 0.03)
(3.65 0.8 0.03)
(3.7 0.8 0.03)
(3.75 0.8 0.03)
(3.8 0.8 0.03)
(3.85 0.8 0.03)
(3.9 0.8 0.03)
(3.95 0.8 0.03)
(4 0.8 0.03)
(4.05 0.8 0.03)
(4.1 0.8 0.03)
(4.15 0.8 0.03)
(4.2 0.8 0.03)
(4.25 0.8 0.03)
(4.3 0.8 0.03)
(4.35 0.8 0.03)
(4.4 0.8 0.03)
(4.45 0.8 0.03)
(4.5 0.8 0.03)
(4.55 0.8 0.03)
(4.6 0.8 0.03)
(4.65 0.8 0.03)
(4.7 0.8 0.03)
(4.75 0.8 0.03)
(4.8 0.8 0.03)
(4.85 0.8 0.03)
(4.9 0.8 0.03)
(4.95 0.8 0.03)
(5 0.8 0.03)
(5.05 0.8 0.03)
(5.1 0.8 0.03)
(5.15 0.8 0.03)
(5.2 0.8 0.03)
(5.25 0.8 0.03)
(5.3 0.8 0.03)
(5.35 0.8 0.03)
(5.4 0.8 0.03)
(5.45 0.8 0.03)
(5.5 0.8 0.03)
(5.55 0.8 0.03)
(5.6 0.8 0.03)
(5.65 0.8 0.03)
(5.7 0.8 0.03)
(5.75 0.8 0.03)
(5.8 0.8 0.03)
(5.85 0.8 0.03)
(5.9 0.8 0.03)
(5.95 0.8 0.03)
(6 0.8 0.03)
(6.05 0.8 0.03)
(6.1 0.8 0.03)
(6.15 0.8 0.03)
(6.2 0.8 0.03)
(6.25 0.8 0.03)
(6.3 0.8 0.03)
(6.35 0.8 0.03)
(6.4 0.8 0.03)
(6.45 0.8 0.03)
(6.5 0.8 0.03)
(6.55 0.8 0.03)
(6.6 0.8 0.03)
(6.65 0.8 0.03)
(6.7 0.8 0.03)
(6.75 0.8 0.03)
(6.8 0.8 0.03)
(6.85 0.8 0.03)
(6.9 0.8 0.03)
(6.95 0.8 0.03)
(7 0.8 0.03)
(7.05 0.8 0.03)
(7.1 0.8 0.03)
(7.15 0.8 0.03)
(7.2 0.8 0.03)
(7.25 0.8 0.03)
(7.3 0.8 0.03)
(7.35 0.8 0.03)
(7.4 0.8 0.03)
(7.45 0.8 0.03)
(7.5 0.8 0.03)
(7.55 0.8 0.03)
(7.6 0.8 0.03)
(7.65 0.8 0.03)
(7.7 0.8 0.03)
(7.75 0.8 0.03)
(7.8 0.8 0.03)
(7.85 0.8 0.03)
(7.9 0.8 0.03)
(7.95 0.8 0.03)
(8 0.8 0.03)
(8.05 0.8 0.03)
(8.1 0.8 0.03)
(8.15 0.8 0.03)
(8.2 0.8 0.03)
(8.25 0.8 0.03)
(8.3 0.8 0.03)
(8.35 0.8 0.03)
(8.4 0.8 0.03)
(8.45 0.8 0.03)
(8.5 0.8 0.03)
(8.55 0.8 0.03)
(8.6 0.8 0.03)
(8.65 0.8 0.03)
(8.7 0.8 0.03)
(8.75 0.8 0.03)
(8.8 0.8 0.03)
(8.85 0.8 0.03)
(8.9 0.8 0.03)
(8.95 0.8 0.03)
(9 0.8 0.03)
(9.05 0.8 0.03)
(9.1 0.8 0.03)
(9.15 0.8 0.03)
(9.2 0.8 0.03)
(9.25 0.8 0.03)
(9.3 0.8 0.03)
(9.35 0.8 0.03)
(9.4 0.8 0.03)
(9.45 0.8 0.03)
(9.5 0.8 0.03)
(9.55 0.8 0.03)
(9.6 0.8 0.03)
(9.65 0.8 0.03)
(9.7 0.8 0.03)
(9.75 0.8 0.03)
(9.8 0.8 0.03)
(9.85 0.8 0.03)
(9.9 0.8 0.03)
(9.95 0.8 0.03)
(10 0.8 0.03)
(0 0.85 0.03)
(0.05 0.85 0.03)
(0.1 0.85 0.03)
(0.15 0.85 0.03)
(0.2 0.85 0.03)
(0.25 0.85 0.03)
(0.3 0.85 0.03)
(0.35 0.85 0.03)
(0.4 0.85 0.03)
(0.45 0.85 0.03)
(0.5 0.85 0.03)
(0.55 0.85 0.03)
(0.6 0.85 0.03)
(0.65 0.85 0.03)
(0.7 0.85 0.03)
(0.75 0.85 0.03)
(0.8 0.85 0.03)
(0.85 0.85 0.03)
(0.9 0.85 0.03)
(0.95 0.85 0.03)
(1 0.85 0.03)
(1.05 0.85 0.03)
(1.1 0.85 0.03)
(1.15 0.85 0.03)
(1.2 0.85 0.03)
(1.25 0.85 0.03)
(1.3 0.85 0.03)
(1.35 0.85 0.03)
(1.4 0.85 0.03)
(1.45 0.85 0.03)
(1.5 0.85 0.03)
(1.55 0.85 0.03)
(1.6 0.85 0.03)
(1.65 0.85 0.03)
(1.7 0.85 0.03)
(1.75 0.85 0.03)
(1.8 0.85 0.03)
(1.85 0.85 0.03)
(1.9 0.85 0.03)
(1.95 0.85 0.03)
(2 0.85 0.03)
(2.05 0.85 0.03)
(2.1 0.85 0.03)
(2.15 0.85 0.03)
(2.2 0.85 0.03)
(2.25 0.85 0.03)
(2.3 0.85 0.03)
(2.35 0.85 0.03)
(2.4 0.85 0.03)
(2.45 0.85 0.03)
(2.5 0.85 0.03)
(2.55 0.85 0.03)
(2.6 0.85 0.03)
(2.65 0.85 0.03)
(2.7 0.85 0.03)
(2.75 0.85 0.03)
(2.8 0.85 0.03)
(2.85 0.85 0.03)
(2.9 0.85 0.03)
(2.95 0.85 0.03)
(3 0.85 0.03)
(3.05 0.85 0.03)
(3.1 0.85 0.03)
(3.15 0.85 0.03)
(3.2 0.85 0.03)
(3.25 0.85 0.03)
(3.3 0.85 0.03)
(3.35 0.85 0.03)
(3.4 0.85 0.03)
(3.45 0.85 0.03)
(3.5 0.85 0.03)
(3.55 0.85 0.03)
(3.6 0.85 0.03)
(3.65 0.85 0.03)
(3.7 0.85 0.03)
(3.75 0.85 0.03)
(3.8 0.85 0.03)
(3.85 0.85 0.03)
(3.9 0.85 0.03)
(3.95 0.85 0.03)
(4 0.85 0.03)
(4.05 0.85 0.03)
(4.1 0.85 0.03)
(4.15 0.85 0.03)
(4.2 0.85 0.03)
(4.25 0.85 0.03)
(4.3 0.85 0.03)
(4.35 0.85 0.03)
(4.4 0.85 0.03)
(4.45 0.85 0.03)
(4.5 0.85 0.03)
(4.55 0.85 0.03)
(4.6 0.85 0.03)
(4.65 0.85 0.03)
(4.7 0.85 0.03)
(4.75 0.85 0.03)
(4.8 0.85 0.03)
(4.85 0.85 0.03)
(4.9 0.85 0.03)
(4.95 0.85 0.03)
(5 0.85 0.03)
(5.05 0.85 0.03)
(5.1 0.85 0.03)
(5.15 0.85 0.03)
(5.2 0.85 0.03)
(5.25 0.85 0.03)
(5.3 0.85 0.03)
(5.35 0.85 0.03)
(5.4 0.85 0.03)
(5.45 0.85 0.03)
(5.5 0.85 0.03)
(5.55 0.85 0.03)
(5.6 0.85 0.03)
(5.65 0.85 0.03)
(5.7 0.85 0.03)
(5.75 0.85 0.03)
(5.8 0.85 0.03)
(5.85 0.85 0.03)
(5.9 0.85 0.03)
(5.95 0.85 0.03)
(6 0.85 0.03)
(6.05 0.85 0.03)
(6.1 0.85 0.03)
(6.15 0.85 0.03)
(6.2 0.85 0.03)
(6.25 0.85 0.03)
(6.3 0.85 0.03)
(6.35 0.85 0.03)
(6.4 0.85 0.03)
(6.45 0.85 0.03)
(6.5 0.85 0.03)
(6.55 0.85 0.03)
(6.6 0.85 0.03)
(6.65 0.85 0.03)
(6.7 0.85 0.03)
(6.75 0.85 0.03)
(6.8 0.85 0.03)
(6.85 0.85 0.03)
(6.9 0.85 0.03)
(6.95 0.85 0.03)
(7 0.85 0.03)
(7.05 0.85 0.03)
(7.1 0.85 0.03)
(7.15 0.85 0.03)
(7.2 0.85 0.03)
(7.25 0.85 0.03)
(7.3 0.85 0.03)
(7.35 0.85 0.03)
(7.4 0.85 0.03)
(7.45 0.85 0.03)
(7.5 0.85 0.03)
(7.55 0.85 0.03)
(7.6 0.85 0.03)
(7.65 0.85 0.03)
(7.7 0.85 0.03)
(7.75 0.85 0.03)
(7.8 0.85 0.03)
(7.85 0.85 0.03)
(7.9 0.85 0.03)
(7.95 0.85 0.03)
(8 0.85 0.03)
(8.05 0.85 0.03)
(8.1 0.85 0.03)
(8.15 0.85 0.03)
(8.2 0.85 0.03)
(8.25 0.85 0.03)
(8.3 0.85 0.03)
(8.35 0.85 0.03)
(8.4 0.85 0.03)
(8.45 0.85 0.03)
(8.5 0.85 0.03)
(8.55 0.85 0.03)
(8.6 0.85 0.03)
(8.65 0.85 0.03)
(8.7 0.85 0.03)
(8.75 0.85 0.03)
(8.8 0.85 0.03)
(8.85 0.85 0.03)
(8.9 0.85 0.03)
(8.95 0.85 0.03)
(9 0.85 0.03)
(9.05 0.85 0.03)
(9.1 0.85 0.03)
(9.15 0.85 0.03)
(9.2 0.85 0.03)
(9.25 0.85 0.03)
(9.3 0.85 0.03)
(9.35 0.85 0.03)
(9.4 0.85 0.03)
(9.45 0.85 0.03)
(9.5 0.85 0.03)
(9.55 0.85 0.03)
(9.6 0.85 0.03)
(9.65 0.85 0.03)
(9.7 0.85 0.03)
(9.75 0.85 0.03)
(9.8 0.85 0.03)
(9.85 0.85 0.03)
(9.9 0.85 0.03)
(9.95 0.85 0.03)
(10 0.85 0.03)
(0 0.9 0.03)
(0.05 0.9 0.03)
(0.1 0.9 0.03)
(0.15 0.9 0.03)
(0.2 0.9 0.03)
(0.25 0.9 0.03)
(0.3 0.9 0.03)
(0.35 0.9 0.03)
(0.4 0.9 0.03)
(0.45 0.9 0.03)
(0.5 0.9 0.03)
(0.55 0.9 0.03)
(0.6 0.9 0.03)
(0.65 0.9 0.03)
(0.7 0.9 0.03)
(0.75 0.9 0.03)
(0.8 0.9 0.03)
(0.85 0.9 0.03)
(0.9 0.9 0.03)
(0.95 0.9 0.03)
(1 0.9 0.03)
(1.05 0.9 0.03)
(1.1 0.9 0.03)
(1.15 0.9 0.03)
(1.2 0.9 0.03)
(1.25 0.9 0.03)
(1.3 0.9 0.03)
(1.35 0.9 0.03)
(1.4 0.9 0.03)
(1.45 0.9 0.03)
(1.5 0.9 0.03)
(1.55 0.9 0.03)
(1.6 0.9 0.03)
(1.65 0.9 0.03)
(1.7 0.9 0.03)
(1.75 0.9 0.03)
(1.8 0.9 0.03)
(1.85 0.9 0.03)
(1.9 0.9 0.03)
(1.95 0.9 0.03)
(2 0.9 0.03)
(2.05 0.9 0.03)
(2.1 0.9 0.03)
(2.15 0.9 0.03)
(2.2 0.9 0.03)
(2.25 0.9 0.03)
(2.3 0.9 0.03)
(2.35 0.9 0.03)
(2.4 0.9 0.03)
(2.45 0.9 0.03)
(2.5 0.9 0.03)
(2.55 0.9 0.03)
(2.6 0.9 0.03)
(2.65 0.9 0.03)
(2.7 0.9 0.03)
(2.75 0.9 0.03)
(2.8 0.9 0.03)
(2.85 0.9 0.03)
(2.9 0.9 0.03)
(2.95 0.9 0.03)
(3 0.9 0.03)
(3.05 0.9 0.03)
(3.1 0.9 0.03)
(3.15 0.9 0.03)
(3.2 0.9 0.03)
(3.25 0.9 0.03)
(3.3 0.9 0.03)
(3.35 0.9 0.03)
(3.4 0.9 0.03)
(3.45 0.9 0.03)
(3.5 0.9 0.03)
(3.55 0.9 0.03)
(3.6 0.9 0.03)
(3.65 0.9 0.03)
(3.7 0.9 0.03)
(3.75 0.9 0.03)
(3.8 0.9 0.03)
(3.85 0.9 0.03)
(3.9 0.9 0.03)
(3.95 0.9 0.03)
(4 0.9 0.03)
(4.05 0.9 0.03)
(4.1 0.9 0.03)
(4.15 0.9 0.03)
(4.2 0.9 0.03)
(4.25 0.9 0.03)
(4.3 0.9 0.03)
(4.35 0.9 0.03)
(4.4 0.9 0.03)
(4.45 0.9 0.03)
(4.5 0.9 0.03)
(4.55 0.9 0.03)
(4.6 0.9 0.03)
(4.65 0.9 0.03)
(4.7 0.9 0.03)
(4.75 0.9 0.03)
(4.8 0.9 0.03)
(4.85 0.9 0.03)
(4.9 0.9 0.03)
(4.95 0.9 0.03)
(5 0.9 0.03)
(5.05 0.9 0.03)
(5.1 0.9 0.03)
(5.15 0.9 0.03)
(5.2 0.9 0.03)
(5.25 0.9 0.03)
(5.3 0.9 0.03)
(5.35 0.9 0.03)
(5.4 0.9 0.03)
(5.45 0.9 0.03)
(5.5 0.9 0.03)
(5.55 0.9 0.03)
(5.6 0.9 0.03)
(5.65 0.9 0.03)
(5.7 0.9 0.03)
(5.75 0.9 0.03)
(5.8 0.9 0.03)
(5.85 0.9 0.03)
(5.9 0.9 0.03)
(5.95 0.9 0.03)
(6 0.9 0.03)
(6.05 0.9 0.03)
(6.1 0.9 0.03)
(6.15 0.9 0.03)
(6.2 0.9 0.03)
(6.25 0.9 0.03)
(6.3 0.9 0.03)
(6.35 0.9 0.03)
(6.4 0.9 0.03)
(6.45 0.9 0.03)
(6.5 0.9 0.03)
(6.55 0.9 0.03)
(6.6 0.9 0.03)
(6.65 0.9 0.03)
(6.7 0.9 0.03)
(6.75 0.9 0.03)
(6.8 0.9 0.03)
(6.85 0.9 0.03)
(6.9 0.9 0.03)
(6.95 0.9 0.03)
(7 0.9 0.03)
(7.05 0.9 0.03)
(7.1 0.9 0.03)
(7.15 0.9 0.03)
(7.2 0.9 0.03)
(7.25 0.9 0.03)
(7.3 0.9 0.03)
(7.35 0.9 0.03)
(7.4 0.9 0.03)
(7.45 0.9 0.03)
(7.5 0.9 0.03)
(7.55 0.9 0.03)
(7.6 0.9 0.03)
(7.65 0.9 0.03)
(7.7 0.9 0.03)
(7.75 0.9 0.03)
(7.8 0.9 0.03)
(7.85 0.9 0.03)
(7.9 0.9 0.03)
(7.95 0.9 0.03)
(8 0.9 0.03)
(8.05 0.9 0.03)
(8.1 0.9 0.03)
(8.15 0.9 0.03)
(8.2 0.9 0.03)
(8.25 0.9 0.03)
(8.3 0.9 0.03)
(8.35 0.9 0.03)
(8.4 0.9 0.03)
(8.45 0.9 0.03)
(8.5 0.9 0.03)
(8.55 0.9 0.03)
(8.6 0.9 0.03)
(8.65 0.9 0.03)
(8.7 0.9 0.03)
(8.75 0.9 0.03)
(8.8 0.9 0.03)
(8.85 0.9 0.03)
(8.9 0.9 0.03)
(8.95 0.9 0.03)
(9 0.9 0.03)
(9.05 0.9 0.03)
(9.1 0.9 0.03)
(9.15 0.9 0.03)
(9.2 0.9 0.03)
(9.25 0.9 0.03)
(9.3 0.9 0.03)
(9.35 0.9 0.03)
(9.4 0.9 0.03)
(9.45 0.9 0.03)
(9.5 0.9 0.03)
(9.55 0.9 0.03)
(9.6 0.9 0.03)
(9.65 0.9 0.03)
(9.7 0.9 0.03)
(9.75 0.9 0.03)
(9.8 0.9 0.03)
(9.85 0.9 0.03)
(9.9 0.9 0.03)
(9.95 0.9 0.03)
(10 0.9 0.03)
(0 0.95 0.03)
(0.05 0.95 0.03)
(0.1 0.95 0.03)
(0.15 0.95 0.03)
(0.2 0.95 0.03)
(0.25 0.95 0.03)
(0.3 0.95 0.03)
(0.35 0.95 0.03)
(0.4 0.95 0.03)
(0.45 0.95 0.03)
(0.5 0.95 0.03)
(0.55 0.95 0.03)
(0.6 0.95 0.03)
(0.65 0.95 0.03)
(0.7 0.95 0.03)
(0.75 0.95 0.03)
(0.8 0.95 0.03)
(0.85 0.95 0.03)
(0.9 0.95 0.03)
(0.95 0.95 0.03)
(1 0.95 0.03)
(1.05 0.95 0.03)
(1.1 0.95 0.03)
(1.15 0.95 0.03)
(1.2 0.95 0.03)
(1.25 0.95 0.03)
(1.3 0.95 0.03)
(1.35 0.95 0.03)
(1.4 0.95 0.03)
(1.45 0.95 0.03)
(1.5 0.95 0.03)
(1.55 0.95 0.03)
(1.6 0.95 0.03)
(1.65 0.95 0.03)
(1.7 0.95 0.03)
(1.75 0.95 0.03)
(1.8 0.95 0.03)
(1.85 0.95 0.03)
(1.9 0.95 0.03)
(1.95 0.95 0.03)
(2 0.95 0.03)
(2.05 0.95 0.03)
(2.1 0.95 0.03)
(2.15 0.95 0.03)
(2.2 0.95 0.03)
(2.25 0.95 0.03)
(2.3 0.95 0.03)
(2.35 0.95 0.03)
(2.4 0.95 0.03)
(2.45 0.95 0.03)
(2.5 0.95 0.03)
(2.55 0.95 0.03)
(2.6 0.95 0.03)
(2.65 0.95 0.03)
(2.7 0.95 0.03)
(2.75 0.95 0.03)
(2.8 0.95 0.03)
(2.85 0.95 0.03)
(2.9 0.95 0.03)
(2.95 0.95 0.03)
(3 0.95 0.03)
(3.05 0.95 0.03)
(3.1 0.95 0.03)
(3.15 0.95 0.03)
(3.2 0.95 0.03)
(3.25 0.95 0.03)
(3.3 0.95 0.03)
(3.35 0.95 0.03)
(3.4 0.95 0.03)
(3.45 0.95 0.03)
(3.5 0.95 0.03)
(3.55 0.95 0.03)
(3.6 0.95 0.03)
(3.65 0.95 0.03)
(3.7 0.95 0.03)
(3.75 0.95 0.03)
(3.8 0.95 0.03)
(3.85 0.95 0.03)
(3.9 0.95 0.03)
(3.95 0.95 0.03)
(4 0.95 0.03)
(4.05 0.95 0.03)
(4.1 0.95 0.03)
(4.15 0.95 0.03)
(4.2 0.95 0.03)
(4.25 0.95 0.03)
(4.3 0.95 0.03)
(4.35 0.95 0.03)
(4.4 0.95 0.03)
(4.45 0.95 0.03)
(4.5 0.95 0.03)
(4.55 0.95 0.03)
(4.6 0.95 0.03)
(4.65 0.95 0.03)
(4.7 0.95 0.03)
(4.75 0.95 0.03)
(4.8 0.95 0.03)
(4.85 0.95 0.03)
(4.9 0.95 0.03)
(4.95 0.95 0.03)
(5 0.95 0.03)
(5.05 0.95 0.03)
(5.1 0.95 0.03)
(5.15 0.95 0.03)
(5.2 0.95 0.03)
(5.25 0.95 0.03)
(5.3 0.95 0.03)
(5.35 0.95 0.03)
(5.4 0.95 0.03)
(5.45 0.95 0.03)
(5.5 0.95 0.03)
(5.55 0.95 0.03)
(5.6 0.95 0.03)
(5.65 0.95 0.03)
(5.7 0.95 0.03)
(5.75 0.95 0.03)
(5.8 0.95 0.03)
(5.85 0.95 0.03)
(5.9 0.95 0.03)
(5.95 0.95 0.03)
(6 0.95 0.03)
(6.05 0.95 0.03)
(6.1 0.95 0.03)
(6.15 0.95 0.03)
(6.2 0.95 0.03)
(6.25 0.95 0.03)
(6.3 0.95 0.03)
(6.35 0.95 0.03)
(6.4 0.95 0.03)
(6.45 0.95 0.03)
(6.5 0.95 0.03)
(6.55 0.95 0.03)
(6.6 0.95 0.03)
(6.65 0.95 0.03)
(6.7 0.95 0.03)
(6.75 0.95 0.03)
(6.8 0.95 0.03)
(6.85 0.95 0.03)
(6.9 0.95 0.03)
(6.95 0.95 0.03)
(7 0.95 0.03)
(7.05 0.95 0.03)
(7.1 0.95 0.03)
(7.15 0.95 0.03)
(7.2 0.95 0.03)
(7.25 0.95 0.03)
(7.3 0.95 0.03)
(7.35 0.95 0.03)
(7.4 0.95 0.03)
(7.45 0.95 0.03)
(7.5 0.95 0.03)
(7.55 0.95 0.03)
(7.6 0.95 0.03)
(7.65 0.95 0.03)
(7.7 0.95 0.03)
(7.75 0.95 0.03)
(7.8 0.95 0.03)
(7.85 0.95 0.03)
(7.9 0.95 0.03)
(7.95 0.95 0.03)
(8 0.95 0.03)
(8.05 0.95 0.03)
(8.1 0.95 0.03)
(8.15 0.95 0.03)
(8.2 0.95 0.03)
(8.25 0.95 0.03)
(8.3 0.95 0.03)
(8.35 0.95 0.03)
(8.4 0.95 0.03)
(8.45 0.95 0.03)
(8.5 0.95 0.03)
(8.55 0.95 0.03)
(8.6 0.95 0.03)
(8.65 0.95 0.03)
(8.7 0.95 0.03)
(8.75 0.95 0.03)
(8.8 0.95 0.03)
(8.85 0.95 0.03)
(8.9 0.95 0.03)
(8.95 0.95 0.03)
(9 0.95 0.03)
(9.05 0.95 0.03)
(9.1 0.95 0.03)
(9.15 0.95 0.03)
(9.2 0.95 0.03)
(9.25 0.95 0.03)
(9.3 0.95 0.03)
(9.35 0.95 0.03)
(9.4 0.95 0.03)
(9.45 0.95 0.03)
(9.5 0.95 0.03)
(9.55 0.95 0.03)
(9.6 0.95 0.03)
(9.65 0.95 0.03)
(9.7 0.95 0.03)
(9.75 0.95 0.03)
(9.8 0.95 0.03)
(9.85 0.95 0.03)
(9.9 0.95 0.03)
(9.95 0.95 0.03)
(10 0.95 0.03)
(0 1 0.03)
(0.05 1 0.03)
(0.1 1 0.03)
(0.15 1 0.03)
(0.2 1 0.03)
(0.25 1 0.03)
(0.3 1 0.03)
(0.35 1 0.03)
(0.4 1 0.03)
(0.45 1 0.03)
(0.5 1 0.03)
(0.55 1 0.03)
(0.6 1 0.03)
(0.65 1 0.03)
(0.7 1 0.03)
(0.75 1 0.03)
(0.8 1 0.03)
(0.85 1 0.03)
(0.9 1 0.03)
(0.95 1 0.03)
(1 1 0.03)
(1.05 1 0.03)
(1.1 1 0.03)
(1.15 1 0.03)
(1.2 1 0.03)
(1.25 1 0.03)
(1.3 1 0.03)
(1.35 1 0.03)
(1.4 1 0.03)
(1.45 1 0.03)
(1.5 1 0.03)
(1.55 1 0.03)
(1.6 1 0.03)
(1.65 1 0.03)
(1.7 1 0.03)
(1.75 1 0.03)
(1.8 1 0.03)
(1.85 1 0.03)
(1.9 1 0.03)
(1.95 1 0.03)
(2 1 0.03)
(2.05 1 0.03)
(2.1 1 0.03)
(2.15 1 0.03)
(2.2 1 0.03)
(2.25 1 0.03)
(2.3 1 0.03)
(2.35 1 0.03)
(2.4 1 0.03)
(2.45 1 0.03)
(2.5 1 0.03)
(2.55 1 0.03)
(2.6 1 0.03)
(2.65 1 0.03)
(2.7 1 0.03)
(2.75 1 0.03)
(2.8 1 0.03)
(2.85 1 0.03)
(2.9 1 0.03)
(2.95 1 0.03)
(3 1 0.03)
(3.05 1 0.03)
(3.1 1 0.03)
(3.15 1 0.03)
(3.2 1 0.03)
(3.25 1 0.03)
(3.3 1 0.03)
(3.35 1 0.03)
(3.4 1 0.03)
(3.45 1 0.03)
(3.5 1 0.03)
(3.55 1 0.03)
(3.6 1 0.03)
(3.65 1 0.03)
(3.7 1 0.03)
(3.75 1 0.03)
(3.8 1 0.03)
(3.85 1 0.03)
(3.9 1 0.03)
(3.95 1 0.03)
(4 1 0.03)
(4.05 1 0.03)
(4.1 1 0.03)
(4.15 1 0.03)
(4.2 1 0.03)
(4.25 1 0.03)
(4.3 1 0.03)
(4.35 1 0.03)
(4.4 1 0.03)
(4.45 1 0.03)
(4.5 1 0.03)
(4.55 1 0.03)
(4.6 1 0.03)
(4.65 1 0.03)
(4.7 1 0.03)
(4.75 1 0.03)
(4.8 1 0.03)
(4.85 1 0.03)
(4.9 1 0.03)
(4.95 1 0.03)
(5 1 0.03)
(5.05 1 0.03)
(5.1 1 0.03)
(5.15 1 0.03)
(5.2 1 0.03)
(5.25 1 0.03)
(5.3 1 0.03)
(5.35 1 0.03)
(5.4 1 0.03)
(5.45 1 0.03)
(5.5 1 0.03)
(5.55 1 0.03)
(5.6 1 0.03)
(5.65 1 0.03)
(5.7 1 0.03)
(5.75 1 0.03)
(5.8 1 0.03)
(5.85 1 0.03)
(5.9 1 0.03)
(5.95 1 0.03)
(6 1 0.03)
(6.05 1 0.03)
(6.1 1 0.03)
(6.15 1 0.03)
(6.2 1 0.03)
(6.25 1 0.03)
(6.3 1 0.03)
(6.35 1 0.03)
(6.4 1 0.03)
(6.45 1 0.03)
(6.5 1 0.03)
(6.55 1 0.03)
(6.6 1 0.03)
(6.65 1 0.03)
(6.7 1 0.03)
(6.75 1 0.03)
(6.8 1 0.03)
(6.85 1 0.03)
(6.9 1 0.03)
(6.95 1 0.03)
(7 1 0.03)
(7.05 1 0.03)
(7.1 1 0.03)
(7.15 1 0.03)
(7.2 1 0.03)
(7.25 1 0.03)
(7.3 1 0.03)
(7.35 1 0.03)
(7.4 1 0.03)
(7.45 1 0.03)
(7.5 1 0.03)
(7.55 1 0.03)
(7.6 1 0.03)
(7.65 1 0.03)
(7.7 1 0.03)
(7.75 1 0.03)
(7.8 1 0.03)
(7.85 1 0.03)
(7.9 1 0.03)
(7.95 1 0.03)
(8 1 0.03)
(8.05 1 0.03)
(8.1 1 0.03)
(8.15 1 0.03)
(8.2 1 0.03)
(8.25 1 0.03)
(8.3 1 0.03)
(8.35 1 0.03)
(8.4 1 0.03)
(8.45 1 0.03)
(8.5 1 0.03)
(8.55 1 0.03)
(8.6 1 0.03)
(8.65 1 0.03)
(8.7 1 0.03)
(8.75 1 0.03)
(8.8 1 0.03)
(8.85 1 0.03)
(8.9 1 0.03)
(8.95 1 0.03)
(9 1 0.03)
(9.05 1 0.03)
(9.1 1 0.03)
(9.15 1 0.03)
(9.2 1 0.03)
(9.25 1 0.03)
(9.3 1 0.03)
(9.35 1 0.03)
(9.4 1 0.03)
(9.45 1 0.03)
(9.5 1 0.03)
(9.55 1 0.03)
(9.6 1 0.03)
(9.65 1 0.03)
(9.7 1 0.03)
(9.75 1 0.03)
(9.8 1 0.03)
(9.85 1 0.03)
(9.9 1 0.03)
(9.95 1 0.03)
(10 1 0.03)
(0 0 0.04)
(0.05 0 0.04)
(0.1 0 0.04)
(0.15 0 0.04)
(0.2 0 0.04)
(0.25 0 0.04)
(0.3 0 0.04)
(0.35 0 0.04)
(0.4 0 0.04)
(0.45 0 0.04)
(0.5 0 0.04)
(0.55 0 0.04)
(0.6 0 0.04)
(0.65 0 0.04)
(0.7 0 0.04)
(0.75 0 0.04)
(0.8 0 0.04)
(0.85 0 0.04)
(0.9 0 0.04)
(0.95 0 0.04)
(1 0 0.04)
(1.05 0 0.04)
(1.1 0 0.04)
(1.15 0 0.04)
(1.2 0 0.04)
(1.25 0 0.04)
(1.3 0 0.04)
(1.35 0 0.04)
(1.4 0 0.04)
(1.45 0 0.04)
(1.5 0 0.04)
(1.55 0 0.04)
(1.6 0 0.04)
(1.65 0 0.04)
(1.7 0 0.04)
(1.75 0 0.04)
(1.8 0 0.04)
(1.85 0 0.04)
(1.9 0 0.04)
(1.95 0 0.04)
(2 0 0.04)
(2.05 0 0.04)
(2.1 0 0.04)
(2.15 0 0.04)
(2.2 0 0.04)
(2.25 0 0.04)
(2.3 0 0.04)
(2.35 0 0.04)
(2.4 0 0.04)
(2.45 0 0.04)
(2.5 0 0.04)
(2.55 0 0.04)
(2.6 0 0.04)
(2.65 0 0.04)
(2.7 0 0.04)
(2.75 0 0.04)
(2.8 0 0.04)
(2.85 0 0.04)
(2.9 0 0.04)
(2.95 0 0.04)
(3 0 0.04)
(3.05 0 0.04)
(3.1 0 0.04)
(3.15 0 0.04)
(3.2 0 0.04)
(3.25 0 0.04)
(3.3 0 0.04)
(3.35 0 0.04)
(3.4 0 0.04)
(3.45 0 0.04)
(3.5 0 0.04)
(3.55 0 0.04)
(3.6 0 0.04)
(3.65 0 0.04)
(3.7 0 0.04)
(3.75 0 0.04)
(3.8 0 0.04)
(3.85 0 0.04)
(3.9 0 0.04)
(3.95 0 0.04)
(4 0 0.04)
(4.05 0 0.04)
(4.1 0 0.04)
(4.15 0 0.04)
(4.2 0 0.04)
(4.25 0 0.04)
(4.3 0 0.04)
(4.35 0 0.04)
(4.4 0 0.04)
(4.45 0 0.04)
(4.5 0 0.04)
(4.55 0 0.04)
(4.6 0 0.04)
(4.65 0 0.04)
(4.7 0 0.04)
(4.75 0 0.04)
(4.8 0 0.04)
(4.85 0 0.04)
(4.9 0 0.04)
(4.95 0 0.04)
(5 0 0.04)
(5.05 0 0.04)
(5.1 0 0.04)
(5.15 0 0.04)
(5.2 0 0.04)
(5.25 0 0.04)
(5.3 0 0.04)
(5.35 0 0.04)
(5.4 0 0.04)
(5.45 0 0.04)
(5.5 0 0.04)
(5.55 0 0.04)
(5.6 0 0.04)
(5.65 0 0.04)
(5.7 0 0.04)
(5.75 0 0.04)
(5.8 0 0.04)
(5.85 0 0.04)
(5.9 0 0.04)
(5.95 0 0.04)
(6 0 0.04)
(6.05 0 0.04)
(6.1 0 0.04)
(6.15 0 0.04)
(6.2 0 0.04)
(6.25 0 0.04)
(6.3 0 0.04)
(6.35 0 0.04)
(6.4 0 0.04)
(6.45 0 0.04)
(6.5 0 0.04)
(6.55 0 0.04)
(6.6 0 0.04)
(6.65 0 0.04)
(6.7 0 0.04)
(6.75 0 0.04)
(6.8 0 0.04)
(6.85 0 0.04)
(6.9 0 0.04)
(6.95 0 0.04)
(7 0 0.04)
(7.05 0 0.04)
(7.1 0 0.04)
(7.15 0 0.04)
(7.2 0 0.04)
(7.25 0 0.04)
(7.3 0 0.04)
(7.35 0 0.04)
(7.4 0 0.04)
(7.45 0 0.04)
(7.5 0 0.04)
(7.55 0 0.04)
(7.6 0 0.04)
(7.65 0 0.04)
(7.7 0 0.04)
(7.75 0 0.04)
(7.8 0 0.04)
(7.85 0 0.04)
(7.9 0 0.04)
(7.95 0 0.04)
(8 0 0.04)
(8.05 0 0.04)
(8.1 0 0.04)
(8.15 0 0.04)
(8.2 0 0.04)
(8.25 0 0.04)
(8.3 0 0.04)
(8.35 0 0.04)
(8.4 0 0.04)
(8.45 0 0.04)
(8.5 0 0.04)
(8.55 0 0.04)
(8.6 0 0.04)
(8.65 0 0.04)
(8.7 0 0.04)
(8.75 0 0.04)
(8.8 0 0.04)
(8.85 0 0.04)
(8.9 0 0.04)
(8.95 0 0.04)
(9 0 0.04)
(9.05 0 0.04)
(9.1 0 0.04)
(9.15 0 0.04)
(9.2 0 0.04)
(9.25 0 0.04)
(9.3 0 0.04)
(9.35 0 0.04)
(9.4 0 0.04)
(9.45 0 0.04)
(9.5 0 0.04)
(9.55 0 0.04)
(9.6 0 0.04)
(9.65 0 0.04)
(9.7 0 0.04)
(9.75 0 0.04)
(9.8 0 0.04)
(9.85 0 0.04)
(9.9 0 0.04)
(9.95 0 0.04)
(10 0 0.04)
(0 0.05 0.04)
(0.05 0.05 0.04)
(0.1 0.05 0.04)
(0.15 0.05 0.04)
(0.2 0.05 0.04)
(0.25 0.05 0.04)
(0.3 0.05 0.04)
(0.35 0.05 0.04)
(0.4 0.05 0.04)
(0.45 0.05 0.04)
(0.5 0.05 0.04)
(0.55 0.05 0.04)
(0.6 0.05 0.04)
(0.65 0.05 0.04)
(0.7 0.05 0.04)
(0.75 0.05 0.04)
(0.8 0.05 0.04)
(0.85 0.05 0.04)
(0.9 0.05 0.04)
(0.95 0.05 0.04)
(1 0.05 0.04)
(1.05 0.05 0.04)
(1.1 0.05 0.04)
(1.15 0.05 0.04)
(1.2 0.05 0.04)
(1.25 0.05 0.04)
(1.3 0.05 0.04)
(1.35 0.05 0.04)
(1.4 0.05 0.04)
(1.45 0.05 0.04)
(1.5 0.05 0.04)
(1.55 0.05 0.04)
(1.6 0.05 0.04)
(1.65 0.05 0.04)
(1.7 0.05 0.04)
(1.75 0.05 0.04)
(1.8 0.05 0.04)
(1.85 0.05 0.04)
(1.9 0.05 0.04)
(1.95 0.05 0.04)
(2 0.05 0.04)
(2.05 0.05 0.04)
(2.1 0.05 0.04)
(2.15 0.05 0.04)
(2.2 0.05 0.04)
(2.25 0.05 0.04)
(2.3 0.05 0.04)
(2.35 0.05 0.04)
(2.4 0.05 0.04)
(2.45 0.05 0.04)
(2.5 0.05 0.04)
(2.55 0.05 0.04)
(2.6 0.05 0.04)
(2.65 0.05 0.04)
(2.7 0.05 0.04)
(2.75 0.05 0.04)
(2.8 0.05 0.04)
(2.85 0.05 0.04)
(2.9 0.05 0.04)
(2.95 0.05 0.04)
(3 0.05 0.04)
(3.05 0.05 0.04)
(3.1 0.05 0.04)
(3.15 0.05 0.04)
(3.2 0.05 0.04)
(3.25 0.05 0.04)
(3.3 0.05 0.04)
(3.35 0.05 0.04)
(3.4 0.05 0.04)
(3.45 0.05 0.04)
(3.5 0.05 0.04)
(3.55 0.05 0.04)
(3.6 0.05 0.04)
(3.65 0.05 0.04)
(3.7 0.05 0.04)
(3.75 0.05 0.04)
(3.8 0.05 0.04)
(3.85 0.05 0.04)
(3.9 0.05 0.04)
(3.95 0.05 0.04)
(4 0.05 0.04)
(4.05 0.05 0.04)
(4.1 0.05 0.04)
(4.15 0.05 0.04)
(4.2 0.05 0.04)
(4.25 0.05 0.04)
(4.3 0.05 0.04)
(4.35 0.05 0.04)
(4.4 0.05 0.04)
(4.45 0.05 0.04)
(4.5 0.05 0.04)
(4.55 0.05 0.04)
(4.6 0.05 0.04)
(4.65 0.05 0.04)
(4.7 0.05 0.04)
(4.75 0.05 0.04)
(4.8 0.05 0.04)
(4.85 0.05 0.04)
(4.9 0.05 0.04)
(4.95 0.05 0.04)
(5 0.05 0.04)
(5.05 0.05 0.04)
(5.1 0.05 0.04)
(5.15 0.05 0.04)
(5.2 0.05 0.04)
(5.25 0.05 0.04)
(5.3 0.05 0.04)
(5.35 0.05 0.04)
(5.4 0.05 0.04)
(5.45 0.05 0.04)
(5.5 0.05 0.04)
(5.55 0.05 0.04)
(5.6 0.05 0.04)
(5.65 0.05 0.04)
(5.7 0.05 0.04)
(5.75 0.05 0.04)
(5.8 0.05 0.04)
(5.85 0.05 0.04)
(5.9 0.05 0.04)
(5.95 0.05 0.04)
(6 0.05 0.04)
(6.05 0.05 0.04)
(6.1 0.05 0.04)
(6.15 0.05 0.04)
(6.2 0.05 0.04)
(6.25 0.05 0.04)
(6.3 0.05 0.04)
(6.35 0.05 0.04)
(6.4 0.05 0.04)
(6.45 0.05 0.04)
(6.5 0.05 0.04)
(6.55 0.05 0.04)
(6.6 0.05 0.04)
(6.65 0.05 0.04)
(6.7 0.05 0.04)
(6.75 0.05 0.04)
(6.8 0.05 0.04)
(6.85 0.05 0.04)
(6.9 0.05 0.04)
(6.95 0.05 0.04)
(7 0.05 0.04)
(7.05 0.05 0.04)
(7.1 0.05 0.04)
(7.15 0.05 0.04)
(7.2 0.05 0.04)
(7.25 0.05 0.04)
(7.3 0.05 0.04)
(7.35 0.05 0.04)
(7.4 0.05 0.04)
(7.45 0.05 0.04)
(7.5 0.05 0.04)
(7.55 0.05 0.04)
(7.6 0.05 0.04)
(7.65 0.05 0.04)
(7.7 0.05 0.04)
(7.75 0.05 0.04)
(7.8 0.05 0.04)
(7.85 0.05 0.04)
(7.9 0.05 0.04)
(7.95 0.05 0.04)
(8 0.05 0.04)
(8.05 0.05 0.04)
(8.1 0.05 0.04)
(8.15 0.05 0.04)
(8.2 0.05 0.04)
(8.25 0.05 0.04)
(8.3 0.05 0.04)
(8.35 0.05 0.04)
(8.4 0.05 0.04)
(8.45 0.05 0.04)
(8.5 0.05 0.04)
(8.55 0.05 0.04)
(8.6 0.05 0.04)
(8.65 0.05 0.04)
(8.7 0.05 0.04)
(8.75 0.05 0.04)
(8.8 0.05 0.04)
(8.85 0.05 0.04)
(8.9 0.05 0.04)
(8.95 0.05 0.04)
(9 0.05 0.04)
(9.05 0.05 0.04)
(9.1 0.05 0.04)
(9.15 0.05 0.04)
(9.2 0.05 0.04)
(9.25 0.05 0.04)
(9.3 0.05 0.04)
(9.35 0.05 0.04)
(9.4 0.05 0.04)
(9.45 0.05 0.04)
(9.5 0.05 0.04)
(9.55 0.05 0.04)
(9.6 0.05 0.04)
(9.65 0.05 0.04)
(9.7 0.05 0.04)
(9.75 0.05 0.04)
(9.8 0.05 0.04)
(9.85 0.05 0.04)
(9.9 0.05 0.04)
(9.95 0.05 0.04)
(10 0.05 0.04)
(0 0.1 0.04)
(0.05 0.1 0.04)
(0.1 0.1 0.04)
(0.15 0.1 0.04)
(0.2 0.1 0.04)
(0.25 0.1 0.04)
(0.3 0.1 0.04)
(0.35 0.1 0.04)
(0.4 0.1 0.04)
(0.45 0.1 0.04)
(0.5 0.1 0.04)
(0.55 0.1 0.04)
(0.6 0.1 0.04)
(0.65 0.1 0.04)
(0.7 0.1 0.04)
(0.75 0.1 0.04)
(0.8 0.1 0.04)
(0.85 0.1 0.04)
(0.9 0.1 0.04)
(0.95 0.1 0.04)
(1 0.1 0.04)
(1.05 0.1 0.04)
(1.1 0.1 0.04)
(1.15 0.1 0.04)
(1.2 0.1 0.04)
(1.25 0.1 0.04)
(1.3 0.1 0.04)
(1.35 0.1 0.04)
(1.4 0.1 0.04)
(1.45 0.1 0.04)
(1.5 0.1 0.04)
(1.55 0.1 0.04)
(1.6 0.1 0.04)
(1.65 0.1 0.04)
(1.7 0.1 0.04)
(1.75 0.1 0.04)
(1.8 0.1 0.04)
(1.85 0.1 0.04)
(1.9 0.1 0.04)
(1.95 0.1 0.04)
(2 0.1 0.04)
(2.05 0.1 0.04)
(2.1 0.1 0.04)
(2.15 0.1 0.04)
(2.2 0.1 0.04)
(2.25 0.1 0.04)
(2.3 0.1 0.04)
(2.35 0.1 0.04)
(2.4 0.1 0.04)
(2.45 0.1 0.04)
(2.5 0.1 0.04)
(2.55 0.1 0.04)
(2.6 0.1 0.04)
(2.65 0.1 0.04)
(2.7 0.1 0.04)
(2.75 0.1 0.04)
(2.8 0.1 0.04)
(2.85 0.1 0.04)
(2.9 0.1 0.04)
(2.95 0.1 0.04)
(3 0.1 0.04)
(3.05 0.1 0.04)
(3.1 0.1 0.04)
(3.15 0.1 0.04)
(3.2 0.1 0.04)
(3.25 0.1 0.04)
(3.3 0.1 0.04)
(3.35 0.1 0.04)
(3.4 0.1 0.04)
(3.45 0.1 0.04)
(3.5 0.1 0.04)
(3.55 0.1 0.04)
(3.6 0.1 0.04)
(3.65 0.1 0.04)
(3.7 0.1 0.04)
(3.75 0.1 0.04)
(3.8 0.1 0.04)
(3.85 0.1 0.04)
(3.9 0.1 0.04)
(3.95 0.1 0.04)
(4 0.1 0.04)
(4.05 0.1 0.04)
(4.1 0.1 0.04)
(4.15 0.1 0.04)
(4.2 0.1 0.04)
(4.25 0.1 0.04)
(4.3 0.1 0.04)
(4.35 0.1 0.04)
(4.4 0.1 0.04)
(4.45 0.1 0.04)
(4.5 0.1 0.04)
(4.55 0.1 0.04)
(4.6 0.1 0.04)
(4.65 0.1 0.04)
(4.7 0.1 0.04)
(4.75 0.1 0.04)
(4.8 0.1 0.04)
(4.85 0.1 0.04)
(4.9 0.1 0.04)
(4.95 0.1 0.04)
(5 0.1 0.04)
(5.05 0.1 0.04)
(5.1 0.1 0.04)
(5.15 0.1 0.04)
(5.2 0.1 0.04)
(5.25 0.1 0.04)
(5.3 0.1 0.04)
(5.35 0.1 0.04)
(5.4 0.1 0.04)
(5.45 0.1 0.04)
(5.5 0.1 0.04)
(5.55 0.1 0.04)
(5.6 0.1 0.04)
(5.65 0.1 0.04)
(5.7 0.1 0.04)
(5.75 0.1 0.04)
(5.8 0.1 0.04)
(5.85 0.1 0.04)
(5.9 0.1 0.04)
(5.95 0.1 0.04)
(6 0.1 0.04)
(6.05 0.1 0.04)
(6.1 0.1 0.04)
(6.15 0.1 0.04)
(6.2 0.1 0.04)
(6.25 0.1 0.04)
(6.3 0.1 0.04)
(6.35 0.1 0.04)
(6.4 0.1 0.04)
(6.45 0.1 0.04)
(6.5 0.1 0.04)
(6.55 0.1 0.04)
(6.6 0.1 0.04)
(6.65 0.1 0.04)
(6.7 0.1 0.04)
(6.75 0.1 0.04)
(6.8 0.1 0.04)
(6.85 0.1 0.04)
(6.9 0.1 0.04)
(6.95 0.1 0.04)
(7 0.1 0.04)
(7.05 0.1 0.04)
(7.1 0.1 0.04)
(7.15 0.1 0.04)
(7.2 0.1 0.04)
(7.25 0.1 0.04)
(7.3 0.1 0.04)
(7.35 0.1 0.04)
(7.4 0.1 0.04)
(7.45 0.1 0.04)
(7.5 0.1 0.04)
(7.55 0.1 0.04)
(7.6 0.1 0.04)
(7.65 0.1 0.04)
(7.7 0.1 0.04)
(7.75 0.1 0.04)
(7.8 0.1 0.04)
(7.85 0.1 0.04)
(7.9 0.1 0.04)
(7.95 0.1 0.04)
(8 0.1 0.04)
(8.05 0.1 0.04)
(8.1 0.1 0.04)
(8.15 0.1 0.04)
(8.2 0.1 0.04)
(8.25 0.1 0.04)
(8.3 0.1 0.04)
(8.35 0.1 0.04)
(8.4 0.1 0.04)
(8.45 0.1 0.04)
(8.5 0.1 0.04)
(8.55 0.1 0.04)
(8.6 0.1 0.04)
(8.65 0.1 0.04)
(8.7 0.1 0.04)
(8.75 0.1 0.04)
(8.8 0.1 0.04)
(8.85 0.1 0.04)
(8.9 0.1 0.04)
(8.95 0.1 0.04)
(9 0.1 0.04)
(9.05 0.1 0.04)
(9.1 0.1 0.04)
(9.15 0.1 0.04)
(9.2 0.1 0.04)
(9.25 0.1 0.04)
(9.3 0.1 0.04)
(9.35 0.1 0.04)
(9.4 0.1 0.04)
(9.45 0.1 0.04)
(9.5 0.1 0.04)
(9.55 0.1 0.04)
(9.6 0.1 0.04)
(9.65 0.1 0.04)
(9.7 0.1 0.04)
(9.75 0.1 0.04)
(9.8 0.1 0.04)
(9.85 0.1 0.04)
(9.9 0.1 0.04)
(9.95 0.1 0.04)
(10 0.1 0.04)
(0 0.15 0.04)
(0.05 0.15 0.04)
(0.1 0.15 0.04)
(0.15 0.15 0.04)
(0.2 0.15 0.04)
(0.25 0.15 0.04)
(0.3 0.15 0.04)
(0.35 0.15 0.04)
(0.4 0.15 0.04)
(0.45 0.15 0.04)
(0.5 0.15 0.04)
(0.55 0.15 0.04)
(0.6 0.15 0.04)
(0.65 0.15 0.04)
(0.7 0.15 0.04)
(0.75 0.15 0.04)
(0.8 0.15 0.04)
(0.85 0.15 0.04)
(0.9 0.15 0.04)
(0.95 0.15 0.04)
(1 0.15 0.04)
(1.05 0.15 0.04)
(1.1 0.15 0.04)
(1.15 0.15 0.04)
(1.2 0.15 0.04)
(1.25 0.15 0.04)
(1.3 0.15 0.04)
(1.35 0.15 0.04)
(1.4 0.15 0.04)
(1.45 0.15 0.04)
(1.5 0.15 0.04)
(1.55 0.15 0.04)
(1.6 0.15 0.04)
(1.65 0.15 0.04)
(1.7 0.15 0.04)
(1.75 0.15 0.04)
(1.8 0.15 0.04)
(1.85 0.15 0.04)
(1.9 0.15 0.04)
(1.95 0.15 0.04)
(2 0.15 0.04)
(2.05 0.15 0.04)
(2.1 0.15 0.04)
(2.15 0.15 0.04)
(2.2 0.15 0.04)
(2.25 0.15 0.04)
(2.3 0.15 0.04)
(2.35 0.15 0.04)
(2.4 0.15 0.04)
(2.45 0.15 0.04)
(2.5 0.15 0.04)
(2.55 0.15 0.04)
(2.6 0.15 0.04)
(2.65 0.15 0.04)
(2.7 0.15 0.04)
(2.75 0.15 0.04)
(2.8 0.15 0.04)
(2.85 0.15 0.04)
(2.9 0.15 0.04)
(2.95 0.15 0.04)
(3 0.15 0.04)
(3.05 0.15 0.04)
(3.1 0.15 0.04)
(3.15 0.15 0.04)
(3.2 0.15 0.04)
(3.25 0.15 0.04)
(3.3 0.15 0.04)
(3.35 0.15 0.04)
(3.4 0.15 0.04)
(3.45 0.15 0.04)
(3.5 0.15 0.04)
(3.55 0.15 0.04)
(3.6 0.15 0.04)
(3.65 0.15 0.04)
(3.7 0.15 0.04)
(3.75 0.15 0.04)
(3.8 0.15 0.04)
(3.85 0.15 0.04)
(3.9 0.15 0.04)
(3.95 0.15 0.04)
(4 0.15 0.04)
(4.05 0.15 0.04)
(4.1 0.15 0.04)
(4.15 0.15 0.04)
(4.2 0.15 0.04)
(4.25 0.15 0.04)
(4.3 0.15 0.04)
(4.35 0.15 0.04)
(4.4 0.15 0.04)
(4.45 0.15 0.04)
(4.5 0.15 0.04)
(4.55 0.15 0.04)
(4.6 0.15 0.04)
(4.65 0.15 0.04)
(4.7 0.15 0.04)
(4.75 0.15 0.04)
(4.8 0.15 0.04)
(4.85 0.15 0.04)
(4.9 0.15 0.04)
(4.95 0.15 0.04)
(5 0.15 0.04)
(5.05 0.15 0.04)
(5.1 0.15 0.04)
(5.15 0.15 0.04)
(5.2 0.15 0.04)
(5.25 0.15 0.04)
(5.3 0.15 0.04)
(5.35 0.15 0.04)
(5.4 0.15 0.04)
(5.45 0.15 0.04)
(5.5 0.15 0.04)
(5.55 0.15 0.04)
(5.6 0.15 0.04)
(5.65 0.15 0.04)
(5.7 0.15 0.04)
(5.75 0.15 0.04)
(5.8 0.15 0.04)
(5.85 0.15 0.04)
(5.9 0.15 0.04)
(5.95 0.15 0.04)
(6 0.15 0.04)
(6.05 0.15 0.04)
(6.1 0.15 0.04)
(6.15 0.15 0.04)
(6.2 0.15 0.04)
(6.25 0.15 0.04)
(6.3 0.15 0.04)
(6.35 0.15 0.04)
(6.4 0.15 0.04)
(6.45 0.15 0.04)
(6.5 0.15 0.04)
(6.55 0.15 0.04)
(6.6 0.15 0.04)
(6.65 0.15 0.04)
(6.7 0.15 0.04)
(6.75 0.15 0.04)
(6.8 0.15 0.04)
(6.85 0.15 0.04)
(6.9 0.15 0.04)
(6.95 0.15 0.04)
(7 0.15 0.04)
(7.05 0.15 0.04)
(7.1 0.15 0.04)
(7.15 0.15 0.04)
(7.2 0.15 0.04)
(7.25 0.15 0.04)
(7.3 0.15 0.04)
(7.35 0.15 0.04)
(7.4 0.15 0.04)
(7.45 0.15 0.04)
(7.5 0.15 0.04)
(7.55 0.15 0.04)
(7.6 0.15 0.04)
(7.65 0.15 0.04)
(7.7 0.15 0.04)
(7.75 0.15 0.04)
(7.8 0.15 0.04)
(7.85 0.15 0.04)
(7.9 0.15 0.04)
(7.95 0.15 0.04)
(8 0.15 0.04)
(8.05 0.15 0.04)
(8.1 0.15 0.04)
(8.15 0.15 0.04)
(8.2 0.15 0.04)
(8.25 0.15 0.04)
(8.3 0.15 0.04)
(8.35 0.15 0.04)
(8.4 0.15 0.04)
(8.45 0.15 0.04)
(8.5 0.15 0.04)
(8.55 0.15 0.04)
(8.6 0.15 0.04)
(8.65 0.15 0.04)
(8.7 0.15 0.04)
(8.75 0.15 0.04)
(8.8 0.15 0.04)
(8.85 0.15 0.04)
(8.9 0.15 0.04)
(8.95 0.15 0.04)
(9 0.15 0.04)
(9.05 0.15 0.04)
(9.1 0.15 0.04)
(9.15 0.15 0.04)
(9.2 0.15 0.04)
(9.25 0.15 0.04)
(9.3 0.15 0.04)
(9.35 0.15 0.04)
(9.4 0.15 0.04)
(9.45 0.15 0.04)
(9.5 0.15 0.04)
(9.55 0.15 0.04)
(9.6 0.15 0.04)
(9.65 0.15 0.04)
(9.7 0.15 0.04)
(9.75 0.15 0.04)
(9.8 0.15 0.04)
(9.85 0.15 0.04)
(9.9 0.15 0.04)
(9.95 0.15 0.04)
(10 0.15 0.04)
(0 0.2 0.04)
(0.05 0.2 0.04)
(0.1 0.2 0.04)
(0.15 0.2 0.04)
(0.2 0.2 0.04)
(0.25 0.2 0.04)
(0.3 0.2 0.04)
(0.35 0.2 0.04)
(0.4 0.2 0.04)
(0.45 0.2 0.04)
(0.5 0.2 0.04)
(0.55 0.2 0.04)
(0.6 0.2 0.04)
(0.65 0.2 0.04)
(0.7 0.2 0.04)
(0.75 0.2 0.04)
(0.8 0.2 0.04)
(0.85 0.2 0.04)
(0.9 0.2 0.04)
(0.95 0.2 0.04)
(1 0.2 0.04)
(1.05 0.2 0.04)
(1.1 0.2 0.04)
(1.15 0.2 0.04)
(1.2 0.2 0.04)
(1.25 0.2 0.04)
(1.3 0.2 0.04)
(1.35 0.2 0.04)
(1.4 0.2 0.04)
(1.45 0.2 0.04)
(1.5 0.2 0.04)
(1.55 0.2 0.04)
(1.6 0.2 0.04)
(1.65 0.2 0.04)
(1.7 0.2 0.04)
(1.75 0.2 0.04)
(1.8 0.2 0.04)
(1.85 0.2 0.04)
(1.9 0.2 0.04)
(1.95 0.2 0.04)
(2 0.2 0.04)
(2.05 0.2 0.04)
(2.1 0.2 0.04)
(2.15 0.2 0.04)
(2.2 0.2 0.04)
(2.25 0.2 0.04)
(2.3 0.2 0.04)
(2.35 0.2 0.04)
(2.4 0.2 0.04)
(2.45 0.2 0.04)
(2.5 0.2 0.04)
(2.55 0.2 0.04)
(2.6 0.2 0.04)
(2.65 0.2 0.04)
(2.7 0.2 0.04)
(2.75 0.2 0.04)
(2.8 0.2 0.04)
(2.85 0.2 0.04)
(2.9 0.2 0.04)
(2.95 0.2 0.04)
(3 0.2 0.04)
(3.05 0.2 0.04)
(3.1 0.2 0.04)
(3.15 0.2 0.04)
(3.2 0.2 0.04)
(3.25 0.2 0.04)
(3.3 0.2 0.04)
(3.35 0.2 0.04)
(3.4 0.2 0.04)
(3.45 0.2 0.04)
(3.5 0.2 0.04)
(3.55 0.2 0.04)
(3.6 0.2 0.04)
(3.65 0.2 0.04)
(3.7 0.2 0.04)
(3.75 0.2 0.04)
(3.8 0.2 0.04)
(3.85 0.2 0.04)
(3.9 0.2 0.04)
(3.95 0.2 0.04)
(4 0.2 0.04)
(4.05 0.2 0.04)
(4.1 0.2 0.04)
(4.15 0.2 0.04)
(4.2 0.2 0.04)
(4.25 0.2 0.04)
(4.3 0.2 0.04)
(4.35 0.2 0.04)
(4.4 0.2 0.04)
(4.45 0.2 0.04)
(4.5 0.2 0.04)
(4.55 0.2 0.04)
(4.6 0.2 0.04)
(4.65 0.2 0.04)
(4.7 0.2 0.04)
(4.75 0.2 0.04)
(4.8 0.2 0.04)
(4.85 0.2 0.04)
(4.9 0.2 0.04)
(4.95 0.2 0.04)
(5 0.2 0.04)
(5.05 0.2 0.04)
(5.1 0.2 0.04)
(5.15 0.2 0.04)
(5.2 0.2 0.04)
(5.25 0.2 0.04)
(5.3 0.2 0.04)
(5.35 0.2 0.04)
(5.4 0.2 0.04)
(5.45 0.2 0.04)
(5.5 0.2 0.04)
(5.55 0.2 0.04)
(5.6 0.2 0.04)
(5.65 0.2 0.04)
(5.7 0.2 0.04)
(5.75 0.2 0.04)
(5.8 0.2 0.04)
(5.85 0.2 0.04)
(5.9 0.2 0.04)
(5.95 0.2 0.04)
(6 0.2 0.04)
(6.05 0.2 0.04)
(6.1 0.2 0.04)
(6.15 0.2 0.04)
(6.2 0.2 0.04)
(6.25 0.2 0.04)
(6.3 0.2 0.04)
(6.35 0.2 0.04)
(6.4 0.2 0.04)
(6.45 0.2 0.04)
(6.5 0.2 0.04)
(6.55 0.2 0.04)
(6.6 0.2 0.04)
(6.65 0.2 0.04)
(6.7 0.2 0.04)
(6.75 0.2 0.04)
(6.8 0.2 0.04)
(6.85 0.2 0.04)
(6.9 0.2 0.04)
(6.95 0.2 0.04)
(7 0.2 0.04)
(7.05 0.2 0.04)
(7.1 0.2 0.04)
(7.15 0.2 0.04)
(7.2 0.2 0.04)
(7.25 0.2 0.04)
(7.3 0.2 0.04)
(7.35 0.2 0.04)
(7.4 0.2 0.04)
(7.45 0.2 0.04)
(7.5 0.2 0.04)
(7.55 0.2 0.04)
(7.6 0.2 0.04)
(7.65 0.2 0.04)
(7.7 0.2 0.04)
(7.75 0.2 0.04)
(7.8 0.2 0.04)
(7.85 0.2 0.04)
(7.9 0.2 0.04)
(7.95 0.2 0.04)
(8 0.2 0.04)
(8.05 0.2 0.04)
(8.1 0.2 0.04)
(8.15 0.2 0.04)
(8.2 0.2 0.04)
(8.25 0.2 0.04)
(8.3 0.2 0.04)
(8.35 0.2 0.04)
(8.4 0.2 0.04)
(8.45 0.2 0.04)
(8.5 0.2 0.04)
(8.55 0.2 0.04)
(8.6 0.2 0.04)
(8.65 0.2 0.04)
(8.7 0.2 0.04)
(8.75 0.2 0.04)
(8.8 0.2 0.04)
(8.85 0.2 0.04)
(8.9 0.2 0.04)
(8.95 0.2 0.04)
(9 0.2 0.04)
(9.05 0.2 0.04)
(9.1 0.2 0.04)
(9.15 0.2 0.04)
(9.2 0.2 0.04)
(9.25 0.2 0.04)
(9.3 0.2 0.04)
(9.35 0.2 0.04)
(9.4 0.2 0.04)
(9.45 0.2 0.04)
(9.5 0.2 0.04)
(9.55 0.2 0.04)
(9.6 0.2 0.04)
(9.65 0.2 0.04)
(9.7 0.2 0.04)
(9.75 0.2 0.04)
(9.8 0.2 0.04)
(9.85 0.2 0.04)
(9.9 0.2 0.04)
(9.95 0.2 0.04)
(10 0.2 0.04)
(0 0.25 0.04)
(0.05 0.25 0.04)
(0.1 0.25 0.04)
(0.15 0.25 0.04)
(0.2 0.25 0.04)
(0.25 0.25 0.04)
(0.3 0.25 0.04)
(0.35 0.25 0.04)
(0.4 0.25 0.04)
(0.45 0.25 0.04)
(0.5 0.25 0.04)
(0.55 0.25 0.04)
(0.6 0.25 0.04)
(0.65 0.25 0.04)
(0.7 0.25 0.04)
(0.75 0.25 0.04)
(0.8 0.25 0.04)
(0.85 0.25 0.04)
(0.9 0.25 0.04)
(0.95 0.25 0.04)
(1 0.25 0.04)
(1.05 0.25 0.04)
(1.1 0.25 0.04)
(1.15 0.25 0.04)
(1.2 0.25 0.04)
(1.25 0.25 0.04)
(1.3 0.25 0.04)
(1.35 0.25 0.04)
(1.4 0.25 0.04)
(1.45 0.25 0.04)
(1.5 0.25 0.04)
(1.55 0.25 0.04)
(1.6 0.25 0.04)
(1.65 0.25 0.04)
(1.7 0.25 0.04)
(1.75 0.25 0.04)
(1.8 0.25 0.04)
(1.85 0.25 0.04)
(1.9 0.25 0.04)
(1.95 0.25 0.04)
(2 0.25 0.04)
(2.05 0.25 0.04)
(2.1 0.25 0.04)
(2.15 0.25 0.04)
(2.2 0.25 0.04)
(2.25 0.25 0.04)
(2.3 0.25 0.04)
(2.35 0.25 0.04)
(2.4 0.25 0.04)
(2.45 0.25 0.04)
(2.5 0.25 0.04)
(2.55 0.25 0.04)
(2.6 0.25 0.04)
(2.65 0.25 0.04)
(2.7 0.25 0.04)
(2.75 0.25 0.04)
(2.8 0.25 0.04)
(2.85 0.25 0.04)
(2.9 0.25 0.04)
(2.95 0.25 0.04)
(3 0.25 0.04)
(3.05 0.25 0.04)
(3.1 0.25 0.04)
(3.15 0.25 0.04)
(3.2 0.25 0.04)
(3.25 0.25 0.04)
(3.3 0.25 0.04)
(3.35 0.25 0.04)
(3.4 0.25 0.04)
(3.45 0.25 0.04)
(3.5 0.25 0.04)
(3.55 0.25 0.04)
(3.6 0.25 0.04)
(3.65 0.25 0.04)
(3.7 0.25 0.04)
(3.75 0.25 0.04)
(3.8 0.25 0.04)
(3.85 0.25 0.04)
(3.9 0.25 0.04)
(3.95 0.25 0.04)
(4 0.25 0.04)
(4.05 0.25 0.04)
(4.1 0.25 0.04)
(4.15 0.25 0.04)
(4.2 0.25 0.04)
(4.25 0.25 0.04)
(4.3 0.25 0.04)
(4.35 0.25 0.04)
(4.4 0.25 0.04)
(4.45 0.25 0.04)
(4.5 0.25 0.04)
(4.55 0.25 0.04)
(4.6 0.25 0.04)
(4.65 0.25 0.04)
(4.7 0.25 0.04)
(4.75 0.25 0.04)
(4.8 0.25 0.04)
(4.85 0.25 0.04)
(4.9 0.25 0.04)
(4.95 0.25 0.04)
(5 0.25 0.04)
(5.05 0.25 0.04)
(5.1 0.25 0.04)
(5.15 0.25 0.04)
(5.2 0.25 0.04)
(5.25 0.25 0.04)
(5.3 0.25 0.04)
(5.35 0.25 0.04)
(5.4 0.25 0.04)
(5.45 0.25 0.04)
(5.5 0.25 0.04)
(5.55 0.25 0.04)
(5.6 0.25 0.04)
(5.65 0.25 0.04)
(5.7 0.25 0.04)
(5.75 0.25 0.04)
(5.8 0.25 0.04)
(5.85 0.25 0.04)
(5.9 0.25 0.04)
(5.95 0.25 0.04)
(6 0.25 0.04)
(6.05 0.25 0.04)
(6.1 0.25 0.04)
(6.15 0.25 0.04)
(6.2 0.25 0.04)
(6.25 0.25 0.04)
(6.3 0.25 0.04)
(6.35 0.25 0.04)
(6.4 0.25 0.04)
(6.45 0.25 0.04)
(6.5 0.25 0.04)
(6.55 0.25 0.04)
(6.6 0.25 0.04)
(6.65 0.25 0.04)
(6.7 0.25 0.04)
(6.75 0.25 0.04)
(6.8 0.25 0.04)
(6.85 0.25 0.04)
(6.9 0.25 0.04)
(6.95 0.25 0.04)
(7 0.25 0.04)
(7.05 0.25 0.04)
(7.1 0.25 0.04)
(7.15 0.25 0.04)
(7.2 0.25 0.04)
(7.25 0.25 0.04)
(7.3 0.25 0.04)
(7.35 0.25 0.04)
(7.4 0.25 0.04)
(7.45 0.25 0.04)
(7.5 0.25 0.04)
(7.55 0.25 0.04)
(7.6 0.25 0.04)
(7.65 0.25 0.04)
(7.7 0.25 0.04)
(7.75 0.25 0.04)
(7.8 0.25 0.04)
(7.85 0.25 0.04)
(7.9 0.25 0.04)
(7.95 0.25 0.04)
(8 0.25 0.04)
(8.05 0.25 0.04)
(8.1 0.25 0.04)
(8.15 0.25 0.04)
(8.2 0.25 0.04)
(8.25 0.25 0.04)
(8.3 0.25 0.04)
(8.35 0.25 0.04)
(8.4 0.25 0.04)
(8.45 0.25 0.04)
(8.5 0.25 0.04)
(8.55 0.25 0.04)
(8.6 0.25 0.04)
(8.65 0.25 0.04)
(8.7 0.25 0.04)
(8.75 0.25 0.04)
(8.8 0.25 0.04)
(8.85 0.25 0.04)
(8.9 0.25 0.04)
(8.95 0.25 0.04)
(9 0.25 0.04)
(9.05 0.25 0.04)
(9.1 0.25 0.04)
(9.15 0.25 0.04)
(9.2 0.25 0.04)
(9.25 0.25 0.04)
(9.3 0.25 0.04)
(9.35 0.25 0.04)
(9.4 0.25 0.04)
(9.45 0.25 0.04)
(9.5 0.25 0.04)
(9.55 0.25 0.04)
(9.6 0.25 0.04)
(9.65 0.25 0.04)
(9.7 0.25 0.04)
(9.75 0.25 0.04)
(9.8 0.25 0.04)
(9.85 0.25 0.04)
(9.9 0.25 0.04)
(9.95 0.25 0.04)
(10 0.25 0.04)
(0 0.3 0.04)
(0.05 0.3 0.04)
(0.1 0.3 0.04)
(0.15 0.3 0.04)
(0.2 0.3 0.04)
(0.25 0.3 0.04)
(0.3 0.3 0.04)
(0.35 0.3 0.04)
(0.4 0.3 0.04)
(0.45 0.3 0.04)
(0.5 0.3 0.04)
(0.55 0.3 0.04)
(0.6 0.3 0.04)
(0.65 0.3 0.04)
(0.7 0.3 0.04)
(0.75 0.3 0.04)
(0.8 0.3 0.04)
(0.85 0.3 0.04)
(0.9 0.3 0.04)
(0.95 0.3 0.04)
(1 0.3 0.04)
(1.05 0.3 0.04)
(1.1 0.3 0.04)
(1.15 0.3 0.04)
(1.2 0.3 0.04)
(1.25 0.3 0.04)
(1.3 0.3 0.04)
(1.35 0.3 0.04)
(1.4 0.3 0.04)
(1.45 0.3 0.04)
(1.5 0.3 0.04)
(1.55 0.3 0.04)
(1.6 0.3 0.04)
(1.65 0.3 0.04)
(1.7 0.3 0.04)
(1.75 0.3 0.04)
(1.8 0.3 0.04)
(1.85 0.3 0.04)
(1.9 0.3 0.04)
(1.95 0.3 0.04)
(2 0.3 0.04)
(2.05 0.3 0.04)
(2.1 0.3 0.04)
(2.15 0.3 0.04)
(2.2 0.3 0.04)
(2.25 0.3 0.04)
(2.3 0.3 0.04)
(2.35 0.3 0.04)
(2.4 0.3 0.04)
(2.45 0.3 0.04)
(2.5 0.3 0.04)
(2.55 0.3 0.04)
(2.6 0.3 0.04)
(2.65 0.3 0.04)
(2.7 0.3 0.04)
(2.75 0.3 0.04)
(2.8 0.3 0.04)
(2.85 0.3 0.04)
(2.9 0.3 0.04)
(2.95 0.3 0.04)
(3 0.3 0.04)
(3.05 0.3 0.04)
(3.1 0.3 0.04)
(3.15 0.3 0.04)
(3.2 0.3 0.04)
(3.25 0.3 0.04)
(3.3 0.3 0.04)
(3.35 0.3 0.04)
(3.4 0.3 0.04)
(3.45 0.3 0.04)
(3.5 0.3 0.04)
(3.55 0.3 0.04)
(3.6 0.3 0.04)
(3.65 0.3 0.04)
(3.7 0.3 0.04)
(3.75 0.3 0.04)
(3.8 0.3 0.04)
(3.85 0.3 0.04)
(3.9 0.3 0.04)
(3.95 0.3 0.04)
(4 0.3 0.04)
(4.05 0.3 0.04)
(4.1 0.3 0.04)
(4.15 0.3 0.04)
(4.2 0.3 0.04)
(4.25 0.3 0.04)
(4.3 0.3 0.04)
(4.35 0.3 0.04)
(4.4 0.3 0.04)
(4.45 0.3 0.04)
(4.5 0.3 0.04)
(4.55 0.3 0.04)
(4.6 0.3 0.04)
(4.65 0.3 0.04)
(4.7 0.3 0.04)
(4.75 0.3 0.04)
(4.8 0.3 0.04)
(4.85 0.3 0.04)
(4.9 0.3 0.04)
(4.95 0.3 0.04)
(5 0.3 0.04)
(5.05 0.3 0.04)
(5.1 0.3 0.04)
(5.15 0.3 0.04)
(5.2 0.3 0.04)
(5.25 0.3 0.04)
(5.3 0.3 0.04)
(5.35 0.3 0.04)
(5.4 0.3 0.04)
(5.45 0.3 0.04)
(5.5 0.3 0.04)
(5.55 0.3 0.04)
(5.6 0.3 0.04)
(5.65 0.3 0.04)
(5.7 0.3 0.04)
(5.75 0.3 0.04)
(5.8 0.3 0.04)
(5.85 0.3 0.04)
(5.9 0.3 0.04)
(5.95 0.3 0.04)
(6 0.3 0.04)
(6.05 0.3 0.04)
(6.1 0.3 0.04)
(6.15 0.3 0.04)
(6.2 0.3 0.04)
(6.25 0.3 0.04)
(6.3 0.3 0.04)
(6.35 0.3 0.04)
(6.4 0.3 0.04)
(6.45 0.3 0.04)
(6.5 0.3 0.04)
(6.55 0.3 0.04)
(6.6 0.3 0.04)
(6.65 0.3 0.04)
(6.7 0.3 0.04)
(6.75 0.3 0.04)
(6.8 0.3 0.04)
(6.85 0.3 0.04)
(6.9 0.3 0.04)
(6.95 0.3 0.04)
(7 0.3 0.04)
(7.05 0.3 0.04)
(7.1 0.3 0.04)
(7.15 0.3 0.04)
(7.2 0.3 0.04)
(7.25 0.3 0.04)
(7.3 0.3 0.04)
(7.35 0.3 0.04)
(7.4 0.3 0.04)
(7.45 0.3 0.04)
(7.5 0.3 0.04)
(7.55 0.3 0.04)
(7.6 0.3 0.04)
(7.65 0.3 0.04)
(7.7 0.3 0.04)
(7.75 0.3 0.04)
(7.8 0.3 0.04)
(7.85 0.3 0.04)
(7.9 0.3 0.04)
(7.95 0.3 0.04)
(8 0.3 0.04)
(8.05 0.3 0.04)
(8.1 0.3 0.04)
(8.15 0.3 0.04)
(8.2 0.3 0.04)
(8.25 0.3 0.04)
(8.3 0.3 0.04)
(8.35 0.3 0.04)
(8.4 0.3 0.04)
(8.45 0.3 0.04)
(8.5 0.3 0.04)
(8.55 0.3 0.04)
(8.6 0.3 0.04)
(8.65 0.3 0.04)
(8.7 0.3 0.04)
(8.75 0.3 0.04)
(8.8 0.3 0.04)
(8.85 0.3 0.04)
(8.9 0.3 0.04)
(8.95 0.3 0.04)
(9 0.3 0.04)
(9.05 0.3 0.04)
(9.1 0.3 0.04)
(9.15 0.3 0.04)
(9.2 0.3 0.04)
(9.25 0.3 0.04)
(9.3 0.3 0.04)
(9.35 0.3 0.04)
(9.4 0.3 0.04)
(9.45 0.3 0.04)
(9.5 0.3 0.04)
(9.55 0.3 0.04)
(9.6 0.3 0.04)
(9.65 0.3 0.04)
(9.7 0.3 0.04)
(9.75 0.3 0.04)
(9.8 0.3 0.04)
(9.85 0.3 0.04)
(9.9 0.3 0.04)
(9.95 0.3 0.04)
(10 0.3 0.04)
(0 0.35 0.04)
(0.05 0.35 0.04)
(0.1 0.35 0.04)
(0.15 0.35 0.04)
(0.2 0.35 0.04)
(0.25 0.35 0.04)
(0.3 0.35 0.04)
(0.35 0.35 0.04)
(0.4 0.35 0.04)
(0.45 0.35 0.04)
(0.5 0.35 0.04)
(0.55 0.35 0.04)
(0.6 0.35 0.04)
(0.65 0.35 0.04)
(0.7 0.35 0.04)
(0.75 0.35 0.04)
(0.8 0.35 0.04)
(0.85 0.35 0.04)
(0.9 0.35 0.04)
(0.95 0.35 0.04)
(1 0.35 0.04)
(1.05 0.35 0.04)
(1.1 0.35 0.04)
(1.15 0.35 0.04)
(1.2 0.35 0.04)
(1.25 0.35 0.04)
(1.3 0.35 0.04)
(1.35 0.35 0.04)
(1.4 0.35 0.04)
(1.45 0.35 0.04)
(1.5 0.35 0.04)
(1.55 0.35 0.04)
(1.6 0.35 0.04)
(1.65 0.35 0.04)
(1.7 0.35 0.04)
(1.75 0.35 0.04)
(1.8 0.35 0.04)
(1.85 0.35 0.04)
(1.9 0.35 0.04)
(1.95 0.35 0.04)
(2 0.35 0.04)
(2.05 0.35 0.04)
(2.1 0.35 0.04)
(2.15 0.35 0.04)
(2.2 0.35 0.04)
(2.25 0.35 0.04)
(2.3 0.35 0.04)
(2.35 0.35 0.04)
(2.4 0.35 0.04)
(2.45 0.35 0.04)
(2.5 0.35 0.04)
(2.55 0.35 0.04)
(2.6 0.35 0.04)
(2.65 0.35 0.04)
(2.7 0.35 0.04)
(2.75 0.35 0.04)
(2.8 0.35 0.04)
(2.85 0.35 0.04)
(2.9 0.35 0.04)
(2.95 0.35 0.04)
(3 0.35 0.04)
(3.05 0.35 0.04)
(3.1 0.35 0.04)
(3.15 0.35 0.04)
(3.2 0.35 0.04)
(3.25 0.35 0.04)
(3.3 0.35 0.04)
(3.35 0.35 0.04)
(3.4 0.35 0.04)
(3.45 0.35 0.04)
(3.5 0.35 0.04)
(3.55 0.35 0.04)
(3.6 0.35 0.04)
(3.65 0.35 0.04)
(3.7 0.35 0.04)
(3.75 0.35 0.04)
(3.8 0.35 0.04)
(3.85 0.35 0.04)
(3.9 0.35 0.04)
(3.95 0.35 0.04)
(4 0.35 0.04)
(4.05 0.35 0.04)
(4.1 0.35 0.04)
(4.15 0.35 0.04)
(4.2 0.35 0.04)
(4.25 0.35 0.04)
(4.3 0.35 0.04)
(4.35 0.35 0.04)
(4.4 0.35 0.04)
(4.45 0.35 0.04)
(4.5 0.35 0.04)
(4.55 0.35 0.04)
(4.6 0.35 0.04)
(4.65 0.35 0.04)
(4.7 0.35 0.04)
(4.75 0.35 0.04)
(4.8 0.35 0.04)
(4.85 0.35 0.04)
(4.9 0.35 0.04)
(4.95 0.35 0.04)
(5 0.35 0.04)
(5.05 0.35 0.04)
(5.1 0.35 0.04)
(5.15 0.35 0.04)
(5.2 0.35 0.04)
(5.25 0.35 0.04)
(5.3 0.35 0.04)
(5.35 0.35 0.04)
(5.4 0.35 0.04)
(5.45 0.35 0.04)
(5.5 0.35 0.04)
(5.55 0.35 0.04)
(5.6 0.35 0.04)
(5.65 0.35 0.04)
(5.7 0.35 0.04)
(5.75 0.35 0.04)
(5.8 0.35 0.04)
(5.85 0.35 0.04)
(5.9 0.35 0.04)
(5.95 0.35 0.04)
(6 0.35 0.04)
(6.05 0.35 0.04)
(6.1 0.35 0.04)
(6.15 0.35 0.04)
(6.2 0.35 0.04)
(6.25 0.35 0.04)
(6.3 0.35 0.04)
(6.35 0.35 0.04)
(6.4 0.35 0.04)
(6.45 0.35 0.04)
(6.5 0.35 0.04)
(6.55 0.35 0.04)
(6.6 0.35 0.04)
(6.65 0.35 0.04)
(6.7 0.35 0.04)
(6.75 0.35 0.04)
(6.8 0.35 0.04)
(6.85 0.35 0.04)
(6.9 0.35 0.04)
(6.95 0.35 0.04)
(7 0.35 0.04)
(7.05 0.35 0.04)
(7.1 0.35 0.04)
(7.15 0.35 0.04)
(7.2 0.35 0.04)
(7.25 0.35 0.04)
(7.3 0.35 0.04)
(7.35 0.35 0.04)
(7.4 0.35 0.04)
(7.45 0.35 0.04)
(7.5 0.35 0.04)
(7.55 0.35 0.04)
(7.6 0.35 0.04)
(7.65 0.35 0.04)
(7.7 0.35 0.04)
(7.75 0.35 0.04)
(7.8 0.35 0.04)
(7.85 0.35 0.04)
(7.9 0.35 0.04)
(7.95 0.35 0.04)
(8 0.35 0.04)
(8.05 0.35 0.04)
(8.1 0.35 0.04)
(8.15 0.35 0.04)
(8.2 0.35 0.04)
(8.25 0.35 0.04)
(8.3 0.35 0.04)
(8.35 0.35 0.04)
(8.4 0.35 0.04)
(8.45 0.35 0.04)
(8.5 0.35 0.04)
(8.55 0.35 0.04)
(8.6 0.35 0.04)
(8.65 0.35 0.04)
(8.7 0.35 0.04)
(8.75 0.35 0.04)
(8.8 0.35 0.04)
(8.85 0.35 0.04)
(8.9 0.35 0.04)
(8.95 0.35 0.04)
(9 0.35 0.04)
(9.05 0.35 0.04)
(9.1 0.35 0.04)
(9.15 0.35 0.04)
(9.2 0.35 0.04)
(9.25 0.35 0.04)
(9.3 0.35 0.04)
(9.35 0.35 0.04)
(9.4 0.35 0.04)
(9.45 0.35 0.04)
(9.5 0.35 0.04)
(9.55 0.35 0.04)
(9.6 0.35 0.04)
(9.65 0.35 0.04)
(9.7 0.35 0.04)
(9.75 0.35 0.04)
(9.8 0.35 0.04)
(9.85 0.35 0.04)
(9.9 0.35 0.04)
(9.95 0.35 0.04)
(10 0.35 0.04)
(0 0.4 0.04)
(0.05 0.4 0.04)
(0.1 0.4 0.04)
(0.15 0.4 0.04)
(0.2 0.4 0.04)
(0.25 0.4 0.04)
(0.3 0.4 0.04)
(0.35 0.4 0.04)
(0.4 0.4 0.04)
(0.45 0.4 0.04)
(0.5 0.4 0.04)
(0.55 0.4 0.04)
(0.6 0.4 0.04)
(0.65 0.4 0.04)
(0.7 0.4 0.04)
(0.75 0.4 0.04)
(0.8 0.4 0.04)
(0.85 0.4 0.04)
(0.9 0.4 0.04)
(0.95 0.4 0.04)
(1 0.4 0.04)
(1.05 0.4 0.04)
(1.1 0.4 0.04)
(1.15 0.4 0.04)
(1.2 0.4 0.04)
(1.25 0.4 0.04)
(1.3 0.4 0.04)
(1.35 0.4 0.04)
(1.4 0.4 0.04)
(1.45 0.4 0.04)
(1.5 0.4 0.04)
(1.55 0.4 0.04)
(1.6 0.4 0.04)
(1.65 0.4 0.04)
(1.7 0.4 0.04)
(1.75 0.4 0.04)
(1.8 0.4 0.04)
(1.85 0.4 0.04)
(1.9 0.4 0.04)
(1.95 0.4 0.04)
(2 0.4 0.04)
(2.05 0.4 0.04)
(2.1 0.4 0.04)
(2.15 0.4 0.04)
(2.2 0.4 0.04)
(2.25 0.4 0.04)
(2.3 0.4 0.04)
(2.35 0.4 0.04)
(2.4 0.4 0.04)
(2.45 0.4 0.04)
(2.5 0.4 0.04)
(2.55 0.4 0.04)
(2.6 0.4 0.04)
(2.65 0.4 0.04)
(2.7 0.4 0.04)
(2.75 0.4 0.04)
(2.8 0.4 0.04)
(2.85 0.4 0.04)
(2.9 0.4 0.04)
(2.95 0.4 0.04)
(3 0.4 0.04)
(3.05 0.4 0.04)
(3.1 0.4 0.04)
(3.15 0.4 0.04)
(3.2 0.4 0.04)
(3.25 0.4 0.04)
(3.3 0.4 0.04)
(3.35 0.4 0.04)
(3.4 0.4 0.04)
(3.45 0.4 0.04)
(3.5 0.4 0.04)
(3.55 0.4 0.04)
(3.6 0.4 0.04)
(3.65 0.4 0.04)
(3.7 0.4 0.04)
(3.75 0.4 0.04)
(3.8 0.4 0.04)
(3.85 0.4 0.04)
(3.9 0.4 0.04)
(3.95 0.4 0.04)
(4 0.4 0.04)
(4.05 0.4 0.04)
(4.1 0.4 0.04)
(4.15 0.4 0.04)
(4.2 0.4 0.04)
(4.25 0.4 0.04)
(4.3 0.4 0.04)
(4.35 0.4 0.04)
(4.4 0.4 0.04)
(4.45 0.4 0.04)
(4.5 0.4 0.04)
(4.55 0.4 0.04)
(4.6 0.4 0.04)
(4.65 0.4 0.04)
(4.7 0.4 0.04)
(4.75 0.4 0.04)
(4.8 0.4 0.04)
(4.85 0.4 0.04)
(4.9 0.4 0.04)
(4.95 0.4 0.04)
(5 0.4 0.04)
(5.05 0.4 0.04)
(5.1 0.4 0.04)
(5.15 0.4 0.04)
(5.2 0.4 0.04)
(5.25 0.4 0.04)
(5.3 0.4 0.04)
(5.35 0.4 0.04)
(5.4 0.4 0.04)
(5.45 0.4 0.04)
(5.5 0.4 0.04)
(5.55 0.4 0.04)
(5.6 0.4 0.04)
(5.65 0.4 0.04)
(5.7 0.4 0.04)
(5.75 0.4 0.04)
(5.8 0.4 0.04)
(5.85 0.4 0.04)
(5.9 0.4 0.04)
(5.95 0.4 0.04)
(6 0.4 0.04)
(6.05 0.4 0.04)
(6.1 0.4 0.04)
(6.15 0.4 0.04)
(6.2 0.4 0.04)
(6.25 0.4 0.04)
(6.3 0.4 0.04)
(6.35 0.4 0.04)
(6.4 0.4 0.04)
(6.45 0.4 0.04)
(6.5 0.4 0.04)
(6.55 0.4 0.04)
(6.6 0.4 0.04)
(6.65 0.4 0.04)
(6.7 0.4 0.04)
(6.75 0.4 0.04)
(6.8 0.4 0.04)
(6.85 0.4 0.04)
(6.9 0.4 0.04)
(6.95 0.4 0.04)
(7 0.4 0.04)
(7.05 0.4 0.04)
(7.1 0.4 0.04)
(7.15 0.4 0.04)
(7.2 0.4 0.04)
(7.25 0.4 0.04)
(7.3 0.4 0.04)
(7.35 0.4 0.04)
(7.4 0.4 0.04)
(7.45 0.4 0.04)
(7.5 0.4 0.04)
(7.55 0.4 0.04)
(7.6 0.4 0.04)
(7.65 0.4 0.04)
(7.7 0.4 0.04)
(7.75 0.4 0.04)
(7.8 0.4 0.04)
(7.85 0.4 0.04)
(7.9 0.4 0.04)
(7.95 0.4 0.04)
(8 0.4 0.04)
(8.05 0.4 0.04)
(8.1 0.4 0.04)
(8.15 0.4 0.04)
(8.2 0.4 0.04)
(8.25 0.4 0.04)
(8.3 0.4 0.04)
(8.35 0.4 0.04)
(8.4 0.4 0.04)
(8.45 0.4 0.04)
(8.5 0.4 0.04)
(8.55 0.4 0.04)
(8.6 0.4 0.04)
(8.65 0.4 0.04)
(8.7 0.4 0.04)
(8.75 0.4 0.04)
(8.8 0.4 0.04)
(8.85 0.4 0.04)
(8.9 0.4 0.04)
(8.95 0.4 0.04)
(9 0.4 0.04)
(9.05 0.4 0.04)
(9.1 0.4 0.04)
(9.15 0.4 0.04)
(9.2 0.4 0.04)
(9.25 0.4 0.04)
(9.3 0.4 0.04)
(9.35 0.4 0.04)
(9.4 0.4 0.04)
(9.45 0.4 0.04)
(9.5 0.4 0.04)
(9.55 0.4 0.04)
(9.6 0.4 0.04)
(9.65 0.4 0.04)
(9.7 0.4 0.04)
(9.75 0.4 0.04)
(9.8 0.4 0.04)
(9.85 0.4 0.04)
(9.9 0.4 0.04)
(9.95 0.4 0.04)
(10 0.4 0.04)
(0 0.45 0.04)
(0.05 0.45 0.04)
(0.1 0.45 0.04)
(0.15 0.45 0.04)
(0.2 0.45 0.04)
(0.25 0.45 0.04)
(0.3 0.45 0.04)
(0.35 0.45 0.04)
(0.4 0.45 0.04)
(0.45 0.45 0.04)
(0.5 0.45 0.04)
(0.55 0.45 0.04)
(0.6 0.45 0.04)
(0.65 0.45 0.04)
(0.7 0.45 0.04)
(0.75 0.45 0.04)
(0.8 0.45 0.04)
(0.85 0.45 0.04)
(0.9 0.45 0.04)
(0.95 0.45 0.04)
(1 0.45 0.04)
(1.05 0.45 0.04)
(1.1 0.45 0.04)
(1.15 0.45 0.04)
(1.2 0.45 0.04)
(1.25 0.45 0.04)
(1.3 0.45 0.04)
(1.35 0.45 0.04)
(1.4 0.45 0.04)
(1.45 0.45 0.04)
(1.5 0.45 0.04)
(1.55 0.45 0.04)
(1.6 0.45 0.04)
(1.65 0.45 0.04)
(1.7 0.45 0.04)
(1.75 0.45 0.04)
(1.8 0.45 0.04)
(1.85 0.45 0.04)
(1.9 0.45 0.04)
(1.95 0.45 0.04)
(2 0.45 0.04)
(2.05 0.45 0.04)
(2.1 0.45 0.04)
(2.15 0.45 0.04)
(2.2 0.45 0.04)
(2.25 0.45 0.04)
(2.3 0.45 0.04)
(2.35 0.45 0.04)
(2.4 0.45 0.04)
(2.45 0.45 0.04)
(2.5 0.45 0.04)
(2.55 0.45 0.04)
(2.6 0.45 0.04)
(2.65 0.45 0.04)
(2.7 0.45 0.04)
(2.75 0.45 0.04)
(2.8 0.45 0.04)
(2.85 0.45 0.04)
(2.9 0.45 0.04)
(2.95 0.45 0.04)
(3 0.45 0.04)
(3.05 0.45 0.04)
(3.1 0.45 0.04)
(3.15 0.45 0.04)
(3.2 0.45 0.04)
(3.25 0.45 0.04)
(3.3 0.45 0.04)
(3.35 0.45 0.04)
(3.4 0.45 0.04)
(3.45 0.45 0.04)
(3.5 0.45 0.04)
(3.55 0.45 0.04)
(3.6 0.45 0.04)
(3.65 0.45 0.04)
(3.7 0.45 0.04)
(3.75 0.45 0.04)
(3.8 0.45 0.04)
(3.85 0.45 0.04)
(3.9 0.45 0.04)
(3.95 0.45 0.04)
(4 0.45 0.04)
(4.05 0.45 0.04)
(4.1 0.45 0.04)
(4.15 0.45 0.04)
(4.2 0.45 0.04)
(4.25 0.45 0.04)
(4.3 0.45 0.04)
(4.35 0.45 0.04)
(4.4 0.45 0.04)
(4.45 0.45 0.04)
(4.5 0.45 0.04)
(4.55 0.45 0.04)
(4.6 0.45 0.04)
(4.65 0.45 0.04)
(4.7 0.45 0.04)
(4.75 0.45 0.04)
(4.8 0.45 0.04)
(4.85 0.45 0.04)
(4.9 0.45 0.04)
(4.95 0.45 0.04)
(5 0.45 0.04)
(5.05 0.45 0.04)
(5.1 0.45 0.04)
(5.15 0.45 0.04)
(5.2 0.45 0.04)
(5.25 0.45 0.04)
(5.3 0.45 0.04)
(5.35 0.45 0.04)
(5.4 0.45 0.04)
(5.45 0.45 0.04)
(5.5 0.45 0.04)
(5.55 0.45 0.04)
(5.6 0.45 0.04)
(5.65 0.45 0.04)
(5.7 0.45 0.04)
(5.75 0.45 0.04)
(5.8 0.45 0.04)
(5.85 0.45 0.04)
(5.9 0.45 0.04)
(5.95 0.45 0.04)
(6 0.45 0.04)
(6.05 0.45 0.04)
(6.1 0.45 0.04)
(6.15 0.45 0.04)
(6.2 0.45 0.04)
(6.25 0.45 0.04)
(6.3 0.45 0.04)
(6.35 0.45 0.04)
(6.4 0.45 0.04)
(6.45 0.45 0.04)
(6.5 0.45 0.04)
(6.55 0.45 0.04)
(6.6 0.45 0.04)
(6.65 0.45 0.04)
(6.7 0.45 0.04)
(6.75 0.45 0.04)
(6.8 0.45 0.04)
(6.85 0.45 0.04)
(6.9 0.45 0.04)
(6.95 0.45 0.04)
(7 0.45 0.04)
(7.05 0.45 0.04)
(7.1 0.45 0.04)
(7.15 0.45 0.04)
(7.2 0.45 0.04)
(7.25 0.45 0.04)
(7.3 0.45 0.04)
(7.35 0.45 0.04)
(7.4 0.45 0.04)
(7.45 0.45 0.04)
(7.5 0.45 0.04)
(7.55 0.45 0.04)
(7.6 0.45 0.04)
(7.65 0.45 0.04)
(7.7 0.45 0.04)
(7.75 0.45 0.04)
(7.8 0.45 0.04)
(7.85 0.45 0.04)
(7.9 0.45 0.04)
(7.95 0.45 0.04)
(8 0.45 0.04)
(8.05 0.45 0.04)
(8.1 0.45 0.04)
(8.15 0.45 0.04)
(8.2 0.45 0.04)
(8.25 0.45 0.04)
(8.3 0.45 0.04)
(8.35 0.45 0.04)
(8.4 0.45 0.04)
(8.45 0.45 0.04)
(8.5 0.45 0.04)
(8.55 0.45 0.04)
(8.6 0.45 0.04)
(8.65 0.45 0.04)
(8.7 0.45 0.04)
(8.75 0.45 0.04)
(8.8 0.45 0.04)
(8.85 0.45 0.04)
(8.9 0.45 0.04)
(8.95 0.45 0.04)
(9 0.45 0.04)
(9.05 0.45 0.04)
(9.1 0.45 0.04)
(9.15 0.45 0.04)
(9.2 0.45 0.04)
(9.25 0.45 0.04)
(9.3 0.45 0.04)
(9.35 0.45 0.04)
(9.4 0.45 0.04)
(9.45 0.45 0.04)
(9.5 0.45 0.04)
(9.55 0.45 0.04)
(9.6 0.45 0.04)
(9.65 0.45 0.04)
(9.7 0.45 0.04)
(9.75 0.45 0.04)
(9.8 0.45 0.04)
(9.85 0.45 0.04)
(9.9 0.45 0.04)
(9.95 0.45 0.04)
(10 0.45 0.04)
(0 0.5 0.04)
(0.05 0.5 0.04)
(0.1 0.5 0.04)
(0.15 0.5 0.04)
(0.2 0.5 0.04)
(0.25 0.5 0.04)
(0.3 0.5 0.04)
(0.35 0.5 0.04)
(0.4 0.5 0.04)
(0.45 0.5 0.04)
(0.5 0.5 0.04)
(0.55 0.5 0.04)
(0.6 0.5 0.04)
(0.65 0.5 0.04)
(0.7 0.5 0.04)
(0.75 0.5 0.04)
(0.8 0.5 0.04)
(0.85 0.5 0.04)
(0.9 0.5 0.04)
(0.95 0.5 0.04)
(1 0.5 0.04)
(1.05 0.5 0.04)
(1.1 0.5 0.04)
(1.15 0.5 0.04)
(1.2 0.5 0.04)
(1.25 0.5 0.04)
(1.3 0.5 0.04)
(1.35 0.5 0.04)
(1.4 0.5 0.04)
(1.45 0.5 0.04)
(1.5 0.5 0.04)
(1.55 0.5 0.04)
(1.6 0.5 0.04)
(1.65 0.5 0.04)
(1.7 0.5 0.04)
(1.75 0.5 0.04)
(1.8 0.5 0.04)
(1.85 0.5 0.04)
(1.9 0.5 0.04)
(1.95 0.5 0.04)
(2 0.5 0.04)
(2.05 0.5 0.04)
(2.1 0.5 0.04)
(2.15 0.5 0.04)
(2.2 0.5 0.04)
(2.25 0.5 0.04)
(2.3 0.5 0.04)
(2.35 0.5 0.04)
(2.4 0.5 0.04)
(2.45 0.5 0.04)
(2.5 0.5 0.04)
(2.55 0.5 0.04)
(2.6 0.5 0.04)
(2.65 0.5 0.04)
(2.7 0.5 0.04)
(2.75 0.5 0.04)
(2.8 0.5 0.04)
(2.85 0.5 0.04)
(2.9 0.5 0.04)
(2.95 0.5 0.04)
(3 0.5 0.04)
(3.05 0.5 0.04)
(3.1 0.5 0.04)
(3.15 0.5 0.04)
(3.2 0.5 0.04)
(3.25 0.5 0.04)
(3.3 0.5 0.04)
(3.35 0.5 0.04)
(3.4 0.5 0.04)
(3.45 0.5 0.04)
(3.5 0.5 0.04)
(3.55 0.5 0.04)
(3.6 0.5 0.04)
(3.65 0.5 0.04)
(3.7 0.5 0.04)
(3.75 0.5 0.04)
(3.8 0.5 0.04)
(3.85 0.5 0.04)
(3.9 0.5 0.04)
(3.95 0.5 0.04)
(4 0.5 0.04)
(4.05 0.5 0.04)
(4.1 0.5 0.04)
(4.15 0.5 0.04)
(4.2 0.5 0.04)
(4.25 0.5 0.04)
(4.3 0.5 0.04)
(4.35 0.5 0.04)
(4.4 0.5 0.04)
(4.45 0.5 0.04)
(4.5 0.5 0.04)
(4.55 0.5 0.04)
(4.6 0.5 0.04)
(4.65 0.5 0.04)
(4.7 0.5 0.04)
(4.75 0.5 0.04)
(4.8 0.5 0.04)
(4.85 0.5 0.04)
(4.9 0.5 0.04)
(4.95 0.5 0.04)
(5 0.5 0.04)
(5.05 0.5 0.04)
(5.1 0.5 0.04)
(5.15 0.5 0.04)
(5.2 0.5 0.04)
(5.25 0.5 0.04)
(5.3 0.5 0.04)
(5.35 0.5 0.04)
(5.4 0.5 0.04)
(5.45 0.5 0.04)
(5.5 0.5 0.04)
(5.55 0.5 0.04)
(5.6 0.5 0.04)
(5.65 0.5 0.04)
(5.7 0.5 0.04)
(5.75 0.5 0.04)
(5.8 0.5 0.04)
(5.85 0.5 0.04)
(5.9 0.5 0.04)
(5.95 0.5 0.04)
(6 0.5 0.04)
(6.05 0.5 0.04)
(6.1 0.5 0.04)
(6.15 0.5 0.04)
(6.2 0.5 0.04)
(6.25 0.5 0.04)
(6.3 0.5 0.04)
(6.35 0.5 0.04)
(6.4 0.5 0.04)
(6.45 0.5 0.04)
(6.5 0.5 0.04)
(6.55 0.5 0.04)
(6.6 0.5 0.04)
(6.65 0.5 0.04)
(6.7 0.5 0.04)
(6.75 0.5 0.04)
(6.8 0.5 0.04)
(6.85 0.5 0.04)
(6.9 0.5 0.04)
(6.95 0.5 0.04)
(7 0.5 0.04)
(7.05 0.5 0.04)
(7.1 0.5 0.04)
(7.15 0.5 0.04)
(7.2 0.5 0.04)
(7.25 0.5 0.04)
(7.3 0.5 0.04)
(7.35 0.5 0.04)
(7.4 0.5 0.04)
(7.45 0.5 0.04)
(7.5 0.5 0.04)
(7.55 0.5 0.04)
(7.6 0.5 0.04)
(7.65 0.5 0.04)
(7.7 0.5 0.04)
(7.75 0.5 0.04)
(7.8 0.5 0.04)
(7.85 0.5 0.04)
(7.9 0.5 0.04)
(7.95 0.5 0.04)
(8 0.5 0.04)
(8.05 0.5 0.04)
(8.1 0.5 0.04)
(8.15 0.5 0.04)
(8.2 0.5 0.04)
(8.25 0.5 0.04)
(8.3 0.5 0.04)
(8.35 0.5 0.04)
(8.4 0.5 0.04)
(8.45 0.5 0.04)
(8.5 0.5 0.04)
(8.55 0.5 0.04)
(8.6 0.5 0.04)
(8.65 0.5 0.04)
(8.7 0.5 0.04)
(8.75 0.5 0.04)
(8.8 0.5 0.04)
(8.85 0.5 0.04)
(8.9 0.5 0.04)
(8.95 0.5 0.04)
(9 0.5 0.04)
(9.05 0.5 0.04)
(9.1 0.5 0.04)
(9.15 0.5 0.04)
(9.2 0.5 0.04)
(9.25 0.5 0.04)
(9.3 0.5 0.04)
(9.35 0.5 0.04)
(9.4 0.5 0.04)
(9.45 0.5 0.04)
(9.5 0.5 0.04)
(9.55 0.5 0.04)
(9.6 0.5 0.04)
(9.65 0.5 0.04)
(9.7 0.5 0.04)
(9.75 0.5 0.04)
(9.8 0.5 0.04)
(9.85 0.5 0.04)
(9.9 0.5 0.04)
(9.95 0.5 0.04)
(10 0.5 0.04)
(0 0.55 0.04)
(0.05 0.55 0.04)
(0.1 0.55 0.04)
(0.15 0.55 0.04)
(0.2 0.55 0.04)
(0.25 0.55 0.04)
(0.3 0.55 0.04)
(0.35 0.55 0.04)
(0.4 0.55 0.04)
(0.45 0.55 0.04)
(0.5 0.55 0.04)
(0.55 0.55 0.04)
(0.6 0.55 0.04)
(0.65 0.55 0.04)
(0.7 0.55 0.04)
(0.75 0.55 0.04)
(0.8 0.55 0.04)
(0.85 0.55 0.04)
(0.9 0.55 0.04)
(0.95 0.55 0.04)
(1 0.55 0.04)
(1.05 0.55 0.04)
(1.1 0.55 0.04)
(1.15 0.55 0.04)
(1.2 0.55 0.04)
(1.25 0.55 0.04)
(1.3 0.55 0.04)
(1.35 0.55 0.04)
(1.4 0.55 0.04)
(1.45 0.55 0.04)
(1.5 0.55 0.04)
(1.55 0.55 0.04)
(1.6 0.55 0.04)
(1.65 0.55 0.04)
(1.7 0.55 0.04)
(1.75 0.55 0.04)
(1.8 0.55 0.04)
(1.85 0.55 0.04)
(1.9 0.55 0.04)
(1.95 0.55 0.04)
(2 0.55 0.04)
(2.05 0.55 0.04)
(2.1 0.55 0.04)
(2.15 0.55 0.04)
(2.2 0.55 0.04)
(2.25 0.55 0.04)
(2.3 0.55 0.04)
(2.35 0.55 0.04)
(2.4 0.55 0.04)
(2.45 0.55 0.04)
(2.5 0.55 0.04)
(2.55 0.55 0.04)
(2.6 0.55 0.04)
(2.65 0.55 0.04)
(2.7 0.55 0.04)
(2.75 0.55 0.04)
(2.8 0.55 0.04)
(2.85 0.55 0.04)
(2.9 0.55 0.04)
(2.95 0.55 0.04)
(3 0.55 0.04)
(3.05 0.55 0.04)
(3.1 0.55 0.04)
(3.15 0.55 0.04)
(3.2 0.55 0.04)
(3.25 0.55 0.04)
(3.3 0.55 0.04)
(3.35 0.55 0.04)
(3.4 0.55 0.04)
(3.45 0.55 0.04)
(3.5 0.55 0.04)
(3.55 0.55 0.04)
(3.6 0.55 0.04)
(3.65 0.55 0.04)
(3.7 0.55 0.04)
(3.75 0.55 0.04)
(3.8 0.55 0.04)
(3.85 0.55 0.04)
(3.9 0.55 0.04)
(3.95 0.55 0.04)
(4 0.55 0.04)
(4.05 0.55 0.04)
(4.1 0.55 0.04)
(4.15 0.55 0.04)
(4.2 0.55 0.04)
(4.25 0.55 0.04)
(4.3 0.55 0.04)
(4.35 0.55 0.04)
(4.4 0.55 0.04)
(4.45 0.55 0.04)
(4.5 0.55 0.04)
(4.55 0.55 0.04)
(4.6 0.55 0.04)
(4.65 0.55 0.04)
(4.7 0.55 0.04)
(4.75 0.55 0.04)
(4.8 0.55 0.04)
(4.85 0.55 0.04)
(4.9 0.55 0.04)
(4.95 0.55 0.04)
(5 0.55 0.04)
(5.05 0.55 0.04)
(5.1 0.55 0.04)
(5.15 0.55 0.04)
(5.2 0.55 0.04)
(5.25 0.55 0.04)
(5.3 0.55 0.04)
(5.35 0.55 0.04)
(5.4 0.55 0.04)
(5.45 0.55 0.04)
(5.5 0.55 0.04)
(5.55 0.55 0.04)
(5.6 0.55 0.04)
(5.65 0.55 0.04)
(5.7 0.55 0.04)
(5.75 0.55 0.04)
(5.8 0.55 0.04)
(5.85 0.55 0.04)
(5.9 0.55 0.04)
(5.95 0.55 0.04)
(6 0.55 0.04)
(6.05 0.55 0.04)
(6.1 0.55 0.04)
(6.15 0.55 0.04)
(6.2 0.55 0.04)
(6.25 0.55 0.04)
(6.3 0.55 0.04)
(6.35 0.55 0.04)
(6.4 0.55 0.04)
(6.45 0.55 0.04)
(6.5 0.55 0.04)
(6.55 0.55 0.04)
(6.6 0.55 0.04)
(6.65 0.55 0.04)
(6.7 0.55 0.04)
(6.75 0.55 0.04)
(6.8 0.55 0.04)
(6.85 0.55 0.04)
(6.9 0.55 0.04)
(6.95 0.55 0.04)
(7 0.55 0.04)
(7.05 0.55 0.04)
(7.1 0.55 0.04)
(7.15 0.55 0.04)
(7.2 0.55 0.04)
(7.25 0.55 0.04)
(7.3 0.55 0.04)
(7.35 0.55 0.04)
(7.4 0.55 0.04)
(7.45 0.55 0.04)
(7.5 0.55 0.04)
(7.55 0.55 0.04)
(7.6 0.55 0.04)
(7.65 0.55 0.04)
(7.7 0.55 0.04)
(7.75 0.55 0.04)
(7.8 0.55 0.04)
(7.85 0.55 0.04)
(7.9 0.55 0.04)
(7.95 0.55 0.04)
(8 0.55 0.04)
(8.05 0.55 0.04)
(8.1 0.55 0.04)
(8.15 0.55 0.04)
(8.2 0.55 0.04)
(8.25 0.55 0.04)
(8.3 0.55 0.04)
(8.35 0.55 0.04)
(8.4 0.55 0.04)
(8.45 0.55 0.04)
(8.5 0.55 0.04)
(8.55 0.55 0.04)
(8.6 0.55 0.04)
(8.65 0.55 0.04)
(8.7 0.55 0.04)
(8.75 0.55 0.04)
(8.8 0.55 0.04)
(8.85 0.55 0.04)
(8.9 0.55 0.04)
(8.95 0.55 0.04)
(9 0.55 0.04)
(9.05 0.55 0.04)
(9.1 0.55 0.04)
(9.15 0.55 0.04)
(9.2 0.55 0.04)
(9.25 0.55 0.04)
(9.3 0.55 0.04)
(9.35 0.55 0.04)
(9.4 0.55 0.04)
(9.45 0.55 0.04)
(9.5 0.55 0.04)
(9.55 0.55 0.04)
(9.6 0.55 0.04)
(9.65 0.55 0.04)
(9.7 0.55 0.04)
(9.75 0.55 0.04)
(9.8 0.55 0.04)
(9.85 0.55 0.04)
(9.9 0.55 0.04)
(9.95 0.55 0.04)
(10 0.55 0.04)
(0 0.6 0.04)
(0.05 0.6 0.04)
(0.1 0.6 0.04)
(0.15 0.6 0.04)
(0.2 0.6 0.04)
(0.25 0.6 0.04)
(0.3 0.6 0.04)
(0.35 0.6 0.04)
(0.4 0.6 0.04)
(0.45 0.6 0.04)
(0.5 0.6 0.04)
(0.55 0.6 0.04)
(0.6 0.6 0.04)
(0.65 0.6 0.04)
(0.7 0.6 0.04)
(0.75 0.6 0.04)
(0.8 0.6 0.04)
(0.85 0.6 0.04)
(0.9 0.6 0.04)
(0.95 0.6 0.04)
(1 0.6 0.04)
(1.05 0.6 0.04)
(1.1 0.6 0.04)
(1.15 0.6 0.04)
(1.2 0.6 0.04)
(1.25 0.6 0.04)
(1.3 0.6 0.04)
(1.35 0.6 0.04)
(1.4 0.6 0.04)
(1.45 0.6 0.04)
(1.5 0.6 0.04)
(1.55 0.6 0.04)
(1.6 0.6 0.04)
(1.65 0.6 0.04)
(1.7 0.6 0.04)
(1.75 0.6 0.04)
(1.8 0.6 0.04)
(1.85 0.6 0.04)
(1.9 0.6 0.04)
(1.95 0.6 0.04)
(2 0.6 0.04)
(2.05 0.6 0.04)
(2.1 0.6 0.04)
(2.15 0.6 0.04)
(2.2 0.6 0.04)
(2.25 0.6 0.04)
(2.3 0.6 0.04)
(2.35 0.6 0.04)
(2.4 0.6 0.04)
(2.45 0.6 0.04)
(2.5 0.6 0.04)
(2.55 0.6 0.04)
(2.6 0.6 0.04)
(2.65 0.6 0.04)
(2.7 0.6 0.04)
(2.75 0.6 0.04)
(2.8 0.6 0.04)
(2.85 0.6 0.04)
(2.9 0.6 0.04)
(2.95 0.6 0.04)
(3 0.6 0.04)
(3.05 0.6 0.04)
(3.1 0.6 0.04)
(3.15 0.6 0.04)
(3.2 0.6 0.04)
(3.25 0.6 0.04)
(3.3 0.6 0.04)
(3.35 0.6 0.04)
(3.4 0.6 0.04)
(3.45 0.6 0.04)
(3.5 0.6 0.04)
(3.55 0.6 0.04)
(3.6 0.6 0.04)
(3.65 0.6 0.04)
(3.7 0.6 0.04)
(3.75 0.6 0.04)
(3.8 0.6 0.04)
(3.85 0.6 0.04)
(3.9 0.6 0.04)
(3.95 0.6 0.04)
(4 0.6 0.04)
(4.05 0.6 0.04)
(4.1 0.6 0.04)
(4.15 0.6 0.04)
(4.2 0.6 0.04)
(4.25 0.6 0.04)
(4.3 0.6 0.04)
(4.35 0.6 0.04)
(4.4 0.6 0.04)
(4.45 0.6 0.04)
(4.5 0.6 0.04)
(4.55 0.6 0.04)
(4.6 0.6 0.04)
(4.65 0.6 0.04)
(4.7 0.6 0.04)
(4.75 0.6 0.04)
(4.8 0.6 0.04)
(4.85 0.6 0.04)
(4.9 0.6 0.04)
(4.95 0.6 0.04)
(5 0.6 0.04)
(5.05 0.6 0.04)
(5.1 0.6 0.04)
(5.15 0.6 0.04)
(5.2 0.6 0.04)
(5.25 0.6 0.04)
(5.3 0.6 0.04)
(5.35 0.6 0.04)
(5.4 0.6 0.04)
(5.45 0.6 0.04)
(5.5 0.6 0.04)
(5.55 0.6 0.04)
(5.6 0.6 0.04)
(5.65 0.6 0.04)
(5.7 0.6 0.04)
(5.75 0.6 0.04)
(5.8 0.6 0.04)
(5.85 0.6 0.04)
(5.9 0.6 0.04)
(5.95 0.6 0.04)
(6 0.6 0.04)
(6.05 0.6 0.04)
(6.1 0.6 0.04)
(6.15 0.6 0.04)
(6.2 0.6 0.04)
(6.25 0.6 0.04)
(6.3 0.6 0.04)
(6.35 0.6 0.04)
(6.4 0.6 0.04)
(6.45 0.6 0.04)
(6.5 0.6 0.04)
(6.55 0.6 0.04)
(6.6 0.6 0.04)
(6.65 0.6 0.04)
(6.7 0.6 0.04)
(6.75 0.6 0.04)
(6.8 0.6 0.04)
(6.85 0.6 0.04)
(6.9 0.6 0.04)
(6.95 0.6 0.04)
(7 0.6 0.04)
(7.05 0.6 0.04)
(7.1 0.6 0.04)
(7.15 0.6 0.04)
(7.2 0.6 0.04)
(7.25 0.6 0.04)
(7.3 0.6 0.04)
(7.35 0.6 0.04)
(7.4 0.6 0.04)
(7.45 0.6 0.04)
(7.5 0.6 0.04)
(7.55 0.6 0.04)
(7.6 0.6 0.04)
(7.65 0.6 0.04)
(7.7 0.6 0.04)
(7.75 0.6 0.04)
(7.8 0.6 0.04)
(7.85 0.6 0.04)
(7.9 0.6 0.04)
(7.95 0.6 0.04)
(8 0.6 0.04)
(8.05 0.6 0.04)
(8.1 0.6 0.04)
(8.15 0.6 0.04)
(8.2 0.6 0.04)
(8.25 0.6 0.04)
(8.3 0.6 0.04)
(8.35 0.6 0.04)
(8.4 0.6 0.04)
(8.45 0.6 0.04)
(8.5 0.6 0.04)
(8.55 0.6 0.04)
(8.6 0.6 0.04)
(8.65 0.6 0.04)
(8.7 0.6 0.04)
(8.75 0.6 0.04)
(8.8 0.6 0.04)
(8.85 0.6 0.04)
(8.9 0.6 0.04)
(8.95 0.6 0.04)
(9 0.6 0.04)
(9.05 0.6 0.04)
(9.1 0.6 0.04)
(9.15 0.6 0.04)
(9.2 0.6 0.04)
(9.25 0.6 0.04)
(9.3 0.6 0.04)
(9.35 0.6 0.04)
(9.4 0.6 0.04)
(9.45 0.6 0.04)
(9.5 0.6 0.04)
(9.55 0.6 0.04)
(9.6 0.6 0.04)
(9.65 0.6 0.04)
(9.7 0.6 0.04)
(9.75 0.6 0.04)
(9.8 0.6 0.04)
(9.85 0.6 0.04)
(9.9 0.6 0.04)
(9.95 0.6 0.04)
(10 0.6 0.04)
(0 0.65 0.04)
(0.05 0.65 0.04)
(0.1 0.65 0.04)
(0.15 0.65 0.04)
(0.2 0.65 0.04)
(0.25 0.65 0.04)
(0.3 0.65 0.04)
(0.35 0.65 0.04)
(0.4 0.65 0.04)
(0.45 0.65 0.04)
(0.5 0.65 0.04)
(0.55 0.65 0.04)
(0.6 0.65 0.04)
(0.65 0.65 0.04)
(0.7 0.65 0.04)
(0.75 0.65 0.04)
(0.8 0.65 0.04)
(0.85 0.65 0.04)
(0.9 0.65 0.04)
(0.95 0.65 0.04)
(1 0.65 0.04)
(1.05 0.65 0.04)
(1.1 0.65 0.04)
(1.15 0.65 0.04)
(1.2 0.65 0.04)
(1.25 0.65 0.04)
(1.3 0.65 0.04)
(1.35 0.65 0.04)
(1.4 0.65 0.04)
(1.45 0.65 0.04)
(1.5 0.65 0.04)
(1.55 0.65 0.04)
(1.6 0.65 0.04)
(1.65 0.65 0.04)
(1.7 0.65 0.04)
(1.75 0.65 0.04)
(1.8 0.65 0.04)
(1.85 0.65 0.04)
(1.9 0.65 0.04)
(1.95 0.65 0.04)
(2 0.65 0.04)
(2.05 0.65 0.04)
(2.1 0.65 0.04)
(2.15 0.65 0.04)
(2.2 0.65 0.04)
(2.25 0.65 0.04)
(2.3 0.65 0.04)
(2.35 0.65 0.04)
(2.4 0.65 0.04)
(2.45 0.65 0.04)
(2.5 0.65 0.04)
(2.55 0.65 0.04)
(2.6 0.65 0.04)
(2.65 0.65 0.04)
(2.7 0.65 0.04)
(2.75 0.65 0.04)
(2.8 0.65 0.04)
(2.85 0.65 0.04)
(2.9 0.65 0.04)
(2.95 0.65 0.04)
(3 0.65 0.04)
(3.05 0.65 0.04)
(3.1 0.65 0.04)
(3.15 0.65 0.04)
(3.2 0.65 0.04)
(3.25 0.65 0.04)
(3.3 0.65 0.04)
(3.35 0.65 0.04)
(3.4 0.65 0.04)
(3.45 0.65 0.04)
(3.5 0.65 0.04)
(3.55 0.65 0.04)
(3.6 0.65 0.04)
(3.65 0.65 0.04)
(3.7 0.65 0.04)
(3.75 0.65 0.04)
(3.8 0.65 0.04)
(3.85 0.65 0.04)
(3.9 0.65 0.04)
(3.95 0.65 0.04)
(4 0.65 0.04)
(4.05 0.65 0.04)
(4.1 0.65 0.04)
(4.15 0.65 0.04)
(4.2 0.65 0.04)
(4.25 0.65 0.04)
(4.3 0.65 0.04)
(4.35 0.65 0.04)
(4.4 0.65 0.04)
(4.45 0.65 0.04)
(4.5 0.65 0.04)
(4.55 0.65 0.04)
(4.6 0.65 0.04)
(4.65 0.65 0.04)
(4.7 0.65 0.04)
(4.75 0.65 0.04)
(4.8 0.65 0.04)
(4.85 0.65 0.04)
(4.9 0.65 0.04)
(4.95 0.65 0.04)
(5 0.65 0.04)
(5.05 0.65 0.04)
(5.1 0.65 0.04)
(5.15 0.65 0.04)
(5.2 0.65 0.04)
(5.25 0.65 0.04)
(5.3 0.65 0.04)
(5.35 0.65 0.04)
(5.4 0.65 0.04)
(5.45 0.65 0.04)
(5.5 0.65 0.04)
(5.55 0.65 0.04)
(5.6 0.65 0.04)
(5.65 0.65 0.04)
(5.7 0.65 0.04)
(5.75 0.65 0.04)
(5.8 0.65 0.04)
(5.85 0.65 0.04)
(5.9 0.65 0.04)
(5.95 0.65 0.04)
(6 0.65 0.04)
(6.05 0.65 0.04)
(6.1 0.65 0.04)
(6.15 0.65 0.04)
(6.2 0.65 0.04)
(6.25 0.65 0.04)
(6.3 0.65 0.04)
(6.35 0.65 0.04)
(6.4 0.65 0.04)
(6.45 0.65 0.04)
(6.5 0.65 0.04)
(6.55 0.65 0.04)
(6.6 0.65 0.04)
(6.65 0.65 0.04)
(6.7 0.65 0.04)
(6.75 0.65 0.04)
(6.8 0.65 0.04)
(6.85 0.65 0.04)
(6.9 0.65 0.04)
(6.95 0.65 0.04)
(7 0.65 0.04)
(7.05 0.65 0.04)
(7.1 0.65 0.04)
(7.15 0.65 0.04)
(7.2 0.65 0.04)
(7.25 0.65 0.04)
(7.3 0.65 0.04)
(7.35 0.65 0.04)
(7.4 0.65 0.04)
(7.45 0.65 0.04)
(7.5 0.65 0.04)
(7.55 0.65 0.04)
(7.6 0.65 0.04)
(7.65 0.65 0.04)
(7.7 0.65 0.04)
(7.75 0.65 0.04)
(7.8 0.65 0.04)
(7.85 0.65 0.04)
(7.9 0.65 0.04)
(7.95 0.65 0.04)
(8 0.65 0.04)
(8.05 0.65 0.04)
(8.1 0.65 0.04)
(8.15 0.65 0.04)
(8.2 0.65 0.04)
(8.25 0.65 0.04)
(8.3 0.65 0.04)
(8.35 0.65 0.04)
(8.4 0.65 0.04)
(8.45 0.65 0.04)
(8.5 0.65 0.04)
(8.55 0.65 0.04)
(8.6 0.65 0.04)
(8.65 0.65 0.04)
(8.7 0.65 0.04)
(8.75 0.65 0.04)
(8.8 0.65 0.04)
(8.85 0.65 0.04)
(8.9 0.65 0.04)
(8.95 0.65 0.04)
(9 0.65 0.04)
(9.05 0.65 0.04)
(9.1 0.65 0.04)
(9.15 0.65 0.04)
(9.2 0.65 0.04)
(9.25 0.65 0.04)
(9.3 0.65 0.04)
(9.35 0.65 0.04)
(9.4 0.65 0.04)
(9.45 0.65 0.04)
(9.5 0.65 0.04)
(9.55 0.65 0.04)
(9.6 0.65 0.04)
(9.65 0.65 0.04)
(9.7 0.65 0.04)
(9.75 0.65 0.04)
(9.8 0.65 0.04)
(9.85 0.65 0.04)
(9.9 0.65 0.04)
(9.95 0.65 0.04)
(10 0.65 0.04)
(0 0.7 0.04)
(0.05 0.7 0.04)
(0.1 0.7 0.04)
(0.15 0.7 0.04)
(0.2 0.7 0.04)
(0.25 0.7 0.04)
(0.3 0.7 0.04)
(0.35 0.7 0.04)
(0.4 0.7 0.04)
(0.45 0.7 0.04)
(0.5 0.7 0.04)
(0.55 0.7 0.04)
(0.6 0.7 0.04)
(0.65 0.7 0.04)
(0.7 0.7 0.04)
(0.75 0.7 0.04)
(0.8 0.7 0.04)
(0.85 0.7 0.04)
(0.9 0.7 0.04)
(0.95 0.7 0.04)
(1 0.7 0.04)
(1.05 0.7 0.04)
(1.1 0.7 0.04)
(1.15 0.7 0.04)
(1.2 0.7 0.04)
(1.25 0.7 0.04)
(1.3 0.7 0.04)
(1.35 0.7 0.04)
(1.4 0.7 0.04)
(1.45 0.7 0.04)
(1.5 0.7 0.04)
(1.55 0.7 0.04)
(1.6 0.7 0.04)
(1.65 0.7 0.04)
(1.7 0.7 0.04)
(1.75 0.7 0.04)
(1.8 0.7 0.04)
(1.85 0.7 0.04)
(1.9 0.7 0.04)
(1.95 0.7 0.04)
(2 0.7 0.04)
(2.05 0.7 0.04)
(2.1 0.7 0.04)
(2.15 0.7 0.04)
(2.2 0.7 0.04)
(2.25 0.7 0.04)
(2.3 0.7 0.04)
(2.35 0.7 0.04)
(2.4 0.7 0.04)
(2.45 0.7 0.04)
(2.5 0.7 0.04)
(2.55 0.7 0.04)
(2.6 0.7 0.04)
(2.65 0.7 0.04)
(2.7 0.7 0.04)
(2.75 0.7 0.04)
(2.8 0.7 0.04)
(2.85 0.7 0.04)
(2.9 0.7 0.04)
(2.95 0.7 0.04)
(3 0.7 0.04)
(3.05 0.7 0.04)
(3.1 0.7 0.04)
(3.15 0.7 0.04)
(3.2 0.7 0.04)
(3.25 0.7 0.04)
(3.3 0.7 0.04)
(3.35 0.7 0.04)
(3.4 0.7 0.04)
(3.45 0.7 0.04)
(3.5 0.7 0.04)
(3.55 0.7 0.04)
(3.6 0.7 0.04)
(3.65 0.7 0.04)
(3.7 0.7 0.04)
(3.75 0.7 0.04)
(3.8 0.7 0.04)
(3.85 0.7 0.04)
(3.9 0.7 0.04)
(3.95 0.7 0.04)
(4 0.7 0.04)
(4.05 0.7 0.04)
(4.1 0.7 0.04)
(4.15 0.7 0.04)
(4.2 0.7 0.04)
(4.25 0.7 0.04)
(4.3 0.7 0.04)
(4.35 0.7 0.04)
(4.4 0.7 0.04)
(4.45 0.7 0.04)
(4.5 0.7 0.04)
(4.55 0.7 0.04)
(4.6 0.7 0.04)
(4.65 0.7 0.04)
(4.7 0.7 0.04)
(4.75 0.7 0.04)
(4.8 0.7 0.04)
(4.85 0.7 0.04)
(4.9 0.7 0.04)
(4.95 0.7 0.04)
(5 0.7 0.04)
(5.05 0.7 0.04)
(5.1 0.7 0.04)
(5.15 0.7 0.04)
(5.2 0.7 0.04)
(5.25 0.7 0.04)
(5.3 0.7 0.04)
(5.35 0.7 0.04)
(5.4 0.7 0.04)
(5.45 0.7 0.04)
(5.5 0.7 0.04)
(5.55 0.7 0.04)
(5.6 0.7 0.04)
(5.65 0.7 0.04)
(5.7 0.7 0.04)
(5.75 0.7 0.04)
(5.8 0.7 0.04)
(5.85 0.7 0.04)
(5.9 0.7 0.04)
(5.95 0.7 0.04)
(6 0.7 0.04)
(6.05 0.7 0.04)
(6.1 0.7 0.04)
(6.15 0.7 0.04)
(6.2 0.7 0.04)
(6.25 0.7 0.04)
(6.3 0.7 0.04)
(6.35 0.7 0.04)
(6.4 0.7 0.04)
(6.45 0.7 0.04)
(6.5 0.7 0.04)
(6.55 0.7 0.04)
(6.6 0.7 0.04)
(6.65 0.7 0.04)
(6.7 0.7 0.04)
(6.75 0.7 0.04)
(6.8 0.7 0.04)
(6.85 0.7 0.04)
(6.9 0.7 0.04)
(6.95 0.7 0.04)
(7 0.7 0.04)
(7.05 0.7 0.04)
(7.1 0.7 0.04)
(7.15 0.7 0.04)
(7.2 0.7 0.04)
(7.25 0.7 0.04)
(7.3 0.7 0.04)
(7.35 0.7 0.04)
(7.4 0.7 0.04)
(7.45 0.7 0.04)
(7.5 0.7 0.04)
(7.55 0.7 0.04)
(7.6 0.7 0.04)
(7.65 0.7 0.04)
(7.7 0.7 0.04)
(7.75 0.7 0.04)
(7.8 0.7 0.04)
(7.85 0.7 0.04)
(7.9 0.7 0.04)
(7.95 0.7 0.04)
(8 0.7 0.04)
(8.05 0.7 0.04)
(8.1 0.7 0.04)
(8.15 0.7 0.04)
(8.2 0.7 0.04)
(8.25 0.7 0.04)
(8.3 0.7 0.04)
(8.35 0.7 0.04)
(8.4 0.7 0.04)
(8.45 0.7 0.04)
(8.5 0.7 0.04)
(8.55 0.7 0.04)
(8.6 0.7 0.04)
(8.65 0.7 0.04)
(8.7 0.7 0.04)
(8.75 0.7 0.04)
(8.8 0.7 0.04)
(8.85 0.7 0.04)
(8.9 0.7 0.04)
(8.95 0.7 0.04)
(9 0.7 0.04)
(9.05 0.7 0.04)
(9.1 0.7 0.04)
(9.15 0.7 0.04)
(9.2 0.7 0.04)
(9.25 0.7 0.04)
(9.3 0.7 0.04)
(9.35 0.7 0.04)
(9.4 0.7 0.04)
(9.45 0.7 0.04)
(9.5 0.7 0.04)
(9.55 0.7 0.04)
(9.6 0.7 0.04)
(9.65 0.7 0.04)
(9.7 0.7 0.04)
(9.75 0.7 0.04)
(9.8 0.7 0.04)
(9.85 0.7 0.04)
(9.9 0.7 0.04)
(9.95 0.7 0.04)
(10 0.7 0.04)
(0 0.75 0.04)
(0.05 0.75 0.04)
(0.1 0.75 0.04)
(0.15 0.75 0.04)
(0.2 0.75 0.04)
(0.25 0.75 0.04)
(0.3 0.75 0.04)
(0.35 0.75 0.04)
(0.4 0.75 0.04)
(0.45 0.75 0.04)
(0.5 0.75 0.04)
(0.55 0.75 0.04)
(0.6 0.75 0.04)
(0.65 0.75 0.04)
(0.7 0.75 0.04)
(0.75 0.75 0.04)
(0.8 0.75 0.04)
(0.85 0.75 0.04)
(0.9 0.75 0.04)
(0.95 0.75 0.04)
(1 0.75 0.04)
(1.05 0.75 0.04)
(1.1 0.75 0.04)
(1.15 0.75 0.04)
(1.2 0.75 0.04)
(1.25 0.75 0.04)
(1.3 0.75 0.04)
(1.35 0.75 0.04)
(1.4 0.75 0.04)
(1.45 0.75 0.04)
(1.5 0.75 0.04)
(1.55 0.75 0.04)
(1.6 0.75 0.04)
(1.65 0.75 0.04)
(1.7 0.75 0.04)
(1.75 0.75 0.04)
(1.8 0.75 0.04)
(1.85 0.75 0.04)
(1.9 0.75 0.04)
(1.95 0.75 0.04)
(2 0.75 0.04)
(2.05 0.75 0.04)
(2.1 0.75 0.04)
(2.15 0.75 0.04)
(2.2 0.75 0.04)
(2.25 0.75 0.04)
(2.3 0.75 0.04)
(2.35 0.75 0.04)
(2.4 0.75 0.04)
(2.45 0.75 0.04)
(2.5 0.75 0.04)
(2.55 0.75 0.04)
(2.6 0.75 0.04)
(2.65 0.75 0.04)
(2.7 0.75 0.04)
(2.75 0.75 0.04)
(2.8 0.75 0.04)
(2.85 0.75 0.04)
(2.9 0.75 0.04)
(2.95 0.75 0.04)
(3 0.75 0.04)
(3.05 0.75 0.04)
(3.1 0.75 0.04)
(3.15 0.75 0.04)
(3.2 0.75 0.04)
(3.25 0.75 0.04)
(3.3 0.75 0.04)
(3.35 0.75 0.04)
(3.4 0.75 0.04)
(3.45 0.75 0.04)
(3.5 0.75 0.04)
(3.55 0.75 0.04)
(3.6 0.75 0.04)
(3.65 0.75 0.04)
(3.7 0.75 0.04)
(3.75 0.75 0.04)
(3.8 0.75 0.04)
(3.85 0.75 0.04)
(3.9 0.75 0.04)
(3.95 0.75 0.04)
(4 0.75 0.04)
(4.05 0.75 0.04)
(4.1 0.75 0.04)
(4.15 0.75 0.04)
(4.2 0.75 0.04)
(4.25 0.75 0.04)
(4.3 0.75 0.04)
(4.35 0.75 0.04)
(4.4 0.75 0.04)
(4.45 0.75 0.04)
(4.5 0.75 0.04)
(4.55 0.75 0.04)
(4.6 0.75 0.04)
(4.65 0.75 0.04)
(4.7 0.75 0.04)
(4.75 0.75 0.04)
(4.8 0.75 0.04)
(4.85 0.75 0.04)
(4.9 0.75 0.04)
(4.95 0.75 0.04)
(5 0.75 0.04)
(5.05 0.75 0.04)
(5.1 0.75 0.04)
(5.15 0.75 0.04)
(5.2 0.75 0.04)
(5.25 0.75 0.04)
(5.3 0.75 0.04)
(5.35 0.75 0.04)
(5.4 0.75 0.04)
(5.45 0.75 0.04)
(5.5 0.75 0.04)
(5.55 0.75 0.04)
(5.6 0.75 0.04)
(5.65 0.75 0.04)
(5.7 0.75 0.04)
(5.75 0.75 0.04)
(5.8 0.75 0.04)
(5.85 0.75 0.04)
(5.9 0.75 0.04)
(5.95 0.75 0.04)
(6 0.75 0.04)
(6.05 0.75 0.04)
(6.1 0.75 0.04)
(6.15 0.75 0.04)
(6.2 0.75 0.04)
(6.25 0.75 0.04)
(6.3 0.75 0.04)
(6.35 0.75 0.04)
(6.4 0.75 0.04)
(6.45 0.75 0.04)
(6.5 0.75 0.04)
(6.55 0.75 0.04)
(6.6 0.75 0.04)
(6.65 0.75 0.04)
(6.7 0.75 0.04)
(6.75 0.75 0.04)
(6.8 0.75 0.04)
(6.85 0.75 0.04)
(6.9 0.75 0.04)
(6.95 0.75 0.04)
(7 0.75 0.04)
(7.05 0.75 0.04)
(7.1 0.75 0.04)
(7.15 0.75 0.04)
(7.2 0.75 0.04)
(7.25 0.75 0.04)
(7.3 0.75 0.04)
(7.35 0.75 0.04)
(7.4 0.75 0.04)
(7.45 0.75 0.04)
(7.5 0.75 0.04)
(7.55 0.75 0.04)
(7.6 0.75 0.04)
(7.65 0.75 0.04)
(7.7 0.75 0.04)
(7.75 0.75 0.04)
(7.8 0.75 0.04)
(7.85 0.75 0.04)
(7.9 0.75 0.04)
(7.95 0.75 0.04)
(8 0.75 0.04)
(8.05 0.75 0.04)
(8.1 0.75 0.04)
(8.15 0.75 0.04)
(8.2 0.75 0.04)
(8.25 0.75 0.04)
(8.3 0.75 0.04)
(8.35 0.75 0.04)
(8.4 0.75 0.04)
(8.45 0.75 0.04)
(8.5 0.75 0.04)
(8.55 0.75 0.04)
(8.6 0.75 0.04)
(8.65 0.75 0.04)
(8.7 0.75 0.04)
(8.75 0.75 0.04)
(8.8 0.75 0.04)
(8.85 0.75 0.04)
(8.9 0.75 0.04)
(8.95 0.75 0.04)
(9 0.75 0.04)
(9.05 0.75 0.04)
(9.1 0.75 0.04)
(9.15 0.75 0.04)
(9.2 0.75 0.04)
(9.25 0.75 0.04)
(9.3 0.75 0.04)
(9.35 0.75 0.04)
(9.4 0.75 0.04)
(9.45 0.75 0.04)
(9.5 0.75 0.04)
(9.55 0.75 0.04)
(9.6 0.75 0.04)
(9.65 0.75 0.04)
(9.7 0.75 0.04)
(9.75 0.75 0.04)
(9.8 0.75 0.04)
(9.85 0.75 0.04)
(9.9 0.75 0.04)
(9.95 0.75 0.04)
(10 0.75 0.04)
(0 0.8 0.04)
(0.05 0.8 0.04)
(0.1 0.8 0.04)
(0.15 0.8 0.04)
(0.2 0.8 0.04)
(0.25 0.8 0.04)
(0.3 0.8 0.04)
(0.35 0.8 0.04)
(0.4 0.8 0.04)
(0.45 0.8 0.04)
(0.5 0.8 0.04)
(0.55 0.8 0.04)
(0.6 0.8 0.04)
(0.65 0.8 0.04)
(0.7 0.8 0.04)
(0.75 0.8 0.04)
(0.8 0.8 0.04)
(0.85 0.8 0.04)
(0.9 0.8 0.04)
(0.95 0.8 0.04)
(1 0.8 0.04)
(1.05 0.8 0.04)
(1.1 0.8 0.04)
(1.15 0.8 0.04)
(1.2 0.8 0.04)
(1.25 0.8 0.04)
(1.3 0.8 0.04)
(1.35 0.8 0.04)
(1.4 0.8 0.04)
(1.45 0.8 0.04)
(1.5 0.8 0.04)
(1.55 0.8 0.04)
(1.6 0.8 0.04)
(1.65 0.8 0.04)
(1.7 0.8 0.04)
(1.75 0.8 0.04)
(1.8 0.8 0.04)
(1.85 0.8 0.04)
(1.9 0.8 0.04)
(1.95 0.8 0.04)
(2 0.8 0.04)
(2.05 0.8 0.04)
(2.1 0.8 0.04)
(2.15 0.8 0.04)
(2.2 0.8 0.04)
(2.25 0.8 0.04)
(2.3 0.8 0.04)
(2.35 0.8 0.04)
(2.4 0.8 0.04)
(2.45 0.8 0.04)
(2.5 0.8 0.04)
(2.55 0.8 0.04)
(2.6 0.8 0.04)
(2.65 0.8 0.04)
(2.7 0.8 0.04)
(2.75 0.8 0.04)
(2.8 0.8 0.04)
(2.85 0.8 0.04)
(2.9 0.8 0.04)
(2.95 0.8 0.04)
(3 0.8 0.04)
(3.05 0.8 0.04)
(3.1 0.8 0.04)
(3.15 0.8 0.04)
(3.2 0.8 0.04)
(3.25 0.8 0.04)
(3.3 0.8 0.04)
(3.35 0.8 0.04)
(3.4 0.8 0.04)
(3.45 0.8 0.04)
(3.5 0.8 0.04)
(3.55 0.8 0.04)
(3.6 0.8 0.04)
(3.65 0.8 0.04)
(3.7 0.8 0.04)
(3.75 0.8 0.04)
(3.8 0.8 0.04)
(3.85 0.8 0.04)
(3.9 0.8 0.04)
(3.95 0.8 0.04)
(4 0.8 0.04)
(4.05 0.8 0.04)
(4.1 0.8 0.04)
(4.15 0.8 0.04)
(4.2 0.8 0.04)
(4.25 0.8 0.04)
(4.3 0.8 0.04)
(4.35 0.8 0.04)
(4.4 0.8 0.04)
(4.45 0.8 0.04)
(4.5 0.8 0.04)
(4.55 0.8 0.04)
(4.6 0.8 0.04)
(4.65 0.8 0.04)
(4.7 0.8 0.04)
(4.75 0.8 0.04)
(4.8 0.8 0.04)
(4.85 0.8 0.04)
(4.9 0.8 0.04)
(4.95 0.8 0.04)
(5 0.8 0.04)
(5.05 0.8 0.04)
(5.1 0.8 0.04)
(5.15 0.8 0.04)
(5.2 0.8 0.04)
(5.25 0.8 0.04)
(5.3 0.8 0.04)
(5.35 0.8 0.04)
(5.4 0.8 0.04)
(5.45 0.8 0.04)
(5.5 0.8 0.04)
(5.55 0.8 0.04)
(5.6 0.8 0.04)
(5.65 0.8 0.04)
(5.7 0.8 0.04)
(5.75 0.8 0.04)
(5.8 0.8 0.04)
(5.85 0.8 0.04)
(5.9 0.8 0.04)
(5.95 0.8 0.04)
(6 0.8 0.04)
(6.05 0.8 0.04)
(6.1 0.8 0.04)
(6.15 0.8 0.04)
(6.2 0.8 0.04)
(6.25 0.8 0.04)
(6.3 0.8 0.04)
(6.35 0.8 0.04)
(6.4 0.8 0.04)
(6.45 0.8 0.04)
(6.5 0.8 0.04)
(6.55 0.8 0.04)
(6.6 0.8 0.04)
(6.65 0.8 0.04)
(6.7 0.8 0.04)
(6.75 0.8 0.04)
(6.8 0.8 0.04)
(6.85 0.8 0.04)
(6.9 0.8 0.04)
(6.95 0.8 0.04)
(7 0.8 0.04)
(7.05 0.8 0.04)
(7.1 0.8 0.04)
(7.15 0.8 0.04)
(7.2 0.8 0.04)
(7.25 0.8 0.04)
(7.3 0.8 0.04)
(7.35 0.8 0.04)
(7.4 0.8 0.04)
(7.45 0.8 0.04)
(7.5 0.8 0.04)
(7.55 0.8 0.04)
(7.6 0.8 0.04)
(7.65 0.8 0.04)
(7.7 0.8 0.04)
(7.75 0.8 0.04)
(7.8 0.8 0.04)
(7.85 0.8 0.04)
(7.9 0.8 0.04)
(7.95 0.8 0.04)
(8 0.8 0.04)
(8.05 0.8 0.04)
(8.1 0.8 0.04)
(8.15 0.8 0.04)
(8.2 0.8 0.04)
(8.25 0.8 0.04)
(8.3 0.8 0.04)
(8.35 0.8 0.04)
(8.4 0.8 0.04)
(8.45 0.8 0.04)
(8.5 0.8 0.04)
(8.55 0.8 0.04)
(8.6 0.8 0.04)
(8.65 0.8 0.04)
(8.7 0.8 0.04)
(8.75 0.8 0.04)
(8.8 0.8 0.04)
(8.85 0.8 0.04)
(8.9 0.8 0.04)
(8.95 0.8 0.04)
(9 0.8 0.04)
(9.05 0.8 0.04)
(9.1 0.8 0.04)
(9.15 0.8 0.04)
(9.2 0.8 0.04)
(9.25 0.8 0.04)
(9.3 0.8 0.04)
(9.35 0.8 0.04)
(9.4 0.8 0.04)
(9.45 0.8 0.04)
(9.5 0.8 0.04)
(9.55 0.8 0.04)
(9.6 0.8 0.04)
(9.65 0.8 0.04)
(9.7 0.8 0.04)
(9.75 0.8 0.04)
(9.8 0.8 0.04)
(9.85 0.8 0.04)
(9.9 0.8 0.04)
(9.95 0.8 0.04)
(10 0.8 0.04)
(0 0.85 0.04)
(0.05 0.85 0.04)
(0.1 0.85 0.04)
(0.15 0.85 0.04)
(0.2 0.85 0.04)
(0.25 0.85 0.04)
(0.3 0.85 0.04)
(0.35 0.85 0.04)
(0.4 0.85 0.04)
(0.45 0.85 0.04)
(0.5 0.85 0.04)
(0.55 0.85 0.04)
(0.6 0.85 0.04)
(0.65 0.85 0.04)
(0.7 0.85 0.04)
(0.75 0.85 0.04)
(0.8 0.85 0.04)
(0.85 0.85 0.04)
(0.9 0.85 0.04)
(0.95 0.85 0.04)
(1 0.85 0.04)
(1.05 0.85 0.04)
(1.1 0.85 0.04)
(1.15 0.85 0.04)
(1.2 0.85 0.04)
(1.25 0.85 0.04)
(1.3 0.85 0.04)
(1.35 0.85 0.04)
(1.4 0.85 0.04)
(1.45 0.85 0.04)
(1.5 0.85 0.04)
(1.55 0.85 0.04)
(1.6 0.85 0.04)
(1.65 0.85 0.04)
(1.7 0.85 0.04)
(1.75 0.85 0.04)
(1.8 0.85 0.04)
(1.85 0.85 0.04)
(1.9 0.85 0.04)
(1.95 0.85 0.04)
(2 0.85 0.04)
(2.05 0.85 0.04)
(2.1 0.85 0.04)
(2.15 0.85 0.04)
(2.2 0.85 0.04)
(2.25 0.85 0.04)
(2.3 0.85 0.04)
(2.35 0.85 0.04)
(2.4 0.85 0.04)
(2.45 0.85 0.04)
(2.5 0.85 0.04)
(2.55 0.85 0.04)
(2.6 0.85 0.04)
(2.65 0.85 0.04)
(2.7 0.85 0.04)
(2.75 0.85 0.04)
(2.8 0.85 0.04)
(2.85 0.85 0.04)
(2.9 0.85 0.04)
(2.95 0.85 0.04)
(3 0.85 0.04)
(3.05 0.85 0.04)
(3.1 0.85 0.04)
(3.15 0.85 0.04)
(3.2 0.85 0.04)
(3.25 0.85 0.04)
(3.3 0.85 0.04)
(3.35 0.85 0.04)
(3.4 0.85 0.04)
(3.45 0.85 0.04)
(3.5 0.85 0.04)
(3.55 0.85 0.04)
(3.6 0.85 0.04)
(3.65 0.85 0.04)
(3.7 0.85 0.04)
(3.75 0.85 0.04)
(3.8 0.85 0.04)
(3.85 0.85 0.04)
(3.9 0.85 0.04)
(3.95 0.85 0.04)
(4 0.85 0.04)
(4.05 0.85 0.04)
(4.1 0.85 0.04)
(4.15 0.85 0.04)
(4.2 0.85 0.04)
(4.25 0.85 0.04)
(4.3 0.85 0.04)
(4.35 0.85 0.04)
(4.4 0.85 0.04)
(4.45 0.85 0.04)
(4.5 0.85 0.04)
(4.55 0.85 0.04)
(4.6 0.85 0.04)
(4.65 0.85 0.04)
(4.7 0.85 0.04)
(4.75 0.85 0.04)
(4.8 0.85 0.04)
(4.85 0.85 0.04)
(4.9 0.85 0.04)
(4.95 0.85 0.04)
(5 0.85 0.04)
(5.05 0.85 0.04)
(5.1 0.85 0.04)
(5.15 0.85 0.04)
(5.2 0.85 0.04)
(5.25 0.85 0.04)
(5.3 0.85 0.04)
(5.35 0.85 0.04)
(5.4 0.85 0.04)
(5.45 0.85 0.04)
(5.5 0.85 0.04)
(5.55 0.85 0.04)
(5.6 0.85 0.04)
(5.65 0.85 0.04)
(5.7 0.85 0.04)
(5.75 0.85 0.04)
(5.8 0.85 0.04)
(5.85 0.85 0.04)
(5.9 0.85 0.04)
(5.95 0.85 0.04)
(6 0.85 0.04)
(6.05 0.85 0.04)
(6.1 0.85 0.04)
(6.15 0.85 0.04)
(6.2 0.85 0.04)
(6.25 0.85 0.04)
(6.3 0.85 0.04)
(6.35 0.85 0.04)
(6.4 0.85 0.04)
(6.45 0.85 0.04)
(6.5 0.85 0.04)
(6.55 0.85 0.04)
(6.6 0.85 0.04)
(6.65 0.85 0.04)
(6.7 0.85 0.04)
(6.75 0.85 0.04)
(6.8 0.85 0.04)
(6.85 0.85 0.04)
(6.9 0.85 0.04)
(6.95 0.85 0.04)
(7 0.85 0.04)
(7.05 0.85 0.04)
(7.1 0.85 0.04)
(7.15 0.85 0.04)
(7.2 0.85 0.04)
(7.25 0.85 0.04)
(7.3 0.85 0.04)
(7.35 0.85 0.04)
(7.4 0.85 0.04)
(7.45 0.85 0.04)
(7.5 0.85 0.04)
(7.55 0.85 0.04)
(7.6 0.85 0.04)
(7.65 0.85 0.04)
(7.7 0.85 0.04)
(7.75 0.85 0.04)
(7.8 0.85 0.04)
(7.85 0.85 0.04)
(7.9 0.85 0.04)
(7.95 0.85 0.04)
(8 0.85 0.04)
(8.05 0.85 0.04)
(8.1 0.85 0.04)
(8.15 0.85 0.04)
(8.2 0.85 0.04)
(8.25 0.85 0.04)
(8.3 0.85 0.04)
(8.35 0.85 0.04)
(8.4 0.85 0.04)
(8.45 0.85 0.04)
(8.5 0.85 0.04)
(8.55 0.85 0.04)
(8.6 0.85 0.04)
(8.65 0.85 0.04)
(8.7 0.85 0.04)
(8.75 0.85 0.04)
(8.8 0.85 0.04)
(8.85 0.85 0.04)
(8.9 0.85 0.04)
(8.95 0.85 0.04)
(9 0.85 0.04)
(9.05 0.85 0.04)
(9.1 0.85 0.04)
(9.15 0.85 0.04)
(9.2 0.85 0.04)
(9.25 0.85 0.04)
(9.3 0.85 0.04)
(9.35 0.85 0.04)
(9.4 0.85 0.04)
(9.45 0.85 0.04)
(9.5 0.85 0.04)
(9.55 0.85 0.04)
(9.6 0.85 0.04)
(9.65 0.85 0.04)
(9.7 0.85 0.04)
(9.75 0.85 0.04)
(9.8 0.85 0.04)
(9.85 0.85 0.04)
(9.9 0.85 0.04)
(9.95 0.85 0.04)
(10 0.85 0.04)
(0 0.9 0.04)
(0.05 0.9 0.04)
(0.1 0.9 0.04)
(0.15 0.9 0.04)
(0.2 0.9 0.04)
(0.25 0.9 0.04)
(0.3 0.9 0.04)
(0.35 0.9 0.04)
(0.4 0.9 0.04)
(0.45 0.9 0.04)
(0.5 0.9 0.04)
(0.55 0.9 0.04)
(0.6 0.9 0.04)
(0.65 0.9 0.04)
(0.7 0.9 0.04)
(0.75 0.9 0.04)
(0.8 0.9 0.04)
(0.85 0.9 0.04)
(0.9 0.9 0.04)
(0.95 0.9 0.04)
(1 0.9 0.04)
(1.05 0.9 0.04)
(1.1 0.9 0.04)
(1.15 0.9 0.04)
(1.2 0.9 0.04)
(1.25 0.9 0.04)
(1.3 0.9 0.04)
(1.35 0.9 0.04)
(1.4 0.9 0.04)
(1.45 0.9 0.04)
(1.5 0.9 0.04)
(1.55 0.9 0.04)
(1.6 0.9 0.04)
(1.65 0.9 0.04)
(1.7 0.9 0.04)
(1.75 0.9 0.04)
(1.8 0.9 0.04)
(1.85 0.9 0.04)
(1.9 0.9 0.04)
(1.95 0.9 0.04)
(2 0.9 0.04)
(2.05 0.9 0.04)
(2.1 0.9 0.04)
(2.15 0.9 0.04)
(2.2 0.9 0.04)
(2.25 0.9 0.04)
(2.3 0.9 0.04)
(2.35 0.9 0.04)
(2.4 0.9 0.04)
(2.45 0.9 0.04)
(2.5 0.9 0.04)
(2.55 0.9 0.04)
(2.6 0.9 0.04)
(2.65 0.9 0.04)
(2.7 0.9 0.04)
(2.75 0.9 0.04)
(2.8 0.9 0.04)
(2.85 0.9 0.04)
(2.9 0.9 0.04)
(2.95 0.9 0.04)
(3 0.9 0.04)
(3.05 0.9 0.04)
(3.1 0.9 0.04)
(3.15 0.9 0.04)
(3.2 0.9 0.04)
(3.25 0.9 0.04)
(3.3 0.9 0.04)
(3.35 0.9 0.04)
(3.4 0.9 0.04)
(3.45 0.9 0.04)
(3.5 0.9 0.04)
(3.55 0.9 0.04)
(3.6 0.9 0.04)
(3.65 0.9 0.04)
(3.7 0.9 0.04)
(3.75 0.9 0.04)
(3.8 0.9 0.04)
(3.85 0.9 0.04)
(3.9 0.9 0.04)
(3.95 0.9 0.04)
(4 0.9 0.04)
(4.05 0.9 0.04)
(4.1 0.9 0.04)
(4.15 0.9 0.04)
(4.2 0.9 0.04)
(4.25 0.9 0.04)
(4.3 0.9 0.04)
(4.35 0.9 0.04)
(4.4 0.9 0.04)
(4.45 0.9 0.04)
(4.5 0.9 0.04)
(4.55 0.9 0.04)
(4.6 0.9 0.04)
(4.65 0.9 0.04)
(4.7 0.9 0.04)
(4.75 0.9 0.04)
(4.8 0.9 0.04)
(4.85 0.9 0.04)
(4.9 0.9 0.04)
(4.95 0.9 0.04)
(5 0.9 0.04)
(5.05 0.9 0.04)
(5.1 0.9 0.04)
(5.15 0.9 0.04)
(5.2 0.9 0.04)
(5.25 0.9 0.04)
(5.3 0.9 0.04)
(5.35 0.9 0.04)
(5.4 0.9 0.04)
(5.45 0.9 0.04)
(5.5 0.9 0.04)
(5.55 0.9 0.04)
(5.6 0.9 0.04)
(5.65 0.9 0.04)
(5.7 0.9 0.04)
(5.75 0.9 0.04)
(5.8 0.9 0.04)
(5.85 0.9 0.04)
(5.9 0.9 0.04)
(5.95 0.9 0.04)
(6 0.9 0.04)
(6.05 0.9 0.04)
(6.1 0.9 0.04)
(6.15 0.9 0.04)
(6.2 0.9 0.04)
(6.25 0.9 0.04)
(6.3 0.9 0.04)
(6.35 0.9 0.04)
(6.4 0.9 0.04)
(6.45 0.9 0.04)
(6.5 0.9 0.04)
(6.55 0.9 0.04)
(6.6 0.9 0.04)
(6.65 0.9 0.04)
(6.7 0.9 0.04)
(6.75 0.9 0.04)
(6.8 0.9 0.04)
(6.85 0.9 0.04)
(6.9 0.9 0.04)
(6.95 0.9 0.04)
(7 0.9 0.04)
(7.05 0.9 0.04)
(7.1 0.9 0.04)
(7.15 0.9 0.04)
(7.2 0.9 0.04)
(7.25 0.9 0.04)
(7.3 0.9 0.04)
(7.35 0.9 0.04)
(7.4 0.9 0.04)
(7.45 0.9 0.04)
(7.5 0.9 0.04)
(7.55 0.9 0.04)
(7.6 0.9 0.04)
(7.65 0.9 0.04)
(7.7 0.9 0.04)
(7.75 0.9 0.04)
(7.8 0.9 0.04)
(7.85 0.9 0.04)
(7.9 0.9 0.04)
(7.95 0.9 0.04)
(8 0.9 0.04)
(8.05 0.9 0.04)
(8.1 0.9 0.04)
(8.15 0.9 0.04)
(8.2 0.9 0.04)
(8.25 0.9 0.04)
(8.3 0.9 0.04)
(8.35 0.9 0.04)
(8.4 0.9 0.04)
(8.45 0.9 0.04)
(8.5 0.9 0.04)
(8.55 0.9 0.04)
(8.6 0.9 0.04)
(8.65 0.9 0.04)
(8.7 0.9 0.04)
(8.75 0.9 0.04)
(8.8 0.9 0.04)
(8.85 0.9 0.04)
(8.9 0.9 0.04)
(8.95 0.9 0.04)
(9 0.9 0.04)
(9.05 0.9 0.04)
(9.1 0.9 0.04)
(9.15 0.9 0.04)
(9.2 0.9 0.04)
(9.25 0.9 0.04)
(9.3 0.9 0.04)
(9.35 0.9 0.04)
(9.4 0.9 0.04)
(9.45 0.9 0.04)
(9.5 0.9 0.04)
(9.55 0.9 0.04)
(9.6 0.9 0.04)
(9.65 0.9 0.04)
(9.7 0.9 0.04)
(9.75 0.9 0.04)
(9.8 0.9 0.04)
(9.85 0.9 0.04)
(9.9 0.9 0.04)
(9.95 0.9 0.04)
(10 0.9 0.04)
(0 0.95 0.04)
(0.05 0.95 0.04)
(0.1 0.95 0.04)
(0.15 0.95 0.04)
(0.2 0.95 0.04)
(0.25 0.95 0.04)
(0.3 0.95 0.04)
(0.35 0.95 0.04)
(0.4 0.95 0.04)
(0.45 0.95 0.04)
(0.5 0.95 0.04)
(0.55 0.95 0.04)
(0.6 0.95 0.04)
(0.65 0.95 0.04)
(0.7 0.95 0.04)
(0.75 0.95 0.04)
(0.8 0.95 0.04)
(0.85 0.95 0.04)
(0.9 0.95 0.04)
(0.95 0.95 0.04)
(1 0.95 0.04)
(1.05 0.95 0.04)
(1.1 0.95 0.04)
(1.15 0.95 0.04)
(1.2 0.95 0.04)
(1.25 0.95 0.04)
(1.3 0.95 0.04)
(1.35 0.95 0.04)
(1.4 0.95 0.04)
(1.45 0.95 0.04)
(1.5 0.95 0.04)
(1.55 0.95 0.04)
(1.6 0.95 0.04)
(1.65 0.95 0.04)
(1.7 0.95 0.04)
(1.75 0.95 0.04)
(1.8 0.95 0.04)
(1.85 0.95 0.04)
(1.9 0.95 0.04)
(1.95 0.95 0.04)
(2 0.95 0.04)
(2.05 0.95 0.04)
(2.1 0.95 0.04)
(2.15 0.95 0.04)
(2.2 0.95 0.04)
(2.25 0.95 0.04)
(2.3 0.95 0.04)
(2.35 0.95 0.04)
(2.4 0.95 0.04)
(2.45 0.95 0.04)
(2.5 0.95 0.04)
(2.55 0.95 0.04)
(2.6 0.95 0.04)
(2.65 0.95 0.04)
(2.7 0.95 0.04)
(2.75 0.95 0.04)
(2.8 0.95 0.04)
(2.85 0.95 0.04)
(2.9 0.95 0.04)
(2.95 0.95 0.04)
(3 0.95 0.04)
(3.05 0.95 0.04)
(3.1 0.95 0.04)
(3.15 0.95 0.04)
(3.2 0.95 0.04)
(3.25 0.95 0.04)
(3.3 0.95 0.04)
(3.35 0.95 0.04)
(3.4 0.95 0.04)
(3.45 0.95 0.04)
(3.5 0.95 0.04)
(3.55 0.95 0.04)
(3.6 0.95 0.04)
(3.65 0.95 0.04)
(3.7 0.95 0.04)
(3.75 0.95 0.04)
(3.8 0.95 0.04)
(3.85 0.95 0.04)
(3.9 0.95 0.04)
(3.95 0.95 0.04)
(4 0.95 0.04)
(4.05 0.95 0.04)
(4.1 0.95 0.04)
(4.15 0.95 0.04)
(4.2 0.95 0.04)
(4.25 0.95 0.04)
(4.3 0.95 0.04)
(4.35 0.95 0.04)
(4.4 0.95 0.04)
(4.45 0.95 0.04)
(4.5 0.95 0.04)
(4.55 0.95 0.04)
(4.6 0.95 0.04)
(4.65 0.95 0.04)
(4.7 0.95 0.04)
(4.75 0.95 0.04)
(4.8 0.95 0.04)
(4.85 0.95 0.04)
(4.9 0.95 0.04)
(4.95 0.95 0.04)
(5 0.95 0.04)
(5.05 0.95 0.04)
(5.1 0.95 0.04)
(5.15 0.95 0.04)
(5.2 0.95 0.04)
(5.25 0.95 0.04)
(5.3 0.95 0.04)
(5.35 0.95 0.04)
(5.4 0.95 0.04)
(5.45 0.95 0.04)
(5.5 0.95 0.04)
(5.55 0.95 0.04)
(5.6 0.95 0.04)
(5.65 0.95 0.04)
(5.7 0.95 0.04)
(5.75 0.95 0.04)
(5.8 0.95 0.04)
(5.85 0.95 0.04)
(5.9 0.95 0.04)
(5.95 0.95 0.04)
(6 0.95 0.04)
(6.05 0.95 0.04)
(6.1 0.95 0.04)
(6.15 0.95 0.04)
(6.2 0.95 0.04)
(6.25 0.95 0.04)
(6.3 0.95 0.04)
(6.35 0.95 0.04)
(6.4 0.95 0.04)
(6.45 0.95 0.04)
(6.5 0.95 0.04)
(6.55 0.95 0.04)
(6.6 0.95 0.04)
(6.65 0.95 0.04)
(6.7 0.95 0.04)
(6.75 0.95 0.04)
(6.8 0.95 0.04)
(6.85 0.95 0.04)
(6.9 0.95 0.04)
(6.95 0.95 0.04)
(7 0.95 0.04)
(7.05 0.95 0.04)
(7.1 0.95 0.04)
(7.15 0.95 0.04)
(7.2 0.95 0.04)
(7.25 0.95 0.04)
(7.3 0.95 0.04)
(7.35 0.95 0.04)
(7.4 0.95 0.04)
(7.45 0.95 0.04)
(7.5 0.95 0.04)
(7.55 0.95 0.04)
(7.6 0.95 0.04)
(7.65 0.95 0.04)
(7.7 0.95 0.04)
(7.75 0.95 0.04)
(7.8 0.95 0.04)
(7.85 0.95 0.04)
(7.9 0.95 0.04)
(7.95 0.95 0.04)
(8 0.95 0.04)
(8.05 0.95 0.04)
(8.1 0.95 0.04)
(8.15 0.95 0.04)
(8.2 0.95 0.04)
(8.25 0.95 0.04)
(8.3 0.95 0.04)
(8.35 0.95 0.04)
(8.4 0.95 0.04)
(8.45 0.95 0.04)
(8.5 0.95 0.04)
(8.55 0.95 0.04)
(8.6 0.95 0.04)
(8.65 0.95 0.04)
(8.7 0.95 0.04)
(8.75 0.95 0.04)
(8.8 0.95 0.04)
(8.85 0.95 0.04)
(8.9 0.95 0.04)
(8.95 0.95 0.04)
(9 0.95 0.04)
(9.05 0.95 0.04)
(9.1 0.95 0.04)
(9.15 0.95 0.04)
(9.2 0.95 0.04)
(9.25 0.95 0.04)
(9.3 0.95 0.04)
(9.35 0.95 0.04)
(9.4 0.95 0.04)
(9.45 0.95 0.04)
(9.5 0.95 0.04)
(9.55 0.95 0.04)
(9.6 0.95 0.04)
(9.65 0.95 0.04)
(9.7 0.95 0.04)
(9.75 0.95 0.04)
(9.8 0.95 0.04)
(9.85 0.95 0.04)
(9.9 0.95 0.04)
(9.95 0.95 0.04)
(10 0.95 0.04)
(0 1 0.04)
(0.05 1 0.04)
(0.1 1 0.04)
(0.15 1 0.04)
(0.2 1 0.04)
(0.25 1 0.04)
(0.3 1 0.04)
(0.35 1 0.04)
(0.4 1 0.04)
(0.45 1 0.04)
(0.5 1 0.04)
(0.55 1 0.04)
(0.6 1 0.04)
(0.65 1 0.04)
(0.7 1 0.04)
(0.75 1 0.04)
(0.8 1 0.04)
(0.85 1 0.04)
(0.9 1 0.04)
(0.95 1 0.04)
(1 1 0.04)
(1.05 1 0.04)
(1.1 1 0.04)
(1.15 1 0.04)
(1.2 1 0.04)
(1.25 1 0.04)
(1.3 1 0.04)
(1.35 1 0.04)
(1.4 1 0.04)
(1.45 1 0.04)
(1.5 1 0.04)
(1.55 1 0.04)
(1.6 1 0.04)
(1.65 1 0.04)
(1.7 1 0.04)
(1.75 1 0.04)
(1.8 1 0.04)
(1.85 1 0.04)
(1.9 1 0.04)
(1.95 1 0.04)
(2 1 0.04)
(2.05 1 0.04)
(2.1 1 0.04)
(2.15 1 0.04)
(2.2 1 0.04)
(2.25 1 0.04)
(2.3 1 0.04)
(2.35 1 0.04)
(2.4 1 0.04)
(2.45 1 0.04)
(2.5 1 0.04)
(2.55 1 0.04)
(2.6 1 0.04)
(2.65 1 0.04)
(2.7 1 0.04)
(2.75 1 0.04)
(2.8 1 0.04)
(2.85 1 0.04)
(2.9 1 0.04)
(2.95 1 0.04)
(3 1 0.04)
(3.05 1 0.04)
(3.1 1 0.04)
(3.15 1 0.04)
(3.2 1 0.04)
(3.25 1 0.04)
(3.3 1 0.04)
(3.35 1 0.04)
(3.4 1 0.04)
(3.45 1 0.04)
(3.5 1 0.04)
(3.55 1 0.04)
(3.6 1 0.04)
(3.65 1 0.04)
(3.7 1 0.04)
(3.75 1 0.04)
(3.8 1 0.04)
(3.85 1 0.04)
(3.9 1 0.04)
(3.95 1 0.04)
(4 1 0.04)
(4.05 1 0.04)
(4.1 1 0.04)
(4.15 1 0.04)
(4.2 1 0.04)
(4.25 1 0.04)
(4.3 1 0.04)
(4.35 1 0.04)
(4.4 1 0.04)
(4.45 1 0.04)
(4.5 1 0.04)
(4.55 1 0.04)
(4.6 1 0.04)
(4.65 1 0.04)
(4.7 1 0.04)
(4.75 1 0.04)
(4.8 1 0.04)
(4.85 1 0.04)
(4.9 1 0.04)
(4.95 1 0.04)
(5 1 0.04)
(5.05 1 0.04)
(5.1 1 0.04)
(5.15 1 0.04)
(5.2 1 0.04)
(5.25 1 0.04)
(5.3 1 0.04)
(5.35 1 0.04)
(5.4 1 0.04)
(5.45 1 0.04)
(5.5 1 0.04)
(5.55 1 0.04)
(5.6 1 0.04)
(5.65 1 0.04)
(5.7 1 0.04)
(5.75 1 0.04)
(5.8 1 0.04)
(5.85 1 0.04)
(5.9 1 0.04)
(5.95 1 0.04)
(6 1 0.04)
(6.05 1 0.04)
(6.1 1 0.04)
(6.15 1 0.04)
(6.2 1 0.04)
(6.25 1 0.04)
(6.3 1 0.04)
(6.35 1 0.04)
(6.4 1 0.04)
(6.45 1 0.04)
(6.5 1 0.04)
(6.55 1 0.04)
(6.6 1 0.04)
(6.65 1 0.04)
(6.7 1 0.04)
(6.75 1 0.04)
(6.8 1 0.04)
(6.85 1 0.04)
(6.9 1 0.04)
(6.95 1 0.04)
(7 1 0.04)
(7.05 1 0.04)
(7.1 1 0.04)
(7.15 1 0.04)
(7.2 1 0.04)
(7.25 1 0.04)
(7.3 1 0.04)
(7.35 1 0.04)
(7.4 1 0.04)
(7.45 1 0.04)
(7.5 1 0.04)
(7.55 1 0.04)
(7.6 1 0.04)
(7.65 1 0.04)
(7.7 1 0.04)
(7.75 1 0.04)
(7.8 1 0.04)
(7.85 1 0.04)
(7.9 1 0.04)
(7.95 1 0.04)
(8 1 0.04)
(8.05 1 0.04)
(8.1 1 0.04)
(8.15 1 0.04)
(8.2 1 0.04)
(8.25 1 0.04)
(8.3 1 0.04)
(8.35 1 0.04)
(8.4 1 0.04)
(8.45 1 0.04)
(8.5 1 0.04)
(8.55 1 0.04)
(8.6 1 0.04)
(8.65 1 0.04)
(8.7 1 0.04)
(8.75 1 0.04)
(8.8 1 0.04)
(8.85 1 0.04)
(8.9 1 0.04)
(8.95 1 0.04)
(9 1 0.04)
(9.05 1 0.04)
(9.1 1 0.04)
(9.15 1 0.04)
(9.2 1 0.04)
(9.25 1 0.04)
(9.3 1 0.04)
(9.35 1 0.04)
(9.4 1 0.04)
(9.45 1 0.04)
(9.5 1 0.04)
(9.55 1 0.04)
(9.6 1 0.04)
(9.65 1 0.04)
(9.7 1 0.04)
(9.75 1 0.04)
(9.8 1 0.04)
(9.85 1 0.04)
(9.9 1 0.04)
(9.95 1 0.04)
(10 1 0.04)
(0 0 0.05)
(0.05 0 0.05)
(0.1 0 0.05)
(0.15 0 0.05)
(0.2 0 0.05)
(0.25 0 0.05)
(0.3 0 0.05)
(0.35 0 0.05)
(0.4 0 0.05)
(0.45 0 0.05)
(0.5 0 0.05)
(0.55 0 0.05)
(0.6 0 0.05)
(0.65 0 0.05)
(0.7 0 0.05)
(0.75 0 0.05)
(0.8 0 0.05)
(0.85 0 0.05)
(0.9 0 0.05)
(0.95 0 0.05)
(1 0 0.05)
(1.05 0 0.05)
(1.1 0 0.05)
(1.15 0 0.05)
(1.2 0 0.05)
(1.25 0 0.05)
(1.3 0 0.05)
(1.35 0 0.05)
(1.4 0 0.05)
(1.45 0 0.05)
(1.5 0 0.05)
(1.55 0 0.05)
(1.6 0 0.05)
(1.65 0 0.05)
(1.7 0 0.05)
(1.75 0 0.05)
(1.8 0 0.05)
(1.85 0 0.05)
(1.9 0 0.05)
(1.95 0 0.05)
(2 0 0.05)
(2.05 0 0.05)
(2.1 0 0.05)
(2.15 0 0.05)
(2.2 0 0.05)
(2.25 0 0.05)
(2.3 0 0.05)
(2.35 0 0.05)
(2.4 0 0.05)
(2.45 0 0.05)
(2.5 0 0.05)
(2.55 0 0.05)
(2.6 0 0.05)
(2.65 0 0.05)
(2.7 0 0.05)
(2.75 0 0.05)
(2.8 0 0.05)
(2.85 0 0.05)
(2.9 0 0.05)
(2.95 0 0.05)
(3 0 0.05)
(3.05 0 0.05)
(3.1 0 0.05)
(3.15 0 0.05)
(3.2 0 0.05)
(3.25 0 0.05)
(3.3 0 0.05)
(3.35 0 0.05)
(3.4 0 0.05)
(3.45 0 0.05)
(3.5 0 0.05)
(3.55 0 0.05)
(3.6 0 0.05)
(3.65 0 0.05)
(3.7 0 0.05)
(3.75 0 0.05)
(3.8 0 0.05)
(3.85 0 0.05)
(3.9 0 0.05)
(3.95 0 0.05)
(4 0 0.05)
(4.05 0 0.05)
(4.1 0 0.05)
(4.15 0 0.05)
(4.2 0 0.05)
(4.25 0 0.05)
(4.3 0 0.05)
(4.35 0 0.05)
(4.4 0 0.05)
(4.45 0 0.05)
(4.5 0 0.05)
(4.55 0 0.05)
(4.6 0 0.05)
(4.65 0 0.05)
(4.7 0 0.05)
(4.75 0 0.05)
(4.8 0 0.05)
(4.85 0 0.05)
(4.9 0 0.05)
(4.95 0 0.05)
(5 0 0.05)
(5.05 0 0.05)
(5.1 0 0.05)
(5.15 0 0.05)
(5.2 0 0.05)
(5.25 0 0.05)
(5.3 0 0.05)
(5.35 0 0.05)
(5.4 0 0.05)
(5.45 0 0.05)
(5.5 0 0.05)
(5.55 0 0.05)
(5.6 0 0.05)
(5.65 0 0.05)
(5.7 0 0.05)
(5.75 0 0.05)
(5.8 0 0.05)
(5.85 0 0.05)
(5.9 0 0.05)
(5.95 0 0.05)
(6 0 0.05)
(6.05 0 0.05)
(6.1 0 0.05)
(6.15 0 0.05)
(6.2 0 0.05)
(6.25 0 0.05)
(6.3 0 0.05)
(6.35 0 0.05)
(6.4 0 0.05)
(6.45 0 0.05)
(6.5 0 0.05)
(6.55 0 0.05)
(6.6 0 0.05)
(6.65 0 0.05)
(6.7 0 0.05)
(6.75 0 0.05)
(6.8 0 0.05)
(6.85 0 0.05)
(6.9 0 0.05)
(6.95 0 0.05)
(7 0 0.05)
(7.05 0 0.05)
(7.1 0 0.05)
(7.15 0 0.05)
(7.2 0 0.05)
(7.25 0 0.05)
(7.3 0 0.05)
(7.35 0 0.05)
(7.4 0 0.05)
(7.45 0 0.05)
(7.5 0 0.05)
(7.55 0 0.05)
(7.6 0 0.05)
(7.65 0 0.05)
(7.7 0 0.05)
(7.75 0 0.05)
(7.8 0 0.05)
(7.85 0 0.05)
(7.9 0 0.05)
(7.95 0 0.05)
(8 0 0.05)
(8.05 0 0.05)
(8.1 0 0.05)
(8.15 0 0.05)
(8.2 0 0.05)
(8.25 0 0.05)
(8.3 0 0.05)
(8.35 0 0.05)
(8.4 0 0.05)
(8.45 0 0.05)
(8.5 0 0.05)
(8.55 0 0.05)
(8.6 0 0.05)
(8.65 0 0.05)
(8.7 0 0.05)
(8.75 0 0.05)
(8.8 0 0.05)
(8.85 0 0.05)
(8.9 0 0.05)
(8.95 0 0.05)
(9 0 0.05)
(9.05 0 0.05)
(9.1 0 0.05)
(9.15 0 0.05)
(9.2 0 0.05)
(9.25 0 0.05)
(9.3 0 0.05)
(9.35 0 0.05)
(9.4 0 0.05)
(9.45 0 0.05)
(9.5 0 0.05)
(9.55 0 0.05)
(9.6 0 0.05)
(9.65 0 0.05)
(9.7 0 0.05)
(9.75 0 0.05)
(9.8 0 0.05)
(9.85 0 0.05)
(9.9 0 0.05)
(9.95 0 0.05)
(10 0 0.05)
(0 0.05 0.05)
(0.05 0.05 0.05)
(0.1 0.05 0.05)
(0.15 0.05 0.05)
(0.2 0.05 0.05)
(0.25 0.05 0.05)
(0.3 0.05 0.05)
(0.35 0.05 0.05)
(0.4 0.05 0.05)
(0.45 0.05 0.05)
(0.5 0.05 0.05)
(0.55 0.05 0.05)
(0.6 0.05 0.05)
(0.65 0.05 0.05)
(0.7 0.05 0.05)
(0.75 0.05 0.05)
(0.8 0.05 0.05)
(0.85 0.05 0.05)
(0.9 0.05 0.05)
(0.95 0.05 0.05)
(1 0.05 0.05)
(1.05 0.05 0.05)
(1.1 0.05 0.05)
(1.15 0.05 0.05)
(1.2 0.05 0.05)
(1.25 0.05 0.05)
(1.3 0.05 0.05)
(1.35 0.05 0.05)
(1.4 0.05 0.05)
(1.45 0.05 0.05)
(1.5 0.05 0.05)
(1.55 0.05 0.05)
(1.6 0.05 0.05)
(1.65 0.05 0.05)
(1.7 0.05 0.05)
(1.75 0.05 0.05)
(1.8 0.05 0.05)
(1.85 0.05 0.05)
(1.9 0.05 0.05)
(1.95 0.05 0.05)
(2 0.05 0.05)
(2.05 0.05 0.05)
(2.1 0.05 0.05)
(2.15 0.05 0.05)
(2.2 0.05 0.05)
(2.25 0.05 0.05)
(2.3 0.05 0.05)
(2.35 0.05 0.05)
(2.4 0.05 0.05)
(2.45 0.05 0.05)
(2.5 0.05 0.05)
(2.55 0.05 0.05)
(2.6 0.05 0.05)
(2.65 0.05 0.05)
(2.7 0.05 0.05)
(2.75 0.05 0.05)
(2.8 0.05 0.05)
(2.85 0.05 0.05)
(2.9 0.05 0.05)
(2.95 0.05 0.05)
(3 0.05 0.05)
(3.05 0.05 0.05)
(3.1 0.05 0.05)
(3.15 0.05 0.05)
(3.2 0.05 0.05)
(3.25 0.05 0.05)
(3.3 0.05 0.05)
(3.35 0.05 0.05)
(3.4 0.05 0.05)
(3.45 0.05 0.05)
(3.5 0.05 0.05)
(3.55 0.05 0.05)
(3.6 0.05 0.05)
(3.65 0.05 0.05)
(3.7 0.05 0.05)
(3.75 0.05 0.05)
(3.8 0.05 0.05)
(3.85 0.05 0.05)
(3.9 0.05 0.05)
(3.95 0.05 0.05)
(4 0.05 0.05)
(4.05 0.05 0.05)
(4.1 0.05 0.05)
(4.15 0.05 0.05)
(4.2 0.05 0.05)
(4.25 0.05 0.05)
(4.3 0.05 0.05)
(4.35 0.05 0.05)
(4.4 0.05 0.05)
(4.45 0.05 0.05)
(4.5 0.05 0.05)
(4.55 0.05 0.05)
(4.6 0.05 0.05)
(4.65 0.05 0.05)
(4.7 0.05 0.05)
(4.75 0.05 0.05)
(4.8 0.05 0.05)
(4.85 0.05 0.05)
(4.9 0.05 0.05)
(4.95 0.05 0.05)
(5 0.05 0.05)
(5.05 0.05 0.05)
(5.1 0.05 0.05)
(5.15 0.05 0.05)
(5.2 0.05 0.05)
(5.25 0.05 0.05)
(5.3 0.05 0.05)
(5.35 0.05 0.05)
(5.4 0.05 0.05)
(5.45 0.05 0.05)
(5.5 0.05 0.05)
(5.55 0.05 0.05)
(5.6 0.05 0.05)
(5.65 0.05 0.05)
(5.7 0.05 0.05)
(5.75 0.05 0.05)
(5.8 0.05 0.05)
(5.85 0.05 0.05)
(5.9 0.05 0.05)
(5.95 0.05 0.05)
(6 0.05 0.05)
(6.05 0.05 0.05)
(6.1 0.05 0.05)
(6.15 0.05 0.05)
(6.2 0.05 0.05)
(6.25 0.05 0.05)
(6.3 0.05 0.05)
(6.35 0.05 0.05)
(6.4 0.05 0.05)
(6.45 0.05 0.05)
(6.5 0.05 0.05)
(6.55 0.05 0.05)
(6.6 0.05 0.05)
(6.65 0.05 0.05)
(6.7 0.05 0.05)
(6.75 0.05 0.05)
(6.8 0.05 0.05)
(6.85 0.05 0.05)
(6.9 0.05 0.05)
(6.95 0.05 0.05)
(7 0.05 0.05)
(7.05 0.05 0.05)
(7.1 0.05 0.05)
(7.15 0.05 0.05)
(7.2 0.05 0.05)
(7.25 0.05 0.05)
(7.3 0.05 0.05)
(7.35 0.05 0.05)
(7.4 0.05 0.05)
(7.45 0.05 0.05)
(7.5 0.05 0.05)
(7.55 0.05 0.05)
(7.6 0.05 0.05)
(7.65 0.05 0.05)
(7.7 0.05 0.05)
(7.75 0.05 0.05)
(7.8 0.05 0.05)
(7.85 0.05 0.05)
(7.9 0.05 0.05)
(7.95 0.05 0.05)
(8 0.05 0.05)
(8.05 0.05 0.05)
(8.1 0.05 0.05)
(8.15 0.05 0.05)
(8.2 0.05 0.05)
(8.25 0.05 0.05)
(8.3 0.05 0.05)
(8.35 0.05 0.05)
(8.4 0.05 0.05)
(8.45 0.05 0.05)
(8.5 0.05 0.05)
(8.55 0.05 0.05)
(8.6 0.05 0.05)
(8.65 0.05 0.05)
(8.7 0.05 0.05)
(8.75 0.05 0.05)
(8.8 0.05 0.05)
(8.85 0.05 0.05)
(8.9 0.05 0.05)
(8.95 0.05 0.05)
(9 0.05 0.05)
(9.05 0.05 0.05)
(9.1 0.05 0.05)
(9.15 0.05 0.05)
(9.2 0.05 0.05)
(9.25 0.05 0.05)
(9.3 0.05 0.05)
(9.35 0.05 0.05)
(9.4 0.05 0.05)
(9.45 0.05 0.05)
(9.5 0.05 0.05)
(9.55 0.05 0.05)
(9.6 0.05 0.05)
(9.65 0.05 0.05)
(9.7 0.05 0.05)
(9.75 0.05 0.05)
(9.8 0.05 0.05)
(9.85 0.05 0.05)
(9.9 0.05 0.05)
(9.95 0.05 0.05)
(10 0.05 0.05)
(0 0.1 0.05)
(0.05 0.1 0.05)
(0.1 0.1 0.05)
(0.15 0.1 0.05)
(0.2 0.1 0.05)
(0.25 0.1 0.05)
(0.3 0.1 0.05)
(0.35 0.1 0.05)
(0.4 0.1 0.05)
(0.45 0.1 0.05)
(0.5 0.1 0.05)
(0.55 0.1 0.05)
(0.6 0.1 0.05)
(0.65 0.1 0.05)
(0.7 0.1 0.05)
(0.75 0.1 0.05)
(0.8 0.1 0.05)
(0.85 0.1 0.05)
(0.9 0.1 0.05)
(0.95 0.1 0.05)
(1 0.1 0.05)
(1.05 0.1 0.05)
(1.1 0.1 0.05)
(1.15 0.1 0.05)
(1.2 0.1 0.05)
(1.25 0.1 0.05)
(1.3 0.1 0.05)
(1.35 0.1 0.05)
(1.4 0.1 0.05)
(1.45 0.1 0.05)
(1.5 0.1 0.05)
(1.55 0.1 0.05)
(1.6 0.1 0.05)
(1.65 0.1 0.05)
(1.7 0.1 0.05)
(1.75 0.1 0.05)
(1.8 0.1 0.05)
(1.85 0.1 0.05)
(1.9 0.1 0.05)
(1.95 0.1 0.05)
(2 0.1 0.05)
(2.05 0.1 0.05)
(2.1 0.1 0.05)
(2.15 0.1 0.05)
(2.2 0.1 0.05)
(2.25 0.1 0.05)
(2.3 0.1 0.05)
(2.35 0.1 0.05)
(2.4 0.1 0.05)
(2.45 0.1 0.05)
(2.5 0.1 0.05)
(2.55 0.1 0.05)
(2.6 0.1 0.05)
(2.65 0.1 0.05)
(2.7 0.1 0.05)
(2.75 0.1 0.05)
(2.8 0.1 0.05)
(2.85 0.1 0.05)
(2.9 0.1 0.05)
(2.95 0.1 0.05)
(3 0.1 0.05)
(3.05 0.1 0.05)
(3.1 0.1 0.05)
(3.15 0.1 0.05)
(3.2 0.1 0.05)
(3.25 0.1 0.05)
(3.3 0.1 0.05)
(3.35 0.1 0.05)
(3.4 0.1 0.05)
(3.45 0.1 0.05)
(3.5 0.1 0.05)
(3.55 0.1 0.05)
(3.6 0.1 0.05)
(3.65 0.1 0.05)
(3.7 0.1 0.05)
(3.75 0.1 0.05)
(3.8 0.1 0.05)
(3.85 0.1 0.05)
(3.9 0.1 0.05)
(3.95 0.1 0.05)
(4 0.1 0.05)
(4.05 0.1 0.05)
(4.1 0.1 0.05)
(4.15 0.1 0.05)
(4.2 0.1 0.05)
(4.25 0.1 0.05)
(4.3 0.1 0.05)
(4.35 0.1 0.05)
(4.4 0.1 0.05)
(4.45 0.1 0.05)
(4.5 0.1 0.05)
(4.55 0.1 0.05)
(4.6 0.1 0.05)
(4.65 0.1 0.05)
(4.7 0.1 0.05)
(4.75 0.1 0.05)
(4.8 0.1 0.05)
(4.85 0.1 0.05)
(4.9 0.1 0.05)
(4.95 0.1 0.05)
(5 0.1 0.05)
(5.05 0.1 0.05)
(5.1 0.1 0.05)
(5.15 0.1 0.05)
(5.2 0.1 0.05)
(5.25 0.1 0.05)
(5.3 0.1 0.05)
(5.35 0.1 0.05)
(5.4 0.1 0.05)
(5.45 0.1 0.05)
(5.5 0.1 0.05)
(5.55 0.1 0.05)
(5.6 0.1 0.05)
(5.65 0.1 0.05)
(5.7 0.1 0.05)
(5.75 0.1 0.05)
(5.8 0.1 0.05)
(5.85 0.1 0.05)
(5.9 0.1 0.05)
(5.95 0.1 0.05)
(6 0.1 0.05)
(6.05 0.1 0.05)
(6.1 0.1 0.05)
(6.15 0.1 0.05)
(6.2 0.1 0.05)
(6.25 0.1 0.05)
(6.3 0.1 0.05)
(6.35 0.1 0.05)
(6.4 0.1 0.05)
(6.45 0.1 0.05)
(6.5 0.1 0.05)
(6.55 0.1 0.05)
(6.6 0.1 0.05)
(6.65 0.1 0.05)
(6.7 0.1 0.05)
(6.75 0.1 0.05)
(6.8 0.1 0.05)
(6.85 0.1 0.05)
(6.9 0.1 0.05)
(6.95 0.1 0.05)
(7 0.1 0.05)
(7.05 0.1 0.05)
(7.1 0.1 0.05)
(7.15 0.1 0.05)
(7.2 0.1 0.05)
(7.25 0.1 0.05)
(7.3 0.1 0.05)
(7.35 0.1 0.05)
(7.4 0.1 0.05)
(7.45 0.1 0.05)
(7.5 0.1 0.05)
(7.55 0.1 0.05)
(7.6 0.1 0.05)
(7.65 0.1 0.05)
(7.7 0.1 0.05)
(7.75 0.1 0.05)
(7.8 0.1 0.05)
(7.85 0.1 0.05)
(7.9 0.1 0.05)
(7.95 0.1 0.05)
(8 0.1 0.05)
(8.05 0.1 0.05)
(8.1 0.1 0.05)
(8.15 0.1 0.05)
(8.2 0.1 0.05)
(8.25 0.1 0.05)
(8.3 0.1 0.05)
(8.35 0.1 0.05)
(8.4 0.1 0.05)
(8.45 0.1 0.05)
(8.5 0.1 0.05)
(8.55 0.1 0.05)
(8.6 0.1 0.05)
(8.65 0.1 0.05)
(8.7 0.1 0.05)
(8.75 0.1 0.05)
(8.8 0.1 0.05)
(8.85 0.1 0.05)
(8.9 0.1 0.05)
(8.95 0.1 0.05)
(9 0.1 0.05)
(9.05 0.1 0.05)
(9.1 0.1 0.05)
(9.15 0.1 0.05)
(9.2 0.1 0.05)
(9.25 0.1 0.05)
(9.3 0.1 0.05)
(9.35 0.1 0.05)
(9.4 0.1 0.05)
(9.45 0.1 0.05)
(9.5 0.1 0.05)
(9.55 0.1 0.05)
(9.6 0.1 0.05)
(9.65 0.1 0.05)
(9.7 0.1 0.05)
(9.75 0.1 0.05)
(9.8 0.1 0.05)
(9.85 0.1 0.05)
(9.9 0.1 0.05)
(9.95 0.1 0.05)
(10 0.1 0.05)
(0 0.15 0.05)
(0.05 0.15 0.05)
(0.1 0.15 0.05)
(0.15 0.15 0.05)
(0.2 0.15 0.05)
(0.25 0.15 0.05)
(0.3 0.15 0.05)
(0.35 0.15 0.05)
(0.4 0.15 0.05)
(0.45 0.15 0.05)
(0.5 0.15 0.05)
(0.55 0.15 0.05)
(0.6 0.15 0.05)
(0.65 0.15 0.05)
(0.7 0.15 0.05)
(0.75 0.15 0.05)
(0.8 0.15 0.05)
(0.85 0.15 0.05)
(0.9 0.15 0.05)
(0.95 0.15 0.05)
(1 0.15 0.05)
(1.05 0.15 0.05)
(1.1 0.15 0.05)
(1.15 0.15 0.05)
(1.2 0.15 0.05)
(1.25 0.15 0.05)
(1.3 0.15 0.05)
(1.35 0.15 0.05)
(1.4 0.15 0.05)
(1.45 0.15 0.05)
(1.5 0.15 0.05)
(1.55 0.15 0.05)
(1.6 0.15 0.05)
(1.65 0.15 0.05)
(1.7 0.15 0.05)
(1.75 0.15 0.05)
(1.8 0.15 0.05)
(1.85 0.15 0.05)
(1.9 0.15 0.05)
(1.95 0.15 0.05)
(2 0.15 0.05)
(2.05 0.15 0.05)
(2.1 0.15 0.05)
(2.15 0.15 0.05)
(2.2 0.15 0.05)
(2.25 0.15 0.05)
(2.3 0.15 0.05)
(2.35 0.15 0.05)
(2.4 0.15 0.05)
(2.45 0.15 0.05)
(2.5 0.15 0.05)
(2.55 0.15 0.05)
(2.6 0.15 0.05)
(2.65 0.15 0.05)
(2.7 0.15 0.05)
(2.75 0.15 0.05)
(2.8 0.15 0.05)
(2.85 0.15 0.05)
(2.9 0.15 0.05)
(2.95 0.15 0.05)
(3 0.15 0.05)
(3.05 0.15 0.05)
(3.1 0.15 0.05)
(3.15 0.15 0.05)
(3.2 0.15 0.05)
(3.25 0.15 0.05)
(3.3 0.15 0.05)
(3.35 0.15 0.05)
(3.4 0.15 0.05)
(3.45 0.15 0.05)
(3.5 0.15 0.05)
(3.55 0.15 0.05)
(3.6 0.15 0.05)
(3.65 0.15 0.05)
(3.7 0.15 0.05)
(3.75 0.15 0.05)
(3.8 0.15 0.05)
(3.85 0.15 0.05)
(3.9 0.15 0.05)
(3.95 0.15 0.05)
(4 0.15 0.05)
(4.05 0.15 0.05)
(4.1 0.15 0.05)
(4.15 0.15 0.05)
(4.2 0.15 0.05)
(4.25 0.15 0.05)
(4.3 0.15 0.05)
(4.35 0.15 0.05)
(4.4 0.15 0.05)
(4.45 0.15 0.05)
(4.5 0.15 0.05)
(4.55 0.15 0.05)
(4.6 0.15 0.05)
(4.65 0.15 0.05)
(4.7 0.15 0.05)
(4.75 0.15 0.05)
(4.8 0.15 0.05)
(4.85 0.15 0.05)
(4.9 0.15 0.05)
(4.95 0.15 0.05)
(5 0.15 0.05)
(5.05 0.15 0.05)
(5.1 0.15 0.05)
(5.15 0.15 0.05)
(5.2 0.15 0.05)
(5.25 0.15 0.05)
(5.3 0.15 0.05)
(5.35 0.15 0.05)
(5.4 0.15 0.05)
(5.45 0.15 0.05)
(5.5 0.15 0.05)
(5.55 0.15 0.05)
(5.6 0.15 0.05)
(5.65 0.15 0.05)
(5.7 0.15 0.05)
(5.75 0.15 0.05)
(5.8 0.15 0.05)
(5.85 0.15 0.05)
(5.9 0.15 0.05)
(5.95 0.15 0.05)
(6 0.15 0.05)
(6.05 0.15 0.05)
(6.1 0.15 0.05)
(6.15 0.15 0.05)
(6.2 0.15 0.05)
(6.25 0.15 0.05)
(6.3 0.15 0.05)
(6.35 0.15 0.05)
(6.4 0.15 0.05)
(6.45 0.15 0.05)
(6.5 0.15 0.05)
(6.55 0.15 0.05)
(6.6 0.15 0.05)
(6.65 0.15 0.05)
(6.7 0.15 0.05)
(6.75 0.15 0.05)
(6.8 0.15 0.05)
(6.85 0.15 0.05)
(6.9 0.15 0.05)
(6.95 0.15 0.05)
(7 0.15 0.05)
(7.05 0.15 0.05)
(7.1 0.15 0.05)
(7.15 0.15 0.05)
(7.2 0.15 0.05)
(7.25 0.15 0.05)
(7.3 0.15 0.05)
(7.35 0.15 0.05)
(7.4 0.15 0.05)
(7.45 0.15 0.05)
(7.5 0.15 0.05)
(7.55 0.15 0.05)
(7.6 0.15 0.05)
(7.65 0.15 0.05)
(7.7 0.15 0.05)
(7.75 0.15 0.05)
(7.8 0.15 0.05)
(7.85 0.15 0.05)
(7.9 0.15 0.05)
(7.95 0.15 0.05)
(8 0.15 0.05)
(8.05 0.15 0.05)
(8.1 0.15 0.05)
(8.15 0.15 0.05)
(8.2 0.15 0.05)
(8.25 0.15 0.05)
(8.3 0.15 0.05)
(8.35 0.15 0.05)
(8.4 0.15 0.05)
(8.45 0.15 0.05)
(8.5 0.15 0.05)
(8.55 0.15 0.05)
(8.6 0.15 0.05)
(8.65 0.15 0.05)
(8.7 0.15 0.05)
(8.75 0.15 0.05)
(8.8 0.15 0.05)
(8.85 0.15 0.05)
(8.9 0.15 0.05)
(8.95 0.15 0.05)
(9 0.15 0.05)
(9.05 0.15 0.05)
(9.1 0.15 0.05)
(9.15 0.15 0.05)
(9.2 0.15 0.05)
(9.25 0.15 0.05)
(9.3 0.15 0.05)
(9.35 0.15 0.05)
(9.4 0.15 0.05)
(9.45 0.15 0.05)
(9.5 0.15 0.05)
(9.55 0.15 0.05)
(9.6 0.15 0.05)
(9.65 0.15 0.05)
(9.7 0.15 0.05)
(9.75 0.15 0.05)
(9.8 0.15 0.05)
(9.85 0.15 0.05)
(9.9 0.15 0.05)
(9.95 0.15 0.05)
(10 0.15 0.05)
(0 0.2 0.05)
(0.05 0.2 0.05)
(0.1 0.2 0.05)
(0.15 0.2 0.05)
(0.2 0.2 0.05)
(0.25 0.2 0.05)
(0.3 0.2 0.05)
(0.35 0.2 0.05)
(0.4 0.2 0.05)
(0.45 0.2 0.05)
(0.5 0.2 0.05)
(0.55 0.2 0.05)
(0.6 0.2 0.05)
(0.65 0.2 0.05)
(0.7 0.2 0.05)
(0.75 0.2 0.05)
(0.8 0.2 0.05)
(0.85 0.2 0.05)
(0.9 0.2 0.05)
(0.95 0.2 0.05)
(1 0.2 0.05)
(1.05 0.2 0.05)
(1.1 0.2 0.05)
(1.15 0.2 0.05)
(1.2 0.2 0.05)
(1.25 0.2 0.05)
(1.3 0.2 0.05)
(1.35 0.2 0.05)
(1.4 0.2 0.05)
(1.45 0.2 0.05)
(1.5 0.2 0.05)
(1.55 0.2 0.05)
(1.6 0.2 0.05)
(1.65 0.2 0.05)
(1.7 0.2 0.05)
(1.75 0.2 0.05)
(1.8 0.2 0.05)
(1.85 0.2 0.05)
(1.9 0.2 0.05)
(1.95 0.2 0.05)
(2 0.2 0.05)
(2.05 0.2 0.05)
(2.1 0.2 0.05)
(2.15 0.2 0.05)
(2.2 0.2 0.05)
(2.25 0.2 0.05)
(2.3 0.2 0.05)
(2.35 0.2 0.05)
(2.4 0.2 0.05)
(2.45 0.2 0.05)
(2.5 0.2 0.05)
(2.55 0.2 0.05)
(2.6 0.2 0.05)
(2.65 0.2 0.05)
(2.7 0.2 0.05)
(2.75 0.2 0.05)
(2.8 0.2 0.05)
(2.85 0.2 0.05)
(2.9 0.2 0.05)
(2.95 0.2 0.05)
(3 0.2 0.05)
(3.05 0.2 0.05)
(3.1 0.2 0.05)
(3.15 0.2 0.05)
(3.2 0.2 0.05)
(3.25 0.2 0.05)
(3.3 0.2 0.05)
(3.35 0.2 0.05)
(3.4 0.2 0.05)
(3.45 0.2 0.05)
(3.5 0.2 0.05)
(3.55 0.2 0.05)
(3.6 0.2 0.05)
(3.65 0.2 0.05)
(3.7 0.2 0.05)
(3.75 0.2 0.05)
(3.8 0.2 0.05)
(3.85 0.2 0.05)
(3.9 0.2 0.05)
(3.95 0.2 0.05)
(4 0.2 0.05)
(4.05 0.2 0.05)
(4.1 0.2 0.05)
(4.15 0.2 0.05)
(4.2 0.2 0.05)
(4.25 0.2 0.05)
(4.3 0.2 0.05)
(4.35 0.2 0.05)
(4.4 0.2 0.05)
(4.45 0.2 0.05)
(4.5 0.2 0.05)
(4.55 0.2 0.05)
(4.6 0.2 0.05)
(4.65 0.2 0.05)
(4.7 0.2 0.05)
(4.75 0.2 0.05)
(4.8 0.2 0.05)
(4.85 0.2 0.05)
(4.9 0.2 0.05)
(4.95 0.2 0.05)
(5 0.2 0.05)
(5.05 0.2 0.05)
(5.1 0.2 0.05)
(5.15 0.2 0.05)
(5.2 0.2 0.05)
(5.25 0.2 0.05)
(5.3 0.2 0.05)
(5.35 0.2 0.05)
(5.4 0.2 0.05)
(5.45 0.2 0.05)
(5.5 0.2 0.05)
(5.55 0.2 0.05)
(5.6 0.2 0.05)
(5.65 0.2 0.05)
(5.7 0.2 0.05)
(5.75 0.2 0.05)
(5.8 0.2 0.05)
(5.85 0.2 0.05)
(5.9 0.2 0.05)
(5.95 0.2 0.05)
(6 0.2 0.05)
(6.05 0.2 0.05)
(6.1 0.2 0.05)
(6.15 0.2 0.05)
(6.2 0.2 0.05)
(6.25 0.2 0.05)
(6.3 0.2 0.05)
(6.35 0.2 0.05)
(6.4 0.2 0.05)
(6.45 0.2 0.05)
(6.5 0.2 0.05)
(6.55 0.2 0.05)
(6.6 0.2 0.05)
(6.65 0.2 0.05)
(6.7 0.2 0.05)
(6.75 0.2 0.05)
(6.8 0.2 0.05)
(6.85 0.2 0.05)
(6.9 0.2 0.05)
(6.95 0.2 0.05)
(7 0.2 0.05)
(7.05 0.2 0.05)
(7.1 0.2 0.05)
(7.15 0.2 0.05)
(7.2 0.2 0.05)
(7.25 0.2 0.05)
(7.3 0.2 0.05)
(7.35 0.2 0.05)
(7.4 0.2 0.05)
(7.45 0.2 0.05)
(7.5 0.2 0.05)
(7.55 0.2 0.05)
(7.6 0.2 0.05)
(7.65 0.2 0.05)
(7.7 0.2 0.05)
(7.75 0.2 0.05)
(7.8 0.2 0.05)
(7.85 0.2 0.05)
(7.9 0.2 0.05)
(7.95 0.2 0.05)
(8 0.2 0.05)
(8.05 0.2 0.05)
(8.1 0.2 0.05)
(8.15 0.2 0.05)
(8.2 0.2 0.05)
(8.25 0.2 0.05)
(8.3 0.2 0.05)
(8.35 0.2 0.05)
(8.4 0.2 0.05)
(8.45 0.2 0.05)
(8.5 0.2 0.05)
(8.55 0.2 0.05)
(8.6 0.2 0.05)
(8.65 0.2 0.05)
(8.7 0.2 0.05)
(8.75 0.2 0.05)
(8.8 0.2 0.05)
(8.85 0.2 0.05)
(8.9 0.2 0.05)
(8.95 0.2 0.05)
(9 0.2 0.05)
(9.05 0.2 0.05)
(9.1 0.2 0.05)
(9.15 0.2 0.05)
(9.2 0.2 0.05)
(9.25 0.2 0.05)
(9.3 0.2 0.05)
(9.35 0.2 0.05)
(9.4 0.2 0.05)
(9.45 0.2 0.05)
(9.5 0.2 0.05)
(9.55 0.2 0.05)
(9.6 0.2 0.05)
(9.65 0.2 0.05)
(9.7 0.2 0.05)
(9.75 0.2 0.05)
(9.8 0.2 0.05)
(9.85 0.2 0.05)
(9.9 0.2 0.05)
(9.95 0.2 0.05)
(10 0.2 0.05)
(0 0.25 0.05)
(0.05 0.25 0.05)
(0.1 0.25 0.05)
(0.15 0.25 0.05)
(0.2 0.25 0.05)
(0.25 0.25 0.05)
(0.3 0.25 0.05)
(0.35 0.25 0.05)
(0.4 0.25 0.05)
(0.45 0.25 0.05)
(0.5 0.25 0.05)
(0.55 0.25 0.05)
(0.6 0.25 0.05)
(0.65 0.25 0.05)
(0.7 0.25 0.05)
(0.75 0.25 0.05)
(0.8 0.25 0.05)
(0.85 0.25 0.05)
(0.9 0.25 0.05)
(0.95 0.25 0.05)
(1 0.25 0.05)
(1.05 0.25 0.05)
(1.1 0.25 0.05)
(1.15 0.25 0.05)
(1.2 0.25 0.05)
(1.25 0.25 0.05)
(1.3 0.25 0.05)
(1.35 0.25 0.05)
(1.4 0.25 0.05)
(1.45 0.25 0.05)
(1.5 0.25 0.05)
(1.55 0.25 0.05)
(1.6 0.25 0.05)
(1.65 0.25 0.05)
(1.7 0.25 0.05)
(1.75 0.25 0.05)
(1.8 0.25 0.05)
(1.85 0.25 0.05)
(1.9 0.25 0.05)
(1.95 0.25 0.05)
(2 0.25 0.05)
(2.05 0.25 0.05)
(2.1 0.25 0.05)
(2.15 0.25 0.05)
(2.2 0.25 0.05)
(2.25 0.25 0.05)
(2.3 0.25 0.05)
(2.35 0.25 0.05)
(2.4 0.25 0.05)
(2.45 0.25 0.05)
(2.5 0.25 0.05)
(2.55 0.25 0.05)
(2.6 0.25 0.05)
(2.65 0.25 0.05)
(2.7 0.25 0.05)
(2.75 0.25 0.05)
(2.8 0.25 0.05)
(2.85 0.25 0.05)
(2.9 0.25 0.05)
(2.95 0.25 0.05)
(3 0.25 0.05)
(3.05 0.25 0.05)
(3.1 0.25 0.05)
(3.15 0.25 0.05)
(3.2 0.25 0.05)
(3.25 0.25 0.05)
(3.3 0.25 0.05)
(3.35 0.25 0.05)
(3.4 0.25 0.05)
(3.45 0.25 0.05)
(3.5 0.25 0.05)
(3.55 0.25 0.05)
(3.6 0.25 0.05)
(3.65 0.25 0.05)
(3.7 0.25 0.05)
(3.75 0.25 0.05)
(3.8 0.25 0.05)
(3.85 0.25 0.05)
(3.9 0.25 0.05)
(3.95 0.25 0.05)
(4 0.25 0.05)
(4.05 0.25 0.05)
(4.1 0.25 0.05)
(4.15 0.25 0.05)
(4.2 0.25 0.05)
(4.25 0.25 0.05)
(4.3 0.25 0.05)
(4.35 0.25 0.05)
(4.4 0.25 0.05)
(4.45 0.25 0.05)
(4.5 0.25 0.05)
(4.55 0.25 0.05)
(4.6 0.25 0.05)
(4.65 0.25 0.05)
(4.7 0.25 0.05)
(4.75 0.25 0.05)
(4.8 0.25 0.05)
(4.85 0.25 0.05)
(4.9 0.25 0.05)
(4.95 0.25 0.05)
(5 0.25 0.05)
(5.05 0.25 0.05)
(5.1 0.25 0.05)
(5.15 0.25 0.05)
(5.2 0.25 0.05)
(5.25 0.25 0.05)
(5.3 0.25 0.05)
(5.35 0.25 0.05)
(5.4 0.25 0.05)
(5.45 0.25 0.05)
(5.5 0.25 0.05)
(5.55 0.25 0.05)
(5.6 0.25 0.05)
(5.65 0.25 0.05)
(5.7 0.25 0.05)
(5.75 0.25 0.05)
(5.8 0.25 0.05)
(5.85 0.25 0.05)
(5.9 0.25 0.05)
(5.95 0.25 0.05)
(6 0.25 0.05)
(6.05 0.25 0.05)
(6.1 0.25 0.05)
(6.15 0.25 0.05)
(6.2 0.25 0.05)
(6.25 0.25 0.05)
(6.3 0.25 0.05)
(6.35 0.25 0.05)
(6.4 0.25 0.05)
(6.45 0.25 0.05)
(6.5 0.25 0.05)
(6.55 0.25 0.05)
(6.6 0.25 0.05)
(6.65 0.25 0.05)
(6.7 0.25 0.05)
(6.75 0.25 0.05)
(6.8 0.25 0.05)
(6.85 0.25 0.05)
(6.9 0.25 0.05)
(6.95 0.25 0.05)
(7 0.25 0.05)
(7.05 0.25 0.05)
(7.1 0.25 0.05)
(7.15 0.25 0.05)
(7.2 0.25 0.05)
(7.25 0.25 0.05)
(7.3 0.25 0.05)
(7.35 0.25 0.05)
(7.4 0.25 0.05)
(7.45 0.25 0.05)
(7.5 0.25 0.05)
(7.55 0.25 0.05)
(7.6 0.25 0.05)
(7.65 0.25 0.05)
(7.7 0.25 0.05)
(7.75 0.25 0.05)
(7.8 0.25 0.05)
(7.85 0.25 0.05)
(7.9 0.25 0.05)
(7.95 0.25 0.05)
(8 0.25 0.05)
(8.05 0.25 0.05)
(8.1 0.25 0.05)
(8.15 0.25 0.05)
(8.2 0.25 0.05)
(8.25 0.25 0.05)
(8.3 0.25 0.05)
(8.35 0.25 0.05)
(8.4 0.25 0.05)
(8.45 0.25 0.05)
(8.5 0.25 0.05)
(8.55 0.25 0.05)
(8.6 0.25 0.05)
(8.65 0.25 0.05)
(8.7 0.25 0.05)
(8.75 0.25 0.05)
(8.8 0.25 0.05)
(8.85 0.25 0.05)
(8.9 0.25 0.05)
(8.95 0.25 0.05)
(9 0.25 0.05)
(9.05 0.25 0.05)
(9.1 0.25 0.05)
(9.15 0.25 0.05)
(9.2 0.25 0.05)
(9.25 0.25 0.05)
(9.3 0.25 0.05)
(9.35 0.25 0.05)
(9.4 0.25 0.05)
(9.45 0.25 0.05)
(9.5 0.25 0.05)
(9.55 0.25 0.05)
(9.6 0.25 0.05)
(9.65 0.25 0.05)
(9.7 0.25 0.05)
(9.75 0.25 0.05)
(9.8 0.25 0.05)
(9.85 0.25 0.05)
(9.9 0.25 0.05)
(9.95 0.25 0.05)
(10 0.25 0.05)
(0 0.3 0.05)
(0.05 0.3 0.05)
(0.1 0.3 0.05)
(0.15 0.3 0.05)
(0.2 0.3 0.05)
(0.25 0.3 0.05)
(0.3 0.3 0.05)
(0.35 0.3 0.05)
(0.4 0.3 0.05)
(0.45 0.3 0.05)
(0.5 0.3 0.05)
(0.55 0.3 0.05)
(0.6 0.3 0.05)
(0.65 0.3 0.05)
(0.7 0.3 0.05)
(0.75 0.3 0.05)
(0.8 0.3 0.05)
(0.85 0.3 0.05)
(0.9 0.3 0.05)
(0.95 0.3 0.05)
(1 0.3 0.05)
(1.05 0.3 0.05)
(1.1 0.3 0.05)
(1.15 0.3 0.05)
(1.2 0.3 0.05)
(1.25 0.3 0.05)
(1.3 0.3 0.05)
(1.35 0.3 0.05)
(1.4 0.3 0.05)
(1.45 0.3 0.05)
(1.5 0.3 0.05)
(1.55 0.3 0.05)
(1.6 0.3 0.05)
(1.65 0.3 0.05)
(1.7 0.3 0.05)
(1.75 0.3 0.05)
(1.8 0.3 0.05)
(1.85 0.3 0.05)
(1.9 0.3 0.05)
(1.95 0.3 0.05)
(2 0.3 0.05)
(2.05 0.3 0.05)
(2.1 0.3 0.05)
(2.15 0.3 0.05)
(2.2 0.3 0.05)
(2.25 0.3 0.05)
(2.3 0.3 0.05)
(2.35 0.3 0.05)
(2.4 0.3 0.05)
(2.45 0.3 0.05)
(2.5 0.3 0.05)
(2.55 0.3 0.05)
(2.6 0.3 0.05)
(2.65 0.3 0.05)
(2.7 0.3 0.05)
(2.75 0.3 0.05)
(2.8 0.3 0.05)
(2.85 0.3 0.05)
(2.9 0.3 0.05)
(2.95 0.3 0.05)
(3 0.3 0.05)
(3.05 0.3 0.05)
(3.1 0.3 0.05)
(3.15 0.3 0.05)
(3.2 0.3 0.05)
(3.25 0.3 0.05)
(3.3 0.3 0.05)
(3.35 0.3 0.05)
(3.4 0.3 0.05)
(3.45 0.3 0.05)
(3.5 0.3 0.05)
(3.55 0.3 0.05)
(3.6 0.3 0.05)
(3.65 0.3 0.05)
(3.7 0.3 0.05)
(3.75 0.3 0.05)
(3.8 0.3 0.05)
(3.85 0.3 0.05)
(3.9 0.3 0.05)
(3.95 0.3 0.05)
(4 0.3 0.05)
(4.05 0.3 0.05)
(4.1 0.3 0.05)
(4.15 0.3 0.05)
(4.2 0.3 0.05)
(4.25 0.3 0.05)
(4.3 0.3 0.05)
(4.35 0.3 0.05)
(4.4 0.3 0.05)
(4.45 0.3 0.05)
(4.5 0.3 0.05)
(4.55 0.3 0.05)
(4.6 0.3 0.05)
(4.65 0.3 0.05)
(4.7 0.3 0.05)
(4.75 0.3 0.05)
(4.8 0.3 0.05)
(4.85 0.3 0.05)
(4.9 0.3 0.05)
(4.95 0.3 0.05)
(5 0.3 0.05)
(5.05 0.3 0.05)
(5.1 0.3 0.05)
(5.15 0.3 0.05)
(5.2 0.3 0.05)
(5.25 0.3 0.05)
(5.3 0.3 0.05)
(5.35 0.3 0.05)
(5.4 0.3 0.05)
(5.45 0.3 0.05)
(5.5 0.3 0.05)
(5.55 0.3 0.05)
(5.6 0.3 0.05)
(5.65 0.3 0.05)
(5.7 0.3 0.05)
(5.75 0.3 0.05)
(5.8 0.3 0.05)
(5.85 0.3 0.05)
(5.9 0.3 0.05)
(5.95 0.3 0.05)
(6 0.3 0.05)
(6.05 0.3 0.05)
(6.1 0.3 0.05)
(6.15 0.3 0.05)
(6.2 0.3 0.05)
(6.25 0.3 0.05)
(6.3 0.3 0.05)
(6.35 0.3 0.05)
(6.4 0.3 0.05)
(6.45 0.3 0.05)
(6.5 0.3 0.05)
(6.55 0.3 0.05)
(6.6 0.3 0.05)
(6.65 0.3 0.05)
(6.7 0.3 0.05)
(6.75 0.3 0.05)
(6.8 0.3 0.05)
(6.85 0.3 0.05)
(6.9 0.3 0.05)
(6.95 0.3 0.05)
(7 0.3 0.05)
(7.05 0.3 0.05)
(7.1 0.3 0.05)
(7.15 0.3 0.05)
(7.2 0.3 0.05)
(7.25 0.3 0.05)
(7.3 0.3 0.05)
(7.35 0.3 0.05)
(7.4 0.3 0.05)
(7.45 0.3 0.05)
(7.5 0.3 0.05)
(7.55 0.3 0.05)
(7.6 0.3 0.05)
(7.65 0.3 0.05)
(7.7 0.3 0.05)
(7.75 0.3 0.05)
(7.8 0.3 0.05)
(7.85 0.3 0.05)
(7.9 0.3 0.05)
(7.95 0.3 0.05)
(8 0.3 0.05)
(8.05 0.3 0.05)
(8.1 0.3 0.05)
(8.15 0.3 0.05)
(8.2 0.3 0.05)
(8.25 0.3 0.05)
(8.3 0.3 0.05)
(8.35 0.3 0.05)
(8.4 0.3 0.05)
(8.45 0.3 0.05)
(8.5 0.3 0.05)
(8.55 0.3 0.05)
(8.6 0.3 0.05)
(8.65 0.3 0.05)
(8.7 0.3 0.05)
(8.75 0.3 0.05)
(8.8 0.3 0.05)
(8.85 0.3 0.05)
(8.9 0.3 0.05)
(8.95 0.3 0.05)
(9 0.3 0.05)
(9.05 0.3 0.05)
(9.1 0.3 0.05)
(9.15 0.3 0.05)
(9.2 0.3 0.05)
(9.25 0.3 0.05)
(9.3 0.3 0.05)
(9.35 0.3 0.05)
(9.4 0.3 0.05)
(9.45 0.3 0.05)
(9.5 0.3 0.05)
(9.55 0.3 0.05)
(9.6 0.3 0.05)
(9.65 0.3 0.05)
(9.7 0.3 0.05)
(9.75 0.3 0.05)
(9.8 0.3 0.05)
(9.85 0.3 0.05)
(9.9 0.3 0.05)
(9.95 0.3 0.05)
(10 0.3 0.05)
(0 0.35 0.05)
(0.05 0.35 0.05)
(0.1 0.35 0.05)
(0.15 0.35 0.05)
(0.2 0.35 0.05)
(0.25 0.35 0.05)
(0.3 0.35 0.05)
(0.35 0.35 0.05)
(0.4 0.35 0.05)
(0.45 0.35 0.05)
(0.5 0.35 0.05)
(0.55 0.35 0.05)
(0.6 0.35 0.05)
(0.65 0.35 0.05)
(0.7 0.35 0.05)
(0.75 0.35 0.05)
(0.8 0.35 0.05)
(0.85 0.35 0.05)
(0.9 0.35 0.05)
(0.95 0.35 0.05)
(1 0.35 0.05)
(1.05 0.35 0.05)
(1.1 0.35 0.05)
(1.15 0.35 0.05)
(1.2 0.35 0.05)
(1.25 0.35 0.05)
(1.3 0.35 0.05)
(1.35 0.35 0.05)
(1.4 0.35 0.05)
(1.45 0.35 0.05)
(1.5 0.35 0.05)
(1.55 0.35 0.05)
(1.6 0.35 0.05)
(1.65 0.35 0.05)
(1.7 0.35 0.05)
(1.75 0.35 0.05)
(1.8 0.35 0.05)
(1.85 0.35 0.05)
(1.9 0.35 0.05)
(1.95 0.35 0.05)
(2 0.35 0.05)
(2.05 0.35 0.05)
(2.1 0.35 0.05)
(2.15 0.35 0.05)
(2.2 0.35 0.05)
(2.25 0.35 0.05)
(2.3 0.35 0.05)
(2.35 0.35 0.05)
(2.4 0.35 0.05)
(2.45 0.35 0.05)
(2.5 0.35 0.05)
(2.55 0.35 0.05)
(2.6 0.35 0.05)
(2.65 0.35 0.05)
(2.7 0.35 0.05)
(2.75 0.35 0.05)
(2.8 0.35 0.05)
(2.85 0.35 0.05)
(2.9 0.35 0.05)
(2.95 0.35 0.05)
(3 0.35 0.05)
(3.05 0.35 0.05)
(3.1 0.35 0.05)
(3.15 0.35 0.05)
(3.2 0.35 0.05)
(3.25 0.35 0.05)
(3.3 0.35 0.05)
(3.35 0.35 0.05)
(3.4 0.35 0.05)
(3.45 0.35 0.05)
(3.5 0.35 0.05)
(3.55 0.35 0.05)
(3.6 0.35 0.05)
(3.65 0.35 0.05)
(3.7 0.35 0.05)
(3.75 0.35 0.05)
(3.8 0.35 0.05)
(3.85 0.35 0.05)
(3.9 0.35 0.05)
(3.95 0.35 0.05)
(4 0.35 0.05)
(4.05 0.35 0.05)
(4.1 0.35 0.05)
(4.15 0.35 0.05)
(4.2 0.35 0.05)
(4.25 0.35 0.05)
(4.3 0.35 0.05)
(4.35 0.35 0.05)
(4.4 0.35 0.05)
(4.45 0.35 0.05)
(4.5 0.35 0.05)
(4.55 0.35 0.05)
(4.6 0.35 0.05)
(4.65 0.35 0.05)
(4.7 0.35 0.05)
(4.75 0.35 0.05)
(4.8 0.35 0.05)
(4.85 0.35 0.05)
(4.9 0.35 0.05)
(4.95 0.35 0.05)
(5 0.35 0.05)
(5.05 0.35 0.05)
(5.1 0.35 0.05)
(5.15 0.35 0.05)
(5.2 0.35 0.05)
(5.25 0.35 0.05)
(5.3 0.35 0.05)
(5.35 0.35 0.05)
(5.4 0.35 0.05)
(5.45 0.35 0.05)
(5.5 0.35 0.05)
(5.55 0.35 0.05)
(5.6 0.35 0.05)
(5.65 0.35 0.05)
(5.7 0.35 0.05)
(5.75 0.35 0.05)
(5.8 0.35 0.05)
(5.85 0.35 0.05)
(5.9 0.35 0.05)
(5.95 0.35 0.05)
(6 0.35 0.05)
(6.05 0.35 0.05)
(6.1 0.35 0.05)
(6.15 0.35 0.05)
(6.2 0.35 0.05)
(6.25 0.35 0.05)
(6.3 0.35 0.05)
(6.35 0.35 0.05)
(6.4 0.35 0.05)
(6.45 0.35 0.05)
(6.5 0.35 0.05)
(6.55 0.35 0.05)
(6.6 0.35 0.05)
(6.65 0.35 0.05)
(6.7 0.35 0.05)
(6.75 0.35 0.05)
(6.8 0.35 0.05)
(6.85 0.35 0.05)
(6.9 0.35 0.05)
(6.95 0.35 0.05)
(7 0.35 0.05)
(7.05 0.35 0.05)
(7.1 0.35 0.05)
(7.15 0.35 0.05)
(7.2 0.35 0.05)
(7.25 0.35 0.05)
(7.3 0.35 0.05)
(7.35 0.35 0.05)
(7.4 0.35 0.05)
(7.45 0.35 0.05)
(7.5 0.35 0.05)
(7.55 0.35 0.05)
(7.6 0.35 0.05)
(7.65 0.35 0.05)
(7.7 0.35 0.05)
(7.75 0.35 0.05)
(7.8 0.35 0.05)
(7.85 0.35 0.05)
(7.9 0.35 0.05)
(7.95 0.35 0.05)
(8 0.35 0.05)
(8.05 0.35 0.05)
(8.1 0.35 0.05)
(8.15 0.35 0.05)
(8.2 0.35 0.05)
(8.25 0.35 0.05)
(8.3 0.35 0.05)
(8.35 0.35 0.05)
(8.4 0.35 0.05)
(8.45 0.35 0.05)
(8.5 0.35 0.05)
(8.55 0.35 0.05)
(8.6 0.35 0.05)
(8.65 0.35 0.05)
(8.7 0.35 0.05)
(8.75 0.35 0.05)
(8.8 0.35 0.05)
(8.85 0.35 0.05)
(8.9 0.35 0.05)
(8.95 0.35 0.05)
(9 0.35 0.05)
(9.05 0.35 0.05)
(9.1 0.35 0.05)
(9.15 0.35 0.05)
(9.2 0.35 0.05)
(9.25 0.35 0.05)
(9.3 0.35 0.05)
(9.35 0.35 0.05)
(9.4 0.35 0.05)
(9.45 0.35 0.05)
(9.5 0.35 0.05)
(9.55 0.35 0.05)
(9.6 0.35 0.05)
(9.65 0.35 0.05)
(9.7 0.35 0.05)
(9.75 0.35 0.05)
(9.8 0.35 0.05)
(9.85 0.35 0.05)
(9.9 0.35 0.05)
(9.95 0.35 0.05)
(10 0.35 0.05)
(0 0.4 0.05)
(0.05 0.4 0.05)
(0.1 0.4 0.05)
(0.15 0.4 0.05)
(0.2 0.4 0.05)
(0.25 0.4 0.05)
(0.3 0.4 0.05)
(0.35 0.4 0.05)
(0.4 0.4 0.05)
(0.45 0.4 0.05)
(0.5 0.4 0.05)
(0.55 0.4 0.05)
(0.6 0.4 0.05)
(0.65 0.4 0.05)
(0.7 0.4 0.05)
(0.75 0.4 0.05)
(0.8 0.4 0.05)
(0.85 0.4 0.05)
(0.9 0.4 0.05)
(0.95 0.4 0.05)
(1 0.4 0.05)
(1.05 0.4 0.05)
(1.1 0.4 0.05)
(1.15 0.4 0.05)
(1.2 0.4 0.05)
(1.25 0.4 0.05)
(1.3 0.4 0.05)
(1.35 0.4 0.05)
(1.4 0.4 0.05)
(1.45 0.4 0.05)
(1.5 0.4 0.05)
(1.55 0.4 0.05)
(1.6 0.4 0.05)
(1.65 0.4 0.05)
(1.7 0.4 0.05)
(1.75 0.4 0.05)
(1.8 0.4 0.05)
(1.85 0.4 0.05)
(1.9 0.4 0.05)
(1.95 0.4 0.05)
(2 0.4 0.05)
(2.05 0.4 0.05)
(2.1 0.4 0.05)
(2.15 0.4 0.05)
(2.2 0.4 0.05)
(2.25 0.4 0.05)
(2.3 0.4 0.05)
(2.35 0.4 0.05)
(2.4 0.4 0.05)
(2.45 0.4 0.05)
(2.5 0.4 0.05)
(2.55 0.4 0.05)
(2.6 0.4 0.05)
(2.65 0.4 0.05)
(2.7 0.4 0.05)
(2.75 0.4 0.05)
(2.8 0.4 0.05)
(2.85 0.4 0.05)
(2.9 0.4 0.05)
(2.95 0.4 0.05)
(3 0.4 0.05)
(3.05 0.4 0.05)
(3.1 0.4 0.05)
(3.15 0.4 0.05)
(3.2 0.4 0.05)
(3.25 0.4 0.05)
(3.3 0.4 0.05)
(3.35 0.4 0.05)
(3.4 0.4 0.05)
(3.45 0.4 0.05)
(3.5 0.4 0.05)
(3.55 0.4 0.05)
(3.6 0.4 0.05)
(3.65 0.4 0.05)
(3.7 0.4 0.05)
(3.75 0.4 0.05)
(3.8 0.4 0.05)
(3.85 0.4 0.05)
(3.9 0.4 0.05)
(3.95 0.4 0.05)
(4 0.4 0.05)
(4.05 0.4 0.05)
(4.1 0.4 0.05)
(4.15 0.4 0.05)
(4.2 0.4 0.05)
(4.25 0.4 0.05)
(4.3 0.4 0.05)
(4.35 0.4 0.05)
(4.4 0.4 0.05)
(4.45 0.4 0.05)
(4.5 0.4 0.05)
(4.55 0.4 0.05)
(4.6 0.4 0.05)
(4.65 0.4 0.05)
(4.7 0.4 0.05)
(4.75 0.4 0.05)
(4.8 0.4 0.05)
(4.85 0.4 0.05)
(4.9 0.4 0.05)
(4.95 0.4 0.05)
(5 0.4 0.05)
(5.05 0.4 0.05)
(5.1 0.4 0.05)
(5.15 0.4 0.05)
(5.2 0.4 0.05)
(5.25 0.4 0.05)
(5.3 0.4 0.05)
(5.35 0.4 0.05)
(5.4 0.4 0.05)
(5.45 0.4 0.05)
(5.5 0.4 0.05)
(5.55 0.4 0.05)
(5.6 0.4 0.05)
(5.65 0.4 0.05)
(5.7 0.4 0.05)
(5.75 0.4 0.05)
(5.8 0.4 0.05)
(5.85 0.4 0.05)
(5.9 0.4 0.05)
(5.95 0.4 0.05)
(6 0.4 0.05)
(6.05 0.4 0.05)
(6.1 0.4 0.05)
(6.15 0.4 0.05)
(6.2 0.4 0.05)
(6.25 0.4 0.05)
(6.3 0.4 0.05)
(6.35 0.4 0.05)
(6.4 0.4 0.05)
(6.45 0.4 0.05)
(6.5 0.4 0.05)
(6.55 0.4 0.05)
(6.6 0.4 0.05)
(6.65 0.4 0.05)
(6.7 0.4 0.05)
(6.75 0.4 0.05)
(6.8 0.4 0.05)
(6.85 0.4 0.05)
(6.9 0.4 0.05)
(6.95 0.4 0.05)
(7 0.4 0.05)
(7.05 0.4 0.05)
(7.1 0.4 0.05)
(7.15 0.4 0.05)
(7.2 0.4 0.05)
(7.25 0.4 0.05)
(7.3 0.4 0.05)
(7.35 0.4 0.05)
(7.4 0.4 0.05)
(7.45 0.4 0.05)
(7.5 0.4 0.05)
(7.55 0.4 0.05)
(7.6 0.4 0.05)
(7.65 0.4 0.05)
(7.7 0.4 0.05)
(7.75 0.4 0.05)
(7.8 0.4 0.05)
(7.85 0.4 0.05)
(7.9 0.4 0.05)
(7.95 0.4 0.05)
(8 0.4 0.05)
(8.05 0.4 0.05)
(8.1 0.4 0.05)
(8.15 0.4 0.05)
(8.2 0.4 0.05)
(8.25 0.4 0.05)
(8.3 0.4 0.05)
(8.35 0.4 0.05)
(8.4 0.4 0.05)
(8.45 0.4 0.05)
(8.5 0.4 0.05)
(8.55 0.4 0.05)
(8.6 0.4 0.05)
(8.65 0.4 0.05)
(8.7 0.4 0.05)
(8.75 0.4 0.05)
(8.8 0.4 0.05)
(8.85 0.4 0.05)
(8.9 0.4 0.05)
(8.95 0.4 0.05)
(9 0.4 0.05)
(9.05 0.4 0.05)
(9.1 0.4 0.05)
(9.15 0.4 0.05)
(9.2 0.4 0.05)
(9.25 0.4 0.05)
(9.3 0.4 0.05)
(9.35 0.4 0.05)
(9.4 0.4 0.05)
(9.45 0.4 0.05)
(9.5 0.4 0.05)
(9.55 0.4 0.05)
(9.6 0.4 0.05)
(9.65 0.4 0.05)
(9.7 0.4 0.05)
(9.75 0.4 0.05)
(9.8 0.4 0.05)
(9.85 0.4 0.05)
(9.9 0.4 0.05)
(9.95 0.4 0.05)
(10 0.4 0.05)
(0 0.45 0.05)
(0.05 0.45 0.05)
(0.1 0.45 0.05)
(0.15 0.45 0.05)
(0.2 0.45 0.05)
(0.25 0.45 0.05)
(0.3 0.45 0.05)
(0.35 0.45 0.05)
(0.4 0.45 0.05)
(0.45 0.45 0.05)
(0.5 0.45 0.05)
(0.55 0.45 0.05)
(0.6 0.45 0.05)
(0.65 0.45 0.05)
(0.7 0.45 0.05)
(0.75 0.45 0.05)
(0.8 0.45 0.05)
(0.85 0.45 0.05)
(0.9 0.45 0.05)
(0.95 0.45 0.05)
(1 0.45 0.05)
(1.05 0.45 0.05)
(1.1 0.45 0.05)
(1.15 0.45 0.05)
(1.2 0.45 0.05)
(1.25 0.45 0.05)
(1.3 0.45 0.05)
(1.35 0.45 0.05)
(1.4 0.45 0.05)
(1.45 0.45 0.05)
(1.5 0.45 0.05)
(1.55 0.45 0.05)
(1.6 0.45 0.05)
(1.65 0.45 0.05)
(1.7 0.45 0.05)
(1.75 0.45 0.05)
(1.8 0.45 0.05)
(1.85 0.45 0.05)
(1.9 0.45 0.05)
(1.95 0.45 0.05)
(2 0.45 0.05)
(2.05 0.45 0.05)
(2.1 0.45 0.05)
(2.15 0.45 0.05)
(2.2 0.45 0.05)
(2.25 0.45 0.05)
(2.3 0.45 0.05)
(2.35 0.45 0.05)
(2.4 0.45 0.05)
(2.45 0.45 0.05)
(2.5 0.45 0.05)
(2.55 0.45 0.05)
(2.6 0.45 0.05)
(2.65 0.45 0.05)
(2.7 0.45 0.05)
(2.75 0.45 0.05)
(2.8 0.45 0.05)
(2.85 0.45 0.05)
(2.9 0.45 0.05)
(2.95 0.45 0.05)
(3 0.45 0.05)
(3.05 0.45 0.05)
(3.1 0.45 0.05)
(3.15 0.45 0.05)
(3.2 0.45 0.05)
(3.25 0.45 0.05)
(3.3 0.45 0.05)
(3.35 0.45 0.05)
(3.4 0.45 0.05)
(3.45 0.45 0.05)
(3.5 0.45 0.05)
(3.55 0.45 0.05)
(3.6 0.45 0.05)
(3.65 0.45 0.05)
(3.7 0.45 0.05)
(3.75 0.45 0.05)
(3.8 0.45 0.05)
(3.85 0.45 0.05)
(3.9 0.45 0.05)
(3.95 0.45 0.05)
(4 0.45 0.05)
(4.05 0.45 0.05)
(4.1 0.45 0.05)
(4.15 0.45 0.05)
(4.2 0.45 0.05)
(4.25 0.45 0.05)
(4.3 0.45 0.05)
(4.35 0.45 0.05)
(4.4 0.45 0.05)
(4.45 0.45 0.05)
(4.5 0.45 0.05)
(4.55 0.45 0.05)
(4.6 0.45 0.05)
(4.65 0.45 0.05)
(4.7 0.45 0.05)
(4.75 0.45 0.05)
(4.8 0.45 0.05)
(4.85 0.45 0.05)
(4.9 0.45 0.05)
(4.95 0.45 0.05)
(5 0.45 0.05)
(5.05 0.45 0.05)
(5.1 0.45 0.05)
(5.15 0.45 0.05)
(5.2 0.45 0.05)
(5.25 0.45 0.05)
(5.3 0.45 0.05)
(5.35 0.45 0.05)
(5.4 0.45 0.05)
(5.45 0.45 0.05)
(5.5 0.45 0.05)
(5.55 0.45 0.05)
(5.6 0.45 0.05)
(5.65 0.45 0.05)
(5.7 0.45 0.05)
(5.75 0.45 0.05)
(5.8 0.45 0.05)
(5.85 0.45 0.05)
(5.9 0.45 0.05)
(5.95 0.45 0.05)
(6 0.45 0.05)
(6.05 0.45 0.05)
(6.1 0.45 0.05)
(6.15 0.45 0.05)
(6.2 0.45 0.05)
(6.25 0.45 0.05)
(6.3 0.45 0.05)
(6.35 0.45 0.05)
(6.4 0.45 0.05)
(6.45 0.45 0.05)
(6.5 0.45 0.05)
(6.55 0.45 0.05)
(6.6 0.45 0.05)
(6.65 0.45 0.05)
(6.7 0.45 0.05)
(6.75 0.45 0.05)
(6.8 0.45 0.05)
(6.85 0.45 0.05)
(6.9 0.45 0.05)
(6.95 0.45 0.05)
(7 0.45 0.05)
(7.05 0.45 0.05)
(7.1 0.45 0.05)
(7.15 0.45 0.05)
(7.2 0.45 0.05)
(7.25 0.45 0.05)
(7.3 0.45 0.05)
(7.35 0.45 0.05)
(7.4 0.45 0.05)
(7.45 0.45 0.05)
(7.5 0.45 0.05)
(7.55 0.45 0.05)
(7.6 0.45 0.05)
(7.65 0.45 0.05)
(7.7 0.45 0.05)
(7.75 0.45 0.05)
(7.8 0.45 0.05)
(7.85 0.45 0.05)
(7.9 0.45 0.05)
(7.95 0.45 0.05)
(8 0.45 0.05)
(8.05 0.45 0.05)
(8.1 0.45 0.05)
(8.15 0.45 0.05)
(8.2 0.45 0.05)
(8.25 0.45 0.05)
(8.3 0.45 0.05)
(8.35 0.45 0.05)
(8.4 0.45 0.05)
(8.45 0.45 0.05)
(8.5 0.45 0.05)
(8.55 0.45 0.05)
(8.6 0.45 0.05)
(8.65 0.45 0.05)
(8.7 0.45 0.05)
(8.75 0.45 0.05)
(8.8 0.45 0.05)
(8.85 0.45 0.05)
(8.9 0.45 0.05)
(8.95 0.45 0.05)
(9 0.45 0.05)
(9.05 0.45 0.05)
(9.1 0.45 0.05)
(9.15 0.45 0.05)
(9.2 0.45 0.05)
(9.25 0.45 0.05)
(9.3 0.45 0.05)
(9.35 0.45 0.05)
(9.4 0.45 0.05)
(9.45 0.45 0.05)
(9.5 0.45 0.05)
(9.55 0.45 0.05)
(9.6 0.45 0.05)
(9.65 0.45 0.05)
(9.7 0.45 0.05)
(9.75 0.45 0.05)
(9.8 0.45 0.05)
(9.85 0.45 0.05)
(9.9 0.45 0.05)
(9.95 0.45 0.05)
(10 0.45 0.05)
(0 0.5 0.05)
(0.05 0.5 0.05)
(0.1 0.5 0.05)
(0.15 0.5 0.05)
(0.2 0.5 0.05)
(0.25 0.5 0.05)
(0.3 0.5 0.05)
(0.35 0.5 0.05)
(0.4 0.5 0.05)
(0.45 0.5 0.05)
(0.5 0.5 0.05)
(0.55 0.5 0.05)
(0.6 0.5 0.05)
(0.65 0.5 0.05)
(0.7 0.5 0.05)
(0.75 0.5 0.05)
(0.8 0.5 0.05)
(0.85 0.5 0.05)
(0.9 0.5 0.05)
(0.95 0.5 0.05)
(1 0.5 0.05)
(1.05 0.5 0.05)
(1.1 0.5 0.05)
(1.15 0.5 0.05)
(1.2 0.5 0.05)
(1.25 0.5 0.05)
(1.3 0.5 0.05)
(1.35 0.5 0.05)
(1.4 0.5 0.05)
(1.45 0.5 0.05)
(1.5 0.5 0.05)
(1.55 0.5 0.05)
(1.6 0.5 0.05)
(1.65 0.5 0.05)
(1.7 0.5 0.05)
(1.75 0.5 0.05)
(1.8 0.5 0.05)
(1.85 0.5 0.05)
(1.9 0.5 0.05)
(1.95 0.5 0.05)
(2 0.5 0.05)
(2.05 0.5 0.05)
(2.1 0.5 0.05)
(2.15 0.5 0.05)
(2.2 0.5 0.05)
(2.25 0.5 0.05)
(2.3 0.5 0.05)
(2.35 0.5 0.05)
(2.4 0.5 0.05)
(2.45 0.5 0.05)
(2.5 0.5 0.05)
(2.55 0.5 0.05)
(2.6 0.5 0.05)
(2.65 0.5 0.05)
(2.7 0.5 0.05)
(2.75 0.5 0.05)
(2.8 0.5 0.05)
(2.85 0.5 0.05)
(2.9 0.5 0.05)
(2.95 0.5 0.05)
(3 0.5 0.05)
(3.05 0.5 0.05)
(3.1 0.5 0.05)
(3.15 0.5 0.05)
(3.2 0.5 0.05)
(3.25 0.5 0.05)
(3.3 0.5 0.05)
(3.35 0.5 0.05)
(3.4 0.5 0.05)
(3.45 0.5 0.05)
(3.5 0.5 0.05)
(3.55 0.5 0.05)
(3.6 0.5 0.05)
(3.65 0.5 0.05)
(3.7 0.5 0.05)
(3.75 0.5 0.05)
(3.8 0.5 0.05)
(3.85 0.5 0.05)
(3.9 0.5 0.05)
(3.95 0.5 0.05)
(4 0.5 0.05)
(4.05 0.5 0.05)
(4.1 0.5 0.05)
(4.15 0.5 0.05)
(4.2 0.5 0.05)
(4.25 0.5 0.05)
(4.3 0.5 0.05)
(4.35 0.5 0.05)
(4.4 0.5 0.05)
(4.45 0.5 0.05)
(4.5 0.5 0.05)
(4.55 0.5 0.05)
(4.6 0.5 0.05)
(4.65 0.5 0.05)
(4.7 0.5 0.05)
(4.75 0.5 0.05)
(4.8 0.5 0.05)
(4.85 0.5 0.05)
(4.9 0.5 0.05)
(4.95 0.5 0.05)
(5 0.5 0.05)
(5.05 0.5 0.05)
(5.1 0.5 0.05)
(5.15 0.5 0.05)
(5.2 0.5 0.05)
(5.25 0.5 0.05)
(5.3 0.5 0.05)
(5.35 0.5 0.05)
(5.4 0.5 0.05)
(5.45 0.5 0.05)
(5.5 0.5 0.05)
(5.55 0.5 0.05)
(5.6 0.5 0.05)
(5.65 0.5 0.05)
(5.7 0.5 0.05)
(5.75 0.5 0.05)
(5.8 0.5 0.05)
(5.85 0.5 0.05)
(5.9 0.5 0.05)
(5.95 0.5 0.05)
(6 0.5 0.05)
(6.05 0.5 0.05)
(6.1 0.5 0.05)
(6.15 0.5 0.05)
(6.2 0.5 0.05)
(6.25 0.5 0.05)
(6.3 0.5 0.05)
(6.35 0.5 0.05)
(6.4 0.5 0.05)
(6.45 0.5 0.05)
(6.5 0.5 0.05)
(6.55 0.5 0.05)
(6.6 0.5 0.05)
(6.65 0.5 0.05)
(6.7 0.5 0.05)
(6.75 0.5 0.05)
(6.8 0.5 0.05)
(6.85 0.5 0.05)
(6.9 0.5 0.05)
(6.95 0.5 0.05)
(7 0.5 0.05)
(7.05 0.5 0.05)
(7.1 0.5 0.05)
(7.15 0.5 0.05)
(7.2 0.5 0.05)
(7.25 0.5 0.05)
(7.3 0.5 0.05)
(7.35 0.5 0.05)
(7.4 0.5 0.05)
(7.45 0.5 0.05)
(7.5 0.5 0.05)
(7.55 0.5 0.05)
(7.6 0.5 0.05)
(7.65 0.5 0.05)
(7.7 0.5 0.05)
(7.75 0.5 0.05)
(7.8 0.5 0.05)
(7.85 0.5 0.05)
(7.9 0.5 0.05)
(7.95 0.5 0.05)
(8 0.5 0.05)
(8.05 0.5 0.05)
(8.1 0.5 0.05)
(8.15 0.5 0.05)
(8.2 0.5 0.05)
(8.25 0.5 0.05)
(8.3 0.5 0.05)
(8.35 0.5 0.05)
(8.4 0.5 0.05)
(8.45 0.5 0.05)
(8.5 0.5 0.05)
(8.55 0.5 0.05)
(8.6 0.5 0.05)
(8.65 0.5 0.05)
(8.7 0.5 0.05)
(8.75 0.5 0.05)
(8.8 0.5 0.05)
(8.85 0.5 0.05)
(8.9 0.5 0.05)
(8.95 0.5 0.05)
(9 0.5 0.05)
(9.05 0.5 0.05)
(9.1 0.5 0.05)
(9.15 0.5 0.05)
(9.2 0.5 0.05)
(9.25 0.5 0.05)
(9.3 0.5 0.05)
(9.35 0.5 0.05)
(9.4 0.5 0.05)
(9.45 0.5 0.05)
(9.5 0.5 0.05)
(9.55 0.5 0.05)
(9.6 0.5 0.05)
(9.65 0.5 0.05)
(9.7 0.5 0.05)
(9.75 0.5 0.05)
(9.8 0.5 0.05)
(9.85 0.5 0.05)
(9.9 0.5 0.05)
(9.95 0.5 0.05)
(10 0.5 0.05)
(0 0.55 0.05)
(0.05 0.55 0.05)
(0.1 0.55 0.05)
(0.15 0.55 0.05)
(0.2 0.55 0.05)
(0.25 0.55 0.05)
(0.3 0.55 0.05)
(0.35 0.55 0.05)
(0.4 0.55 0.05)
(0.45 0.55 0.05)
(0.5 0.55 0.05)
(0.55 0.55 0.05)
(0.6 0.55 0.05)
(0.65 0.55 0.05)
(0.7 0.55 0.05)
(0.75 0.55 0.05)
(0.8 0.55 0.05)
(0.85 0.55 0.05)
(0.9 0.55 0.05)
(0.95 0.55 0.05)
(1 0.55 0.05)
(1.05 0.55 0.05)
(1.1 0.55 0.05)
(1.15 0.55 0.05)
(1.2 0.55 0.05)
(1.25 0.55 0.05)
(1.3 0.55 0.05)
(1.35 0.55 0.05)
(1.4 0.55 0.05)
(1.45 0.55 0.05)
(1.5 0.55 0.05)
(1.55 0.55 0.05)
(1.6 0.55 0.05)
(1.65 0.55 0.05)
(1.7 0.55 0.05)
(1.75 0.55 0.05)
(1.8 0.55 0.05)
(1.85 0.55 0.05)
(1.9 0.55 0.05)
(1.95 0.55 0.05)
(2 0.55 0.05)
(2.05 0.55 0.05)
(2.1 0.55 0.05)
(2.15 0.55 0.05)
(2.2 0.55 0.05)
(2.25 0.55 0.05)
(2.3 0.55 0.05)
(2.35 0.55 0.05)
(2.4 0.55 0.05)
(2.45 0.55 0.05)
(2.5 0.55 0.05)
(2.55 0.55 0.05)
(2.6 0.55 0.05)
(2.65 0.55 0.05)
(2.7 0.55 0.05)
(2.75 0.55 0.05)
(2.8 0.55 0.05)
(2.85 0.55 0.05)
(2.9 0.55 0.05)
(2.95 0.55 0.05)
(3 0.55 0.05)
(3.05 0.55 0.05)
(3.1 0.55 0.05)
(3.15 0.55 0.05)
(3.2 0.55 0.05)
(3.25 0.55 0.05)
(3.3 0.55 0.05)
(3.35 0.55 0.05)
(3.4 0.55 0.05)
(3.45 0.55 0.05)
(3.5 0.55 0.05)
(3.55 0.55 0.05)
(3.6 0.55 0.05)
(3.65 0.55 0.05)
(3.7 0.55 0.05)
(3.75 0.55 0.05)
(3.8 0.55 0.05)
(3.85 0.55 0.05)
(3.9 0.55 0.05)
(3.95 0.55 0.05)
(4 0.55 0.05)
(4.05 0.55 0.05)
(4.1 0.55 0.05)
(4.15 0.55 0.05)
(4.2 0.55 0.05)
(4.25 0.55 0.05)
(4.3 0.55 0.05)
(4.35 0.55 0.05)
(4.4 0.55 0.05)
(4.45 0.55 0.05)
(4.5 0.55 0.05)
(4.55 0.55 0.05)
(4.6 0.55 0.05)
(4.65 0.55 0.05)
(4.7 0.55 0.05)
(4.75 0.55 0.05)
(4.8 0.55 0.05)
(4.85 0.55 0.05)
(4.9 0.55 0.05)
(4.95 0.55 0.05)
(5 0.55 0.05)
(5.05 0.55 0.05)
(5.1 0.55 0.05)
(5.15 0.55 0.05)
(5.2 0.55 0.05)
(5.25 0.55 0.05)
(5.3 0.55 0.05)
(5.35 0.55 0.05)
(5.4 0.55 0.05)
(5.45 0.55 0.05)
(5.5 0.55 0.05)
(5.55 0.55 0.05)
(5.6 0.55 0.05)
(5.65 0.55 0.05)
(5.7 0.55 0.05)
(5.75 0.55 0.05)
(5.8 0.55 0.05)
(5.85 0.55 0.05)
(5.9 0.55 0.05)
(5.95 0.55 0.05)
(6 0.55 0.05)
(6.05 0.55 0.05)
(6.1 0.55 0.05)
(6.15 0.55 0.05)
(6.2 0.55 0.05)
(6.25 0.55 0.05)
(6.3 0.55 0.05)
(6.35 0.55 0.05)
(6.4 0.55 0.05)
(6.45 0.55 0.05)
(6.5 0.55 0.05)
(6.55 0.55 0.05)
(6.6 0.55 0.05)
(6.65 0.55 0.05)
(6.7 0.55 0.05)
(6.75 0.55 0.05)
(6.8 0.55 0.05)
(6.85 0.55 0.05)
(6.9 0.55 0.05)
(6.95 0.55 0.05)
(7 0.55 0.05)
(7.05 0.55 0.05)
(7.1 0.55 0.05)
(7.15 0.55 0.05)
(7.2 0.55 0.05)
(7.25 0.55 0.05)
(7.3 0.55 0.05)
(7.35 0.55 0.05)
(7.4 0.55 0.05)
(7.45 0.55 0.05)
(7.5 0.55 0.05)
(7.55 0.55 0.05)
(7.6 0.55 0.05)
(7.65 0.55 0.05)
(7.7 0.55 0.05)
(7.75 0.55 0.05)
(7.8 0.55 0.05)
(7.85 0.55 0.05)
(7.9 0.55 0.05)
(7.95 0.55 0.05)
(8 0.55 0.05)
(8.05 0.55 0.05)
(8.1 0.55 0.05)
(8.15 0.55 0.05)
(8.2 0.55 0.05)
(8.25 0.55 0.05)
(8.3 0.55 0.05)
(8.35 0.55 0.05)
(8.4 0.55 0.05)
(8.45 0.55 0.05)
(8.5 0.55 0.05)
(8.55 0.55 0.05)
(8.6 0.55 0.05)
(8.65 0.55 0.05)
(8.7 0.55 0.05)
(8.75 0.55 0.05)
(8.8 0.55 0.05)
(8.85 0.55 0.05)
(8.9 0.55 0.05)
(8.95 0.55 0.05)
(9 0.55 0.05)
(9.05 0.55 0.05)
(9.1 0.55 0.05)
(9.15 0.55 0.05)
(9.2 0.55 0.05)
(9.25 0.55 0.05)
(9.3 0.55 0.05)
(9.35 0.55 0.05)
(9.4 0.55 0.05)
(9.45 0.55 0.05)
(9.5 0.55 0.05)
(9.55 0.55 0.05)
(9.6 0.55 0.05)
(9.65 0.55 0.05)
(9.7 0.55 0.05)
(9.75 0.55 0.05)
(9.8 0.55 0.05)
(9.85 0.55 0.05)
(9.9 0.55 0.05)
(9.95 0.55 0.05)
(10 0.55 0.05)
(0 0.6 0.05)
(0.05 0.6 0.05)
(0.1 0.6 0.05)
(0.15 0.6 0.05)
(0.2 0.6 0.05)
(0.25 0.6 0.05)
(0.3 0.6 0.05)
(0.35 0.6 0.05)
(0.4 0.6 0.05)
(0.45 0.6 0.05)
(0.5 0.6 0.05)
(0.55 0.6 0.05)
(0.6 0.6 0.05)
(0.65 0.6 0.05)
(0.7 0.6 0.05)
(0.75 0.6 0.05)
(0.8 0.6 0.05)
(0.85 0.6 0.05)
(0.9 0.6 0.05)
(0.95 0.6 0.05)
(1 0.6 0.05)
(1.05 0.6 0.05)
(1.1 0.6 0.05)
(1.15 0.6 0.05)
(1.2 0.6 0.05)
(1.25 0.6 0.05)
(1.3 0.6 0.05)
(1.35 0.6 0.05)
(1.4 0.6 0.05)
(1.45 0.6 0.05)
(1.5 0.6 0.05)
(1.55 0.6 0.05)
(1.6 0.6 0.05)
(1.65 0.6 0.05)
(1.7 0.6 0.05)
(1.75 0.6 0.05)
(1.8 0.6 0.05)
(1.85 0.6 0.05)
(1.9 0.6 0.05)
(1.95 0.6 0.05)
(2 0.6 0.05)
(2.05 0.6 0.05)
(2.1 0.6 0.05)
(2.15 0.6 0.05)
(2.2 0.6 0.05)
(2.25 0.6 0.05)
(2.3 0.6 0.05)
(2.35 0.6 0.05)
(2.4 0.6 0.05)
(2.45 0.6 0.05)
(2.5 0.6 0.05)
(2.55 0.6 0.05)
(2.6 0.6 0.05)
(2.65 0.6 0.05)
(2.7 0.6 0.05)
(2.75 0.6 0.05)
(2.8 0.6 0.05)
(2.85 0.6 0.05)
(2.9 0.6 0.05)
(2.95 0.6 0.05)
(3 0.6 0.05)
(3.05 0.6 0.05)
(3.1 0.6 0.05)
(3.15 0.6 0.05)
(3.2 0.6 0.05)
(3.25 0.6 0.05)
(3.3 0.6 0.05)
(3.35 0.6 0.05)
(3.4 0.6 0.05)
(3.45 0.6 0.05)
(3.5 0.6 0.05)
(3.55 0.6 0.05)
(3.6 0.6 0.05)
(3.65 0.6 0.05)
(3.7 0.6 0.05)
(3.75 0.6 0.05)
(3.8 0.6 0.05)
(3.85 0.6 0.05)
(3.9 0.6 0.05)
(3.95 0.6 0.05)
(4 0.6 0.05)
(4.05 0.6 0.05)
(4.1 0.6 0.05)
(4.15 0.6 0.05)
(4.2 0.6 0.05)
(4.25 0.6 0.05)
(4.3 0.6 0.05)
(4.35 0.6 0.05)
(4.4 0.6 0.05)
(4.45 0.6 0.05)
(4.5 0.6 0.05)
(4.55 0.6 0.05)
(4.6 0.6 0.05)
(4.65 0.6 0.05)
(4.7 0.6 0.05)
(4.75 0.6 0.05)
(4.8 0.6 0.05)
(4.85 0.6 0.05)
(4.9 0.6 0.05)
(4.95 0.6 0.05)
(5 0.6 0.05)
(5.05 0.6 0.05)
(5.1 0.6 0.05)
(5.15 0.6 0.05)
(5.2 0.6 0.05)
(5.25 0.6 0.05)
(5.3 0.6 0.05)
(5.35 0.6 0.05)
(5.4 0.6 0.05)
(5.45 0.6 0.05)
(5.5 0.6 0.05)
(5.55 0.6 0.05)
(5.6 0.6 0.05)
(5.65 0.6 0.05)
(5.7 0.6 0.05)
(5.75 0.6 0.05)
(5.8 0.6 0.05)
(5.85 0.6 0.05)
(5.9 0.6 0.05)
(5.95 0.6 0.05)
(6 0.6 0.05)
(6.05 0.6 0.05)
(6.1 0.6 0.05)
(6.15 0.6 0.05)
(6.2 0.6 0.05)
(6.25 0.6 0.05)
(6.3 0.6 0.05)
(6.35 0.6 0.05)
(6.4 0.6 0.05)
(6.45 0.6 0.05)
(6.5 0.6 0.05)
(6.55 0.6 0.05)
(6.6 0.6 0.05)
(6.65 0.6 0.05)
(6.7 0.6 0.05)
(6.75 0.6 0.05)
(6.8 0.6 0.05)
(6.85 0.6 0.05)
(6.9 0.6 0.05)
(6.95 0.6 0.05)
(7 0.6 0.05)
(7.05 0.6 0.05)
(7.1 0.6 0.05)
(7.15 0.6 0.05)
(7.2 0.6 0.05)
(7.25 0.6 0.05)
(7.3 0.6 0.05)
(7.35 0.6 0.05)
(7.4 0.6 0.05)
(7.45 0.6 0.05)
(7.5 0.6 0.05)
(7.55 0.6 0.05)
(7.6 0.6 0.05)
(7.65 0.6 0.05)
(7.7 0.6 0.05)
(7.75 0.6 0.05)
(7.8 0.6 0.05)
(7.85 0.6 0.05)
(7.9 0.6 0.05)
(7.95 0.6 0.05)
(8 0.6 0.05)
(8.05 0.6 0.05)
(8.1 0.6 0.05)
(8.15 0.6 0.05)
(8.2 0.6 0.05)
(8.25 0.6 0.05)
(8.3 0.6 0.05)
(8.35 0.6 0.05)
(8.4 0.6 0.05)
(8.45 0.6 0.05)
(8.5 0.6 0.05)
(8.55 0.6 0.05)
(8.6 0.6 0.05)
(8.65 0.6 0.05)
(8.7 0.6 0.05)
(8.75 0.6 0.05)
(8.8 0.6 0.05)
(8.85 0.6 0.05)
(8.9 0.6 0.05)
(8.95 0.6 0.05)
(9 0.6 0.05)
(9.05 0.6 0.05)
(9.1 0.6 0.05)
(9.15 0.6 0.05)
(9.2 0.6 0.05)
(9.25 0.6 0.05)
(9.3 0.6 0.05)
(9.35 0.6 0.05)
(9.4 0.6 0.05)
(9.45 0.6 0.05)
(9.5 0.6 0.05)
(9.55 0.6 0.05)
(9.6 0.6 0.05)
(9.65 0.6 0.05)
(9.7 0.6 0.05)
(9.75 0.6 0.05)
(9.8 0.6 0.05)
(9.85 0.6 0.05)
(9.9 0.6 0.05)
(9.95 0.6 0.05)
(10 0.6 0.05)
(0 0.65 0.05)
(0.05 0.65 0.05)
(0.1 0.65 0.05)
(0.15 0.65 0.05)
(0.2 0.65 0.05)
(0.25 0.65 0.05)
(0.3 0.65 0.05)
(0.35 0.65 0.05)
(0.4 0.65 0.05)
(0.45 0.65 0.05)
(0.5 0.65 0.05)
(0.55 0.65 0.05)
(0.6 0.65 0.05)
(0.65 0.65 0.05)
(0.7 0.65 0.05)
(0.75 0.65 0.05)
(0.8 0.65 0.05)
(0.85 0.65 0.05)
(0.9 0.65 0.05)
(0.95 0.65 0.05)
(1 0.65 0.05)
(1.05 0.65 0.05)
(1.1 0.65 0.05)
(1.15 0.65 0.05)
(1.2 0.65 0.05)
(1.25 0.65 0.05)
(1.3 0.65 0.05)
(1.35 0.65 0.05)
(1.4 0.65 0.05)
(1.45 0.65 0.05)
(1.5 0.65 0.05)
(1.55 0.65 0.05)
(1.6 0.65 0.05)
(1.65 0.65 0.05)
(1.7 0.65 0.05)
(1.75 0.65 0.05)
(1.8 0.65 0.05)
(1.85 0.65 0.05)
(1.9 0.65 0.05)
(1.95 0.65 0.05)
(2 0.65 0.05)
(2.05 0.65 0.05)
(2.1 0.65 0.05)
(2.15 0.65 0.05)
(2.2 0.65 0.05)
(2.25 0.65 0.05)
(2.3 0.65 0.05)
(2.35 0.65 0.05)
(2.4 0.65 0.05)
(2.45 0.65 0.05)
(2.5 0.65 0.05)
(2.55 0.65 0.05)
(2.6 0.65 0.05)
(2.65 0.65 0.05)
(2.7 0.65 0.05)
(2.75 0.65 0.05)
(2.8 0.65 0.05)
(2.85 0.65 0.05)
(2.9 0.65 0.05)
(2.95 0.65 0.05)
(3 0.65 0.05)
(3.05 0.65 0.05)
(3.1 0.65 0.05)
(3.15 0.65 0.05)
(3.2 0.65 0.05)
(3.25 0.65 0.05)
(3.3 0.65 0.05)
(3.35 0.65 0.05)
(3.4 0.65 0.05)
(3.45 0.65 0.05)
(3.5 0.65 0.05)
(3.55 0.65 0.05)
(3.6 0.65 0.05)
(3.65 0.65 0.05)
(3.7 0.65 0.05)
(3.75 0.65 0.05)
(3.8 0.65 0.05)
(3.85 0.65 0.05)
(3.9 0.65 0.05)
(3.95 0.65 0.05)
(4 0.65 0.05)
(4.05 0.65 0.05)
(4.1 0.65 0.05)
(4.15 0.65 0.05)
(4.2 0.65 0.05)
(4.25 0.65 0.05)
(4.3 0.65 0.05)
(4.35 0.65 0.05)
(4.4 0.65 0.05)
(4.45 0.65 0.05)
(4.5 0.65 0.05)
(4.55 0.65 0.05)
(4.6 0.65 0.05)
(4.65 0.65 0.05)
(4.7 0.65 0.05)
(4.75 0.65 0.05)
(4.8 0.65 0.05)
(4.85 0.65 0.05)
(4.9 0.65 0.05)
(4.95 0.65 0.05)
(5 0.65 0.05)
(5.05 0.65 0.05)
(5.1 0.65 0.05)
(5.15 0.65 0.05)
(5.2 0.65 0.05)
(5.25 0.65 0.05)
(5.3 0.65 0.05)
(5.35 0.65 0.05)
(5.4 0.65 0.05)
(5.45 0.65 0.05)
(5.5 0.65 0.05)
(5.55 0.65 0.05)
(5.6 0.65 0.05)
(5.65 0.65 0.05)
(5.7 0.65 0.05)
(5.75 0.65 0.05)
(5.8 0.65 0.05)
(5.85 0.65 0.05)
(5.9 0.65 0.05)
(5.95 0.65 0.05)
(6 0.65 0.05)
(6.05 0.65 0.05)
(6.1 0.65 0.05)
(6.15 0.65 0.05)
(6.2 0.65 0.05)
(6.25 0.65 0.05)
(6.3 0.65 0.05)
(6.35 0.65 0.05)
(6.4 0.65 0.05)
(6.45 0.65 0.05)
(6.5 0.65 0.05)
(6.55 0.65 0.05)
(6.6 0.65 0.05)
(6.65 0.65 0.05)
(6.7 0.65 0.05)
(6.75 0.65 0.05)
(6.8 0.65 0.05)
(6.85 0.65 0.05)
(6.9 0.65 0.05)
(6.95 0.65 0.05)
(7 0.65 0.05)
(7.05 0.65 0.05)
(7.1 0.65 0.05)
(7.15 0.65 0.05)
(7.2 0.65 0.05)
(7.25 0.65 0.05)
(7.3 0.65 0.05)
(7.35 0.65 0.05)
(7.4 0.65 0.05)
(7.45 0.65 0.05)
(7.5 0.65 0.05)
(7.55 0.65 0.05)
(7.6 0.65 0.05)
(7.65 0.65 0.05)
(7.7 0.65 0.05)
(7.75 0.65 0.05)
(7.8 0.65 0.05)
(7.85 0.65 0.05)
(7.9 0.65 0.05)
(7.95 0.65 0.05)
(8 0.65 0.05)
(8.05 0.65 0.05)
(8.1 0.65 0.05)
(8.15 0.65 0.05)
(8.2 0.65 0.05)
(8.25 0.65 0.05)
(8.3 0.65 0.05)
(8.35 0.65 0.05)
(8.4 0.65 0.05)
(8.45 0.65 0.05)
(8.5 0.65 0.05)
(8.55 0.65 0.05)
(8.6 0.65 0.05)
(8.65 0.65 0.05)
(8.7 0.65 0.05)
(8.75 0.65 0.05)
(8.8 0.65 0.05)
(8.85 0.65 0.05)
(8.9 0.65 0.05)
(8.95 0.65 0.05)
(9 0.65 0.05)
(9.05 0.65 0.05)
(9.1 0.65 0.05)
(9.15 0.65 0.05)
(9.2 0.65 0.05)
(9.25 0.65 0.05)
(9.3 0.65 0.05)
(9.35 0.65 0.05)
(9.4 0.65 0.05)
(9.45 0.65 0.05)
(9.5 0.65 0.05)
(9.55 0.65 0.05)
(9.6 0.65 0.05)
(9.65 0.65 0.05)
(9.7 0.65 0.05)
(9.75 0.65 0.05)
(9.8 0.65 0.05)
(9.85 0.65 0.05)
(9.9 0.65 0.05)
(9.95 0.65 0.05)
(10 0.65 0.05)
(0 0.7 0.05)
(0.05 0.7 0.05)
(0.1 0.7 0.05)
(0.15 0.7 0.05)
(0.2 0.7 0.05)
(0.25 0.7 0.05)
(0.3 0.7 0.05)
(0.35 0.7 0.05)
(0.4 0.7 0.05)
(0.45 0.7 0.05)
(0.5 0.7 0.05)
(0.55 0.7 0.05)
(0.6 0.7 0.05)
(0.65 0.7 0.05)
(0.7 0.7 0.05)
(0.75 0.7 0.05)
(0.8 0.7 0.05)
(0.85 0.7 0.05)
(0.9 0.7 0.05)
(0.95 0.7 0.05)
(1 0.7 0.05)
(1.05 0.7 0.05)
(1.1 0.7 0.05)
(1.15 0.7 0.05)
(1.2 0.7 0.05)
(1.25 0.7 0.05)
(1.3 0.7 0.05)
(1.35 0.7 0.05)
(1.4 0.7 0.05)
(1.45 0.7 0.05)
(1.5 0.7 0.05)
(1.55 0.7 0.05)
(1.6 0.7 0.05)
(1.65 0.7 0.05)
(1.7 0.7 0.05)
(1.75 0.7 0.05)
(1.8 0.7 0.05)
(1.85 0.7 0.05)
(1.9 0.7 0.05)
(1.95 0.7 0.05)
(2 0.7 0.05)
(2.05 0.7 0.05)
(2.1 0.7 0.05)
(2.15 0.7 0.05)
(2.2 0.7 0.05)
(2.25 0.7 0.05)
(2.3 0.7 0.05)
(2.35 0.7 0.05)
(2.4 0.7 0.05)
(2.45 0.7 0.05)
(2.5 0.7 0.05)
(2.55 0.7 0.05)
(2.6 0.7 0.05)
(2.65 0.7 0.05)
(2.7 0.7 0.05)
(2.75 0.7 0.05)
(2.8 0.7 0.05)
(2.85 0.7 0.05)
(2.9 0.7 0.05)
(2.95 0.7 0.05)
(3 0.7 0.05)
(3.05 0.7 0.05)
(3.1 0.7 0.05)
(3.15 0.7 0.05)
(3.2 0.7 0.05)
(3.25 0.7 0.05)
(3.3 0.7 0.05)
(3.35 0.7 0.05)
(3.4 0.7 0.05)
(3.45 0.7 0.05)
(3.5 0.7 0.05)
(3.55 0.7 0.05)
(3.6 0.7 0.05)
(3.65 0.7 0.05)
(3.7 0.7 0.05)
(3.75 0.7 0.05)
(3.8 0.7 0.05)
(3.85 0.7 0.05)
(3.9 0.7 0.05)
(3.95 0.7 0.05)
(4 0.7 0.05)
(4.05 0.7 0.05)
(4.1 0.7 0.05)
(4.15 0.7 0.05)
(4.2 0.7 0.05)
(4.25 0.7 0.05)
(4.3 0.7 0.05)
(4.35 0.7 0.05)
(4.4 0.7 0.05)
(4.45 0.7 0.05)
(4.5 0.7 0.05)
(4.55 0.7 0.05)
(4.6 0.7 0.05)
(4.65 0.7 0.05)
(4.7 0.7 0.05)
(4.75 0.7 0.05)
(4.8 0.7 0.05)
(4.85 0.7 0.05)
(4.9 0.7 0.05)
(4.95 0.7 0.05)
(5 0.7 0.05)
(5.05 0.7 0.05)
(5.1 0.7 0.05)
(5.15 0.7 0.05)
(5.2 0.7 0.05)
(5.25 0.7 0.05)
(5.3 0.7 0.05)
(5.35 0.7 0.05)
(5.4 0.7 0.05)
(5.45 0.7 0.05)
(5.5 0.7 0.05)
(5.55 0.7 0.05)
(5.6 0.7 0.05)
(5.65 0.7 0.05)
(5.7 0.7 0.05)
(5.75 0.7 0.05)
(5.8 0.7 0.05)
(5.85 0.7 0.05)
(5.9 0.7 0.05)
(5.95 0.7 0.05)
(6 0.7 0.05)
(6.05 0.7 0.05)
(6.1 0.7 0.05)
(6.15 0.7 0.05)
(6.2 0.7 0.05)
(6.25 0.7 0.05)
(6.3 0.7 0.05)
(6.35 0.7 0.05)
(6.4 0.7 0.05)
(6.45 0.7 0.05)
(6.5 0.7 0.05)
(6.55 0.7 0.05)
(6.6 0.7 0.05)
(6.65 0.7 0.05)
(6.7 0.7 0.05)
(6.75 0.7 0.05)
(6.8 0.7 0.05)
(6.85 0.7 0.05)
(6.9 0.7 0.05)
(6.95 0.7 0.05)
(7 0.7 0.05)
(7.05 0.7 0.05)
(7.1 0.7 0.05)
(7.15 0.7 0.05)
(7.2 0.7 0.05)
(7.25 0.7 0.05)
(7.3 0.7 0.05)
(7.35 0.7 0.05)
(7.4 0.7 0.05)
(7.45 0.7 0.05)
(7.5 0.7 0.05)
(7.55 0.7 0.05)
(7.6 0.7 0.05)
(7.65 0.7 0.05)
(7.7 0.7 0.05)
(7.75 0.7 0.05)
(7.8 0.7 0.05)
(7.85 0.7 0.05)
(7.9 0.7 0.05)
(7.95 0.7 0.05)
(8 0.7 0.05)
(8.05 0.7 0.05)
(8.1 0.7 0.05)
(8.15 0.7 0.05)
(8.2 0.7 0.05)
(8.25 0.7 0.05)
(8.3 0.7 0.05)
(8.35 0.7 0.05)
(8.4 0.7 0.05)
(8.45 0.7 0.05)
(8.5 0.7 0.05)
(8.55 0.7 0.05)
(8.6 0.7 0.05)
(8.65 0.7 0.05)
(8.7 0.7 0.05)
(8.75 0.7 0.05)
(8.8 0.7 0.05)
(8.85 0.7 0.05)
(8.9 0.7 0.05)
(8.95 0.7 0.05)
(9 0.7 0.05)
(9.05 0.7 0.05)
(9.1 0.7 0.05)
(9.15 0.7 0.05)
(9.2 0.7 0.05)
(9.25 0.7 0.05)
(9.3 0.7 0.05)
(9.35 0.7 0.05)
(9.4 0.7 0.05)
(9.45 0.7 0.05)
(9.5 0.7 0.05)
(9.55 0.7 0.05)
(9.6 0.7 0.05)
(9.65 0.7 0.05)
(9.7 0.7 0.05)
(9.75 0.7 0.05)
(9.8 0.7 0.05)
(9.85 0.7 0.05)
(9.9 0.7 0.05)
(9.95 0.7 0.05)
(10 0.7 0.05)
(0 0.75 0.05)
(0.05 0.75 0.05)
(0.1 0.75 0.05)
(0.15 0.75 0.05)
(0.2 0.75 0.05)
(0.25 0.75 0.05)
(0.3 0.75 0.05)
(0.35 0.75 0.05)
(0.4 0.75 0.05)
(0.45 0.75 0.05)
(0.5 0.75 0.05)
(0.55 0.75 0.05)
(0.6 0.75 0.05)
(0.65 0.75 0.05)
(0.7 0.75 0.05)
(0.75 0.75 0.05)
(0.8 0.75 0.05)
(0.85 0.75 0.05)
(0.9 0.75 0.05)
(0.95 0.75 0.05)
(1 0.75 0.05)
(1.05 0.75 0.05)
(1.1 0.75 0.05)
(1.15 0.75 0.05)
(1.2 0.75 0.05)
(1.25 0.75 0.05)
(1.3 0.75 0.05)
(1.35 0.75 0.05)
(1.4 0.75 0.05)
(1.45 0.75 0.05)
(1.5 0.75 0.05)
(1.55 0.75 0.05)
(1.6 0.75 0.05)
(1.65 0.75 0.05)
(1.7 0.75 0.05)
(1.75 0.75 0.05)
(1.8 0.75 0.05)
(1.85 0.75 0.05)
(1.9 0.75 0.05)
(1.95 0.75 0.05)
(2 0.75 0.05)
(2.05 0.75 0.05)
(2.1 0.75 0.05)
(2.15 0.75 0.05)
(2.2 0.75 0.05)
(2.25 0.75 0.05)
(2.3 0.75 0.05)
(2.35 0.75 0.05)
(2.4 0.75 0.05)
(2.45 0.75 0.05)
(2.5 0.75 0.05)
(2.55 0.75 0.05)
(2.6 0.75 0.05)
(2.65 0.75 0.05)
(2.7 0.75 0.05)
(2.75 0.75 0.05)
(2.8 0.75 0.05)
(2.85 0.75 0.05)
(2.9 0.75 0.05)
(2.95 0.75 0.05)
(3 0.75 0.05)
(3.05 0.75 0.05)
(3.1 0.75 0.05)
(3.15 0.75 0.05)
(3.2 0.75 0.05)
(3.25 0.75 0.05)
(3.3 0.75 0.05)
(3.35 0.75 0.05)
(3.4 0.75 0.05)
(3.45 0.75 0.05)
(3.5 0.75 0.05)
(3.55 0.75 0.05)
(3.6 0.75 0.05)
(3.65 0.75 0.05)
(3.7 0.75 0.05)
(3.75 0.75 0.05)
(3.8 0.75 0.05)
(3.85 0.75 0.05)
(3.9 0.75 0.05)
(3.95 0.75 0.05)
(4 0.75 0.05)
(4.05 0.75 0.05)
(4.1 0.75 0.05)
(4.15 0.75 0.05)
(4.2 0.75 0.05)
(4.25 0.75 0.05)
(4.3 0.75 0.05)
(4.35 0.75 0.05)
(4.4 0.75 0.05)
(4.45 0.75 0.05)
(4.5 0.75 0.05)
(4.55 0.75 0.05)
(4.6 0.75 0.05)
(4.65 0.75 0.05)
(4.7 0.75 0.05)
(4.75 0.75 0.05)
(4.8 0.75 0.05)
(4.85 0.75 0.05)
(4.9 0.75 0.05)
(4.95 0.75 0.05)
(5 0.75 0.05)
(5.05 0.75 0.05)
(5.1 0.75 0.05)
(5.15 0.75 0.05)
(5.2 0.75 0.05)
(5.25 0.75 0.05)
(5.3 0.75 0.05)
(5.35 0.75 0.05)
(5.4 0.75 0.05)
(5.45 0.75 0.05)
(5.5 0.75 0.05)
(5.55 0.75 0.05)
(5.6 0.75 0.05)
(5.65 0.75 0.05)
(5.7 0.75 0.05)
(5.75 0.75 0.05)
(5.8 0.75 0.05)
(5.85 0.75 0.05)
(5.9 0.75 0.05)
(5.95 0.75 0.05)
(6 0.75 0.05)
(6.05 0.75 0.05)
(6.1 0.75 0.05)
(6.15 0.75 0.05)
(6.2 0.75 0.05)
(6.25 0.75 0.05)
(6.3 0.75 0.05)
(6.35 0.75 0.05)
(6.4 0.75 0.05)
(6.45 0.75 0.05)
(6.5 0.75 0.05)
(6.55 0.75 0.05)
(6.6 0.75 0.05)
(6.65 0.75 0.05)
(6.7 0.75 0.05)
(6.75 0.75 0.05)
(6.8 0.75 0.05)
(6.85 0.75 0.05)
(6.9 0.75 0.05)
(6.95 0.75 0.05)
(7 0.75 0.05)
(7.05 0.75 0.05)
(7.1 0.75 0.05)
(7.15 0.75 0.05)
(7.2 0.75 0.05)
(7.25 0.75 0.05)
(7.3 0.75 0.05)
(7.35 0.75 0.05)
(7.4 0.75 0.05)
(7.45 0.75 0.05)
(7.5 0.75 0.05)
(7.55 0.75 0.05)
(7.6 0.75 0.05)
(7.65 0.75 0.05)
(7.7 0.75 0.05)
(7.75 0.75 0.05)
(7.8 0.75 0.05)
(7.85 0.75 0.05)
(7.9 0.75 0.05)
(7.95 0.75 0.05)
(8 0.75 0.05)
(8.05 0.75 0.05)
(8.1 0.75 0.05)
(8.15 0.75 0.05)
(8.2 0.75 0.05)
(8.25 0.75 0.05)
(8.3 0.75 0.05)
(8.35 0.75 0.05)
(8.4 0.75 0.05)
(8.45 0.75 0.05)
(8.5 0.75 0.05)
(8.55 0.75 0.05)
(8.6 0.75 0.05)
(8.65 0.75 0.05)
(8.7 0.75 0.05)
(8.75 0.75 0.05)
(8.8 0.75 0.05)
(8.85 0.75 0.05)
(8.9 0.75 0.05)
(8.95 0.75 0.05)
(9 0.75 0.05)
(9.05 0.75 0.05)
(9.1 0.75 0.05)
(9.15 0.75 0.05)
(9.2 0.75 0.05)
(9.25 0.75 0.05)
(9.3 0.75 0.05)
(9.35 0.75 0.05)
(9.4 0.75 0.05)
(9.45 0.75 0.05)
(9.5 0.75 0.05)
(9.55 0.75 0.05)
(9.6 0.75 0.05)
(9.65 0.75 0.05)
(9.7 0.75 0.05)
(9.75 0.75 0.05)
(9.8 0.75 0.05)
(9.85 0.75 0.05)
(9.9 0.75 0.05)
(9.95 0.75 0.05)
(10 0.75 0.05)
(0 0.8 0.05)
(0.05 0.8 0.05)
(0.1 0.8 0.05)
(0.15 0.8 0.05)
(0.2 0.8 0.05)
(0.25 0.8 0.05)
(0.3 0.8 0.05)
(0.35 0.8 0.05)
(0.4 0.8 0.05)
(0.45 0.8 0.05)
(0.5 0.8 0.05)
(0.55 0.8 0.05)
(0.6 0.8 0.05)
(0.65 0.8 0.05)
(0.7 0.8 0.05)
(0.75 0.8 0.05)
(0.8 0.8 0.05)
(0.85 0.8 0.05)
(0.9 0.8 0.05)
(0.95 0.8 0.05)
(1 0.8 0.05)
(1.05 0.8 0.05)
(1.1 0.8 0.05)
(1.15 0.8 0.05)
(1.2 0.8 0.05)
(1.25 0.8 0.05)
(1.3 0.8 0.05)
(1.35 0.8 0.05)
(1.4 0.8 0.05)
(1.45 0.8 0.05)
(1.5 0.8 0.05)
(1.55 0.8 0.05)
(1.6 0.8 0.05)
(1.65 0.8 0.05)
(1.7 0.8 0.05)
(1.75 0.8 0.05)
(1.8 0.8 0.05)
(1.85 0.8 0.05)
(1.9 0.8 0.05)
(1.95 0.8 0.05)
(2 0.8 0.05)
(2.05 0.8 0.05)
(2.1 0.8 0.05)
(2.15 0.8 0.05)
(2.2 0.8 0.05)
(2.25 0.8 0.05)
(2.3 0.8 0.05)
(2.35 0.8 0.05)
(2.4 0.8 0.05)
(2.45 0.8 0.05)
(2.5 0.8 0.05)
(2.55 0.8 0.05)
(2.6 0.8 0.05)
(2.65 0.8 0.05)
(2.7 0.8 0.05)
(2.75 0.8 0.05)
(2.8 0.8 0.05)
(2.85 0.8 0.05)
(2.9 0.8 0.05)
(2.95 0.8 0.05)
(3 0.8 0.05)
(3.05 0.8 0.05)
(3.1 0.8 0.05)
(3.15 0.8 0.05)
(3.2 0.8 0.05)
(3.25 0.8 0.05)
(3.3 0.8 0.05)
(3.35 0.8 0.05)
(3.4 0.8 0.05)
(3.45 0.8 0.05)
(3.5 0.8 0.05)
(3.55 0.8 0.05)
(3.6 0.8 0.05)
(3.65 0.8 0.05)
(3.7 0.8 0.05)
(3.75 0.8 0.05)
(3.8 0.8 0.05)
(3.85 0.8 0.05)
(3.9 0.8 0.05)
(3.95 0.8 0.05)
(4 0.8 0.05)
(4.05 0.8 0.05)
(4.1 0.8 0.05)
(4.15 0.8 0.05)
(4.2 0.8 0.05)
(4.25 0.8 0.05)
(4.3 0.8 0.05)
(4.35 0.8 0.05)
(4.4 0.8 0.05)
(4.45 0.8 0.05)
(4.5 0.8 0.05)
(4.55 0.8 0.05)
(4.6 0.8 0.05)
(4.65 0.8 0.05)
(4.7 0.8 0.05)
(4.75 0.8 0.05)
(4.8 0.8 0.05)
(4.85 0.8 0.05)
(4.9 0.8 0.05)
(4.95 0.8 0.05)
(5 0.8 0.05)
(5.05 0.8 0.05)
(5.1 0.8 0.05)
(5.15 0.8 0.05)
(5.2 0.8 0.05)
(5.25 0.8 0.05)
(5.3 0.8 0.05)
(5.35 0.8 0.05)
(5.4 0.8 0.05)
(5.45 0.8 0.05)
(5.5 0.8 0.05)
(5.55 0.8 0.05)
(5.6 0.8 0.05)
(5.65 0.8 0.05)
(5.7 0.8 0.05)
(5.75 0.8 0.05)
(5.8 0.8 0.05)
(5.85 0.8 0.05)
(5.9 0.8 0.05)
(5.95 0.8 0.05)
(6 0.8 0.05)
(6.05 0.8 0.05)
(6.1 0.8 0.05)
(6.15 0.8 0.05)
(6.2 0.8 0.05)
(6.25 0.8 0.05)
(6.3 0.8 0.05)
(6.35 0.8 0.05)
(6.4 0.8 0.05)
(6.45 0.8 0.05)
(6.5 0.8 0.05)
(6.55 0.8 0.05)
(6.6 0.8 0.05)
(6.65 0.8 0.05)
(6.7 0.8 0.05)
(6.75 0.8 0.05)
(6.8 0.8 0.05)
(6.85 0.8 0.05)
(6.9 0.8 0.05)
(6.95 0.8 0.05)
(7 0.8 0.05)
(7.05 0.8 0.05)
(7.1 0.8 0.05)
(7.15 0.8 0.05)
(7.2 0.8 0.05)
(7.25 0.8 0.05)
(7.3 0.8 0.05)
(7.35 0.8 0.05)
(7.4 0.8 0.05)
(7.45 0.8 0.05)
(7.5 0.8 0.05)
(7.55 0.8 0.05)
(7.6 0.8 0.05)
(7.65 0.8 0.05)
(7.7 0.8 0.05)
(7.75 0.8 0.05)
(7.8 0.8 0.05)
(7.85 0.8 0.05)
(7.9 0.8 0.05)
(7.95 0.8 0.05)
(8 0.8 0.05)
(8.05 0.8 0.05)
(8.1 0.8 0.05)
(8.15 0.8 0.05)
(8.2 0.8 0.05)
(8.25 0.8 0.05)
(8.3 0.8 0.05)
(8.35 0.8 0.05)
(8.4 0.8 0.05)
(8.45 0.8 0.05)
(8.5 0.8 0.05)
(8.55 0.8 0.05)
(8.6 0.8 0.05)
(8.65 0.8 0.05)
(8.7 0.8 0.05)
(8.75 0.8 0.05)
(8.8 0.8 0.05)
(8.85 0.8 0.05)
(8.9 0.8 0.05)
(8.95 0.8 0.05)
(9 0.8 0.05)
(9.05 0.8 0.05)
(9.1 0.8 0.05)
(9.15 0.8 0.05)
(9.2 0.8 0.05)
(9.25 0.8 0.05)
(9.3 0.8 0.05)
(9.35 0.8 0.05)
(9.4 0.8 0.05)
(9.45 0.8 0.05)
(9.5 0.8 0.05)
(9.55 0.8 0.05)
(9.6 0.8 0.05)
(9.65 0.8 0.05)
(9.7 0.8 0.05)
(9.75 0.8 0.05)
(9.8 0.8 0.05)
(9.85 0.8 0.05)
(9.9 0.8 0.05)
(9.95 0.8 0.05)
(10 0.8 0.05)
(0 0.85 0.05)
(0.05 0.85 0.05)
(0.1 0.85 0.05)
(0.15 0.85 0.05)
(0.2 0.85 0.05)
(0.25 0.85 0.05)
(0.3 0.85 0.05)
(0.35 0.85 0.05)
(0.4 0.85 0.05)
(0.45 0.85 0.05)
(0.5 0.85 0.05)
(0.55 0.85 0.05)
(0.6 0.85 0.05)
(0.65 0.85 0.05)
(0.7 0.85 0.05)
(0.75 0.85 0.05)
(0.8 0.85 0.05)
(0.85 0.85 0.05)
(0.9 0.85 0.05)
(0.95 0.85 0.05)
(1 0.85 0.05)
(1.05 0.85 0.05)
(1.1 0.85 0.05)
(1.15 0.85 0.05)
(1.2 0.85 0.05)
(1.25 0.85 0.05)
(1.3 0.85 0.05)
(1.35 0.85 0.05)
(1.4 0.85 0.05)
(1.45 0.85 0.05)
(1.5 0.85 0.05)
(1.55 0.85 0.05)
(1.6 0.85 0.05)
(1.65 0.85 0.05)
(1.7 0.85 0.05)
(1.75 0.85 0.05)
(1.8 0.85 0.05)
(1.85 0.85 0.05)
(1.9 0.85 0.05)
(1.95 0.85 0.05)
(2 0.85 0.05)
(2.05 0.85 0.05)
(2.1 0.85 0.05)
(2.15 0.85 0.05)
(2.2 0.85 0.05)
(2.25 0.85 0.05)
(2.3 0.85 0.05)
(2.35 0.85 0.05)
(2.4 0.85 0.05)
(2.45 0.85 0.05)
(2.5 0.85 0.05)
(2.55 0.85 0.05)
(2.6 0.85 0.05)
(2.65 0.85 0.05)
(2.7 0.85 0.05)
(2.75 0.85 0.05)
(2.8 0.85 0.05)
(2.85 0.85 0.05)
(2.9 0.85 0.05)
(2.95 0.85 0.05)
(3 0.85 0.05)
(3.05 0.85 0.05)
(3.1 0.85 0.05)
(3.15 0.85 0.05)
(3.2 0.85 0.05)
(3.25 0.85 0.05)
(3.3 0.85 0.05)
(3.35 0.85 0.05)
(3.4 0.85 0.05)
(3.45 0.85 0.05)
(3.5 0.85 0.05)
(3.55 0.85 0.05)
(3.6 0.85 0.05)
(3.65 0.85 0.05)
(3.7 0.85 0.05)
(3.75 0.85 0.05)
(3.8 0.85 0.05)
(3.85 0.85 0.05)
(3.9 0.85 0.05)
(3.95 0.85 0.05)
(4 0.85 0.05)
(4.05 0.85 0.05)
(4.1 0.85 0.05)
(4.15 0.85 0.05)
(4.2 0.85 0.05)
(4.25 0.85 0.05)
(4.3 0.85 0.05)
(4.35 0.85 0.05)
(4.4 0.85 0.05)
(4.45 0.85 0.05)
(4.5 0.85 0.05)
(4.55 0.85 0.05)
(4.6 0.85 0.05)
(4.65 0.85 0.05)
(4.7 0.85 0.05)
(4.75 0.85 0.05)
(4.8 0.85 0.05)
(4.85 0.85 0.05)
(4.9 0.85 0.05)
(4.95 0.85 0.05)
(5 0.85 0.05)
(5.05 0.85 0.05)
(5.1 0.85 0.05)
(5.15 0.85 0.05)
(5.2 0.85 0.05)
(5.25 0.85 0.05)
(5.3 0.85 0.05)
(5.35 0.85 0.05)
(5.4 0.85 0.05)
(5.45 0.85 0.05)
(5.5 0.85 0.05)
(5.55 0.85 0.05)
(5.6 0.85 0.05)
(5.65 0.85 0.05)
(5.7 0.85 0.05)
(5.75 0.85 0.05)
(5.8 0.85 0.05)
(5.85 0.85 0.05)
(5.9 0.85 0.05)
(5.95 0.85 0.05)
(6 0.85 0.05)
(6.05 0.85 0.05)
(6.1 0.85 0.05)
(6.15 0.85 0.05)
(6.2 0.85 0.05)
(6.25 0.85 0.05)
(6.3 0.85 0.05)
(6.35 0.85 0.05)
(6.4 0.85 0.05)
(6.45 0.85 0.05)
(6.5 0.85 0.05)
(6.55 0.85 0.05)
(6.6 0.85 0.05)
(6.65 0.85 0.05)
(6.7 0.85 0.05)
(6.75 0.85 0.05)
(6.8 0.85 0.05)
(6.85 0.85 0.05)
(6.9 0.85 0.05)
(6.95 0.85 0.05)
(7 0.85 0.05)
(7.05 0.85 0.05)
(7.1 0.85 0.05)
(7.15 0.85 0.05)
(7.2 0.85 0.05)
(7.25 0.85 0.05)
(7.3 0.85 0.05)
(7.35 0.85 0.05)
(7.4 0.85 0.05)
(7.45 0.85 0.05)
(7.5 0.85 0.05)
(7.55 0.85 0.05)
(7.6 0.85 0.05)
(7.65 0.85 0.05)
(7.7 0.85 0.05)
(7.75 0.85 0.05)
(7.8 0.85 0.05)
(7.85 0.85 0.05)
(7.9 0.85 0.05)
(7.95 0.85 0.05)
(8 0.85 0.05)
(8.05 0.85 0.05)
(8.1 0.85 0.05)
(8.15 0.85 0.05)
(8.2 0.85 0.05)
(8.25 0.85 0.05)
(8.3 0.85 0.05)
(8.35 0.85 0.05)
(8.4 0.85 0.05)
(8.45 0.85 0.05)
(8.5 0.85 0.05)
(8.55 0.85 0.05)
(8.6 0.85 0.05)
(8.65 0.85 0.05)
(8.7 0.85 0.05)
(8.75 0.85 0.05)
(8.8 0.85 0.05)
(8.85 0.85 0.05)
(8.9 0.85 0.05)
(8.95 0.85 0.05)
(9 0.85 0.05)
(9.05 0.85 0.05)
(9.1 0.85 0.05)
(9.15 0.85 0.05)
(9.2 0.85 0.05)
(9.25 0.85 0.05)
(9.3 0.85 0.05)
(9.35 0.85 0.05)
(9.4 0.85 0.05)
(9.45 0.85 0.05)
(9.5 0.85 0.05)
(9.55 0.85 0.05)
(9.6 0.85 0.05)
(9.65 0.85 0.05)
(9.7 0.85 0.05)
(9.75 0.85 0.05)
(9.8 0.85 0.05)
(9.85 0.85 0.05)
(9.9 0.85 0.05)
(9.95 0.85 0.05)
(10 0.85 0.05)
(0 0.9 0.05)
(0.05 0.9 0.05)
(0.1 0.9 0.05)
(0.15 0.9 0.05)
(0.2 0.9 0.05)
(0.25 0.9 0.05)
(0.3 0.9 0.05)
(0.35 0.9 0.05)
(0.4 0.9 0.05)
(0.45 0.9 0.05)
(0.5 0.9 0.05)
(0.55 0.9 0.05)
(0.6 0.9 0.05)
(0.65 0.9 0.05)
(0.7 0.9 0.05)
(0.75 0.9 0.05)
(0.8 0.9 0.05)
(0.85 0.9 0.05)
(0.9 0.9 0.05)
(0.95 0.9 0.05)
(1 0.9 0.05)
(1.05 0.9 0.05)
(1.1 0.9 0.05)
(1.15 0.9 0.05)
(1.2 0.9 0.05)
(1.25 0.9 0.05)
(1.3 0.9 0.05)
(1.35 0.9 0.05)
(1.4 0.9 0.05)
(1.45 0.9 0.05)
(1.5 0.9 0.05)
(1.55 0.9 0.05)
(1.6 0.9 0.05)
(1.65 0.9 0.05)
(1.7 0.9 0.05)
(1.75 0.9 0.05)
(1.8 0.9 0.05)
(1.85 0.9 0.05)
(1.9 0.9 0.05)
(1.95 0.9 0.05)
(2 0.9 0.05)
(2.05 0.9 0.05)
(2.1 0.9 0.05)
(2.15 0.9 0.05)
(2.2 0.9 0.05)
(2.25 0.9 0.05)
(2.3 0.9 0.05)
(2.35 0.9 0.05)
(2.4 0.9 0.05)
(2.45 0.9 0.05)
(2.5 0.9 0.05)
(2.55 0.9 0.05)
(2.6 0.9 0.05)
(2.65 0.9 0.05)
(2.7 0.9 0.05)
(2.75 0.9 0.05)
(2.8 0.9 0.05)
(2.85 0.9 0.05)
(2.9 0.9 0.05)
(2.95 0.9 0.05)
(3 0.9 0.05)
(3.05 0.9 0.05)
(3.1 0.9 0.05)
(3.15 0.9 0.05)
(3.2 0.9 0.05)
(3.25 0.9 0.05)
(3.3 0.9 0.05)
(3.35 0.9 0.05)
(3.4 0.9 0.05)
(3.45 0.9 0.05)
(3.5 0.9 0.05)
(3.55 0.9 0.05)
(3.6 0.9 0.05)
(3.65 0.9 0.05)
(3.7 0.9 0.05)
(3.75 0.9 0.05)
(3.8 0.9 0.05)
(3.85 0.9 0.05)
(3.9 0.9 0.05)
(3.95 0.9 0.05)
(4 0.9 0.05)
(4.05 0.9 0.05)
(4.1 0.9 0.05)
(4.15 0.9 0.05)
(4.2 0.9 0.05)
(4.25 0.9 0.05)
(4.3 0.9 0.05)
(4.35 0.9 0.05)
(4.4 0.9 0.05)
(4.45 0.9 0.05)
(4.5 0.9 0.05)
(4.55 0.9 0.05)
(4.6 0.9 0.05)
(4.65 0.9 0.05)
(4.7 0.9 0.05)
(4.75 0.9 0.05)
(4.8 0.9 0.05)
(4.85 0.9 0.05)
(4.9 0.9 0.05)
(4.95 0.9 0.05)
(5 0.9 0.05)
(5.05 0.9 0.05)
(5.1 0.9 0.05)
(5.15 0.9 0.05)
(5.2 0.9 0.05)
(5.25 0.9 0.05)
(5.3 0.9 0.05)
(5.35 0.9 0.05)
(5.4 0.9 0.05)
(5.45 0.9 0.05)
(5.5 0.9 0.05)
(5.55 0.9 0.05)
(5.6 0.9 0.05)
(5.65 0.9 0.05)
(5.7 0.9 0.05)
(5.75 0.9 0.05)
(5.8 0.9 0.05)
(5.85 0.9 0.05)
(5.9 0.9 0.05)
(5.95 0.9 0.05)
(6 0.9 0.05)
(6.05 0.9 0.05)
(6.1 0.9 0.05)
(6.15 0.9 0.05)
(6.2 0.9 0.05)
(6.25 0.9 0.05)
(6.3 0.9 0.05)
(6.35 0.9 0.05)
(6.4 0.9 0.05)
(6.45 0.9 0.05)
(6.5 0.9 0.05)
(6.55 0.9 0.05)
(6.6 0.9 0.05)
(6.65 0.9 0.05)
(6.7 0.9 0.05)
(6.75 0.9 0.05)
(6.8 0.9 0.05)
(6.85 0.9 0.05)
(6.9 0.9 0.05)
(6.95 0.9 0.05)
(7 0.9 0.05)
(7.05 0.9 0.05)
(7.1 0.9 0.05)
(7.15 0.9 0.05)
(7.2 0.9 0.05)
(7.25 0.9 0.05)
(7.3 0.9 0.05)
(7.35 0.9 0.05)
(7.4 0.9 0.05)
(7.45 0.9 0.05)
(7.5 0.9 0.05)
(7.55 0.9 0.05)
(7.6 0.9 0.05)
(7.65 0.9 0.05)
(7.7 0.9 0.05)
(7.75 0.9 0.05)
(7.8 0.9 0.05)
(7.85 0.9 0.05)
(7.9 0.9 0.05)
(7.95 0.9 0.05)
(8 0.9 0.05)
(8.05 0.9 0.05)
(8.1 0.9 0.05)
(8.15 0.9 0.05)
(8.2 0.9 0.05)
(8.25 0.9 0.05)
(8.3 0.9 0.05)
(8.35 0.9 0.05)
(8.4 0.9 0.05)
(8.45 0.9 0.05)
(8.5 0.9 0.05)
(8.55 0.9 0.05)
(8.6 0.9 0.05)
(8.65 0.9 0.05)
(8.7 0.9 0.05)
(8.75 0.9 0.05)
(8.8 0.9 0.05)
(8.85 0.9 0.05)
(8.9 0.9 0.05)
(8.95 0.9 0.05)
(9 0.9 0.05)
(9.05 0.9 0.05)
(9.1 0.9 0.05)
(9.15 0.9 0.05)
(9.2 0.9 0.05)
(9.25 0.9 0.05)
(9.3 0.9 0.05)
(9.35 0.9 0.05)
(9.4 0.9 0.05)
(9.45 0.9 0.05)
(9.5 0.9 0.05)
(9.55 0.9 0.05)
(9.6 0.9 0.05)
(9.65 0.9 0.05)
(9.7 0.9 0.05)
(9.75 0.9 0.05)
(9.8 0.9 0.05)
(9.85 0.9 0.05)
(9.9 0.9 0.05)
(9.95 0.9 0.05)
(10 0.9 0.05)
(0 0.95 0.05)
(0.05 0.95 0.05)
(0.1 0.95 0.05)
(0.15 0.95 0.05)
(0.2 0.95 0.05)
(0.25 0.95 0.05)
(0.3 0.95 0.05)
(0.35 0.95 0.05)
(0.4 0.95 0.05)
(0.45 0.95 0.05)
(0.5 0.95 0.05)
(0.55 0.95 0.05)
(0.6 0.95 0.05)
(0.65 0.95 0.05)
(0.7 0.95 0.05)
(0.75 0.95 0.05)
(0.8 0.95 0.05)
(0.85 0.95 0.05)
(0.9 0.95 0.05)
(0.95 0.95 0.05)
(1 0.95 0.05)
(1.05 0.95 0.05)
(1.1 0.95 0.05)
(1.15 0.95 0.05)
(1.2 0.95 0.05)
(1.25 0.95 0.05)
(1.3 0.95 0.05)
(1.35 0.95 0.05)
(1.4 0.95 0.05)
(1.45 0.95 0.05)
(1.5 0.95 0.05)
(1.55 0.95 0.05)
(1.6 0.95 0.05)
(1.65 0.95 0.05)
(1.7 0.95 0.05)
(1.75 0.95 0.05)
(1.8 0.95 0.05)
(1.85 0.95 0.05)
(1.9 0.95 0.05)
(1.95 0.95 0.05)
(2 0.95 0.05)
(2.05 0.95 0.05)
(2.1 0.95 0.05)
(2.15 0.95 0.05)
(2.2 0.95 0.05)
(2.25 0.95 0.05)
(2.3 0.95 0.05)
(2.35 0.95 0.05)
(2.4 0.95 0.05)
(2.45 0.95 0.05)
(2.5 0.95 0.05)
(2.55 0.95 0.05)
(2.6 0.95 0.05)
(2.65 0.95 0.05)
(2.7 0.95 0.05)
(2.75 0.95 0.05)
(2.8 0.95 0.05)
(2.85 0.95 0.05)
(2.9 0.95 0.05)
(2.95 0.95 0.05)
(3 0.95 0.05)
(3.05 0.95 0.05)
(3.1 0.95 0.05)
(3.15 0.95 0.05)
(3.2 0.95 0.05)
(3.25 0.95 0.05)
(3.3 0.95 0.05)
(3.35 0.95 0.05)
(3.4 0.95 0.05)
(3.45 0.95 0.05)
(3.5 0.95 0.05)
(3.55 0.95 0.05)
(3.6 0.95 0.05)
(3.65 0.95 0.05)
(3.7 0.95 0.05)
(3.75 0.95 0.05)
(3.8 0.95 0.05)
(3.85 0.95 0.05)
(3.9 0.95 0.05)
(3.95 0.95 0.05)
(4 0.95 0.05)
(4.05 0.95 0.05)
(4.1 0.95 0.05)
(4.15 0.95 0.05)
(4.2 0.95 0.05)
(4.25 0.95 0.05)
(4.3 0.95 0.05)
(4.35 0.95 0.05)
(4.4 0.95 0.05)
(4.45 0.95 0.05)
(4.5 0.95 0.05)
(4.55 0.95 0.05)
(4.6 0.95 0.05)
(4.65 0.95 0.05)
(4.7 0.95 0.05)
(4.75 0.95 0.05)
(4.8 0.95 0.05)
(4.85 0.95 0.05)
(4.9 0.95 0.05)
(4.95 0.95 0.05)
(5 0.95 0.05)
(5.05 0.95 0.05)
(5.1 0.95 0.05)
(5.15 0.95 0.05)
(5.2 0.95 0.05)
(5.25 0.95 0.05)
(5.3 0.95 0.05)
(5.35 0.95 0.05)
(5.4 0.95 0.05)
(5.45 0.95 0.05)
(5.5 0.95 0.05)
(5.55 0.95 0.05)
(5.6 0.95 0.05)
(5.65 0.95 0.05)
(5.7 0.95 0.05)
(5.75 0.95 0.05)
(5.8 0.95 0.05)
(5.85 0.95 0.05)
(5.9 0.95 0.05)
(5.95 0.95 0.05)
(6 0.95 0.05)
(6.05 0.95 0.05)
(6.1 0.95 0.05)
(6.15 0.95 0.05)
(6.2 0.95 0.05)
(6.25 0.95 0.05)
(6.3 0.95 0.05)
(6.35 0.95 0.05)
(6.4 0.95 0.05)
(6.45 0.95 0.05)
(6.5 0.95 0.05)
(6.55 0.95 0.05)
(6.6 0.95 0.05)
(6.65 0.95 0.05)
(6.7 0.95 0.05)
(6.75 0.95 0.05)
(6.8 0.95 0.05)
(6.85 0.95 0.05)
(6.9 0.95 0.05)
(6.95 0.95 0.05)
(7 0.95 0.05)
(7.05 0.95 0.05)
(7.1 0.95 0.05)
(7.15 0.95 0.05)
(7.2 0.95 0.05)
(7.25 0.95 0.05)
(7.3 0.95 0.05)
(7.35 0.95 0.05)
(7.4 0.95 0.05)
(7.45 0.95 0.05)
(7.5 0.95 0.05)
(7.55 0.95 0.05)
(7.6 0.95 0.05)
(7.65 0.95 0.05)
(7.7 0.95 0.05)
(7.75 0.95 0.05)
(7.8 0.95 0.05)
(7.85 0.95 0.05)
(7.9 0.95 0.05)
(7.95 0.95 0.05)
(8 0.95 0.05)
(8.05 0.95 0.05)
(8.1 0.95 0.05)
(8.15 0.95 0.05)
(8.2 0.95 0.05)
(8.25 0.95 0.05)
(8.3 0.95 0.05)
(8.35 0.95 0.05)
(8.4 0.95 0.05)
(8.45 0.95 0.05)
(8.5 0.95 0.05)
(8.55 0.95 0.05)
(8.6 0.95 0.05)
(8.65 0.95 0.05)
(8.7 0.95 0.05)
(8.75 0.95 0.05)
(8.8 0.95 0.05)
(8.85 0.95 0.05)
(8.9 0.95 0.05)
(8.95 0.95 0.05)
(9 0.95 0.05)
(9.05 0.95 0.05)
(9.1 0.95 0.05)
(9.15 0.95 0.05)
(9.2 0.95 0.05)
(9.25 0.95 0.05)
(9.3 0.95 0.05)
(9.35 0.95 0.05)
(9.4 0.95 0.05)
(9.45 0.95 0.05)
(9.5 0.95 0.05)
(9.55 0.95 0.05)
(9.6 0.95 0.05)
(9.65 0.95 0.05)
(9.7 0.95 0.05)
(9.75 0.95 0.05)
(9.8 0.95 0.05)
(9.85 0.95 0.05)
(9.9 0.95 0.05)
(9.95 0.95 0.05)
(10 0.95 0.05)
(0 1 0.05)
(0.05 1 0.05)
(0.1 1 0.05)
(0.15 1 0.05)
(0.2 1 0.05)
(0.25 1 0.05)
(0.3 1 0.05)
(0.35 1 0.05)
(0.4 1 0.05)
(0.45 1 0.05)
(0.5 1 0.05)
(0.55 1 0.05)
(0.6 1 0.05)
(0.65 1 0.05)
(0.7 1 0.05)
(0.75 1 0.05)
(0.8 1 0.05)
(0.85 1 0.05)
(0.9 1 0.05)
(0.95 1 0.05)
(1 1 0.05)
(1.05 1 0.05)
(1.1 1 0.05)
(1.15 1 0.05)
(1.2 1 0.05)
(1.25 1 0.05)
(1.3 1 0.05)
(1.35 1 0.05)
(1.4 1 0.05)
(1.45 1 0.05)
(1.5 1 0.05)
(1.55 1 0.05)
(1.6 1 0.05)
(1.65 1 0.05)
(1.7 1 0.05)
(1.75 1 0.05)
(1.8 1 0.05)
(1.85 1 0.05)
(1.9 1 0.05)
(1.95 1 0.05)
(2 1 0.05)
(2.05 1 0.05)
(2.1 1 0.05)
(2.15 1 0.05)
(2.2 1 0.05)
(2.25 1 0.05)
(2.3 1 0.05)
(2.35 1 0.05)
(2.4 1 0.05)
(2.45 1 0.05)
(2.5 1 0.05)
(2.55 1 0.05)
(2.6 1 0.05)
(2.65 1 0.05)
(2.7 1 0.05)
(2.75 1 0.05)
(2.8 1 0.05)
(2.85 1 0.05)
(2.9 1 0.05)
(2.95 1 0.05)
(3 1 0.05)
(3.05 1 0.05)
(3.1 1 0.05)
(3.15 1 0.05)
(3.2 1 0.05)
(3.25 1 0.05)
(3.3 1 0.05)
(3.35 1 0.05)
(3.4 1 0.05)
(3.45 1 0.05)
(3.5 1 0.05)
(3.55 1 0.05)
(3.6 1 0.05)
(3.65 1 0.05)
(3.7 1 0.05)
(3.75 1 0.05)
(3.8 1 0.05)
(3.85 1 0.05)
(3.9 1 0.05)
(3.95 1 0.05)
(4 1 0.05)
(4.05 1 0.05)
(4.1 1 0.05)
(4.15 1 0.05)
(4.2 1 0.05)
(4.25 1 0.05)
(4.3 1 0.05)
(4.35 1 0.05)
(4.4 1 0.05)
(4.45 1 0.05)
(4.5 1 0.05)
(4.55 1 0.05)
(4.6 1 0.05)
(4.65 1 0.05)
(4.7 1 0.05)
(4.75 1 0.05)
(4.8 1 0.05)
(4.85 1 0.05)
(4.9 1 0.05)
(4.95 1 0.05)
(5 1 0.05)
(5.05 1 0.05)
(5.1 1 0.05)
(5.15 1 0.05)
(5.2 1 0.05)
(5.25 1 0.05)
(5.3 1 0.05)
(5.35 1 0.05)
(5.4 1 0.05)
(5.45 1 0.05)
(5.5 1 0.05)
(5.55 1 0.05)
(5.6 1 0.05)
(5.65 1 0.05)
(5.7 1 0.05)
(5.75 1 0.05)
(5.8 1 0.05)
(5.85 1 0.05)
(5.9 1 0.05)
(5.95 1 0.05)
(6 1 0.05)
(6.05 1 0.05)
(6.1 1 0.05)
(6.15 1 0.05)
(6.2 1 0.05)
(6.25 1 0.05)
(6.3 1 0.05)
(6.35 1 0.05)
(6.4 1 0.05)
(6.45 1 0.05)
(6.5 1 0.05)
(6.55 1 0.05)
(6.6 1 0.05)
(6.65 1 0.05)
(6.7 1 0.05)
(6.75 1 0.05)
(6.8 1 0.05)
(6.85 1 0.05)
(6.9 1 0.05)
(6.95 1 0.05)
(7 1 0.05)
(7.05 1 0.05)
(7.1 1 0.05)
(7.15 1 0.05)
(7.2 1 0.05)
(7.25 1 0.05)
(7.3 1 0.05)
(7.35 1 0.05)
(7.4 1 0.05)
(7.45 1 0.05)
(7.5 1 0.05)
(7.55 1 0.05)
(7.6 1 0.05)
(7.65 1 0.05)
(7.7 1 0.05)
(7.75 1 0.05)
(7.8 1 0.05)
(7.85 1 0.05)
(7.9 1 0.05)
(7.95 1 0.05)
(8 1 0.05)
(8.05 1 0.05)
(8.1 1 0.05)
(8.15 1 0.05)
(8.2 1 0.05)
(8.25 1 0.05)
(8.3 1 0.05)
(8.35 1 0.05)
(8.4 1 0.05)
(8.45 1 0.05)
(8.5 1 0.05)
(8.55 1 0.05)
(8.6 1 0.05)
(8.65 1 0.05)
(8.7 1 0.05)
(8.75 1 0.05)
(8.8 1 0.05)
(8.85 1 0.05)
(8.9 1 0.05)
(8.95 1 0.05)
(9 1 0.05)
(9.05 1 0.05)
(9.1 1 0.05)
(9.15 1 0.05)
(9.2 1 0.05)
(9.25 1 0.05)
(9.3 1 0.05)
(9.35 1 0.05)
(9.4 1 0.05)
(9.45 1 0.05)
(9.5 1 0.05)
(9.55 1 0.05)
(9.6 1 0.05)
(9.65 1 0.05)
(9.7 1 0.05)
(9.75 1 0.05)
(9.8 1 0.05)
(9.85 1 0.05)
(9.9 1 0.05)
(9.95 1 0.05)
(10 1 0.05)
(0 0 0.06)
(0.05 0 0.06)
(0.1 0 0.06)
(0.15 0 0.06)
(0.2 0 0.06)
(0.25 0 0.06)
(0.3 0 0.06)
(0.35 0 0.06)
(0.4 0 0.06)
(0.45 0 0.06)
(0.5 0 0.06)
(0.55 0 0.06)
(0.6 0 0.06)
(0.65 0 0.06)
(0.7 0 0.06)
(0.75 0 0.06)
(0.8 0 0.06)
(0.85 0 0.06)
(0.9 0 0.06)
(0.95 0 0.06)
(1 0 0.06)
(1.05 0 0.06)
(1.1 0 0.06)
(1.15 0 0.06)
(1.2 0 0.06)
(1.25 0 0.06)
(1.3 0 0.06)
(1.35 0 0.06)
(1.4 0 0.06)
(1.45 0 0.06)
(1.5 0 0.06)
(1.55 0 0.06)
(1.6 0 0.06)
(1.65 0 0.06)
(1.7 0 0.06)
(1.75 0 0.06)
(1.8 0 0.06)
(1.85 0 0.06)
(1.9 0 0.06)
(1.95 0 0.06)
(2 0 0.06)
(2.05 0 0.06)
(2.1 0 0.06)
(2.15 0 0.06)
(2.2 0 0.06)
(2.25 0 0.06)
(2.3 0 0.06)
(2.35 0 0.06)
(2.4 0 0.06)
(2.45 0 0.06)
(2.5 0 0.06)
(2.55 0 0.06)
(2.6 0 0.06)
(2.65 0 0.06)
(2.7 0 0.06)
(2.75 0 0.06)
(2.8 0 0.06)
(2.85 0 0.06)
(2.9 0 0.06)
(2.95 0 0.06)
(3 0 0.06)
(3.05 0 0.06)
(3.1 0 0.06)
(3.15 0 0.06)
(3.2 0 0.06)
(3.25 0 0.06)
(3.3 0 0.06)
(3.35 0 0.06)
(3.4 0 0.06)
(3.45 0 0.06)
(3.5 0 0.06)
(3.55 0 0.06)
(3.6 0 0.06)
(3.65 0 0.06)
(3.7 0 0.06)
(3.75 0 0.06)
(3.8 0 0.06)
(3.85 0 0.06)
(3.9 0 0.06)
(3.95 0 0.06)
(4 0 0.06)
(4.05 0 0.06)
(4.1 0 0.06)
(4.15 0 0.06)
(4.2 0 0.06)
(4.25 0 0.06)
(4.3 0 0.06)
(4.35 0 0.06)
(4.4 0 0.06)
(4.45 0 0.06)
(4.5 0 0.06)
(4.55 0 0.06)
(4.6 0 0.06)
(4.65 0 0.06)
(4.7 0 0.06)
(4.75 0 0.06)
(4.8 0 0.06)
(4.85 0 0.06)
(4.9 0 0.06)
(4.95 0 0.06)
(5 0 0.06)
(5.05 0 0.06)
(5.1 0 0.06)
(5.15 0 0.06)
(5.2 0 0.06)
(5.25 0 0.06)
(5.3 0 0.06)
(5.35 0 0.06)
(5.4 0 0.06)
(5.45 0 0.06)
(5.5 0 0.06)
(5.55 0 0.06)
(5.6 0 0.06)
(5.65 0 0.06)
(5.7 0 0.06)
(5.75 0 0.06)
(5.8 0 0.06)
(5.85 0 0.06)
(5.9 0 0.06)
(5.95 0 0.06)
(6 0 0.06)
(6.05 0 0.06)
(6.1 0 0.06)
(6.15 0 0.06)
(6.2 0 0.06)
(6.25 0 0.06)
(6.3 0 0.06)
(6.35 0 0.06)
(6.4 0 0.06)
(6.45 0 0.06)
(6.5 0 0.06)
(6.55 0 0.06)
(6.6 0 0.06)
(6.65 0 0.06)
(6.7 0 0.06)
(6.75 0 0.06)
(6.8 0 0.06)
(6.85 0 0.06)
(6.9 0 0.06)
(6.95 0 0.06)
(7 0 0.06)
(7.05 0 0.06)
(7.1 0 0.06)
(7.15 0 0.06)
(7.2 0 0.06)
(7.25 0 0.06)
(7.3 0 0.06)
(7.35 0 0.06)
(7.4 0 0.06)
(7.45 0 0.06)
(7.5 0 0.06)
(7.55 0 0.06)
(7.6 0 0.06)
(7.65 0 0.06)
(7.7 0 0.06)
(7.75 0 0.06)
(7.8 0 0.06)
(7.85 0 0.06)
(7.9 0 0.06)
(7.95 0 0.06)
(8 0 0.06)
(8.05 0 0.06)
(8.1 0 0.06)
(8.15 0 0.06)
(8.2 0 0.06)
(8.25 0 0.06)
(8.3 0 0.06)
(8.35 0 0.06)
(8.4 0 0.06)
(8.45 0 0.06)
(8.5 0 0.06)
(8.55 0 0.06)
(8.6 0 0.06)
(8.65 0 0.06)
(8.7 0 0.06)
(8.75 0 0.06)
(8.8 0 0.06)
(8.85 0 0.06)
(8.9 0 0.06)
(8.95 0 0.06)
(9 0 0.06)
(9.05 0 0.06)
(9.1 0 0.06)
(9.15 0 0.06)
(9.2 0 0.06)
(9.25 0 0.06)
(9.3 0 0.06)
(9.35 0 0.06)
(9.4 0 0.06)
(9.45 0 0.06)
(9.5 0 0.06)
(9.55 0 0.06)
(9.6 0 0.06)
(9.65 0 0.06)
(9.7 0 0.06)
(9.75 0 0.06)
(9.8 0 0.06)
(9.85 0 0.06)
(9.9 0 0.06)
(9.95 0 0.06)
(10 0 0.06)
(0 0.05 0.06)
(0.05 0.05 0.06)
(0.1 0.05 0.06)
(0.15 0.05 0.06)
(0.2 0.05 0.06)
(0.25 0.05 0.06)
(0.3 0.05 0.06)
(0.35 0.05 0.06)
(0.4 0.05 0.06)
(0.45 0.05 0.06)
(0.5 0.05 0.06)
(0.55 0.05 0.06)
(0.6 0.05 0.06)
(0.65 0.05 0.06)
(0.7 0.05 0.06)
(0.75 0.05 0.06)
(0.8 0.05 0.06)
(0.85 0.05 0.06)
(0.9 0.05 0.06)
(0.95 0.05 0.06)
(1 0.05 0.06)
(1.05 0.05 0.06)
(1.1 0.05 0.06)
(1.15 0.05 0.06)
(1.2 0.05 0.06)
(1.25 0.05 0.06)
(1.3 0.05 0.06)
(1.35 0.05 0.06)
(1.4 0.05 0.06)
(1.45 0.05 0.06)
(1.5 0.05 0.06)
(1.55 0.05 0.06)
(1.6 0.05 0.06)
(1.65 0.05 0.06)
(1.7 0.05 0.06)
(1.75 0.05 0.06)
(1.8 0.05 0.06)
(1.85 0.05 0.06)
(1.9 0.05 0.06)
(1.95 0.05 0.06)
(2 0.05 0.06)
(2.05 0.05 0.06)
(2.1 0.05 0.06)
(2.15 0.05 0.06)
(2.2 0.05 0.06)
(2.25 0.05 0.06)
(2.3 0.05 0.06)
(2.35 0.05 0.06)
(2.4 0.05 0.06)
(2.45 0.05 0.06)
(2.5 0.05 0.06)
(2.55 0.05 0.06)
(2.6 0.05 0.06)
(2.65 0.05 0.06)
(2.7 0.05 0.06)
(2.75 0.05 0.06)
(2.8 0.05 0.06)
(2.85 0.05 0.06)
(2.9 0.05 0.06)
(2.95 0.05 0.06)
(3 0.05 0.06)
(3.05 0.05 0.06)
(3.1 0.05 0.06)
(3.15 0.05 0.06)
(3.2 0.05 0.06)
(3.25 0.05 0.06)
(3.3 0.05 0.06)
(3.35 0.05 0.06)
(3.4 0.05 0.06)
(3.45 0.05 0.06)
(3.5 0.05 0.06)
(3.55 0.05 0.06)
(3.6 0.05 0.06)
(3.65 0.05 0.06)
(3.7 0.05 0.06)
(3.75 0.05 0.06)
(3.8 0.05 0.06)
(3.85 0.05 0.06)
(3.9 0.05 0.06)
(3.95 0.05 0.06)
(4 0.05 0.06)
(4.05 0.05 0.06)
(4.1 0.05 0.06)
(4.15 0.05 0.06)
(4.2 0.05 0.06)
(4.25 0.05 0.06)
(4.3 0.05 0.06)
(4.35 0.05 0.06)
(4.4 0.05 0.06)
(4.45 0.05 0.06)
(4.5 0.05 0.06)
(4.55 0.05 0.06)
(4.6 0.05 0.06)
(4.65 0.05 0.06)
(4.7 0.05 0.06)
(4.75 0.05 0.06)
(4.8 0.05 0.06)
(4.85 0.05 0.06)
(4.9 0.05 0.06)
(4.95 0.05 0.06)
(5 0.05 0.06)
(5.05 0.05 0.06)
(5.1 0.05 0.06)
(5.15 0.05 0.06)
(5.2 0.05 0.06)
(5.25 0.05 0.06)
(5.3 0.05 0.06)
(5.35 0.05 0.06)
(5.4 0.05 0.06)
(5.45 0.05 0.06)
(5.5 0.05 0.06)
(5.55 0.05 0.06)
(5.6 0.05 0.06)
(5.65 0.05 0.06)
(5.7 0.05 0.06)
(5.75 0.05 0.06)
(5.8 0.05 0.06)
(5.85 0.05 0.06)
(5.9 0.05 0.06)
(5.95 0.05 0.06)
(6 0.05 0.06)
(6.05 0.05 0.06)
(6.1 0.05 0.06)
(6.15 0.05 0.06)
(6.2 0.05 0.06)
(6.25 0.05 0.06)
(6.3 0.05 0.06)
(6.35 0.05 0.06)
(6.4 0.05 0.06)
(6.45 0.05 0.06)
(6.5 0.05 0.06)
(6.55 0.05 0.06)
(6.6 0.05 0.06)
(6.65 0.05 0.06)
(6.7 0.05 0.06)
(6.75 0.05 0.06)
(6.8 0.05 0.06)
(6.85 0.05 0.06)
(6.9 0.05 0.06)
(6.95 0.05 0.06)
(7 0.05 0.06)
(7.05 0.05 0.06)
(7.1 0.05 0.06)
(7.15 0.05 0.06)
(7.2 0.05 0.06)
(7.25 0.05 0.06)
(7.3 0.05 0.06)
(7.35 0.05 0.06)
(7.4 0.05 0.06)
(7.45 0.05 0.06)
(7.5 0.05 0.06)
(7.55 0.05 0.06)
(7.6 0.05 0.06)
(7.65 0.05 0.06)
(7.7 0.05 0.06)
(7.75 0.05 0.06)
(7.8 0.05 0.06)
(7.85 0.05 0.06)
(7.9 0.05 0.06)
(7.95 0.05 0.06)
(8 0.05 0.06)
(8.05 0.05 0.06)
(8.1 0.05 0.06)
(8.15 0.05 0.06)
(8.2 0.05 0.06)
(8.25 0.05 0.06)
(8.3 0.05 0.06)
(8.35 0.05 0.06)
(8.4 0.05 0.06)
(8.45 0.05 0.06)
(8.5 0.05 0.06)
(8.55 0.05 0.06)
(8.6 0.05 0.06)
(8.65 0.05 0.06)
(8.7 0.05 0.06)
(8.75 0.05 0.06)
(8.8 0.05 0.06)
(8.85 0.05 0.06)
(8.9 0.05 0.06)
(8.95 0.05 0.06)
(9 0.05 0.06)
(9.05 0.05 0.06)
(9.1 0.05 0.06)
(9.15 0.05 0.06)
(9.2 0.05 0.06)
(9.25 0.05 0.06)
(9.3 0.05 0.06)
(9.35 0.05 0.06)
(9.4 0.05 0.06)
(9.45 0.05 0.06)
(9.5 0.05 0.06)
(9.55 0.05 0.06)
(9.6 0.05 0.06)
(9.65 0.05 0.06)
(9.7 0.05 0.06)
(9.75 0.05 0.06)
(9.8 0.05 0.06)
(9.85 0.05 0.06)
(9.9 0.05 0.06)
(9.95 0.05 0.06)
(10 0.05 0.06)
(0 0.1 0.06)
(0.05 0.1 0.06)
(0.1 0.1 0.06)
(0.15 0.1 0.06)
(0.2 0.1 0.06)
(0.25 0.1 0.06)
(0.3 0.1 0.06)
(0.35 0.1 0.06)
(0.4 0.1 0.06)
(0.45 0.1 0.06)
(0.5 0.1 0.06)
(0.55 0.1 0.06)
(0.6 0.1 0.06)
(0.65 0.1 0.06)
(0.7 0.1 0.06)
(0.75 0.1 0.06)
(0.8 0.1 0.06)
(0.85 0.1 0.06)
(0.9 0.1 0.06)
(0.95 0.1 0.06)
(1 0.1 0.06)
(1.05 0.1 0.06)
(1.1 0.1 0.06)
(1.15 0.1 0.06)
(1.2 0.1 0.06)
(1.25 0.1 0.06)
(1.3 0.1 0.06)
(1.35 0.1 0.06)
(1.4 0.1 0.06)
(1.45 0.1 0.06)
(1.5 0.1 0.06)
(1.55 0.1 0.06)
(1.6 0.1 0.06)
(1.65 0.1 0.06)
(1.7 0.1 0.06)
(1.75 0.1 0.06)
(1.8 0.1 0.06)
(1.85 0.1 0.06)
(1.9 0.1 0.06)
(1.95 0.1 0.06)
(2 0.1 0.06)
(2.05 0.1 0.06)
(2.1 0.1 0.06)
(2.15 0.1 0.06)
(2.2 0.1 0.06)
(2.25 0.1 0.06)
(2.3 0.1 0.06)
(2.35 0.1 0.06)
(2.4 0.1 0.06)
(2.45 0.1 0.06)
(2.5 0.1 0.06)
(2.55 0.1 0.06)
(2.6 0.1 0.06)
(2.65 0.1 0.06)
(2.7 0.1 0.06)
(2.75 0.1 0.06)
(2.8 0.1 0.06)
(2.85 0.1 0.06)
(2.9 0.1 0.06)
(2.95 0.1 0.06)
(3 0.1 0.06)
(3.05 0.1 0.06)
(3.1 0.1 0.06)
(3.15 0.1 0.06)
(3.2 0.1 0.06)
(3.25 0.1 0.06)
(3.3 0.1 0.06)
(3.35 0.1 0.06)
(3.4 0.1 0.06)
(3.45 0.1 0.06)
(3.5 0.1 0.06)
(3.55 0.1 0.06)
(3.6 0.1 0.06)
(3.65 0.1 0.06)
(3.7 0.1 0.06)
(3.75 0.1 0.06)
(3.8 0.1 0.06)
(3.85 0.1 0.06)
(3.9 0.1 0.06)
(3.95 0.1 0.06)
(4 0.1 0.06)
(4.05 0.1 0.06)
(4.1 0.1 0.06)
(4.15 0.1 0.06)
(4.2 0.1 0.06)
(4.25 0.1 0.06)
(4.3 0.1 0.06)
(4.35 0.1 0.06)
(4.4 0.1 0.06)
(4.45 0.1 0.06)
(4.5 0.1 0.06)
(4.55 0.1 0.06)
(4.6 0.1 0.06)
(4.65 0.1 0.06)
(4.7 0.1 0.06)
(4.75 0.1 0.06)
(4.8 0.1 0.06)
(4.85 0.1 0.06)
(4.9 0.1 0.06)
(4.95 0.1 0.06)
(5 0.1 0.06)
(5.05 0.1 0.06)
(5.1 0.1 0.06)
(5.15 0.1 0.06)
(5.2 0.1 0.06)
(5.25 0.1 0.06)
(5.3 0.1 0.06)
(5.35 0.1 0.06)
(5.4 0.1 0.06)
(5.45 0.1 0.06)
(5.5 0.1 0.06)
(5.55 0.1 0.06)
(5.6 0.1 0.06)
(5.65 0.1 0.06)
(5.7 0.1 0.06)
(5.75 0.1 0.06)
(5.8 0.1 0.06)
(5.85 0.1 0.06)
(5.9 0.1 0.06)
(5.95 0.1 0.06)
(6 0.1 0.06)
(6.05 0.1 0.06)
(6.1 0.1 0.06)
(6.15 0.1 0.06)
(6.2 0.1 0.06)
(6.25 0.1 0.06)
(6.3 0.1 0.06)
(6.35 0.1 0.06)
(6.4 0.1 0.06)
(6.45 0.1 0.06)
(6.5 0.1 0.06)
(6.55 0.1 0.06)
(6.6 0.1 0.06)
(6.65 0.1 0.06)
(6.7 0.1 0.06)
(6.75 0.1 0.06)
(6.8 0.1 0.06)
(6.85 0.1 0.06)
(6.9 0.1 0.06)
(6.95 0.1 0.06)
(7 0.1 0.06)
(7.05 0.1 0.06)
(7.1 0.1 0.06)
(7.15 0.1 0.06)
(7.2 0.1 0.06)
(7.25 0.1 0.06)
(7.3 0.1 0.06)
(7.35 0.1 0.06)
(7.4 0.1 0.06)
(7.45 0.1 0.06)
(7.5 0.1 0.06)
(7.55 0.1 0.06)
(7.6 0.1 0.06)
(7.65 0.1 0.06)
(7.7 0.1 0.06)
(7.75 0.1 0.06)
(7.8 0.1 0.06)
(7.85 0.1 0.06)
(7.9 0.1 0.06)
(7.95 0.1 0.06)
(8 0.1 0.06)
(8.05 0.1 0.06)
(8.1 0.1 0.06)
(8.15 0.1 0.06)
(8.2 0.1 0.06)
(8.25 0.1 0.06)
(8.3 0.1 0.06)
(8.35 0.1 0.06)
(8.4 0.1 0.06)
(8.45 0.1 0.06)
(8.5 0.1 0.06)
(8.55 0.1 0.06)
(8.6 0.1 0.06)
(8.65 0.1 0.06)
(8.7 0.1 0.06)
(8.75 0.1 0.06)
(8.8 0.1 0.06)
(8.85 0.1 0.06)
(8.9 0.1 0.06)
(8.95 0.1 0.06)
(9 0.1 0.06)
(9.05 0.1 0.06)
(9.1 0.1 0.06)
(9.15 0.1 0.06)
(9.2 0.1 0.06)
(9.25 0.1 0.06)
(9.3 0.1 0.06)
(9.35 0.1 0.06)
(9.4 0.1 0.06)
(9.45 0.1 0.06)
(9.5 0.1 0.06)
(9.55 0.1 0.06)
(9.6 0.1 0.06)
(9.65 0.1 0.06)
(9.7 0.1 0.06)
(9.75 0.1 0.06)
(9.8 0.1 0.06)
(9.85 0.1 0.06)
(9.9 0.1 0.06)
(9.95 0.1 0.06)
(10 0.1 0.06)
(0 0.15 0.06)
(0.05 0.15 0.06)
(0.1 0.15 0.06)
(0.15 0.15 0.06)
(0.2 0.15 0.06)
(0.25 0.15 0.06)
(0.3 0.15 0.06)
(0.35 0.15 0.06)
(0.4 0.15 0.06)
(0.45 0.15 0.06)
(0.5 0.15 0.06)
(0.55 0.15 0.06)
(0.6 0.15 0.06)
(0.65 0.15 0.06)
(0.7 0.15 0.06)
(0.75 0.15 0.06)
(0.8 0.15 0.06)
(0.85 0.15 0.06)
(0.9 0.15 0.06)
(0.95 0.15 0.06)
(1 0.15 0.06)
(1.05 0.15 0.06)
(1.1 0.15 0.06)
(1.15 0.15 0.06)
(1.2 0.15 0.06)
(1.25 0.15 0.06)
(1.3 0.15 0.06)
(1.35 0.15 0.06)
(1.4 0.15 0.06)
(1.45 0.15 0.06)
(1.5 0.15 0.06)
(1.55 0.15 0.06)
(1.6 0.15 0.06)
(1.65 0.15 0.06)
(1.7 0.15 0.06)
(1.75 0.15 0.06)
(1.8 0.15 0.06)
(1.85 0.15 0.06)
(1.9 0.15 0.06)
(1.95 0.15 0.06)
(2 0.15 0.06)
(2.05 0.15 0.06)
(2.1 0.15 0.06)
(2.15 0.15 0.06)
(2.2 0.15 0.06)
(2.25 0.15 0.06)
(2.3 0.15 0.06)
(2.35 0.15 0.06)
(2.4 0.15 0.06)
(2.45 0.15 0.06)
(2.5 0.15 0.06)
(2.55 0.15 0.06)
(2.6 0.15 0.06)
(2.65 0.15 0.06)
(2.7 0.15 0.06)
(2.75 0.15 0.06)
(2.8 0.15 0.06)
(2.85 0.15 0.06)
(2.9 0.15 0.06)
(2.95 0.15 0.06)
(3 0.15 0.06)
(3.05 0.15 0.06)
(3.1 0.15 0.06)
(3.15 0.15 0.06)
(3.2 0.15 0.06)
(3.25 0.15 0.06)
(3.3 0.15 0.06)
(3.35 0.15 0.06)
(3.4 0.15 0.06)
(3.45 0.15 0.06)
(3.5 0.15 0.06)
(3.55 0.15 0.06)
(3.6 0.15 0.06)
(3.65 0.15 0.06)
(3.7 0.15 0.06)
(3.75 0.15 0.06)
(3.8 0.15 0.06)
(3.85 0.15 0.06)
(3.9 0.15 0.06)
(3.95 0.15 0.06)
(4 0.15 0.06)
(4.05 0.15 0.06)
(4.1 0.15 0.06)
(4.15 0.15 0.06)
(4.2 0.15 0.06)
(4.25 0.15 0.06)
(4.3 0.15 0.06)
(4.35 0.15 0.06)
(4.4 0.15 0.06)
(4.45 0.15 0.06)
(4.5 0.15 0.06)
(4.55 0.15 0.06)
(4.6 0.15 0.06)
(4.65 0.15 0.06)
(4.7 0.15 0.06)
(4.75 0.15 0.06)
(4.8 0.15 0.06)
(4.85 0.15 0.06)
(4.9 0.15 0.06)
(4.95 0.15 0.06)
(5 0.15 0.06)
(5.05 0.15 0.06)
(5.1 0.15 0.06)
(5.15 0.15 0.06)
(5.2 0.15 0.06)
(5.25 0.15 0.06)
(5.3 0.15 0.06)
(5.35 0.15 0.06)
(5.4 0.15 0.06)
(5.45 0.15 0.06)
(5.5 0.15 0.06)
(5.55 0.15 0.06)
(5.6 0.15 0.06)
(5.65 0.15 0.06)
(5.7 0.15 0.06)
(5.75 0.15 0.06)
(5.8 0.15 0.06)
(5.85 0.15 0.06)
(5.9 0.15 0.06)
(5.95 0.15 0.06)
(6 0.15 0.06)
(6.05 0.15 0.06)
(6.1 0.15 0.06)
(6.15 0.15 0.06)
(6.2 0.15 0.06)
(6.25 0.15 0.06)
(6.3 0.15 0.06)
(6.35 0.15 0.06)
(6.4 0.15 0.06)
(6.45 0.15 0.06)
(6.5 0.15 0.06)
(6.55 0.15 0.06)
(6.6 0.15 0.06)
(6.65 0.15 0.06)
(6.7 0.15 0.06)
(6.75 0.15 0.06)
(6.8 0.15 0.06)
(6.85 0.15 0.06)
(6.9 0.15 0.06)
(6.95 0.15 0.06)
(7 0.15 0.06)
(7.05 0.15 0.06)
(7.1 0.15 0.06)
(7.15 0.15 0.06)
(7.2 0.15 0.06)
(7.25 0.15 0.06)
(7.3 0.15 0.06)
(7.35 0.15 0.06)
(7.4 0.15 0.06)
(7.45 0.15 0.06)
(7.5 0.15 0.06)
(7.55 0.15 0.06)
(7.6 0.15 0.06)
(7.65 0.15 0.06)
(7.7 0.15 0.06)
(7.75 0.15 0.06)
(7.8 0.15 0.06)
(7.85 0.15 0.06)
(7.9 0.15 0.06)
(7.95 0.15 0.06)
(8 0.15 0.06)
(8.05 0.15 0.06)
(8.1 0.15 0.06)
(8.15 0.15 0.06)
(8.2 0.15 0.06)
(8.25 0.15 0.06)
(8.3 0.15 0.06)
(8.35 0.15 0.06)
(8.4 0.15 0.06)
(8.45 0.15 0.06)
(8.5 0.15 0.06)
(8.55 0.15 0.06)
(8.6 0.15 0.06)
(8.65 0.15 0.06)
(8.7 0.15 0.06)
(8.75 0.15 0.06)
(8.8 0.15 0.06)
(8.85 0.15 0.06)
(8.9 0.15 0.06)
(8.95 0.15 0.06)
(9 0.15 0.06)
(9.05 0.15 0.06)
(9.1 0.15 0.06)
(9.15 0.15 0.06)
(9.2 0.15 0.06)
(9.25 0.15 0.06)
(9.3 0.15 0.06)
(9.35 0.15 0.06)
(9.4 0.15 0.06)
(9.45 0.15 0.06)
(9.5 0.15 0.06)
(9.55 0.15 0.06)
(9.6 0.15 0.06)
(9.65 0.15 0.06)
(9.7 0.15 0.06)
(9.75 0.15 0.06)
(9.8 0.15 0.06)
(9.85 0.15 0.06)
(9.9 0.15 0.06)
(9.95 0.15 0.06)
(10 0.15 0.06)
(0 0.2 0.06)
(0.05 0.2 0.06)
(0.1 0.2 0.06)
(0.15 0.2 0.06)
(0.2 0.2 0.06)
(0.25 0.2 0.06)
(0.3 0.2 0.06)
(0.35 0.2 0.06)
(0.4 0.2 0.06)
(0.45 0.2 0.06)
(0.5 0.2 0.06)
(0.55 0.2 0.06)
(0.6 0.2 0.06)
(0.65 0.2 0.06)
(0.7 0.2 0.06)
(0.75 0.2 0.06)
(0.8 0.2 0.06)
(0.85 0.2 0.06)
(0.9 0.2 0.06)
(0.95 0.2 0.06)
(1 0.2 0.06)
(1.05 0.2 0.06)
(1.1 0.2 0.06)
(1.15 0.2 0.06)
(1.2 0.2 0.06)
(1.25 0.2 0.06)
(1.3 0.2 0.06)
(1.35 0.2 0.06)
(1.4 0.2 0.06)
(1.45 0.2 0.06)
(1.5 0.2 0.06)
(1.55 0.2 0.06)
(1.6 0.2 0.06)
(1.65 0.2 0.06)
(1.7 0.2 0.06)
(1.75 0.2 0.06)
(1.8 0.2 0.06)
(1.85 0.2 0.06)
(1.9 0.2 0.06)
(1.95 0.2 0.06)
(2 0.2 0.06)
(2.05 0.2 0.06)
(2.1 0.2 0.06)
(2.15 0.2 0.06)
(2.2 0.2 0.06)
(2.25 0.2 0.06)
(2.3 0.2 0.06)
(2.35 0.2 0.06)
(2.4 0.2 0.06)
(2.45 0.2 0.06)
(2.5 0.2 0.06)
(2.55 0.2 0.06)
(2.6 0.2 0.06)
(2.65 0.2 0.06)
(2.7 0.2 0.06)
(2.75 0.2 0.06)
(2.8 0.2 0.06)
(2.85 0.2 0.06)
(2.9 0.2 0.06)
(2.95 0.2 0.06)
(3 0.2 0.06)
(3.05 0.2 0.06)
(3.1 0.2 0.06)
(3.15 0.2 0.06)
(3.2 0.2 0.06)
(3.25 0.2 0.06)
(3.3 0.2 0.06)
(3.35 0.2 0.06)
(3.4 0.2 0.06)
(3.45 0.2 0.06)
(3.5 0.2 0.06)
(3.55 0.2 0.06)
(3.6 0.2 0.06)
(3.65 0.2 0.06)
(3.7 0.2 0.06)
(3.75 0.2 0.06)
(3.8 0.2 0.06)
(3.85 0.2 0.06)
(3.9 0.2 0.06)
(3.95 0.2 0.06)
(4 0.2 0.06)
(4.05 0.2 0.06)
(4.1 0.2 0.06)
(4.15 0.2 0.06)
(4.2 0.2 0.06)
(4.25 0.2 0.06)
(4.3 0.2 0.06)
(4.35 0.2 0.06)
(4.4 0.2 0.06)
(4.45 0.2 0.06)
(4.5 0.2 0.06)
(4.55 0.2 0.06)
(4.6 0.2 0.06)
(4.65 0.2 0.06)
(4.7 0.2 0.06)
(4.75 0.2 0.06)
(4.8 0.2 0.06)
(4.85 0.2 0.06)
(4.9 0.2 0.06)
(4.95 0.2 0.06)
(5 0.2 0.06)
(5.05 0.2 0.06)
(5.1 0.2 0.06)
(5.15 0.2 0.06)
(5.2 0.2 0.06)
(5.25 0.2 0.06)
(5.3 0.2 0.06)
(5.35 0.2 0.06)
(5.4 0.2 0.06)
(5.45 0.2 0.06)
(5.5 0.2 0.06)
(5.55 0.2 0.06)
(5.6 0.2 0.06)
(5.65 0.2 0.06)
(5.7 0.2 0.06)
(5.75 0.2 0.06)
(5.8 0.2 0.06)
(5.85 0.2 0.06)
(5.9 0.2 0.06)
(5.95 0.2 0.06)
(6 0.2 0.06)
(6.05 0.2 0.06)
(6.1 0.2 0.06)
(6.15 0.2 0.06)
(6.2 0.2 0.06)
(6.25 0.2 0.06)
(6.3 0.2 0.06)
(6.35 0.2 0.06)
(6.4 0.2 0.06)
(6.45 0.2 0.06)
(6.5 0.2 0.06)
(6.55 0.2 0.06)
(6.6 0.2 0.06)
(6.65 0.2 0.06)
(6.7 0.2 0.06)
(6.75 0.2 0.06)
(6.8 0.2 0.06)
(6.85 0.2 0.06)
(6.9 0.2 0.06)
(6.95 0.2 0.06)
(7 0.2 0.06)
(7.05 0.2 0.06)
(7.1 0.2 0.06)
(7.15 0.2 0.06)
(7.2 0.2 0.06)
(7.25 0.2 0.06)
(7.3 0.2 0.06)
(7.35 0.2 0.06)
(7.4 0.2 0.06)
(7.45 0.2 0.06)
(7.5 0.2 0.06)
(7.55 0.2 0.06)
(7.6 0.2 0.06)
(7.65 0.2 0.06)
(7.7 0.2 0.06)
(7.75 0.2 0.06)
(7.8 0.2 0.06)
(7.85 0.2 0.06)
(7.9 0.2 0.06)
(7.95 0.2 0.06)
(8 0.2 0.06)
(8.05 0.2 0.06)
(8.1 0.2 0.06)
(8.15 0.2 0.06)
(8.2 0.2 0.06)
(8.25 0.2 0.06)
(8.3 0.2 0.06)
(8.35 0.2 0.06)
(8.4 0.2 0.06)
(8.45 0.2 0.06)
(8.5 0.2 0.06)
(8.55 0.2 0.06)
(8.6 0.2 0.06)
(8.65 0.2 0.06)
(8.7 0.2 0.06)
(8.75 0.2 0.06)
(8.8 0.2 0.06)
(8.85 0.2 0.06)
(8.9 0.2 0.06)
(8.95 0.2 0.06)
(9 0.2 0.06)
(9.05 0.2 0.06)
(9.1 0.2 0.06)
(9.15 0.2 0.06)
(9.2 0.2 0.06)
(9.25 0.2 0.06)
(9.3 0.2 0.06)
(9.35 0.2 0.06)
(9.4 0.2 0.06)
(9.45 0.2 0.06)
(9.5 0.2 0.06)
(9.55 0.2 0.06)
(9.6 0.2 0.06)
(9.65 0.2 0.06)
(9.7 0.2 0.06)
(9.75 0.2 0.06)
(9.8 0.2 0.06)
(9.85 0.2 0.06)
(9.9 0.2 0.06)
(9.95 0.2 0.06)
(10 0.2 0.06)
(0 0.25 0.06)
(0.05 0.25 0.06)
(0.1 0.25 0.06)
(0.15 0.25 0.06)
(0.2 0.25 0.06)
(0.25 0.25 0.06)
(0.3 0.25 0.06)
(0.35 0.25 0.06)
(0.4 0.25 0.06)
(0.45 0.25 0.06)
(0.5 0.25 0.06)
(0.55 0.25 0.06)
(0.6 0.25 0.06)
(0.65 0.25 0.06)
(0.7 0.25 0.06)
(0.75 0.25 0.06)
(0.8 0.25 0.06)
(0.85 0.25 0.06)
(0.9 0.25 0.06)
(0.95 0.25 0.06)
(1 0.25 0.06)
(1.05 0.25 0.06)
(1.1 0.25 0.06)
(1.15 0.25 0.06)
(1.2 0.25 0.06)
(1.25 0.25 0.06)
(1.3 0.25 0.06)
(1.35 0.25 0.06)
(1.4 0.25 0.06)
(1.45 0.25 0.06)
(1.5 0.25 0.06)
(1.55 0.25 0.06)
(1.6 0.25 0.06)
(1.65 0.25 0.06)
(1.7 0.25 0.06)
(1.75 0.25 0.06)
(1.8 0.25 0.06)
(1.85 0.25 0.06)
(1.9 0.25 0.06)
(1.95 0.25 0.06)
(2 0.25 0.06)
(2.05 0.25 0.06)
(2.1 0.25 0.06)
(2.15 0.25 0.06)
(2.2 0.25 0.06)
(2.25 0.25 0.06)
(2.3 0.25 0.06)
(2.35 0.25 0.06)
(2.4 0.25 0.06)
(2.45 0.25 0.06)
(2.5 0.25 0.06)
(2.55 0.25 0.06)
(2.6 0.25 0.06)
(2.65 0.25 0.06)
(2.7 0.25 0.06)
(2.75 0.25 0.06)
(2.8 0.25 0.06)
(2.85 0.25 0.06)
(2.9 0.25 0.06)
(2.95 0.25 0.06)
(3 0.25 0.06)
(3.05 0.25 0.06)
(3.1 0.25 0.06)
(3.15 0.25 0.06)
(3.2 0.25 0.06)
(3.25 0.25 0.06)
(3.3 0.25 0.06)
(3.35 0.25 0.06)
(3.4 0.25 0.06)
(3.45 0.25 0.06)
(3.5 0.25 0.06)
(3.55 0.25 0.06)
(3.6 0.25 0.06)
(3.65 0.25 0.06)
(3.7 0.25 0.06)
(3.75 0.25 0.06)
(3.8 0.25 0.06)
(3.85 0.25 0.06)
(3.9 0.25 0.06)
(3.95 0.25 0.06)
(4 0.25 0.06)
(4.05 0.25 0.06)
(4.1 0.25 0.06)
(4.15 0.25 0.06)
(4.2 0.25 0.06)
(4.25 0.25 0.06)
(4.3 0.25 0.06)
(4.35 0.25 0.06)
(4.4 0.25 0.06)
(4.45 0.25 0.06)
(4.5 0.25 0.06)
(4.55 0.25 0.06)
(4.6 0.25 0.06)
(4.65 0.25 0.06)
(4.7 0.25 0.06)
(4.75 0.25 0.06)
(4.8 0.25 0.06)
(4.85 0.25 0.06)
(4.9 0.25 0.06)
(4.95 0.25 0.06)
(5 0.25 0.06)
(5.05 0.25 0.06)
(5.1 0.25 0.06)
(5.15 0.25 0.06)
(5.2 0.25 0.06)
(5.25 0.25 0.06)
(5.3 0.25 0.06)
(5.35 0.25 0.06)
(5.4 0.25 0.06)
(5.45 0.25 0.06)
(5.5 0.25 0.06)
(5.55 0.25 0.06)
(5.6 0.25 0.06)
(5.65 0.25 0.06)
(5.7 0.25 0.06)
(5.75 0.25 0.06)
(5.8 0.25 0.06)
(5.85 0.25 0.06)
(5.9 0.25 0.06)
(5.95 0.25 0.06)
(6 0.25 0.06)
(6.05 0.25 0.06)
(6.1 0.25 0.06)
(6.15 0.25 0.06)
(6.2 0.25 0.06)
(6.25 0.25 0.06)
(6.3 0.25 0.06)
(6.35 0.25 0.06)
(6.4 0.25 0.06)
(6.45 0.25 0.06)
(6.5 0.25 0.06)
(6.55 0.25 0.06)
(6.6 0.25 0.06)
(6.65 0.25 0.06)
(6.7 0.25 0.06)
(6.75 0.25 0.06)
(6.8 0.25 0.06)
(6.85 0.25 0.06)
(6.9 0.25 0.06)
(6.95 0.25 0.06)
(7 0.25 0.06)
(7.05 0.25 0.06)
(7.1 0.25 0.06)
(7.15 0.25 0.06)
(7.2 0.25 0.06)
(7.25 0.25 0.06)
(7.3 0.25 0.06)
(7.35 0.25 0.06)
(7.4 0.25 0.06)
(7.45 0.25 0.06)
(7.5 0.25 0.06)
(7.55 0.25 0.06)
(7.6 0.25 0.06)
(7.65 0.25 0.06)
(7.7 0.25 0.06)
(7.75 0.25 0.06)
(7.8 0.25 0.06)
(7.85 0.25 0.06)
(7.9 0.25 0.06)
(7.95 0.25 0.06)
(8 0.25 0.06)
(8.05 0.25 0.06)
(8.1 0.25 0.06)
(8.15 0.25 0.06)
(8.2 0.25 0.06)
(8.25 0.25 0.06)
(8.3 0.25 0.06)
(8.35 0.25 0.06)
(8.4 0.25 0.06)
(8.45 0.25 0.06)
(8.5 0.25 0.06)
(8.55 0.25 0.06)
(8.6 0.25 0.06)
(8.65 0.25 0.06)
(8.7 0.25 0.06)
(8.75 0.25 0.06)
(8.8 0.25 0.06)
(8.85 0.25 0.06)
(8.9 0.25 0.06)
(8.95 0.25 0.06)
(9 0.25 0.06)
(9.05 0.25 0.06)
(9.1 0.25 0.06)
(9.15 0.25 0.06)
(9.2 0.25 0.06)
(9.25 0.25 0.06)
(9.3 0.25 0.06)
(9.35 0.25 0.06)
(9.4 0.25 0.06)
(9.45 0.25 0.06)
(9.5 0.25 0.06)
(9.55 0.25 0.06)
(9.6 0.25 0.06)
(9.65 0.25 0.06)
(9.7 0.25 0.06)
(9.75 0.25 0.06)
(9.8 0.25 0.06)
(9.85 0.25 0.06)
(9.9 0.25 0.06)
(9.95 0.25 0.06)
(10 0.25 0.06)
(0 0.3 0.06)
(0.05 0.3 0.06)
(0.1 0.3 0.06)
(0.15 0.3 0.06)
(0.2 0.3 0.06)
(0.25 0.3 0.06)
(0.3 0.3 0.06)
(0.35 0.3 0.06)
(0.4 0.3 0.06)
(0.45 0.3 0.06)
(0.5 0.3 0.06)
(0.55 0.3 0.06)
(0.6 0.3 0.06)
(0.65 0.3 0.06)
(0.7 0.3 0.06)
(0.75 0.3 0.06)
(0.8 0.3 0.06)
(0.85 0.3 0.06)
(0.9 0.3 0.06)
(0.95 0.3 0.06)
(1 0.3 0.06)
(1.05 0.3 0.06)
(1.1 0.3 0.06)
(1.15 0.3 0.06)
(1.2 0.3 0.06)
(1.25 0.3 0.06)
(1.3 0.3 0.06)
(1.35 0.3 0.06)
(1.4 0.3 0.06)
(1.45 0.3 0.06)
(1.5 0.3 0.06)
(1.55 0.3 0.06)
(1.6 0.3 0.06)
(1.65 0.3 0.06)
(1.7 0.3 0.06)
(1.75 0.3 0.06)
(1.8 0.3 0.06)
(1.85 0.3 0.06)
(1.9 0.3 0.06)
(1.95 0.3 0.06)
(2 0.3 0.06)
(2.05 0.3 0.06)
(2.1 0.3 0.06)
(2.15 0.3 0.06)
(2.2 0.3 0.06)
(2.25 0.3 0.06)
(2.3 0.3 0.06)
(2.35 0.3 0.06)
(2.4 0.3 0.06)
(2.45 0.3 0.06)
(2.5 0.3 0.06)
(2.55 0.3 0.06)
(2.6 0.3 0.06)
(2.65 0.3 0.06)
(2.7 0.3 0.06)
(2.75 0.3 0.06)
(2.8 0.3 0.06)
(2.85 0.3 0.06)
(2.9 0.3 0.06)
(2.95 0.3 0.06)
(3 0.3 0.06)
(3.05 0.3 0.06)
(3.1 0.3 0.06)
(3.15 0.3 0.06)
(3.2 0.3 0.06)
(3.25 0.3 0.06)
(3.3 0.3 0.06)
(3.35 0.3 0.06)
(3.4 0.3 0.06)
(3.45 0.3 0.06)
(3.5 0.3 0.06)
(3.55 0.3 0.06)
(3.6 0.3 0.06)
(3.65 0.3 0.06)
(3.7 0.3 0.06)
(3.75 0.3 0.06)
(3.8 0.3 0.06)
(3.85 0.3 0.06)
(3.9 0.3 0.06)
(3.95 0.3 0.06)
(4 0.3 0.06)
(4.05 0.3 0.06)
(4.1 0.3 0.06)
(4.15 0.3 0.06)
(4.2 0.3 0.06)
(4.25 0.3 0.06)
(4.3 0.3 0.06)
(4.35 0.3 0.06)
(4.4 0.3 0.06)
(4.45 0.3 0.06)
(4.5 0.3 0.06)
(4.55 0.3 0.06)
(4.6 0.3 0.06)
(4.65 0.3 0.06)
(4.7 0.3 0.06)
(4.75 0.3 0.06)
(4.8 0.3 0.06)
(4.85 0.3 0.06)
(4.9 0.3 0.06)
(4.95 0.3 0.06)
(5 0.3 0.06)
(5.05 0.3 0.06)
(5.1 0.3 0.06)
(5.15 0.3 0.06)
(5.2 0.3 0.06)
(5.25 0.3 0.06)
(5.3 0.3 0.06)
(5.35 0.3 0.06)
(5.4 0.3 0.06)
(5.45 0.3 0.06)
(5.5 0.3 0.06)
(5.55 0.3 0.06)
(5.6 0.3 0.06)
(5.65 0.3 0.06)
(5.7 0.3 0.06)
(5.75 0.3 0.06)
(5.8 0.3 0.06)
(5.85 0.3 0.06)
(5.9 0.3 0.06)
(5.95 0.3 0.06)
(6 0.3 0.06)
(6.05 0.3 0.06)
(6.1 0.3 0.06)
(6.15 0.3 0.06)
(6.2 0.3 0.06)
(6.25 0.3 0.06)
(6.3 0.3 0.06)
(6.35 0.3 0.06)
(6.4 0.3 0.06)
(6.45 0.3 0.06)
(6.5 0.3 0.06)
(6.55 0.3 0.06)
(6.6 0.3 0.06)
(6.65 0.3 0.06)
(6.7 0.3 0.06)
(6.75 0.3 0.06)
(6.8 0.3 0.06)
(6.85 0.3 0.06)
(6.9 0.3 0.06)
(6.95 0.3 0.06)
(7 0.3 0.06)
(7.05 0.3 0.06)
(7.1 0.3 0.06)
(7.15 0.3 0.06)
(7.2 0.3 0.06)
(7.25 0.3 0.06)
(7.3 0.3 0.06)
(7.35 0.3 0.06)
(7.4 0.3 0.06)
(7.45 0.3 0.06)
(7.5 0.3 0.06)
(7.55 0.3 0.06)
(7.6 0.3 0.06)
(7.65 0.3 0.06)
(7.7 0.3 0.06)
(7.75 0.3 0.06)
(7.8 0.3 0.06)
(7.85 0.3 0.06)
(7.9 0.3 0.06)
(7.95 0.3 0.06)
(8 0.3 0.06)
(8.05 0.3 0.06)
(8.1 0.3 0.06)
(8.15 0.3 0.06)
(8.2 0.3 0.06)
(8.25 0.3 0.06)
(8.3 0.3 0.06)
(8.35 0.3 0.06)
(8.4 0.3 0.06)
(8.45 0.3 0.06)
(8.5 0.3 0.06)
(8.55 0.3 0.06)
(8.6 0.3 0.06)
(8.65 0.3 0.06)
(8.7 0.3 0.06)
(8.75 0.3 0.06)
(8.8 0.3 0.06)
(8.85 0.3 0.06)
(8.9 0.3 0.06)
(8.95 0.3 0.06)
(9 0.3 0.06)
(9.05 0.3 0.06)
(9.1 0.3 0.06)
(9.15 0.3 0.06)
(9.2 0.3 0.06)
(9.25 0.3 0.06)
(9.3 0.3 0.06)
(9.35 0.3 0.06)
(9.4 0.3 0.06)
(9.45 0.3 0.06)
(9.5 0.3 0.06)
(9.55 0.3 0.06)
(9.6 0.3 0.06)
(9.65 0.3 0.06)
(9.7 0.3 0.06)
(9.75 0.3 0.06)
(9.8 0.3 0.06)
(9.85 0.3 0.06)
(9.9 0.3 0.06)
(9.95 0.3 0.06)
(10 0.3 0.06)
(0 0.35 0.06)
(0.05 0.35 0.06)
(0.1 0.35 0.06)
(0.15 0.35 0.06)
(0.2 0.35 0.06)
(0.25 0.35 0.06)
(0.3 0.35 0.06)
(0.35 0.35 0.06)
(0.4 0.35 0.06)
(0.45 0.35 0.06)
(0.5 0.35 0.06)
(0.55 0.35 0.06)
(0.6 0.35 0.06)
(0.65 0.35 0.06)
(0.7 0.35 0.06)
(0.75 0.35 0.06)
(0.8 0.35 0.06)
(0.85 0.35 0.06)
(0.9 0.35 0.06)
(0.95 0.35 0.06)
(1 0.35 0.06)
(1.05 0.35 0.06)
(1.1 0.35 0.06)
(1.15 0.35 0.06)
(1.2 0.35 0.06)
(1.25 0.35 0.06)
(1.3 0.35 0.06)
(1.35 0.35 0.06)
(1.4 0.35 0.06)
(1.45 0.35 0.06)
(1.5 0.35 0.06)
(1.55 0.35 0.06)
(1.6 0.35 0.06)
(1.65 0.35 0.06)
(1.7 0.35 0.06)
(1.75 0.35 0.06)
(1.8 0.35 0.06)
(1.85 0.35 0.06)
(1.9 0.35 0.06)
(1.95 0.35 0.06)
(2 0.35 0.06)
(2.05 0.35 0.06)
(2.1 0.35 0.06)
(2.15 0.35 0.06)
(2.2 0.35 0.06)
(2.25 0.35 0.06)
(2.3 0.35 0.06)
(2.35 0.35 0.06)
(2.4 0.35 0.06)
(2.45 0.35 0.06)
(2.5 0.35 0.06)
(2.55 0.35 0.06)
(2.6 0.35 0.06)
(2.65 0.35 0.06)
(2.7 0.35 0.06)
(2.75 0.35 0.06)
(2.8 0.35 0.06)
(2.85 0.35 0.06)
(2.9 0.35 0.06)
(2.95 0.35 0.06)
(3 0.35 0.06)
(3.05 0.35 0.06)
(3.1 0.35 0.06)
(3.15 0.35 0.06)
(3.2 0.35 0.06)
(3.25 0.35 0.06)
(3.3 0.35 0.06)
(3.35 0.35 0.06)
(3.4 0.35 0.06)
(3.45 0.35 0.06)
(3.5 0.35 0.06)
(3.55 0.35 0.06)
(3.6 0.35 0.06)
(3.65 0.35 0.06)
(3.7 0.35 0.06)
(3.75 0.35 0.06)
(3.8 0.35 0.06)
(3.85 0.35 0.06)
(3.9 0.35 0.06)
(3.95 0.35 0.06)
(4 0.35 0.06)
(4.05 0.35 0.06)
(4.1 0.35 0.06)
(4.15 0.35 0.06)
(4.2 0.35 0.06)
(4.25 0.35 0.06)
(4.3 0.35 0.06)
(4.35 0.35 0.06)
(4.4 0.35 0.06)
(4.45 0.35 0.06)
(4.5 0.35 0.06)
(4.55 0.35 0.06)
(4.6 0.35 0.06)
(4.65 0.35 0.06)
(4.7 0.35 0.06)
(4.75 0.35 0.06)
(4.8 0.35 0.06)
(4.85 0.35 0.06)
(4.9 0.35 0.06)
(4.95 0.35 0.06)
(5 0.35 0.06)
(5.05 0.35 0.06)
(5.1 0.35 0.06)
(5.15 0.35 0.06)
(5.2 0.35 0.06)
(5.25 0.35 0.06)
(5.3 0.35 0.06)
(5.35 0.35 0.06)
(5.4 0.35 0.06)
(5.45 0.35 0.06)
(5.5 0.35 0.06)
(5.55 0.35 0.06)
(5.6 0.35 0.06)
(5.65 0.35 0.06)
(5.7 0.35 0.06)
(5.75 0.35 0.06)
(5.8 0.35 0.06)
(5.85 0.35 0.06)
(5.9 0.35 0.06)
(5.95 0.35 0.06)
(6 0.35 0.06)
(6.05 0.35 0.06)
(6.1 0.35 0.06)
(6.15 0.35 0.06)
(6.2 0.35 0.06)
(6.25 0.35 0.06)
(6.3 0.35 0.06)
(6.35 0.35 0.06)
(6.4 0.35 0.06)
(6.45 0.35 0.06)
(6.5 0.35 0.06)
(6.55 0.35 0.06)
(6.6 0.35 0.06)
(6.65 0.35 0.06)
(6.7 0.35 0.06)
(6.75 0.35 0.06)
(6.8 0.35 0.06)
(6.85 0.35 0.06)
(6.9 0.35 0.06)
(6.95 0.35 0.06)
(7 0.35 0.06)
(7.05 0.35 0.06)
(7.1 0.35 0.06)
(7.15 0.35 0.06)
(7.2 0.35 0.06)
(7.25 0.35 0.06)
(7.3 0.35 0.06)
(7.35 0.35 0.06)
(7.4 0.35 0.06)
(7.45 0.35 0.06)
(7.5 0.35 0.06)
(7.55 0.35 0.06)
(7.6 0.35 0.06)
(7.65 0.35 0.06)
(7.7 0.35 0.06)
(7.75 0.35 0.06)
(7.8 0.35 0.06)
(7.85 0.35 0.06)
(7.9 0.35 0.06)
(7.95 0.35 0.06)
(8 0.35 0.06)
(8.05 0.35 0.06)
(8.1 0.35 0.06)
(8.15 0.35 0.06)
(8.2 0.35 0.06)
(8.25 0.35 0.06)
(8.3 0.35 0.06)
(8.35 0.35 0.06)
(8.4 0.35 0.06)
(8.45 0.35 0.06)
(8.5 0.35 0.06)
(8.55 0.35 0.06)
(8.6 0.35 0.06)
(8.65 0.35 0.06)
(8.7 0.35 0.06)
(8.75 0.35 0.06)
(8.8 0.35 0.06)
(8.85 0.35 0.06)
(8.9 0.35 0.06)
(8.95 0.35 0.06)
(9 0.35 0.06)
(9.05 0.35 0.06)
(9.1 0.35 0.06)
(9.15 0.35 0.06)
(9.2 0.35 0.06)
(9.25 0.35 0.06)
(9.3 0.35 0.06)
(9.35 0.35 0.06)
(9.4 0.35 0.06)
(9.45 0.35 0.06)
(9.5 0.35 0.06)
(9.55 0.35 0.06)
(9.6 0.35 0.06)
(9.65 0.35 0.06)
(9.7 0.35 0.06)
(9.75 0.35 0.06)
(9.8 0.35 0.06)
(9.85 0.35 0.06)
(9.9 0.35 0.06)
(9.95 0.35 0.06)
(10 0.35 0.06)
(0 0.4 0.06)
(0.05 0.4 0.06)
(0.1 0.4 0.06)
(0.15 0.4 0.06)
(0.2 0.4 0.06)
(0.25 0.4 0.06)
(0.3 0.4 0.06)
(0.35 0.4 0.06)
(0.4 0.4 0.06)
(0.45 0.4 0.06)
(0.5 0.4 0.06)
(0.55 0.4 0.06)
(0.6 0.4 0.06)
(0.65 0.4 0.06)
(0.7 0.4 0.06)
(0.75 0.4 0.06)
(0.8 0.4 0.06)
(0.85 0.4 0.06)
(0.9 0.4 0.06)
(0.95 0.4 0.06)
(1 0.4 0.06)
(1.05 0.4 0.06)
(1.1 0.4 0.06)
(1.15 0.4 0.06)
(1.2 0.4 0.06)
(1.25 0.4 0.06)
(1.3 0.4 0.06)
(1.35 0.4 0.06)
(1.4 0.4 0.06)
(1.45 0.4 0.06)
(1.5 0.4 0.06)
(1.55 0.4 0.06)
(1.6 0.4 0.06)
(1.65 0.4 0.06)
(1.7 0.4 0.06)
(1.75 0.4 0.06)
(1.8 0.4 0.06)
(1.85 0.4 0.06)
(1.9 0.4 0.06)
(1.95 0.4 0.06)
(2 0.4 0.06)
(2.05 0.4 0.06)
(2.1 0.4 0.06)
(2.15 0.4 0.06)
(2.2 0.4 0.06)
(2.25 0.4 0.06)
(2.3 0.4 0.06)
(2.35 0.4 0.06)
(2.4 0.4 0.06)
(2.45 0.4 0.06)
(2.5 0.4 0.06)
(2.55 0.4 0.06)
(2.6 0.4 0.06)
(2.65 0.4 0.06)
(2.7 0.4 0.06)
(2.75 0.4 0.06)
(2.8 0.4 0.06)
(2.85 0.4 0.06)
(2.9 0.4 0.06)
(2.95 0.4 0.06)
(3 0.4 0.06)
(3.05 0.4 0.06)
(3.1 0.4 0.06)
(3.15 0.4 0.06)
(3.2 0.4 0.06)
(3.25 0.4 0.06)
(3.3 0.4 0.06)
(3.35 0.4 0.06)
(3.4 0.4 0.06)
(3.45 0.4 0.06)
(3.5 0.4 0.06)
(3.55 0.4 0.06)
(3.6 0.4 0.06)
(3.65 0.4 0.06)
(3.7 0.4 0.06)
(3.75 0.4 0.06)
(3.8 0.4 0.06)
(3.85 0.4 0.06)
(3.9 0.4 0.06)
(3.95 0.4 0.06)
(4 0.4 0.06)
(4.05 0.4 0.06)
(4.1 0.4 0.06)
(4.15 0.4 0.06)
(4.2 0.4 0.06)
(4.25 0.4 0.06)
(4.3 0.4 0.06)
(4.35 0.4 0.06)
(4.4 0.4 0.06)
(4.45 0.4 0.06)
(4.5 0.4 0.06)
(4.55 0.4 0.06)
(4.6 0.4 0.06)
(4.65 0.4 0.06)
(4.7 0.4 0.06)
(4.75 0.4 0.06)
(4.8 0.4 0.06)
(4.85 0.4 0.06)
(4.9 0.4 0.06)
(4.95 0.4 0.06)
(5 0.4 0.06)
(5.05 0.4 0.06)
(5.1 0.4 0.06)
(5.15 0.4 0.06)
(5.2 0.4 0.06)
(5.25 0.4 0.06)
(5.3 0.4 0.06)
(5.35 0.4 0.06)
(5.4 0.4 0.06)
(5.45 0.4 0.06)
(5.5 0.4 0.06)
(5.55 0.4 0.06)
(5.6 0.4 0.06)
(5.65 0.4 0.06)
(5.7 0.4 0.06)
(5.75 0.4 0.06)
(5.8 0.4 0.06)
(5.85 0.4 0.06)
(5.9 0.4 0.06)
(5.95 0.4 0.06)
(6 0.4 0.06)
(6.05 0.4 0.06)
(6.1 0.4 0.06)
(6.15 0.4 0.06)
(6.2 0.4 0.06)
(6.25 0.4 0.06)
(6.3 0.4 0.06)
(6.35 0.4 0.06)
(6.4 0.4 0.06)
(6.45 0.4 0.06)
(6.5 0.4 0.06)
(6.55 0.4 0.06)
(6.6 0.4 0.06)
(6.65 0.4 0.06)
(6.7 0.4 0.06)
(6.75 0.4 0.06)
(6.8 0.4 0.06)
(6.85 0.4 0.06)
(6.9 0.4 0.06)
(6.95 0.4 0.06)
(7 0.4 0.06)
(7.05 0.4 0.06)
(7.1 0.4 0.06)
(7.15 0.4 0.06)
(7.2 0.4 0.06)
(7.25 0.4 0.06)
(7.3 0.4 0.06)
(7.35 0.4 0.06)
(7.4 0.4 0.06)
(7.45 0.4 0.06)
(7.5 0.4 0.06)
(7.55 0.4 0.06)
(7.6 0.4 0.06)
(7.65 0.4 0.06)
(7.7 0.4 0.06)
(7.75 0.4 0.06)
(7.8 0.4 0.06)
(7.85 0.4 0.06)
(7.9 0.4 0.06)
(7.95 0.4 0.06)
(8 0.4 0.06)
(8.05 0.4 0.06)
(8.1 0.4 0.06)
(8.15 0.4 0.06)
(8.2 0.4 0.06)
(8.25 0.4 0.06)
(8.3 0.4 0.06)
(8.35 0.4 0.06)
(8.4 0.4 0.06)
(8.45 0.4 0.06)
(8.5 0.4 0.06)
(8.55 0.4 0.06)
(8.6 0.4 0.06)
(8.65 0.4 0.06)
(8.7 0.4 0.06)
(8.75 0.4 0.06)
(8.8 0.4 0.06)
(8.85 0.4 0.06)
(8.9 0.4 0.06)
(8.95 0.4 0.06)
(9 0.4 0.06)
(9.05 0.4 0.06)
(9.1 0.4 0.06)
(9.15 0.4 0.06)
(9.2 0.4 0.06)
(9.25 0.4 0.06)
(9.3 0.4 0.06)
(9.35 0.4 0.06)
(9.4 0.4 0.06)
(9.45 0.4 0.06)
(9.5 0.4 0.06)
(9.55 0.4 0.06)
(9.6 0.4 0.06)
(9.65 0.4 0.06)
(9.7 0.4 0.06)
(9.75 0.4 0.06)
(9.8 0.4 0.06)
(9.85 0.4 0.06)
(9.9 0.4 0.06)
(9.95 0.4 0.06)
(10 0.4 0.06)
(0 0.45 0.06)
(0.05 0.45 0.06)
(0.1 0.45 0.06)
(0.15 0.45 0.06)
(0.2 0.45 0.06)
(0.25 0.45 0.06)
(0.3 0.45 0.06)
(0.35 0.45 0.06)
(0.4 0.45 0.06)
(0.45 0.45 0.06)
(0.5 0.45 0.06)
(0.55 0.45 0.06)
(0.6 0.45 0.06)
(0.65 0.45 0.06)
(0.7 0.45 0.06)
(0.75 0.45 0.06)
(0.8 0.45 0.06)
(0.85 0.45 0.06)
(0.9 0.45 0.06)
(0.95 0.45 0.06)
(1 0.45 0.06)
(1.05 0.45 0.06)
(1.1 0.45 0.06)
(1.15 0.45 0.06)
(1.2 0.45 0.06)
(1.25 0.45 0.06)
(1.3 0.45 0.06)
(1.35 0.45 0.06)
(1.4 0.45 0.06)
(1.45 0.45 0.06)
(1.5 0.45 0.06)
(1.55 0.45 0.06)
(1.6 0.45 0.06)
(1.65 0.45 0.06)
(1.7 0.45 0.06)
(1.75 0.45 0.06)
(1.8 0.45 0.06)
(1.85 0.45 0.06)
(1.9 0.45 0.06)
(1.95 0.45 0.06)
(2 0.45 0.06)
(2.05 0.45 0.06)
(2.1 0.45 0.06)
(2.15 0.45 0.06)
(2.2 0.45 0.06)
(2.25 0.45 0.06)
(2.3 0.45 0.06)
(2.35 0.45 0.06)
(2.4 0.45 0.06)
(2.45 0.45 0.06)
(2.5 0.45 0.06)
(2.55 0.45 0.06)
(2.6 0.45 0.06)
(2.65 0.45 0.06)
(2.7 0.45 0.06)
(2.75 0.45 0.06)
(2.8 0.45 0.06)
(2.85 0.45 0.06)
(2.9 0.45 0.06)
(2.95 0.45 0.06)
(3 0.45 0.06)
(3.05 0.45 0.06)
(3.1 0.45 0.06)
(3.15 0.45 0.06)
(3.2 0.45 0.06)
(3.25 0.45 0.06)
(3.3 0.45 0.06)
(3.35 0.45 0.06)
(3.4 0.45 0.06)
(3.45 0.45 0.06)
(3.5 0.45 0.06)
(3.55 0.45 0.06)
(3.6 0.45 0.06)
(3.65 0.45 0.06)
(3.7 0.45 0.06)
(3.75 0.45 0.06)
(3.8 0.45 0.06)
(3.85 0.45 0.06)
(3.9 0.45 0.06)
(3.95 0.45 0.06)
(4 0.45 0.06)
(4.05 0.45 0.06)
(4.1 0.45 0.06)
(4.15 0.45 0.06)
(4.2 0.45 0.06)
(4.25 0.45 0.06)
(4.3 0.45 0.06)
(4.35 0.45 0.06)
(4.4 0.45 0.06)
(4.45 0.45 0.06)
(4.5 0.45 0.06)
(4.55 0.45 0.06)
(4.6 0.45 0.06)
(4.65 0.45 0.06)
(4.7 0.45 0.06)
(4.75 0.45 0.06)
(4.8 0.45 0.06)
(4.85 0.45 0.06)
(4.9 0.45 0.06)
(4.95 0.45 0.06)
(5 0.45 0.06)
(5.05 0.45 0.06)
(5.1 0.45 0.06)
(5.15 0.45 0.06)
(5.2 0.45 0.06)
(5.25 0.45 0.06)
(5.3 0.45 0.06)
(5.35 0.45 0.06)
(5.4 0.45 0.06)
(5.45 0.45 0.06)
(5.5 0.45 0.06)
(5.55 0.45 0.06)
(5.6 0.45 0.06)
(5.65 0.45 0.06)
(5.7 0.45 0.06)
(5.75 0.45 0.06)
(5.8 0.45 0.06)
(5.85 0.45 0.06)
(5.9 0.45 0.06)
(5.95 0.45 0.06)
(6 0.45 0.06)
(6.05 0.45 0.06)
(6.1 0.45 0.06)
(6.15 0.45 0.06)
(6.2 0.45 0.06)
(6.25 0.45 0.06)
(6.3 0.45 0.06)
(6.35 0.45 0.06)
(6.4 0.45 0.06)
(6.45 0.45 0.06)
(6.5 0.45 0.06)
(6.55 0.45 0.06)
(6.6 0.45 0.06)
(6.65 0.45 0.06)
(6.7 0.45 0.06)
(6.75 0.45 0.06)
(6.8 0.45 0.06)
(6.85 0.45 0.06)
(6.9 0.45 0.06)
(6.95 0.45 0.06)
(7 0.45 0.06)
(7.05 0.45 0.06)
(7.1 0.45 0.06)
(7.15 0.45 0.06)
(7.2 0.45 0.06)
(7.25 0.45 0.06)
(7.3 0.45 0.06)
(7.35 0.45 0.06)
(7.4 0.45 0.06)
(7.45 0.45 0.06)
(7.5 0.45 0.06)
(7.55 0.45 0.06)
(7.6 0.45 0.06)
(7.65 0.45 0.06)
(7.7 0.45 0.06)
(7.75 0.45 0.06)
(7.8 0.45 0.06)
(7.85 0.45 0.06)
(7.9 0.45 0.06)
(7.95 0.45 0.06)
(8 0.45 0.06)
(8.05 0.45 0.06)
(8.1 0.45 0.06)
(8.15 0.45 0.06)
(8.2 0.45 0.06)
(8.25 0.45 0.06)
(8.3 0.45 0.06)
(8.35 0.45 0.06)
(8.4 0.45 0.06)
(8.45 0.45 0.06)
(8.5 0.45 0.06)
(8.55 0.45 0.06)
(8.6 0.45 0.06)
(8.65 0.45 0.06)
(8.7 0.45 0.06)
(8.75 0.45 0.06)
(8.8 0.45 0.06)
(8.85 0.45 0.06)
(8.9 0.45 0.06)
(8.95 0.45 0.06)
(9 0.45 0.06)
(9.05 0.45 0.06)
(9.1 0.45 0.06)
(9.15 0.45 0.06)
(9.2 0.45 0.06)
(9.25 0.45 0.06)
(9.3 0.45 0.06)
(9.35 0.45 0.06)
(9.4 0.45 0.06)
(9.45 0.45 0.06)
(9.5 0.45 0.06)
(9.55 0.45 0.06)
(9.6 0.45 0.06)
(9.65 0.45 0.06)
(9.7 0.45 0.06)
(9.75 0.45 0.06)
(9.8 0.45 0.06)
(9.85 0.45 0.06)
(9.9 0.45 0.06)
(9.95 0.45 0.06)
(10 0.45 0.06)
(0 0.5 0.06)
(0.05 0.5 0.06)
(0.1 0.5 0.06)
(0.15 0.5 0.06)
(0.2 0.5 0.06)
(0.25 0.5 0.06)
(0.3 0.5 0.06)
(0.35 0.5 0.06)
(0.4 0.5 0.06)
(0.45 0.5 0.06)
(0.5 0.5 0.06)
(0.55 0.5 0.06)
(0.6 0.5 0.06)
(0.65 0.5 0.06)
(0.7 0.5 0.06)
(0.75 0.5 0.06)
(0.8 0.5 0.06)
(0.85 0.5 0.06)
(0.9 0.5 0.06)
(0.95 0.5 0.06)
(1 0.5 0.06)
(1.05 0.5 0.06)
(1.1 0.5 0.06)
(1.15 0.5 0.06)
(1.2 0.5 0.06)
(1.25 0.5 0.06)
(1.3 0.5 0.06)
(1.35 0.5 0.06)
(1.4 0.5 0.06)
(1.45 0.5 0.06)
(1.5 0.5 0.06)
(1.55 0.5 0.06)
(1.6 0.5 0.06)
(1.65 0.5 0.06)
(1.7 0.5 0.06)
(1.75 0.5 0.06)
(1.8 0.5 0.06)
(1.85 0.5 0.06)
(1.9 0.5 0.06)
(1.95 0.5 0.06)
(2 0.5 0.06)
(2.05 0.5 0.06)
(2.1 0.5 0.06)
(2.15 0.5 0.06)
(2.2 0.5 0.06)
(2.25 0.5 0.06)
(2.3 0.5 0.06)
(2.35 0.5 0.06)
(2.4 0.5 0.06)
(2.45 0.5 0.06)
(2.5 0.5 0.06)
(2.55 0.5 0.06)
(2.6 0.5 0.06)
(2.65 0.5 0.06)
(2.7 0.5 0.06)
(2.75 0.5 0.06)
(2.8 0.5 0.06)
(2.85 0.5 0.06)
(2.9 0.5 0.06)
(2.95 0.5 0.06)
(3 0.5 0.06)
(3.05 0.5 0.06)
(3.1 0.5 0.06)
(3.15 0.5 0.06)
(3.2 0.5 0.06)
(3.25 0.5 0.06)
(3.3 0.5 0.06)
(3.35 0.5 0.06)
(3.4 0.5 0.06)
(3.45 0.5 0.06)
(3.5 0.5 0.06)
(3.55 0.5 0.06)
(3.6 0.5 0.06)
(3.65 0.5 0.06)
(3.7 0.5 0.06)
(3.75 0.5 0.06)
(3.8 0.5 0.06)
(3.85 0.5 0.06)
(3.9 0.5 0.06)
(3.95 0.5 0.06)
(4 0.5 0.06)
(4.05 0.5 0.06)
(4.1 0.5 0.06)
(4.15 0.5 0.06)
(4.2 0.5 0.06)
(4.25 0.5 0.06)
(4.3 0.5 0.06)
(4.35 0.5 0.06)
(4.4 0.5 0.06)
(4.45 0.5 0.06)
(4.5 0.5 0.06)
(4.55 0.5 0.06)
(4.6 0.5 0.06)
(4.65 0.5 0.06)
(4.7 0.5 0.06)
(4.75 0.5 0.06)
(4.8 0.5 0.06)
(4.85 0.5 0.06)
(4.9 0.5 0.06)
(4.95 0.5 0.06)
(5 0.5 0.06)
(5.05 0.5 0.06)
(5.1 0.5 0.06)
(5.15 0.5 0.06)
(5.2 0.5 0.06)
(5.25 0.5 0.06)
(5.3 0.5 0.06)
(5.35 0.5 0.06)
(5.4 0.5 0.06)
(5.45 0.5 0.06)
(5.5 0.5 0.06)
(5.55 0.5 0.06)
(5.6 0.5 0.06)
(5.65 0.5 0.06)
(5.7 0.5 0.06)
(5.75 0.5 0.06)
(5.8 0.5 0.06)
(5.85 0.5 0.06)
(5.9 0.5 0.06)
(5.95 0.5 0.06)
(6 0.5 0.06)
(6.05 0.5 0.06)
(6.1 0.5 0.06)
(6.15 0.5 0.06)
(6.2 0.5 0.06)
(6.25 0.5 0.06)
(6.3 0.5 0.06)
(6.35 0.5 0.06)
(6.4 0.5 0.06)
(6.45 0.5 0.06)
(6.5 0.5 0.06)
(6.55 0.5 0.06)
(6.6 0.5 0.06)
(6.65 0.5 0.06)
(6.7 0.5 0.06)
(6.75 0.5 0.06)
(6.8 0.5 0.06)
(6.85 0.5 0.06)
(6.9 0.5 0.06)
(6.95 0.5 0.06)
(7 0.5 0.06)
(7.05 0.5 0.06)
(7.1 0.5 0.06)
(7.15 0.5 0.06)
(7.2 0.5 0.06)
(7.25 0.5 0.06)
(7.3 0.5 0.06)
(7.35 0.5 0.06)
(7.4 0.5 0.06)
(7.45 0.5 0.06)
(7.5 0.5 0.06)
(7.55 0.5 0.06)
(7.6 0.5 0.06)
(7.65 0.5 0.06)
(7.7 0.5 0.06)
(7.75 0.5 0.06)
(7.8 0.5 0.06)
(7.85 0.5 0.06)
(7.9 0.5 0.06)
(7.95 0.5 0.06)
(8 0.5 0.06)
(8.05 0.5 0.06)
(8.1 0.5 0.06)
(8.15 0.5 0.06)
(8.2 0.5 0.06)
(8.25 0.5 0.06)
(8.3 0.5 0.06)
(8.35 0.5 0.06)
(8.4 0.5 0.06)
(8.45 0.5 0.06)
(8.5 0.5 0.06)
(8.55 0.5 0.06)
(8.6 0.5 0.06)
(8.65 0.5 0.06)
(8.7 0.5 0.06)
(8.75 0.5 0.06)
(8.8 0.5 0.06)
(8.85 0.5 0.06)
(8.9 0.5 0.06)
(8.95 0.5 0.06)
(9 0.5 0.06)
(9.05 0.5 0.06)
(9.1 0.5 0.06)
(9.15 0.5 0.06)
(9.2 0.5 0.06)
(9.25 0.5 0.06)
(9.3 0.5 0.06)
(9.35 0.5 0.06)
(9.4 0.5 0.06)
(9.45 0.5 0.06)
(9.5 0.5 0.06)
(9.55 0.5 0.06)
(9.6 0.5 0.06)
(9.65 0.5 0.06)
(9.7 0.5 0.06)
(9.75 0.5 0.06)
(9.8 0.5 0.06)
(9.85 0.5 0.06)
(9.9 0.5 0.06)
(9.95 0.5 0.06)
(10 0.5 0.06)
(0 0.55 0.06)
(0.05 0.55 0.06)
(0.1 0.55 0.06)
(0.15 0.55 0.06)
(0.2 0.55 0.06)
(0.25 0.55 0.06)
(0.3 0.55 0.06)
(0.35 0.55 0.06)
(0.4 0.55 0.06)
(0.45 0.55 0.06)
(0.5 0.55 0.06)
(0.55 0.55 0.06)
(0.6 0.55 0.06)
(0.65 0.55 0.06)
(0.7 0.55 0.06)
(0.75 0.55 0.06)
(0.8 0.55 0.06)
(0.85 0.55 0.06)
(0.9 0.55 0.06)
(0.95 0.55 0.06)
(1 0.55 0.06)
(1.05 0.55 0.06)
(1.1 0.55 0.06)
(1.15 0.55 0.06)
(1.2 0.55 0.06)
(1.25 0.55 0.06)
(1.3 0.55 0.06)
(1.35 0.55 0.06)
(1.4 0.55 0.06)
(1.45 0.55 0.06)
(1.5 0.55 0.06)
(1.55 0.55 0.06)
(1.6 0.55 0.06)
(1.65 0.55 0.06)
(1.7 0.55 0.06)
(1.75 0.55 0.06)
(1.8 0.55 0.06)
(1.85 0.55 0.06)
(1.9 0.55 0.06)
(1.95 0.55 0.06)
(2 0.55 0.06)
(2.05 0.55 0.06)
(2.1 0.55 0.06)
(2.15 0.55 0.06)
(2.2 0.55 0.06)
(2.25 0.55 0.06)
(2.3 0.55 0.06)
(2.35 0.55 0.06)
(2.4 0.55 0.06)
(2.45 0.55 0.06)
(2.5 0.55 0.06)
(2.55 0.55 0.06)
(2.6 0.55 0.06)
(2.65 0.55 0.06)
(2.7 0.55 0.06)
(2.75 0.55 0.06)
(2.8 0.55 0.06)
(2.85 0.55 0.06)
(2.9 0.55 0.06)
(2.95 0.55 0.06)
(3 0.55 0.06)
(3.05 0.55 0.06)
(3.1 0.55 0.06)
(3.15 0.55 0.06)
(3.2 0.55 0.06)
(3.25 0.55 0.06)
(3.3 0.55 0.06)
(3.35 0.55 0.06)
(3.4 0.55 0.06)
(3.45 0.55 0.06)
(3.5 0.55 0.06)
(3.55 0.55 0.06)
(3.6 0.55 0.06)
(3.65 0.55 0.06)
(3.7 0.55 0.06)
(3.75 0.55 0.06)
(3.8 0.55 0.06)
(3.85 0.55 0.06)
(3.9 0.55 0.06)
(3.95 0.55 0.06)
(4 0.55 0.06)
(4.05 0.55 0.06)
(4.1 0.55 0.06)
(4.15 0.55 0.06)
(4.2 0.55 0.06)
(4.25 0.55 0.06)
(4.3 0.55 0.06)
(4.35 0.55 0.06)
(4.4 0.55 0.06)
(4.45 0.55 0.06)
(4.5 0.55 0.06)
(4.55 0.55 0.06)
(4.6 0.55 0.06)
(4.65 0.55 0.06)
(4.7 0.55 0.06)
(4.75 0.55 0.06)
(4.8 0.55 0.06)
(4.85 0.55 0.06)
(4.9 0.55 0.06)
(4.95 0.55 0.06)
(5 0.55 0.06)
(5.05 0.55 0.06)
(5.1 0.55 0.06)
(5.15 0.55 0.06)
(5.2 0.55 0.06)
(5.25 0.55 0.06)
(5.3 0.55 0.06)
(5.35 0.55 0.06)
(5.4 0.55 0.06)
(5.45 0.55 0.06)
(5.5 0.55 0.06)
(5.55 0.55 0.06)
(5.6 0.55 0.06)
(5.65 0.55 0.06)
(5.7 0.55 0.06)
(5.75 0.55 0.06)
(5.8 0.55 0.06)
(5.85 0.55 0.06)
(5.9 0.55 0.06)
(5.95 0.55 0.06)
(6 0.55 0.06)
(6.05 0.55 0.06)
(6.1 0.55 0.06)
(6.15 0.55 0.06)
(6.2 0.55 0.06)
(6.25 0.55 0.06)
(6.3 0.55 0.06)
(6.35 0.55 0.06)
(6.4 0.55 0.06)
(6.45 0.55 0.06)
(6.5 0.55 0.06)
(6.55 0.55 0.06)
(6.6 0.55 0.06)
(6.65 0.55 0.06)
(6.7 0.55 0.06)
(6.75 0.55 0.06)
(6.8 0.55 0.06)
(6.85 0.55 0.06)
(6.9 0.55 0.06)
(6.95 0.55 0.06)
(7 0.55 0.06)
(7.05 0.55 0.06)
(7.1 0.55 0.06)
(7.15 0.55 0.06)
(7.2 0.55 0.06)
(7.25 0.55 0.06)
(7.3 0.55 0.06)
(7.35 0.55 0.06)
(7.4 0.55 0.06)
(7.45 0.55 0.06)
(7.5 0.55 0.06)
(7.55 0.55 0.06)
(7.6 0.55 0.06)
(7.65 0.55 0.06)
(7.7 0.55 0.06)
(7.75 0.55 0.06)
(7.8 0.55 0.06)
(7.85 0.55 0.06)
(7.9 0.55 0.06)
(7.95 0.55 0.06)
(8 0.55 0.06)
(8.05 0.55 0.06)
(8.1 0.55 0.06)
(8.15 0.55 0.06)
(8.2 0.55 0.06)
(8.25 0.55 0.06)
(8.3 0.55 0.06)
(8.35 0.55 0.06)
(8.4 0.55 0.06)
(8.45 0.55 0.06)
(8.5 0.55 0.06)
(8.55 0.55 0.06)
(8.6 0.55 0.06)
(8.65 0.55 0.06)
(8.7 0.55 0.06)
(8.75 0.55 0.06)
(8.8 0.55 0.06)
(8.85 0.55 0.06)
(8.9 0.55 0.06)
(8.95 0.55 0.06)
(9 0.55 0.06)
(9.05 0.55 0.06)
(9.1 0.55 0.06)
(9.15 0.55 0.06)
(9.2 0.55 0.06)
(9.25 0.55 0.06)
(9.3 0.55 0.06)
(9.35 0.55 0.06)
(9.4 0.55 0.06)
(9.45 0.55 0.06)
(9.5 0.55 0.06)
(9.55 0.55 0.06)
(9.6 0.55 0.06)
(9.65 0.55 0.06)
(9.7 0.55 0.06)
(9.75 0.55 0.06)
(9.8 0.55 0.06)
(9.85 0.55 0.06)
(9.9 0.55 0.06)
(9.95 0.55 0.06)
(10 0.55 0.06)
(0 0.6 0.06)
(0.05 0.6 0.06)
(0.1 0.6 0.06)
(0.15 0.6 0.06)
(0.2 0.6 0.06)
(0.25 0.6 0.06)
(0.3 0.6 0.06)
(0.35 0.6 0.06)
(0.4 0.6 0.06)
(0.45 0.6 0.06)
(0.5 0.6 0.06)
(0.55 0.6 0.06)
(0.6 0.6 0.06)
(0.65 0.6 0.06)
(0.7 0.6 0.06)
(0.75 0.6 0.06)
(0.8 0.6 0.06)
(0.85 0.6 0.06)
(0.9 0.6 0.06)
(0.95 0.6 0.06)
(1 0.6 0.06)
(1.05 0.6 0.06)
(1.1 0.6 0.06)
(1.15 0.6 0.06)
(1.2 0.6 0.06)
(1.25 0.6 0.06)
(1.3 0.6 0.06)
(1.35 0.6 0.06)
(1.4 0.6 0.06)
(1.45 0.6 0.06)
(1.5 0.6 0.06)
(1.55 0.6 0.06)
(1.6 0.6 0.06)
(1.65 0.6 0.06)
(1.7 0.6 0.06)
(1.75 0.6 0.06)
(1.8 0.6 0.06)
(1.85 0.6 0.06)
(1.9 0.6 0.06)
(1.95 0.6 0.06)
(2 0.6 0.06)
(2.05 0.6 0.06)
(2.1 0.6 0.06)
(2.15 0.6 0.06)
(2.2 0.6 0.06)
(2.25 0.6 0.06)
(2.3 0.6 0.06)
(2.35 0.6 0.06)
(2.4 0.6 0.06)
(2.45 0.6 0.06)
(2.5 0.6 0.06)
(2.55 0.6 0.06)
(2.6 0.6 0.06)
(2.65 0.6 0.06)
(2.7 0.6 0.06)
(2.75 0.6 0.06)
(2.8 0.6 0.06)
(2.85 0.6 0.06)
(2.9 0.6 0.06)
(2.95 0.6 0.06)
(3 0.6 0.06)
(3.05 0.6 0.06)
(3.1 0.6 0.06)
(3.15 0.6 0.06)
(3.2 0.6 0.06)
(3.25 0.6 0.06)
(3.3 0.6 0.06)
(3.35 0.6 0.06)
(3.4 0.6 0.06)
(3.45 0.6 0.06)
(3.5 0.6 0.06)
(3.55 0.6 0.06)
(3.6 0.6 0.06)
(3.65 0.6 0.06)
(3.7 0.6 0.06)
(3.75 0.6 0.06)
(3.8 0.6 0.06)
(3.85 0.6 0.06)
(3.9 0.6 0.06)
(3.95 0.6 0.06)
(4 0.6 0.06)
(4.05 0.6 0.06)
(4.1 0.6 0.06)
(4.15 0.6 0.06)
(4.2 0.6 0.06)
(4.25 0.6 0.06)
(4.3 0.6 0.06)
(4.35 0.6 0.06)
(4.4 0.6 0.06)
(4.45 0.6 0.06)
(4.5 0.6 0.06)
(4.55 0.6 0.06)
(4.6 0.6 0.06)
(4.65 0.6 0.06)
(4.7 0.6 0.06)
(4.75 0.6 0.06)
(4.8 0.6 0.06)
(4.85 0.6 0.06)
(4.9 0.6 0.06)
(4.95 0.6 0.06)
(5 0.6 0.06)
(5.05 0.6 0.06)
(5.1 0.6 0.06)
(5.15 0.6 0.06)
(5.2 0.6 0.06)
(5.25 0.6 0.06)
(5.3 0.6 0.06)
(5.35 0.6 0.06)
(5.4 0.6 0.06)
(5.45 0.6 0.06)
(5.5 0.6 0.06)
(5.55 0.6 0.06)
(5.6 0.6 0.06)
(5.65 0.6 0.06)
(5.7 0.6 0.06)
(5.75 0.6 0.06)
(5.8 0.6 0.06)
(5.85 0.6 0.06)
(5.9 0.6 0.06)
(5.95 0.6 0.06)
(6 0.6 0.06)
(6.05 0.6 0.06)
(6.1 0.6 0.06)
(6.15 0.6 0.06)
(6.2 0.6 0.06)
(6.25 0.6 0.06)
(6.3 0.6 0.06)
(6.35 0.6 0.06)
(6.4 0.6 0.06)
(6.45 0.6 0.06)
(6.5 0.6 0.06)
(6.55 0.6 0.06)
(6.6 0.6 0.06)
(6.65 0.6 0.06)
(6.7 0.6 0.06)
(6.75 0.6 0.06)
(6.8 0.6 0.06)
(6.85 0.6 0.06)
(6.9 0.6 0.06)
(6.95 0.6 0.06)
(7 0.6 0.06)
(7.05 0.6 0.06)
(7.1 0.6 0.06)
(7.15 0.6 0.06)
(7.2 0.6 0.06)
(7.25 0.6 0.06)
(7.3 0.6 0.06)
(7.35 0.6 0.06)
(7.4 0.6 0.06)
(7.45 0.6 0.06)
(7.5 0.6 0.06)
(7.55 0.6 0.06)
(7.6 0.6 0.06)
(7.65 0.6 0.06)
(7.7 0.6 0.06)
(7.75 0.6 0.06)
(7.8 0.6 0.06)
(7.85 0.6 0.06)
(7.9 0.6 0.06)
(7.95 0.6 0.06)
(8 0.6 0.06)
(8.05 0.6 0.06)
(8.1 0.6 0.06)
(8.15 0.6 0.06)
(8.2 0.6 0.06)
(8.25 0.6 0.06)
(8.3 0.6 0.06)
(8.35 0.6 0.06)
(8.4 0.6 0.06)
(8.45 0.6 0.06)
(8.5 0.6 0.06)
(8.55 0.6 0.06)
(8.6 0.6 0.06)
(8.65 0.6 0.06)
(8.7 0.6 0.06)
(8.75 0.6 0.06)
(8.8 0.6 0.06)
(8.85 0.6 0.06)
(8.9 0.6 0.06)
(8.95 0.6 0.06)
(9 0.6 0.06)
(9.05 0.6 0.06)
(9.1 0.6 0.06)
(9.15 0.6 0.06)
(9.2 0.6 0.06)
(9.25 0.6 0.06)
(9.3 0.6 0.06)
(9.35 0.6 0.06)
(9.4 0.6 0.06)
(9.45 0.6 0.06)
(9.5 0.6 0.06)
(9.55 0.6 0.06)
(9.6 0.6 0.06)
(9.65 0.6 0.06)
(9.7 0.6 0.06)
(9.75 0.6 0.06)
(9.8 0.6 0.06)
(9.85 0.6 0.06)
(9.9 0.6 0.06)
(9.95 0.6 0.06)
(10 0.6 0.06)
(0 0.65 0.06)
(0.05 0.65 0.06)
(0.1 0.65 0.06)
(0.15 0.65 0.06)
(0.2 0.65 0.06)
(0.25 0.65 0.06)
(0.3 0.65 0.06)
(0.35 0.65 0.06)
(0.4 0.65 0.06)
(0.45 0.65 0.06)
(0.5 0.65 0.06)
(0.55 0.65 0.06)
(0.6 0.65 0.06)
(0.65 0.65 0.06)
(0.7 0.65 0.06)
(0.75 0.65 0.06)
(0.8 0.65 0.06)
(0.85 0.65 0.06)
(0.9 0.65 0.06)
(0.95 0.65 0.06)
(1 0.65 0.06)
(1.05 0.65 0.06)
(1.1 0.65 0.06)
(1.15 0.65 0.06)
(1.2 0.65 0.06)
(1.25 0.65 0.06)
(1.3 0.65 0.06)
(1.35 0.65 0.06)
(1.4 0.65 0.06)
(1.45 0.65 0.06)
(1.5 0.65 0.06)
(1.55 0.65 0.06)
(1.6 0.65 0.06)
(1.65 0.65 0.06)
(1.7 0.65 0.06)
(1.75 0.65 0.06)
(1.8 0.65 0.06)
(1.85 0.65 0.06)
(1.9 0.65 0.06)
(1.95 0.65 0.06)
(2 0.65 0.06)
(2.05 0.65 0.06)
(2.1 0.65 0.06)
(2.15 0.65 0.06)
(2.2 0.65 0.06)
(2.25 0.65 0.06)
(2.3 0.65 0.06)
(2.35 0.65 0.06)
(2.4 0.65 0.06)
(2.45 0.65 0.06)
(2.5 0.65 0.06)
(2.55 0.65 0.06)
(2.6 0.65 0.06)
(2.65 0.65 0.06)
(2.7 0.65 0.06)
(2.75 0.65 0.06)
(2.8 0.65 0.06)
(2.85 0.65 0.06)
(2.9 0.65 0.06)
(2.95 0.65 0.06)
(3 0.65 0.06)
(3.05 0.65 0.06)
(3.1 0.65 0.06)
(3.15 0.65 0.06)
(3.2 0.65 0.06)
(3.25 0.65 0.06)
(3.3 0.65 0.06)
(3.35 0.65 0.06)
(3.4 0.65 0.06)
(3.45 0.65 0.06)
(3.5 0.65 0.06)
(3.55 0.65 0.06)
(3.6 0.65 0.06)
(3.65 0.65 0.06)
(3.7 0.65 0.06)
(3.75 0.65 0.06)
(3.8 0.65 0.06)
(3.85 0.65 0.06)
(3.9 0.65 0.06)
(3.95 0.65 0.06)
(4 0.65 0.06)
(4.05 0.65 0.06)
(4.1 0.65 0.06)
(4.15 0.65 0.06)
(4.2 0.65 0.06)
(4.25 0.65 0.06)
(4.3 0.65 0.06)
(4.35 0.65 0.06)
(4.4 0.65 0.06)
(4.45 0.65 0.06)
(4.5 0.65 0.06)
(4.55 0.65 0.06)
(4.6 0.65 0.06)
(4.65 0.65 0.06)
(4.7 0.65 0.06)
(4.75 0.65 0.06)
(4.8 0.65 0.06)
(4.85 0.65 0.06)
(4.9 0.65 0.06)
(4.95 0.65 0.06)
(5 0.65 0.06)
(5.05 0.65 0.06)
(5.1 0.65 0.06)
(5.15 0.65 0.06)
(5.2 0.65 0.06)
(5.25 0.65 0.06)
(5.3 0.65 0.06)
(5.35 0.65 0.06)
(5.4 0.65 0.06)
(5.45 0.65 0.06)
(5.5 0.65 0.06)
(5.55 0.65 0.06)
(5.6 0.65 0.06)
(5.65 0.65 0.06)
(5.7 0.65 0.06)
(5.75 0.65 0.06)
(5.8 0.65 0.06)
(5.85 0.65 0.06)
(5.9 0.65 0.06)
(5.95 0.65 0.06)
(6 0.65 0.06)
(6.05 0.65 0.06)
(6.1 0.65 0.06)
(6.15 0.65 0.06)
(6.2 0.65 0.06)
(6.25 0.65 0.06)
(6.3 0.65 0.06)
(6.35 0.65 0.06)
(6.4 0.65 0.06)
(6.45 0.65 0.06)
(6.5 0.65 0.06)
(6.55 0.65 0.06)
(6.6 0.65 0.06)
(6.65 0.65 0.06)
(6.7 0.65 0.06)
(6.75 0.65 0.06)
(6.8 0.65 0.06)
(6.85 0.65 0.06)
(6.9 0.65 0.06)
(6.95 0.65 0.06)
(7 0.65 0.06)
(7.05 0.65 0.06)
(7.1 0.65 0.06)
(7.15 0.65 0.06)
(7.2 0.65 0.06)
(7.25 0.65 0.06)
(7.3 0.65 0.06)
(7.35 0.65 0.06)
(7.4 0.65 0.06)
(7.45 0.65 0.06)
(7.5 0.65 0.06)
(7.55 0.65 0.06)
(7.6 0.65 0.06)
(7.65 0.65 0.06)
(7.7 0.65 0.06)
(7.75 0.65 0.06)
(7.8 0.65 0.06)
(7.85 0.65 0.06)
(7.9 0.65 0.06)
(7.95 0.65 0.06)
(8 0.65 0.06)
(8.05 0.65 0.06)
(8.1 0.65 0.06)
(8.15 0.65 0.06)
(8.2 0.65 0.06)
(8.25 0.65 0.06)
(8.3 0.65 0.06)
(8.35 0.65 0.06)
(8.4 0.65 0.06)
(8.45 0.65 0.06)
(8.5 0.65 0.06)
(8.55 0.65 0.06)
(8.6 0.65 0.06)
(8.65 0.65 0.06)
(8.7 0.65 0.06)
(8.75 0.65 0.06)
(8.8 0.65 0.06)
(8.85 0.65 0.06)
(8.9 0.65 0.06)
(8.95 0.65 0.06)
(9 0.65 0.06)
(9.05 0.65 0.06)
(9.1 0.65 0.06)
(9.15 0.65 0.06)
(9.2 0.65 0.06)
(9.25 0.65 0.06)
(9.3 0.65 0.06)
(9.35 0.65 0.06)
(9.4 0.65 0.06)
(9.45 0.65 0.06)
(9.5 0.65 0.06)
(9.55 0.65 0.06)
(9.6 0.65 0.06)
(9.65 0.65 0.06)
(9.7 0.65 0.06)
(9.75 0.65 0.06)
(9.8 0.65 0.06)
(9.85 0.65 0.06)
(9.9 0.65 0.06)
(9.95 0.65 0.06)
(10 0.65 0.06)
(0 0.7 0.06)
(0.05 0.7 0.06)
(0.1 0.7 0.06)
(0.15 0.7 0.06)
(0.2 0.7 0.06)
(0.25 0.7 0.06)
(0.3 0.7 0.06)
(0.35 0.7 0.06)
(0.4 0.7 0.06)
(0.45 0.7 0.06)
(0.5 0.7 0.06)
(0.55 0.7 0.06)
(0.6 0.7 0.06)
(0.65 0.7 0.06)
(0.7 0.7 0.06)
(0.75 0.7 0.06)
(0.8 0.7 0.06)
(0.85 0.7 0.06)
(0.9 0.7 0.06)
(0.95 0.7 0.06)
(1 0.7 0.06)
(1.05 0.7 0.06)
(1.1 0.7 0.06)
(1.15 0.7 0.06)
(1.2 0.7 0.06)
(1.25 0.7 0.06)
(1.3 0.7 0.06)
(1.35 0.7 0.06)
(1.4 0.7 0.06)
(1.45 0.7 0.06)
(1.5 0.7 0.06)
(1.55 0.7 0.06)
(1.6 0.7 0.06)
(1.65 0.7 0.06)
(1.7 0.7 0.06)
(1.75 0.7 0.06)
(1.8 0.7 0.06)
(1.85 0.7 0.06)
(1.9 0.7 0.06)
(1.95 0.7 0.06)
(2 0.7 0.06)
(2.05 0.7 0.06)
(2.1 0.7 0.06)
(2.15 0.7 0.06)
(2.2 0.7 0.06)
(2.25 0.7 0.06)
(2.3 0.7 0.06)
(2.35 0.7 0.06)
(2.4 0.7 0.06)
(2.45 0.7 0.06)
(2.5 0.7 0.06)
(2.55 0.7 0.06)
(2.6 0.7 0.06)
(2.65 0.7 0.06)
(2.7 0.7 0.06)
(2.75 0.7 0.06)
(2.8 0.7 0.06)
(2.85 0.7 0.06)
(2.9 0.7 0.06)
(2.95 0.7 0.06)
(3 0.7 0.06)
(3.05 0.7 0.06)
(3.1 0.7 0.06)
(3.15 0.7 0.06)
(3.2 0.7 0.06)
(3.25 0.7 0.06)
(3.3 0.7 0.06)
(3.35 0.7 0.06)
(3.4 0.7 0.06)
(3.45 0.7 0.06)
(3.5 0.7 0.06)
(3.55 0.7 0.06)
(3.6 0.7 0.06)
(3.65 0.7 0.06)
(3.7 0.7 0.06)
(3.75 0.7 0.06)
(3.8 0.7 0.06)
(3.85 0.7 0.06)
(3.9 0.7 0.06)
(3.95 0.7 0.06)
(4 0.7 0.06)
(4.05 0.7 0.06)
(4.1 0.7 0.06)
(4.15 0.7 0.06)
(4.2 0.7 0.06)
(4.25 0.7 0.06)
(4.3 0.7 0.06)
(4.35 0.7 0.06)
(4.4 0.7 0.06)
(4.45 0.7 0.06)
(4.5 0.7 0.06)
(4.55 0.7 0.06)
(4.6 0.7 0.06)
(4.65 0.7 0.06)
(4.7 0.7 0.06)
(4.75 0.7 0.06)
(4.8 0.7 0.06)
(4.85 0.7 0.06)
(4.9 0.7 0.06)
(4.95 0.7 0.06)
(5 0.7 0.06)
(5.05 0.7 0.06)
(5.1 0.7 0.06)
(5.15 0.7 0.06)
(5.2 0.7 0.06)
(5.25 0.7 0.06)
(5.3 0.7 0.06)
(5.35 0.7 0.06)
(5.4 0.7 0.06)
(5.45 0.7 0.06)
(5.5 0.7 0.06)
(5.55 0.7 0.06)
(5.6 0.7 0.06)
(5.65 0.7 0.06)
(5.7 0.7 0.06)
(5.75 0.7 0.06)
(5.8 0.7 0.06)
(5.85 0.7 0.06)
(5.9 0.7 0.06)
(5.95 0.7 0.06)
(6 0.7 0.06)
(6.05 0.7 0.06)
(6.1 0.7 0.06)
(6.15 0.7 0.06)
(6.2 0.7 0.06)
(6.25 0.7 0.06)
(6.3 0.7 0.06)
(6.35 0.7 0.06)
(6.4 0.7 0.06)
(6.45 0.7 0.06)
(6.5 0.7 0.06)
(6.55 0.7 0.06)
(6.6 0.7 0.06)
(6.65 0.7 0.06)
(6.7 0.7 0.06)
(6.75 0.7 0.06)
(6.8 0.7 0.06)
(6.85 0.7 0.06)
(6.9 0.7 0.06)
(6.95 0.7 0.06)
(7 0.7 0.06)
(7.05 0.7 0.06)
(7.1 0.7 0.06)
(7.15 0.7 0.06)
(7.2 0.7 0.06)
(7.25 0.7 0.06)
(7.3 0.7 0.06)
(7.35 0.7 0.06)
(7.4 0.7 0.06)
(7.45 0.7 0.06)
(7.5 0.7 0.06)
(7.55 0.7 0.06)
(7.6 0.7 0.06)
(7.65 0.7 0.06)
(7.7 0.7 0.06)
(7.75 0.7 0.06)
(7.8 0.7 0.06)
(7.85 0.7 0.06)
(7.9 0.7 0.06)
(7.95 0.7 0.06)
(8 0.7 0.06)
(8.05 0.7 0.06)
(8.1 0.7 0.06)
(8.15 0.7 0.06)
(8.2 0.7 0.06)
(8.25 0.7 0.06)
(8.3 0.7 0.06)
(8.35 0.7 0.06)
(8.4 0.7 0.06)
(8.45 0.7 0.06)
(8.5 0.7 0.06)
(8.55 0.7 0.06)
(8.6 0.7 0.06)
(8.65 0.7 0.06)
(8.7 0.7 0.06)
(8.75 0.7 0.06)
(8.8 0.7 0.06)
(8.85 0.7 0.06)
(8.9 0.7 0.06)
(8.95 0.7 0.06)
(9 0.7 0.06)
(9.05 0.7 0.06)
(9.1 0.7 0.06)
(9.15 0.7 0.06)
(9.2 0.7 0.06)
(9.25 0.7 0.06)
(9.3 0.7 0.06)
(9.35 0.7 0.06)
(9.4 0.7 0.06)
(9.45 0.7 0.06)
(9.5 0.7 0.06)
(9.55 0.7 0.06)
(9.6 0.7 0.06)
(9.65 0.7 0.06)
(9.7 0.7 0.06)
(9.75 0.7 0.06)
(9.8 0.7 0.06)
(9.85 0.7 0.06)
(9.9 0.7 0.06)
(9.95 0.7 0.06)
(10 0.7 0.06)
(0 0.75 0.06)
(0.05 0.75 0.06)
(0.1 0.75 0.06)
(0.15 0.75 0.06)
(0.2 0.75 0.06)
(0.25 0.75 0.06)
(0.3 0.75 0.06)
(0.35 0.75 0.06)
(0.4 0.75 0.06)
(0.45 0.75 0.06)
(0.5 0.75 0.06)
(0.55 0.75 0.06)
(0.6 0.75 0.06)
(0.65 0.75 0.06)
(0.7 0.75 0.06)
(0.75 0.75 0.06)
(0.8 0.75 0.06)
(0.85 0.75 0.06)
(0.9 0.75 0.06)
(0.95 0.75 0.06)
(1 0.75 0.06)
(1.05 0.75 0.06)
(1.1 0.75 0.06)
(1.15 0.75 0.06)
(1.2 0.75 0.06)
(1.25 0.75 0.06)
(1.3 0.75 0.06)
(1.35 0.75 0.06)
(1.4 0.75 0.06)
(1.45 0.75 0.06)
(1.5 0.75 0.06)
(1.55 0.75 0.06)
(1.6 0.75 0.06)
(1.65 0.75 0.06)
(1.7 0.75 0.06)
(1.75 0.75 0.06)
(1.8 0.75 0.06)
(1.85 0.75 0.06)
(1.9 0.75 0.06)
(1.95 0.75 0.06)
(2 0.75 0.06)
(2.05 0.75 0.06)
(2.1 0.75 0.06)
(2.15 0.75 0.06)
(2.2 0.75 0.06)
(2.25 0.75 0.06)
(2.3 0.75 0.06)
(2.35 0.75 0.06)
(2.4 0.75 0.06)
(2.45 0.75 0.06)
(2.5 0.75 0.06)
(2.55 0.75 0.06)
(2.6 0.75 0.06)
(2.65 0.75 0.06)
(2.7 0.75 0.06)
(2.75 0.75 0.06)
(2.8 0.75 0.06)
(2.85 0.75 0.06)
(2.9 0.75 0.06)
(2.95 0.75 0.06)
(3 0.75 0.06)
(3.05 0.75 0.06)
(3.1 0.75 0.06)
(3.15 0.75 0.06)
(3.2 0.75 0.06)
(3.25 0.75 0.06)
(3.3 0.75 0.06)
(3.35 0.75 0.06)
(3.4 0.75 0.06)
(3.45 0.75 0.06)
(3.5 0.75 0.06)
(3.55 0.75 0.06)
(3.6 0.75 0.06)
(3.65 0.75 0.06)
(3.7 0.75 0.06)
(3.75 0.75 0.06)
(3.8 0.75 0.06)
(3.85 0.75 0.06)
(3.9 0.75 0.06)
(3.95 0.75 0.06)
(4 0.75 0.06)
(4.05 0.75 0.06)
(4.1 0.75 0.06)
(4.15 0.75 0.06)
(4.2 0.75 0.06)
(4.25 0.75 0.06)
(4.3 0.75 0.06)
(4.35 0.75 0.06)
(4.4 0.75 0.06)
(4.45 0.75 0.06)
(4.5 0.75 0.06)
(4.55 0.75 0.06)
(4.6 0.75 0.06)
(4.65 0.75 0.06)
(4.7 0.75 0.06)
(4.75 0.75 0.06)
(4.8 0.75 0.06)
(4.85 0.75 0.06)
(4.9 0.75 0.06)
(4.95 0.75 0.06)
(5 0.75 0.06)
(5.05 0.75 0.06)
(5.1 0.75 0.06)
(5.15 0.75 0.06)
(5.2 0.75 0.06)
(5.25 0.75 0.06)
(5.3 0.75 0.06)
(5.35 0.75 0.06)
(5.4 0.75 0.06)
(5.45 0.75 0.06)
(5.5 0.75 0.06)
(5.55 0.75 0.06)
(5.6 0.75 0.06)
(5.65 0.75 0.06)
(5.7 0.75 0.06)
(5.75 0.75 0.06)
(5.8 0.75 0.06)
(5.85 0.75 0.06)
(5.9 0.75 0.06)
(5.95 0.75 0.06)
(6 0.75 0.06)
(6.05 0.75 0.06)
(6.1 0.75 0.06)
(6.15 0.75 0.06)
(6.2 0.75 0.06)
(6.25 0.75 0.06)
(6.3 0.75 0.06)
(6.35 0.75 0.06)
(6.4 0.75 0.06)
(6.45 0.75 0.06)
(6.5 0.75 0.06)
(6.55 0.75 0.06)
(6.6 0.75 0.06)
(6.65 0.75 0.06)
(6.7 0.75 0.06)
(6.75 0.75 0.06)
(6.8 0.75 0.06)
(6.85 0.75 0.06)
(6.9 0.75 0.06)
(6.95 0.75 0.06)
(7 0.75 0.06)
(7.05 0.75 0.06)
(7.1 0.75 0.06)
(7.15 0.75 0.06)
(7.2 0.75 0.06)
(7.25 0.75 0.06)
(7.3 0.75 0.06)
(7.35 0.75 0.06)
(7.4 0.75 0.06)
(7.45 0.75 0.06)
(7.5 0.75 0.06)
(7.55 0.75 0.06)
(7.6 0.75 0.06)
(7.65 0.75 0.06)
(7.7 0.75 0.06)
(7.75 0.75 0.06)
(7.8 0.75 0.06)
(7.85 0.75 0.06)
(7.9 0.75 0.06)
(7.95 0.75 0.06)
(8 0.75 0.06)
(8.05 0.75 0.06)
(8.1 0.75 0.06)
(8.15 0.75 0.06)
(8.2 0.75 0.06)
(8.25 0.75 0.06)
(8.3 0.75 0.06)
(8.35 0.75 0.06)
(8.4 0.75 0.06)
(8.45 0.75 0.06)
(8.5 0.75 0.06)
(8.55 0.75 0.06)
(8.6 0.75 0.06)
(8.65 0.75 0.06)
(8.7 0.75 0.06)
(8.75 0.75 0.06)
(8.8 0.75 0.06)
(8.85 0.75 0.06)
(8.9 0.75 0.06)
(8.95 0.75 0.06)
(9 0.75 0.06)
(9.05 0.75 0.06)
(9.1 0.75 0.06)
(9.15 0.75 0.06)
(9.2 0.75 0.06)
(9.25 0.75 0.06)
(9.3 0.75 0.06)
(9.35 0.75 0.06)
(9.4 0.75 0.06)
(9.45 0.75 0.06)
(9.5 0.75 0.06)
(9.55 0.75 0.06)
(9.6 0.75 0.06)
(9.65 0.75 0.06)
(9.7 0.75 0.06)
(9.75 0.75 0.06)
(9.8 0.75 0.06)
(9.85 0.75 0.06)
(9.9 0.75 0.06)
(9.95 0.75 0.06)
(10 0.75 0.06)
(0 0.8 0.06)
(0.05 0.8 0.06)
(0.1 0.8 0.06)
(0.15 0.8 0.06)
(0.2 0.8 0.06)
(0.25 0.8 0.06)
(0.3 0.8 0.06)
(0.35 0.8 0.06)
(0.4 0.8 0.06)
(0.45 0.8 0.06)
(0.5 0.8 0.06)
(0.55 0.8 0.06)
(0.6 0.8 0.06)
(0.65 0.8 0.06)
(0.7 0.8 0.06)
(0.75 0.8 0.06)
(0.8 0.8 0.06)
(0.85 0.8 0.06)
(0.9 0.8 0.06)
(0.95 0.8 0.06)
(1 0.8 0.06)
(1.05 0.8 0.06)
(1.1 0.8 0.06)
(1.15 0.8 0.06)
(1.2 0.8 0.06)
(1.25 0.8 0.06)
(1.3 0.8 0.06)
(1.35 0.8 0.06)
(1.4 0.8 0.06)
(1.45 0.8 0.06)
(1.5 0.8 0.06)
(1.55 0.8 0.06)
(1.6 0.8 0.06)
(1.65 0.8 0.06)
(1.7 0.8 0.06)
(1.75 0.8 0.06)
(1.8 0.8 0.06)
(1.85 0.8 0.06)
(1.9 0.8 0.06)
(1.95 0.8 0.06)
(2 0.8 0.06)
(2.05 0.8 0.06)
(2.1 0.8 0.06)
(2.15 0.8 0.06)
(2.2 0.8 0.06)
(2.25 0.8 0.06)
(2.3 0.8 0.06)
(2.35 0.8 0.06)
(2.4 0.8 0.06)
(2.45 0.8 0.06)
(2.5 0.8 0.06)
(2.55 0.8 0.06)
(2.6 0.8 0.06)
(2.65 0.8 0.06)
(2.7 0.8 0.06)
(2.75 0.8 0.06)
(2.8 0.8 0.06)
(2.85 0.8 0.06)
(2.9 0.8 0.06)
(2.95 0.8 0.06)
(3 0.8 0.06)
(3.05 0.8 0.06)
(3.1 0.8 0.06)
(3.15 0.8 0.06)
(3.2 0.8 0.06)
(3.25 0.8 0.06)
(3.3 0.8 0.06)
(3.35 0.8 0.06)
(3.4 0.8 0.06)
(3.45 0.8 0.06)
(3.5 0.8 0.06)
(3.55 0.8 0.06)
(3.6 0.8 0.06)
(3.65 0.8 0.06)
(3.7 0.8 0.06)
(3.75 0.8 0.06)
(3.8 0.8 0.06)
(3.85 0.8 0.06)
(3.9 0.8 0.06)
(3.95 0.8 0.06)
(4 0.8 0.06)
(4.05 0.8 0.06)
(4.1 0.8 0.06)
(4.15 0.8 0.06)
(4.2 0.8 0.06)
(4.25 0.8 0.06)
(4.3 0.8 0.06)
(4.35 0.8 0.06)
(4.4 0.8 0.06)
(4.45 0.8 0.06)
(4.5 0.8 0.06)
(4.55 0.8 0.06)
(4.6 0.8 0.06)
(4.65 0.8 0.06)
(4.7 0.8 0.06)
(4.75 0.8 0.06)
(4.8 0.8 0.06)
(4.85 0.8 0.06)
(4.9 0.8 0.06)
(4.95 0.8 0.06)
(5 0.8 0.06)
(5.05 0.8 0.06)
(5.1 0.8 0.06)
(5.15 0.8 0.06)
(5.2 0.8 0.06)
(5.25 0.8 0.06)
(5.3 0.8 0.06)
(5.35 0.8 0.06)
(5.4 0.8 0.06)
(5.45 0.8 0.06)
(5.5 0.8 0.06)
(5.55 0.8 0.06)
(5.6 0.8 0.06)
(5.65 0.8 0.06)
(5.7 0.8 0.06)
(5.75 0.8 0.06)
(5.8 0.8 0.06)
(5.85 0.8 0.06)
(5.9 0.8 0.06)
(5.95 0.8 0.06)
(6 0.8 0.06)
(6.05 0.8 0.06)
(6.1 0.8 0.06)
(6.15 0.8 0.06)
(6.2 0.8 0.06)
(6.25 0.8 0.06)
(6.3 0.8 0.06)
(6.35 0.8 0.06)
(6.4 0.8 0.06)
(6.45 0.8 0.06)
(6.5 0.8 0.06)
(6.55 0.8 0.06)
(6.6 0.8 0.06)
(6.65 0.8 0.06)
(6.7 0.8 0.06)
(6.75 0.8 0.06)
(6.8 0.8 0.06)
(6.85 0.8 0.06)
(6.9 0.8 0.06)
(6.95 0.8 0.06)
(7 0.8 0.06)
(7.05 0.8 0.06)
(7.1 0.8 0.06)
(7.15 0.8 0.06)
(7.2 0.8 0.06)
(7.25 0.8 0.06)
(7.3 0.8 0.06)
(7.35 0.8 0.06)
(7.4 0.8 0.06)
(7.45 0.8 0.06)
(7.5 0.8 0.06)
(7.55 0.8 0.06)
(7.6 0.8 0.06)
(7.65 0.8 0.06)
(7.7 0.8 0.06)
(7.75 0.8 0.06)
(7.8 0.8 0.06)
(7.85 0.8 0.06)
(7.9 0.8 0.06)
(7.95 0.8 0.06)
(8 0.8 0.06)
(8.05 0.8 0.06)
(8.1 0.8 0.06)
(8.15 0.8 0.06)
(8.2 0.8 0.06)
(8.25 0.8 0.06)
(8.3 0.8 0.06)
(8.35 0.8 0.06)
(8.4 0.8 0.06)
(8.45 0.8 0.06)
(8.5 0.8 0.06)
(8.55 0.8 0.06)
(8.6 0.8 0.06)
(8.65 0.8 0.06)
(8.7 0.8 0.06)
(8.75 0.8 0.06)
(8.8 0.8 0.06)
(8.85 0.8 0.06)
(8.9 0.8 0.06)
(8.95 0.8 0.06)
(9 0.8 0.06)
(9.05 0.8 0.06)
(9.1 0.8 0.06)
(9.15 0.8 0.06)
(9.2 0.8 0.06)
(9.25 0.8 0.06)
(9.3 0.8 0.06)
(9.35 0.8 0.06)
(9.4 0.8 0.06)
(9.45 0.8 0.06)
(9.5 0.8 0.06)
(9.55 0.8 0.06)
(9.6 0.8 0.06)
(9.65 0.8 0.06)
(9.7 0.8 0.06)
(9.75 0.8 0.06)
(9.8 0.8 0.06)
(9.85 0.8 0.06)
(9.9 0.8 0.06)
(9.95 0.8 0.06)
(10 0.8 0.06)
(0 0.85 0.06)
(0.05 0.85 0.06)
(0.1 0.85 0.06)
(0.15 0.85 0.06)
(0.2 0.85 0.06)
(0.25 0.85 0.06)
(0.3 0.85 0.06)
(0.35 0.85 0.06)
(0.4 0.85 0.06)
(0.45 0.85 0.06)
(0.5 0.85 0.06)
(0.55 0.85 0.06)
(0.6 0.85 0.06)
(0.65 0.85 0.06)
(0.7 0.85 0.06)
(0.75 0.85 0.06)
(0.8 0.85 0.06)
(0.85 0.85 0.06)
(0.9 0.85 0.06)
(0.95 0.85 0.06)
(1 0.85 0.06)
(1.05 0.85 0.06)
(1.1 0.85 0.06)
(1.15 0.85 0.06)
(1.2 0.85 0.06)
(1.25 0.85 0.06)
(1.3 0.85 0.06)
(1.35 0.85 0.06)
(1.4 0.85 0.06)
(1.45 0.85 0.06)
(1.5 0.85 0.06)
(1.55 0.85 0.06)
(1.6 0.85 0.06)
(1.65 0.85 0.06)
(1.7 0.85 0.06)
(1.75 0.85 0.06)
(1.8 0.85 0.06)
(1.85 0.85 0.06)
(1.9 0.85 0.06)
(1.95 0.85 0.06)
(2 0.85 0.06)
(2.05 0.85 0.06)
(2.1 0.85 0.06)
(2.15 0.85 0.06)
(2.2 0.85 0.06)
(2.25 0.85 0.06)
(2.3 0.85 0.06)
(2.35 0.85 0.06)
(2.4 0.85 0.06)
(2.45 0.85 0.06)
(2.5 0.85 0.06)
(2.55 0.85 0.06)
(2.6 0.85 0.06)
(2.65 0.85 0.06)
(2.7 0.85 0.06)
(2.75 0.85 0.06)
(2.8 0.85 0.06)
(2.85 0.85 0.06)
(2.9 0.85 0.06)
(2.95 0.85 0.06)
(3 0.85 0.06)
(3.05 0.85 0.06)
(3.1 0.85 0.06)
(3.15 0.85 0.06)
(3.2 0.85 0.06)
(3.25 0.85 0.06)
(3.3 0.85 0.06)
(3.35 0.85 0.06)
(3.4 0.85 0.06)
(3.45 0.85 0.06)
(3.5 0.85 0.06)
(3.55 0.85 0.06)
(3.6 0.85 0.06)
(3.65 0.85 0.06)
(3.7 0.85 0.06)
(3.75 0.85 0.06)
(3.8 0.85 0.06)
(3.85 0.85 0.06)
(3.9 0.85 0.06)
(3.95 0.85 0.06)
(4 0.85 0.06)
(4.05 0.85 0.06)
(4.1 0.85 0.06)
(4.15 0.85 0.06)
(4.2 0.85 0.06)
(4.25 0.85 0.06)
(4.3 0.85 0.06)
(4.35 0.85 0.06)
(4.4 0.85 0.06)
(4.45 0.85 0.06)
(4.5 0.85 0.06)
(4.55 0.85 0.06)
(4.6 0.85 0.06)
(4.65 0.85 0.06)
(4.7 0.85 0.06)
(4.75 0.85 0.06)
(4.8 0.85 0.06)
(4.85 0.85 0.06)
(4.9 0.85 0.06)
(4.95 0.85 0.06)
(5 0.85 0.06)
(5.05 0.85 0.06)
(5.1 0.85 0.06)
(5.15 0.85 0.06)
(5.2 0.85 0.06)
(5.25 0.85 0.06)
(5.3 0.85 0.06)
(5.35 0.85 0.06)
(5.4 0.85 0.06)
(5.45 0.85 0.06)
(5.5 0.85 0.06)
(5.55 0.85 0.06)
(5.6 0.85 0.06)
(5.65 0.85 0.06)
(5.7 0.85 0.06)
(5.75 0.85 0.06)
(5.8 0.85 0.06)
(5.85 0.85 0.06)
(5.9 0.85 0.06)
(5.95 0.85 0.06)
(6 0.85 0.06)
(6.05 0.85 0.06)
(6.1 0.85 0.06)
(6.15 0.85 0.06)
(6.2 0.85 0.06)
(6.25 0.85 0.06)
(6.3 0.85 0.06)
(6.35 0.85 0.06)
(6.4 0.85 0.06)
(6.45 0.85 0.06)
(6.5 0.85 0.06)
(6.55 0.85 0.06)
(6.6 0.85 0.06)
(6.65 0.85 0.06)
(6.7 0.85 0.06)
(6.75 0.85 0.06)
(6.8 0.85 0.06)
(6.85 0.85 0.06)
(6.9 0.85 0.06)
(6.95 0.85 0.06)
(7 0.85 0.06)
(7.05 0.85 0.06)
(7.1 0.85 0.06)
(7.15 0.85 0.06)
(7.2 0.85 0.06)
(7.25 0.85 0.06)
(7.3 0.85 0.06)
(7.35 0.85 0.06)
(7.4 0.85 0.06)
(7.45 0.85 0.06)
(7.5 0.85 0.06)
(7.55 0.85 0.06)
(7.6 0.85 0.06)
(7.65 0.85 0.06)
(7.7 0.85 0.06)
(7.75 0.85 0.06)
(7.8 0.85 0.06)
(7.85 0.85 0.06)
(7.9 0.85 0.06)
(7.95 0.85 0.06)
(8 0.85 0.06)
(8.05 0.85 0.06)
(8.1 0.85 0.06)
(8.15 0.85 0.06)
(8.2 0.85 0.06)
(8.25 0.85 0.06)
(8.3 0.85 0.06)
(8.35 0.85 0.06)
(8.4 0.85 0.06)
(8.45 0.85 0.06)
(8.5 0.85 0.06)
(8.55 0.85 0.06)
(8.6 0.85 0.06)
(8.65 0.85 0.06)
(8.7 0.85 0.06)
(8.75 0.85 0.06)
(8.8 0.85 0.06)
(8.85 0.85 0.06)
(8.9 0.85 0.06)
(8.95 0.85 0.06)
(9 0.85 0.06)
(9.05 0.85 0.06)
(9.1 0.85 0.06)
(9.15 0.85 0.06)
(9.2 0.85 0.06)
(9.25 0.85 0.06)
(9.3 0.85 0.06)
(9.35 0.85 0.06)
(9.4 0.85 0.06)
(9.45 0.85 0.06)
(9.5 0.85 0.06)
(9.55 0.85 0.06)
(9.6 0.85 0.06)
(9.65 0.85 0.06)
(9.7 0.85 0.06)
(9.75 0.85 0.06)
(9.8 0.85 0.06)
(9.85 0.85 0.06)
(9.9 0.85 0.06)
(9.95 0.85 0.06)
(10 0.85 0.06)
(0 0.9 0.06)
(0.05 0.9 0.06)
(0.1 0.9 0.06)
(0.15 0.9 0.06)
(0.2 0.9 0.06)
(0.25 0.9 0.06)
(0.3 0.9 0.06)
(0.35 0.9 0.06)
(0.4 0.9 0.06)
(0.45 0.9 0.06)
(0.5 0.9 0.06)
(0.55 0.9 0.06)
(0.6 0.9 0.06)
(0.65 0.9 0.06)
(0.7 0.9 0.06)
(0.75 0.9 0.06)
(0.8 0.9 0.06)
(0.85 0.9 0.06)
(0.9 0.9 0.06)
(0.95 0.9 0.06)
(1 0.9 0.06)
(1.05 0.9 0.06)
(1.1 0.9 0.06)
(1.15 0.9 0.06)
(1.2 0.9 0.06)
(1.25 0.9 0.06)
(1.3 0.9 0.06)
(1.35 0.9 0.06)
(1.4 0.9 0.06)
(1.45 0.9 0.06)
(1.5 0.9 0.06)
(1.55 0.9 0.06)
(1.6 0.9 0.06)
(1.65 0.9 0.06)
(1.7 0.9 0.06)
(1.75 0.9 0.06)
(1.8 0.9 0.06)
(1.85 0.9 0.06)
(1.9 0.9 0.06)
(1.95 0.9 0.06)
(2 0.9 0.06)
(2.05 0.9 0.06)
(2.1 0.9 0.06)
(2.15 0.9 0.06)
(2.2 0.9 0.06)
(2.25 0.9 0.06)
(2.3 0.9 0.06)
(2.35 0.9 0.06)
(2.4 0.9 0.06)
(2.45 0.9 0.06)
(2.5 0.9 0.06)
(2.55 0.9 0.06)
(2.6 0.9 0.06)
(2.65 0.9 0.06)
(2.7 0.9 0.06)
(2.75 0.9 0.06)
(2.8 0.9 0.06)
(2.85 0.9 0.06)
(2.9 0.9 0.06)
(2.95 0.9 0.06)
(3 0.9 0.06)
(3.05 0.9 0.06)
(3.1 0.9 0.06)
(3.15 0.9 0.06)
(3.2 0.9 0.06)
(3.25 0.9 0.06)
(3.3 0.9 0.06)
(3.35 0.9 0.06)
(3.4 0.9 0.06)
(3.45 0.9 0.06)
(3.5 0.9 0.06)
(3.55 0.9 0.06)
(3.6 0.9 0.06)
(3.65 0.9 0.06)
(3.7 0.9 0.06)
(3.75 0.9 0.06)
(3.8 0.9 0.06)
(3.85 0.9 0.06)
(3.9 0.9 0.06)
(3.95 0.9 0.06)
(4 0.9 0.06)
(4.05 0.9 0.06)
(4.1 0.9 0.06)
(4.15 0.9 0.06)
(4.2 0.9 0.06)
(4.25 0.9 0.06)
(4.3 0.9 0.06)
(4.35 0.9 0.06)
(4.4 0.9 0.06)
(4.45 0.9 0.06)
(4.5 0.9 0.06)
(4.55 0.9 0.06)
(4.6 0.9 0.06)
(4.65 0.9 0.06)
(4.7 0.9 0.06)
(4.75 0.9 0.06)
(4.8 0.9 0.06)
(4.85 0.9 0.06)
(4.9 0.9 0.06)
(4.95 0.9 0.06)
(5 0.9 0.06)
(5.05 0.9 0.06)
(5.1 0.9 0.06)
(5.15 0.9 0.06)
(5.2 0.9 0.06)
(5.25 0.9 0.06)
(5.3 0.9 0.06)
(5.35 0.9 0.06)
(5.4 0.9 0.06)
(5.45 0.9 0.06)
(5.5 0.9 0.06)
(5.55 0.9 0.06)
(5.6 0.9 0.06)
(5.65 0.9 0.06)
(5.7 0.9 0.06)
(5.75 0.9 0.06)
(5.8 0.9 0.06)
(5.85 0.9 0.06)
(5.9 0.9 0.06)
(5.95 0.9 0.06)
(6 0.9 0.06)
(6.05 0.9 0.06)
(6.1 0.9 0.06)
(6.15 0.9 0.06)
(6.2 0.9 0.06)
(6.25 0.9 0.06)
(6.3 0.9 0.06)
(6.35 0.9 0.06)
(6.4 0.9 0.06)
(6.45 0.9 0.06)
(6.5 0.9 0.06)
(6.55 0.9 0.06)
(6.6 0.9 0.06)
(6.65 0.9 0.06)
(6.7 0.9 0.06)
(6.75 0.9 0.06)
(6.8 0.9 0.06)
(6.85 0.9 0.06)
(6.9 0.9 0.06)
(6.95 0.9 0.06)
(7 0.9 0.06)
(7.05 0.9 0.06)
(7.1 0.9 0.06)
(7.15 0.9 0.06)
(7.2 0.9 0.06)
(7.25 0.9 0.06)
(7.3 0.9 0.06)
(7.35 0.9 0.06)
(7.4 0.9 0.06)
(7.45 0.9 0.06)
(7.5 0.9 0.06)
(7.55 0.9 0.06)
(7.6 0.9 0.06)
(7.65 0.9 0.06)
(7.7 0.9 0.06)
(7.75 0.9 0.06)
(7.8 0.9 0.06)
(7.85 0.9 0.06)
(7.9 0.9 0.06)
(7.95 0.9 0.06)
(8 0.9 0.06)
(8.05 0.9 0.06)
(8.1 0.9 0.06)
(8.15 0.9 0.06)
(8.2 0.9 0.06)
(8.25 0.9 0.06)
(8.3 0.9 0.06)
(8.35 0.9 0.06)
(8.4 0.9 0.06)
(8.45 0.9 0.06)
(8.5 0.9 0.06)
(8.55 0.9 0.06)
(8.6 0.9 0.06)
(8.65 0.9 0.06)
(8.7 0.9 0.06)
(8.75 0.9 0.06)
(8.8 0.9 0.06)
(8.85 0.9 0.06)
(8.9 0.9 0.06)
(8.95 0.9 0.06)
(9 0.9 0.06)
(9.05 0.9 0.06)
(9.1 0.9 0.06)
(9.15 0.9 0.06)
(9.2 0.9 0.06)
(9.25 0.9 0.06)
(9.3 0.9 0.06)
(9.35 0.9 0.06)
(9.4 0.9 0.06)
(9.45 0.9 0.06)
(9.5 0.9 0.06)
(9.55 0.9 0.06)
(9.6 0.9 0.06)
(9.65 0.9 0.06)
(9.7 0.9 0.06)
(9.75 0.9 0.06)
(9.8 0.9 0.06)
(9.85 0.9 0.06)
(9.9 0.9 0.06)
(9.95 0.9 0.06)
(10 0.9 0.06)
(0 0.95 0.06)
(0.05 0.95 0.06)
(0.1 0.95 0.06)
(0.15 0.95 0.06)
(0.2 0.95 0.06)
(0.25 0.95 0.06)
(0.3 0.95 0.06)
(0.35 0.95 0.06)
(0.4 0.95 0.06)
(0.45 0.95 0.06)
(0.5 0.95 0.06)
(0.55 0.95 0.06)
(0.6 0.95 0.06)
(0.65 0.95 0.06)
(0.7 0.95 0.06)
(0.75 0.95 0.06)
(0.8 0.95 0.06)
(0.85 0.95 0.06)
(0.9 0.95 0.06)
(0.95 0.95 0.06)
(1 0.95 0.06)
(1.05 0.95 0.06)
(1.1 0.95 0.06)
(1.15 0.95 0.06)
(1.2 0.95 0.06)
(1.25 0.95 0.06)
(1.3 0.95 0.06)
(1.35 0.95 0.06)
(1.4 0.95 0.06)
(1.45 0.95 0.06)
(1.5 0.95 0.06)
(1.55 0.95 0.06)
(1.6 0.95 0.06)
(1.65 0.95 0.06)
(1.7 0.95 0.06)
(1.75 0.95 0.06)
(1.8 0.95 0.06)
(1.85 0.95 0.06)
(1.9 0.95 0.06)
(1.95 0.95 0.06)
(2 0.95 0.06)
(2.05 0.95 0.06)
(2.1 0.95 0.06)
(2.15 0.95 0.06)
(2.2 0.95 0.06)
(2.25 0.95 0.06)
(2.3 0.95 0.06)
(2.35 0.95 0.06)
(2.4 0.95 0.06)
(2.45 0.95 0.06)
(2.5 0.95 0.06)
(2.55 0.95 0.06)
(2.6 0.95 0.06)
(2.65 0.95 0.06)
(2.7 0.95 0.06)
(2.75 0.95 0.06)
(2.8 0.95 0.06)
(2.85 0.95 0.06)
(2.9 0.95 0.06)
(2.95 0.95 0.06)
(3 0.95 0.06)
(3.05 0.95 0.06)
(3.1 0.95 0.06)
(3.15 0.95 0.06)
(3.2 0.95 0.06)
(3.25 0.95 0.06)
(3.3 0.95 0.06)
(3.35 0.95 0.06)
(3.4 0.95 0.06)
(3.45 0.95 0.06)
(3.5 0.95 0.06)
(3.55 0.95 0.06)
(3.6 0.95 0.06)
(3.65 0.95 0.06)
(3.7 0.95 0.06)
(3.75 0.95 0.06)
(3.8 0.95 0.06)
(3.85 0.95 0.06)
(3.9 0.95 0.06)
(3.95 0.95 0.06)
(4 0.95 0.06)
(4.05 0.95 0.06)
(4.1 0.95 0.06)
(4.15 0.95 0.06)
(4.2 0.95 0.06)
(4.25 0.95 0.06)
(4.3 0.95 0.06)
(4.35 0.95 0.06)
(4.4 0.95 0.06)
(4.45 0.95 0.06)
(4.5 0.95 0.06)
(4.55 0.95 0.06)
(4.6 0.95 0.06)
(4.65 0.95 0.06)
(4.7 0.95 0.06)
(4.75 0.95 0.06)
(4.8 0.95 0.06)
(4.85 0.95 0.06)
(4.9 0.95 0.06)
(4.95 0.95 0.06)
(5 0.95 0.06)
(5.05 0.95 0.06)
(5.1 0.95 0.06)
(5.15 0.95 0.06)
(5.2 0.95 0.06)
(5.25 0.95 0.06)
(5.3 0.95 0.06)
(5.35 0.95 0.06)
(5.4 0.95 0.06)
(5.45 0.95 0.06)
(5.5 0.95 0.06)
(5.55 0.95 0.06)
(5.6 0.95 0.06)
(5.65 0.95 0.06)
(5.7 0.95 0.06)
(5.75 0.95 0.06)
(5.8 0.95 0.06)
(5.85 0.95 0.06)
(5.9 0.95 0.06)
(5.95 0.95 0.06)
(6 0.95 0.06)
(6.05 0.95 0.06)
(6.1 0.95 0.06)
(6.15 0.95 0.06)
(6.2 0.95 0.06)
(6.25 0.95 0.06)
(6.3 0.95 0.06)
(6.35 0.95 0.06)
(6.4 0.95 0.06)
(6.45 0.95 0.06)
(6.5 0.95 0.06)
(6.55 0.95 0.06)
(6.6 0.95 0.06)
(6.65 0.95 0.06)
(6.7 0.95 0.06)
(6.75 0.95 0.06)
(6.8 0.95 0.06)
(6.85 0.95 0.06)
(6.9 0.95 0.06)
(6.95 0.95 0.06)
(7 0.95 0.06)
(7.05 0.95 0.06)
(7.1 0.95 0.06)
(7.15 0.95 0.06)
(7.2 0.95 0.06)
(7.25 0.95 0.06)
(7.3 0.95 0.06)
(7.35 0.95 0.06)
(7.4 0.95 0.06)
(7.45 0.95 0.06)
(7.5 0.95 0.06)
(7.55 0.95 0.06)
(7.6 0.95 0.06)
(7.65 0.95 0.06)
(7.7 0.95 0.06)
(7.75 0.95 0.06)
(7.8 0.95 0.06)
(7.85 0.95 0.06)
(7.9 0.95 0.06)
(7.95 0.95 0.06)
(8 0.95 0.06)
(8.05 0.95 0.06)
(8.1 0.95 0.06)
(8.15 0.95 0.06)
(8.2 0.95 0.06)
(8.25 0.95 0.06)
(8.3 0.95 0.06)
(8.35 0.95 0.06)
(8.4 0.95 0.06)
(8.45 0.95 0.06)
(8.5 0.95 0.06)
(8.55 0.95 0.06)
(8.6 0.95 0.06)
(8.65 0.95 0.06)
(8.7 0.95 0.06)
(8.75 0.95 0.06)
(8.8 0.95 0.06)
(8.85 0.95 0.06)
(8.9 0.95 0.06)
(8.95 0.95 0.06)
(9 0.95 0.06)
(9.05 0.95 0.06)
(9.1 0.95 0.06)
(9.15 0.95 0.06)
(9.2 0.95 0.06)
(9.25 0.95 0.06)
(9.3 0.95 0.06)
(9.35 0.95 0.06)
(9.4 0.95 0.06)
(9.45 0.95 0.06)
(9.5 0.95 0.06)
(9.55 0.95 0.06)
(9.6 0.95 0.06)
(9.65 0.95 0.06)
(9.7 0.95 0.06)
(9.75 0.95 0.06)
(9.8 0.95 0.06)
(9.85 0.95 0.06)
(9.9 0.95 0.06)
(9.95 0.95 0.06)
(10 0.95 0.06)
(0 1 0.06)
(0.05 1 0.06)
(0.1 1 0.06)
(0.15 1 0.06)
(0.2 1 0.06)
(0.25 1 0.06)
(0.3 1 0.06)
(0.35 1 0.06)
(0.4 1 0.06)
(0.45 1 0.06)
(0.5 1 0.06)
(0.55 1 0.06)
(0.6 1 0.06)
(0.65 1 0.06)
(0.7 1 0.06)
(0.75 1 0.06)
(0.8 1 0.06)
(0.85 1 0.06)
(0.9 1 0.06)
(0.95 1 0.06)
(1 1 0.06)
(1.05 1 0.06)
(1.1 1 0.06)
(1.15 1 0.06)
(1.2 1 0.06)
(1.25 1 0.06)
(1.3 1 0.06)
(1.35 1 0.06)
(1.4 1 0.06)
(1.45 1 0.06)
(1.5 1 0.06)
(1.55 1 0.06)
(1.6 1 0.06)
(1.65 1 0.06)
(1.7 1 0.06)
(1.75 1 0.06)
(1.8 1 0.06)
(1.85 1 0.06)
(1.9 1 0.06)
(1.95 1 0.06)
(2 1 0.06)
(2.05 1 0.06)
(2.1 1 0.06)
(2.15 1 0.06)
(2.2 1 0.06)
(2.25 1 0.06)
(2.3 1 0.06)
(2.35 1 0.06)
(2.4 1 0.06)
(2.45 1 0.06)
(2.5 1 0.06)
(2.55 1 0.06)
(2.6 1 0.06)
(2.65 1 0.06)
(2.7 1 0.06)
(2.75 1 0.06)
(2.8 1 0.06)
(2.85 1 0.06)
(2.9 1 0.06)
(2.95 1 0.06)
(3 1 0.06)
(3.05 1 0.06)
(3.1 1 0.06)
(3.15 1 0.06)
(3.2 1 0.06)
(3.25 1 0.06)
(3.3 1 0.06)
(3.35 1 0.06)
(3.4 1 0.06)
(3.45 1 0.06)
(3.5 1 0.06)
(3.55 1 0.06)
(3.6 1 0.06)
(3.65 1 0.06)
(3.7 1 0.06)
(3.75 1 0.06)
(3.8 1 0.06)
(3.85 1 0.06)
(3.9 1 0.06)
(3.95 1 0.06)
(4 1 0.06)
(4.05 1 0.06)
(4.1 1 0.06)
(4.15 1 0.06)
(4.2 1 0.06)
(4.25 1 0.06)
(4.3 1 0.06)
(4.35 1 0.06)
(4.4 1 0.06)
(4.45 1 0.06)
(4.5 1 0.06)
(4.55 1 0.06)
(4.6 1 0.06)
(4.65 1 0.06)
(4.7 1 0.06)
(4.75 1 0.06)
(4.8 1 0.06)
(4.85 1 0.06)
(4.9 1 0.06)
(4.95 1 0.06)
(5 1 0.06)
(5.05 1 0.06)
(5.1 1 0.06)
(5.15 1 0.06)
(5.2 1 0.06)
(5.25 1 0.06)
(5.3 1 0.06)
(5.35 1 0.06)
(5.4 1 0.06)
(5.45 1 0.06)
(5.5 1 0.06)
(5.55 1 0.06)
(5.6 1 0.06)
(5.65 1 0.06)
(5.7 1 0.06)
(5.75 1 0.06)
(5.8 1 0.06)
(5.85 1 0.06)
(5.9 1 0.06)
(5.95 1 0.06)
(6 1 0.06)
(6.05 1 0.06)
(6.1 1 0.06)
(6.15 1 0.06)
(6.2 1 0.06)
(6.25 1 0.06)
(6.3 1 0.06)
(6.35 1 0.06)
(6.4 1 0.06)
(6.45 1 0.06)
(6.5 1 0.06)
(6.55 1 0.06)
(6.6 1 0.06)
(6.65 1 0.06)
(6.7 1 0.06)
(6.75 1 0.06)
(6.8 1 0.06)
(6.85 1 0.06)
(6.9 1 0.06)
(6.95 1 0.06)
(7 1 0.06)
(7.05 1 0.06)
(7.1 1 0.06)
(7.15 1 0.06)
(7.2 1 0.06)
(7.25 1 0.06)
(7.3 1 0.06)
(7.35 1 0.06)
(7.4 1 0.06)
(7.45 1 0.06)
(7.5 1 0.06)
(7.55 1 0.06)
(7.6 1 0.06)
(7.65 1 0.06)
(7.7 1 0.06)
(7.75 1 0.06)
(7.8 1 0.06)
(7.85 1 0.06)
(7.9 1 0.06)
(7.95 1 0.06)
(8 1 0.06)
(8.05 1 0.06)
(8.1 1 0.06)
(8.15 1 0.06)
(8.2 1 0.06)
(8.25 1 0.06)
(8.3 1 0.06)
(8.35 1 0.06)
(8.4 1 0.06)
(8.45 1 0.06)
(8.5 1 0.06)
(8.55 1 0.06)
(8.6 1 0.06)
(8.65 1 0.06)
(8.7 1 0.06)
(8.75 1 0.06)
(8.8 1 0.06)
(8.85 1 0.06)
(8.9 1 0.06)
(8.95 1 0.06)
(9 1 0.06)
(9.05 1 0.06)
(9.1 1 0.06)
(9.15 1 0.06)
(9.2 1 0.06)
(9.25 1 0.06)
(9.3 1 0.06)
(9.35 1 0.06)
(9.4 1 0.06)
(9.45 1 0.06)
(9.5 1 0.06)
(9.55 1 0.06)
(9.6 1 0.06)
(9.65 1 0.06)
(9.7 1 0.06)
(9.75 1 0.06)
(9.8 1 0.06)
(9.85 1 0.06)
(9.9 1 0.06)
(9.95 1 0.06)
(10 1 0.06)
(0 0 0.07)
(0.05 0 0.07)
(0.1 0 0.07)
(0.15 0 0.07)
(0.2 0 0.07)
(0.25 0 0.07)
(0.3 0 0.07)
(0.35 0 0.07)
(0.4 0 0.07)
(0.45 0 0.07)
(0.5 0 0.07)
(0.55 0 0.07)
(0.6 0 0.07)
(0.65 0 0.07)
(0.7 0 0.07)
(0.75 0 0.07)
(0.8 0 0.07)
(0.85 0 0.07)
(0.9 0 0.07)
(0.95 0 0.07)
(1 0 0.07)
(1.05 0 0.07)
(1.1 0 0.07)
(1.15 0 0.07)
(1.2 0 0.07)
(1.25 0 0.07)
(1.3 0 0.07)
(1.35 0 0.07)
(1.4 0 0.07)
(1.45 0 0.07)
(1.5 0 0.07)
(1.55 0 0.07)
(1.6 0 0.07)
(1.65 0 0.07)
(1.7 0 0.07)
(1.75 0 0.07)
(1.8 0 0.07)
(1.85 0 0.07)
(1.9 0 0.07)
(1.95 0 0.07)
(2 0 0.07)
(2.05 0 0.07)
(2.1 0 0.07)
(2.15 0 0.07)
(2.2 0 0.07)
(2.25 0 0.07)
(2.3 0 0.07)
(2.35 0 0.07)
(2.4 0 0.07)
(2.45 0 0.07)
(2.5 0 0.07)
(2.55 0 0.07)
(2.6 0 0.07)
(2.65 0 0.07)
(2.7 0 0.07)
(2.75 0 0.07)
(2.8 0 0.07)
(2.85 0 0.07)
(2.9 0 0.07)
(2.95 0 0.07)
(3 0 0.07)
(3.05 0 0.07)
(3.1 0 0.07)
(3.15 0 0.07)
(3.2 0 0.07)
(3.25 0 0.07)
(3.3 0 0.07)
(3.35 0 0.07)
(3.4 0 0.07)
(3.45 0 0.07)
(3.5 0 0.07)
(3.55 0 0.07)
(3.6 0 0.07)
(3.65 0 0.07)
(3.7 0 0.07)
(3.75 0 0.07)
(3.8 0 0.07)
(3.85 0 0.07)
(3.9 0 0.07)
(3.95 0 0.07)
(4 0 0.07)
(4.05 0 0.07)
(4.1 0 0.07)
(4.15 0 0.07)
(4.2 0 0.07)
(4.25 0 0.07)
(4.3 0 0.07)
(4.35 0 0.07)
(4.4 0 0.07)
(4.45 0 0.07)
(4.5 0 0.07)
(4.55 0 0.07)
(4.6 0 0.07)
(4.65 0 0.07)
(4.7 0 0.07)
(4.75 0 0.07)
(4.8 0 0.07)
(4.85 0 0.07)
(4.9 0 0.07)
(4.95 0 0.07)
(5 0 0.07)
(5.05 0 0.07)
(5.1 0 0.07)
(5.15 0 0.07)
(5.2 0 0.07)
(5.25 0 0.07)
(5.3 0 0.07)
(5.35 0 0.07)
(5.4 0 0.07)
(5.45 0 0.07)
(5.5 0 0.07)
(5.55 0 0.07)
(5.6 0 0.07)
(5.65 0 0.07)
(5.7 0 0.07)
(5.75 0 0.07)
(5.8 0 0.07)
(5.85 0 0.07)
(5.9 0 0.07)
(5.95 0 0.07)
(6 0 0.07)
(6.05 0 0.07)
(6.1 0 0.07)
(6.15 0 0.07)
(6.2 0 0.07)
(6.25 0 0.07)
(6.3 0 0.07)
(6.35 0 0.07)
(6.4 0 0.07)
(6.45 0 0.07)
(6.5 0 0.07)
(6.55 0 0.07)
(6.6 0 0.07)
(6.65 0 0.07)
(6.7 0 0.07)
(6.75 0 0.07)
(6.8 0 0.07)
(6.85 0 0.07)
(6.9 0 0.07)
(6.95 0 0.07)
(7 0 0.07)
(7.05 0 0.07)
(7.1 0 0.07)
(7.15 0 0.07)
(7.2 0 0.07)
(7.25 0 0.07)
(7.3 0 0.07)
(7.35 0 0.07)
(7.4 0 0.07)
(7.45 0 0.07)
(7.5 0 0.07)
(7.55 0 0.07)
(7.6 0 0.07)
(7.65 0 0.07)
(7.7 0 0.07)
(7.75 0 0.07)
(7.8 0 0.07)
(7.85 0 0.07)
(7.9 0 0.07)
(7.95 0 0.07)
(8 0 0.07)
(8.05 0 0.07)
(8.1 0 0.07)
(8.15 0 0.07)
(8.2 0 0.07)
(8.25 0 0.07)
(8.3 0 0.07)
(8.35 0 0.07)
(8.4 0 0.07)
(8.45 0 0.07)
(8.5 0 0.07)
(8.55 0 0.07)
(8.6 0 0.07)
(8.65 0 0.07)
(8.7 0 0.07)
(8.75 0 0.07)
(8.8 0 0.07)
(8.85 0 0.07)
(8.9 0 0.07)
(8.95 0 0.07)
(9 0 0.07)
(9.05 0 0.07)
(9.1 0 0.07)
(9.15 0 0.07)
(9.2 0 0.07)
(9.25 0 0.07)
(9.3 0 0.07)
(9.35 0 0.07)
(9.4 0 0.07)
(9.45 0 0.07)
(9.5 0 0.07)
(9.55 0 0.07)
(9.6 0 0.07)
(9.65 0 0.07)
(9.7 0 0.07)
(9.75 0 0.07)
(9.8 0 0.07)
(9.85 0 0.07)
(9.9 0 0.07)
(9.95 0 0.07)
(10 0 0.07)
(0 0.05 0.07)
(0.05 0.05 0.07)
(0.1 0.05 0.07)
(0.15 0.05 0.07)
(0.2 0.05 0.07)
(0.25 0.05 0.07)
(0.3 0.05 0.07)
(0.35 0.05 0.07)
(0.4 0.05 0.07)
(0.45 0.05 0.07)
(0.5 0.05 0.07)
(0.55 0.05 0.07)
(0.6 0.05 0.07)
(0.65 0.05 0.07)
(0.7 0.05 0.07)
(0.75 0.05 0.07)
(0.8 0.05 0.07)
(0.85 0.05 0.07)
(0.9 0.05 0.07)
(0.95 0.05 0.07)
(1 0.05 0.07)
(1.05 0.05 0.07)
(1.1 0.05 0.07)
(1.15 0.05 0.07)
(1.2 0.05 0.07)
(1.25 0.05 0.07)
(1.3 0.05 0.07)
(1.35 0.05 0.07)
(1.4 0.05 0.07)
(1.45 0.05 0.07)
(1.5 0.05 0.07)
(1.55 0.05 0.07)
(1.6 0.05 0.07)
(1.65 0.05 0.07)
(1.7 0.05 0.07)
(1.75 0.05 0.07)
(1.8 0.05 0.07)
(1.85 0.05 0.07)
(1.9 0.05 0.07)
(1.95 0.05 0.07)
(2 0.05 0.07)
(2.05 0.05 0.07)
(2.1 0.05 0.07)
(2.15 0.05 0.07)
(2.2 0.05 0.07)
(2.25 0.05 0.07)
(2.3 0.05 0.07)
(2.35 0.05 0.07)
(2.4 0.05 0.07)
(2.45 0.05 0.07)
(2.5 0.05 0.07)
(2.55 0.05 0.07)
(2.6 0.05 0.07)
(2.65 0.05 0.07)
(2.7 0.05 0.07)
(2.75 0.05 0.07)
(2.8 0.05 0.07)
(2.85 0.05 0.07)
(2.9 0.05 0.07)
(2.95 0.05 0.07)
(3 0.05 0.07)
(3.05 0.05 0.07)
(3.1 0.05 0.07)
(3.15 0.05 0.07)
(3.2 0.05 0.07)
(3.25 0.05 0.07)
(3.3 0.05 0.07)
(3.35 0.05 0.07)
(3.4 0.05 0.07)
(3.45 0.05 0.07)
(3.5 0.05 0.07)
(3.55 0.05 0.07)
(3.6 0.05 0.07)
(3.65 0.05 0.07)
(3.7 0.05 0.07)
(3.75 0.05 0.07)
(3.8 0.05 0.07)
(3.85 0.05 0.07)
(3.9 0.05 0.07)
(3.95 0.05 0.07)
(4 0.05 0.07)
(4.05 0.05 0.07)
(4.1 0.05 0.07)
(4.15 0.05 0.07)
(4.2 0.05 0.07)
(4.25 0.05 0.07)
(4.3 0.05 0.07)
(4.35 0.05 0.07)
(4.4 0.05 0.07)
(4.45 0.05 0.07)
(4.5 0.05 0.07)
(4.55 0.05 0.07)
(4.6 0.05 0.07)
(4.65 0.05 0.07)
(4.7 0.05 0.07)
(4.75 0.05 0.07)
(4.8 0.05 0.07)
(4.85 0.05 0.07)
(4.9 0.05 0.07)
(4.95 0.05 0.07)
(5 0.05 0.07)
(5.05 0.05 0.07)
(5.1 0.05 0.07)
(5.15 0.05 0.07)
(5.2 0.05 0.07)
(5.25 0.05 0.07)
(5.3 0.05 0.07)
(5.35 0.05 0.07)
(5.4 0.05 0.07)
(5.45 0.05 0.07)
(5.5 0.05 0.07)
(5.55 0.05 0.07)
(5.6 0.05 0.07)
(5.65 0.05 0.07)
(5.7 0.05 0.07)
(5.75 0.05 0.07)
(5.8 0.05 0.07)
(5.85 0.05 0.07)
(5.9 0.05 0.07)
(5.95 0.05 0.07)
(6 0.05 0.07)
(6.05 0.05 0.07)
(6.1 0.05 0.07)
(6.15 0.05 0.07)
(6.2 0.05 0.07)
(6.25 0.05 0.07)
(6.3 0.05 0.07)
(6.35 0.05 0.07)
(6.4 0.05 0.07)
(6.45 0.05 0.07)
(6.5 0.05 0.07)
(6.55 0.05 0.07)
(6.6 0.05 0.07)
(6.65 0.05 0.07)
(6.7 0.05 0.07)
(6.75 0.05 0.07)
(6.8 0.05 0.07)
(6.85 0.05 0.07)
(6.9 0.05 0.07)
(6.95 0.05 0.07)
(7 0.05 0.07)
(7.05 0.05 0.07)
(7.1 0.05 0.07)
(7.15 0.05 0.07)
(7.2 0.05 0.07)
(7.25 0.05 0.07)
(7.3 0.05 0.07)
(7.35 0.05 0.07)
(7.4 0.05 0.07)
(7.45 0.05 0.07)
(7.5 0.05 0.07)
(7.55 0.05 0.07)
(7.6 0.05 0.07)
(7.65 0.05 0.07)
(7.7 0.05 0.07)
(7.75 0.05 0.07)
(7.8 0.05 0.07)
(7.85 0.05 0.07)
(7.9 0.05 0.07)
(7.95 0.05 0.07)
(8 0.05 0.07)
(8.05 0.05 0.07)
(8.1 0.05 0.07)
(8.15 0.05 0.07)
(8.2 0.05 0.07)
(8.25 0.05 0.07)
(8.3 0.05 0.07)
(8.35 0.05 0.07)
(8.4 0.05 0.07)
(8.45 0.05 0.07)
(8.5 0.05 0.07)
(8.55 0.05 0.07)
(8.6 0.05 0.07)
(8.65 0.05 0.07)
(8.7 0.05 0.07)
(8.75 0.05 0.07)
(8.8 0.05 0.07)
(8.85 0.05 0.07)
(8.9 0.05 0.07)
(8.95 0.05 0.07)
(9 0.05 0.07)
(9.05 0.05 0.07)
(9.1 0.05 0.07)
(9.15 0.05 0.07)
(9.2 0.05 0.07)
(9.25 0.05 0.07)
(9.3 0.05 0.07)
(9.35 0.05 0.07)
(9.4 0.05 0.07)
(9.45 0.05 0.07)
(9.5 0.05 0.07)
(9.55 0.05 0.07)
(9.6 0.05 0.07)
(9.65 0.05 0.07)
(9.7 0.05 0.07)
(9.75 0.05 0.07)
(9.8 0.05 0.07)
(9.85 0.05 0.07)
(9.9 0.05 0.07)
(9.95 0.05 0.07)
(10 0.05 0.07)
(0 0.1 0.07)
(0.05 0.1 0.07)
(0.1 0.1 0.07)
(0.15 0.1 0.07)
(0.2 0.1 0.07)
(0.25 0.1 0.07)
(0.3 0.1 0.07)
(0.35 0.1 0.07)
(0.4 0.1 0.07)
(0.45 0.1 0.07)
(0.5 0.1 0.07)
(0.55 0.1 0.07)
(0.6 0.1 0.07)
(0.65 0.1 0.07)
(0.7 0.1 0.07)
(0.75 0.1 0.07)
(0.8 0.1 0.07)
(0.85 0.1 0.07)
(0.9 0.1 0.07)
(0.95 0.1 0.07)
(1 0.1 0.07)
(1.05 0.1 0.07)
(1.1 0.1 0.07)
(1.15 0.1 0.07)
(1.2 0.1 0.07)
(1.25 0.1 0.07)
(1.3 0.1 0.07)
(1.35 0.1 0.07)
(1.4 0.1 0.07)
(1.45 0.1 0.07)
(1.5 0.1 0.07)
(1.55 0.1 0.07)
(1.6 0.1 0.07)
(1.65 0.1 0.07)
(1.7 0.1 0.07)
(1.75 0.1 0.07)
(1.8 0.1 0.07)
(1.85 0.1 0.07)
(1.9 0.1 0.07)
(1.95 0.1 0.07)
(2 0.1 0.07)
(2.05 0.1 0.07)
(2.1 0.1 0.07)
(2.15 0.1 0.07)
(2.2 0.1 0.07)
(2.25 0.1 0.07)
(2.3 0.1 0.07)
(2.35 0.1 0.07)
(2.4 0.1 0.07)
(2.45 0.1 0.07)
(2.5 0.1 0.07)
(2.55 0.1 0.07)
(2.6 0.1 0.07)
(2.65 0.1 0.07)
(2.7 0.1 0.07)
(2.75 0.1 0.07)
(2.8 0.1 0.07)
(2.85 0.1 0.07)
(2.9 0.1 0.07)
(2.95 0.1 0.07)
(3 0.1 0.07)
(3.05 0.1 0.07)
(3.1 0.1 0.07)
(3.15 0.1 0.07)
(3.2 0.1 0.07)
(3.25 0.1 0.07)
(3.3 0.1 0.07)
(3.35 0.1 0.07)
(3.4 0.1 0.07)
(3.45 0.1 0.07)
(3.5 0.1 0.07)
(3.55 0.1 0.07)
(3.6 0.1 0.07)
(3.65 0.1 0.07)
(3.7 0.1 0.07)
(3.75 0.1 0.07)
(3.8 0.1 0.07)
(3.85 0.1 0.07)
(3.9 0.1 0.07)
(3.95 0.1 0.07)
(4 0.1 0.07)
(4.05 0.1 0.07)
(4.1 0.1 0.07)
(4.15 0.1 0.07)
(4.2 0.1 0.07)
(4.25 0.1 0.07)
(4.3 0.1 0.07)
(4.35 0.1 0.07)
(4.4 0.1 0.07)
(4.45 0.1 0.07)
(4.5 0.1 0.07)
(4.55 0.1 0.07)
(4.6 0.1 0.07)
(4.65 0.1 0.07)
(4.7 0.1 0.07)
(4.75 0.1 0.07)
(4.8 0.1 0.07)
(4.85 0.1 0.07)
(4.9 0.1 0.07)
(4.95 0.1 0.07)
(5 0.1 0.07)
(5.05 0.1 0.07)
(5.1 0.1 0.07)
(5.15 0.1 0.07)
(5.2 0.1 0.07)
(5.25 0.1 0.07)
(5.3 0.1 0.07)
(5.35 0.1 0.07)
(5.4 0.1 0.07)
(5.45 0.1 0.07)
(5.5 0.1 0.07)
(5.55 0.1 0.07)
(5.6 0.1 0.07)
(5.65 0.1 0.07)
(5.7 0.1 0.07)
(5.75 0.1 0.07)
(5.8 0.1 0.07)
(5.85 0.1 0.07)
(5.9 0.1 0.07)
(5.95 0.1 0.07)
(6 0.1 0.07)
(6.05 0.1 0.07)
(6.1 0.1 0.07)
(6.15 0.1 0.07)
(6.2 0.1 0.07)
(6.25 0.1 0.07)
(6.3 0.1 0.07)
(6.35 0.1 0.07)
(6.4 0.1 0.07)
(6.45 0.1 0.07)
(6.5 0.1 0.07)
(6.55 0.1 0.07)
(6.6 0.1 0.07)
(6.65 0.1 0.07)
(6.7 0.1 0.07)
(6.75 0.1 0.07)
(6.8 0.1 0.07)
(6.85 0.1 0.07)
(6.9 0.1 0.07)
(6.95 0.1 0.07)
(7 0.1 0.07)
(7.05 0.1 0.07)
(7.1 0.1 0.07)
(7.15 0.1 0.07)
(7.2 0.1 0.07)
(7.25 0.1 0.07)
(7.3 0.1 0.07)
(7.35 0.1 0.07)
(7.4 0.1 0.07)
(7.45 0.1 0.07)
(7.5 0.1 0.07)
(7.55 0.1 0.07)
(7.6 0.1 0.07)
(7.65 0.1 0.07)
(7.7 0.1 0.07)
(7.75 0.1 0.07)
(7.8 0.1 0.07)
(7.85 0.1 0.07)
(7.9 0.1 0.07)
(7.95 0.1 0.07)
(8 0.1 0.07)
(8.05 0.1 0.07)
(8.1 0.1 0.07)
(8.15 0.1 0.07)
(8.2 0.1 0.07)
(8.25 0.1 0.07)
(8.3 0.1 0.07)
(8.35 0.1 0.07)
(8.4 0.1 0.07)
(8.45 0.1 0.07)
(8.5 0.1 0.07)
(8.55 0.1 0.07)
(8.6 0.1 0.07)
(8.65 0.1 0.07)
(8.7 0.1 0.07)
(8.75 0.1 0.07)
(8.8 0.1 0.07)
(8.85 0.1 0.07)
(8.9 0.1 0.07)
(8.95 0.1 0.07)
(9 0.1 0.07)
(9.05 0.1 0.07)
(9.1 0.1 0.07)
(9.15 0.1 0.07)
(9.2 0.1 0.07)
(9.25 0.1 0.07)
(9.3 0.1 0.07)
(9.35 0.1 0.07)
(9.4 0.1 0.07)
(9.45 0.1 0.07)
(9.5 0.1 0.07)
(9.55 0.1 0.07)
(9.6 0.1 0.07)
(9.65 0.1 0.07)
(9.7 0.1 0.07)
(9.75 0.1 0.07)
(9.8 0.1 0.07)
(9.85 0.1 0.07)
(9.9 0.1 0.07)
(9.95 0.1 0.07)
(10 0.1 0.07)
(0 0.15 0.07)
(0.05 0.15 0.07)
(0.1 0.15 0.07)
(0.15 0.15 0.07)
(0.2 0.15 0.07)
(0.25 0.15 0.07)
(0.3 0.15 0.07)
(0.35 0.15 0.07)
(0.4 0.15 0.07)
(0.45 0.15 0.07)
(0.5 0.15 0.07)
(0.55 0.15 0.07)
(0.6 0.15 0.07)
(0.65 0.15 0.07)
(0.7 0.15 0.07)
(0.75 0.15 0.07)
(0.8 0.15 0.07)
(0.85 0.15 0.07)
(0.9 0.15 0.07)
(0.95 0.15 0.07)
(1 0.15 0.07)
(1.05 0.15 0.07)
(1.1 0.15 0.07)
(1.15 0.15 0.07)
(1.2 0.15 0.07)
(1.25 0.15 0.07)
(1.3 0.15 0.07)
(1.35 0.15 0.07)
(1.4 0.15 0.07)
(1.45 0.15 0.07)
(1.5 0.15 0.07)
(1.55 0.15 0.07)
(1.6 0.15 0.07)
(1.65 0.15 0.07)
(1.7 0.15 0.07)
(1.75 0.15 0.07)
(1.8 0.15 0.07)
(1.85 0.15 0.07)
(1.9 0.15 0.07)
(1.95 0.15 0.07)
(2 0.15 0.07)
(2.05 0.15 0.07)
(2.1 0.15 0.07)
(2.15 0.15 0.07)
(2.2 0.15 0.07)
(2.25 0.15 0.07)
(2.3 0.15 0.07)
(2.35 0.15 0.07)
(2.4 0.15 0.07)
(2.45 0.15 0.07)
(2.5 0.15 0.07)
(2.55 0.15 0.07)
(2.6 0.15 0.07)
(2.65 0.15 0.07)
(2.7 0.15 0.07)
(2.75 0.15 0.07)
(2.8 0.15 0.07)
(2.85 0.15 0.07)
(2.9 0.15 0.07)
(2.95 0.15 0.07)
(3 0.15 0.07)
(3.05 0.15 0.07)
(3.1 0.15 0.07)
(3.15 0.15 0.07)
(3.2 0.15 0.07)
(3.25 0.15 0.07)
(3.3 0.15 0.07)
(3.35 0.15 0.07)
(3.4 0.15 0.07)
(3.45 0.15 0.07)
(3.5 0.15 0.07)
(3.55 0.15 0.07)
(3.6 0.15 0.07)
(3.65 0.15 0.07)
(3.7 0.15 0.07)
(3.75 0.15 0.07)
(3.8 0.15 0.07)
(3.85 0.15 0.07)
(3.9 0.15 0.07)
(3.95 0.15 0.07)
(4 0.15 0.07)
(4.05 0.15 0.07)
(4.1 0.15 0.07)
(4.15 0.15 0.07)
(4.2 0.15 0.07)
(4.25 0.15 0.07)
(4.3 0.15 0.07)
(4.35 0.15 0.07)
(4.4 0.15 0.07)
(4.45 0.15 0.07)
(4.5 0.15 0.07)
(4.55 0.15 0.07)
(4.6 0.15 0.07)
(4.65 0.15 0.07)
(4.7 0.15 0.07)
(4.75 0.15 0.07)
(4.8 0.15 0.07)
(4.85 0.15 0.07)
(4.9 0.15 0.07)
(4.95 0.15 0.07)
(5 0.15 0.07)
(5.05 0.15 0.07)
(5.1 0.15 0.07)
(5.15 0.15 0.07)
(5.2 0.15 0.07)
(5.25 0.15 0.07)
(5.3 0.15 0.07)
(5.35 0.15 0.07)
(5.4 0.15 0.07)
(5.45 0.15 0.07)
(5.5 0.15 0.07)
(5.55 0.15 0.07)
(5.6 0.15 0.07)
(5.65 0.15 0.07)
(5.7 0.15 0.07)
(5.75 0.15 0.07)
(5.8 0.15 0.07)
(5.85 0.15 0.07)
(5.9 0.15 0.07)
(5.95 0.15 0.07)
(6 0.15 0.07)
(6.05 0.15 0.07)
(6.1 0.15 0.07)
(6.15 0.15 0.07)
(6.2 0.15 0.07)
(6.25 0.15 0.07)
(6.3 0.15 0.07)
(6.35 0.15 0.07)
(6.4 0.15 0.07)
(6.45 0.15 0.07)
(6.5 0.15 0.07)
(6.55 0.15 0.07)
(6.6 0.15 0.07)
(6.65 0.15 0.07)
(6.7 0.15 0.07)
(6.75 0.15 0.07)
(6.8 0.15 0.07)
(6.85 0.15 0.07)
(6.9 0.15 0.07)
(6.95 0.15 0.07)
(7 0.15 0.07)
(7.05 0.15 0.07)
(7.1 0.15 0.07)
(7.15 0.15 0.07)
(7.2 0.15 0.07)
(7.25 0.15 0.07)
(7.3 0.15 0.07)
(7.35 0.15 0.07)
(7.4 0.15 0.07)
(7.45 0.15 0.07)
(7.5 0.15 0.07)
(7.55 0.15 0.07)
(7.6 0.15 0.07)
(7.65 0.15 0.07)
(7.7 0.15 0.07)
(7.75 0.15 0.07)
(7.8 0.15 0.07)
(7.85 0.15 0.07)
(7.9 0.15 0.07)
(7.95 0.15 0.07)
(8 0.15 0.07)
(8.05 0.15 0.07)
(8.1 0.15 0.07)
(8.15 0.15 0.07)
(8.2 0.15 0.07)
(8.25 0.15 0.07)
(8.3 0.15 0.07)
(8.35 0.15 0.07)
(8.4 0.15 0.07)
(8.45 0.15 0.07)
(8.5 0.15 0.07)
(8.55 0.15 0.07)
(8.6 0.15 0.07)
(8.65 0.15 0.07)
(8.7 0.15 0.07)
(8.75 0.15 0.07)
(8.8 0.15 0.07)
(8.85 0.15 0.07)
(8.9 0.15 0.07)
(8.95 0.15 0.07)
(9 0.15 0.07)
(9.05 0.15 0.07)
(9.1 0.15 0.07)
(9.15 0.15 0.07)
(9.2 0.15 0.07)
(9.25 0.15 0.07)
(9.3 0.15 0.07)
(9.35 0.15 0.07)
(9.4 0.15 0.07)
(9.45 0.15 0.07)
(9.5 0.15 0.07)
(9.55 0.15 0.07)
(9.6 0.15 0.07)
(9.65 0.15 0.07)
(9.7 0.15 0.07)
(9.75 0.15 0.07)
(9.8 0.15 0.07)
(9.85 0.15 0.07)
(9.9 0.15 0.07)
(9.95 0.15 0.07)
(10 0.15 0.07)
(0 0.2 0.07)
(0.05 0.2 0.07)
(0.1 0.2 0.07)
(0.15 0.2 0.07)
(0.2 0.2 0.07)
(0.25 0.2 0.07)
(0.3 0.2 0.07)
(0.35 0.2 0.07)
(0.4 0.2 0.07)
(0.45 0.2 0.07)
(0.5 0.2 0.07)
(0.55 0.2 0.07)
(0.6 0.2 0.07)
(0.65 0.2 0.07)
(0.7 0.2 0.07)
(0.75 0.2 0.07)
(0.8 0.2 0.07)
(0.85 0.2 0.07)
(0.9 0.2 0.07)
(0.95 0.2 0.07)
(1 0.2 0.07)
(1.05 0.2 0.07)
(1.1 0.2 0.07)
(1.15 0.2 0.07)
(1.2 0.2 0.07)
(1.25 0.2 0.07)
(1.3 0.2 0.07)
(1.35 0.2 0.07)
(1.4 0.2 0.07)
(1.45 0.2 0.07)
(1.5 0.2 0.07)
(1.55 0.2 0.07)
(1.6 0.2 0.07)
(1.65 0.2 0.07)
(1.7 0.2 0.07)
(1.75 0.2 0.07)
(1.8 0.2 0.07)
(1.85 0.2 0.07)
(1.9 0.2 0.07)
(1.95 0.2 0.07)
(2 0.2 0.07)
(2.05 0.2 0.07)
(2.1 0.2 0.07)
(2.15 0.2 0.07)
(2.2 0.2 0.07)
(2.25 0.2 0.07)
(2.3 0.2 0.07)
(2.35 0.2 0.07)
(2.4 0.2 0.07)
(2.45 0.2 0.07)
(2.5 0.2 0.07)
(2.55 0.2 0.07)
(2.6 0.2 0.07)
(2.65 0.2 0.07)
(2.7 0.2 0.07)
(2.75 0.2 0.07)
(2.8 0.2 0.07)
(2.85 0.2 0.07)
(2.9 0.2 0.07)
(2.95 0.2 0.07)
(3 0.2 0.07)
(3.05 0.2 0.07)
(3.1 0.2 0.07)
(3.15 0.2 0.07)
(3.2 0.2 0.07)
(3.25 0.2 0.07)
(3.3 0.2 0.07)
(3.35 0.2 0.07)
(3.4 0.2 0.07)
(3.45 0.2 0.07)
(3.5 0.2 0.07)
(3.55 0.2 0.07)
(3.6 0.2 0.07)
(3.65 0.2 0.07)
(3.7 0.2 0.07)
(3.75 0.2 0.07)
(3.8 0.2 0.07)
(3.85 0.2 0.07)
(3.9 0.2 0.07)
(3.95 0.2 0.07)
(4 0.2 0.07)
(4.05 0.2 0.07)
(4.1 0.2 0.07)
(4.15 0.2 0.07)
(4.2 0.2 0.07)
(4.25 0.2 0.07)
(4.3 0.2 0.07)
(4.35 0.2 0.07)
(4.4 0.2 0.07)
(4.45 0.2 0.07)
(4.5 0.2 0.07)
(4.55 0.2 0.07)
(4.6 0.2 0.07)
(4.65 0.2 0.07)
(4.7 0.2 0.07)
(4.75 0.2 0.07)
(4.8 0.2 0.07)
(4.85 0.2 0.07)
(4.9 0.2 0.07)
(4.95 0.2 0.07)
(5 0.2 0.07)
(5.05 0.2 0.07)
(5.1 0.2 0.07)
(5.15 0.2 0.07)
(5.2 0.2 0.07)
(5.25 0.2 0.07)
(5.3 0.2 0.07)
(5.35 0.2 0.07)
(5.4 0.2 0.07)
(5.45 0.2 0.07)
(5.5 0.2 0.07)
(5.55 0.2 0.07)
(5.6 0.2 0.07)
(5.65 0.2 0.07)
(5.7 0.2 0.07)
(5.75 0.2 0.07)
(5.8 0.2 0.07)
(5.85 0.2 0.07)
(5.9 0.2 0.07)
(5.95 0.2 0.07)
(6 0.2 0.07)
(6.05 0.2 0.07)
(6.1 0.2 0.07)
(6.15 0.2 0.07)
(6.2 0.2 0.07)
(6.25 0.2 0.07)
(6.3 0.2 0.07)
(6.35 0.2 0.07)
(6.4 0.2 0.07)
(6.45 0.2 0.07)
(6.5 0.2 0.07)
(6.55 0.2 0.07)
(6.6 0.2 0.07)
(6.65 0.2 0.07)
(6.7 0.2 0.07)
(6.75 0.2 0.07)
(6.8 0.2 0.07)
(6.85 0.2 0.07)
(6.9 0.2 0.07)
(6.95 0.2 0.07)
(7 0.2 0.07)
(7.05 0.2 0.07)
(7.1 0.2 0.07)
(7.15 0.2 0.07)
(7.2 0.2 0.07)
(7.25 0.2 0.07)
(7.3 0.2 0.07)
(7.35 0.2 0.07)
(7.4 0.2 0.07)
(7.45 0.2 0.07)
(7.5 0.2 0.07)
(7.55 0.2 0.07)
(7.6 0.2 0.07)
(7.65 0.2 0.07)
(7.7 0.2 0.07)
(7.75 0.2 0.07)
(7.8 0.2 0.07)
(7.85 0.2 0.07)
(7.9 0.2 0.07)
(7.95 0.2 0.07)
(8 0.2 0.07)
(8.05 0.2 0.07)
(8.1 0.2 0.07)
(8.15 0.2 0.07)
(8.2 0.2 0.07)
(8.25 0.2 0.07)
(8.3 0.2 0.07)
(8.35 0.2 0.07)
(8.4 0.2 0.07)
(8.45 0.2 0.07)
(8.5 0.2 0.07)
(8.55 0.2 0.07)
(8.6 0.2 0.07)
(8.65 0.2 0.07)
(8.7 0.2 0.07)
(8.75 0.2 0.07)
(8.8 0.2 0.07)
(8.85 0.2 0.07)
(8.9 0.2 0.07)
(8.95 0.2 0.07)
(9 0.2 0.07)
(9.05 0.2 0.07)
(9.1 0.2 0.07)
(9.15 0.2 0.07)
(9.2 0.2 0.07)
(9.25 0.2 0.07)
(9.3 0.2 0.07)
(9.35 0.2 0.07)
(9.4 0.2 0.07)
(9.45 0.2 0.07)
(9.5 0.2 0.07)
(9.55 0.2 0.07)
(9.6 0.2 0.07)
(9.65 0.2 0.07)
(9.7 0.2 0.07)
(9.75 0.2 0.07)
(9.8 0.2 0.07)
(9.85 0.2 0.07)
(9.9 0.2 0.07)
(9.95 0.2 0.07)
(10 0.2 0.07)
(0 0.25 0.07)
(0.05 0.25 0.07)
(0.1 0.25 0.07)
(0.15 0.25 0.07)
(0.2 0.25 0.07)
(0.25 0.25 0.07)
(0.3 0.25 0.07)
(0.35 0.25 0.07)
(0.4 0.25 0.07)
(0.45 0.25 0.07)
(0.5 0.25 0.07)
(0.55 0.25 0.07)
(0.6 0.25 0.07)
(0.65 0.25 0.07)
(0.7 0.25 0.07)
(0.75 0.25 0.07)
(0.8 0.25 0.07)
(0.85 0.25 0.07)
(0.9 0.25 0.07)
(0.95 0.25 0.07)
(1 0.25 0.07)
(1.05 0.25 0.07)
(1.1 0.25 0.07)
(1.15 0.25 0.07)
(1.2 0.25 0.07)
(1.25 0.25 0.07)
(1.3 0.25 0.07)
(1.35 0.25 0.07)
(1.4 0.25 0.07)
(1.45 0.25 0.07)
(1.5 0.25 0.07)
(1.55 0.25 0.07)
(1.6 0.25 0.07)
(1.65 0.25 0.07)
(1.7 0.25 0.07)
(1.75 0.25 0.07)
(1.8 0.25 0.07)
(1.85 0.25 0.07)
(1.9 0.25 0.07)
(1.95 0.25 0.07)
(2 0.25 0.07)
(2.05 0.25 0.07)
(2.1 0.25 0.07)
(2.15 0.25 0.07)
(2.2 0.25 0.07)
(2.25 0.25 0.07)
(2.3 0.25 0.07)
(2.35 0.25 0.07)
(2.4 0.25 0.07)
(2.45 0.25 0.07)
(2.5 0.25 0.07)
(2.55 0.25 0.07)
(2.6 0.25 0.07)
(2.65 0.25 0.07)
(2.7 0.25 0.07)
(2.75 0.25 0.07)
(2.8 0.25 0.07)
(2.85 0.25 0.07)
(2.9 0.25 0.07)
(2.95 0.25 0.07)
(3 0.25 0.07)
(3.05 0.25 0.07)
(3.1 0.25 0.07)
(3.15 0.25 0.07)
(3.2 0.25 0.07)
(3.25 0.25 0.07)
(3.3 0.25 0.07)
(3.35 0.25 0.07)
(3.4 0.25 0.07)
(3.45 0.25 0.07)
(3.5 0.25 0.07)
(3.55 0.25 0.07)
(3.6 0.25 0.07)
(3.65 0.25 0.07)
(3.7 0.25 0.07)
(3.75 0.25 0.07)
(3.8 0.25 0.07)
(3.85 0.25 0.07)
(3.9 0.25 0.07)
(3.95 0.25 0.07)
(4 0.25 0.07)
(4.05 0.25 0.07)
(4.1 0.25 0.07)
(4.15 0.25 0.07)
(4.2 0.25 0.07)
(4.25 0.25 0.07)
(4.3 0.25 0.07)
(4.35 0.25 0.07)
(4.4 0.25 0.07)
(4.45 0.25 0.07)
(4.5 0.25 0.07)
(4.55 0.25 0.07)
(4.6 0.25 0.07)
(4.65 0.25 0.07)
(4.7 0.25 0.07)
(4.75 0.25 0.07)
(4.8 0.25 0.07)
(4.85 0.25 0.07)
(4.9 0.25 0.07)
(4.95 0.25 0.07)
(5 0.25 0.07)
(5.05 0.25 0.07)
(5.1 0.25 0.07)
(5.15 0.25 0.07)
(5.2 0.25 0.07)
(5.25 0.25 0.07)
(5.3 0.25 0.07)
(5.35 0.25 0.07)
(5.4 0.25 0.07)
(5.45 0.25 0.07)
(5.5 0.25 0.07)
(5.55 0.25 0.07)
(5.6 0.25 0.07)
(5.65 0.25 0.07)
(5.7 0.25 0.07)
(5.75 0.25 0.07)
(5.8 0.25 0.07)
(5.85 0.25 0.07)
(5.9 0.25 0.07)
(5.95 0.25 0.07)
(6 0.25 0.07)
(6.05 0.25 0.07)
(6.1 0.25 0.07)
(6.15 0.25 0.07)
(6.2 0.25 0.07)
(6.25 0.25 0.07)
(6.3 0.25 0.07)
(6.35 0.25 0.07)
(6.4 0.25 0.07)
(6.45 0.25 0.07)
(6.5 0.25 0.07)
(6.55 0.25 0.07)
(6.6 0.25 0.07)
(6.65 0.25 0.07)
(6.7 0.25 0.07)
(6.75 0.25 0.07)
(6.8 0.25 0.07)
(6.85 0.25 0.07)
(6.9 0.25 0.07)
(6.95 0.25 0.07)
(7 0.25 0.07)
(7.05 0.25 0.07)
(7.1 0.25 0.07)
(7.15 0.25 0.07)
(7.2 0.25 0.07)
(7.25 0.25 0.07)
(7.3 0.25 0.07)
(7.35 0.25 0.07)
(7.4 0.25 0.07)
(7.45 0.25 0.07)
(7.5 0.25 0.07)
(7.55 0.25 0.07)
(7.6 0.25 0.07)
(7.65 0.25 0.07)
(7.7 0.25 0.07)
(7.75 0.25 0.07)
(7.8 0.25 0.07)
(7.85 0.25 0.07)
(7.9 0.25 0.07)
(7.95 0.25 0.07)
(8 0.25 0.07)
(8.05 0.25 0.07)
(8.1 0.25 0.07)
(8.15 0.25 0.07)
(8.2 0.25 0.07)
(8.25 0.25 0.07)
(8.3 0.25 0.07)
(8.35 0.25 0.07)
(8.4 0.25 0.07)
(8.45 0.25 0.07)
(8.5 0.25 0.07)
(8.55 0.25 0.07)
(8.6 0.25 0.07)
(8.65 0.25 0.07)
(8.7 0.25 0.07)
(8.75 0.25 0.07)
(8.8 0.25 0.07)
(8.85 0.25 0.07)
(8.9 0.25 0.07)
(8.95 0.25 0.07)
(9 0.25 0.07)
(9.05 0.25 0.07)
(9.1 0.25 0.07)
(9.15 0.25 0.07)
(9.2 0.25 0.07)
(9.25 0.25 0.07)
(9.3 0.25 0.07)
(9.35 0.25 0.07)
(9.4 0.25 0.07)
(9.45 0.25 0.07)
(9.5 0.25 0.07)
(9.55 0.25 0.07)
(9.6 0.25 0.07)
(9.65 0.25 0.07)
(9.7 0.25 0.07)
(9.75 0.25 0.07)
(9.8 0.25 0.07)
(9.85 0.25 0.07)
(9.9 0.25 0.07)
(9.95 0.25 0.07)
(10 0.25 0.07)
(0 0.3 0.07)
(0.05 0.3 0.07)
(0.1 0.3 0.07)
(0.15 0.3 0.07)
(0.2 0.3 0.07)
(0.25 0.3 0.07)
(0.3 0.3 0.07)
(0.35 0.3 0.07)
(0.4 0.3 0.07)
(0.45 0.3 0.07)
(0.5 0.3 0.07)
(0.55 0.3 0.07)
(0.6 0.3 0.07)
(0.65 0.3 0.07)
(0.7 0.3 0.07)
(0.75 0.3 0.07)
(0.8 0.3 0.07)
(0.85 0.3 0.07)
(0.9 0.3 0.07)
(0.95 0.3 0.07)
(1 0.3 0.07)
(1.05 0.3 0.07)
(1.1 0.3 0.07)
(1.15 0.3 0.07)
(1.2 0.3 0.07)
(1.25 0.3 0.07)
(1.3 0.3 0.07)
(1.35 0.3 0.07)
(1.4 0.3 0.07)
(1.45 0.3 0.07)
(1.5 0.3 0.07)
(1.55 0.3 0.07)
(1.6 0.3 0.07)
(1.65 0.3 0.07)
(1.7 0.3 0.07)
(1.75 0.3 0.07)
(1.8 0.3 0.07)
(1.85 0.3 0.07)
(1.9 0.3 0.07)
(1.95 0.3 0.07)
(2 0.3 0.07)
(2.05 0.3 0.07)
(2.1 0.3 0.07)
(2.15 0.3 0.07)
(2.2 0.3 0.07)
(2.25 0.3 0.07)
(2.3 0.3 0.07)
(2.35 0.3 0.07)
(2.4 0.3 0.07)
(2.45 0.3 0.07)
(2.5 0.3 0.07)
(2.55 0.3 0.07)
(2.6 0.3 0.07)
(2.65 0.3 0.07)
(2.7 0.3 0.07)
(2.75 0.3 0.07)
(2.8 0.3 0.07)
(2.85 0.3 0.07)
(2.9 0.3 0.07)
(2.95 0.3 0.07)
(3 0.3 0.07)
(3.05 0.3 0.07)
(3.1 0.3 0.07)
(3.15 0.3 0.07)
(3.2 0.3 0.07)
(3.25 0.3 0.07)
(3.3 0.3 0.07)
(3.35 0.3 0.07)
(3.4 0.3 0.07)
(3.45 0.3 0.07)
(3.5 0.3 0.07)
(3.55 0.3 0.07)
(3.6 0.3 0.07)
(3.65 0.3 0.07)
(3.7 0.3 0.07)
(3.75 0.3 0.07)
(3.8 0.3 0.07)
(3.85 0.3 0.07)
(3.9 0.3 0.07)
(3.95 0.3 0.07)
(4 0.3 0.07)
(4.05 0.3 0.07)
(4.1 0.3 0.07)
(4.15 0.3 0.07)
(4.2 0.3 0.07)
(4.25 0.3 0.07)
(4.3 0.3 0.07)
(4.35 0.3 0.07)
(4.4 0.3 0.07)
(4.45 0.3 0.07)
(4.5 0.3 0.07)
(4.55 0.3 0.07)
(4.6 0.3 0.07)
(4.65 0.3 0.07)
(4.7 0.3 0.07)
(4.75 0.3 0.07)
(4.8 0.3 0.07)
(4.85 0.3 0.07)
(4.9 0.3 0.07)
(4.95 0.3 0.07)
(5 0.3 0.07)
(5.05 0.3 0.07)
(5.1 0.3 0.07)
(5.15 0.3 0.07)
(5.2 0.3 0.07)
(5.25 0.3 0.07)
(5.3 0.3 0.07)
(5.35 0.3 0.07)
(5.4 0.3 0.07)
(5.45 0.3 0.07)
(5.5 0.3 0.07)
(5.55 0.3 0.07)
(5.6 0.3 0.07)
(5.65 0.3 0.07)
(5.7 0.3 0.07)
(5.75 0.3 0.07)
(5.8 0.3 0.07)
(5.85 0.3 0.07)
(5.9 0.3 0.07)
(5.95 0.3 0.07)
(6 0.3 0.07)
(6.05 0.3 0.07)
(6.1 0.3 0.07)
(6.15 0.3 0.07)
(6.2 0.3 0.07)
(6.25 0.3 0.07)
(6.3 0.3 0.07)
(6.35 0.3 0.07)
(6.4 0.3 0.07)
(6.45 0.3 0.07)
(6.5 0.3 0.07)
(6.55 0.3 0.07)
(6.6 0.3 0.07)
(6.65 0.3 0.07)
(6.7 0.3 0.07)
(6.75 0.3 0.07)
(6.8 0.3 0.07)
(6.85 0.3 0.07)
(6.9 0.3 0.07)
(6.95 0.3 0.07)
(7 0.3 0.07)
(7.05 0.3 0.07)
(7.1 0.3 0.07)
(7.15 0.3 0.07)
(7.2 0.3 0.07)
(7.25 0.3 0.07)
(7.3 0.3 0.07)
(7.35 0.3 0.07)
(7.4 0.3 0.07)
(7.45 0.3 0.07)
(7.5 0.3 0.07)
(7.55 0.3 0.07)
(7.6 0.3 0.07)
(7.65 0.3 0.07)
(7.7 0.3 0.07)
(7.75 0.3 0.07)
(7.8 0.3 0.07)
(7.85 0.3 0.07)
(7.9 0.3 0.07)
(7.95 0.3 0.07)
(8 0.3 0.07)
(8.05 0.3 0.07)
(8.1 0.3 0.07)
(8.15 0.3 0.07)
(8.2 0.3 0.07)
(8.25 0.3 0.07)
(8.3 0.3 0.07)
(8.35 0.3 0.07)
(8.4 0.3 0.07)
(8.45 0.3 0.07)
(8.5 0.3 0.07)
(8.55 0.3 0.07)
(8.6 0.3 0.07)
(8.65 0.3 0.07)
(8.7 0.3 0.07)
(8.75 0.3 0.07)
(8.8 0.3 0.07)
(8.85 0.3 0.07)
(8.9 0.3 0.07)
(8.95 0.3 0.07)
(9 0.3 0.07)
(9.05 0.3 0.07)
(9.1 0.3 0.07)
(9.15 0.3 0.07)
(9.2 0.3 0.07)
(9.25 0.3 0.07)
(9.3 0.3 0.07)
(9.35 0.3 0.07)
(9.4 0.3 0.07)
(9.45 0.3 0.07)
(9.5 0.3 0.07)
(9.55 0.3 0.07)
(9.6 0.3 0.07)
(9.65 0.3 0.07)
(9.7 0.3 0.07)
(9.75 0.3 0.07)
(9.8 0.3 0.07)
(9.85 0.3 0.07)
(9.9 0.3 0.07)
(9.95 0.3 0.07)
(10 0.3 0.07)
(0 0.35 0.07)
(0.05 0.35 0.07)
(0.1 0.35 0.07)
(0.15 0.35 0.07)
(0.2 0.35 0.07)
(0.25 0.35 0.07)
(0.3 0.35 0.07)
(0.35 0.35 0.07)
(0.4 0.35 0.07)
(0.45 0.35 0.07)
(0.5 0.35 0.07)
(0.55 0.35 0.07)
(0.6 0.35 0.07)
(0.65 0.35 0.07)
(0.7 0.35 0.07)
(0.75 0.35 0.07)
(0.8 0.35 0.07)
(0.85 0.35 0.07)
(0.9 0.35 0.07)
(0.95 0.35 0.07)
(1 0.35 0.07)
(1.05 0.35 0.07)
(1.1 0.35 0.07)
(1.15 0.35 0.07)
(1.2 0.35 0.07)
(1.25 0.35 0.07)
(1.3 0.35 0.07)
(1.35 0.35 0.07)
(1.4 0.35 0.07)
(1.45 0.35 0.07)
(1.5 0.35 0.07)
(1.55 0.35 0.07)
(1.6 0.35 0.07)
(1.65 0.35 0.07)
(1.7 0.35 0.07)
(1.75 0.35 0.07)
(1.8 0.35 0.07)
(1.85 0.35 0.07)
(1.9 0.35 0.07)
(1.95 0.35 0.07)
(2 0.35 0.07)
(2.05 0.35 0.07)
(2.1 0.35 0.07)
(2.15 0.35 0.07)
(2.2 0.35 0.07)
(2.25 0.35 0.07)
(2.3 0.35 0.07)
(2.35 0.35 0.07)
(2.4 0.35 0.07)
(2.45 0.35 0.07)
(2.5 0.35 0.07)
(2.55 0.35 0.07)
(2.6 0.35 0.07)
(2.65 0.35 0.07)
(2.7 0.35 0.07)
(2.75 0.35 0.07)
(2.8 0.35 0.07)
(2.85 0.35 0.07)
(2.9 0.35 0.07)
(2.95 0.35 0.07)
(3 0.35 0.07)
(3.05 0.35 0.07)
(3.1 0.35 0.07)
(3.15 0.35 0.07)
(3.2 0.35 0.07)
(3.25 0.35 0.07)
(3.3 0.35 0.07)
(3.35 0.35 0.07)
(3.4 0.35 0.07)
(3.45 0.35 0.07)
(3.5 0.35 0.07)
(3.55 0.35 0.07)
(3.6 0.35 0.07)
(3.65 0.35 0.07)
(3.7 0.35 0.07)
(3.75 0.35 0.07)
(3.8 0.35 0.07)
(3.85 0.35 0.07)
(3.9 0.35 0.07)
(3.95 0.35 0.07)
(4 0.35 0.07)
(4.05 0.35 0.07)
(4.1 0.35 0.07)
(4.15 0.35 0.07)
(4.2 0.35 0.07)
(4.25 0.35 0.07)
(4.3 0.35 0.07)
(4.35 0.35 0.07)
(4.4 0.35 0.07)
(4.45 0.35 0.07)
(4.5 0.35 0.07)
(4.55 0.35 0.07)
(4.6 0.35 0.07)
(4.65 0.35 0.07)
(4.7 0.35 0.07)
(4.75 0.35 0.07)
(4.8 0.35 0.07)
(4.85 0.35 0.07)
(4.9 0.35 0.07)
(4.95 0.35 0.07)
(5 0.35 0.07)
(5.05 0.35 0.07)
(5.1 0.35 0.07)
(5.15 0.35 0.07)
(5.2 0.35 0.07)
(5.25 0.35 0.07)
(5.3 0.35 0.07)
(5.35 0.35 0.07)
(5.4 0.35 0.07)
(5.45 0.35 0.07)
(5.5 0.35 0.07)
(5.55 0.35 0.07)
(5.6 0.35 0.07)
(5.65 0.35 0.07)
(5.7 0.35 0.07)
(5.75 0.35 0.07)
(5.8 0.35 0.07)
(5.85 0.35 0.07)
(5.9 0.35 0.07)
(5.95 0.35 0.07)
(6 0.35 0.07)
(6.05 0.35 0.07)
(6.1 0.35 0.07)
(6.15 0.35 0.07)
(6.2 0.35 0.07)
(6.25 0.35 0.07)
(6.3 0.35 0.07)
(6.35 0.35 0.07)
(6.4 0.35 0.07)
(6.45 0.35 0.07)
(6.5 0.35 0.07)
(6.55 0.35 0.07)
(6.6 0.35 0.07)
(6.65 0.35 0.07)
(6.7 0.35 0.07)
(6.75 0.35 0.07)
(6.8 0.35 0.07)
(6.85 0.35 0.07)
(6.9 0.35 0.07)
(6.95 0.35 0.07)
(7 0.35 0.07)
(7.05 0.35 0.07)
(7.1 0.35 0.07)
(7.15 0.35 0.07)
(7.2 0.35 0.07)
(7.25 0.35 0.07)
(7.3 0.35 0.07)
(7.35 0.35 0.07)
(7.4 0.35 0.07)
(7.45 0.35 0.07)
(7.5 0.35 0.07)
(7.55 0.35 0.07)
(7.6 0.35 0.07)
(7.65 0.35 0.07)
(7.7 0.35 0.07)
(7.75 0.35 0.07)
(7.8 0.35 0.07)
(7.85 0.35 0.07)
(7.9 0.35 0.07)
(7.95 0.35 0.07)
(8 0.35 0.07)
(8.05 0.35 0.07)
(8.1 0.35 0.07)
(8.15 0.35 0.07)
(8.2 0.35 0.07)
(8.25 0.35 0.07)
(8.3 0.35 0.07)
(8.35 0.35 0.07)
(8.4 0.35 0.07)
(8.45 0.35 0.07)
(8.5 0.35 0.07)
(8.55 0.35 0.07)
(8.6 0.35 0.07)
(8.65 0.35 0.07)
(8.7 0.35 0.07)
(8.75 0.35 0.07)
(8.8 0.35 0.07)
(8.85 0.35 0.07)
(8.9 0.35 0.07)
(8.95 0.35 0.07)
(9 0.35 0.07)
(9.05 0.35 0.07)
(9.1 0.35 0.07)
(9.15 0.35 0.07)
(9.2 0.35 0.07)
(9.25 0.35 0.07)
(9.3 0.35 0.07)
(9.35 0.35 0.07)
(9.4 0.35 0.07)
(9.45 0.35 0.07)
(9.5 0.35 0.07)
(9.55 0.35 0.07)
(9.6 0.35 0.07)
(9.65 0.35 0.07)
(9.7 0.35 0.07)
(9.75 0.35 0.07)
(9.8 0.35 0.07)
(9.85 0.35 0.07)
(9.9 0.35 0.07)
(9.95 0.35 0.07)
(10 0.35 0.07)
(0 0.4 0.07)
(0.05 0.4 0.07)
(0.1 0.4 0.07)
(0.15 0.4 0.07)
(0.2 0.4 0.07)
(0.25 0.4 0.07)
(0.3 0.4 0.07)
(0.35 0.4 0.07)
(0.4 0.4 0.07)
(0.45 0.4 0.07)
(0.5 0.4 0.07)
(0.55 0.4 0.07)
(0.6 0.4 0.07)
(0.65 0.4 0.07)
(0.7 0.4 0.07)
(0.75 0.4 0.07)
(0.8 0.4 0.07)
(0.85 0.4 0.07)
(0.9 0.4 0.07)
(0.95 0.4 0.07)
(1 0.4 0.07)
(1.05 0.4 0.07)
(1.1 0.4 0.07)
(1.15 0.4 0.07)
(1.2 0.4 0.07)
(1.25 0.4 0.07)
(1.3 0.4 0.07)
(1.35 0.4 0.07)
(1.4 0.4 0.07)
(1.45 0.4 0.07)
(1.5 0.4 0.07)
(1.55 0.4 0.07)
(1.6 0.4 0.07)
(1.65 0.4 0.07)
(1.7 0.4 0.07)
(1.75 0.4 0.07)
(1.8 0.4 0.07)
(1.85 0.4 0.07)
(1.9 0.4 0.07)
(1.95 0.4 0.07)
(2 0.4 0.07)
(2.05 0.4 0.07)
(2.1 0.4 0.07)
(2.15 0.4 0.07)
(2.2 0.4 0.07)
(2.25 0.4 0.07)
(2.3 0.4 0.07)
(2.35 0.4 0.07)
(2.4 0.4 0.07)
(2.45 0.4 0.07)
(2.5 0.4 0.07)
(2.55 0.4 0.07)
(2.6 0.4 0.07)
(2.65 0.4 0.07)
(2.7 0.4 0.07)
(2.75 0.4 0.07)
(2.8 0.4 0.07)
(2.85 0.4 0.07)
(2.9 0.4 0.07)
(2.95 0.4 0.07)
(3 0.4 0.07)
(3.05 0.4 0.07)
(3.1 0.4 0.07)
(3.15 0.4 0.07)
(3.2 0.4 0.07)
(3.25 0.4 0.07)
(3.3 0.4 0.07)
(3.35 0.4 0.07)
(3.4 0.4 0.07)
(3.45 0.4 0.07)
(3.5 0.4 0.07)
(3.55 0.4 0.07)
(3.6 0.4 0.07)
(3.65 0.4 0.07)
(3.7 0.4 0.07)
(3.75 0.4 0.07)
(3.8 0.4 0.07)
(3.85 0.4 0.07)
(3.9 0.4 0.07)
(3.95 0.4 0.07)
(4 0.4 0.07)
(4.05 0.4 0.07)
(4.1 0.4 0.07)
(4.15 0.4 0.07)
(4.2 0.4 0.07)
(4.25 0.4 0.07)
(4.3 0.4 0.07)
(4.35 0.4 0.07)
(4.4 0.4 0.07)
(4.45 0.4 0.07)
(4.5 0.4 0.07)
(4.55 0.4 0.07)
(4.6 0.4 0.07)
(4.65 0.4 0.07)
(4.7 0.4 0.07)
(4.75 0.4 0.07)
(4.8 0.4 0.07)
(4.85 0.4 0.07)
(4.9 0.4 0.07)
(4.95 0.4 0.07)
(5 0.4 0.07)
(5.05 0.4 0.07)
(5.1 0.4 0.07)
(5.15 0.4 0.07)
(5.2 0.4 0.07)
(5.25 0.4 0.07)
(5.3 0.4 0.07)
(5.35 0.4 0.07)
(5.4 0.4 0.07)
(5.45 0.4 0.07)
(5.5 0.4 0.07)
(5.55 0.4 0.07)
(5.6 0.4 0.07)
(5.65 0.4 0.07)
(5.7 0.4 0.07)
(5.75 0.4 0.07)
(5.8 0.4 0.07)
(5.85 0.4 0.07)
(5.9 0.4 0.07)
(5.95 0.4 0.07)
(6 0.4 0.07)
(6.05 0.4 0.07)
(6.1 0.4 0.07)
(6.15 0.4 0.07)
(6.2 0.4 0.07)
(6.25 0.4 0.07)
(6.3 0.4 0.07)
(6.35 0.4 0.07)
(6.4 0.4 0.07)
(6.45 0.4 0.07)
(6.5 0.4 0.07)
(6.55 0.4 0.07)
(6.6 0.4 0.07)
(6.65 0.4 0.07)
(6.7 0.4 0.07)
(6.75 0.4 0.07)
(6.8 0.4 0.07)
(6.85 0.4 0.07)
(6.9 0.4 0.07)
(6.95 0.4 0.07)
(7 0.4 0.07)
(7.05 0.4 0.07)
(7.1 0.4 0.07)
(7.15 0.4 0.07)
(7.2 0.4 0.07)
(7.25 0.4 0.07)
(7.3 0.4 0.07)
(7.35 0.4 0.07)
(7.4 0.4 0.07)
(7.45 0.4 0.07)
(7.5 0.4 0.07)
(7.55 0.4 0.07)
(7.6 0.4 0.07)
(7.65 0.4 0.07)
(7.7 0.4 0.07)
(7.75 0.4 0.07)
(7.8 0.4 0.07)
(7.85 0.4 0.07)
(7.9 0.4 0.07)
(7.95 0.4 0.07)
(8 0.4 0.07)
(8.05 0.4 0.07)
(8.1 0.4 0.07)
(8.15 0.4 0.07)
(8.2 0.4 0.07)
(8.25 0.4 0.07)
(8.3 0.4 0.07)
(8.35 0.4 0.07)
(8.4 0.4 0.07)
(8.45 0.4 0.07)
(8.5 0.4 0.07)
(8.55 0.4 0.07)
(8.6 0.4 0.07)
(8.65 0.4 0.07)
(8.7 0.4 0.07)
(8.75 0.4 0.07)
(8.8 0.4 0.07)
(8.85 0.4 0.07)
(8.9 0.4 0.07)
(8.95 0.4 0.07)
(9 0.4 0.07)
(9.05 0.4 0.07)
(9.1 0.4 0.07)
(9.15 0.4 0.07)
(9.2 0.4 0.07)
(9.25 0.4 0.07)
(9.3 0.4 0.07)
(9.35 0.4 0.07)
(9.4 0.4 0.07)
(9.45 0.4 0.07)
(9.5 0.4 0.07)
(9.55 0.4 0.07)
(9.6 0.4 0.07)
(9.65 0.4 0.07)
(9.7 0.4 0.07)
(9.75 0.4 0.07)
(9.8 0.4 0.07)
(9.85 0.4 0.07)
(9.9 0.4 0.07)
(9.95 0.4 0.07)
(10 0.4 0.07)
(0 0.45 0.07)
(0.05 0.45 0.07)
(0.1 0.45 0.07)
(0.15 0.45 0.07)
(0.2 0.45 0.07)
(0.25 0.45 0.07)
(0.3 0.45 0.07)
(0.35 0.45 0.07)
(0.4 0.45 0.07)
(0.45 0.45 0.07)
(0.5 0.45 0.07)
(0.55 0.45 0.07)
(0.6 0.45 0.07)
(0.65 0.45 0.07)
(0.7 0.45 0.07)
(0.75 0.45 0.07)
(0.8 0.45 0.07)
(0.85 0.45 0.07)
(0.9 0.45 0.07)
(0.95 0.45 0.07)
(1 0.45 0.07)
(1.05 0.45 0.07)
(1.1 0.45 0.07)
(1.15 0.45 0.07)
(1.2 0.45 0.07)
(1.25 0.45 0.07)
(1.3 0.45 0.07)
(1.35 0.45 0.07)
(1.4 0.45 0.07)
(1.45 0.45 0.07)
(1.5 0.45 0.07)
(1.55 0.45 0.07)
(1.6 0.45 0.07)
(1.65 0.45 0.07)
(1.7 0.45 0.07)
(1.75 0.45 0.07)
(1.8 0.45 0.07)
(1.85 0.45 0.07)
(1.9 0.45 0.07)
(1.95 0.45 0.07)
(2 0.45 0.07)
(2.05 0.45 0.07)
(2.1 0.45 0.07)
(2.15 0.45 0.07)
(2.2 0.45 0.07)
(2.25 0.45 0.07)
(2.3 0.45 0.07)
(2.35 0.45 0.07)
(2.4 0.45 0.07)
(2.45 0.45 0.07)
(2.5 0.45 0.07)
(2.55 0.45 0.07)
(2.6 0.45 0.07)
(2.65 0.45 0.07)
(2.7 0.45 0.07)
(2.75 0.45 0.07)
(2.8 0.45 0.07)
(2.85 0.45 0.07)
(2.9 0.45 0.07)
(2.95 0.45 0.07)
(3 0.45 0.07)
(3.05 0.45 0.07)
(3.1 0.45 0.07)
(3.15 0.45 0.07)
(3.2 0.45 0.07)
(3.25 0.45 0.07)
(3.3 0.45 0.07)
(3.35 0.45 0.07)
(3.4 0.45 0.07)
(3.45 0.45 0.07)
(3.5 0.45 0.07)
(3.55 0.45 0.07)
(3.6 0.45 0.07)
(3.65 0.45 0.07)
(3.7 0.45 0.07)
(3.75 0.45 0.07)
(3.8 0.45 0.07)
(3.85 0.45 0.07)
(3.9 0.45 0.07)
(3.95 0.45 0.07)
(4 0.45 0.07)
(4.05 0.45 0.07)
(4.1 0.45 0.07)
(4.15 0.45 0.07)
(4.2 0.45 0.07)
(4.25 0.45 0.07)
(4.3 0.45 0.07)
(4.35 0.45 0.07)
(4.4 0.45 0.07)
(4.45 0.45 0.07)
(4.5 0.45 0.07)
(4.55 0.45 0.07)
(4.6 0.45 0.07)
(4.65 0.45 0.07)
(4.7 0.45 0.07)
(4.75 0.45 0.07)
(4.8 0.45 0.07)
(4.85 0.45 0.07)
(4.9 0.45 0.07)
(4.95 0.45 0.07)
(5 0.45 0.07)
(5.05 0.45 0.07)
(5.1 0.45 0.07)
(5.15 0.45 0.07)
(5.2 0.45 0.07)
(5.25 0.45 0.07)
(5.3 0.45 0.07)
(5.35 0.45 0.07)
(5.4 0.45 0.07)
(5.45 0.45 0.07)
(5.5 0.45 0.07)
(5.55 0.45 0.07)
(5.6 0.45 0.07)
(5.65 0.45 0.07)
(5.7 0.45 0.07)
(5.75 0.45 0.07)
(5.8 0.45 0.07)
(5.85 0.45 0.07)
(5.9 0.45 0.07)
(5.95 0.45 0.07)
(6 0.45 0.07)
(6.05 0.45 0.07)
(6.1 0.45 0.07)
(6.15 0.45 0.07)
(6.2 0.45 0.07)
(6.25 0.45 0.07)
(6.3 0.45 0.07)
(6.35 0.45 0.07)
(6.4 0.45 0.07)
(6.45 0.45 0.07)
(6.5 0.45 0.07)
(6.55 0.45 0.07)
(6.6 0.45 0.07)
(6.65 0.45 0.07)
(6.7 0.45 0.07)
(6.75 0.45 0.07)
(6.8 0.45 0.07)
(6.85 0.45 0.07)
(6.9 0.45 0.07)
(6.95 0.45 0.07)
(7 0.45 0.07)
(7.05 0.45 0.07)
(7.1 0.45 0.07)
(7.15 0.45 0.07)
(7.2 0.45 0.07)
(7.25 0.45 0.07)
(7.3 0.45 0.07)
(7.35 0.45 0.07)
(7.4 0.45 0.07)
(7.45 0.45 0.07)
(7.5 0.45 0.07)
(7.55 0.45 0.07)
(7.6 0.45 0.07)
(7.65 0.45 0.07)
(7.7 0.45 0.07)
(7.75 0.45 0.07)
(7.8 0.45 0.07)
(7.85 0.45 0.07)
(7.9 0.45 0.07)
(7.95 0.45 0.07)
(8 0.45 0.07)
(8.05 0.45 0.07)
(8.1 0.45 0.07)
(8.15 0.45 0.07)
(8.2 0.45 0.07)
(8.25 0.45 0.07)
(8.3 0.45 0.07)
(8.35 0.45 0.07)
(8.4 0.45 0.07)
(8.45 0.45 0.07)
(8.5 0.45 0.07)
(8.55 0.45 0.07)
(8.6 0.45 0.07)
(8.65 0.45 0.07)
(8.7 0.45 0.07)
(8.75 0.45 0.07)
(8.8 0.45 0.07)
(8.85 0.45 0.07)
(8.9 0.45 0.07)
(8.95 0.45 0.07)
(9 0.45 0.07)
(9.05 0.45 0.07)
(9.1 0.45 0.07)
(9.15 0.45 0.07)
(9.2 0.45 0.07)
(9.25 0.45 0.07)
(9.3 0.45 0.07)
(9.35 0.45 0.07)
(9.4 0.45 0.07)
(9.45 0.45 0.07)
(9.5 0.45 0.07)
(9.55 0.45 0.07)
(9.6 0.45 0.07)
(9.65 0.45 0.07)
(9.7 0.45 0.07)
(9.75 0.45 0.07)
(9.8 0.45 0.07)
(9.85 0.45 0.07)
(9.9 0.45 0.07)
(9.95 0.45 0.07)
(10 0.45 0.07)
(0 0.5 0.07)
(0.05 0.5 0.07)
(0.1 0.5 0.07)
(0.15 0.5 0.07)
(0.2 0.5 0.07)
(0.25 0.5 0.07)
(0.3 0.5 0.07)
(0.35 0.5 0.07)
(0.4 0.5 0.07)
(0.45 0.5 0.07)
(0.5 0.5 0.07)
(0.55 0.5 0.07)
(0.6 0.5 0.07)
(0.65 0.5 0.07)
(0.7 0.5 0.07)
(0.75 0.5 0.07)
(0.8 0.5 0.07)
(0.85 0.5 0.07)
(0.9 0.5 0.07)
(0.95 0.5 0.07)
(1 0.5 0.07)
(1.05 0.5 0.07)
(1.1 0.5 0.07)
(1.15 0.5 0.07)
(1.2 0.5 0.07)
(1.25 0.5 0.07)
(1.3 0.5 0.07)
(1.35 0.5 0.07)
(1.4 0.5 0.07)
(1.45 0.5 0.07)
(1.5 0.5 0.07)
(1.55 0.5 0.07)
(1.6 0.5 0.07)
(1.65 0.5 0.07)
(1.7 0.5 0.07)
(1.75 0.5 0.07)
(1.8 0.5 0.07)
(1.85 0.5 0.07)
(1.9 0.5 0.07)
(1.95 0.5 0.07)
(2 0.5 0.07)
(2.05 0.5 0.07)
(2.1 0.5 0.07)
(2.15 0.5 0.07)
(2.2 0.5 0.07)
(2.25 0.5 0.07)
(2.3 0.5 0.07)
(2.35 0.5 0.07)
(2.4 0.5 0.07)
(2.45 0.5 0.07)
(2.5 0.5 0.07)
(2.55 0.5 0.07)
(2.6 0.5 0.07)
(2.65 0.5 0.07)
(2.7 0.5 0.07)
(2.75 0.5 0.07)
(2.8 0.5 0.07)
(2.85 0.5 0.07)
(2.9 0.5 0.07)
(2.95 0.5 0.07)
(3 0.5 0.07)
(3.05 0.5 0.07)
(3.1 0.5 0.07)
(3.15 0.5 0.07)
(3.2 0.5 0.07)
(3.25 0.5 0.07)
(3.3 0.5 0.07)
(3.35 0.5 0.07)
(3.4 0.5 0.07)
(3.45 0.5 0.07)
(3.5 0.5 0.07)
(3.55 0.5 0.07)
(3.6 0.5 0.07)
(3.65 0.5 0.07)
(3.7 0.5 0.07)
(3.75 0.5 0.07)
(3.8 0.5 0.07)
(3.85 0.5 0.07)
(3.9 0.5 0.07)
(3.95 0.5 0.07)
(4 0.5 0.07)
(4.05 0.5 0.07)
(4.1 0.5 0.07)
(4.15 0.5 0.07)
(4.2 0.5 0.07)
(4.25 0.5 0.07)
(4.3 0.5 0.07)
(4.35 0.5 0.07)
(4.4 0.5 0.07)
(4.45 0.5 0.07)
(4.5 0.5 0.07)
(4.55 0.5 0.07)
(4.6 0.5 0.07)
(4.65 0.5 0.07)
(4.7 0.5 0.07)
(4.75 0.5 0.07)
(4.8 0.5 0.07)
(4.85 0.5 0.07)
(4.9 0.5 0.07)
(4.95 0.5 0.07)
(5 0.5 0.07)
(5.05 0.5 0.07)
(5.1 0.5 0.07)
(5.15 0.5 0.07)
(5.2 0.5 0.07)
(5.25 0.5 0.07)
(5.3 0.5 0.07)
(5.35 0.5 0.07)
(5.4 0.5 0.07)
(5.45 0.5 0.07)
(5.5 0.5 0.07)
(5.55 0.5 0.07)
(5.6 0.5 0.07)
(5.65 0.5 0.07)
(5.7 0.5 0.07)
(5.75 0.5 0.07)
(5.8 0.5 0.07)
(5.85 0.5 0.07)
(5.9 0.5 0.07)
(5.95 0.5 0.07)
(6 0.5 0.07)
(6.05 0.5 0.07)
(6.1 0.5 0.07)
(6.15 0.5 0.07)
(6.2 0.5 0.07)
(6.25 0.5 0.07)
(6.3 0.5 0.07)
(6.35 0.5 0.07)
(6.4 0.5 0.07)
(6.45 0.5 0.07)
(6.5 0.5 0.07)
(6.55 0.5 0.07)
(6.6 0.5 0.07)
(6.65 0.5 0.07)
(6.7 0.5 0.07)
(6.75 0.5 0.07)
(6.8 0.5 0.07)
(6.85 0.5 0.07)
(6.9 0.5 0.07)
(6.95 0.5 0.07)
(7 0.5 0.07)
(7.05 0.5 0.07)
(7.1 0.5 0.07)
(7.15 0.5 0.07)
(7.2 0.5 0.07)
(7.25 0.5 0.07)
(7.3 0.5 0.07)
(7.35 0.5 0.07)
(7.4 0.5 0.07)
(7.45 0.5 0.07)
(7.5 0.5 0.07)
(7.55 0.5 0.07)
(7.6 0.5 0.07)
(7.65 0.5 0.07)
(7.7 0.5 0.07)
(7.75 0.5 0.07)
(7.8 0.5 0.07)
(7.85 0.5 0.07)
(7.9 0.5 0.07)
(7.95 0.5 0.07)
(8 0.5 0.07)
(8.05 0.5 0.07)
(8.1 0.5 0.07)
(8.15 0.5 0.07)
(8.2 0.5 0.07)
(8.25 0.5 0.07)
(8.3 0.5 0.07)
(8.35 0.5 0.07)
(8.4 0.5 0.07)
(8.45 0.5 0.07)
(8.5 0.5 0.07)
(8.55 0.5 0.07)
(8.6 0.5 0.07)
(8.65 0.5 0.07)
(8.7 0.5 0.07)
(8.75 0.5 0.07)
(8.8 0.5 0.07)
(8.85 0.5 0.07)
(8.9 0.5 0.07)
(8.95 0.5 0.07)
(9 0.5 0.07)
(9.05 0.5 0.07)
(9.1 0.5 0.07)
(9.15 0.5 0.07)
(9.2 0.5 0.07)
(9.25 0.5 0.07)
(9.3 0.5 0.07)
(9.35 0.5 0.07)
(9.4 0.5 0.07)
(9.45 0.5 0.07)
(9.5 0.5 0.07)
(9.55 0.5 0.07)
(9.6 0.5 0.07)
(9.65 0.5 0.07)
(9.7 0.5 0.07)
(9.75 0.5 0.07)
(9.8 0.5 0.07)
(9.85 0.5 0.07)
(9.9 0.5 0.07)
(9.95 0.5 0.07)
(10 0.5 0.07)
(0 0.55 0.07)
(0.05 0.55 0.07)
(0.1 0.55 0.07)
(0.15 0.55 0.07)
(0.2 0.55 0.07)
(0.25 0.55 0.07)
(0.3 0.55 0.07)
(0.35 0.55 0.07)
(0.4 0.55 0.07)
(0.45 0.55 0.07)
(0.5 0.55 0.07)
(0.55 0.55 0.07)
(0.6 0.55 0.07)
(0.65 0.55 0.07)
(0.7 0.55 0.07)
(0.75 0.55 0.07)
(0.8 0.55 0.07)
(0.85 0.55 0.07)
(0.9 0.55 0.07)
(0.95 0.55 0.07)
(1 0.55 0.07)
(1.05 0.55 0.07)
(1.1 0.55 0.07)
(1.15 0.55 0.07)
(1.2 0.55 0.07)
(1.25 0.55 0.07)
(1.3 0.55 0.07)
(1.35 0.55 0.07)
(1.4 0.55 0.07)
(1.45 0.55 0.07)
(1.5 0.55 0.07)
(1.55 0.55 0.07)
(1.6 0.55 0.07)
(1.65 0.55 0.07)
(1.7 0.55 0.07)
(1.75 0.55 0.07)
(1.8 0.55 0.07)
(1.85 0.55 0.07)
(1.9 0.55 0.07)
(1.95 0.55 0.07)
(2 0.55 0.07)
(2.05 0.55 0.07)
(2.1 0.55 0.07)
(2.15 0.55 0.07)
(2.2 0.55 0.07)
(2.25 0.55 0.07)
(2.3 0.55 0.07)
(2.35 0.55 0.07)
(2.4 0.55 0.07)
(2.45 0.55 0.07)
(2.5 0.55 0.07)
(2.55 0.55 0.07)
(2.6 0.55 0.07)
(2.65 0.55 0.07)
(2.7 0.55 0.07)
(2.75 0.55 0.07)
(2.8 0.55 0.07)
(2.85 0.55 0.07)
(2.9 0.55 0.07)
(2.95 0.55 0.07)
(3 0.55 0.07)
(3.05 0.55 0.07)
(3.1 0.55 0.07)
(3.15 0.55 0.07)
(3.2 0.55 0.07)
(3.25 0.55 0.07)
(3.3 0.55 0.07)
(3.35 0.55 0.07)
(3.4 0.55 0.07)
(3.45 0.55 0.07)
(3.5 0.55 0.07)
(3.55 0.55 0.07)
(3.6 0.55 0.07)
(3.65 0.55 0.07)
(3.7 0.55 0.07)
(3.75 0.55 0.07)
(3.8 0.55 0.07)
(3.85 0.55 0.07)
(3.9 0.55 0.07)
(3.95 0.55 0.07)
(4 0.55 0.07)
(4.05 0.55 0.07)
(4.1 0.55 0.07)
(4.15 0.55 0.07)
(4.2 0.55 0.07)
(4.25 0.55 0.07)
(4.3 0.55 0.07)
(4.35 0.55 0.07)
(4.4 0.55 0.07)
(4.45 0.55 0.07)
(4.5 0.55 0.07)
(4.55 0.55 0.07)
(4.6 0.55 0.07)
(4.65 0.55 0.07)
(4.7 0.55 0.07)
(4.75 0.55 0.07)
(4.8 0.55 0.07)
(4.85 0.55 0.07)
(4.9 0.55 0.07)
(4.95 0.55 0.07)
(5 0.55 0.07)
(5.05 0.55 0.07)
(5.1 0.55 0.07)
(5.15 0.55 0.07)
(5.2 0.55 0.07)
(5.25 0.55 0.07)
(5.3 0.55 0.07)
(5.35 0.55 0.07)
(5.4 0.55 0.07)
(5.45 0.55 0.07)
(5.5 0.55 0.07)
(5.55 0.55 0.07)
(5.6 0.55 0.07)
(5.65 0.55 0.07)
(5.7 0.55 0.07)
(5.75 0.55 0.07)
(5.8 0.55 0.07)
(5.85 0.55 0.07)
(5.9 0.55 0.07)
(5.95 0.55 0.07)
(6 0.55 0.07)
(6.05 0.55 0.07)
(6.1 0.55 0.07)
(6.15 0.55 0.07)
(6.2 0.55 0.07)
(6.25 0.55 0.07)
(6.3 0.55 0.07)
(6.35 0.55 0.07)
(6.4 0.55 0.07)
(6.45 0.55 0.07)
(6.5 0.55 0.07)
(6.55 0.55 0.07)
(6.6 0.55 0.07)
(6.65 0.55 0.07)
(6.7 0.55 0.07)
(6.75 0.55 0.07)
(6.8 0.55 0.07)
(6.85 0.55 0.07)
(6.9 0.55 0.07)
(6.95 0.55 0.07)
(7 0.55 0.07)
(7.05 0.55 0.07)
(7.1 0.55 0.07)
(7.15 0.55 0.07)
(7.2 0.55 0.07)
(7.25 0.55 0.07)
(7.3 0.55 0.07)
(7.35 0.55 0.07)
(7.4 0.55 0.07)
(7.45 0.55 0.07)
(7.5 0.55 0.07)
(7.55 0.55 0.07)
(7.6 0.55 0.07)
(7.65 0.55 0.07)
(7.7 0.55 0.07)
(7.75 0.55 0.07)
(7.8 0.55 0.07)
(7.85 0.55 0.07)
(7.9 0.55 0.07)
(7.95 0.55 0.07)
(8 0.55 0.07)
(8.05 0.55 0.07)
(8.1 0.55 0.07)
(8.15 0.55 0.07)
(8.2 0.55 0.07)
(8.25 0.55 0.07)
(8.3 0.55 0.07)
(8.35 0.55 0.07)
(8.4 0.55 0.07)
(8.45 0.55 0.07)
(8.5 0.55 0.07)
(8.55 0.55 0.07)
(8.6 0.55 0.07)
(8.65 0.55 0.07)
(8.7 0.55 0.07)
(8.75 0.55 0.07)
(8.8 0.55 0.07)
(8.85 0.55 0.07)
(8.9 0.55 0.07)
(8.95 0.55 0.07)
(9 0.55 0.07)
(9.05 0.55 0.07)
(9.1 0.55 0.07)
(9.15 0.55 0.07)
(9.2 0.55 0.07)
(9.25 0.55 0.07)
(9.3 0.55 0.07)
(9.35 0.55 0.07)
(9.4 0.55 0.07)
(9.45 0.55 0.07)
(9.5 0.55 0.07)
(9.55 0.55 0.07)
(9.6 0.55 0.07)
(9.65 0.55 0.07)
(9.7 0.55 0.07)
(9.75 0.55 0.07)
(9.8 0.55 0.07)
(9.85 0.55 0.07)
(9.9 0.55 0.07)
(9.95 0.55 0.07)
(10 0.55 0.07)
(0 0.6 0.07)
(0.05 0.6 0.07)
(0.1 0.6 0.07)
(0.15 0.6 0.07)
(0.2 0.6 0.07)
(0.25 0.6 0.07)
(0.3 0.6 0.07)
(0.35 0.6 0.07)
(0.4 0.6 0.07)
(0.45 0.6 0.07)
(0.5 0.6 0.07)
(0.55 0.6 0.07)
(0.6 0.6 0.07)
(0.65 0.6 0.07)
(0.7 0.6 0.07)
(0.75 0.6 0.07)
(0.8 0.6 0.07)
(0.85 0.6 0.07)
(0.9 0.6 0.07)
(0.95 0.6 0.07)
(1 0.6 0.07)
(1.05 0.6 0.07)
(1.1 0.6 0.07)
(1.15 0.6 0.07)
(1.2 0.6 0.07)
(1.25 0.6 0.07)
(1.3 0.6 0.07)
(1.35 0.6 0.07)
(1.4 0.6 0.07)
(1.45 0.6 0.07)
(1.5 0.6 0.07)
(1.55 0.6 0.07)
(1.6 0.6 0.07)
(1.65 0.6 0.07)
(1.7 0.6 0.07)
(1.75 0.6 0.07)
(1.8 0.6 0.07)
(1.85 0.6 0.07)
(1.9 0.6 0.07)
(1.95 0.6 0.07)
(2 0.6 0.07)
(2.05 0.6 0.07)
(2.1 0.6 0.07)
(2.15 0.6 0.07)
(2.2 0.6 0.07)
(2.25 0.6 0.07)
(2.3 0.6 0.07)
(2.35 0.6 0.07)
(2.4 0.6 0.07)
(2.45 0.6 0.07)
(2.5 0.6 0.07)
(2.55 0.6 0.07)
(2.6 0.6 0.07)
(2.65 0.6 0.07)
(2.7 0.6 0.07)
(2.75 0.6 0.07)
(2.8 0.6 0.07)
(2.85 0.6 0.07)
(2.9 0.6 0.07)
(2.95 0.6 0.07)
(3 0.6 0.07)
(3.05 0.6 0.07)
(3.1 0.6 0.07)
(3.15 0.6 0.07)
(3.2 0.6 0.07)
(3.25 0.6 0.07)
(3.3 0.6 0.07)
(3.35 0.6 0.07)
(3.4 0.6 0.07)
(3.45 0.6 0.07)
(3.5 0.6 0.07)
(3.55 0.6 0.07)
(3.6 0.6 0.07)
(3.65 0.6 0.07)
(3.7 0.6 0.07)
(3.75 0.6 0.07)
(3.8 0.6 0.07)
(3.85 0.6 0.07)
(3.9 0.6 0.07)
(3.95 0.6 0.07)
(4 0.6 0.07)
(4.05 0.6 0.07)
(4.1 0.6 0.07)
(4.15 0.6 0.07)
(4.2 0.6 0.07)
(4.25 0.6 0.07)
(4.3 0.6 0.07)
(4.35 0.6 0.07)
(4.4 0.6 0.07)
(4.45 0.6 0.07)
(4.5 0.6 0.07)
(4.55 0.6 0.07)
(4.6 0.6 0.07)
(4.65 0.6 0.07)
(4.7 0.6 0.07)
(4.75 0.6 0.07)
(4.8 0.6 0.07)
(4.85 0.6 0.07)
(4.9 0.6 0.07)
(4.95 0.6 0.07)
(5 0.6 0.07)
(5.05 0.6 0.07)
(5.1 0.6 0.07)
(5.15 0.6 0.07)
(5.2 0.6 0.07)
(5.25 0.6 0.07)
(5.3 0.6 0.07)
(5.35 0.6 0.07)
(5.4 0.6 0.07)
(5.45 0.6 0.07)
(5.5 0.6 0.07)
(5.55 0.6 0.07)
(5.6 0.6 0.07)
(5.65 0.6 0.07)
(5.7 0.6 0.07)
(5.75 0.6 0.07)
(5.8 0.6 0.07)
(5.85 0.6 0.07)
(5.9 0.6 0.07)
(5.95 0.6 0.07)
(6 0.6 0.07)
(6.05 0.6 0.07)
(6.1 0.6 0.07)
(6.15 0.6 0.07)
(6.2 0.6 0.07)
(6.25 0.6 0.07)
(6.3 0.6 0.07)
(6.35 0.6 0.07)
(6.4 0.6 0.07)
(6.45 0.6 0.07)
(6.5 0.6 0.07)
(6.55 0.6 0.07)
(6.6 0.6 0.07)
(6.65 0.6 0.07)
(6.7 0.6 0.07)
(6.75 0.6 0.07)
(6.8 0.6 0.07)
(6.85 0.6 0.07)
(6.9 0.6 0.07)
(6.95 0.6 0.07)
(7 0.6 0.07)
(7.05 0.6 0.07)
(7.1 0.6 0.07)
(7.15 0.6 0.07)
(7.2 0.6 0.07)
(7.25 0.6 0.07)
(7.3 0.6 0.07)
(7.35 0.6 0.07)
(7.4 0.6 0.07)
(7.45 0.6 0.07)
(7.5 0.6 0.07)
(7.55 0.6 0.07)
(7.6 0.6 0.07)
(7.65 0.6 0.07)
(7.7 0.6 0.07)
(7.75 0.6 0.07)
(7.8 0.6 0.07)
(7.85 0.6 0.07)
(7.9 0.6 0.07)
(7.95 0.6 0.07)
(8 0.6 0.07)
(8.05 0.6 0.07)
(8.1 0.6 0.07)
(8.15 0.6 0.07)
(8.2 0.6 0.07)
(8.25 0.6 0.07)
(8.3 0.6 0.07)
(8.35 0.6 0.07)
(8.4 0.6 0.07)
(8.45 0.6 0.07)
(8.5 0.6 0.07)
(8.55 0.6 0.07)
(8.6 0.6 0.07)
(8.65 0.6 0.07)
(8.7 0.6 0.07)
(8.75 0.6 0.07)
(8.8 0.6 0.07)
(8.85 0.6 0.07)
(8.9 0.6 0.07)
(8.95 0.6 0.07)
(9 0.6 0.07)
(9.05 0.6 0.07)
(9.1 0.6 0.07)
(9.15 0.6 0.07)
(9.2 0.6 0.07)
(9.25 0.6 0.07)
(9.3 0.6 0.07)
(9.35 0.6 0.07)
(9.4 0.6 0.07)
(9.45 0.6 0.07)
(9.5 0.6 0.07)
(9.55 0.6 0.07)
(9.6 0.6 0.07)
(9.65 0.6 0.07)
(9.7 0.6 0.07)
(9.75 0.6 0.07)
(9.8 0.6 0.07)
(9.85 0.6 0.07)
(9.9 0.6 0.07)
(9.95 0.6 0.07)
(10 0.6 0.07)
(0 0.65 0.07)
(0.05 0.65 0.07)
(0.1 0.65 0.07)
(0.15 0.65 0.07)
(0.2 0.65 0.07)
(0.25 0.65 0.07)
(0.3 0.65 0.07)
(0.35 0.65 0.07)
(0.4 0.65 0.07)
(0.45 0.65 0.07)
(0.5 0.65 0.07)
(0.55 0.65 0.07)
(0.6 0.65 0.07)
(0.65 0.65 0.07)
(0.7 0.65 0.07)
(0.75 0.65 0.07)
(0.8 0.65 0.07)
(0.85 0.65 0.07)
(0.9 0.65 0.07)
(0.95 0.65 0.07)
(1 0.65 0.07)
(1.05 0.65 0.07)
(1.1 0.65 0.07)
(1.15 0.65 0.07)
(1.2 0.65 0.07)
(1.25 0.65 0.07)
(1.3 0.65 0.07)
(1.35 0.65 0.07)
(1.4 0.65 0.07)
(1.45 0.65 0.07)
(1.5 0.65 0.07)
(1.55 0.65 0.07)
(1.6 0.65 0.07)
(1.65 0.65 0.07)
(1.7 0.65 0.07)
(1.75 0.65 0.07)
(1.8 0.65 0.07)
(1.85 0.65 0.07)
(1.9 0.65 0.07)
(1.95 0.65 0.07)
(2 0.65 0.07)
(2.05 0.65 0.07)
(2.1 0.65 0.07)
(2.15 0.65 0.07)
(2.2 0.65 0.07)
(2.25 0.65 0.07)
(2.3 0.65 0.07)
(2.35 0.65 0.07)
(2.4 0.65 0.07)
(2.45 0.65 0.07)
(2.5 0.65 0.07)
(2.55 0.65 0.07)
(2.6 0.65 0.07)
(2.65 0.65 0.07)
(2.7 0.65 0.07)
(2.75 0.65 0.07)
(2.8 0.65 0.07)
(2.85 0.65 0.07)
(2.9 0.65 0.07)
(2.95 0.65 0.07)
(3 0.65 0.07)
(3.05 0.65 0.07)
(3.1 0.65 0.07)
(3.15 0.65 0.07)
(3.2 0.65 0.07)
(3.25 0.65 0.07)
(3.3 0.65 0.07)
(3.35 0.65 0.07)
(3.4 0.65 0.07)
(3.45 0.65 0.07)
(3.5 0.65 0.07)
(3.55 0.65 0.07)
(3.6 0.65 0.07)
(3.65 0.65 0.07)
(3.7 0.65 0.07)
(3.75 0.65 0.07)
(3.8 0.65 0.07)
(3.85 0.65 0.07)
(3.9 0.65 0.07)
(3.95 0.65 0.07)
(4 0.65 0.07)
(4.05 0.65 0.07)
(4.1 0.65 0.07)
(4.15 0.65 0.07)
(4.2 0.65 0.07)
(4.25 0.65 0.07)
(4.3 0.65 0.07)
(4.35 0.65 0.07)
(4.4 0.65 0.07)
(4.45 0.65 0.07)
(4.5 0.65 0.07)
(4.55 0.65 0.07)
(4.6 0.65 0.07)
(4.65 0.65 0.07)
(4.7 0.65 0.07)
(4.75 0.65 0.07)
(4.8 0.65 0.07)
(4.85 0.65 0.07)
(4.9 0.65 0.07)
(4.95 0.65 0.07)
(5 0.65 0.07)
(5.05 0.65 0.07)
(5.1 0.65 0.07)
(5.15 0.65 0.07)
(5.2 0.65 0.07)
(5.25 0.65 0.07)
(5.3 0.65 0.07)
(5.35 0.65 0.07)
(5.4 0.65 0.07)
(5.45 0.65 0.07)
(5.5 0.65 0.07)
(5.55 0.65 0.07)
(5.6 0.65 0.07)
(5.65 0.65 0.07)
(5.7 0.65 0.07)
(5.75 0.65 0.07)
(5.8 0.65 0.07)
(5.85 0.65 0.07)
(5.9 0.65 0.07)
(5.95 0.65 0.07)
(6 0.65 0.07)
(6.05 0.65 0.07)
(6.1 0.65 0.07)
(6.15 0.65 0.07)
(6.2 0.65 0.07)
(6.25 0.65 0.07)
(6.3 0.65 0.07)
(6.35 0.65 0.07)
(6.4 0.65 0.07)
(6.45 0.65 0.07)
(6.5 0.65 0.07)
(6.55 0.65 0.07)
(6.6 0.65 0.07)
(6.65 0.65 0.07)
(6.7 0.65 0.07)
(6.75 0.65 0.07)
(6.8 0.65 0.07)
(6.85 0.65 0.07)
(6.9 0.65 0.07)
(6.95 0.65 0.07)
(7 0.65 0.07)
(7.05 0.65 0.07)
(7.1 0.65 0.07)
(7.15 0.65 0.07)
(7.2 0.65 0.07)
(7.25 0.65 0.07)
(7.3 0.65 0.07)
(7.35 0.65 0.07)
(7.4 0.65 0.07)
(7.45 0.65 0.07)
(7.5 0.65 0.07)
(7.55 0.65 0.07)
(7.6 0.65 0.07)
(7.65 0.65 0.07)
(7.7 0.65 0.07)
(7.75 0.65 0.07)
(7.8 0.65 0.07)
(7.85 0.65 0.07)
(7.9 0.65 0.07)
(7.95 0.65 0.07)
(8 0.65 0.07)
(8.05 0.65 0.07)
(8.1 0.65 0.07)
(8.15 0.65 0.07)
(8.2 0.65 0.07)
(8.25 0.65 0.07)
(8.3 0.65 0.07)
(8.35 0.65 0.07)
(8.4 0.65 0.07)
(8.45 0.65 0.07)
(8.5 0.65 0.07)
(8.55 0.65 0.07)
(8.6 0.65 0.07)
(8.65 0.65 0.07)
(8.7 0.65 0.07)
(8.75 0.65 0.07)
(8.8 0.65 0.07)
(8.85 0.65 0.07)
(8.9 0.65 0.07)
(8.95 0.65 0.07)
(9 0.65 0.07)
(9.05 0.65 0.07)
(9.1 0.65 0.07)
(9.15 0.65 0.07)
(9.2 0.65 0.07)
(9.25 0.65 0.07)
(9.3 0.65 0.07)
(9.35 0.65 0.07)
(9.4 0.65 0.07)
(9.45 0.65 0.07)
(9.5 0.65 0.07)
(9.55 0.65 0.07)
(9.6 0.65 0.07)
(9.65 0.65 0.07)
(9.7 0.65 0.07)
(9.75 0.65 0.07)
(9.8 0.65 0.07)
(9.85 0.65 0.07)
(9.9 0.65 0.07)
(9.95 0.65 0.07)
(10 0.65 0.07)
(0 0.7 0.07)
(0.05 0.7 0.07)
(0.1 0.7 0.07)
(0.15 0.7 0.07)
(0.2 0.7 0.07)
(0.25 0.7 0.07)
(0.3 0.7 0.07)
(0.35 0.7 0.07)
(0.4 0.7 0.07)
(0.45 0.7 0.07)
(0.5 0.7 0.07)
(0.55 0.7 0.07)
(0.6 0.7 0.07)
(0.65 0.7 0.07)
(0.7 0.7 0.07)
(0.75 0.7 0.07)
(0.8 0.7 0.07)
(0.85 0.7 0.07)
(0.9 0.7 0.07)
(0.95 0.7 0.07)
(1 0.7 0.07)
(1.05 0.7 0.07)
(1.1 0.7 0.07)
(1.15 0.7 0.07)
(1.2 0.7 0.07)
(1.25 0.7 0.07)
(1.3 0.7 0.07)
(1.35 0.7 0.07)
(1.4 0.7 0.07)
(1.45 0.7 0.07)
(1.5 0.7 0.07)
(1.55 0.7 0.07)
(1.6 0.7 0.07)
(1.65 0.7 0.07)
(1.7 0.7 0.07)
(1.75 0.7 0.07)
(1.8 0.7 0.07)
(1.85 0.7 0.07)
(1.9 0.7 0.07)
(1.95 0.7 0.07)
(2 0.7 0.07)
(2.05 0.7 0.07)
(2.1 0.7 0.07)
(2.15 0.7 0.07)
(2.2 0.7 0.07)
(2.25 0.7 0.07)
(2.3 0.7 0.07)
(2.35 0.7 0.07)
(2.4 0.7 0.07)
(2.45 0.7 0.07)
(2.5 0.7 0.07)
(2.55 0.7 0.07)
(2.6 0.7 0.07)
(2.65 0.7 0.07)
(2.7 0.7 0.07)
(2.75 0.7 0.07)
(2.8 0.7 0.07)
(2.85 0.7 0.07)
(2.9 0.7 0.07)
(2.95 0.7 0.07)
(3 0.7 0.07)
(3.05 0.7 0.07)
(3.1 0.7 0.07)
(3.15 0.7 0.07)
(3.2 0.7 0.07)
(3.25 0.7 0.07)
(3.3 0.7 0.07)
(3.35 0.7 0.07)
(3.4 0.7 0.07)
(3.45 0.7 0.07)
(3.5 0.7 0.07)
(3.55 0.7 0.07)
(3.6 0.7 0.07)
(3.65 0.7 0.07)
(3.7 0.7 0.07)
(3.75 0.7 0.07)
(3.8 0.7 0.07)
(3.85 0.7 0.07)
(3.9 0.7 0.07)
(3.95 0.7 0.07)
(4 0.7 0.07)
(4.05 0.7 0.07)
(4.1 0.7 0.07)
(4.15 0.7 0.07)
(4.2 0.7 0.07)
(4.25 0.7 0.07)
(4.3 0.7 0.07)
(4.35 0.7 0.07)
(4.4 0.7 0.07)
(4.45 0.7 0.07)
(4.5 0.7 0.07)
(4.55 0.7 0.07)
(4.6 0.7 0.07)
(4.65 0.7 0.07)
(4.7 0.7 0.07)
(4.75 0.7 0.07)
(4.8 0.7 0.07)
(4.85 0.7 0.07)
(4.9 0.7 0.07)
(4.95 0.7 0.07)
(5 0.7 0.07)
(5.05 0.7 0.07)
(5.1 0.7 0.07)
(5.15 0.7 0.07)
(5.2 0.7 0.07)
(5.25 0.7 0.07)
(5.3 0.7 0.07)
(5.35 0.7 0.07)
(5.4 0.7 0.07)
(5.45 0.7 0.07)
(5.5 0.7 0.07)
(5.55 0.7 0.07)
(5.6 0.7 0.07)
(5.65 0.7 0.07)
(5.7 0.7 0.07)
(5.75 0.7 0.07)
(5.8 0.7 0.07)
(5.85 0.7 0.07)
(5.9 0.7 0.07)
(5.95 0.7 0.07)
(6 0.7 0.07)
(6.05 0.7 0.07)
(6.1 0.7 0.07)
(6.15 0.7 0.07)
(6.2 0.7 0.07)
(6.25 0.7 0.07)
(6.3 0.7 0.07)
(6.35 0.7 0.07)
(6.4 0.7 0.07)
(6.45 0.7 0.07)
(6.5 0.7 0.07)
(6.55 0.7 0.07)
(6.6 0.7 0.07)
(6.65 0.7 0.07)
(6.7 0.7 0.07)
(6.75 0.7 0.07)
(6.8 0.7 0.07)
(6.85 0.7 0.07)
(6.9 0.7 0.07)
(6.95 0.7 0.07)
(7 0.7 0.07)
(7.05 0.7 0.07)
(7.1 0.7 0.07)
(7.15 0.7 0.07)
(7.2 0.7 0.07)
(7.25 0.7 0.07)
(7.3 0.7 0.07)
(7.35 0.7 0.07)
(7.4 0.7 0.07)
(7.45 0.7 0.07)
(7.5 0.7 0.07)
(7.55 0.7 0.07)
(7.6 0.7 0.07)
(7.65 0.7 0.07)
(7.7 0.7 0.07)
(7.75 0.7 0.07)
(7.8 0.7 0.07)
(7.85 0.7 0.07)
(7.9 0.7 0.07)
(7.95 0.7 0.07)
(8 0.7 0.07)
(8.05 0.7 0.07)
(8.1 0.7 0.07)
(8.15 0.7 0.07)
(8.2 0.7 0.07)
(8.25 0.7 0.07)
(8.3 0.7 0.07)
(8.35 0.7 0.07)
(8.4 0.7 0.07)
(8.45 0.7 0.07)
(8.5 0.7 0.07)
(8.55 0.7 0.07)
(8.6 0.7 0.07)
(8.65 0.7 0.07)
(8.7 0.7 0.07)
(8.75 0.7 0.07)
(8.8 0.7 0.07)
(8.85 0.7 0.07)
(8.9 0.7 0.07)
(8.95 0.7 0.07)
(9 0.7 0.07)
(9.05 0.7 0.07)
(9.1 0.7 0.07)
(9.15 0.7 0.07)
(9.2 0.7 0.07)
(9.25 0.7 0.07)
(9.3 0.7 0.07)
(9.35 0.7 0.07)
(9.4 0.7 0.07)
(9.45 0.7 0.07)
(9.5 0.7 0.07)
(9.55 0.7 0.07)
(9.6 0.7 0.07)
(9.65 0.7 0.07)
(9.7 0.7 0.07)
(9.75 0.7 0.07)
(9.8 0.7 0.07)
(9.85 0.7 0.07)
(9.9 0.7 0.07)
(9.95 0.7 0.07)
(10 0.7 0.07)
(0 0.75 0.07)
(0.05 0.75 0.07)
(0.1 0.75 0.07)
(0.15 0.75 0.07)
(0.2 0.75 0.07)
(0.25 0.75 0.07)
(0.3 0.75 0.07)
(0.35 0.75 0.07)
(0.4 0.75 0.07)
(0.45 0.75 0.07)
(0.5 0.75 0.07)
(0.55 0.75 0.07)
(0.6 0.75 0.07)
(0.65 0.75 0.07)
(0.7 0.75 0.07)
(0.75 0.75 0.07)
(0.8 0.75 0.07)
(0.85 0.75 0.07)
(0.9 0.75 0.07)
(0.95 0.75 0.07)
(1 0.75 0.07)
(1.05 0.75 0.07)
(1.1 0.75 0.07)
(1.15 0.75 0.07)
(1.2 0.75 0.07)
(1.25 0.75 0.07)
(1.3 0.75 0.07)
(1.35 0.75 0.07)
(1.4 0.75 0.07)
(1.45 0.75 0.07)
(1.5 0.75 0.07)
(1.55 0.75 0.07)
(1.6 0.75 0.07)
(1.65 0.75 0.07)
(1.7 0.75 0.07)
(1.75 0.75 0.07)
(1.8 0.75 0.07)
(1.85 0.75 0.07)
(1.9 0.75 0.07)
(1.95 0.75 0.07)
(2 0.75 0.07)
(2.05 0.75 0.07)
(2.1 0.75 0.07)
(2.15 0.75 0.07)
(2.2 0.75 0.07)
(2.25 0.75 0.07)
(2.3 0.75 0.07)
(2.35 0.75 0.07)
(2.4 0.75 0.07)
(2.45 0.75 0.07)
(2.5 0.75 0.07)
(2.55 0.75 0.07)
(2.6 0.75 0.07)
(2.65 0.75 0.07)
(2.7 0.75 0.07)
(2.75 0.75 0.07)
(2.8 0.75 0.07)
(2.85 0.75 0.07)
(2.9 0.75 0.07)
(2.95 0.75 0.07)
(3 0.75 0.07)
(3.05 0.75 0.07)
(3.1 0.75 0.07)
(3.15 0.75 0.07)
(3.2 0.75 0.07)
(3.25 0.75 0.07)
(3.3 0.75 0.07)
(3.35 0.75 0.07)
(3.4 0.75 0.07)
(3.45 0.75 0.07)
(3.5 0.75 0.07)
(3.55 0.75 0.07)
(3.6 0.75 0.07)
(3.65 0.75 0.07)
(3.7 0.75 0.07)
(3.75 0.75 0.07)
(3.8 0.75 0.07)
(3.85 0.75 0.07)
(3.9 0.75 0.07)
(3.95 0.75 0.07)
(4 0.75 0.07)
(4.05 0.75 0.07)
(4.1 0.75 0.07)
(4.15 0.75 0.07)
(4.2 0.75 0.07)
(4.25 0.75 0.07)
(4.3 0.75 0.07)
(4.35 0.75 0.07)
(4.4 0.75 0.07)
(4.45 0.75 0.07)
(4.5 0.75 0.07)
(4.55 0.75 0.07)
(4.6 0.75 0.07)
(4.65 0.75 0.07)
(4.7 0.75 0.07)
(4.75 0.75 0.07)
(4.8 0.75 0.07)
(4.85 0.75 0.07)
(4.9 0.75 0.07)
(4.95 0.75 0.07)
(5 0.75 0.07)
(5.05 0.75 0.07)
(5.1 0.75 0.07)
(5.15 0.75 0.07)
(5.2 0.75 0.07)
(5.25 0.75 0.07)
(5.3 0.75 0.07)
(5.35 0.75 0.07)
(5.4 0.75 0.07)
(5.45 0.75 0.07)
(5.5 0.75 0.07)
(5.55 0.75 0.07)
(5.6 0.75 0.07)
(5.65 0.75 0.07)
(5.7 0.75 0.07)
(5.75 0.75 0.07)
(5.8 0.75 0.07)
(5.85 0.75 0.07)
(5.9 0.75 0.07)
(5.95 0.75 0.07)
(6 0.75 0.07)
(6.05 0.75 0.07)
(6.1 0.75 0.07)
(6.15 0.75 0.07)
(6.2 0.75 0.07)
(6.25 0.75 0.07)
(6.3 0.75 0.07)
(6.35 0.75 0.07)
(6.4 0.75 0.07)
(6.45 0.75 0.07)
(6.5 0.75 0.07)
(6.55 0.75 0.07)
(6.6 0.75 0.07)
(6.65 0.75 0.07)
(6.7 0.75 0.07)
(6.75 0.75 0.07)
(6.8 0.75 0.07)
(6.85 0.75 0.07)
(6.9 0.75 0.07)
(6.95 0.75 0.07)
(7 0.75 0.07)
(7.05 0.75 0.07)
(7.1 0.75 0.07)
(7.15 0.75 0.07)
(7.2 0.75 0.07)
(7.25 0.75 0.07)
(7.3 0.75 0.07)
(7.35 0.75 0.07)
(7.4 0.75 0.07)
(7.45 0.75 0.07)
(7.5 0.75 0.07)
(7.55 0.75 0.07)
(7.6 0.75 0.07)
(7.65 0.75 0.07)
(7.7 0.75 0.07)
(7.75 0.75 0.07)
(7.8 0.75 0.07)
(7.85 0.75 0.07)
(7.9 0.75 0.07)
(7.95 0.75 0.07)
(8 0.75 0.07)
(8.05 0.75 0.07)
(8.1 0.75 0.07)
(8.15 0.75 0.07)
(8.2 0.75 0.07)
(8.25 0.75 0.07)
(8.3 0.75 0.07)
(8.35 0.75 0.07)
(8.4 0.75 0.07)
(8.45 0.75 0.07)
(8.5 0.75 0.07)
(8.55 0.75 0.07)
(8.6 0.75 0.07)
(8.65 0.75 0.07)
(8.7 0.75 0.07)
(8.75 0.75 0.07)
(8.8 0.75 0.07)
(8.85 0.75 0.07)
(8.9 0.75 0.07)
(8.95 0.75 0.07)
(9 0.75 0.07)
(9.05 0.75 0.07)
(9.1 0.75 0.07)
(9.15 0.75 0.07)
(9.2 0.75 0.07)
(9.25 0.75 0.07)
(9.3 0.75 0.07)
(9.35 0.75 0.07)
(9.4 0.75 0.07)
(9.45 0.75 0.07)
(9.5 0.75 0.07)
(9.55 0.75 0.07)
(9.6 0.75 0.07)
(9.65 0.75 0.07)
(9.7 0.75 0.07)
(9.75 0.75 0.07)
(9.8 0.75 0.07)
(9.85 0.75 0.07)
(9.9 0.75 0.07)
(9.95 0.75 0.07)
(10 0.75 0.07)
(0 0.8 0.07)
(0.05 0.8 0.07)
(0.1 0.8 0.07)
(0.15 0.8 0.07)
(0.2 0.8 0.07)
(0.25 0.8 0.07)
(0.3 0.8 0.07)
(0.35 0.8 0.07)
(0.4 0.8 0.07)
(0.45 0.8 0.07)
(0.5 0.8 0.07)
(0.55 0.8 0.07)
(0.6 0.8 0.07)
(0.65 0.8 0.07)
(0.7 0.8 0.07)
(0.75 0.8 0.07)
(0.8 0.8 0.07)
(0.85 0.8 0.07)
(0.9 0.8 0.07)
(0.95 0.8 0.07)
(1 0.8 0.07)
(1.05 0.8 0.07)
(1.1 0.8 0.07)
(1.15 0.8 0.07)
(1.2 0.8 0.07)
(1.25 0.8 0.07)
(1.3 0.8 0.07)
(1.35 0.8 0.07)
(1.4 0.8 0.07)
(1.45 0.8 0.07)
(1.5 0.8 0.07)
(1.55 0.8 0.07)
(1.6 0.8 0.07)
(1.65 0.8 0.07)
(1.7 0.8 0.07)
(1.75 0.8 0.07)
(1.8 0.8 0.07)
(1.85 0.8 0.07)
(1.9 0.8 0.07)
(1.95 0.8 0.07)
(2 0.8 0.07)
(2.05 0.8 0.07)
(2.1 0.8 0.07)
(2.15 0.8 0.07)
(2.2 0.8 0.07)
(2.25 0.8 0.07)
(2.3 0.8 0.07)
(2.35 0.8 0.07)
(2.4 0.8 0.07)
(2.45 0.8 0.07)
(2.5 0.8 0.07)
(2.55 0.8 0.07)
(2.6 0.8 0.07)
(2.65 0.8 0.07)
(2.7 0.8 0.07)
(2.75 0.8 0.07)
(2.8 0.8 0.07)
(2.85 0.8 0.07)
(2.9 0.8 0.07)
(2.95 0.8 0.07)
(3 0.8 0.07)
(3.05 0.8 0.07)
(3.1 0.8 0.07)
(3.15 0.8 0.07)
(3.2 0.8 0.07)
(3.25 0.8 0.07)
(3.3 0.8 0.07)
(3.35 0.8 0.07)
(3.4 0.8 0.07)
(3.45 0.8 0.07)
(3.5 0.8 0.07)
(3.55 0.8 0.07)
(3.6 0.8 0.07)
(3.65 0.8 0.07)
(3.7 0.8 0.07)
(3.75 0.8 0.07)
(3.8 0.8 0.07)
(3.85 0.8 0.07)
(3.9 0.8 0.07)
(3.95 0.8 0.07)
(4 0.8 0.07)
(4.05 0.8 0.07)
(4.1 0.8 0.07)
(4.15 0.8 0.07)
(4.2 0.8 0.07)
(4.25 0.8 0.07)
(4.3 0.8 0.07)
(4.35 0.8 0.07)
(4.4 0.8 0.07)
(4.45 0.8 0.07)
(4.5 0.8 0.07)
(4.55 0.8 0.07)
(4.6 0.8 0.07)
(4.65 0.8 0.07)
(4.7 0.8 0.07)
(4.75 0.8 0.07)
(4.8 0.8 0.07)
(4.85 0.8 0.07)
(4.9 0.8 0.07)
(4.95 0.8 0.07)
(5 0.8 0.07)
(5.05 0.8 0.07)
(5.1 0.8 0.07)
(5.15 0.8 0.07)
(5.2 0.8 0.07)
(5.25 0.8 0.07)
(5.3 0.8 0.07)
(5.35 0.8 0.07)
(5.4 0.8 0.07)
(5.45 0.8 0.07)
(5.5 0.8 0.07)
(5.55 0.8 0.07)
(5.6 0.8 0.07)
(5.65 0.8 0.07)
(5.7 0.8 0.07)
(5.75 0.8 0.07)
(5.8 0.8 0.07)
(5.85 0.8 0.07)
(5.9 0.8 0.07)
(5.95 0.8 0.07)
(6 0.8 0.07)
(6.05 0.8 0.07)
(6.1 0.8 0.07)
(6.15 0.8 0.07)
(6.2 0.8 0.07)
(6.25 0.8 0.07)
(6.3 0.8 0.07)
(6.35 0.8 0.07)
(6.4 0.8 0.07)
(6.45 0.8 0.07)
(6.5 0.8 0.07)
(6.55 0.8 0.07)
(6.6 0.8 0.07)
(6.65 0.8 0.07)
(6.7 0.8 0.07)
(6.75 0.8 0.07)
(6.8 0.8 0.07)
(6.85 0.8 0.07)
(6.9 0.8 0.07)
(6.95 0.8 0.07)
(7 0.8 0.07)
(7.05 0.8 0.07)
(7.1 0.8 0.07)
(7.15 0.8 0.07)
(7.2 0.8 0.07)
(7.25 0.8 0.07)
(7.3 0.8 0.07)
(7.35 0.8 0.07)
(7.4 0.8 0.07)
(7.45 0.8 0.07)
(7.5 0.8 0.07)
(7.55 0.8 0.07)
(7.6 0.8 0.07)
(7.65 0.8 0.07)
(7.7 0.8 0.07)
(7.75 0.8 0.07)
(7.8 0.8 0.07)
(7.85 0.8 0.07)
(7.9 0.8 0.07)
(7.95 0.8 0.07)
(8 0.8 0.07)
(8.05 0.8 0.07)
(8.1 0.8 0.07)
(8.15 0.8 0.07)
(8.2 0.8 0.07)
(8.25 0.8 0.07)
(8.3 0.8 0.07)
(8.35 0.8 0.07)
(8.4 0.8 0.07)
(8.45 0.8 0.07)
(8.5 0.8 0.07)
(8.55 0.8 0.07)
(8.6 0.8 0.07)
(8.65 0.8 0.07)
(8.7 0.8 0.07)
(8.75 0.8 0.07)
(8.8 0.8 0.07)
(8.85 0.8 0.07)
(8.9 0.8 0.07)
(8.95 0.8 0.07)
(9 0.8 0.07)
(9.05 0.8 0.07)
(9.1 0.8 0.07)
(9.15 0.8 0.07)
(9.2 0.8 0.07)
(9.25 0.8 0.07)
(9.3 0.8 0.07)
(9.35 0.8 0.07)
(9.4 0.8 0.07)
(9.45 0.8 0.07)
(9.5 0.8 0.07)
(9.55 0.8 0.07)
(9.6 0.8 0.07)
(9.65 0.8 0.07)
(9.7 0.8 0.07)
(9.75 0.8 0.07)
(9.8 0.8 0.07)
(9.85 0.8 0.07)
(9.9 0.8 0.07)
(9.95 0.8 0.07)
(10 0.8 0.07)
(0 0.85 0.07)
(0.05 0.85 0.07)
(0.1 0.85 0.07)
(0.15 0.85 0.07)
(0.2 0.85 0.07)
(0.25 0.85 0.07)
(0.3 0.85 0.07)
(0.35 0.85 0.07)
(0.4 0.85 0.07)
(0.45 0.85 0.07)
(0.5 0.85 0.07)
(0.55 0.85 0.07)
(0.6 0.85 0.07)
(0.65 0.85 0.07)
(0.7 0.85 0.07)
(0.75 0.85 0.07)
(0.8 0.85 0.07)
(0.85 0.85 0.07)
(0.9 0.85 0.07)
(0.95 0.85 0.07)
(1 0.85 0.07)
(1.05 0.85 0.07)
(1.1 0.85 0.07)
(1.15 0.85 0.07)
(1.2 0.85 0.07)
(1.25 0.85 0.07)
(1.3 0.85 0.07)
(1.35 0.85 0.07)
(1.4 0.85 0.07)
(1.45 0.85 0.07)
(1.5 0.85 0.07)
(1.55 0.85 0.07)
(1.6 0.85 0.07)
(1.65 0.85 0.07)
(1.7 0.85 0.07)
(1.75 0.85 0.07)
(1.8 0.85 0.07)
(1.85 0.85 0.07)
(1.9 0.85 0.07)
(1.95 0.85 0.07)
(2 0.85 0.07)
(2.05 0.85 0.07)
(2.1 0.85 0.07)
(2.15 0.85 0.07)
(2.2 0.85 0.07)
(2.25 0.85 0.07)
(2.3 0.85 0.07)
(2.35 0.85 0.07)
(2.4 0.85 0.07)
(2.45 0.85 0.07)
(2.5 0.85 0.07)
(2.55 0.85 0.07)
(2.6 0.85 0.07)
(2.65 0.85 0.07)
(2.7 0.85 0.07)
(2.75 0.85 0.07)
(2.8 0.85 0.07)
(2.85 0.85 0.07)
(2.9 0.85 0.07)
(2.95 0.85 0.07)
(3 0.85 0.07)
(3.05 0.85 0.07)
(3.1 0.85 0.07)
(3.15 0.85 0.07)
(3.2 0.85 0.07)
(3.25 0.85 0.07)
(3.3 0.85 0.07)
(3.35 0.85 0.07)
(3.4 0.85 0.07)
(3.45 0.85 0.07)
(3.5 0.85 0.07)
(3.55 0.85 0.07)
(3.6 0.85 0.07)
(3.65 0.85 0.07)
(3.7 0.85 0.07)
(3.75 0.85 0.07)
(3.8 0.85 0.07)
(3.85 0.85 0.07)
(3.9 0.85 0.07)
(3.95 0.85 0.07)
(4 0.85 0.07)
(4.05 0.85 0.07)
(4.1 0.85 0.07)
(4.15 0.85 0.07)
(4.2 0.85 0.07)
(4.25 0.85 0.07)
(4.3 0.85 0.07)
(4.35 0.85 0.07)
(4.4 0.85 0.07)
(4.45 0.85 0.07)
(4.5 0.85 0.07)
(4.55 0.85 0.07)
(4.6 0.85 0.07)
(4.65 0.85 0.07)
(4.7 0.85 0.07)
(4.75 0.85 0.07)
(4.8 0.85 0.07)
(4.85 0.85 0.07)
(4.9 0.85 0.07)
(4.95 0.85 0.07)
(5 0.85 0.07)
(5.05 0.85 0.07)
(5.1 0.85 0.07)
(5.15 0.85 0.07)
(5.2 0.85 0.07)
(5.25 0.85 0.07)
(5.3 0.85 0.07)
(5.35 0.85 0.07)
(5.4 0.85 0.07)
(5.45 0.85 0.07)
(5.5 0.85 0.07)
(5.55 0.85 0.07)
(5.6 0.85 0.07)
(5.65 0.85 0.07)
(5.7 0.85 0.07)
(5.75 0.85 0.07)
(5.8 0.85 0.07)
(5.85 0.85 0.07)
(5.9 0.85 0.07)
(5.95 0.85 0.07)
(6 0.85 0.07)
(6.05 0.85 0.07)
(6.1 0.85 0.07)
(6.15 0.85 0.07)
(6.2 0.85 0.07)
(6.25 0.85 0.07)
(6.3 0.85 0.07)
(6.35 0.85 0.07)
(6.4 0.85 0.07)
(6.45 0.85 0.07)
(6.5 0.85 0.07)
(6.55 0.85 0.07)
(6.6 0.85 0.07)
(6.65 0.85 0.07)
(6.7 0.85 0.07)
(6.75 0.85 0.07)
(6.8 0.85 0.07)
(6.85 0.85 0.07)
(6.9 0.85 0.07)
(6.95 0.85 0.07)
(7 0.85 0.07)
(7.05 0.85 0.07)
(7.1 0.85 0.07)
(7.15 0.85 0.07)
(7.2 0.85 0.07)
(7.25 0.85 0.07)
(7.3 0.85 0.07)
(7.35 0.85 0.07)
(7.4 0.85 0.07)
(7.45 0.85 0.07)
(7.5 0.85 0.07)
(7.55 0.85 0.07)
(7.6 0.85 0.07)
(7.65 0.85 0.07)
(7.7 0.85 0.07)
(7.75 0.85 0.07)
(7.8 0.85 0.07)
(7.85 0.85 0.07)
(7.9 0.85 0.07)
(7.95 0.85 0.07)
(8 0.85 0.07)
(8.05 0.85 0.07)
(8.1 0.85 0.07)
(8.15 0.85 0.07)
(8.2 0.85 0.07)
(8.25 0.85 0.07)
(8.3 0.85 0.07)
(8.35 0.85 0.07)
(8.4 0.85 0.07)
(8.45 0.85 0.07)
(8.5 0.85 0.07)
(8.55 0.85 0.07)
(8.6 0.85 0.07)
(8.65 0.85 0.07)
(8.7 0.85 0.07)
(8.75 0.85 0.07)
(8.8 0.85 0.07)
(8.85 0.85 0.07)
(8.9 0.85 0.07)
(8.95 0.85 0.07)
(9 0.85 0.07)
(9.05 0.85 0.07)
(9.1 0.85 0.07)
(9.15 0.85 0.07)
(9.2 0.85 0.07)
(9.25 0.85 0.07)
(9.3 0.85 0.07)
(9.35 0.85 0.07)
(9.4 0.85 0.07)
(9.45 0.85 0.07)
(9.5 0.85 0.07)
(9.55 0.85 0.07)
(9.6 0.85 0.07)
(9.65 0.85 0.07)
(9.7 0.85 0.07)
(9.75 0.85 0.07)
(9.8 0.85 0.07)
(9.85 0.85 0.07)
(9.9 0.85 0.07)
(9.95 0.85 0.07)
(10 0.85 0.07)
(0 0.9 0.07)
(0.05 0.9 0.07)
(0.1 0.9 0.07)
(0.15 0.9 0.07)
(0.2 0.9 0.07)
(0.25 0.9 0.07)
(0.3 0.9 0.07)
(0.35 0.9 0.07)
(0.4 0.9 0.07)
(0.45 0.9 0.07)
(0.5 0.9 0.07)
(0.55 0.9 0.07)
(0.6 0.9 0.07)
(0.65 0.9 0.07)
(0.7 0.9 0.07)
(0.75 0.9 0.07)
(0.8 0.9 0.07)
(0.85 0.9 0.07)
(0.9 0.9 0.07)
(0.95 0.9 0.07)
(1 0.9 0.07)
(1.05 0.9 0.07)
(1.1 0.9 0.07)
(1.15 0.9 0.07)
(1.2 0.9 0.07)
(1.25 0.9 0.07)
(1.3 0.9 0.07)
(1.35 0.9 0.07)
(1.4 0.9 0.07)
(1.45 0.9 0.07)
(1.5 0.9 0.07)
(1.55 0.9 0.07)
(1.6 0.9 0.07)
(1.65 0.9 0.07)
(1.7 0.9 0.07)
(1.75 0.9 0.07)
(1.8 0.9 0.07)
(1.85 0.9 0.07)
(1.9 0.9 0.07)
(1.95 0.9 0.07)
(2 0.9 0.07)
(2.05 0.9 0.07)
(2.1 0.9 0.07)
(2.15 0.9 0.07)
(2.2 0.9 0.07)
(2.25 0.9 0.07)
(2.3 0.9 0.07)
(2.35 0.9 0.07)
(2.4 0.9 0.07)
(2.45 0.9 0.07)
(2.5 0.9 0.07)
(2.55 0.9 0.07)
(2.6 0.9 0.07)
(2.65 0.9 0.07)
(2.7 0.9 0.07)
(2.75 0.9 0.07)
(2.8 0.9 0.07)
(2.85 0.9 0.07)
(2.9 0.9 0.07)
(2.95 0.9 0.07)
(3 0.9 0.07)
(3.05 0.9 0.07)
(3.1 0.9 0.07)
(3.15 0.9 0.07)
(3.2 0.9 0.07)
(3.25 0.9 0.07)
(3.3 0.9 0.07)
(3.35 0.9 0.07)
(3.4 0.9 0.07)
(3.45 0.9 0.07)
(3.5 0.9 0.07)
(3.55 0.9 0.07)
(3.6 0.9 0.07)
(3.65 0.9 0.07)
(3.7 0.9 0.07)
(3.75 0.9 0.07)
(3.8 0.9 0.07)
(3.85 0.9 0.07)
(3.9 0.9 0.07)
(3.95 0.9 0.07)
(4 0.9 0.07)
(4.05 0.9 0.07)
(4.1 0.9 0.07)
(4.15 0.9 0.07)
(4.2 0.9 0.07)
(4.25 0.9 0.07)
(4.3 0.9 0.07)
(4.35 0.9 0.07)
(4.4 0.9 0.07)
(4.45 0.9 0.07)
(4.5 0.9 0.07)
(4.55 0.9 0.07)
(4.6 0.9 0.07)
(4.65 0.9 0.07)
(4.7 0.9 0.07)
(4.75 0.9 0.07)
(4.8 0.9 0.07)
(4.85 0.9 0.07)
(4.9 0.9 0.07)
(4.95 0.9 0.07)
(5 0.9 0.07)
(5.05 0.9 0.07)
(5.1 0.9 0.07)
(5.15 0.9 0.07)
(5.2 0.9 0.07)
(5.25 0.9 0.07)
(5.3 0.9 0.07)
(5.35 0.9 0.07)
(5.4 0.9 0.07)
(5.45 0.9 0.07)
(5.5 0.9 0.07)
(5.55 0.9 0.07)
(5.6 0.9 0.07)
(5.65 0.9 0.07)
(5.7 0.9 0.07)
(5.75 0.9 0.07)
(5.8 0.9 0.07)
(5.85 0.9 0.07)
(5.9 0.9 0.07)
(5.95 0.9 0.07)
(6 0.9 0.07)
(6.05 0.9 0.07)
(6.1 0.9 0.07)
(6.15 0.9 0.07)
(6.2 0.9 0.07)
(6.25 0.9 0.07)
(6.3 0.9 0.07)
(6.35 0.9 0.07)
(6.4 0.9 0.07)
(6.45 0.9 0.07)
(6.5 0.9 0.07)
(6.55 0.9 0.07)
(6.6 0.9 0.07)
(6.65 0.9 0.07)
(6.7 0.9 0.07)
(6.75 0.9 0.07)
(6.8 0.9 0.07)
(6.85 0.9 0.07)
(6.9 0.9 0.07)
(6.95 0.9 0.07)
(7 0.9 0.07)
(7.05 0.9 0.07)
(7.1 0.9 0.07)
(7.15 0.9 0.07)
(7.2 0.9 0.07)
(7.25 0.9 0.07)
(7.3 0.9 0.07)
(7.35 0.9 0.07)
(7.4 0.9 0.07)
(7.45 0.9 0.07)
(7.5 0.9 0.07)
(7.55 0.9 0.07)
(7.6 0.9 0.07)
(7.65 0.9 0.07)
(7.7 0.9 0.07)
(7.75 0.9 0.07)
(7.8 0.9 0.07)
(7.85 0.9 0.07)
(7.9 0.9 0.07)
(7.95 0.9 0.07)
(8 0.9 0.07)
(8.05 0.9 0.07)
(8.1 0.9 0.07)
(8.15 0.9 0.07)
(8.2 0.9 0.07)
(8.25 0.9 0.07)
(8.3 0.9 0.07)
(8.35 0.9 0.07)
(8.4 0.9 0.07)
(8.45 0.9 0.07)
(8.5 0.9 0.07)
(8.55 0.9 0.07)
(8.6 0.9 0.07)
(8.65 0.9 0.07)
(8.7 0.9 0.07)
(8.75 0.9 0.07)
(8.8 0.9 0.07)
(8.85 0.9 0.07)
(8.9 0.9 0.07)
(8.95 0.9 0.07)
(9 0.9 0.07)
(9.05 0.9 0.07)
(9.1 0.9 0.07)
(9.15 0.9 0.07)
(9.2 0.9 0.07)
(9.25 0.9 0.07)
(9.3 0.9 0.07)
(9.35 0.9 0.07)
(9.4 0.9 0.07)
(9.45 0.9 0.07)
(9.5 0.9 0.07)
(9.55 0.9 0.07)
(9.6 0.9 0.07)
(9.65 0.9 0.07)
(9.7 0.9 0.07)
(9.75 0.9 0.07)
(9.8 0.9 0.07)
(9.85 0.9 0.07)
(9.9 0.9 0.07)
(9.95 0.9 0.07)
(10 0.9 0.07)
(0 0.95 0.07)
(0.05 0.95 0.07)
(0.1 0.95 0.07)
(0.15 0.95 0.07)
(0.2 0.95 0.07)
(0.25 0.95 0.07)
(0.3 0.95 0.07)
(0.35 0.95 0.07)
(0.4 0.95 0.07)
(0.45 0.95 0.07)
(0.5 0.95 0.07)
(0.55 0.95 0.07)
(0.6 0.95 0.07)
(0.65 0.95 0.07)
(0.7 0.95 0.07)
(0.75 0.95 0.07)
(0.8 0.95 0.07)
(0.85 0.95 0.07)
(0.9 0.95 0.07)
(0.95 0.95 0.07)
(1 0.95 0.07)
(1.05 0.95 0.07)
(1.1 0.95 0.07)
(1.15 0.95 0.07)
(1.2 0.95 0.07)
(1.25 0.95 0.07)
(1.3 0.95 0.07)
(1.35 0.95 0.07)
(1.4 0.95 0.07)
(1.45 0.95 0.07)
(1.5 0.95 0.07)
(1.55 0.95 0.07)
(1.6 0.95 0.07)
(1.65 0.95 0.07)
(1.7 0.95 0.07)
(1.75 0.95 0.07)
(1.8 0.95 0.07)
(1.85 0.95 0.07)
(1.9 0.95 0.07)
(1.95 0.95 0.07)
(2 0.95 0.07)
(2.05 0.95 0.07)
(2.1 0.95 0.07)
(2.15 0.95 0.07)
(2.2 0.95 0.07)
(2.25 0.95 0.07)
(2.3 0.95 0.07)
(2.35 0.95 0.07)
(2.4 0.95 0.07)
(2.45 0.95 0.07)
(2.5 0.95 0.07)
(2.55 0.95 0.07)
(2.6 0.95 0.07)
(2.65 0.95 0.07)
(2.7 0.95 0.07)
(2.75 0.95 0.07)
(2.8 0.95 0.07)
(2.85 0.95 0.07)
(2.9 0.95 0.07)
(2.95 0.95 0.07)
(3 0.95 0.07)
(3.05 0.95 0.07)
(3.1 0.95 0.07)
(3.15 0.95 0.07)
(3.2 0.95 0.07)
(3.25 0.95 0.07)
(3.3 0.95 0.07)
(3.35 0.95 0.07)
(3.4 0.95 0.07)
(3.45 0.95 0.07)
(3.5 0.95 0.07)
(3.55 0.95 0.07)
(3.6 0.95 0.07)
(3.65 0.95 0.07)
(3.7 0.95 0.07)
(3.75 0.95 0.07)
(3.8 0.95 0.07)
(3.85 0.95 0.07)
(3.9 0.95 0.07)
(3.95 0.95 0.07)
(4 0.95 0.07)
(4.05 0.95 0.07)
(4.1 0.95 0.07)
(4.15 0.95 0.07)
(4.2 0.95 0.07)
(4.25 0.95 0.07)
(4.3 0.95 0.07)
(4.35 0.95 0.07)
(4.4 0.95 0.07)
(4.45 0.95 0.07)
(4.5 0.95 0.07)
(4.55 0.95 0.07)
(4.6 0.95 0.07)
(4.65 0.95 0.07)
(4.7 0.95 0.07)
(4.75 0.95 0.07)
(4.8 0.95 0.07)
(4.85 0.95 0.07)
(4.9 0.95 0.07)
(4.95 0.95 0.07)
(5 0.95 0.07)
(5.05 0.95 0.07)
(5.1 0.95 0.07)
(5.15 0.95 0.07)
(5.2 0.95 0.07)
(5.25 0.95 0.07)
(5.3 0.95 0.07)
(5.35 0.95 0.07)
(5.4 0.95 0.07)
(5.45 0.95 0.07)
(5.5 0.95 0.07)
(5.55 0.95 0.07)
(5.6 0.95 0.07)
(5.65 0.95 0.07)
(5.7 0.95 0.07)
(5.75 0.95 0.07)
(5.8 0.95 0.07)
(5.85 0.95 0.07)
(5.9 0.95 0.07)
(5.95 0.95 0.07)
(6 0.95 0.07)
(6.05 0.95 0.07)
(6.1 0.95 0.07)
(6.15 0.95 0.07)
(6.2 0.95 0.07)
(6.25 0.95 0.07)
(6.3 0.95 0.07)
(6.35 0.95 0.07)
(6.4 0.95 0.07)
(6.45 0.95 0.07)
(6.5 0.95 0.07)
(6.55 0.95 0.07)
(6.6 0.95 0.07)
(6.65 0.95 0.07)
(6.7 0.95 0.07)
(6.75 0.95 0.07)
(6.8 0.95 0.07)
(6.85 0.95 0.07)
(6.9 0.95 0.07)
(6.95 0.95 0.07)
(7 0.95 0.07)
(7.05 0.95 0.07)
(7.1 0.95 0.07)
(7.15 0.95 0.07)
(7.2 0.95 0.07)
(7.25 0.95 0.07)
(7.3 0.95 0.07)
(7.35 0.95 0.07)
(7.4 0.95 0.07)
(7.45 0.95 0.07)
(7.5 0.95 0.07)
(7.55 0.95 0.07)
(7.6 0.95 0.07)
(7.65 0.95 0.07)
(7.7 0.95 0.07)
(7.75 0.95 0.07)
(7.8 0.95 0.07)
(7.85 0.95 0.07)
(7.9 0.95 0.07)
(7.95 0.95 0.07)
(8 0.95 0.07)
(8.05 0.95 0.07)
(8.1 0.95 0.07)
(8.15 0.95 0.07)
(8.2 0.95 0.07)
(8.25 0.95 0.07)
(8.3 0.95 0.07)
(8.35 0.95 0.07)
(8.4 0.95 0.07)
(8.45 0.95 0.07)
(8.5 0.95 0.07)
(8.55 0.95 0.07)
(8.6 0.95 0.07)
(8.65 0.95 0.07)
(8.7 0.95 0.07)
(8.75 0.95 0.07)
(8.8 0.95 0.07)
(8.85 0.95 0.07)
(8.9 0.95 0.07)
(8.95 0.95 0.07)
(9 0.95 0.07)
(9.05 0.95 0.07)
(9.1 0.95 0.07)
(9.15 0.95 0.07)
(9.2 0.95 0.07)
(9.25 0.95 0.07)
(9.3 0.95 0.07)
(9.35 0.95 0.07)
(9.4 0.95 0.07)
(9.45 0.95 0.07)
(9.5 0.95 0.07)
(9.55 0.95 0.07)
(9.6 0.95 0.07)
(9.65 0.95 0.07)
(9.7 0.95 0.07)
(9.75 0.95 0.07)
(9.8 0.95 0.07)
(9.85 0.95 0.07)
(9.9 0.95 0.07)
(9.95 0.95 0.07)
(10 0.95 0.07)
(0 1 0.07)
(0.05 1 0.07)
(0.1 1 0.07)
(0.15 1 0.07)
(0.2 1 0.07)
(0.25 1 0.07)
(0.3 1 0.07)
(0.35 1 0.07)
(0.4 1 0.07)
(0.45 1 0.07)
(0.5 1 0.07)
(0.55 1 0.07)
(0.6 1 0.07)
(0.65 1 0.07)
(0.7 1 0.07)
(0.75 1 0.07)
(0.8 1 0.07)
(0.85 1 0.07)
(0.9 1 0.07)
(0.95 1 0.07)
(1 1 0.07)
(1.05 1 0.07)
(1.1 1 0.07)
(1.15 1 0.07)
(1.2 1 0.07)
(1.25 1 0.07)
(1.3 1 0.07)
(1.35 1 0.07)
(1.4 1 0.07)
(1.45 1 0.07)
(1.5 1 0.07)
(1.55 1 0.07)
(1.6 1 0.07)
(1.65 1 0.07)
(1.7 1 0.07)
(1.75 1 0.07)
(1.8 1 0.07)
(1.85 1 0.07)
(1.9 1 0.07)
(1.95 1 0.07)
(2 1 0.07)
(2.05 1 0.07)
(2.1 1 0.07)
(2.15 1 0.07)
(2.2 1 0.07)
(2.25 1 0.07)
(2.3 1 0.07)
(2.35 1 0.07)
(2.4 1 0.07)
(2.45 1 0.07)
(2.5 1 0.07)
(2.55 1 0.07)
(2.6 1 0.07)
(2.65 1 0.07)
(2.7 1 0.07)
(2.75 1 0.07)
(2.8 1 0.07)
(2.85 1 0.07)
(2.9 1 0.07)
(2.95 1 0.07)
(3 1 0.07)
(3.05 1 0.07)
(3.1 1 0.07)
(3.15 1 0.07)
(3.2 1 0.07)
(3.25 1 0.07)
(3.3 1 0.07)
(3.35 1 0.07)
(3.4 1 0.07)
(3.45 1 0.07)
(3.5 1 0.07)
(3.55 1 0.07)
(3.6 1 0.07)
(3.65 1 0.07)
(3.7 1 0.07)
(3.75 1 0.07)
(3.8 1 0.07)
(3.85 1 0.07)
(3.9 1 0.07)
(3.95 1 0.07)
(4 1 0.07)
(4.05 1 0.07)
(4.1 1 0.07)
(4.15 1 0.07)
(4.2 1 0.07)
(4.25 1 0.07)
(4.3 1 0.07)
(4.35 1 0.07)
(4.4 1 0.07)
(4.45 1 0.07)
(4.5 1 0.07)
(4.55 1 0.07)
(4.6 1 0.07)
(4.65 1 0.07)
(4.7 1 0.07)
(4.75 1 0.07)
(4.8 1 0.07)
(4.85 1 0.07)
(4.9 1 0.07)
(4.95 1 0.07)
(5 1 0.07)
(5.05 1 0.07)
(5.1 1 0.07)
(5.15 1 0.07)
(5.2 1 0.07)
(5.25 1 0.07)
(5.3 1 0.07)
(5.35 1 0.07)
(5.4 1 0.07)
(5.45 1 0.07)
(5.5 1 0.07)
(5.55 1 0.07)
(5.6 1 0.07)
(5.65 1 0.07)
(5.7 1 0.07)
(5.75 1 0.07)
(5.8 1 0.07)
(5.85 1 0.07)
(5.9 1 0.07)
(5.95 1 0.07)
(6 1 0.07)
(6.05 1 0.07)
(6.1 1 0.07)
(6.15 1 0.07)
(6.2 1 0.07)
(6.25 1 0.07)
(6.3 1 0.07)
(6.35 1 0.07)
(6.4 1 0.07)
(6.45 1 0.07)
(6.5 1 0.07)
(6.55 1 0.07)
(6.6 1 0.07)
(6.65 1 0.07)
(6.7 1 0.07)
(6.75 1 0.07)
(6.8 1 0.07)
(6.85 1 0.07)
(6.9 1 0.07)
(6.95 1 0.07)
(7 1 0.07)
(7.05 1 0.07)
(7.1 1 0.07)
(7.15 1 0.07)
(7.2 1 0.07)
(7.25 1 0.07)
(7.3 1 0.07)
(7.35 1 0.07)
(7.4 1 0.07)
(7.45 1 0.07)
(7.5 1 0.07)
(7.55 1 0.07)
(7.6 1 0.07)
(7.65 1 0.07)
(7.7 1 0.07)
(7.75 1 0.07)
(7.8 1 0.07)
(7.85 1 0.07)
(7.9 1 0.07)
(7.95 1 0.07)
(8 1 0.07)
(8.05 1 0.07)
(8.1 1 0.07)
(8.15 1 0.07)
(8.2 1 0.07)
(8.25 1 0.07)
(8.3 1 0.07)
(8.35 1 0.07)
(8.4 1 0.07)
(8.45 1 0.07)
(8.5 1 0.07)
(8.55 1 0.07)
(8.6 1 0.07)
(8.65 1 0.07)
(8.7 1 0.07)
(8.75 1 0.07)
(8.8 1 0.07)
(8.85 1 0.07)
(8.9 1 0.07)
(8.95 1 0.07)
(9 1 0.07)
(9.05 1 0.07)
(9.1 1 0.07)
(9.15 1 0.07)
(9.2 1 0.07)
(9.25 1 0.07)
(9.3 1 0.07)
(9.35 1 0.07)
(9.4 1 0.07)
(9.45 1 0.07)
(9.5 1 0.07)
(9.55 1 0.07)
(9.6 1 0.07)
(9.65 1 0.07)
(9.7 1 0.07)
(9.75 1 0.07)
(9.8 1 0.07)
(9.85 1 0.07)
(9.9 1 0.07)
(9.95 1 0.07)
(10 1 0.07)
(0 0 0.08)
(0.05 0 0.08)
(0.1 0 0.08)
(0.15 0 0.08)
(0.2 0 0.08)
(0.25 0 0.08)
(0.3 0 0.08)
(0.35 0 0.08)
(0.4 0 0.08)
(0.45 0 0.08)
(0.5 0 0.08)
(0.55 0 0.08)
(0.6 0 0.08)
(0.65 0 0.08)
(0.7 0 0.08)
(0.75 0 0.08)
(0.8 0 0.08)
(0.85 0 0.08)
(0.9 0 0.08)
(0.95 0 0.08)
(1 0 0.08)
(1.05 0 0.08)
(1.1 0 0.08)
(1.15 0 0.08)
(1.2 0 0.08)
(1.25 0 0.08)
(1.3 0 0.08)
(1.35 0 0.08)
(1.4 0 0.08)
(1.45 0 0.08)
(1.5 0 0.08)
(1.55 0 0.08)
(1.6 0 0.08)
(1.65 0 0.08)
(1.7 0 0.08)
(1.75 0 0.08)
(1.8 0 0.08)
(1.85 0 0.08)
(1.9 0 0.08)
(1.95 0 0.08)
(2 0 0.08)
(2.05 0 0.08)
(2.1 0 0.08)
(2.15 0 0.08)
(2.2 0 0.08)
(2.25 0 0.08)
(2.3 0 0.08)
(2.35 0 0.08)
(2.4 0 0.08)
(2.45 0 0.08)
(2.5 0 0.08)
(2.55 0 0.08)
(2.6 0 0.08)
(2.65 0 0.08)
(2.7 0 0.08)
(2.75 0 0.08)
(2.8 0 0.08)
(2.85 0 0.08)
(2.9 0 0.08)
(2.95 0 0.08)
(3 0 0.08)
(3.05 0 0.08)
(3.1 0 0.08)
(3.15 0 0.08)
(3.2 0 0.08)
(3.25 0 0.08)
(3.3 0 0.08)
(3.35 0 0.08)
(3.4 0 0.08)
(3.45 0 0.08)
(3.5 0 0.08)
(3.55 0 0.08)
(3.6 0 0.08)
(3.65 0 0.08)
(3.7 0 0.08)
(3.75 0 0.08)
(3.8 0 0.08)
(3.85 0 0.08)
(3.9 0 0.08)
(3.95 0 0.08)
(4 0 0.08)
(4.05 0 0.08)
(4.1 0 0.08)
(4.15 0 0.08)
(4.2 0 0.08)
(4.25 0 0.08)
(4.3 0 0.08)
(4.35 0 0.08)
(4.4 0 0.08)
(4.45 0 0.08)
(4.5 0 0.08)
(4.55 0 0.08)
(4.6 0 0.08)
(4.65 0 0.08)
(4.7 0 0.08)
(4.75 0 0.08)
(4.8 0 0.08)
(4.85 0 0.08)
(4.9 0 0.08)
(4.95 0 0.08)
(5 0 0.08)
(5.05 0 0.08)
(5.1 0 0.08)
(5.15 0 0.08)
(5.2 0 0.08)
(5.25 0 0.08)
(5.3 0 0.08)
(5.35 0 0.08)
(5.4 0 0.08)
(5.45 0 0.08)
(5.5 0 0.08)
(5.55 0 0.08)
(5.6 0 0.08)
(5.65 0 0.08)
(5.7 0 0.08)
(5.75 0 0.08)
(5.8 0 0.08)
(5.85 0 0.08)
(5.9 0 0.08)
(5.95 0 0.08)
(6 0 0.08)
(6.05 0 0.08)
(6.1 0 0.08)
(6.15 0 0.08)
(6.2 0 0.08)
(6.25 0 0.08)
(6.3 0 0.08)
(6.35 0 0.08)
(6.4 0 0.08)
(6.45 0 0.08)
(6.5 0 0.08)
(6.55 0 0.08)
(6.6 0 0.08)
(6.65 0 0.08)
(6.7 0 0.08)
(6.75 0 0.08)
(6.8 0 0.08)
(6.85 0 0.08)
(6.9 0 0.08)
(6.95 0 0.08)
(7 0 0.08)
(7.05 0 0.08)
(7.1 0 0.08)
(7.15 0 0.08)
(7.2 0 0.08)
(7.25 0 0.08)
(7.3 0 0.08)
(7.35 0 0.08)
(7.4 0 0.08)
(7.45 0 0.08)
(7.5 0 0.08)
(7.55 0 0.08)
(7.6 0 0.08)
(7.65 0 0.08)
(7.7 0 0.08)
(7.75 0 0.08)
(7.8 0 0.08)
(7.85 0 0.08)
(7.9 0 0.08)
(7.95 0 0.08)
(8 0 0.08)
(8.05 0 0.08)
(8.1 0 0.08)
(8.15 0 0.08)
(8.2 0 0.08)
(8.25 0 0.08)
(8.3 0 0.08)
(8.35 0 0.08)
(8.4 0 0.08)
(8.45 0 0.08)
(8.5 0 0.08)
(8.55 0 0.08)
(8.6 0 0.08)
(8.65 0 0.08)
(8.7 0 0.08)
(8.75 0 0.08)
(8.8 0 0.08)
(8.85 0 0.08)
(8.9 0 0.08)
(8.95 0 0.08)
(9 0 0.08)
(9.05 0 0.08)
(9.1 0 0.08)
(9.15 0 0.08)
(9.2 0 0.08)
(9.25 0 0.08)
(9.3 0 0.08)
(9.35 0 0.08)
(9.4 0 0.08)
(9.45 0 0.08)
(9.5 0 0.08)
(9.55 0 0.08)
(9.6 0 0.08)
(9.65 0 0.08)
(9.7 0 0.08)
(9.75 0 0.08)
(9.8 0 0.08)
(9.85 0 0.08)
(9.9 0 0.08)
(9.95 0 0.08)
(10 0 0.08)
(0 0.05 0.08)
(0.05 0.05 0.08)
(0.1 0.05 0.08)
(0.15 0.05 0.08)
(0.2 0.05 0.08)
(0.25 0.05 0.08)
(0.3 0.05 0.08)
(0.35 0.05 0.08)
(0.4 0.05 0.08)
(0.45 0.05 0.08)
(0.5 0.05 0.08)
(0.55 0.05 0.08)
(0.6 0.05 0.08)
(0.65 0.05 0.08)
(0.7 0.05 0.08)
(0.75 0.05 0.08)
(0.8 0.05 0.08)
(0.85 0.05 0.08)
(0.9 0.05 0.08)
(0.95 0.05 0.08)
(1 0.05 0.08)
(1.05 0.05 0.08)
(1.1 0.05 0.08)
(1.15 0.05 0.08)
(1.2 0.05 0.08)
(1.25 0.05 0.08)
(1.3 0.05 0.08)
(1.35 0.05 0.08)
(1.4 0.05 0.08)
(1.45 0.05 0.08)
(1.5 0.05 0.08)
(1.55 0.05 0.08)
(1.6 0.05 0.08)
(1.65 0.05 0.08)
(1.7 0.05 0.08)
(1.75 0.05 0.08)
(1.8 0.05 0.08)
(1.85 0.05 0.08)
(1.9 0.05 0.08)
(1.95 0.05 0.08)
(2 0.05 0.08)
(2.05 0.05 0.08)
(2.1 0.05 0.08)
(2.15 0.05 0.08)
(2.2 0.05 0.08)
(2.25 0.05 0.08)
(2.3 0.05 0.08)
(2.35 0.05 0.08)
(2.4 0.05 0.08)
(2.45 0.05 0.08)
(2.5 0.05 0.08)
(2.55 0.05 0.08)
(2.6 0.05 0.08)
(2.65 0.05 0.08)
(2.7 0.05 0.08)
(2.75 0.05 0.08)
(2.8 0.05 0.08)
(2.85 0.05 0.08)
(2.9 0.05 0.08)
(2.95 0.05 0.08)
(3 0.05 0.08)
(3.05 0.05 0.08)
(3.1 0.05 0.08)
(3.15 0.05 0.08)
(3.2 0.05 0.08)
(3.25 0.05 0.08)
(3.3 0.05 0.08)
(3.35 0.05 0.08)
(3.4 0.05 0.08)
(3.45 0.05 0.08)
(3.5 0.05 0.08)
(3.55 0.05 0.08)
(3.6 0.05 0.08)
(3.65 0.05 0.08)
(3.7 0.05 0.08)
(3.75 0.05 0.08)
(3.8 0.05 0.08)
(3.85 0.05 0.08)
(3.9 0.05 0.08)
(3.95 0.05 0.08)
(4 0.05 0.08)
(4.05 0.05 0.08)
(4.1 0.05 0.08)
(4.15 0.05 0.08)
(4.2 0.05 0.08)
(4.25 0.05 0.08)
(4.3 0.05 0.08)
(4.35 0.05 0.08)
(4.4 0.05 0.08)
(4.45 0.05 0.08)
(4.5 0.05 0.08)
(4.55 0.05 0.08)
(4.6 0.05 0.08)
(4.65 0.05 0.08)
(4.7 0.05 0.08)
(4.75 0.05 0.08)
(4.8 0.05 0.08)
(4.85 0.05 0.08)
(4.9 0.05 0.08)
(4.95 0.05 0.08)
(5 0.05 0.08)
(5.05 0.05 0.08)
(5.1 0.05 0.08)
(5.15 0.05 0.08)
(5.2 0.05 0.08)
(5.25 0.05 0.08)
(5.3 0.05 0.08)
(5.35 0.05 0.08)
(5.4 0.05 0.08)
(5.45 0.05 0.08)
(5.5 0.05 0.08)
(5.55 0.05 0.08)
(5.6 0.05 0.08)
(5.65 0.05 0.08)
(5.7 0.05 0.08)
(5.75 0.05 0.08)
(5.8 0.05 0.08)
(5.85 0.05 0.08)
(5.9 0.05 0.08)
(5.95 0.05 0.08)
(6 0.05 0.08)
(6.05 0.05 0.08)
(6.1 0.05 0.08)
(6.15 0.05 0.08)
(6.2 0.05 0.08)
(6.25 0.05 0.08)
(6.3 0.05 0.08)
(6.35 0.05 0.08)
(6.4 0.05 0.08)
(6.45 0.05 0.08)
(6.5 0.05 0.08)
(6.55 0.05 0.08)
(6.6 0.05 0.08)
(6.65 0.05 0.08)
(6.7 0.05 0.08)
(6.75 0.05 0.08)
(6.8 0.05 0.08)
(6.85 0.05 0.08)
(6.9 0.05 0.08)
(6.95 0.05 0.08)
(7 0.05 0.08)
(7.05 0.05 0.08)
(7.1 0.05 0.08)
(7.15 0.05 0.08)
(7.2 0.05 0.08)
(7.25 0.05 0.08)
(7.3 0.05 0.08)
(7.35 0.05 0.08)
(7.4 0.05 0.08)
(7.45 0.05 0.08)
(7.5 0.05 0.08)
(7.55 0.05 0.08)
(7.6 0.05 0.08)
(7.65 0.05 0.08)
(7.7 0.05 0.08)
(7.75 0.05 0.08)
(7.8 0.05 0.08)
(7.85 0.05 0.08)
(7.9 0.05 0.08)
(7.95 0.05 0.08)
(8 0.05 0.08)
(8.05 0.05 0.08)
(8.1 0.05 0.08)
(8.15 0.05 0.08)
(8.2 0.05 0.08)
(8.25 0.05 0.08)
(8.3 0.05 0.08)
(8.35 0.05 0.08)
(8.4 0.05 0.08)
(8.45 0.05 0.08)
(8.5 0.05 0.08)
(8.55 0.05 0.08)
(8.6 0.05 0.08)
(8.65 0.05 0.08)
(8.7 0.05 0.08)
(8.75 0.05 0.08)
(8.8 0.05 0.08)
(8.85 0.05 0.08)
(8.9 0.05 0.08)
(8.95 0.05 0.08)
(9 0.05 0.08)
(9.05 0.05 0.08)
(9.1 0.05 0.08)
(9.15 0.05 0.08)
(9.2 0.05 0.08)
(9.25 0.05 0.08)
(9.3 0.05 0.08)
(9.35 0.05 0.08)
(9.4 0.05 0.08)
(9.45 0.05 0.08)
(9.5 0.05 0.08)
(9.55 0.05 0.08)
(9.6 0.05 0.08)
(9.65 0.05 0.08)
(9.7 0.05 0.08)
(9.75 0.05 0.08)
(9.8 0.05 0.08)
(9.85 0.05 0.08)
(9.9 0.05 0.08)
(9.95 0.05 0.08)
(10 0.05 0.08)
(0 0.1 0.08)
(0.05 0.1 0.08)
(0.1 0.1 0.08)
(0.15 0.1 0.08)
(0.2 0.1 0.08)
(0.25 0.1 0.08)
(0.3 0.1 0.08)
(0.35 0.1 0.08)
(0.4 0.1 0.08)
(0.45 0.1 0.08)
(0.5 0.1 0.08)
(0.55 0.1 0.08)
(0.6 0.1 0.08)
(0.65 0.1 0.08)
(0.7 0.1 0.08)
(0.75 0.1 0.08)
(0.8 0.1 0.08)
(0.85 0.1 0.08)
(0.9 0.1 0.08)
(0.95 0.1 0.08)
(1 0.1 0.08)
(1.05 0.1 0.08)
(1.1 0.1 0.08)
(1.15 0.1 0.08)
(1.2 0.1 0.08)
(1.25 0.1 0.08)
(1.3 0.1 0.08)
(1.35 0.1 0.08)
(1.4 0.1 0.08)
(1.45 0.1 0.08)
(1.5 0.1 0.08)
(1.55 0.1 0.08)
(1.6 0.1 0.08)
(1.65 0.1 0.08)
(1.7 0.1 0.08)
(1.75 0.1 0.08)
(1.8 0.1 0.08)
(1.85 0.1 0.08)
(1.9 0.1 0.08)
(1.95 0.1 0.08)
(2 0.1 0.08)
(2.05 0.1 0.08)
(2.1 0.1 0.08)
(2.15 0.1 0.08)
(2.2 0.1 0.08)
(2.25 0.1 0.08)
(2.3 0.1 0.08)
(2.35 0.1 0.08)
(2.4 0.1 0.08)
(2.45 0.1 0.08)
(2.5 0.1 0.08)
(2.55 0.1 0.08)
(2.6 0.1 0.08)
(2.65 0.1 0.08)
(2.7 0.1 0.08)
(2.75 0.1 0.08)
(2.8 0.1 0.08)
(2.85 0.1 0.08)
(2.9 0.1 0.08)
(2.95 0.1 0.08)
(3 0.1 0.08)
(3.05 0.1 0.08)
(3.1 0.1 0.08)
(3.15 0.1 0.08)
(3.2 0.1 0.08)
(3.25 0.1 0.08)
(3.3 0.1 0.08)
(3.35 0.1 0.08)
(3.4 0.1 0.08)
(3.45 0.1 0.08)
(3.5 0.1 0.08)
(3.55 0.1 0.08)
(3.6 0.1 0.08)
(3.65 0.1 0.08)
(3.7 0.1 0.08)
(3.75 0.1 0.08)
(3.8 0.1 0.08)
(3.85 0.1 0.08)
(3.9 0.1 0.08)
(3.95 0.1 0.08)
(4 0.1 0.08)
(4.05 0.1 0.08)
(4.1 0.1 0.08)
(4.15 0.1 0.08)
(4.2 0.1 0.08)
(4.25 0.1 0.08)
(4.3 0.1 0.08)
(4.35 0.1 0.08)
(4.4 0.1 0.08)
(4.45 0.1 0.08)
(4.5 0.1 0.08)
(4.55 0.1 0.08)
(4.6 0.1 0.08)
(4.65 0.1 0.08)
(4.7 0.1 0.08)
(4.75 0.1 0.08)
(4.8 0.1 0.08)
(4.85 0.1 0.08)
(4.9 0.1 0.08)
(4.95 0.1 0.08)
(5 0.1 0.08)
(5.05 0.1 0.08)
(5.1 0.1 0.08)
(5.15 0.1 0.08)
(5.2 0.1 0.08)
(5.25 0.1 0.08)
(5.3 0.1 0.08)
(5.35 0.1 0.08)
(5.4 0.1 0.08)
(5.45 0.1 0.08)
(5.5 0.1 0.08)
(5.55 0.1 0.08)
(5.6 0.1 0.08)
(5.65 0.1 0.08)
(5.7 0.1 0.08)
(5.75 0.1 0.08)
(5.8 0.1 0.08)
(5.85 0.1 0.08)
(5.9 0.1 0.08)
(5.95 0.1 0.08)
(6 0.1 0.08)
(6.05 0.1 0.08)
(6.1 0.1 0.08)
(6.15 0.1 0.08)
(6.2 0.1 0.08)
(6.25 0.1 0.08)
(6.3 0.1 0.08)
(6.35 0.1 0.08)
(6.4 0.1 0.08)
(6.45 0.1 0.08)
(6.5 0.1 0.08)
(6.55 0.1 0.08)
(6.6 0.1 0.08)
(6.65 0.1 0.08)
(6.7 0.1 0.08)
(6.75 0.1 0.08)
(6.8 0.1 0.08)
(6.85 0.1 0.08)
(6.9 0.1 0.08)
(6.95 0.1 0.08)
(7 0.1 0.08)
(7.05 0.1 0.08)
(7.1 0.1 0.08)
(7.15 0.1 0.08)
(7.2 0.1 0.08)
(7.25 0.1 0.08)
(7.3 0.1 0.08)
(7.35 0.1 0.08)
(7.4 0.1 0.08)
(7.45 0.1 0.08)
(7.5 0.1 0.08)
(7.55 0.1 0.08)
(7.6 0.1 0.08)
(7.65 0.1 0.08)
(7.7 0.1 0.08)
(7.75 0.1 0.08)
(7.8 0.1 0.08)
(7.85 0.1 0.08)
(7.9 0.1 0.08)
(7.95 0.1 0.08)
(8 0.1 0.08)
(8.05 0.1 0.08)
(8.1 0.1 0.08)
(8.15 0.1 0.08)
(8.2 0.1 0.08)
(8.25 0.1 0.08)
(8.3 0.1 0.08)
(8.35 0.1 0.08)
(8.4 0.1 0.08)
(8.45 0.1 0.08)
(8.5 0.1 0.08)
(8.55 0.1 0.08)
(8.6 0.1 0.08)
(8.65 0.1 0.08)
(8.7 0.1 0.08)
(8.75 0.1 0.08)
(8.8 0.1 0.08)
(8.85 0.1 0.08)
(8.9 0.1 0.08)
(8.95 0.1 0.08)
(9 0.1 0.08)
(9.05 0.1 0.08)
(9.1 0.1 0.08)
(9.15 0.1 0.08)
(9.2 0.1 0.08)
(9.25 0.1 0.08)
(9.3 0.1 0.08)
(9.35 0.1 0.08)
(9.4 0.1 0.08)
(9.45 0.1 0.08)
(9.5 0.1 0.08)
(9.55 0.1 0.08)
(9.6 0.1 0.08)
(9.65 0.1 0.08)
(9.7 0.1 0.08)
(9.75 0.1 0.08)
(9.8 0.1 0.08)
(9.85 0.1 0.08)
(9.9 0.1 0.08)
(9.95 0.1 0.08)
(10 0.1 0.08)
(0 0.15 0.08)
(0.05 0.15 0.08)
(0.1 0.15 0.08)
(0.15 0.15 0.08)
(0.2 0.15 0.08)
(0.25 0.15 0.08)
(0.3 0.15 0.08)
(0.35 0.15 0.08)
(0.4 0.15 0.08)
(0.45 0.15 0.08)
(0.5 0.15 0.08)
(0.55 0.15 0.08)
(0.6 0.15 0.08)
(0.65 0.15 0.08)
(0.7 0.15 0.08)
(0.75 0.15 0.08)
(0.8 0.15 0.08)
(0.85 0.15 0.08)
(0.9 0.15 0.08)
(0.95 0.15 0.08)
(1 0.15 0.08)
(1.05 0.15 0.08)
(1.1 0.15 0.08)
(1.15 0.15 0.08)
(1.2 0.15 0.08)
(1.25 0.15 0.08)
(1.3 0.15 0.08)
(1.35 0.15 0.08)
(1.4 0.15 0.08)
(1.45 0.15 0.08)
(1.5 0.15 0.08)
(1.55 0.15 0.08)
(1.6 0.15 0.08)
(1.65 0.15 0.08)
(1.7 0.15 0.08)
(1.75 0.15 0.08)
(1.8 0.15 0.08)
(1.85 0.15 0.08)
(1.9 0.15 0.08)
(1.95 0.15 0.08)
(2 0.15 0.08)
(2.05 0.15 0.08)
(2.1 0.15 0.08)
(2.15 0.15 0.08)
(2.2 0.15 0.08)
(2.25 0.15 0.08)
(2.3 0.15 0.08)
(2.35 0.15 0.08)
(2.4 0.15 0.08)
(2.45 0.15 0.08)
(2.5 0.15 0.08)
(2.55 0.15 0.08)
(2.6 0.15 0.08)
(2.65 0.15 0.08)
(2.7 0.15 0.08)
(2.75 0.15 0.08)
(2.8 0.15 0.08)
(2.85 0.15 0.08)
(2.9 0.15 0.08)
(2.95 0.15 0.08)
(3 0.15 0.08)
(3.05 0.15 0.08)
(3.1 0.15 0.08)
(3.15 0.15 0.08)
(3.2 0.15 0.08)
(3.25 0.15 0.08)
(3.3 0.15 0.08)
(3.35 0.15 0.08)
(3.4 0.15 0.08)
(3.45 0.15 0.08)
(3.5 0.15 0.08)
(3.55 0.15 0.08)
(3.6 0.15 0.08)
(3.65 0.15 0.08)
(3.7 0.15 0.08)
(3.75 0.15 0.08)
(3.8 0.15 0.08)
(3.85 0.15 0.08)
(3.9 0.15 0.08)
(3.95 0.15 0.08)
(4 0.15 0.08)
(4.05 0.15 0.08)
(4.1 0.15 0.08)
(4.15 0.15 0.08)
(4.2 0.15 0.08)
(4.25 0.15 0.08)
(4.3 0.15 0.08)
(4.35 0.15 0.08)
(4.4 0.15 0.08)
(4.45 0.15 0.08)
(4.5 0.15 0.08)
(4.55 0.15 0.08)
(4.6 0.15 0.08)
(4.65 0.15 0.08)
(4.7 0.15 0.08)
(4.75 0.15 0.08)
(4.8 0.15 0.08)
(4.85 0.15 0.08)
(4.9 0.15 0.08)
(4.95 0.15 0.08)
(5 0.15 0.08)
(5.05 0.15 0.08)
(5.1 0.15 0.08)
(5.15 0.15 0.08)
(5.2 0.15 0.08)
(5.25 0.15 0.08)
(5.3 0.15 0.08)
(5.35 0.15 0.08)
(5.4 0.15 0.08)
(5.45 0.15 0.08)
(5.5 0.15 0.08)
(5.55 0.15 0.08)
(5.6 0.15 0.08)
(5.65 0.15 0.08)
(5.7 0.15 0.08)
(5.75 0.15 0.08)
(5.8 0.15 0.08)
(5.85 0.15 0.08)
(5.9 0.15 0.08)
(5.95 0.15 0.08)
(6 0.15 0.08)
(6.05 0.15 0.08)
(6.1 0.15 0.08)
(6.15 0.15 0.08)
(6.2 0.15 0.08)
(6.25 0.15 0.08)
(6.3 0.15 0.08)
(6.35 0.15 0.08)
(6.4 0.15 0.08)
(6.45 0.15 0.08)
(6.5 0.15 0.08)
(6.55 0.15 0.08)
(6.6 0.15 0.08)
(6.65 0.15 0.08)
(6.7 0.15 0.08)
(6.75 0.15 0.08)
(6.8 0.15 0.08)
(6.85 0.15 0.08)
(6.9 0.15 0.08)
(6.95 0.15 0.08)
(7 0.15 0.08)
(7.05 0.15 0.08)
(7.1 0.15 0.08)
(7.15 0.15 0.08)
(7.2 0.15 0.08)
(7.25 0.15 0.08)
(7.3 0.15 0.08)
(7.35 0.15 0.08)
(7.4 0.15 0.08)
(7.45 0.15 0.08)
(7.5 0.15 0.08)
(7.55 0.15 0.08)
(7.6 0.15 0.08)
(7.65 0.15 0.08)
(7.7 0.15 0.08)
(7.75 0.15 0.08)
(7.8 0.15 0.08)
(7.85 0.15 0.08)
(7.9 0.15 0.08)
(7.95 0.15 0.08)
(8 0.15 0.08)
(8.05 0.15 0.08)
(8.1 0.15 0.08)
(8.15 0.15 0.08)
(8.2 0.15 0.08)
(8.25 0.15 0.08)
(8.3 0.15 0.08)
(8.35 0.15 0.08)
(8.4 0.15 0.08)
(8.45 0.15 0.08)
(8.5 0.15 0.08)
(8.55 0.15 0.08)
(8.6 0.15 0.08)
(8.65 0.15 0.08)
(8.7 0.15 0.08)
(8.75 0.15 0.08)
(8.8 0.15 0.08)
(8.85 0.15 0.08)
(8.9 0.15 0.08)
(8.95 0.15 0.08)
(9 0.15 0.08)
(9.05 0.15 0.08)
(9.1 0.15 0.08)
(9.15 0.15 0.08)
(9.2 0.15 0.08)
(9.25 0.15 0.08)
(9.3 0.15 0.08)
(9.35 0.15 0.08)
(9.4 0.15 0.08)
(9.45 0.15 0.08)
(9.5 0.15 0.08)
(9.55 0.15 0.08)
(9.6 0.15 0.08)
(9.65 0.15 0.08)
(9.7 0.15 0.08)
(9.75 0.15 0.08)
(9.8 0.15 0.08)
(9.85 0.15 0.08)
(9.9 0.15 0.08)
(9.95 0.15 0.08)
(10 0.15 0.08)
(0 0.2 0.08)
(0.05 0.2 0.08)
(0.1 0.2 0.08)
(0.15 0.2 0.08)
(0.2 0.2 0.08)
(0.25 0.2 0.08)
(0.3 0.2 0.08)
(0.35 0.2 0.08)
(0.4 0.2 0.08)
(0.45 0.2 0.08)
(0.5 0.2 0.08)
(0.55 0.2 0.08)
(0.6 0.2 0.08)
(0.65 0.2 0.08)
(0.7 0.2 0.08)
(0.75 0.2 0.08)
(0.8 0.2 0.08)
(0.85 0.2 0.08)
(0.9 0.2 0.08)
(0.95 0.2 0.08)
(1 0.2 0.08)
(1.05 0.2 0.08)
(1.1 0.2 0.08)
(1.15 0.2 0.08)
(1.2 0.2 0.08)
(1.25 0.2 0.08)
(1.3 0.2 0.08)
(1.35 0.2 0.08)
(1.4 0.2 0.08)
(1.45 0.2 0.08)
(1.5 0.2 0.08)
(1.55 0.2 0.08)
(1.6 0.2 0.08)
(1.65 0.2 0.08)
(1.7 0.2 0.08)
(1.75 0.2 0.08)
(1.8 0.2 0.08)
(1.85 0.2 0.08)
(1.9 0.2 0.08)
(1.95 0.2 0.08)
(2 0.2 0.08)
(2.05 0.2 0.08)
(2.1 0.2 0.08)
(2.15 0.2 0.08)
(2.2 0.2 0.08)
(2.25 0.2 0.08)
(2.3 0.2 0.08)
(2.35 0.2 0.08)
(2.4 0.2 0.08)
(2.45 0.2 0.08)
(2.5 0.2 0.08)
(2.55 0.2 0.08)
(2.6 0.2 0.08)
(2.65 0.2 0.08)
(2.7 0.2 0.08)
(2.75 0.2 0.08)
(2.8 0.2 0.08)
(2.85 0.2 0.08)
(2.9 0.2 0.08)
(2.95 0.2 0.08)
(3 0.2 0.08)
(3.05 0.2 0.08)
(3.1 0.2 0.08)
(3.15 0.2 0.08)
(3.2 0.2 0.08)
(3.25 0.2 0.08)
(3.3 0.2 0.08)
(3.35 0.2 0.08)
(3.4 0.2 0.08)
(3.45 0.2 0.08)
(3.5 0.2 0.08)
(3.55 0.2 0.08)
(3.6 0.2 0.08)
(3.65 0.2 0.08)
(3.7 0.2 0.08)
(3.75 0.2 0.08)
(3.8 0.2 0.08)
(3.85 0.2 0.08)
(3.9 0.2 0.08)
(3.95 0.2 0.08)
(4 0.2 0.08)
(4.05 0.2 0.08)
(4.1 0.2 0.08)
(4.15 0.2 0.08)
(4.2 0.2 0.08)
(4.25 0.2 0.08)
(4.3 0.2 0.08)
(4.35 0.2 0.08)
(4.4 0.2 0.08)
(4.45 0.2 0.08)
(4.5 0.2 0.08)
(4.55 0.2 0.08)
(4.6 0.2 0.08)
(4.65 0.2 0.08)
(4.7 0.2 0.08)
(4.75 0.2 0.08)
(4.8 0.2 0.08)
(4.85 0.2 0.08)
(4.9 0.2 0.08)
(4.95 0.2 0.08)
(5 0.2 0.08)
(5.05 0.2 0.08)
(5.1 0.2 0.08)
(5.15 0.2 0.08)
(5.2 0.2 0.08)
(5.25 0.2 0.08)
(5.3 0.2 0.08)
(5.35 0.2 0.08)
(5.4 0.2 0.08)
(5.45 0.2 0.08)
(5.5 0.2 0.08)
(5.55 0.2 0.08)
(5.6 0.2 0.08)
(5.65 0.2 0.08)
(5.7 0.2 0.08)
(5.75 0.2 0.08)
(5.8 0.2 0.08)
(5.85 0.2 0.08)
(5.9 0.2 0.08)
(5.95 0.2 0.08)
(6 0.2 0.08)
(6.05 0.2 0.08)
(6.1 0.2 0.08)
(6.15 0.2 0.08)
(6.2 0.2 0.08)
(6.25 0.2 0.08)
(6.3 0.2 0.08)
(6.35 0.2 0.08)
(6.4 0.2 0.08)
(6.45 0.2 0.08)
(6.5 0.2 0.08)
(6.55 0.2 0.08)
(6.6 0.2 0.08)
(6.65 0.2 0.08)
(6.7 0.2 0.08)
(6.75 0.2 0.08)
(6.8 0.2 0.08)
(6.85 0.2 0.08)
(6.9 0.2 0.08)
(6.95 0.2 0.08)
(7 0.2 0.08)
(7.05 0.2 0.08)
(7.1 0.2 0.08)
(7.15 0.2 0.08)
(7.2 0.2 0.08)
(7.25 0.2 0.08)
(7.3 0.2 0.08)
(7.35 0.2 0.08)
(7.4 0.2 0.08)
(7.45 0.2 0.08)
(7.5 0.2 0.08)
(7.55 0.2 0.08)
(7.6 0.2 0.08)
(7.65 0.2 0.08)
(7.7 0.2 0.08)
(7.75 0.2 0.08)
(7.8 0.2 0.08)
(7.85 0.2 0.08)
(7.9 0.2 0.08)
(7.95 0.2 0.08)
(8 0.2 0.08)
(8.05 0.2 0.08)
(8.1 0.2 0.08)
(8.15 0.2 0.08)
(8.2 0.2 0.08)
(8.25 0.2 0.08)
(8.3 0.2 0.08)
(8.35 0.2 0.08)
(8.4 0.2 0.08)
(8.45 0.2 0.08)
(8.5 0.2 0.08)
(8.55 0.2 0.08)
(8.6 0.2 0.08)
(8.65 0.2 0.08)
(8.7 0.2 0.08)
(8.75 0.2 0.08)
(8.8 0.2 0.08)
(8.85 0.2 0.08)
(8.9 0.2 0.08)
(8.95 0.2 0.08)
(9 0.2 0.08)
(9.05 0.2 0.08)
(9.1 0.2 0.08)
(9.15 0.2 0.08)
(9.2 0.2 0.08)
(9.25 0.2 0.08)
(9.3 0.2 0.08)
(9.35 0.2 0.08)
(9.4 0.2 0.08)
(9.45 0.2 0.08)
(9.5 0.2 0.08)
(9.55 0.2 0.08)
(9.6 0.2 0.08)
(9.65 0.2 0.08)
(9.7 0.2 0.08)
(9.75 0.2 0.08)
(9.8 0.2 0.08)
(9.85 0.2 0.08)
(9.9 0.2 0.08)
(9.95 0.2 0.08)
(10 0.2 0.08)
(0 0.25 0.08)
(0.05 0.25 0.08)
(0.1 0.25 0.08)
(0.15 0.25 0.08)
(0.2 0.25 0.08)
(0.25 0.25 0.08)
(0.3 0.25 0.08)
(0.35 0.25 0.08)
(0.4 0.25 0.08)
(0.45 0.25 0.08)
(0.5 0.25 0.08)
(0.55 0.25 0.08)
(0.6 0.25 0.08)
(0.65 0.25 0.08)
(0.7 0.25 0.08)
(0.75 0.25 0.08)
(0.8 0.25 0.08)
(0.85 0.25 0.08)
(0.9 0.25 0.08)
(0.95 0.25 0.08)
(1 0.25 0.08)
(1.05 0.25 0.08)
(1.1 0.25 0.08)
(1.15 0.25 0.08)
(1.2 0.25 0.08)
(1.25 0.25 0.08)
(1.3 0.25 0.08)
(1.35 0.25 0.08)
(1.4 0.25 0.08)
(1.45 0.25 0.08)
(1.5 0.25 0.08)
(1.55 0.25 0.08)
(1.6 0.25 0.08)
(1.65 0.25 0.08)
(1.7 0.25 0.08)
(1.75 0.25 0.08)
(1.8 0.25 0.08)
(1.85 0.25 0.08)
(1.9 0.25 0.08)
(1.95 0.25 0.08)
(2 0.25 0.08)
(2.05 0.25 0.08)
(2.1 0.25 0.08)
(2.15 0.25 0.08)
(2.2 0.25 0.08)
(2.25 0.25 0.08)
(2.3 0.25 0.08)
(2.35 0.25 0.08)
(2.4 0.25 0.08)
(2.45 0.25 0.08)
(2.5 0.25 0.08)
(2.55 0.25 0.08)
(2.6 0.25 0.08)
(2.65 0.25 0.08)
(2.7 0.25 0.08)
(2.75 0.25 0.08)
(2.8 0.25 0.08)
(2.85 0.25 0.08)
(2.9 0.25 0.08)
(2.95 0.25 0.08)
(3 0.25 0.08)
(3.05 0.25 0.08)
(3.1 0.25 0.08)
(3.15 0.25 0.08)
(3.2 0.25 0.08)
(3.25 0.25 0.08)
(3.3 0.25 0.08)
(3.35 0.25 0.08)
(3.4 0.25 0.08)
(3.45 0.25 0.08)
(3.5 0.25 0.08)
(3.55 0.25 0.08)
(3.6 0.25 0.08)
(3.65 0.25 0.08)
(3.7 0.25 0.08)
(3.75 0.25 0.08)
(3.8 0.25 0.08)
(3.85 0.25 0.08)
(3.9 0.25 0.08)
(3.95 0.25 0.08)
(4 0.25 0.08)
(4.05 0.25 0.08)
(4.1 0.25 0.08)
(4.15 0.25 0.08)
(4.2 0.25 0.08)
(4.25 0.25 0.08)
(4.3 0.25 0.08)
(4.35 0.25 0.08)
(4.4 0.25 0.08)
(4.45 0.25 0.08)
(4.5 0.25 0.08)
(4.55 0.25 0.08)
(4.6 0.25 0.08)
(4.65 0.25 0.08)
(4.7 0.25 0.08)
(4.75 0.25 0.08)
(4.8 0.25 0.08)
(4.85 0.25 0.08)
(4.9 0.25 0.08)
(4.95 0.25 0.08)
(5 0.25 0.08)
(5.05 0.25 0.08)
(5.1 0.25 0.08)
(5.15 0.25 0.08)
(5.2 0.25 0.08)
(5.25 0.25 0.08)
(5.3 0.25 0.08)
(5.35 0.25 0.08)
(5.4 0.25 0.08)
(5.45 0.25 0.08)
(5.5 0.25 0.08)
(5.55 0.25 0.08)
(5.6 0.25 0.08)
(5.65 0.25 0.08)
(5.7 0.25 0.08)
(5.75 0.25 0.08)
(5.8 0.25 0.08)
(5.85 0.25 0.08)
(5.9 0.25 0.08)
(5.95 0.25 0.08)
(6 0.25 0.08)
(6.05 0.25 0.08)
(6.1 0.25 0.08)
(6.15 0.25 0.08)
(6.2 0.25 0.08)
(6.25 0.25 0.08)
(6.3 0.25 0.08)
(6.35 0.25 0.08)
(6.4 0.25 0.08)
(6.45 0.25 0.08)
(6.5 0.25 0.08)
(6.55 0.25 0.08)
(6.6 0.25 0.08)
(6.65 0.25 0.08)
(6.7 0.25 0.08)
(6.75 0.25 0.08)
(6.8 0.25 0.08)
(6.85 0.25 0.08)
(6.9 0.25 0.08)
(6.95 0.25 0.08)
(7 0.25 0.08)
(7.05 0.25 0.08)
(7.1 0.25 0.08)
(7.15 0.25 0.08)
(7.2 0.25 0.08)
(7.25 0.25 0.08)
(7.3 0.25 0.08)
(7.35 0.25 0.08)
(7.4 0.25 0.08)
(7.45 0.25 0.08)
(7.5 0.25 0.08)
(7.55 0.25 0.08)
(7.6 0.25 0.08)
(7.65 0.25 0.08)
(7.7 0.25 0.08)
(7.75 0.25 0.08)
(7.8 0.25 0.08)
(7.85 0.25 0.08)
(7.9 0.25 0.08)
(7.95 0.25 0.08)
(8 0.25 0.08)
(8.05 0.25 0.08)
(8.1 0.25 0.08)
(8.15 0.25 0.08)
(8.2 0.25 0.08)
(8.25 0.25 0.08)
(8.3 0.25 0.08)
(8.35 0.25 0.08)
(8.4 0.25 0.08)
(8.45 0.25 0.08)
(8.5 0.25 0.08)
(8.55 0.25 0.08)
(8.6 0.25 0.08)
(8.65 0.25 0.08)
(8.7 0.25 0.08)
(8.75 0.25 0.08)
(8.8 0.25 0.08)
(8.85 0.25 0.08)
(8.9 0.25 0.08)
(8.95 0.25 0.08)
(9 0.25 0.08)
(9.05 0.25 0.08)
(9.1 0.25 0.08)
(9.15 0.25 0.08)
(9.2 0.25 0.08)
(9.25 0.25 0.08)
(9.3 0.25 0.08)
(9.35 0.25 0.08)
(9.4 0.25 0.08)
(9.45 0.25 0.08)
(9.5 0.25 0.08)
(9.55 0.25 0.08)
(9.6 0.25 0.08)
(9.65 0.25 0.08)
(9.7 0.25 0.08)
(9.75 0.25 0.08)
(9.8 0.25 0.08)
(9.85 0.25 0.08)
(9.9 0.25 0.08)
(9.95 0.25 0.08)
(10 0.25 0.08)
(0 0.3 0.08)
(0.05 0.3 0.08)
(0.1 0.3 0.08)
(0.15 0.3 0.08)
(0.2 0.3 0.08)
(0.25 0.3 0.08)
(0.3 0.3 0.08)
(0.35 0.3 0.08)
(0.4 0.3 0.08)
(0.45 0.3 0.08)
(0.5 0.3 0.08)
(0.55 0.3 0.08)
(0.6 0.3 0.08)
(0.65 0.3 0.08)
(0.7 0.3 0.08)
(0.75 0.3 0.08)
(0.8 0.3 0.08)
(0.85 0.3 0.08)
(0.9 0.3 0.08)
(0.95 0.3 0.08)
(1 0.3 0.08)
(1.05 0.3 0.08)
(1.1 0.3 0.08)
(1.15 0.3 0.08)
(1.2 0.3 0.08)
(1.25 0.3 0.08)
(1.3 0.3 0.08)
(1.35 0.3 0.08)
(1.4 0.3 0.08)
(1.45 0.3 0.08)
(1.5 0.3 0.08)
(1.55 0.3 0.08)
(1.6 0.3 0.08)
(1.65 0.3 0.08)
(1.7 0.3 0.08)
(1.75 0.3 0.08)
(1.8 0.3 0.08)
(1.85 0.3 0.08)
(1.9 0.3 0.08)
(1.95 0.3 0.08)
(2 0.3 0.08)
(2.05 0.3 0.08)
(2.1 0.3 0.08)
(2.15 0.3 0.08)
(2.2 0.3 0.08)
(2.25 0.3 0.08)
(2.3 0.3 0.08)
(2.35 0.3 0.08)
(2.4 0.3 0.08)
(2.45 0.3 0.08)
(2.5 0.3 0.08)
(2.55 0.3 0.08)
(2.6 0.3 0.08)
(2.65 0.3 0.08)
(2.7 0.3 0.08)
(2.75 0.3 0.08)
(2.8 0.3 0.08)
(2.85 0.3 0.08)
(2.9 0.3 0.08)
(2.95 0.3 0.08)
(3 0.3 0.08)
(3.05 0.3 0.08)
(3.1 0.3 0.08)
(3.15 0.3 0.08)
(3.2 0.3 0.08)
(3.25 0.3 0.08)
(3.3 0.3 0.08)
(3.35 0.3 0.08)
(3.4 0.3 0.08)
(3.45 0.3 0.08)
(3.5 0.3 0.08)
(3.55 0.3 0.08)
(3.6 0.3 0.08)
(3.65 0.3 0.08)
(3.7 0.3 0.08)
(3.75 0.3 0.08)
(3.8 0.3 0.08)
(3.85 0.3 0.08)
(3.9 0.3 0.08)
(3.95 0.3 0.08)
(4 0.3 0.08)
(4.05 0.3 0.08)
(4.1 0.3 0.08)
(4.15 0.3 0.08)
(4.2 0.3 0.08)
(4.25 0.3 0.08)
(4.3 0.3 0.08)
(4.35 0.3 0.08)
(4.4 0.3 0.08)
(4.45 0.3 0.08)
(4.5 0.3 0.08)
(4.55 0.3 0.08)
(4.6 0.3 0.08)
(4.65 0.3 0.08)
(4.7 0.3 0.08)
(4.75 0.3 0.08)
(4.8 0.3 0.08)
(4.85 0.3 0.08)
(4.9 0.3 0.08)
(4.95 0.3 0.08)
(5 0.3 0.08)
(5.05 0.3 0.08)
(5.1 0.3 0.08)
(5.15 0.3 0.08)
(5.2 0.3 0.08)
(5.25 0.3 0.08)
(5.3 0.3 0.08)
(5.35 0.3 0.08)
(5.4 0.3 0.08)
(5.45 0.3 0.08)
(5.5 0.3 0.08)
(5.55 0.3 0.08)
(5.6 0.3 0.08)
(5.65 0.3 0.08)
(5.7 0.3 0.08)
(5.75 0.3 0.08)
(5.8 0.3 0.08)
(5.85 0.3 0.08)
(5.9 0.3 0.08)
(5.95 0.3 0.08)
(6 0.3 0.08)
(6.05 0.3 0.08)
(6.1 0.3 0.08)
(6.15 0.3 0.08)
(6.2 0.3 0.08)
(6.25 0.3 0.08)
(6.3 0.3 0.08)
(6.35 0.3 0.08)
(6.4 0.3 0.08)
(6.45 0.3 0.08)
(6.5 0.3 0.08)
(6.55 0.3 0.08)
(6.6 0.3 0.08)
(6.65 0.3 0.08)
(6.7 0.3 0.08)
(6.75 0.3 0.08)
(6.8 0.3 0.08)
(6.85 0.3 0.08)
(6.9 0.3 0.08)
(6.95 0.3 0.08)
(7 0.3 0.08)
(7.05 0.3 0.08)
(7.1 0.3 0.08)
(7.15 0.3 0.08)
(7.2 0.3 0.08)
(7.25 0.3 0.08)
(7.3 0.3 0.08)
(7.35 0.3 0.08)
(7.4 0.3 0.08)
(7.45 0.3 0.08)
(7.5 0.3 0.08)
(7.55 0.3 0.08)
(7.6 0.3 0.08)
(7.65 0.3 0.08)
(7.7 0.3 0.08)
(7.75 0.3 0.08)
(7.8 0.3 0.08)
(7.85 0.3 0.08)
(7.9 0.3 0.08)
(7.95 0.3 0.08)
(8 0.3 0.08)
(8.05 0.3 0.08)
(8.1 0.3 0.08)
(8.15 0.3 0.08)
(8.2 0.3 0.08)
(8.25 0.3 0.08)
(8.3 0.3 0.08)
(8.35 0.3 0.08)
(8.4 0.3 0.08)
(8.45 0.3 0.08)
(8.5 0.3 0.08)
(8.55 0.3 0.08)
(8.6 0.3 0.08)
(8.65 0.3 0.08)
(8.7 0.3 0.08)
(8.75 0.3 0.08)
(8.8 0.3 0.08)
(8.85 0.3 0.08)
(8.9 0.3 0.08)
(8.95 0.3 0.08)
(9 0.3 0.08)
(9.05 0.3 0.08)
(9.1 0.3 0.08)
(9.15 0.3 0.08)
(9.2 0.3 0.08)
(9.25 0.3 0.08)
(9.3 0.3 0.08)
(9.35 0.3 0.08)
(9.4 0.3 0.08)
(9.45 0.3 0.08)
(9.5 0.3 0.08)
(9.55 0.3 0.08)
(9.6 0.3 0.08)
(9.65 0.3 0.08)
(9.7 0.3 0.08)
(9.75 0.3 0.08)
(9.8 0.3 0.08)
(9.85 0.3 0.08)
(9.9 0.3 0.08)
(9.95 0.3 0.08)
(10 0.3 0.08)
(0 0.35 0.08)
(0.05 0.35 0.08)
(0.1 0.35 0.08)
(0.15 0.35 0.08)
(0.2 0.35 0.08)
(0.25 0.35 0.08)
(0.3 0.35 0.08)
(0.35 0.35 0.08)
(0.4 0.35 0.08)
(0.45 0.35 0.08)
(0.5 0.35 0.08)
(0.55 0.35 0.08)
(0.6 0.35 0.08)
(0.65 0.35 0.08)
(0.7 0.35 0.08)
(0.75 0.35 0.08)
(0.8 0.35 0.08)
(0.85 0.35 0.08)
(0.9 0.35 0.08)
(0.95 0.35 0.08)
(1 0.35 0.08)
(1.05 0.35 0.08)
(1.1 0.35 0.08)
(1.15 0.35 0.08)
(1.2 0.35 0.08)
(1.25 0.35 0.08)
(1.3 0.35 0.08)
(1.35 0.35 0.08)
(1.4 0.35 0.08)
(1.45 0.35 0.08)
(1.5 0.35 0.08)
(1.55 0.35 0.08)
(1.6 0.35 0.08)
(1.65 0.35 0.08)
(1.7 0.35 0.08)
(1.75 0.35 0.08)
(1.8 0.35 0.08)
(1.85 0.35 0.08)
(1.9 0.35 0.08)
(1.95 0.35 0.08)
(2 0.35 0.08)
(2.05 0.35 0.08)
(2.1 0.35 0.08)
(2.15 0.35 0.08)
(2.2 0.35 0.08)
(2.25 0.35 0.08)
(2.3 0.35 0.08)
(2.35 0.35 0.08)
(2.4 0.35 0.08)
(2.45 0.35 0.08)
(2.5 0.35 0.08)
(2.55 0.35 0.08)
(2.6 0.35 0.08)
(2.65 0.35 0.08)
(2.7 0.35 0.08)
(2.75 0.35 0.08)
(2.8 0.35 0.08)
(2.85 0.35 0.08)
(2.9 0.35 0.08)
(2.95 0.35 0.08)
(3 0.35 0.08)
(3.05 0.35 0.08)
(3.1 0.35 0.08)
(3.15 0.35 0.08)
(3.2 0.35 0.08)
(3.25 0.35 0.08)
(3.3 0.35 0.08)
(3.35 0.35 0.08)
(3.4 0.35 0.08)
(3.45 0.35 0.08)
(3.5 0.35 0.08)
(3.55 0.35 0.08)
(3.6 0.35 0.08)
(3.65 0.35 0.08)
(3.7 0.35 0.08)
(3.75 0.35 0.08)
(3.8 0.35 0.08)
(3.85 0.35 0.08)
(3.9 0.35 0.08)
(3.95 0.35 0.08)
(4 0.35 0.08)
(4.05 0.35 0.08)
(4.1 0.35 0.08)
(4.15 0.35 0.08)
(4.2 0.35 0.08)
(4.25 0.35 0.08)
(4.3 0.35 0.08)
(4.35 0.35 0.08)
(4.4 0.35 0.08)
(4.45 0.35 0.08)
(4.5 0.35 0.08)
(4.55 0.35 0.08)
(4.6 0.35 0.08)
(4.65 0.35 0.08)
(4.7 0.35 0.08)
(4.75 0.35 0.08)
(4.8 0.35 0.08)
(4.85 0.35 0.08)
(4.9 0.35 0.08)
(4.95 0.35 0.08)
(5 0.35 0.08)
(5.05 0.35 0.08)
(5.1 0.35 0.08)
(5.15 0.35 0.08)
(5.2 0.35 0.08)
(5.25 0.35 0.08)
(5.3 0.35 0.08)
(5.35 0.35 0.08)
(5.4 0.35 0.08)
(5.45 0.35 0.08)
(5.5 0.35 0.08)
(5.55 0.35 0.08)
(5.6 0.35 0.08)
(5.65 0.35 0.08)
(5.7 0.35 0.08)
(5.75 0.35 0.08)
(5.8 0.35 0.08)
(5.85 0.35 0.08)
(5.9 0.35 0.08)
(5.95 0.35 0.08)
(6 0.35 0.08)
(6.05 0.35 0.08)
(6.1 0.35 0.08)
(6.15 0.35 0.08)
(6.2 0.35 0.08)
(6.25 0.35 0.08)
(6.3 0.35 0.08)
(6.35 0.35 0.08)
(6.4 0.35 0.08)
(6.45 0.35 0.08)
(6.5 0.35 0.08)
(6.55 0.35 0.08)
(6.6 0.35 0.08)
(6.65 0.35 0.08)
(6.7 0.35 0.08)
(6.75 0.35 0.08)
(6.8 0.35 0.08)
(6.85 0.35 0.08)
(6.9 0.35 0.08)
(6.95 0.35 0.08)
(7 0.35 0.08)
(7.05 0.35 0.08)
(7.1 0.35 0.08)
(7.15 0.35 0.08)
(7.2 0.35 0.08)
(7.25 0.35 0.08)
(7.3 0.35 0.08)
(7.35 0.35 0.08)
(7.4 0.35 0.08)
(7.45 0.35 0.08)
(7.5 0.35 0.08)
(7.55 0.35 0.08)
(7.6 0.35 0.08)
(7.65 0.35 0.08)
(7.7 0.35 0.08)
(7.75 0.35 0.08)
(7.8 0.35 0.08)
(7.85 0.35 0.08)
(7.9 0.35 0.08)
(7.95 0.35 0.08)
(8 0.35 0.08)
(8.05 0.35 0.08)
(8.1 0.35 0.08)
(8.15 0.35 0.08)
(8.2 0.35 0.08)
(8.25 0.35 0.08)
(8.3 0.35 0.08)
(8.35 0.35 0.08)
(8.4 0.35 0.08)
(8.45 0.35 0.08)
(8.5 0.35 0.08)
(8.55 0.35 0.08)
(8.6 0.35 0.08)
(8.65 0.35 0.08)
(8.7 0.35 0.08)
(8.75 0.35 0.08)
(8.8 0.35 0.08)
(8.85 0.35 0.08)
(8.9 0.35 0.08)
(8.95 0.35 0.08)
(9 0.35 0.08)
(9.05 0.35 0.08)
(9.1 0.35 0.08)
(9.15 0.35 0.08)
(9.2 0.35 0.08)
(9.25 0.35 0.08)
(9.3 0.35 0.08)
(9.35 0.35 0.08)
(9.4 0.35 0.08)
(9.45 0.35 0.08)
(9.5 0.35 0.08)
(9.55 0.35 0.08)
(9.6 0.35 0.08)
(9.65 0.35 0.08)
(9.7 0.35 0.08)
(9.75 0.35 0.08)
(9.8 0.35 0.08)
(9.85 0.35 0.08)
(9.9 0.35 0.08)
(9.95 0.35 0.08)
(10 0.35 0.08)
(0 0.4 0.08)
(0.05 0.4 0.08)
(0.1 0.4 0.08)
(0.15 0.4 0.08)
(0.2 0.4 0.08)
(0.25 0.4 0.08)
(0.3 0.4 0.08)
(0.35 0.4 0.08)
(0.4 0.4 0.08)
(0.45 0.4 0.08)
(0.5 0.4 0.08)
(0.55 0.4 0.08)
(0.6 0.4 0.08)
(0.65 0.4 0.08)
(0.7 0.4 0.08)
(0.75 0.4 0.08)
(0.8 0.4 0.08)
(0.85 0.4 0.08)
(0.9 0.4 0.08)
(0.95 0.4 0.08)
(1 0.4 0.08)
(1.05 0.4 0.08)
(1.1 0.4 0.08)
(1.15 0.4 0.08)
(1.2 0.4 0.08)
(1.25 0.4 0.08)
(1.3 0.4 0.08)
(1.35 0.4 0.08)
(1.4 0.4 0.08)
(1.45 0.4 0.08)
(1.5 0.4 0.08)
(1.55 0.4 0.08)
(1.6 0.4 0.08)
(1.65 0.4 0.08)
(1.7 0.4 0.08)
(1.75 0.4 0.08)
(1.8 0.4 0.08)
(1.85 0.4 0.08)
(1.9 0.4 0.08)
(1.95 0.4 0.08)
(2 0.4 0.08)
(2.05 0.4 0.08)
(2.1 0.4 0.08)
(2.15 0.4 0.08)
(2.2 0.4 0.08)
(2.25 0.4 0.08)
(2.3 0.4 0.08)
(2.35 0.4 0.08)
(2.4 0.4 0.08)
(2.45 0.4 0.08)
(2.5 0.4 0.08)
(2.55 0.4 0.08)
(2.6 0.4 0.08)
(2.65 0.4 0.08)
(2.7 0.4 0.08)
(2.75 0.4 0.08)
(2.8 0.4 0.08)
(2.85 0.4 0.08)
(2.9 0.4 0.08)
(2.95 0.4 0.08)
(3 0.4 0.08)
(3.05 0.4 0.08)
(3.1 0.4 0.08)
(3.15 0.4 0.08)
(3.2 0.4 0.08)
(3.25 0.4 0.08)
(3.3 0.4 0.08)
(3.35 0.4 0.08)
(3.4 0.4 0.08)
(3.45 0.4 0.08)
(3.5 0.4 0.08)
(3.55 0.4 0.08)
(3.6 0.4 0.08)
(3.65 0.4 0.08)
(3.7 0.4 0.08)
(3.75 0.4 0.08)
(3.8 0.4 0.08)
(3.85 0.4 0.08)
(3.9 0.4 0.08)
(3.95 0.4 0.08)
(4 0.4 0.08)
(4.05 0.4 0.08)
(4.1 0.4 0.08)
(4.15 0.4 0.08)
(4.2 0.4 0.08)
(4.25 0.4 0.08)
(4.3 0.4 0.08)
(4.35 0.4 0.08)
(4.4 0.4 0.08)
(4.45 0.4 0.08)
(4.5 0.4 0.08)
(4.55 0.4 0.08)
(4.6 0.4 0.08)
(4.65 0.4 0.08)
(4.7 0.4 0.08)
(4.75 0.4 0.08)
(4.8 0.4 0.08)
(4.85 0.4 0.08)
(4.9 0.4 0.08)
(4.95 0.4 0.08)
(5 0.4 0.08)
(5.05 0.4 0.08)
(5.1 0.4 0.08)
(5.15 0.4 0.08)
(5.2 0.4 0.08)
(5.25 0.4 0.08)
(5.3 0.4 0.08)
(5.35 0.4 0.08)
(5.4 0.4 0.08)
(5.45 0.4 0.08)
(5.5 0.4 0.08)
(5.55 0.4 0.08)
(5.6 0.4 0.08)
(5.65 0.4 0.08)
(5.7 0.4 0.08)
(5.75 0.4 0.08)
(5.8 0.4 0.08)
(5.85 0.4 0.08)
(5.9 0.4 0.08)
(5.95 0.4 0.08)
(6 0.4 0.08)
(6.05 0.4 0.08)
(6.1 0.4 0.08)
(6.15 0.4 0.08)
(6.2 0.4 0.08)
(6.25 0.4 0.08)
(6.3 0.4 0.08)
(6.35 0.4 0.08)
(6.4 0.4 0.08)
(6.45 0.4 0.08)
(6.5 0.4 0.08)
(6.55 0.4 0.08)
(6.6 0.4 0.08)
(6.65 0.4 0.08)
(6.7 0.4 0.08)
(6.75 0.4 0.08)
(6.8 0.4 0.08)
(6.85 0.4 0.08)
(6.9 0.4 0.08)
(6.95 0.4 0.08)
(7 0.4 0.08)
(7.05 0.4 0.08)
(7.1 0.4 0.08)
(7.15 0.4 0.08)
(7.2 0.4 0.08)
(7.25 0.4 0.08)
(7.3 0.4 0.08)
(7.35 0.4 0.08)
(7.4 0.4 0.08)
(7.45 0.4 0.08)
(7.5 0.4 0.08)
(7.55 0.4 0.08)
(7.6 0.4 0.08)
(7.65 0.4 0.08)
(7.7 0.4 0.08)
(7.75 0.4 0.08)
(7.8 0.4 0.08)
(7.85 0.4 0.08)
(7.9 0.4 0.08)
(7.95 0.4 0.08)
(8 0.4 0.08)
(8.05 0.4 0.08)
(8.1 0.4 0.08)
(8.15 0.4 0.08)
(8.2 0.4 0.08)
(8.25 0.4 0.08)
(8.3 0.4 0.08)
(8.35 0.4 0.08)
(8.4 0.4 0.08)
(8.45 0.4 0.08)
(8.5 0.4 0.08)
(8.55 0.4 0.08)
(8.6 0.4 0.08)
(8.65 0.4 0.08)
(8.7 0.4 0.08)
(8.75 0.4 0.08)
(8.8 0.4 0.08)
(8.85 0.4 0.08)
(8.9 0.4 0.08)
(8.95 0.4 0.08)
(9 0.4 0.08)
(9.05 0.4 0.08)
(9.1 0.4 0.08)
(9.15 0.4 0.08)
(9.2 0.4 0.08)
(9.25 0.4 0.08)
(9.3 0.4 0.08)
(9.35 0.4 0.08)
(9.4 0.4 0.08)
(9.45 0.4 0.08)
(9.5 0.4 0.08)
(9.55 0.4 0.08)
(9.6 0.4 0.08)
(9.65 0.4 0.08)
(9.7 0.4 0.08)
(9.75 0.4 0.08)
(9.8 0.4 0.08)
(9.85 0.4 0.08)
(9.9 0.4 0.08)
(9.95 0.4 0.08)
(10 0.4 0.08)
(0 0.45 0.08)
(0.05 0.45 0.08)
(0.1 0.45 0.08)
(0.15 0.45 0.08)
(0.2 0.45 0.08)
(0.25 0.45 0.08)
(0.3 0.45 0.08)
(0.35 0.45 0.08)
(0.4 0.45 0.08)
(0.45 0.45 0.08)
(0.5 0.45 0.08)
(0.55 0.45 0.08)
(0.6 0.45 0.08)
(0.65 0.45 0.08)
(0.7 0.45 0.08)
(0.75 0.45 0.08)
(0.8 0.45 0.08)
(0.85 0.45 0.08)
(0.9 0.45 0.08)
(0.95 0.45 0.08)
(1 0.45 0.08)
(1.05 0.45 0.08)
(1.1 0.45 0.08)
(1.15 0.45 0.08)
(1.2 0.45 0.08)
(1.25 0.45 0.08)
(1.3 0.45 0.08)
(1.35 0.45 0.08)
(1.4 0.45 0.08)
(1.45 0.45 0.08)
(1.5 0.45 0.08)
(1.55 0.45 0.08)
(1.6 0.45 0.08)
(1.65 0.45 0.08)
(1.7 0.45 0.08)
(1.75 0.45 0.08)
(1.8 0.45 0.08)
(1.85 0.45 0.08)
(1.9 0.45 0.08)
(1.95 0.45 0.08)
(2 0.45 0.08)
(2.05 0.45 0.08)
(2.1 0.45 0.08)
(2.15 0.45 0.08)
(2.2 0.45 0.08)
(2.25 0.45 0.08)
(2.3 0.45 0.08)
(2.35 0.45 0.08)
(2.4 0.45 0.08)
(2.45 0.45 0.08)
(2.5 0.45 0.08)
(2.55 0.45 0.08)
(2.6 0.45 0.08)
(2.65 0.45 0.08)
(2.7 0.45 0.08)
(2.75 0.45 0.08)
(2.8 0.45 0.08)
(2.85 0.45 0.08)
(2.9 0.45 0.08)
(2.95 0.45 0.08)
(3 0.45 0.08)
(3.05 0.45 0.08)
(3.1 0.45 0.08)
(3.15 0.45 0.08)
(3.2 0.45 0.08)
(3.25 0.45 0.08)
(3.3 0.45 0.08)
(3.35 0.45 0.08)
(3.4 0.45 0.08)
(3.45 0.45 0.08)
(3.5 0.45 0.08)
(3.55 0.45 0.08)
(3.6 0.45 0.08)
(3.65 0.45 0.08)
(3.7 0.45 0.08)
(3.75 0.45 0.08)
(3.8 0.45 0.08)
(3.85 0.45 0.08)
(3.9 0.45 0.08)
(3.95 0.45 0.08)
(4 0.45 0.08)
(4.05 0.45 0.08)
(4.1 0.45 0.08)
(4.15 0.45 0.08)
(4.2 0.45 0.08)
(4.25 0.45 0.08)
(4.3 0.45 0.08)
(4.35 0.45 0.08)
(4.4 0.45 0.08)
(4.45 0.45 0.08)
(4.5 0.45 0.08)
(4.55 0.45 0.08)
(4.6 0.45 0.08)
(4.65 0.45 0.08)
(4.7 0.45 0.08)
(4.75 0.45 0.08)
(4.8 0.45 0.08)
(4.85 0.45 0.08)
(4.9 0.45 0.08)
(4.95 0.45 0.08)
(5 0.45 0.08)
(5.05 0.45 0.08)
(5.1 0.45 0.08)
(5.15 0.45 0.08)
(5.2 0.45 0.08)
(5.25 0.45 0.08)
(5.3 0.45 0.08)
(5.35 0.45 0.08)
(5.4 0.45 0.08)
(5.45 0.45 0.08)
(5.5 0.45 0.08)
(5.55 0.45 0.08)
(5.6 0.45 0.08)
(5.65 0.45 0.08)
(5.7 0.45 0.08)
(5.75 0.45 0.08)
(5.8 0.45 0.08)
(5.85 0.45 0.08)
(5.9 0.45 0.08)
(5.95 0.45 0.08)
(6 0.45 0.08)
(6.05 0.45 0.08)
(6.1 0.45 0.08)
(6.15 0.45 0.08)
(6.2 0.45 0.08)
(6.25 0.45 0.08)
(6.3 0.45 0.08)
(6.35 0.45 0.08)
(6.4 0.45 0.08)
(6.45 0.45 0.08)
(6.5 0.45 0.08)
(6.55 0.45 0.08)
(6.6 0.45 0.08)
(6.65 0.45 0.08)
(6.7 0.45 0.08)
(6.75 0.45 0.08)
(6.8 0.45 0.08)
(6.85 0.45 0.08)
(6.9 0.45 0.08)
(6.95 0.45 0.08)
(7 0.45 0.08)
(7.05 0.45 0.08)
(7.1 0.45 0.08)
(7.15 0.45 0.08)
(7.2 0.45 0.08)
(7.25 0.45 0.08)
(7.3 0.45 0.08)
(7.35 0.45 0.08)
(7.4 0.45 0.08)
(7.45 0.45 0.08)
(7.5 0.45 0.08)
(7.55 0.45 0.08)
(7.6 0.45 0.08)
(7.65 0.45 0.08)
(7.7 0.45 0.08)
(7.75 0.45 0.08)
(7.8 0.45 0.08)
(7.85 0.45 0.08)
(7.9 0.45 0.08)
(7.95 0.45 0.08)
(8 0.45 0.08)
(8.05 0.45 0.08)
(8.1 0.45 0.08)
(8.15 0.45 0.08)
(8.2 0.45 0.08)
(8.25 0.45 0.08)
(8.3 0.45 0.08)
(8.35 0.45 0.08)
(8.4 0.45 0.08)
(8.45 0.45 0.08)
(8.5 0.45 0.08)
(8.55 0.45 0.08)
(8.6 0.45 0.08)
(8.65 0.45 0.08)
(8.7 0.45 0.08)
(8.75 0.45 0.08)
(8.8 0.45 0.08)
(8.85 0.45 0.08)
(8.9 0.45 0.08)
(8.95 0.45 0.08)
(9 0.45 0.08)
(9.05 0.45 0.08)
(9.1 0.45 0.08)
(9.15 0.45 0.08)
(9.2 0.45 0.08)
(9.25 0.45 0.08)
(9.3 0.45 0.08)
(9.35 0.45 0.08)
(9.4 0.45 0.08)
(9.45 0.45 0.08)
(9.5 0.45 0.08)
(9.55 0.45 0.08)
(9.6 0.45 0.08)
(9.65 0.45 0.08)
(9.7 0.45 0.08)
(9.75 0.45 0.08)
(9.8 0.45 0.08)
(9.85 0.45 0.08)
(9.9 0.45 0.08)
(9.95 0.45 0.08)
(10 0.45 0.08)
(0 0.5 0.08)
(0.05 0.5 0.08)
(0.1 0.5 0.08)
(0.15 0.5 0.08)
(0.2 0.5 0.08)
(0.25 0.5 0.08)
(0.3 0.5 0.08)
(0.35 0.5 0.08)
(0.4 0.5 0.08)
(0.45 0.5 0.08)
(0.5 0.5 0.08)
(0.55 0.5 0.08)
(0.6 0.5 0.08)
(0.65 0.5 0.08)
(0.7 0.5 0.08)
(0.75 0.5 0.08)
(0.8 0.5 0.08)
(0.85 0.5 0.08)
(0.9 0.5 0.08)
(0.95 0.5 0.08)
(1 0.5 0.08)
(1.05 0.5 0.08)
(1.1 0.5 0.08)
(1.15 0.5 0.08)
(1.2 0.5 0.08)
(1.25 0.5 0.08)
(1.3 0.5 0.08)
(1.35 0.5 0.08)
(1.4 0.5 0.08)
(1.45 0.5 0.08)
(1.5 0.5 0.08)
(1.55 0.5 0.08)
(1.6 0.5 0.08)
(1.65 0.5 0.08)
(1.7 0.5 0.08)
(1.75 0.5 0.08)
(1.8 0.5 0.08)
(1.85 0.5 0.08)
(1.9 0.5 0.08)
(1.95 0.5 0.08)
(2 0.5 0.08)
(2.05 0.5 0.08)
(2.1 0.5 0.08)
(2.15 0.5 0.08)
(2.2 0.5 0.08)
(2.25 0.5 0.08)
(2.3 0.5 0.08)
(2.35 0.5 0.08)
(2.4 0.5 0.08)
(2.45 0.5 0.08)
(2.5 0.5 0.08)
(2.55 0.5 0.08)
(2.6 0.5 0.08)
(2.65 0.5 0.08)
(2.7 0.5 0.08)
(2.75 0.5 0.08)
(2.8 0.5 0.08)
(2.85 0.5 0.08)
(2.9 0.5 0.08)
(2.95 0.5 0.08)
(3 0.5 0.08)
(3.05 0.5 0.08)
(3.1 0.5 0.08)
(3.15 0.5 0.08)
(3.2 0.5 0.08)
(3.25 0.5 0.08)
(3.3 0.5 0.08)
(3.35 0.5 0.08)
(3.4 0.5 0.08)
(3.45 0.5 0.08)
(3.5 0.5 0.08)
(3.55 0.5 0.08)
(3.6 0.5 0.08)
(3.65 0.5 0.08)
(3.7 0.5 0.08)
(3.75 0.5 0.08)
(3.8 0.5 0.08)
(3.85 0.5 0.08)
(3.9 0.5 0.08)
(3.95 0.5 0.08)
(4 0.5 0.08)
(4.05 0.5 0.08)
(4.1 0.5 0.08)
(4.15 0.5 0.08)
(4.2 0.5 0.08)
(4.25 0.5 0.08)
(4.3 0.5 0.08)
(4.35 0.5 0.08)
(4.4 0.5 0.08)
(4.45 0.5 0.08)
(4.5 0.5 0.08)
(4.55 0.5 0.08)
(4.6 0.5 0.08)
(4.65 0.5 0.08)
(4.7 0.5 0.08)
(4.75 0.5 0.08)
(4.8 0.5 0.08)
(4.85 0.5 0.08)
(4.9 0.5 0.08)
(4.95 0.5 0.08)
(5 0.5 0.08)
(5.05 0.5 0.08)
(5.1 0.5 0.08)
(5.15 0.5 0.08)
(5.2 0.5 0.08)
(5.25 0.5 0.08)
(5.3 0.5 0.08)
(5.35 0.5 0.08)
(5.4 0.5 0.08)
(5.45 0.5 0.08)
(5.5 0.5 0.08)
(5.55 0.5 0.08)
(5.6 0.5 0.08)
(5.65 0.5 0.08)
(5.7 0.5 0.08)
(5.75 0.5 0.08)
(5.8 0.5 0.08)
(5.85 0.5 0.08)
(5.9 0.5 0.08)
(5.95 0.5 0.08)
(6 0.5 0.08)
(6.05 0.5 0.08)
(6.1 0.5 0.08)
(6.15 0.5 0.08)
(6.2 0.5 0.08)
(6.25 0.5 0.08)
(6.3 0.5 0.08)
(6.35 0.5 0.08)
(6.4 0.5 0.08)
(6.45 0.5 0.08)
(6.5 0.5 0.08)
(6.55 0.5 0.08)
(6.6 0.5 0.08)
(6.65 0.5 0.08)
(6.7 0.5 0.08)
(6.75 0.5 0.08)
(6.8 0.5 0.08)
(6.85 0.5 0.08)
(6.9 0.5 0.08)
(6.95 0.5 0.08)
(7 0.5 0.08)
(7.05 0.5 0.08)
(7.1 0.5 0.08)
(7.15 0.5 0.08)
(7.2 0.5 0.08)
(7.25 0.5 0.08)
(7.3 0.5 0.08)
(7.35 0.5 0.08)
(7.4 0.5 0.08)
(7.45 0.5 0.08)
(7.5 0.5 0.08)
(7.55 0.5 0.08)
(7.6 0.5 0.08)
(7.65 0.5 0.08)
(7.7 0.5 0.08)
(7.75 0.5 0.08)
(7.8 0.5 0.08)
(7.85 0.5 0.08)
(7.9 0.5 0.08)
(7.95 0.5 0.08)
(8 0.5 0.08)
(8.05 0.5 0.08)
(8.1 0.5 0.08)
(8.15 0.5 0.08)
(8.2 0.5 0.08)
(8.25 0.5 0.08)
(8.3 0.5 0.08)
(8.35 0.5 0.08)
(8.4 0.5 0.08)
(8.45 0.5 0.08)
(8.5 0.5 0.08)
(8.55 0.5 0.08)
(8.6 0.5 0.08)
(8.65 0.5 0.08)
(8.7 0.5 0.08)
(8.75 0.5 0.08)
(8.8 0.5 0.08)
(8.85 0.5 0.08)
(8.9 0.5 0.08)
(8.95 0.5 0.08)
(9 0.5 0.08)
(9.05 0.5 0.08)
(9.1 0.5 0.08)
(9.15 0.5 0.08)
(9.2 0.5 0.08)
(9.25 0.5 0.08)
(9.3 0.5 0.08)
(9.35 0.5 0.08)
(9.4 0.5 0.08)
(9.45 0.5 0.08)
(9.5 0.5 0.08)
(9.55 0.5 0.08)
(9.6 0.5 0.08)
(9.65 0.5 0.08)
(9.7 0.5 0.08)
(9.75 0.5 0.08)
(9.8 0.5 0.08)
(9.85 0.5 0.08)
(9.9 0.5 0.08)
(9.95 0.5 0.08)
(10 0.5 0.08)
(0 0.55 0.08)
(0.05 0.55 0.08)
(0.1 0.55 0.08)
(0.15 0.55 0.08)
(0.2 0.55 0.08)
(0.25 0.55 0.08)
(0.3 0.55 0.08)
(0.35 0.55 0.08)
(0.4 0.55 0.08)
(0.45 0.55 0.08)
(0.5 0.55 0.08)
(0.55 0.55 0.08)
(0.6 0.55 0.08)
(0.65 0.55 0.08)
(0.7 0.55 0.08)
(0.75 0.55 0.08)
(0.8 0.55 0.08)
(0.85 0.55 0.08)
(0.9 0.55 0.08)
(0.95 0.55 0.08)
(1 0.55 0.08)
(1.05 0.55 0.08)
(1.1 0.55 0.08)
(1.15 0.55 0.08)
(1.2 0.55 0.08)
(1.25 0.55 0.08)
(1.3 0.55 0.08)
(1.35 0.55 0.08)
(1.4 0.55 0.08)
(1.45 0.55 0.08)
(1.5 0.55 0.08)
(1.55 0.55 0.08)
(1.6 0.55 0.08)
(1.65 0.55 0.08)
(1.7 0.55 0.08)
(1.75 0.55 0.08)
(1.8 0.55 0.08)
(1.85 0.55 0.08)
(1.9 0.55 0.08)
(1.95 0.55 0.08)
(2 0.55 0.08)
(2.05 0.55 0.08)
(2.1 0.55 0.08)
(2.15 0.55 0.08)
(2.2 0.55 0.08)
(2.25 0.55 0.08)
(2.3 0.55 0.08)
(2.35 0.55 0.08)
(2.4 0.55 0.08)
(2.45 0.55 0.08)
(2.5 0.55 0.08)
(2.55 0.55 0.08)
(2.6 0.55 0.08)
(2.65 0.55 0.08)
(2.7 0.55 0.08)
(2.75 0.55 0.08)
(2.8 0.55 0.08)
(2.85 0.55 0.08)
(2.9 0.55 0.08)
(2.95 0.55 0.08)
(3 0.55 0.08)
(3.05 0.55 0.08)
(3.1 0.55 0.08)
(3.15 0.55 0.08)
(3.2 0.55 0.08)
(3.25 0.55 0.08)
(3.3 0.55 0.08)
(3.35 0.55 0.08)
(3.4 0.55 0.08)
(3.45 0.55 0.08)
(3.5 0.55 0.08)
(3.55 0.55 0.08)
(3.6 0.55 0.08)
(3.65 0.55 0.08)
(3.7 0.55 0.08)
(3.75 0.55 0.08)
(3.8 0.55 0.08)
(3.85 0.55 0.08)
(3.9 0.55 0.08)
(3.95 0.55 0.08)
(4 0.55 0.08)
(4.05 0.55 0.08)
(4.1 0.55 0.08)
(4.15 0.55 0.08)
(4.2 0.55 0.08)
(4.25 0.55 0.08)
(4.3 0.55 0.08)
(4.35 0.55 0.08)
(4.4 0.55 0.08)
(4.45 0.55 0.08)
(4.5 0.55 0.08)
(4.55 0.55 0.08)
(4.6 0.55 0.08)
(4.65 0.55 0.08)
(4.7 0.55 0.08)
(4.75 0.55 0.08)
(4.8 0.55 0.08)
(4.85 0.55 0.08)
(4.9 0.55 0.08)
(4.95 0.55 0.08)
(5 0.55 0.08)
(5.05 0.55 0.08)
(5.1 0.55 0.08)
(5.15 0.55 0.08)
(5.2 0.55 0.08)
(5.25 0.55 0.08)
(5.3 0.55 0.08)
(5.35 0.55 0.08)
(5.4 0.55 0.08)
(5.45 0.55 0.08)
(5.5 0.55 0.08)
(5.55 0.55 0.08)
(5.6 0.55 0.08)
(5.65 0.55 0.08)
(5.7 0.55 0.08)
(5.75 0.55 0.08)
(5.8 0.55 0.08)
(5.85 0.55 0.08)
(5.9 0.55 0.08)
(5.95 0.55 0.08)
(6 0.55 0.08)
(6.05 0.55 0.08)
(6.1 0.55 0.08)
(6.15 0.55 0.08)
(6.2 0.55 0.08)
(6.25 0.55 0.08)
(6.3 0.55 0.08)
(6.35 0.55 0.08)
(6.4 0.55 0.08)
(6.45 0.55 0.08)
(6.5 0.55 0.08)
(6.55 0.55 0.08)
(6.6 0.55 0.08)
(6.65 0.55 0.08)
(6.7 0.55 0.08)
(6.75 0.55 0.08)
(6.8 0.55 0.08)
(6.85 0.55 0.08)
(6.9 0.55 0.08)
(6.95 0.55 0.08)
(7 0.55 0.08)
(7.05 0.55 0.08)
(7.1 0.55 0.08)
(7.15 0.55 0.08)
(7.2 0.55 0.08)
(7.25 0.55 0.08)
(7.3 0.55 0.08)
(7.35 0.55 0.08)
(7.4 0.55 0.08)
(7.45 0.55 0.08)
(7.5 0.55 0.08)
(7.55 0.55 0.08)
(7.6 0.55 0.08)
(7.65 0.55 0.08)
(7.7 0.55 0.08)
(7.75 0.55 0.08)
(7.8 0.55 0.08)
(7.85 0.55 0.08)
(7.9 0.55 0.08)
(7.95 0.55 0.08)
(8 0.55 0.08)
(8.05 0.55 0.08)
(8.1 0.55 0.08)
(8.15 0.55 0.08)
(8.2 0.55 0.08)
(8.25 0.55 0.08)
(8.3 0.55 0.08)
(8.35 0.55 0.08)
(8.4 0.55 0.08)
(8.45 0.55 0.08)
(8.5 0.55 0.08)
(8.55 0.55 0.08)
(8.6 0.55 0.08)
(8.65 0.55 0.08)
(8.7 0.55 0.08)
(8.75 0.55 0.08)
(8.8 0.55 0.08)
(8.85 0.55 0.08)
(8.9 0.55 0.08)
(8.95 0.55 0.08)
(9 0.55 0.08)
(9.05 0.55 0.08)
(9.1 0.55 0.08)
(9.15 0.55 0.08)
(9.2 0.55 0.08)
(9.25 0.55 0.08)
(9.3 0.55 0.08)
(9.35 0.55 0.08)
(9.4 0.55 0.08)
(9.45 0.55 0.08)
(9.5 0.55 0.08)
(9.55 0.55 0.08)
(9.6 0.55 0.08)
(9.65 0.55 0.08)
(9.7 0.55 0.08)
(9.75 0.55 0.08)
(9.8 0.55 0.08)
(9.85 0.55 0.08)
(9.9 0.55 0.08)
(9.95 0.55 0.08)
(10 0.55 0.08)
(0 0.6 0.08)
(0.05 0.6 0.08)
(0.1 0.6 0.08)
(0.15 0.6 0.08)
(0.2 0.6 0.08)
(0.25 0.6 0.08)
(0.3 0.6 0.08)
(0.35 0.6 0.08)
(0.4 0.6 0.08)
(0.45 0.6 0.08)
(0.5 0.6 0.08)
(0.55 0.6 0.08)
(0.6 0.6 0.08)
(0.65 0.6 0.08)
(0.7 0.6 0.08)
(0.75 0.6 0.08)
(0.8 0.6 0.08)
(0.85 0.6 0.08)
(0.9 0.6 0.08)
(0.95 0.6 0.08)
(1 0.6 0.08)
(1.05 0.6 0.08)
(1.1 0.6 0.08)
(1.15 0.6 0.08)
(1.2 0.6 0.08)
(1.25 0.6 0.08)
(1.3 0.6 0.08)
(1.35 0.6 0.08)
(1.4 0.6 0.08)
(1.45 0.6 0.08)
(1.5 0.6 0.08)
(1.55 0.6 0.08)
(1.6 0.6 0.08)
(1.65 0.6 0.08)
(1.7 0.6 0.08)
(1.75 0.6 0.08)
(1.8 0.6 0.08)
(1.85 0.6 0.08)
(1.9 0.6 0.08)
(1.95 0.6 0.08)
(2 0.6 0.08)
(2.05 0.6 0.08)
(2.1 0.6 0.08)
(2.15 0.6 0.08)
(2.2 0.6 0.08)
(2.25 0.6 0.08)
(2.3 0.6 0.08)
(2.35 0.6 0.08)
(2.4 0.6 0.08)
(2.45 0.6 0.08)
(2.5 0.6 0.08)
(2.55 0.6 0.08)
(2.6 0.6 0.08)
(2.65 0.6 0.08)
(2.7 0.6 0.08)
(2.75 0.6 0.08)
(2.8 0.6 0.08)
(2.85 0.6 0.08)
(2.9 0.6 0.08)
(2.95 0.6 0.08)
(3 0.6 0.08)
(3.05 0.6 0.08)
(3.1 0.6 0.08)
(3.15 0.6 0.08)
(3.2 0.6 0.08)
(3.25 0.6 0.08)
(3.3 0.6 0.08)
(3.35 0.6 0.08)
(3.4 0.6 0.08)
(3.45 0.6 0.08)
(3.5 0.6 0.08)
(3.55 0.6 0.08)
(3.6 0.6 0.08)
(3.65 0.6 0.08)
(3.7 0.6 0.08)
(3.75 0.6 0.08)
(3.8 0.6 0.08)
(3.85 0.6 0.08)
(3.9 0.6 0.08)
(3.95 0.6 0.08)
(4 0.6 0.08)
(4.05 0.6 0.08)
(4.1 0.6 0.08)
(4.15 0.6 0.08)
(4.2 0.6 0.08)
(4.25 0.6 0.08)
(4.3 0.6 0.08)
(4.35 0.6 0.08)
(4.4 0.6 0.08)
(4.45 0.6 0.08)
(4.5 0.6 0.08)
(4.55 0.6 0.08)
(4.6 0.6 0.08)
(4.65 0.6 0.08)
(4.7 0.6 0.08)
(4.75 0.6 0.08)
(4.8 0.6 0.08)
(4.85 0.6 0.08)
(4.9 0.6 0.08)
(4.95 0.6 0.08)
(5 0.6 0.08)
(5.05 0.6 0.08)
(5.1 0.6 0.08)
(5.15 0.6 0.08)
(5.2 0.6 0.08)
(5.25 0.6 0.08)
(5.3 0.6 0.08)
(5.35 0.6 0.08)
(5.4 0.6 0.08)
(5.45 0.6 0.08)
(5.5 0.6 0.08)
(5.55 0.6 0.08)
(5.6 0.6 0.08)
(5.65 0.6 0.08)
(5.7 0.6 0.08)
(5.75 0.6 0.08)
(5.8 0.6 0.08)
(5.85 0.6 0.08)
(5.9 0.6 0.08)
(5.95 0.6 0.08)
(6 0.6 0.08)
(6.05 0.6 0.08)
(6.1 0.6 0.08)
(6.15 0.6 0.08)
(6.2 0.6 0.08)
(6.25 0.6 0.08)
(6.3 0.6 0.08)
(6.35 0.6 0.08)
(6.4 0.6 0.08)
(6.45 0.6 0.08)
(6.5 0.6 0.08)
(6.55 0.6 0.08)
(6.6 0.6 0.08)
(6.65 0.6 0.08)
(6.7 0.6 0.08)
(6.75 0.6 0.08)
(6.8 0.6 0.08)
(6.85 0.6 0.08)
(6.9 0.6 0.08)
(6.95 0.6 0.08)
(7 0.6 0.08)
(7.05 0.6 0.08)
(7.1 0.6 0.08)
(7.15 0.6 0.08)
(7.2 0.6 0.08)
(7.25 0.6 0.08)
(7.3 0.6 0.08)
(7.35 0.6 0.08)
(7.4 0.6 0.08)
(7.45 0.6 0.08)
(7.5 0.6 0.08)
(7.55 0.6 0.08)
(7.6 0.6 0.08)
(7.65 0.6 0.08)
(7.7 0.6 0.08)
(7.75 0.6 0.08)
(7.8 0.6 0.08)
(7.85 0.6 0.08)
(7.9 0.6 0.08)
(7.95 0.6 0.08)
(8 0.6 0.08)
(8.05 0.6 0.08)
(8.1 0.6 0.08)
(8.15 0.6 0.08)
(8.2 0.6 0.08)
(8.25 0.6 0.08)
(8.3 0.6 0.08)
(8.35 0.6 0.08)
(8.4 0.6 0.08)
(8.45 0.6 0.08)
(8.5 0.6 0.08)
(8.55 0.6 0.08)
(8.6 0.6 0.08)
(8.65 0.6 0.08)
(8.7 0.6 0.08)
(8.75 0.6 0.08)
(8.8 0.6 0.08)
(8.85 0.6 0.08)
(8.9 0.6 0.08)
(8.95 0.6 0.08)
(9 0.6 0.08)
(9.05 0.6 0.08)
(9.1 0.6 0.08)
(9.15 0.6 0.08)
(9.2 0.6 0.08)
(9.25 0.6 0.08)
(9.3 0.6 0.08)
(9.35 0.6 0.08)
(9.4 0.6 0.08)
(9.45 0.6 0.08)
(9.5 0.6 0.08)
(9.55 0.6 0.08)
(9.6 0.6 0.08)
(9.65 0.6 0.08)
(9.7 0.6 0.08)
(9.75 0.6 0.08)
(9.8 0.6 0.08)
(9.85 0.6 0.08)
(9.9 0.6 0.08)
(9.95 0.6 0.08)
(10 0.6 0.08)
(0 0.65 0.08)
(0.05 0.65 0.08)
(0.1 0.65 0.08)
(0.15 0.65 0.08)
(0.2 0.65 0.08)
(0.25 0.65 0.08)
(0.3 0.65 0.08)
(0.35 0.65 0.08)
(0.4 0.65 0.08)
(0.45 0.65 0.08)
(0.5 0.65 0.08)
(0.55 0.65 0.08)
(0.6 0.65 0.08)
(0.65 0.65 0.08)
(0.7 0.65 0.08)
(0.75 0.65 0.08)
(0.8 0.65 0.08)
(0.85 0.65 0.08)
(0.9 0.65 0.08)
(0.95 0.65 0.08)
(1 0.65 0.08)
(1.05 0.65 0.08)
(1.1 0.65 0.08)
(1.15 0.65 0.08)
(1.2 0.65 0.08)
(1.25 0.65 0.08)
(1.3 0.65 0.08)
(1.35 0.65 0.08)
(1.4 0.65 0.08)
(1.45 0.65 0.08)
(1.5 0.65 0.08)
(1.55 0.65 0.08)
(1.6 0.65 0.08)
(1.65 0.65 0.08)
(1.7 0.65 0.08)
(1.75 0.65 0.08)
(1.8 0.65 0.08)
(1.85 0.65 0.08)
(1.9 0.65 0.08)
(1.95 0.65 0.08)
(2 0.65 0.08)
(2.05 0.65 0.08)
(2.1 0.65 0.08)
(2.15 0.65 0.08)
(2.2 0.65 0.08)
(2.25 0.65 0.08)
(2.3 0.65 0.08)
(2.35 0.65 0.08)
(2.4 0.65 0.08)
(2.45 0.65 0.08)
(2.5 0.65 0.08)
(2.55 0.65 0.08)
(2.6 0.65 0.08)
(2.65 0.65 0.08)
(2.7 0.65 0.08)
(2.75 0.65 0.08)
(2.8 0.65 0.08)
(2.85 0.65 0.08)
(2.9 0.65 0.08)
(2.95 0.65 0.08)
(3 0.65 0.08)
(3.05 0.65 0.08)
(3.1 0.65 0.08)
(3.15 0.65 0.08)
(3.2 0.65 0.08)
(3.25 0.65 0.08)
(3.3 0.65 0.08)
(3.35 0.65 0.08)
(3.4 0.65 0.08)
(3.45 0.65 0.08)
(3.5 0.65 0.08)
(3.55 0.65 0.08)
(3.6 0.65 0.08)
(3.65 0.65 0.08)
(3.7 0.65 0.08)
(3.75 0.65 0.08)
(3.8 0.65 0.08)
(3.85 0.65 0.08)
(3.9 0.65 0.08)
(3.95 0.65 0.08)
(4 0.65 0.08)
(4.05 0.65 0.08)
(4.1 0.65 0.08)
(4.15 0.65 0.08)
(4.2 0.65 0.08)
(4.25 0.65 0.08)
(4.3 0.65 0.08)
(4.35 0.65 0.08)
(4.4 0.65 0.08)
(4.45 0.65 0.08)
(4.5 0.65 0.08)
(4.55 0.65 0.08)
(4.6 0.65 0.08)
(4.65 0.65 0.08)
(4.7 0.65 0.08)
(4.75 0.65 0.08)
(4.8 0.65 0.08)
(4.85 0.65 0.08)
(4.9 0.65 0.08)
(4.95 0.65 0.08)
(5 0.65 0.08)
(5.05 0.65 0.08)
(5.1 0.65 0.08)
(5.15 0.65 0.08)
(5.2 0.65 0.08)
(5.25 0.65 0.08)
(5.3 0.65 0.08)
(5.35 0.65 0.08)
(5.4 0.65 0.08)
(5.45 0.65 0.08)
(5.5 0.65 0.08)
(5.55 0.65 0.08)
(5.6 0.65 0.08)
(5.65 0.65 0.08)
(5.7 0.65 0.08)
(5.75 0.65 0.08)
(5.8 0.65 0.08)
(5.85 0.65 0.08)
(5.9 0.65 0.08)
(5.95 0.65 0.08)
(6 0.65 0.08)
(6.05 0.65 0.08)
(6.1 0.65 0.08)
(6.15 0.65 0.08)
(6.2 0.65 0.08)
(6.25 0.65 0.08)
(6.3 0.65 0.08)
(6.35 0.65 0.08)
(6.4 0.65 0.08)
(6.45 0.65 0.08)
(6.5 0.65 0.08)
(6.55 0.65 0.08)
(6.6 0.65 0.08)
(6.65 0.65 0.08)
(6.7 0.65 0.08)
(6.75 0.65 0.08)
(6.8 0.65 0.08)
(6.85 0.65 0.08)
(6.9 0.65 0.08)
(6.95 0.65 0.08)
(7 0.65 0.08)
(7.05 0.65 0.08)
(7.1 0.65 0.08)
(7.15 0.65 0.08)
(7.2 0.65 0.08)
(7.25 0.65 0.08)
(7.3 0.65 0.08)
(7.35 0.65 0.08)
(7.4 0.65 0.08)
(7.45 0.65 0.08)
(7.5 0.65 0.08)
(7.55 0.65 0.08)
(7.6 0.65 0.08)
(7.65 0.65 0.08)
(7.7 0.65 0.08)
(7.75 0.65 0.08)
(7.8 0.65 0.08)
(7.85 0.65 0.08)
(7.9 0.65 0.08)
(7.95 0.65 0.08)
(8 0.65 0.08)
(8.05 0.65 0.08)
(8.1 0.65 0.08)
(8.15 0.65 0.08)
(8.2 0.65 0.08)
(8.25 0.65 0.08)
(8.3 0.65 0.08)
(8.35 0.65 0.08)
(8.4 0.65 0.08)
(8.45 0.65 0.08)
(8.5 0.65 0.08)
(8.55 0.65 0.08)
(8.6 0.65 0.08)
(8.65 0.65 0.08)
(8.7 0.65 0.08)
(8.75 0.65 0.08)
(8.8 0.65 0.08)
(8.85 0.65 0.08)
(8.9 0.65 0.08)
(8.95 0.65 0.08)
(9 0.65 0.08)
(9.05 0.65 0.08)
(9.1 0.65 0.08)
(9.15 0.65 0.08)
(9.2 0.65 0.08)
(9.25 0.65 0.08)
(9.3 0.65 0.08)
(9.35 0.65 0.08)
(9.4 0.65 0.08)
(9.45 0.65 0.08)
(9.5 0.65 0.08)
(9.55 0.65 0.08)
(9.6 0.65 0.08)
(9.65 0.65 0.08)
(9.7 0.65 0.08)
(9.75 0.65 0.08)
(9.8 0.65 0.08)
(9.85 0.65 0.08)
(9.9 0.65 0.08)
(9.95 0.65 0.08)
(10 0.65 0.08)
(0 0.7 0.08)
(0.05 0.7 0.08)
(0.1 0.7 0.08)
(0.15 0.7 0.08)
(0.2 0.7 0.08)
(0.25 0.7 0.08)
(0.3 0.7 0.08)
(0.35 0.7 0.08)
(0.4 0.7 0.08)
(0.45 0.7 0.08)
(0.5 0.7 0.08)
(0.55 0.7 0.08)
(0.6 0.7 0.08)
(0.65 0.7 0.08)
(0.7 0.7 0.08)
(0.75 0.7 0.08)
(0.8 0.7 0.08)
(0.85 0.7 0.08)
(0.9 0.7 0.08)
(0.95 0.7 0.08)
(1 0.7 0.08)
(1.05 0.7 0.08)
(1.1 0.7 0.08)
(1.15 0.7 0.08)
(1.2 0.7 0.08)
(1.25 0.7 0.08)
(1.3 0.7 0.08)
(1.35 0.7 0.08)
(1.4 0.7 0.08)
(1.45 0.7 0.08)
(1.5 0.7 0.08)
(1.55 0.7 0.08)
(1.6 0.7 0.08)
(1.65 0.7 0.08)
(1.7 0.7 0.08)
(1.75 0.7 0.08)
(1.8 0.7 0.08)
(1.85 0.7 0.08)
(1.9 0.7 0.08)
(1.95 0.7 0.08)
(2 0.7 0.08)
(2.05 0.7 0.08)
(2.1 0.7 0.08)
(2.15 0.7 0.08)
(2.2 0.7 0.08)
(2.25 0.7 0.08)
(2.3 0.7 0.08)
(2.35 0.7 0.08)
(2.4 0.7 0.08)
(2.45 0.7 0.08)
(2.5 0.7 0.08)
(2.55 0.7 0.08)
(2.6 0.7 0.08)
(2.65 0.7 0.08)
(2.7 0.7 0.08)
(2.75 0.7 0.08)
(2.8 0.7 0.08)
(2.85 0.7 0.08)
(2.9 0.7 0.08)
(2.95 0.7 0.08)
(3 0.7 0.08)
(3.05 0.7 0.08)
(3.1 0.7 0.08)
(3.15 0.7 0.08)
(3.2 0.7 0.08)
(3.25 0.7 0.08)
(3.3 0.7 0.08)
(3.35 0.7 0.08)
(3.4 0.7 0.08)
(3.45 0.7 0.08)
(3.5 0.7 0.08)
(3.55 0.7 0.08)
(3.6 0.7 0.08)
(3.65 0.7 0.08)
(3.7 0.7 0.08)
(3.75 0.7 0.08)
(3.8 0.7 0.08)
(3.85 0.7 0.08)
(3.9 0.7 0.08)
(3.95 0.7 0.08)
(4 0.7 0.08)
(4.05 0.7 0.08)
(4.1 0.7 0.08)
(4.15 0.7 0.08)
(4.2 0.7 0.08)
(4.25 0.7 0.08)
(4.3 0.7 0.08)
(4.35 0.7 0.08)
(4.4 0.7 0.08)
(4.45 0.7 0.08)
(4.5 0.7 0.08)
(4.55 0.7 0.08)
(4.6 0.7 0.08)
(4.65 0.7 0.08)
(4.7 0.7 0.08)
(4.75 0.7 0.08)
(4.8 0.7 0.08)
(4.85 0.7 0.08)
(4.9 0.7 0.08)
(4.95 0.7 0.08)
(5 0.7 0.08)
(5.05 0.7 0.08)
(5.1 0.7 0.08)
(5.15 0.7 0.08)
(5.2 0.7 0.08)
(5.25 0.7 0.08)
(5.3 0.7 0.08)
(5.35 0.7 0.08)
(5.4 0.7 0.08)
(5.45 0.7 0.08)
(5.5 0.7 0.08)
(5.55 0.7 0.08)
(5.6 0.7 0.08)
(5.65 0.7 0.08)
(5.7 0.7 0.08)
(5.75 0.7 0.08)
(5.8 0.7 0.08)
(5.85 0.7 0.08)
(5.9 0.7 0.08)
(5.95 0.7 0.08)
(6 0.7 0.08)
(6.05 0.7 0.08)
(6.1 0.7 0.08)
(6.15 0.7 0.08)
(6.2 0.7 0.08)
(6.25 0.7 0.08)
(6.3 0.7 0.08)
(6.35 0.7 0.08)
(6.4 0.7 0.08)
(6.45 0.7 0.08)
(6.5 0.7 0.08)
(6.55 0.7 0.08)
(6.6 0.7 0.08)
(6.65 0.7 0.08)
(6.7 0.7 0.08)
(6.75 0.7 0.08)
(6.8 0.7 0.08)
(6.85 0.7 0.08)
(6.9 0.7 0.08)
(6.95 0.7 0.08)
(7 0.7 0.08)
(7.05 0.7 0.08)
(7.1 0.7 0.08)
(7.15 0.7 0.08)
(7.2 0.7 0.08)
(7.25 0.7 0.08)
(7.3 0.7 0.08)
(7.35 0.7 0.08)
(7.4 0.7 0.08)
(7.45 0.7 0.08)
(7.5 0.7 0.08)
(7.55 0.7 0.08)
(7.6 0.7 0.08)
(7.65 0.7 0.08)
(7.7 0.7 0.08)
(7.75 0.7 0.08)
(7.8 0.7 0.08)
(7.85 0.7 0.08)
(7.9 0.7 0.08)
(7.95 0.7 0.08)
(8 0.7 0.08)
(8.05 0.7 0.08)
(8.1 0.7 0.08)
(8.15 0.7 0.08)
(8.2 0.7 0.08)
(8.25 0.7 0.08)
(8.3 0.7 0.08)
(8.35 0.7 0.08)
(8.4 0.7 0.08)
(8.45 0.7 0.08)
(8.5 0.7 0.08)
(8.55 0.7 0.08)
(8.6 0.7 0.08)
(8.65 0.7 0.08)
(8.7 0.7 0.08)
(8.75 0.7 0.08)
(8.8 0.7 0.08)
(8.85 0.7 0.08)
(8.9 0.7 0.08)
(8.95 0.7 0.08)
(9 0.7 0.08)
(9.05 0.7 0.08)
(9.1 0.7 0.08)
(9.15 0.7 0.08)
(9.2 0.7 0.08)
(9.25 0.7 0.08)
(9.3 0.7 0.08)
(9.35 0.7 0.08)
(9.4 0.7 0.08)
(9.45 0.7 0.08)
(9.5 0.7 0.08)
(9.55 0.7 0.08)
(9.6 0.7 0.08)
(9.65 0.7 0.08)
(9.7 0.7 0.08)
(9.75 0.7 0.08)
(9.8 0.7 0.08)
(9.85 0.7 0.08)
(9.9 0.7 0.08)
(9.95 0.7 0.08)
(10 0.7 0.08)
(0 0.75 0.08)
(0.05 0.75 0.08)
(0.1 0.75 0.08)
(0.15 0.75 0.08)
(0.2 0.75 0.08)
(0.25 0.75 0.08)
(0.3 0.75 0.08)
(0.35 0.75 0.08)
(0.4 0.75 0.08)
(0.45 0.75 0.08)
(0.5 0.75 0.08)
(0.55 0.75 0.08)
(0.6 0.75 0.08)
(0.65 0.75 0.08)
(0.7 0.75 0.08)
(0.75 0.75 0.08)
(0.8 0.75 0.08)
(0.85 0.75 0.08)
(0.9 0.75 0.08)
(0.95 0.75 0.08)
(1 0.75 0.08)
(1.05 0.75 0.08)
(1.1 0.75 0.08)
(1.15 0.75 0.08)
(1.2 0.75 0.08)
(1.25 0.75 0.08)
(1.3 0.75 0.08)
(1.35 0.75 0.08)
(1.4 0.75 0.08)
(1.45 0.75 0.08)
(1.5 0.75 0.08)
(1.55 0.75 0.08)
(1.6 0.75 0.08)
(1.65 0.75 0.08)
(1.7 0.75 0.08)
(1.75 0.75 0.08)
(1.8 0.75 0.08)
(1.85 0.75 0.08)
(1.9 0.75 0.08)
(1.95 0.75 0.08)
(2 0.75 0.08)
(2.05 0.75 0.08)
(2.1 0.75 0.08)
(2.15 0.75 0.08)
(2.2 0.75 0.08)
(2.25 0.75 0.08)
(2.3 0.75 0.08)
(2.35 0.75 0.08)
(2.4 0.75 0.08)
(2.45 0.75 0.08)
(2.5 0.75 0.08)
(2.55 0.75 0.08)
(2.6 0.75 0.08)
(2.65 0.75 0.08)
(2.7 0.75 0.08)
(2.75 0.75 0.08)
(2.8 0.75 0.08)
(2.85 0.75 0.08)
(2.9 0.75 0.08)
(2.95 0.75 0.08)
(3 0.75 0.08)
(3.05 0.75 0.08)
(3.1 0.75 0.08)
(3.15 0.75 0.08)
(3.2 0.75 0.08)
(3.25 0.75 0.08)
(3.3 0.75 0.08)
(3.35 0.75 0.08)
(3.4 0.75 0.08)
(3.45 0.75 0.08)
(3.5 0.75 0.08)
(3.55 0.75 0.08)
(3.6 0.75 0.08)
(3.65 0.75 0.08)
(3.7 0.75 0.08)
(3.75 0.75 0.08)
(3.8 0.75 0.08)
(3.85 0.75 0.08)
(3.9 0.75 0.08)
(3.95 0.75 0.08)
(4 0.75 0.08)
(4.05 0.75 0.08)
(4.1 0.75 0.08)
(4.15 0.75 0.08)
(4.2 0.75 0.08)
(4.25 0.75 0.08)
(4.3 0.75 0.08)
(4.35 0.75 0.08)
(4.4 0.75 0.08)
(4.45 0.75 0.08)
(4.5 0.75 0.08)
(4.55 0.75 0.08)
(4.6 0.75 0.08)
(4.65 0.75 0.08)
(4.7 0.75 0.08)
(4.75 0.75 0.08)
(4.8 0.75 0.08)
(4.85 0.75 0.08)
(4.9 0.75 0.08)
(4.95 0.75 0.08)
(5 0.75 0.08)
(5.05 0.75 0.08)
(5.1 0.75 0.08)
(5.15 0.75 0.08)
(5.2 0.75 0.08)
(5.25 0.75 0.08)
(5.3 0.75 0.08)
(5.35 0.75 0.08)
(5.4 0.75 0.08)
(5.45 0.75 0.08)
(5.5 0.75 0.08)
(5.55 0.75 0.08)
(5.6 0.75 0.08)
(5.65 0.75 0.08)
(5.7 0.75 0.08)
(5.75 0.75 0.08)
(5.8 0.75 0.08)
(5.85 0.75 0.08)
(5.9 0.75 0.08)
(5.95 0.75 0.08)
(6 0.75 0.08)
(6.05 0.75 0.08)
(6.1 0.75 0.08)
(6.15 0.75 0.08)
(6.2 0.75 0.08)
(6.25 0.75 0.08)
(6.3 0.75 0.08)
(6.35 0.75 0.08)
(6.4 0.75 0.08)
(6.45 0.75 0.08)
(6.5 0.75 0.08)
(6.55 0.75 0.08)
(6.6 0.75 0.08)
(6.65 0.75 0.08)
(6.7 0.75 0.08)
(6.75 0.75 0.08)
(6.8 0.75 0.08)
(6.85 0.75 0.08)
(6.9 0.75 0.08)
(6.95 0.75 0.08)
(7 0.75 0.08)
(7.05 0.75 0.08)
(7.1 0.75 0.08)
(7.15 0.75 0.08)
(7.2 0.75 0.08)
(7.25 0.75 0.08)
(7.3 0.75 0.08)
(7.35 0.75 0.08)
(7.4 0.75 0.08)
(7.45 0.75 0.08)
(7.5 0.75 0.08)
(7.55 0.75 0.08)
(7.6 0.75 0.08)
(7.65 0.75 0.08)
(7.7 0.75 0.08)
(7.75 0.75 0.08)
(7.8 0.75 0.08)
(7.85 0.75 0.08)
(7.9 0.75 0.08)
(7.95 0.75 0.08)
(8 0.75 0.08)
(8.05 0.75 0.08)
(8.1 0.75 0.08)
(8.15 0.75 0.08)
(8.2 0.75 0.08)
(8.25 0.75 0.08)
(8.3 0.75 0.08)
(8.35 0.75 0.08)
(8.4 0.75 0.08)
(8.45 0.75 0.08)
(8.5 0.75 0.08)
(8.55 0.75 0.08)
(8.6 0.75 0.08)
(8.65 0.75 0.08)
(8.7 0.75 0.08)
(8.75 0.75 0.08)
(8.8 0.75 0.08)
(8.85 0.75 0.08)
(8.9 0.75 0.08)
(8.95 0.75 0.08)
(9 0.75 0.08)
(9.05 0.75 0.08)
(9.1 0.75 0.08)
(9.15 0.75 0.08)
(9.2 0.75 0.08)
(9.25 0.75 0.08)
(9.3 0.75 0.08)
(9.35 0.75 0.08)
(9.4 0.75 0.08)
(9.45 0.75 0.08)
(9.5 0.75 0.08)
(9.55 0.75 0.08)
(9.6 0.75 0.08)
(9.65 0.75 0.08)
(9.7 0.75 0.08)
(9.75 0.75 0.08)
(9.8 0.75 0.08)
(9.85 0.75 0.08)
(9.9 0.75 0.08)
(9.95 0.75 0.08)
(10 0.75 0.08)
(0 0.8 0.08)
(0.05 0.8 0.08)
(0.1 0.8 0.08)
(0.15 0.8 0.08)
(0.2 0.8 0.08)
(0.25 0.8 0.08)
(0.3 0.8 0.08)
(0.35 0.8 0.08)
(0.4 0.8 0.08)
(0.45 0.8 0.08)
(0.5 0.8 0.08)
(0.55 0.8 0.08)
(0.6 0.8 0.08)
(0.65 0.8 0.08)
(0.7 0.8 0.08)
(0.75 0.8 0.08)
(0.8 0.8 0.08)
(0.85 0.8 0.08)
(0.9 0.8 0.08)
(0.95 0.8 0.08)
(1 0.8 0.08)
(1.05 0.8 0.08)
(1.1 0.8 0.08)
(1.15 0.8 0.08)
(1.2 0.8 0.08)
(1.25 0.8 0.08)
(1.3 0.8 0.08)
(1.35 0.8 0.08)
(1.4 0.8 0.08)
(1.45 0.8 0.08)
(1.5 0.8 0.08)
(1.55 0.8 0.08)
(1.6 0.8 0.08)
(1.65 0.8 0.08)
(1.7 0.8 0.08)
(1.75 0.8 0.08)
(1.8 0.8 0.08)
(1.85 0.8 0.08)
(1.9 0.8 0.08)
(1.95 0.8 0.08)
(2 0.8 0.08)
(2.05 0.8 0.08)
(2.1 0.8 0.08)
(2.15 0.8 0.08)
(2.2 0.8 0.08)
(2.25 0.8 0.08)
(2.3 0.8 0.08)
(2.35 0.8 0.08)
(2.4 0.8 0.08)
(2.45 0.8 0.08)
(2.5 0.8 0.08)
(2.55 0.8 0.08)
(2.6 0.8 0.08)
(2.65 0.8 0.08)
(2.7 0.8 0.08)
(2.75 0.8 0.08)
(2.8 0.8 0.08)
(2.85 0.8 0.08)
(2.9 0.8 0.08)
(2.95 0.8 0.08)
(3 0.8 0.08)
(3.05 0.8 0.08)
(3.1 0.8 0.08)
(3.15 0.8 0.08)
(3.2 0.8 0.08)
(3.25 0.8 0.08)
(3.3 0.8 0.08)
(3.35 0.8 0.08)
(3.4 0.8 0.08)
(3.45 0.8 0.08)
(3.5 0.8 0.08)
(3.55 0.8 0.08)
(3.6 0.8 0.08)
(3.65 0.8 0.08)
(3.7 0.8 0.08)
(3.75 0.8 0.08)
(3.8 0.8 0.08)
(3.85 0.8 0.08)
(3.9 0.8 0.08)
(3.95 0.8 0.08)
(4 0.8 0.08)
(4.05 0.8 0.08)
(4.1 0.8 0.08)
(4.15 0.8 0.08)
(4.2 0.8 0.08)
(4.25 0.8 0.08)
(4.3 0.8 0.08)
(4.35 0.8 0.08)
(4.4 0.8 0.08)
(4.45 0.8 0.08)
(4.5 0.8 0.08)
(4.55 0.8 0.08)
(4.6 0.8 0.08)
(4.65 0.8 0.08)
(4.7 0.8 0.08)
(4.75 0.8 0.08)
(4.8 0.8 0.08)
(4.85 0.8 0.08)
(4.9 0.8 0.08)
(4.95 0.8 0.08)
(5 0.8 0.08)
(5.05 0.8 0.08)
(5.1 0.8 0.08)
(5.15 0.8 0.08)
(5.2 0.8 0.08)
(5.25 0.8 0.08)
(5.3 0.8 0.08)
(5.35 0.8 0.08)
(5.4 0.8 0.08)
(5.45 0.8 0.08)
(5.5 0.8 0.08)
(5.55 0.8 0.08)
(5.6 0.8 0.08)
(5.65 0.8 0.08)
(5.7 0.8 0.08)
(5.75 0.8 0.08)
(5.8 0.8 0.08)
(5.85 0.8 0.08)
(5.9 0.8 0.08)
(5.95 0.8 0.08)
(6 0.8 0.08)
(6.05 0.8 0.08)
(6.1 0.8 0.08)
(6.15 0.8 0.08)
(6.2 0.8 0.08)
(6.25 0.8 0.08)
(6.3 0.8 0.08)
(6.35 0.8 0.08)
(6.4 0.8 0.08)
(6.45 0.8 0.08)
(6.5 0.8 0.08)
(6.55 0.8 0.08)
(6.6 0.8 0.08)
(6.65 0.8 0.08)
(6.7 0.8 0.08)
(6.75 0.8 0.08)
(6.8 0.8 0.08)
(6.85 0.8 0.08)
(6.9 0.8 0.08)
(6.95 0.8 0.08)
(7 0.8 0.08)
(7.05 0.8 0.08)
(7.1 0.8 0.08)
(7.15 0.8 0.08)
(7.2 0.8 0.08)
(7.25 0.8 0.08)
(7.3 0.8 0.08)
(7.35 0.8 0.08)
(7.4 0.8 0.08)
(7.45 0.8 0.08)
(7.5 0.8 0.08)
(7.55 0.8 0.08)
(7.6 0.8 0.08)
(7.65 0.8 0.08)
(7.7 0.8 0.08)
(7.75 0.8 0.08)
(7.8 0.8 0.08)
(7.85 0.8 0.08)
(7.9 0.8 0.08)
(7.95 0.8 0.08)
(8 0.8 0.08)
(8.05 0.8 0.08)
(8.1 0.8 0.08)
(8.15 0.8 0.08)
(8.2 0.8 0.08)
(8.25 0.8 0.08)
(8.3 0.8 0.08)
(8.35 0.8 0.08)
(8.4 0.8 0.08)
(8.45 0.8 0.08)
(8.5 0.8 0.08)
(8.55 0.8 0.08)
(8.6 0.8 0.08)
(8.65 0.8 0.08)
(8.7 0.8 0.08)
(8.75 0.8 0.08)
(8.8 0.8 0.08)
(8.85 0.8 0.08)
(8.9 0.8 0.08)
(8.95 0.8 0.08)
(9 0.8 0.08)
(9.05 0.8 0.08)
(9.1 0.8 0.08)
(9.15 0.8 0.08)
(9.2 0.8 0.08)
(9.25 0.8 0.08)
(9.3 0.8 0.08)
(9.35 0.8 0.08)
(9.4 0.8 0.08)
(9.45 0.8 0.08)
(9.5 0.8 0.08)
(9.55 0.8 0.08)
(9.6 0.8 0.08)
(9.65 0.8 0.08)
(9.7 0.8 0.08)
(9.75 0.8 0.08)
(9.8 0.8 0.08)
(9.85 0.8 0.08)
(9.9 0.8 0.08)
(9.95 0.8 0.08)
(10 0.8 0.08)
(0 0.85 0.08)
(0.05 0.85 0.08)
(0.1 0.85 0.08)
(0.15 0.85 0.08)
(0.2 0.85 0.08)
(0.25 0.85 0.08)
(0.3 0.85 0.08)
(0.35 0.85 0.08)
(0.4 0.85 0.08)
(0.45 0.85 0.08)
(0.5 0.85 0.08)
(0.55 0.85 0.08)
(0.6 0.85 0.08)
(0.65 0.85 0.08)
(0.7 0.85 0.08)
(0.75 0.85 0.08)
(0.8 0.85 0.08)
(0.85 0.85 0.08)
(0.9 0.85 0.08)
(0.95 0.85 0.08)
(1 0.85 0.08)
(1.05 0.85 0.08)
(1.1 0.85 0.08)
(1.15 0.85 0.08)
(1.2 0.85 0.08)
(1.25 0.85 0.08)
(1.3 0.85 0.08)
(1.35 0.85 0.08)
(1.4 0.85 0.08)
(1.45 0.85 0.08)
(1.5 0.85 0.08)
(1.55 0.85 0.08)
(1.6 0.85 0.08)
(1.65 0.85 0.08)
(1.7 0.85 0.08)
(1.75 0.85 0.08)
(1.8 0.85 0.08)
(1.85 0.85 0.08)
(1.9 0.85 0.08)
(1.95 0.85 0.08)
(2 0.85 0.08)
(2.05 0.85 0.08)
(2.1 0.85 0.08)
(2.15 0.85 0.08)
(2.2 0.85 0.08)
(2.25 0.85 0.08)
(2.3 0.85 0.08)
(2.35 0.85 0.08)
(2.4 0.85 0.08)
(2.45 0.85 0.08)
(2.5 0.85 0.08)
(2.55 0.85 0.08)
(2.6 0.85 0.08)
(2.65 0.85 0.08)
(2.7 0.85 0.08)
(2.75 0.85 0.08)
(2.8 0.85 0.08)
(2.85 0.85 0.08)
(2.9 0.85 0.08)
(2.95 0.85 0.08)
(3 0.85 0.08)
(3.05 0.85 0.08)
(3.1 0.85 0.08)
(3.15 0.85 0.08)
(3.2 0.85 0.08)
(3.25 0.85 0.08)
(3.3 0.85 0.08)
(3.35 0.85 0.08)
(3.4 0.85 0.08)
(3.45 0.85 0.08)
(3.5 0.85 0.08)
(3.55 0.85 0.08)
(3.6 0.85 0.08)
(3.65 0.85 0.08)
(3.7 0.85 0.08)
(3.75 0.85 0.08)
(3.8 0.85 0.08)
(3.85 0.85 0.08)
(3.9 0.85 0.08)
(3.95 0.85 0.08)
(4 0.85 0.08)
(4.05 0.85 0.08)
(4.1 0.85 0.08)
(4.15 0.85 0.08)
(4.2 0.85 0.08)
(4.25 0.85 0.08)
(4.3 0.85 0.08)
(4.35 0.85 0.08)
(4.4 0.85 0.08)
(4.45 0.85 0.08)
(4.5 0.85 0.08)
(4.55 0.85 0.08)
(4.6 0.85 0.08)
(4.65 0.85 0.08)
(4.7 0.85 0.08)
(4.75 0.85 0.08)
(4.8 0.85 0.08)
(4.85 0.85 0.08)
(4.9 0.85 0.08)
(4.95 0.85 0.08)
(5 0.85 0.08)
(5.05 0.85 0.08)
(5.1 0.85 0.08)
(5.15 0.85 0.08)
(5.2 0.85 0.08)
(5.25 0.85 0.08)
(5.3 0.85 0.08)
(5.35 0.85 0.08)
(5.4 0.85 0.08)
(5.45 0.85 0.08)
(5.5 0.85 0.08)
(5.55 0.85 0.08)
(5.6 0.85 0.08)
(5.65 0.85 0.08)
(5.7 0.85 0.08)
(5.75 0.85 0.08)
(5.8 0.85 0.08)
(5.85 0.85 0.08)
(5.9 0.85 0.08)
(5.95 0.85 0.08)
(6 0.85 0.08)
(6.05 0.85 0.08)
(6.1 0.85 0.08)
(6.15 0.85 0.08)
(6.2 0.85 0.08)
(6.25 0.85 0.08)
(6.3 0.85 0.08)
(6.35 0.85 0.08)
(6.4 0.85 0.08)
(6.45 0.85 0.08)
(6.5 0.85 0.08)
(6.55 0.85 0.08)
(6.6 0.85 0.08)
(6.65 0.85 0.08)
(6.7 0.85 0.08)
(6.75 0.85 0.08)
(6.8 0.85 0.08)
(6.85 0.85 0.08)
(6.9 0.85 0.08)
(6.95 0.85 0.08)
(7 0.85 0.08)
(7.05 0.85 0.08)
(7.1 0.85 0.08)
(7.15 0.85 0.08)
(7.2 0.85 0.08)
(7.25 0.85 0.08)
(7.3 0.85 0.08)
(7.35 0.85 0.08)
(7.4 0.85 0.08)
(7.45 0.85 0.08)
(7.5 0.85 0.08)
(7.55 0.85 0.08)
(7.6 0.85 0.08)
(7.65 0.85 0.08)
(7.7 0.85 0.08)
(7.75 0.85 0.08)
(7.8 0.85 0.08)
(7.85 0.85 0.08)
(7.9 0.85 0.08)
(7.95 0.85 0.08)
(8 0.85 0.08)
(8.05 0.85 0.08)
(8.1 0.85 0.08)
(8.15 0.85 0.08)
(8.2 0.85 0.08)
(8.25 0.85 0.08)
(8.3 0.85 0.08)
(8.35 0.85 0.08)
(8.4 0.85 0.08)
(8.45 0.85 0.08)
(8.5 0.85 0.08)
(8.55 0.85 0.08)
(8.6 0.85 0.08)
(8.65 0.85 0.08)
(8.7 0.85 0.08)
(8.75 0.85 0.08)
(8.8 0.85 0.08)
(8.85 0.85 0.08)
(8.9 0.85 0.08)
(8.95 0.85 0.08)
(9 0.85 0.08)
(9.05 0.85 0.08)
(9.1 0.85 0.08)
(9.15 0.85 0.08)
(9.2 0.85 0.08)
(9.25 0.85 0.08)
(9.3 0.85 0.08)
(9.35 0.85 0.08)
(9.4 0.85 0.08)
(9.45 0.85 0.08)
(9.5 0.85 0.08)
(9.55 0.85 0.08)
(9.6 0.85 0.08)
(9.65 0.85 0.08)
(9.7 0.85 0.08)
(9.75 0.85 0.08)
(9.8 0.85 0.08)
(9.85 0.85 0.08)
(9.9 0.85 0.08)
(9.95 0.85 0.08)
(10 0.85 0.08)
(0 0.9 0.08)
(0.05 0.9 0.08)
(0.1 0.9 0.08)
(0.15 0.9 0.08)
(0.2 0.9 0.08)
(0.25 0.9 0.08)
(0.3 0.9 0.08)
(0.35 0.9 0.08)
(0.4 0.9 0.08)
(0.45 0.9 0.08)
(0.5 0.9 0.08)
(0.55 0.9 0.08)
(0.6 0.9 0.08)
(0.65 0.9 0.08)
(0.7 0.9 0.08)
(0.75 0.9 0.08)
(0.8 0.9 0.08)
(0.85 0.9 0.08)
(0.9 0.9 0.08)
(0.95 0.9 0.08)
(1 0.9 0.08)
(1.05 0.9 0.08)
(1.1 0.9 0.08)
(1.15 0.9 0.08)
(1.2 0.9 0.08)
(1.25 0.9 0.08)
(1.3 0.9 0.08)
(1.35 0.9 0.08)
(1.4 0.9 0.08)
(1.45 0.9 0.08)
(1.5 0.9 0.08)
(1.55 0.9 0.08)
(1.6 0.9 0.08)
(1.65 0.9 0.08)
(1.7 0.9 0.08)
(1.75 0.9 0.08)
(1.8 0.9 0.08)
(1.85 0.9 0.08)
(1.9 0.9 0.08)
(1.95 0.9 0.08)
(2 0.9 0.08)
(2.05 0.9 0.08)
(2.1 0.9 0.08)
(2.15 0.9 0.08)
(2.2 0.9 0.08)
(2.25 0.9 0.08)
(2.3 0.9 0.08)
(2.35 0.9 0.08)
(2.4 0.9 0.08)
(2.45 0.9 0.08)
(2.5 0.9 0.08)
(2.55 0.9 0.08)
(2.6 0.9 0.08)
(2.65 0.9 0.08)
(2.7 0.9 0.08)
(2.75 0.9 0.08)
(2.8 0.9 0.08)
(2.85 0.9 0.08)
(2.9 0.9 0.08)
(2.95 0.9 0.08)
(3 0.9 0.08)
(3.05 0.9 0.08)
(3.1 0.9 0.08)
(3.15 0.9 0.08)
(3.2 0.9 0.08)
(3.25 0.9 0.08)
(3.3 0.9 0.08)
(3.35 0.9 0.08)
(3.4 0.9 0.08)
(3.45 0.9 0.08)
(3.5 0.9 0.08)
(3.55 0.9 0.08)
(3.6 0.9 0.08)
(3.65 0.9 0.08)
(3.7 0.9 0.08)
(3.75 0.9 0.08)
(3.8 0.9 0.08)
(3.85 0.9 0.08)
(3.9 0.9 0.08)
(3.95 0.9 0.08)
(4 0.9 0.08)
(4.05 0.9 0.08)
(4.1 0.9 0.08)
(4.15 0.9 0.08)
(4.2 0.9 0.08)
(4.25 0.9 0.08)
(4.3 0.9 0.08)
(4.35 0.9 0.08)
(4.4 0.9 0.08)
(4.45 0.9 0.08)
(4.5 0.9 0.08)
(4.55 0.9 0.08)
(4.6 0.9 0.08)
(4.65 0.9 0.08)
(4.7 0.9 0.08)
(4.75 0.9 0.08)
(4.8 0.9 0.08)
(4.85 0.9 0.08)
(4.9 0.9 0.08)
(4.95 0.9 0.08)
(5 0.9 0.08)
(5.05 0.9 0.08)
(5.1 0.9 0.08)
(5.15 0.9 0.08)
(5.2 0.9 0.08)
(5.25 0.9 0.08)
(5.3 0.9 0.08)
(5.35 0.9 0.08)
(5.4 0.9 0.08)
(5.45 0.9 0.08)
(5.5 0.9 0.08)
(5.55 0.9 0.08)
(5.6 0.9 0.08)
(5.65 0.9 0.08)
(5.7 0.9 0.08)
(5.75 0.9 0.08)
(5.8 0.9 0.08)
(5.85 0.9 0.08)
(5.9 0.9 0.08)
(5.95 0.9 0.08)
(6 0.9 0.08)
(6.05 0.9 0.08)
(6.1 0.9 0.08)
(6.15 0.9 0.08)
(6.2 0.9 0.08)
(6.25 0.9 0.08)
(6.3 0.9 0.08)
(6.35 0.9 0.08)
(6.4 0.9 0.08)
(6.45 0.9 0.08)
(6.5 0.9 0.08)
(6.55 0.9 0.08)
(6.6 0.9 0.08)
(6.65 0.9 0.08)
(6.7 0.9 0.08)
(6.75 0.9 0.08)
(6.8 0.9 0.08)
(6.85 0.9 0.08)
(6.9 0.9 0.08)
(6.95 0.9 0.08)
(7 0.9 0.08)
(7.05 0.9 0.08)
(7.1 0.9 0.08)
(7.15 0.9 0.08)
(7.2 0.9 0.08)
(7.25 0.9 0.08)
(7.3 0.9 0.08)
(7.35 0.9 0.08)
(7.4 0.9 0.08)
(7.45 0.9 0.08)
(7.5 0.9 0.08)
(7.55 0.9 0.08)
(7.6 0.9 0.08)
(7.65 0.9 0.08)
(7.7 0.9 0.08)
(7.75 0.9 0.08)
(7.8 0.9 0.08)
(7.85 0.9 0.08)
(7.9 0.9 0.08)
(7.95 0.9 0.08)
(8 0.9 0.08)
(8.05 0.9 0.08)
(8.1 0.9 0.08)
(8.15 0.9 0.08)
(8.2 0.9 0.08)
(8.25 0.9 0.08)
(8.3 0.9 0.08)
(8.35 0.9 0.08)
(8.4 0.9 0.08)
(8.45 0.9 0.08)
(8.5 0.9 0.08)
(8.55 0.9 0.08)
(8.6 0.9 0.08)
(8.65 0.9 0.08)
(8.7 0.9 0.08)
(8.75 0.9 0.08)
(8.8 0.9 0.08)
(8.85 0.9 0.08)
(8.9 0.9 0.08)
(8.95 0.9 0.08)
(9 0.9 0.08)
(9.05 0.9 0.08)
(9.1 0.9 0.08)
(9.15 0.9 0.08)
(9.2 0.9 0.08)
(9.25 0.9 0.08)
(9.3 0.9 0.08)
(9.35 0.9 0.08)
(9.4 0.9 0.08)
(9.45 0.9 0.08)
(9.5 0.9 0.08)
(9.55 0.9 0.08)
(9.6 0.9 0.08)
(9.65 0.9 0.08)
(9.7 0.9 0.08)
(9.75 0.9 0.08)
(9.8 0.9 0.08)
(9.85 0.9 0.08)
(9.9 0.9 0.08)
(9.95 0.9 0.08)
(10 0.9 0.08)
(0 0.95 0.08)
(0.05 0.95 0.08)
(0.1 0.95 0.08)
(0.15 0.95 0.08)
(0.2 0.95 0.08)
(0.25 0.95 0.08)
(0.3 0.95 0.08)
(0.35 0.95 0.08)
(0.4 0.95 0.08)
(0.45 0.95 0.08)
(0.5 0.95 0.08)
(0.55 0.95 0.08)
(0.6 0.95 0.08)
(0.65 0.95 0.08)
(0.7 0.95 0.08)
(0.75 0.95 0.08)
(0.8 0.95 0.08)
(0.85 0.95 0.08)
(0.9 0.95 0.08)
(0.95 0.95 0.08)
(1 0.95 0.08)
(1.05 0.95 0.08)
(1.1 0.95 0.08)
(1.15 0.95 0.08)
(1.2 0.95 0.08)
(1.25 0.95 0.08)
(1.3 0.95 0.08)
(1.35 0.95 0.08)
(1.4 0.95 0.08)
(1.45 0.95 0.08)
(1.5 0.95 0.08)
(1.55 0.95 0.08)
(1.6 0.95 0.08)
(1.65 0.95 0.08)
(1.7 0.95 0.08)
(1.75 0.95 0.08)
(1.8 0.95 0.08)
(1.85 0.95 0.08)
(1.9 0.95 0.08)
(1.95 0.95 0.08)
(2 0.95 0.08)
(2.05 0.95 0.08)
(2.1 0.95 0.08)
(2.15 0.95 0.08)
(2.2 0.95 0.08)
(2.25 0.95 0.08)
(2.3 0.95 0.08)
(2.35 0.95 0.08)
(2.4 0.95 0.08)
(2.45 0.95 0.08)
(2.5 0.95 0.08)
(2.55 0.95 0.08)
(2.6 0.95 0.08)
(2.65 0.95 0.08)
(2.7 0.95 0.08)
(2.75 0.95 0.08)
(2.8 0.95 0.08)
(2.85 0.95 0.08)
(2.9 0.95 0.08)
(2.95 0.95 0.08)
(3 0.95 0.08)
(3.05 0.95 0.08)
(3.1 0.95 0.08)
(3.15 0.95 0.08)
(3.2 0.95 0.08)
(3.25 0.95 0.08)
(3.3 0.95 0.08)
(3.35 0.95 0.08)
(3.4 0.95 0.08)
(3.45 0.95 0.08)
(3.5 0.95 0.08)
(3.55 0.95 0.08)
(3.6 0.95 0.08)
(3.65 0.95 0.08)
(3.7 0.95 0.08)
(3.75 0.95 0.08)
(3.8 0.95 0.08)
(3.85 0.95 0.08)
(3.9 0.95 0.08)
(3.95 0.95 0.08)
(4 0.95 0.08)
(4.05 0.95 0.08)
(4.1 0.95 0.08)
(4.15 0.95 0.08)
(4.2 0.95 0.08)
(4.25 0.95 0.08)
(4.3 0.95 0.08)
(4.35 0.95 0.08)
(4.4 0.95 0.08)
(4.45 0.95 0.08)
(4.5 0.95 0.08)
(4.55 0.95 0.08)
(4.6 0.95 0.08)
(4.65 0.95 0.08)
(4.7 0.95 0.08)
(4.75 0.95 0.08)
(4.8 0.95 0.08)
(4.85 0.95 0.08)
(4.9 0.95 0.08)
(4.95 0.95 0.08)
(5 0.95 0.08)
(5.05 0.95 0.08)
(5.1 0.95 0.08)
(5.15 0.95 0.08)
(5.2 0.95 0.08)
(5.25 0.95 0.08)
(5.3 0.95 0.08)
(5.35 0.95 0.08)
(5.4 0.95 0.08)
(5.45 0.95 0.08)
(5.5 0.95 0.08)
(5.55 0.95 0.08)
(5.6 0.95 0.08)
(5.65 0.95 0.08)
(5.7 0.95 0.08)
(5.75 0.95 0.08)
(5.8 0.95 0.08)
(5.85 0.95 0.08)
(5.9 0.95 0.08)
(5.95 0.95 0.08)
(6 0.95 0.08)
(6.05 0.95 0.08)
(6.1 0.95 0.08)
(6.15 0.95 0.08)
(6.2 0.95 0.08)
(6.25 0.95 0.08)
(6.3 0.95 0.08)
(6.35 0.95 0.08)
(6.4 0.95 0.08)
(6.45 0.95 0.08)
(6.5 0.95 0.08)
(6.55 0.95 0.08)
(6.6 0.95 0.08)
(6.65 0.95 0.08)
(6.7 0.95 0.08)
(6.75 0.95 0.08)
(6.8 0.95 0.08)
(6.85 0.95 0.08)
(6.9 0.95 0.08)
(6.95 0.95 0.08)
(7 0.95 0.08)
(7.05 0.95 0.08)
(7.1 0.95 0.08)
(7.15 0.95 0.08)
(7.2 0.95 0.08)
(7.25 0.95 0.08)
(7.3 0.95 0.08)
(7.35 0.95 0.08)
(7.4 0.95 0.08)
(7.45 0.95 0.08)
(7.5 0.95 0.08)
(7.55 0.95 0.08)
(7.6 0.95 0.08)
(7.65 0.95 0.08)
(7.7 0.95 0.08)
(7.75 0.95 0.08)
(7.8 0.95 0.08)
(7.85 0.95 0.08)
(7.9 0.95 0.08)
(7.95 0.95 0.08)
(8 0.95 0.08)
(8.05 0.95 0.08)
(8.1 0.95 0.08)
(8.15 0.95 0.08)
(8.2 0.95 0.08)
(8.25 0.95 0.08)
(8.3 0.95 0.08)
(8.35 0.95 0.08)
(8.4 0.95 0.08)
(8.45 0.95 0.08)
(8.5 0.95 0.08)
(8.55 0.95 0.08)
(8.6 0.95 0.08)
(8.65 0.95 0.08)
(8.7 0.95 0.08)
(8.75 0.95 0.08)
(8.8 0.95 0.08)
(8.85 0.95 0.08)
(8.9 0.95 0.08)
(8.95 0.95 0.08)
(9 0.95 0.08)
(9.05 0.95 0.08)
(9.1 0.95 0.08)
(9.15 0.95 0.08)
(9.2 0.95 0.08)
(9.25 0.95 0.08)
(9.3 0.95 0.08)
(9.35 0.95 0.08)
(9.4 0.95 0.08)
(9.45 0.95 0.08)
(9.5 0.95 0.08)
(9.55 0.95 0.08)
(9.6 0.95 0.08)
(9.65 0.95 0.08)
(9.7 0.95 0.08)
(9.75 0.95 0.08)
(9.8 0.95 0.08)
(9.85 0.95 0.08)
(9.9 0.95 0.08)
(9.95 0.95 0.08)
(10 0.95 0.08)
(0 1 0.08)
(0.05 1 0.08)
(0.1 1 0.08)
(0.15 1 0.08)
(0.2 1 0.08)
(0.25 1 0.08)
(0.3 1 0.08)
(0.35 1 0.08)
(0.4 1 0.08)
(0.45 1 0.08)
(0.5 1 0.08)
(0.55 1 0.08)
(0.6 1 0.08)
(0.65 1 0.08)
(0.7 1 0.08)
(0.75 1 0.08)
(0.8 1 0.08)
(0.85 1 0.08)
(0.9 1 0.08)
(0.95 1 0.08)
(1 1 0.08)
(1.05 1 0.08)
(1.1 1 0.08)
(1.15 1 0.08)
(1.2 1 0.08)
(1.25 1 0.08)
(1.3 1 0.08)
(1.35 1 0.08)
(1.4 1 0.08)
(1.45 1 0.08)
(1.5 1 0.08)
(1.55 1 0.08)
(1.6 1 0.08)
(1.65 1 0.08)
(1.7 1 0.08)
(1.75 1 0.08)
(1.8 1 0.08)
(1.85 1 0.08)
(1.9 1 0.08)
(1.95 1 0.08)
(2 1 0.08)
(2.05 1 0.08)
(2.1 1 0.08)
(2.15 1 0.08)
(2.2 1 0.08)
(2.25 1 0.08)
(2.3 1 0.08)
(2.35 1 0.08)
(2.4 1 0.08)
(2.45 1 0.08)
(2.5 1 0.08)
(2.55 1 0.08)
(2.6 1 0.08)
(2.65 1 0.08)
(2.7 1 0.08)
(2.75 1 0.08)
(2.8 1 0.08)
(2.85 1 0.08)
(2.9 1 0.08)
(2.95 1 0.08)
(3 1 0.08)
(3.05 1 0.08)
(3.1 1 0.08)
(3.15 1 0.08)
(3.2 1 0.08)
(3.25 1 0.08)
(3.3 1 0.08)
(3.35 1 0.08)
(3.4 1 0.08)
(3.45 1 0.08)
(3.5 1 0.08)
(3.55 1 0.08)
(3.6 1 0.08)
(3.65 1 0.08)
(3.7 1 0.08)
(3.75 1 0.08)
(3.8 1 0.08)
(3.85 1 0.08)
(3.9 1 0.08)
(3.95 1 0.08)
(4 1 0.08)
(4.05 1 0.08)
(4.1 1 0.08)
(4.15 1 0.08)
(4.2 1 0.08)
(4.25 1 0.08)
(4.3 1 0.08)
(4.35 1 0.08)
(4.4 1 0.08)
(4.45 1 0.08)
(4.5 1 0.08)
(4.55 1 0.08)
(4.6 1 0.08)
(4.65 1 0.08)
(4.7 1 0.08)
(4.75 1 0.08)
(4.8 1 0.08)
(4.85 1 0.08)
(4.9 1 0.08)
(4.95 1 0.08)
(5 1 0.08)
(5.05 1 0.08)
(5.1 1 0.08)
(5.15 1 0.08)
(5.2 1 0.08)
(5.25 1 0.08)
(5.3 1 0.08)
(5.35 1 0.08)
(5.4 1 0.08)
(5.45 1 0.08)
(5.5 1 0.08)
(5.55 1 0.08)
(5.6 1 0.08)
(5.65 1 0.08)
(5.7 1 0.08)
(5.75 1 0.08)
(5.8 1 0.08)
(5.85 1 0.08)
(5.9 1 0.08)
(5.95 1 0.08)
(6 1 0.08)
(6.05 1 0.08)
(6.1 1 0.08)
(6.15 1 0.08)
(6.2 1 0.08)
(6.25 1 0.08)
(6.3 1 0.08)
(6.35 1 0.08)
(6.4 1 0.08)
(6.45 1 0.08)
(6.5 1 0.08)
(6.55 1 0.08)
(6.6 1 0.08)
(6.65 1 0.08)
(6.7 1 0.08)
(6.75 1 0.08)
(6.8 1 0.08)
(6.85 1 0.08)
(6.9 1 0.08)
(6.95 1 0.08)
(7 1 0.08)
(7.05 1 0.08)
(7.1 1 0.08)
(7.15 1 0.08)
(7.2 1 0.08)
(7.25 1 0.08)
(7.3 1 0.08)
(7.35 1 0.08)
(7.4 1 0.08)
(7.45 1 0.08)
(7.5 1 0.08)
(7.55 1 0.08)
(7.6 1 0.08)
(7.65 1 0.08)
(7.7 1 0.08)
(7.75 1 0.08)
(7.8 1 0.08)
(7.85 1 0.08)
(7.9 1 0.08)
(7.95 1 0.08)
(8 1 0.08)
(8.05 1 0.08)
(8.1 1 0.08)
(8.15 1 0.08)
(8.2 1 0.08)
(8.25 1 0.08)
(8.3 1 0.08)
(8.35 1 0.08)
(8.4 1 0.08)
(8.45 1 0.08)
(8.5 1 0.08)
(8.55 1 0.08)
(8.6 1 0.08)
(8.65 1 0.08)
(8.7 1 0.08)
(8.75 1 0.08)
(8.8 1 0.08)
(8.85 1 0.08)
(8.9 1 0.08)
(8.95 1 0.08)
(9 1 0.08)
(9.05 1 0.08)
(9.1 1 0.08)
(9.15 1 0.08)
(9.2 1 0.08)
(9.25 1 0.08)
(9.3 1 0.08)
(9.35 1 0.08)
(9.4 1 0.08)
(9.45 1 0.08)
(9.5 1 0.08)
(9.55 1 0.08)
(9.6 1 0.08)
(9.65 1 0.08)
(9.7 1 0.08)
(9.75 1 0.08)
(9.8 1 0.08)
(9.85 1 0.08)
(9.9 1 0.08)
(9.95 1 0.08)
(10 1 0.08)
(0 0 0.09)
(0.05 0 0.09)
(0.1 0 0.09)
(0.15 0 0.09)
(0.2 0 0.09)
(0.25 0 0.09)
(0.3 0 0.09)
(0.35 0 0.09)
(0.4 0 0.09)
(0.45 0 0.09)
(0.5 0 0.09)
(0.55 0 0.09)
(0.6 0 0.09)
(0.65 0 0.09)
(0.7 0 0.09)
(0.75 0 0.09)
(0.8 0 0.09)
(0.85 0 0.09)
(0.9 0 0.09)
(0.95 0 0.09)
(1 0 0.09)
(1.05 0 0.09)
(1.1 0 0.09)
(1.15 0 0.09)
(1.2 0 0.09)
(1.25 0 0.09)
(1.3 0 0.09)
(1.35 0 0.09)
(1.4 0 0.09)
(1.45 0 0.09)
(1.5 0 0.09)
(1.55 0 0.09)
(1.6 0 0.09)
(1.65 0 0.09)
(1.7 0 0.09)
(1.75 0 0.09)
(1.8 0 0.09)
(1.85 0 0.09)
(1.9 0 0.09)
(1.95 0 0.09)
(2 0 0.09)
(2.05 0 0.09)
(2.1 0 0.09)
(2.15 0 0.09)
(2.2 0 0.09)
(2.25 0 0.09)
(2.3 0 0.09)
(2.35 0 0.09)
(2.4 0 0.09)
(2.45 0 0.09)
(2.5 0 0.09)
(2.55 0 0.09)
(2.6 0 0.09)
(2.65 0 0.09)
(2.7 0 0.09)
(2.75 0 0.09)
(2.8 0 0.09)
(2.85 0 0.09)
(2.9 0 0.09)
(2.95 0 0.09)
(3 0 0.09)
(3.05 0 0.09)
(3.1 0 0.09)
(3.15 0 0.09)
(3.2 0 0.09)
(3.25 0 0.09)
(3.3 0 0.09)
(3.35 0 0.09)
(3.4 0 0.09)
(3.45 0 0.09)
(3.5 0 0.09)
(3.55 0 0.09)
(3.6 0 0.09)
(3.65 0 0.09)
(3.7 0 0.09)
(3.75 0 0.09)
(3.8 0 0.09)
(3.85 0 0.09)
(3.9 0 0.09)
(3.95 0 0.09)
(4 0 0.09)
(4.05 0 0.09)
(4.1 0 0.09)
(4.15 0 0.09)
(4.2 0 0.09)
(4.25 0 0.09)
(4.3 0 0.09)
(4.35 0 0.09)
(4.4 0 0.09)
(4.45 0 0.09)
(4.5 0 0.09)
(4.55 0 0.09)
(4.6 0 0.09)
(4.65 0 0.09)
(4.7 0 0.09)
(4.75 0 0.09)
(4.8 0 0.09)
(4.85 0 0.09)
(4.9 0 0.09)
(4.95 0 0.09)
(5 0 0.09)
(5.05 0 0.09)
(5.1 0 0.09)
(5.15 0 0.09)
(5.2 0 0.09)
(5.25 0 0.09)
(5.3 0 0.09)
(5.35 0 0.09)
(5.4 0 0.09)
(5.45 0 0.09)
(5.5 0 0.09)
(5.55 0 0.09)
(5.6 0 0.09)
(5.65 0 0.09)
(5.7 0 0.09)
(5.75 0 0.09)
(5.8 0 0.09)
(5.85 0 0.09)
(5.9 0 0.09)
(5.95 0 0.09)
(6 0 0.09)
(6.05 0 0.09)
(6.1 0 0.09)
(6.15 0 0.09)
(6.2 0 0.09)
(6.25 0 0.09)
(6.3 0 0.09)
(6.35 0 0.09)
(6.4 0 0.09)
(6.45 0 0.09)
(6.5 0 0.09)
(6.55 0 0.09)
(6.6 0 0.09)
(6.65 0 0.09)
(6.7 0 0.09)
(6.75 0 0.09)
(6.8 0 0.09)
(6.85 0 0.09)
(6.9 0 0.09)
(6.95 0 0.09)
(7 0 0.09)
(7.05 0 0.09)
(7.1 0 0.09)
(7.15 0 0.09)
(7.2 0 0.09)
(7.25 0 0.09)
(7.3 0 0.09)
(7.35 0 0.09)
(7.4 0 0.09)
(7.45 0 0.09)
(7.5 0 0.09)
(7.55 0 0.09)
(7.6 0 0.09)
(7.65 0 0.09)
(7.7 0 0.09)
(7.75 0 0.09)
(7.8 0 0.09)
(7.85 0 0.09)
(7.9 0 0.09)
(7.95 0 0.09)
(8 0 0.09)
(8.05 0 0.09)
(8.1 0 0.09)
(8.15 0 0.09)
(8.2 0 0.09)
(8.25 0 0.09)
(8.3 0 0.09)
(8.35 0 0.09)
(8.4 0 0.09)
(8.45 0 0.09)
(8.5 0 0.09)
(8.55 0 0.09)
(8.6 0 0.09)
(8.65 0 0.09)
(8.7 0 0.09)
(8.75 0 0.09)
(8.8 0 0.09)
(8.85 0 0.09)
(8.9 0 0.09)
(8.95 0 0.09)
(9 0 0.09)
(9.05 0 0.09)
(9.1 0 0.09)
(9.15 0 0.09)
(9.2 0 0.09)
(9.25 0 0.09)
(9.3 0 0.09)
(9.35 0 0.09)
(9.4 0 0.09)
(9.45 0 0.09)
(9.5 0 0.09)
(9.55 0 0.09)
(9.6 0 0.09)
(9.65 0 0.09)
(9.7 0 0.09)
(9.75 0 0.09)
(9.8 0 0.09)
(9.85 0 0.09)
(9.9 0 0.09)
(9.95 0 0.09)
(10 0 0.09)
(0 0.05 0.09)
(0.05 0.05 0.09)
(0.1 0.05 0.09)
(0.15 0.05 0.09)
(0.2 0.05 0.09)
(0.25 0.05 0.09)
(0.3 0.05 0.09)
(0.35 0.05 0.09)
(0.4 0.05 0.09)
(0.45 0.05 0.09)
(0.5 0.05 0.09)
(0.55 0.05 0.09)
(0.6 0.05 0.09)
(0.65 0.05 0.09)
(0.7 0.05 0.09)
(0.75 0.05 0.09)
(0.8 0.05 0.09)
(0.85 0.05 0.09)
(0.9 0.05 0.09)
(0.95 0.05 0.09)
(1 0.05 0.09)
(1.05 0.05 0.09)
(1.1 0.05 0.09)
(1.15 0.05 0.09)
(1.2 0.05 0.09)
(1.25 0.05 0.09)
(1.3 0.05 0.09)
(1.35 0.05 0.09)
(1.4 0.05 0.09)
(1.45 0.05 0.09)
(1.5 0.05 0.09)
(1.55 0.05 0.09)
(1.6 0.05 0.09)
(1.65 0.05 0.09)
(1.7 0.05 0.09)
(1.75 0.05 0.09)
(1.8 0.05 0.09)
(1.85 0.05 0.09)
(1.9 0.05 0.09)
(1.95 0.05 0.09)
(2 0.05 0.09)
(2.05 0.05 0.09)
(2.1 0.05 0.09)
(2.15 0.05 0.09)
(2.2 0.05 0.09)
(2.25 0.05 0.09)
(2.3 0.05 0.09)
(2.35 0.05 0.09)
(2.4 0.05 0.09)
(2.45 0.05 0.09)
(2.5 0.05 0.09)
(2.55 0.05 0.09)
(2.6 0.05 0.09)
(2.65 0.05 0.09)
(2.7 0.05 0.09)
(2.75 0.05 0.09)
(2.8 0.05 0.09)
(2.85 0.05 0.09)
(2.9 0.05 0.09)
(2.95 0.05 0.09)
(3 0.05 0.09)
(3.05 0.05 0.09)
(3.1 0.05 0.09)
(3.15 0.05 0.09)
(3.2 0.05 0.09)
(3.25 0.05 0.09)
(3.3 0.05 0.09)
(3.35 0.05 0.09)
(3.4 0.05 0.09)
(3.45 0.05 0.09)
(3.5 0.05 0.09)
(3.55 0.05 0.09)
(3.6 0.05 0.09)
(3.65 0.05 0.09)
(3.7 0.05 0.09)
(3.75 0.05 0.09)
(3.8 0.05 0.09)
(3.85 0.05 0.09)
(3.9 0.05 0.09)
(3.95 0.05 0.09)
(4 0.05 0.09)
(4.05 0.05 0.09)
(4.1 0.05 0.09)
(4.15 0.05 0.09)
(4.2 0.05 0.09)
(4.25 0.05 0.09)
(4.3 0.05 0.09)
(4.35 0.05 0.09)
(4.4 0.05 0.09)
(4.45 0.05 0.09)
(4.5 0.05 0.09)
(4.55 0.05 0.09)
(4.6 0.05 0.09)
(4.65 0.05 0.09)
(4.7 0.05 0.09)
(4.75 0.05 0.09)
(4.8 0.05 0.09)
(4.85 0.05 0.09)
(4.9 0.05 0.09)
(4.95 0.05 0.09)
(5 0.05 0.09)
(5.05 0.05 0.09)
(5.1 0.05 0.09)
(5.15 0.05 0.09)
(5.2 0.05 0.09)
(5.25 0.05 0.09)
(5.3 0.05 0.09)
(5.35 0.05 0.09)
(5.4 0.05 0.09)
(5.45 0.05 0.09)
(5.5 0.05 0.09)
(5.55 0.05 0.09)
(5.6 0.05 0.09)
(5.65 0.05 0.09)
(5.7 0.05 0.09)
(5.75 0.05 0.09)
(5.8 0.05 0.09)
(5.85 0.05 0.09)
(5.9 0.05 0.09)
(5.95 0.05 0.09)
(6 0.05 0.09)
(6.05 0.05 0.09)
(6.1 0.05 0.09)
(6.15 0.05 0.09)
(6.2 0.05 0.09)
(6.25 0.05 0.09)
(6.3 0.05 0.09)
(6.35 0.05 0.09)
(6.4 0.05 0.09)
(6.45 0.05 0.09)
(6.5 0.05 0.09)
(6.55 0.05 0.09)
(6.6 0.05 0.09)
(6.65 0.05 0.09)
(6.7 0.05 0.09)
(6.75 0.05 0.09)
(6.8 0.05 0.09)
(6.85 0.05 0.09)
(6.9 0.05 0.09)
(6.95 0.05 0.09)
(7 0.05 0.09)
(7.05 0.05 0.09)
(7.1 0.05 0.09)
(7.15 0.05 0.09)
(7.2 0.05 0.09)
(7.25 0.05 0.09)
(7.3 0.05 0.09)
(7.35 0.05 0.09)
(7.4 0.05 0.09)
(7.45 0.05 0.09)
(7.5 0.05 0.09)
(7.55 0.05 0.09)
(7.6 0.05 0.09)
(7.65 0.05 0.09)
(7.7 0.05 0.09)
(7.75 0.05 0.09)
(7.8 0.05 0.09)
(7.85 0.05 0.09)
(7.9 0.05 0.09)
(7.95 0.05 0.09)
(8 0.05 0.09)
(8.05 0.05 0.09)
(8.1 0.05 0.09)
(8.15 0.05 0.09)
(8.2 0.05 0.09)
(8.25 0.05 0.09)
(8.3 0.05 0.09)
(8.35 0.05 0.09)
(8.4 0.05 0.09)
(8.45 0.05 0.09)
(8.5 0.05 0.09)
(8.55 0.05 0.09)
(8.6 0.05 0.09)
(8.65 0.05 0.09)
(8.7 0.05 0.09)
(8.75 0.05 0.09)
(8.8 0.05 0.09)
(8.85 0.05 0.09)
(8.9 0.05 0.09)
(8.95 0.05 0.09)
(9 0.05 0.09)
(9.05 0.05 0.09)
(9.1 0.05 0.09)
(9.15 0.05 0.09)
(9.2 0.05 0.09)
(9.25 0.05 0.09)
(9.3 0.05 0.09)
(9.35 0.05 0.09)
(9.4 0.05 0.09)
(9.45 0.05 0.09)
(9.5 0.05 0.09)
(9.55 0.05 0.09)
(9.6 0.05 0.09)
(9.65 0.05 0.09)
(9.7 0.05 0.09)
(9.75 0.05 0.09)
(9.8 0.05 0.09)
(9.85 0.05 0.09)
(9.9 0.05 0.09)
(9.95 0.05 0.09)
(10 0.05 0.09)
(0 0.1 0.09)
(0.05 0.1 0.09)
(0.1 0.1 0.09)
(0.15 0.1 0.09)
(0.2 0.1 0.09)
(0.25 0.1 0.09)
(0.3 0.1 0.09)
(0.35 0.1 0.09)
(0.4 0.1 0.09)
(0.45 0.1 0.09)
(0.5 0.1 0.09)
(0.55 0.1 0.09)
(0.6 0.1 0.09)
(0.65 0.1 0.09)
(0.7 0.1 0.09)
(0.75 0.1 0.09)
(0.8 0.1 0.09)
(0.85 0.1 0.09)
(0.9 0.1 0.09)
(0.95 0.1 0.09)
(1 0.1 0.09)
(1.05 0.1 0.09)
(1.1 0.1 0.09)
(1.15 0.1 0.09)
(1.2 0.1 0.09)
(1.25 0.1 0.09)
(1.3 0.1 0.09)
(1.35 0.1 0.09)
(1.4 0.1 0.09)
(1.45 0.1 0.09)
(1.5 0.1 0.09)
(1.55 0.1 0.09)
(1.6 0.1 0.09)
(1.65 0.1 0.09)
(1.7 0.1 0.09)
(1.75 0.1 0.09)
(1.8 0.1 0.09)
(1.85 0.1 0.09)
(1.9 0.1 0.09)
(1.95 0.1 0.09)
(2 0.1 0.09)
(2.05 0.1 0.09)
(2.1 0.1 0.09)
(2.15 0.1 0.09)
(2.2 0.1 0.09)
(2.25 0.1 0.09)
(2.3 0.1 0.09)
(2.35 0.1 0.09)
(2.4 0.1 0.09)
(2.45 0.1 0.09)
(2.5 0.1 0.09)
(2.55 0.1 0.09)
(2.6 0.1 0.09)
(2.65 0.1 0.09)
(2.7 0.1 0.09)
(2.75 0.1 0.09)
(2.8 0.1 0.09)
(2.85 0.1 0.09)
(2.9 0.1 0.09)
(2.95 0.1 0.09)
(3 0.1 0.09)
(3.05 0.1 0.09)
(3.1 0.1 0.09)
(3.15 0.1 0.09)
(3.2 0.1 0.09)
(3.25 0.1 0.09)
(3.3 0.1 0.09)
(3.35 0.1 0.09)
(3.4 0.1 0.09)
(3.45 0.1 0.09)
(3.5 0.1 0.09)
(3.55 0.1 0.09)
(3.6 0.1 0.09)
(3.65 0.1 0.09)
(3.7 0.1 0.09)
(3.75 0.1 0.09)
(3.8 0.1 0.09)
(3.85 0.1 0.09)
(3.9 0.1 0.09)
(3.95 0.1 0.09)
(4 0.1 0.09)
(4.05 0.1 0.09)
(4.1 0.1 0.09)
(4.15 0.1 0.09)
(4.2 0.1 0.09)
(4.25 0.1 0.09)
(4.3 0.1 0.09)
(4.35 0.1 0.09)
(4.4 0.1 0.09)
(4.45 0.1 0.09)
(4.5 0.1 0.09)
(4.55 0.1 0.09)
(4.6 0.1 0.09)
(4.65 0.1 0.09)
(4.7 0.1 0.09)
(4.75 0.1 0.09)
(4.8 0.1 0.09)
(4.85 0.1 0.09)
(4.9 0.1 0.09)
(4.95 0.1 0.09)
(5 0.1 0.09)
(5.05 0.1 0.09)
(5.1 0.1 0.09)
(5.15 0.1 0.09)
(5.2 0.1 0.09)
(5.25 0.1 0.09)
(5.3 0.1 0.09)
(5.35 0.1 0.09)
(5.4 0.1 0.09)
(5.45 0.1 0.09)
(5.5 0.1 0.09)
(5.55 0.1 0.09)
(5.6 0.1 0.09)
(5.65 0.1 0.09)
(5.7 0.1 0.09)
(5.75 0.1 0.09)
(5.8 0.1 0.09)
(5.85 0.1 0.09)
(5.9 0.1 0.09)
(5.95 0.1 0.09)
(6 0.1 0.09)
(6.05 0.1 0.09)
(6.1 0.1 0.09)
(6.15 0.1 0.09)
(6.2 0.1 0.09)
(6.25 0.1 0.09)
(6.3 0.1 0.09)
(6.35 0.1 0.09)
(6.4 0.1 0.09)
(6.45 0.1 0.09)
(6.5 0.1 0.09)
(6.55 0.1 0.09)
(6.6 0.1 0.09)
(6.65 0.1 0.09)
(6.7 0.1 0.09)
(6.75 0.1 0.09)
(6.8 0.1 0.09)
(6.85 0.1 0.09)
(6.9 0.1 0.09)
(6.95 0.1 0.09)
(7 0.1 0.09)
(7.05 0.1 0.09)
(7.1 0.1 0.09)
(7.15 0.1 0.09)
(7.2 0.1 0.09)
(7.25 0.1 0.09)
(7.3 0.1 0.09)
(7.35 0.1 0.09)
(7.4 0.1 0.09)
(7.45 0.1 0.09)
(7.5 0.1 0.09)
(7.55 0.1 0.09)
(7.6 0.1 0.09)
(7.65 0.1 0.09)
(7.7 0.1 0.09)
(7.75 0.1 0.09)
(7.8 0.1 0.09)
(7.85 0.1 0.09)
(7.9 0.1 0.09)
(7.95 0.1 0.09)
(8 0.1 0.09)
(8.05 0.1 0.09)
(8.1 0.1 0.09)
(8.15 0.1 0.09)
(8.2 0.1 0.09)
(8.25 0.1 0.09)
(8.3 0.1 0.09)
(8.35 0.1 0.09)
(8.4 0.1 0.09)
(8.45 0.1 0.09)
(8.5 0.1 0.09)
(8.55 0.1 0.09)
(8.6 0.1 0.09)
(8.65 0.1 0.09)
(8.7 0.1 0.09)
(8.75 0.1 0.09)
(8.8 0.1 0.09)
(8.85 0.1 0.09)
(8.9 0.1 0.09)
(8.95 0.1 0.09)
(9 0.1 0.09)
(9.05 0.1 0.09)
(9.1 0.1 0.09)
(9.15 0.1 0.09)
(9.2 0.1 0.09)
(9.25 0.1 0.09)
(9.3 0.1 0.09)
(9.35 0.1 0.09)
(9.4 0.1 0.09)
(9.45 0.1 0.09)
(9.5 0.1 0.09)
(9.55 0.1 0.09)
(9.6 0.1 0.09)
(9.65 0.1 0.09)
(9.7 0.1 0.09)
(9.75 0.1 0.09)
(9.8 0.1 0.09)
(9.85 0.1 0.09)
(9.9 0.1 0.09)
(9.95 0.1 0.09)
(10 0.1 0.09)
(0 0.15 0.09)
(0.05 0.15 0.09)
(0.1 0.15 0.09)
(0.15 0.15 0.09)
(0.2 0.15 0.09)
(0.25 0.15 0.09)
(0.3 0.15 0.09)
(0.35 0.15 0.09)
(0.4 0.15 0.09)
(0.45 0.15 0.09)
(0.5 0.15 0.09)
(0.55 0.15 0.09)
(0.6 0.15 0.09)
(0.65 0.15 0.09)
(0.7 0.15 0.09)
(0.75 0.15 0.09)
(0.8 0.15 0.09)
(0.85 0.15 0.09)
(0.9 0.15 0.09)
(0.95 0.15 0.09)
(1 0.15 0.09)
(1.05 0.15 0.09)
(1.1 0.15 0.09)
(1.15 0.15 0.09)
(1.2 0.15 0.09)
(1.25 0.15 0.09)
(1.3 0.15 0.09)
(1.35 0.15 0.09)
(1.4 0.15 0.09)
(1.45 0.15 0.09)
(1.5 0.15 0.09)
(1.55 0.15 0.09)
(1.6 0.15 0.09)
(1.65 0.15 0.09)
(1.7 0.15 0.09)
(1.75 0.15 0.09)
(1.8 0.15 0.09)
(1.85 0.15 0.09)
(1.9 0.15 0.09)
(1.95 0.15 0.09)
(2 0.15 0.09)
(2.05 0.15 0.09)
(2.1 0.15 0.09)
(2.15 0.15 0.09)
(2.2 0.15 0.09)
(2.25 0.15 0.09)
(2.3 0.15 0.09)
(2.35 0.15 0.09)
(2.4 0.15 0.09)
(2.45 0.15 0.09)
(2.5 0.15 0.09)
(2.55 0.15 0.09)
(2.6 0.15 0.09)
(2.65 0.15 0.09)
(2.7 0.15 0.09)
(2.75 0.15 0.09)
(2.8 0.15 0.09)
(2.85 0.15 0.09)
(2.9 0.15 0.09)
(2.95 0.15 0.09)
(3 0.15 0.09)
(3.05 0.15 0.09)
(3.1 0.15 0.09)
(3.15 0.15 0.09)
(3.2 0.15 0.09)
(3.25 0.15 0.09)
(3.3 0.15 0.09)
(3.35 0.15 0.09)
(3.4 0.15 0.09)
(3.45 0.15 0.09)
(3.5 0.15 0.09)
(3.55 0.15 0.09)
(3.6 0.15 0.09)
(3.65 0.15 0.09)
(3.7 0.15 0.09)
(3.75 0.15 0.09)
(3.8 0.15 0.09)
(3.85 0.15 0.09)
(3.9 0.15 0.09)
(3.95 0.15 0.09)
(4 0.15 0.09)
(4.05 0.15 0.09)
(4.1 0.15 0.09)
(4.15 0.15 0.09)
(4.2 0.15 0.09)
(4.25 0.15 0.09)
(4.3 0.15 0.09)
(4.35 0.15 0.09)
(4.4 0.15 0.09)
(4.45 0.15 0.09)
(4.5 0.15 0.09)
(4.55 0.15 0.09)
(4.6 0.15 0.09)
(4.65 0.15 0.09)
(4.7 0.15 0.09)
(4.75 0.15 0.09)
(4.8 0.15 0.09)
(4.85 0.15 0.09)
(4.9 0.15 0.09)
(4.95 0.15 0.09)
(5 0.15 0.09)
(5.05 0.15 0.09)
(5.1 0.15 0.09)
(5.15 0.15 0.09)
(5.2 0.15 0.09)
(5.25 0.15 0.09)
(5.3 0.15 0.09)
(5.35 0.15 0.09)
(5.4 0.15 0.09)
(5.45 0.15 0.09)
(5.5 0.15 0.09)
(5.55 0.15 0.09)
(5.6 0.15 0.09)
(5.65 0.15 0.09)
(5.7 0.15 0.09)
(5.75 0.15 0.09)
(5.8 0.15 0.09)
(5.85 0.15 0.09)
(5.9 0.15 0.09)
(5.95 0.15 0.09)
(6 0.15 0.09)
(6.05 0.15 0.09)
(6.1 0.15 0.09)
(6.15 0.15 0.09)
(6.2 0.15 0.09)
(6.25 0.15 0.09)
(6.3 0.15 0.09)
(6.35 0.15 0.09)
(6.4 0.15 0.09)
(6.45 0.15 0.09)
(6.5 0.15 0.09)
(6.55 0.15 0.09)
(6.6 0.15 0.09)
(6.65 0.15 0.09)
(6.7 0.15 0.09)
(6.75 0.15 0.09)
(6.8 0.15 0.09)
(6.85 0.15 0.09)
(6.9 0.15 0.09)
(6.95 0.15 0.09)
(7 0.15 0.09)
(7.05 0.15 0.09)
(7.1 0.15 0.09)
(7.15 0.15 0.09)
(7.2 0.15 0.09)
(7.25 0.15 0.09)
(7.3 0.15 0.09)
(7.35 0.15 0.09)
(7.4 0.15 0.09)
(7.45 0.15 0.09)
(7.5 0.15 0.09)
(7.55 0.15 0.09)
(7.6 0.15 0.09)
(7.65 0.15 0.09)
(7.7 0.15 0.09)
(7.75 0.15 0.09)
(7.8 0.15 0.09)
(7.85 0.15 0.09)
(7.9 0.15 0.09)
(7.95 0.15 0.09)
(8 0.15 0.09)
(8.05 0.15 0.09)
(8.1 0.15 0.09)
(8.15 0.15 0.09)
(8.2 0.15 0.09)
(8.25 0.15 0.09)
(8.3 0.15 0.09)
(8.35 0.15 0.09)
(8.4 0.15 0.09)
(8.45 0.15 0.09)
(8.5 0.15 0.09)
(8.55 0.15 0.09)
(8.6 0.15 0.09)
(8.65 0.15 0.09)
(8.7 0.15 0.09)
(8.75 0.15 0.09)
(8.8 0.15 0.09)
(8.85 0.15 0.09)
(8.9 0.15 0.09)
(8.95 0.15 0.09)
(9 0.15 0.09)
(9.05 0.15 0.09)
(9.1 0.15 0.09)
(9.15 0.15 0.09)
(9.2 0.15 0.09)
(9.25 0.15 0.09)
(9.3 0.15 0.09)
(9.35 0.15 0.09)
(9.4 0.15 0.09)
(9.45 0.15 0.09)
(9.5 0.15 0.09)
(9.55 0.15 0.09)
(9.6 0.15 0.09)
(9.65 0.15 0.09)
(9.7 0.15 0.09)
(9.75 0.15 0.09)
(9.8 0.15 0.09)
(9.85 0.15 0.09)
(9.9 0.15 0.09)
(9.95 0.15 0.09)
(10 0.15 0.09)
(0 0.2 0.09)
(0.05 0.2 0.09)
(0.1 0.2 0.09)
(0.15 0.2 0.09)
(0.2 0.2 0.09)
(0.25 0.2 0.09)
(0.3 0.2 0.09)
(0.35 0.2 0.09)
(0.4 0.2 0.09)
(0.45 0.2 0.09)
(0.5 0.2 0.09)
(0.55 0.2 0.09)
(0.6 0.2 0.09)
(0.65 0.2 0.09)
(0.7 0.2 0.09)
(0.75 0.2 0.09)
(0.8 0.2 0.09)
(0.85 0.2 0.09)
(0.9 0.2 0.09)
(0.95 0.2 0.09)
(1 0.2 0.09)
(1.05 0.2 0.09)
(1.1 0.2 0.09)
(1.15 0.2 0.09)
(1.2 0.2 0.09)
(1.25 0.2 0.09)
(1.3 0.2 0.09)
(1.35 0.2 0.09)
(1.4 0.2 0.09)
(1.45 0.2 0.09)
(1.5 0.2 0.09)
(1.55 0.2 0.09)
(1.6 0.2 0.09)
(1.65 0.2 0.09)
(1.7 0.2 0.09)
(1.75 0.2 0.09)
(1.8 0.2 0.09)
(1.85 0.2 0.09)
(1.9 0.2 0.09)
(1.95 0.2 0.09)
(2 0.2 0.09)
(2.05 0.2 0.09)
(2.1 0.2 0.09)
(2.15 0.2 0.09)
(2.2 0.2 0.09)
(2.25 0.2 0.09)
(2.3 0.2 0.09)
(2.35 0.2 0.09)
(2.4 0.2 0.09)
(2.45 0.2 0.09)
(2.5 0.2 0.09)
(2.55 0.2 0.09)
(2.6 0.2 0.09)
(2.65 0.2 0.09)
(2.7 0.2 0.09)
(2.75 0.2 0.09)
(2.8 0.2 0.09)
(2.85 0.2 0.09)
(2.9 0.2 0.09)
(2.95 0.2 0.09)
(3 0.2 0.09)
(3.05 0.2 0.09)
(3.1 0.2 0.09)
(3.15 0.2 0.09)
(3.2 0.2 0.09)
(3.25 0.2 0.09)
(3.3 0.2 0.09)
(3.35 0.2 0.09)
(3.4 0.2 0.09)
(3.45 0.2 0.09)
(3.5 0.2 0.09)
(3.55 0.2 0.09)
(3.6 0.2 0.09)
(3.65 0.2 0.09)
(3.7 0.2 0.09)
(3.75 0.2 0.09)
(3.8 0.2 0.09)
(3.85 0.2 0.09)
(3.9 0.2 0.09)
(3.95 0.2 0.09)
(4 0.2 0.09)
(4.05 0.2 0.09)
(4.1 0.2 0.09)
(4.15 0.2 0.09)
(4.2 0.2 0.09)
(4.25 0.2 0.09)
(4.3 0.2 0.09)
(4.35 0.2 0.09)
(4.4 0.2 0.09)
(4.45 0.2 0.09)
(4.5 0.2 0.09)
(4.55 0.2 0.09)
(4.6 0.2 0.09)
(4.65 0.2 0.09)
(4.7 0.2 0.09)
(4.75 0.2 0.09)
(4.8 0.2 0.09)
(4.85 0.2 0.09)
(4.9 0.2 0.09)
(4.95 0.2 0.09)
(5 0.2 0.09)
(5.05 0.2 0.09)
(5.1 0.2 0.09)
(5.15 0.2 0.09)
(5.2 0.2 0.09)
(5.25 0.2 0.09)
(5.3 0.2 0.09)
(5.35 0.2 0.09)
(5.4 0.2 0.09)
(5.45 0.2 0.09)
(5.5 0.2 0.09)
(5.55 0.2 0.09)
(5.6 0.2 0.09)
(5.65 0.2 0.09)
(5.7 0.2 0.09)
(5.75 0.2 0.09)
(5.8 0.2 0.09)
(5.85 0.2 0.09)
(5.9 0.2 0.09)
(5.95 0.2 0.09)
(6 0.2 0.09)
(6.05 0.2 0.09)
(6.1 0.2 0.09)
(6.15 0.2 0.09)
(6.2 0.2 0.09)
(6.25 0.2 0.09)
(6.3 0.2 0.09)
(6.35 0.2 0.09)
(6.4 0.2 0.09)
(6.45 0.2 0.09)
(6.5 0.2 0.09)
(6.55 0.2 0.09)
(6.6 0.2 0.09)
(6.65 0.2 0.09)
(6.7 0.2 0.09)
(6.75 0.2 0.09)
(6.8 0.2 0.09)
(6.85 0.2 0.09)
(6.9 0.2 0.09)
(6.95 0.2 0.09)
(7 0.2 0.09)
(7.05 0.2 0.09)
(7.1 0.2 0.09)
(7.15 0.2 0.09)
(7.2 0.2 0.09)
(7.25 0.2 0.09)
(7.3 0.2 0.09)
(7.35 0.2 0.09)
(7.4 0.2 0.09)
(7.45 0.2 0.09)
(7.5 0.2 0.09)
(7.55 0.2 0.09)
(7.6 0.2 0.09)
(7.65 0.2 0.09)
(7.7 0.2 0.09)
(7.75 0.2 0.09)
(7.8 0.2 0.09)
(7.85 0.2 0.09)
(7.9 0.2 0.09)
(7.95 0.2 0.09)
(8 0.2 0.09)
(8.05 0.2 0.09)
(8.1 0.2 0.09)
(8.15 0.2 0.09)
(8.2 0.2 0.09)
(8.25 0.2 0.09)
(8.3 0.2 0.09)
(8.35 0.2 0.09)
(8.4 0.2 0.09)
(8.45 0.2 0.09)
(8.5 0.2 0.09)
(8.55 0.2 0.09)
(8.6 0.2 0.09)
(8.65 0.2 0.09)
(8.7 0.2 0.09)
(8.75 0.2 0.09)
(8.8 0.2 0.09)
(8.85 0.2 0.09)
(8.9 0.2 0.09)
(8.95 0.2 0.09)
(9 0.2 0.09)
(9.05 0.2 0.09)
(9.1 0.2 0.09)
(9.15 0.2 0.09)
(9.2 0.2 0.09)
(9.25 0.2 0.09)
(9.3 0.2 0.09)
(9.35 0.2 0.09)
(9.4 0.2 0.09)
(9.45 0.2 0.09)
(9.5 0.2 0.09)
(9.55 0.2 0.09)
(9.6 0.2 0.09)
(9.65 0.2 0.09)
(9.7 0.2 0.09)
(9.75 0.2 0.09)
(9.8 0.2 0.09)
(9.85 0.2 0.09)
(9.9 0.2 0.09)
(9.95 0.2 0.09)
(10 0.2 0.09)
(0 0.25 0.09)
(0.05 0.25 0.09)
(0.1 0.25 0.09)
(0.15 0.25 0.09)
(0.2 0.25 0.09)
(0.25 0.25 0.09)
(0.3 0.25 0.09)
(0.35 0.25 0.09)
(0.4 0.25 0.09)
(0.45 0.25 0.09)
(0.5 0.25 0.09)
(0.55 0.25 0.09)
(0.6 0.25 0.09)
(0.65 0.25 0.09)
(0.7 0.25 0.09)
(0.75 0.25 0.09)
(0.8 0.25 0.09)
(0.85 0.25 0.09)
(0.9 0.25 0.09)
(0.95 0.25 0.09)
(1 0.25 0.09)
(1.05 0.25 0.09)
(1.1 0.25 0.09)
(1.15 0.25 0.09)
(1.2 0.25 0.09)
(1.25 0.25 0.09)
(1.3 0.25 0.09)
(1.35 0.25 0.09)
(1.4 0.25 0.09)
(1.45 0.25 0.09)
(1.5 0.25 0.09)
(1.55 0.25 0.09)
(1.6 0.25 0.09)
(1.65 0.25 0.09)
(1.7 0.25 0.09)
(1.75 0.25 0.09)
(1.8 0.25 0.09)
(1.85 0.25 0.09)
(1.9 0.25 0.09)
(1.95 0.25 0.09)
(2 0.25 0.09)
(2.05 0.25 0.09)
(2.1 0.25 0.09)
(2.15 0.25 0.09)
(2.2 0.25 0.09)
(2.25 0.25 0.09)
(2.3 0.25 0.09)
(2.35 0.25 0.09)
(2.4 0.25 0.09)
(2.45 0.25 0.09)
(2.5 0.25 0.09)
(2.55 0.25 0.09)
(2.6 0.25 0.09)
(2.65 0.25 0.09)
(2.7 0.25 0.09)
(2.75 0.25 0.09)
(2.8 0.25 0.09)
(2.85 0.25 0.09)
(2.9 0.25 0.09)
(2.95 0.25 0.09)
(3 0.25 0.09)
(3.05 0.25 0.09)
(3.1 0.25 0.09)
(3.15 0.25 0.09)
(3.2 0.25 0.09)
(3.25 0.25 0.09)
(3.3 0.25 0.09)
(3.35 0.25 0.09)
(3.4 0.25 0.09)
(3.45 0.25 0.09)
(3.5 0.25 0.09)
(3.55 0.25 0.09)
(3.6 0.25 0.09)
(3.65 0.25 0.09)
(3.7 0.25 0.09)
(3.75 0.25 0.09)
(3.8 0.25 0.09)
(3.85 0.25 0.09)
(3.9 0.25 0.09)
(3.95 0.25 0.09)
(4 0.25 0.09)
(4.05 0.25 0.09)
(4.1 0.25 0.09)
(4.15 0.25 0.09)
(4.2 0.25 0.09)
(4.25 0.25 0.09)
(4.3 0.25 0.09)
(4.35 0.25 0.09)
(4.4 0.25 0.09)
(4.45 0.25 0.09)
(4.5 0.25 0.09)
(4.55 0.25 0.09)
(4.6 0.25 0.09)
(4.65 0.25 0.09)
(4.7 0.25 0.09)
(4.75 0.25 0.09)
(4.8 0.25 0.09)
(4.85 0.25 0.09)
(4.9 0.25 0.09)
(4.95 0.25 0.09)
(5 0.25 0.09)
(5.05 0.25 0.09)
(5.1 0.25 0.09)
(5.15 0.25 0.09)
(5.2 0.25 0.09)
(5.25 0.25 0.09)
(5.3 0.25 0.09)
(5.35 0.25 0.09)
(5.4 0.25 0.09)
(5.45 0.25 0.09)
(5.5 0.25 0.09)
(5.55 0.25 0.09)
(5.6 0.25 0.09)
(5.65 0.25 0.09)
(5.7 0.25 0.09)
(5.75 0.25 0.09)
(5.8 0.25 0.09)
(5.85 0.25 0.09)
(5.9 0.25 0.09)
(5.95 0.25 0.09)
(6 0.25 0.09)
(6.05 0.25 0.09)
(6.1 0.25 0.09)
(6.15 0.25 0.09)
(6.2 0.25 0.09)
(6.25 0.25 0.09)
(6.3 0.25 0.09)
(6.35 0.25 0.09)
(6.4 0.25 0.09)
(6.45 0.25 0.09)
(6.5 0.25 0.09)
(6.55 0.25 0.09)
(6.6 0.25 0.09)
(6.65 0.25 0.09)
(6.7 0.25 0.09)
(6.75 0.25 0.09)
(6.8 0.25 0.09)
(6.85 0.25 0.09)
(6.9 0.25 0.09)
(6.95 0.25 0.09)
(7 0.25 0.09)
(7.05 0.25 0.09)
(7.1 0.25 0.09)
(7.15 0.25 0.09)
(7.2 0.25 0.09)
(7.25 0.25 0.09)
(7.3 0.25 0.09)
(7.35 0.25 0.09)
(7.4 0.25 0.09)
(7.45 0.25 0.09)
(7.5 0.25 0.09)
(7.55 0.25 0.09)
(7.6 0.25 0.09)
(7.65 0.25 0.09)
(7.7 0.25 0.09)
(7.75 0.25 0.09)
(7.8 0.25 0.09)
(7.85 0.25 0.09)
(7.9 0.25 0.09)
(7.95 0.25 0.09)
(8 0.25 0.09)
(8.05 0.25 0.09)
(8.1 0.25 0.09)
(8.15 0.25 0.09)
(8.2 0.25 0.09)
(8.25 0.25 0.09)
(8.3 0.25 0.09)
(8.35 0.25 0.09)
(8.4 0.25 0.09)
(8.45 0.25 0.09)
(8.5 0.25 0.09)
(8.55 0.25 0.09)
(8.6 0.25 0.09)
(8.65 0.25 0.09)
(8.7 0.25 0.09)
(8.75 0.25 0.09)
(8.8 0.25 0.09)
(8.85 0.25 0.09)
(8.9 0.25 0.09)
(8.95 0.25 0.09)
(9 0.25 0.09)
(9.05 0.25 0.09)
(9.1 0.25 0.09)
(9.15 0.25 0.09)
(9.2 0.25 0.09)
(9.25 0.25 0.09)
(9.3 0.25 0.09)
(9.35 0.25 0.09)
(9.4 0.25 0.09)
(9.45 0.25 0.09)
(9.5 0.25 0.09)
(9.55 0.25 0.09)
(9.6 0.25 0.09)
(9.65 0.25 0.09)
(9.7 0.25 0.09)
(9.75 0.25 0.09)
(9.8 0.25 0.09)
(9.85 0.25 0.09)
(9.9 0.25 0.09)
(9.95 0.25 0.09)
(10 0.25 0.09)
(0 0.3 0.09)
(0.05 0.3 0.09)
(0.1 0.3 0.09)
(0.15 0.3 0.09)
(0.2 0.3 0.09)
(0.25 0.3 0.09)
(0.3 0.3 0.09)
(0.35 0.3 0.09)
(0.4 0.3 0.09)
(0.45 0.3 0.09)
(0.5 0.3 0.09)
(0.55 0.3 0.09)
(0.6 0.3 0.09)
(0.65 0.3 0.09)
(0.7 0.3 0.09)
(0.75 0.3 0.09)
(0.8 0.3 0.09)
(0.85 0.3 0.09)
(0.9 0.3 0.09)
(0.95 0.3 0.09)
(1 0.3 0.09)
(1.05 0.3 0.09)
(1.1 0.3 0.09)
(1.15 0.3 0.09)
(1.2 0.3 0.09)
(1.25 0.3 0.09)
(1.3 0.3 0.09)
(1.35 0.3 0.09)
(1.4 0.3 0.09)
(1.45 0.3 0.09)
(1.5 0.3 0.09)
(1.55 0.3 0.09)
(1.6 0.3 0.09)
(1.65 0.3 0.09)
(1.7 0.3 0.09)
(1.75 0.3 0.09)
(1.8 0.3 0.09)
(1.85 0.3 0.09)
(1.9 0.3 0.09)
(1.95 0.3 0.09)
(2 0.3 0.09)
(2.05 0.3 0.09)
(2.1 0.3 0.09)
(2.15 0.3 0.09)
(2.2 0.3 0.09)
(2.25 0.3 0.09)
(2.3 0.3 0.09)
(2.35 0.3 0.09)
(2.4 0.3 0.09)
(2.45 0.3 0.09)
(2.5 0.3 0.09)
(2.55 0.3 0.09)
(2.6 0.3 0.09)
(2.65 0.3 0.09)
(2.7 0.3 0.09)
(2.75 0.3 0.09)
(2.8 0.3 0.09)
(2.85 0.3 0.09)
(2.9 0.3 0.09)
(2.95 0.3 0.09)
(3 0.3 0.09)
(3.05 0.3 0.09)
(3.1 0.3 0.09)
(3.15 0.3 0.09)
(3.2 0.3 0.09)
(3.25 0.3 0.09)
(3.3 0.3 0.09)
(3.35 0.3 0.09)
(3.4 0.3 0.09)
(3.45 0.3 0.09)
(3.5 0.3 0.09)
(3.55 0.3 0.09)
(3.6 0.3 0.09)
(3.65 0.3 0.09)
(3.7 0.3 0.09)
(3.75 0.3 0.09)
(3.8 0.3 0.09)
(3.85 0.3 0.09)
(3.9 0.3 0.09)
(3.95 0.3 0.09)
(4 0.3 0.09)
(4.05 0.3 0.09)
(4.1 0.3 0.09)
(4.15 0.3 0.09)
(4.2 0.3 0.09)
(4.25 0.3 0.09)
(4.3 0.3 0.09)
(4.35 0.3 0.09)
(4.4 0.3 0.09)
(4.45 0.3 0.09)
(4.5 0.3 0.09)
(4.55 0.3 0.09)
(4.6 0.3 0.09)
(4.65 0.3 0.09)
(4.7 0.3 0.09)
(4.75 0.3 0.09)
(4.8 0.3 0.09)
(4.85 0.3 0.09)
(4.9 0.3 0.09)
(4.95 0.3 0.09)
(5 0.3 0.09)
(5.05 0.3 0.09)
(5.1 0.3 0.09)
(5.15 0.3 0.09)
(5.2 0.3 0.09)
(5.25 0.3 0.09)
(5.3 0.3 0.09)
(5.35 0.3 0.09)
(5.4 0.3 0.09)
(5.45 0.3 0.09)
(5.5 0.3 0.09)
(5.55 0.3 0.09)
(5.6 0.3 0.09)
(5.65 0.3 0.09)
(5.7 0.3 0.09)
(5.75 0.3 0.09)
(5.8 0.3 0.09)
(5.85 0.3 0.09)
(5.9 0.3 0.09)
(5.95 0.3 0.09)
(6 0.3 0.09)
(6.05 0.3 0.09)
(6.1 0.3 0.09)
(6.15 0.3 0.09)
(6.2 0.3 0.09)
(6.25 0.3 0.09)
(6.3 0.3 0.09)
(6.35 0.3 0.09)
(6.4 0.3 0.09)
(6.45 0.3 0.09)
(6.5 0.3 0.09)
(6.55 0.3 0.09)
(6.6 0.3 0.09)
(6.65 0.3 0.09)
(6.7 0.3 0.09)
(6.75 0.3 0.09)
(6.8 0.3 0.09)
(6.85 0.3 0.09)
(6.9 0.3 0.09)
(6.95 0.3 0.09)
(7 0.3 0.09)
(7.05 0.3 0.09)
(7.1 0.3 0.09)
(7.15 0.3 0.09)
(7.2 0.3 0.09)
(7.25 0.3 0.09)
(7.3 0.3 0.09)
(7.35 0.3 0.09)
(7.4 0.3 0.09)
(7.45 0.3 0.09)
(7.5 0.3 0.09)
(7.55 0.3 0.09)
(7.6 0.3 0.09)
(7.65 0.3 0.09)
(7.7 0.3 0.09)
(7.75 0.3 0.09)
(7.8 0.3 0.09)
(7.85 0.3 0.09)
(7.9 0.3 0.09)
(7.95 0.3 0.09)
(8 0.3 0.09)
(8.05 0.3 0.09)
(8.1 0.3 0.09)
(8.15 0.3 0.09)
(8.2 0.3 0.09)
(8.25 0.3 0.09)
(8.3 0.3 0.09)
(8.35 0.3 0.09)
(8.4 0.3 0.09)
(8.45 0.3 0.09)
(8.5 0.3 0.09)
(8.55 0.3 0.09)
(8.6 0.3 0.09)
(8.65 0.3 0.09)
(8.7 0.3 0.09)
(8.75 0.3 0.09)
(8.8 0.3 0.09)
(8.85 0.3 0.09)
(8.9 0.3 0.09)
(8.95 0.3 0.09)
(9 0.3 0.09)
(9.05 0.3 0.09)
(9.1 0.3 0.09)
(9.15 0.3 0.09)
(9.2 0.3 0.09)
(9.25 0.3 0.09)
(9.3 0.3 0.09)
(9.35 0.3 0.09)
(9.4 0.3 0.09)
(9.45 0.3 0.09)
(9.5 0.3 0.09)
(9.55 0.3 0.09)
(9.6 0.3 0.09)
(9.65 0.3 0.09)
(9.7 0.3 0.09)
(9.75 0.3 0.09)
(9.8 0.3 0.09)
(9.85 0.3 0.09)
(9.9 0.3 0.09)
(9.95 0.3 0.09)
(10 0.3 0.09)
(0 0.35 0.09)
(0.05 0.35 0.09)
(0.1 0.35 0.09)
(0.15 0.35 0.09)
(0.2 0.35 0.09)
(0.25 0.35 0.09)
(0.3 0.35 0.09)
(0.35 0.35 0.09)
(0.4 0.35 0.09)
(0.45 0.35 0.09)
(0.5 0.35 0.09)
(0.55 0.35 0.09)
(0.6 0.35 0.09)
(0.65 0.35 0.09)
(0.7 0.35 0.09)
(0.75 0.35 0.09)
(0.8 0.35 0.09)
(0.85 0.35 0.09)
(0.9 0.35 0.09)
(0.95 0.35 0.09)
(1 0.35 0.09)
(1.05 0.35 0.09)
(1.1 0.35 0.09)
(1.15 0.35 0.09)
(1.2 0.35 0.09)
(1.25 0.35 0.09)
(1.3 0.35 0.09)
(1.35 0.35 0.09)
(1.4 0.35 0.09)
(1.45 0.35 0.09)
(1.5 0.35 0.09)
(1.55 0.35 0.09)
(1.6 0.35 0.09)
(1.65 0.35 0.09)
(1.7 0.35 0.09)
(1.75 0.35 0.09)
(1.8 0.35 0.09)
(1.85 0.35 0.09)
(1.9 0.35 0.09)
(1.95 0.35 0.09)
(2 0.35 0.09)
(2.05 0.35 0.09)
(2.1 0.35 0.09)
(2.15 0.35 0.09)
(2.2 0.35 0.09)
(2.25 0.35 0.09)
(2.3 0.35 0.09)
(2.35 0.35 0.09)
(2.4 0.35 0.09)
(2.45 0.35 0.09)
(2.5 0.35 0.09)
(2.55 0.35 0.09)
(2.6 0.35 0.09)
(2.65 0.35 0.09)
(2.7 0.35 0.09)
(2.75 0.35 0.09)
(2.8 0.35 0.09)
(2.85 0.35 0.09)
(2.9 0.35 0.09)
(2.95 0.35 0.09)
(3 0.35 0.09)
(3.05 0.35 0.09)
(3.1 0.35 0.09)
(3.15 0.35 0.09)
(3.2 0.35 0.09)
(3.25 0.35 0.09)
(3.3 0.35 0.09)
(3.35 0.35 0.09)
(3.4 0.35 0.09)
(3.45 0.35 0.09)
(3.5 0.35 0.09)
(3.55 0.35 0.09)
(3.6 0.35 0.09)
(3.65 0.35 0.09)
(3.7 0.35 0.09)
(3.75 0.35 0.09)
(3.8 0.35 0.09)
(3.85 0.35 0.09)
(3.9 0.35 0.09)
(3.95 0.35 0.09)
(4 0.35 0.09)
(4.05 0.35 0.09)
(4.1 0.35 0.09)
(4.15 0.35 0.09)
(4.2 0.35 0.09)
(4.25 0.35 0.09)
(4.3 0.35 0.09)
(4.35 0.35 0.09)
(4.4 0.35 0.09)
(4.45 0.35 0.09)
(4.5 0.35 0.09)
(4.55 0.35 0.09)
(4.6 0.35 0.09)
(4.65 0.35 0.09)
(4.7 0.35 0.09)
(4.75 0.35 0.09)
(4.8 0.35 0.09)
(4.85 0.35 0.09)
(4.9 0.35 0.09)
(4.95 0.35 0.09)
(5 0.35 0.09)
(5.05 0.35 0.09)
(5.1 0.35 0.09)
(5.15 0.35 0.09)
(5.2 0.35 0.09)
(5.25 0.35 0.09)
(5.3 0.35 0.09)
(5.35 0.35 0.09)
(5.4 0.35 0.09)
(5.45 0.35 0.09)
(5.5 0.35 0.09)
(5.55 0.35 0.09)
(5.6 0.35 0.09)
(5.65 0.35 0.09)
(5.7 0.35 0.09)
(5.75 0.35 0.09)
(5.8 0.35 0.09)
(5.85 0.35 0.09)
(5.9 0.35 0.09)
(5.95 0.35 0.09)
(6 0.35 0.09)
(6.05 0.35 0.09)
(6.1 0.35 0.09)
(6.15 0.35 0.09)
(6.2 0.35 0.09)
(6.25 0.35 0.09)
(6.3 0.35 0.09)
(6.35 0.35 0.09)
(6.4 0.35 0.09)
(6.45 0.35 0.09)
(6.5 0.35 0.09)
(6.55 0.35 0.09)
(6.6 0.35 0.09)
(6.65 0.35 0.09)
(6.7 0.35 0.09)
(6.75 0.35 0.09)
(6.8 0.35 0.09)
(6.85 0.35 0.09)
(6.9 0.35 0.09)
(6.95 0.35 0.09)
(7 0.35 0.09)
(7.05 0.35 0.09)
(7.1 0.35 0.09)
(7.15 0.35 0.09)
(7.2 0.35 0.09)
(7.25 0.35 0.09)
(7.3 0.35 0.09)
(7.35 0.35 0.09)
(7.4 0.35 0.09)
(7.45 0.35 0.09)
(7.5 0.35 0.09)
(7.55 0.35 0.09)
(7.6 0.35 0.09)
(7.65 0.35 0.09)
(7.7 0.35 0.09)
(7.75 0.35 0.09)
(7.8 0.35 0.09)
(7.85 0.35 0.09)
(7.9 0.35 0.09)
(7.95 0.35 0.09)
(8 0.35 0.09)
(8.05 0.35 0.09)
(8.1 0.35 0.09)
(8.15 0.35 0.09)
(8.2 0.35 0.09)
(8.25 0.35 0.09)
(8.3 0.35 0.09)
(8.35 0.35 0.09)
(8.4 0.35 0.09)
(8.45 0.35 0.09)
(8.5 0.35 0.09)
(8.55 0.35 0.09)
(8.6 0.35 0.09)
(8.65 0.35 0.09)
(8.7 0.35 0.09)
(8.75 0.35 0.09)
(8.8 0.35 0.09)
(8.85 0.35 0.09)
(8.9 0.35 0.09)
(8.95 0.35 0.09)
(9 0.35 0.09)
(9.05 0.35 0.09)
(9.1 0.35 0.09)
(9.15 0.35 0.09)
(9.2 0.35 0.09)
(9.25 0.35 0.09)
(9.3 0.35 0.09)
(9.35 0.35 0.09)
(9.4 0.35 0.09)
(9.45 0.35 0.09)
(9.5 0.35 0.09)
(9.55 0.35 0.09)
(9.6 0.35 0.09)
(9.65 0.35 0.09)
(9.7 0.35 0.09)
(9.75 0.35 0.09)
(9.8 0.35 0.09)
(9.85 0.35 0.09)
(9.9 0.35 0.09)
(9.95 0.35 0.09)
(10 0.35 0.09)
(0 0.4 0.09)
(0.05 0.4 0.09)
(0.1 0.4 0.09)
(0.15 0.4 0.09)
(0.2 0.4 0.09)
(0.25 0.4 0.09)
(0.3 0.4 0.09)
(0.35 0.4 0.09)
(0.4 0.4 0.09)
(0.45 0.4 0.09)
(0.5 0.4 0.09)
(0.55 0.4 0.09)
(0.6 0.4 0.09)
(0.65 0.4 0.09)
(0.7 0.4 0.09)
(0.75 0.4 0.09)
(0.8 0.4 0.09)
(0.85 0.4 0.09)
(0.9 0.4 0.09)
(0.95 0.4 0.09)
(1 0.4 0.09)
(1.05 0.4 0.09)
(1.1 0.4 0.09)
(1.15 0.4 0.09)
(1.2 0.4 0.09)
(1.25 0.4 0.09)
(1.3 0.4 0.09)
(1.35 0.4 0.09)
(1.4 0.4 0.09)
(1.45 0.4 0.09)
(1.5 0.4 0.09)
(1.55 0.4 0.09)
(1.6 0.4 0.09)
(1.65 0.4 0.09)
(1.7 0.4 0.09)
(1.75 0.4 0.09)
(1.8 0.4 0.09)
(1.85 0.4 0.09)
(1.9 0.4 0.09)
(1.95 0.4 0.09)
(2 0.4 0.09)
(2.05 0.4 0.09)
(2.1 0.4 0.09)
(2.15 0.4 0.09)
(2.2 0.4 0.09)
(2.25 0.4 0.09)
(2.3 0.4 0.09)
(2.35 0.4 0.09)
(2.4 0.4 0.09)
(2.45 0.4 0.09)
(2.5 0.4 0.09)
(2.55 0.4 0.09)
(2.6 0.4 0.09)
(2.65 0.4 0.09)
(2.7 0.4 0.09)
(2.75 0.4 0.09)
(2.8 0.4 0.09)
(2.85 0.4 0.09)
(2.9 0.4 0.09)
(2.95 0.4 0.09)
(3 0.4 0.09)
(3.05 0.4 0.09)
(3.1 0.4 0.09)
(3.15 0.4 0.09)
(3.2 0.4 0.09)
(3.25 0.4 0.09)
(3.3 0.4 0.09)
(3.35 0.4 0.09)
(3.4 0.4 0.09)
(3.45 0.4 0.09)
(3.5 0.4 0.09)
(3.55 0.4 0.09)
(3.6 0.4 0.09)
(3.65 0.4 0.09)
(3.7 0.4 0.09)
(3.75 0.4 0.09)
(3.8 0.4 0.09)
(3.85 0.4 0.09)
(3.9 0.4 0.09)
(3.95 0.4 0.09)
(4 0.4 0.09)
(4.05 0.4 0.09)
(4.1 0.4 0.09)
(4.15 0.4 0.09)
(4.2 0.4 0.09)
(4.25 0.4 0.09)
(4.3 0.4 0.09)
(4.35 0.4 0.09)
(4.4 0.4 0.09)
(4.45 0.4 0.09)
(4.5 0.4 0.09)
(4.55 0.4 0.09)
(4.6 0.4 0.09)
(4.65 0.4 0.09)
(4.7 0.4 0.09)
(4.75 0.4 0.09)
(4.8 0.4 0.09)
(4.85 0.4 0.09)
(4.9 0.4 0.09)
(4.95 0.4 0.09)
(5 0.4 0.09)
(5.05 0.4 0.09)
(5.1 0.4 0.09)
(5.15 0.4 0.09)
(5.2 0.4 0.09)
(5.25 0.4 0.09)
(5.3 0.4 0.09)
(5.35 0.4 0.09)
(5.4 0.4 0.09)
(5.45 0.4 0.09)
(5.5 0.4 0.09)
(5.55 0.4 0.09)
(5.6 0.4 0.09)
(5.65 0.4 0.09)
(5.7 0.4 0.09)
(5.75 0.4 0.09)
(5.8 0.4 0.09)
(5.85 0.4 0.09)
(5.9 0.4 0.09)
(5.95 0.4 0.09)
(6 0.4 0.09)
(6.05 0.4 0.09)
(6.1 0.4 0.09)
(6.15 0.4 0.09)
(6.2 0.4 0.09)
(6.25 0.4 0.09)
(6.3 0.4 0.09)
(6.35 0.4 0.09)
(6.4 0.4 0.09)
(6.45 0.4 0.09)
(6.5 0.4 0.09)
(6.55 0.4 0.09)
(6.6 0.4 0.09)
(6.65 0.4 0.09)
(6.7 0.4 0.09)
(6.75 0.4 0.09)
(6.8 0.4 0.09)
(6.85 0.4 0.09)
(6.9 0.4 0.09)
(6.95 0.4 0.09)
(7 0.4 0.09)
(7.05 0.4 0.09)
(7.1 0.4 0.09)
(7.15 0.4 0.09)
(7.2 0.4 0.09)
(7.25 0.4 0.09)
(7.3 0.4 0.09)
(7.35 0.4 0.09)
(7.4 0.4 0.09)
(7.45 0.4 0.09)
(7.5 0.4 0.09)
(7.55 0.4 0.09)
(7.6 0.4 0.09)
(7.65 0.4 0.09)
(7.7 0.4 0.09)
(7.75 0.4 0.09)
(7.8 0.4 0.09)
(7.85 0.4 0.09)
(7.9 0.4 0.09)
(7.95 0.4 0.09)
(8 0.4 0.09)
(8.05 0.4 0.09)
(8.1 0.4 0.09)
(8.15 0.4 0.09)
(8.2 0.4 0.09)
(8.25 0.4 0.09)
(8.3 0.4 0.09)
(8.35 0.4 0.09)
(8.4 0.4 0.09)
(8.45 0.4 0.09)
(8.5 0.4 0.09)
(8.55 0.4 0.09)
(8.6 0.4 0.09)
(8.65 0.4 0.09)
(8.7 0.4 0.09)
(8.75 0.4 0.09)
(8.8 0.4 0.09)
(8.85 0.4 0.09)
(8.9 0.4 0.09)
(8.95 0.4 0.09)
(9 0.4 0.09)
(9.05 0.4 0.09)
(9.1 0.4 0.09)
(9.15 0.4 0.09)
(9.2 0.4 0.09)
(9.25 0.4 0.09)
(9.3 0.4 0.09)
(9.35 0.4 0.09)
(9.4 0.4 0.09)
(9.45 0.4 0.09)
(9.5 0.4 0.09)
(9.55 0.4 0.09)
(9.6 0.4 0.09)
(9.65 0.4 0.09)
(9.7 0.4 0.09)
(9.75 0.4 0.09)
(9.8 0.4 0.09)
(9.85 0.4 0.09)
(9.9 0.4 0.09)
(9.95 0.4 0.09)
(10 0.4 0.09)
(0 0.45 0.09)
(0.05 0.45 0.09)
(0.1 0.45 0.09)
(0.15 0.45 0.09)
(0.2 0.45 0.09)
(0.25 0.45 0.09)
(0.3 0.45 0.09)
(0.35 0.45 0.09)
(0.4 0.45 0.09)
(0.45 0.45 0.09)
(0.5 0.45 0.09)
(0.55 0.45 0.09)
(0.6 0.45 0.09)
(0.65 0.45 0.09)
(0.7 0.45 0.09)
(0.75 0.45 0.09)
(0.8 0.45 0.09)
(0.85 0.45 0.09)
(0.9 0.45 0.09)
(0.95 0.45 0.09)
(1 0.45 0.09)
(1.05 0.45 0.09)
(1.1 0.45 0.09)
(1.15 0.45 0.09)
(1.2 0.45 0.09)
(1.25 0.45 0.09)
(1.3 0.45 0.09)
(1.35 0.45 0.09)
(1.4 0.45 0.09)
(1.45 0.45 0.09)
(1.5 0.45 0.09)
(1.55 0.45 0.09)
(1.6 0.45 0.09)
(1.65 0.45 0.09)
(1.7 0.45 0.09)
(1.75 0.45 0.09)
(1.8 0.45 0.09)
(1.85 0.45 0.09)
(1.9 0.45 0.09)
(1.95 0.45 0.09)
(2 0.45 0.09)
(2.05 0.45 0.09)
(2.1 0.45 0.09)
(2.15 0.45 0.09)
(2.2 0.45 0.09)
(2.25 0.45 0.09)
(2.3 0.45 0.09)
(2.35 0.45 0.09)
(2.4 0.45 0.09)
(2.45 0.45 0.09)
(2.5 0.45 0.09)
(2.55 0.45 0.09)
(2.6 0.45 0.09)
(2.65 0.45 0.09)
(2.7 0.45 0.09)
(2.75 0.45 0.09)
(2.8 0.45 0.09)
(2.85 0.45 0.09)
(2.9 0.45 0.09)
(2.95 0.45 0.09)
(3 0.45 0.09)
(3.05 0.45 0.09)
(3.1 0.45 0.09)
(3.15 0.45 0.09)
(3.2 0.45 0.09)
(3.25 0.45 0.09)
(3.3 0.45 0.09)
(3.35 0.45 0.09)
(3.4 0.45 0.09)
(3.45 0.45 0.09)
(3.5 0.45 0.09)
(3.55 0.45 0.09)
(3.6 0.45 0.09)
(3.65 0.45 0.09)
(3.7 0.45 0.09)
(3.75 0.45 0.09)
(3.8 0.45 0.09)
(3.85 0.45 0.09)
(3.9 0.45 0.09)
(3.95 0.45 0.09)
(4 0.45 0.09)
(4.05 0.45 0.09)
(4.1 0.45 0.09)
(4.15 0.45 0.09)
(4.2 0.45 0.09)
(4.25 0.45 0.09)
(4.3 0.45 0.09)
(4.35 0.45 0.09)
(4.4 0.45 0.09)
(4.45 0.45 0.09)
(4.5 0.45 0.09)
(4.55 0.45 0.09)
(4.6 0.45 0.09)
(4.65 0.45 0.09)
(4.7 0.45 0.09)
(4.75 0.45 0.09)
(4.8 0.45 0.09)
(4.85 0.45 0.09)
(4.9 0.45 0.09)
(4.95 0.45 0.09)
(5 0.45 0.09)
(5.05 0.45 0.09)
(5.1 0.45 0.09)
(5.15 0.45 0.09)
(5.2 0.45 0.09)
(5.25 0.45 0.09)
(5.3 0.45 0.09)
(5.35 0.45 0.09)
(5.4 0.45 0.09)
(5.45 0.45 0.09)
(5.5 0.45 0.09)
(5.55 0.45 0.09)
(5.6 0.45 0.09)
(5.65 0.45 0.09)
(5.7 0.45 0.09)
(5.75 0.45 0.09)
(5.8 0.45 0.09)
(5.85 0.45 0.09)
(5.9 0.45 0.09)
(5.95 0.45 0.09)
(6 0.45 0.09)
(6.05 0.45 0.09)
(6.1 0.45 0.09)
(6.15 0.45 0.09)
(6.2 0.45 0.09)
(6.25 0.45 0.09)
(6.3 0.45 0.09)
(6.35 0.45 0.09)
(6.4 0.45 0.09)
(6.45 0.45 0.09)
(6.5 0.45 0.09)
(6.55 0.45 0.09)
(6.6 0.45 0.09)
(6.65 0.45 0.09)
(6.7 0.45 0.09)
(6.75 0.45 0.09)
(6.8 0.45 0.09)
(6.85 0.45 0.09)
(6.9 0.45 0.09)
(6.95 0.45 0.09)
(7 0.45 0.09)
(7.05 0.45 0.09)
(7.1 0.45 0.09)
(7.15 0.45 0.09)
(7.2 0.45 0.09)
(7.25 0.45 0.09)
(7.3 0.45 0.09)
(7.35 0.45 0.09)
(7.4 0.45 0.09)
(7.45 0.45 0.09)
(7.5 0.45 0.09)
(7.55 0.45 0.09)
(7.6 0.45 0.09)
(7.65 0.45 0.09)
(7.7 0.45 0.09)
(7.75 0.45 0.09)
(7.8 0.45 0.09)
(7.85 0.45 0.09)
(7.9 0.45 0.09)
(7.95 0.45 0.09)
(8 0.45 0.09)
(8.05 0.45 0.09)
(8.1 0.45 0.09)
(8.15 0.45 0.09)
(8.2 0.45 0.09)
(8.25 0.45 0.09)
(8.3 0.45 0.09)
(8.35 0.45 0.09)
(8.4 0.45 0.09)
(8.45 0.45 0.09)
(8.5 0.45 0.09)
(8.55 0.45 0.09)
(8.6 0.45 0.09)
(8.65 0.45 0.09)
(8.7 0.45 0.09)
(8.75 0.45 0.09)
(8.8 0.45 0.09)
(8.85 0.45 0.09)
(8.9 0.45 0.09)
(8.95 0.45 0.09)
(9 0.45 0.09)
(9.05 0.45 0.09)
(9.1 0.45 0.09)
(9.15 0.45 0.09)
(9.2 0.45 0.09)
(9.25 0.45 0.09)
(9.3 0.45 0.09)
(9.35 0.45 0.09)
(9.4 0.45 0.09)
(9.45 0.45 0.09)
(9.5 0.45 0.09)
(9.55 0.45 0.09)
(9.6 0.45 0.09)
(9.65 0.45 0.09)
(9.7 0.45 0.09)
(9.75 0.45 0.09)
(9.8 0.45 0.09)
(9.85 0.45 0.09)
(9.9 0.45 0.09)
(9.95 0.45 0.09)
(10 0.45 0.09)
(0 0.5 0.09)
(0.05 0.5 0.09)
(0.1 0.5 0.09)
(0.15 0.5 0.09)
(0.2 0.5 0.09)
(0.25 0.5 0.09)
(0.3 0.5 0.09)
(0.35 0.5 0.09)
(0.4 0.5 0.09)
(0.45 0.5 0.09)
(0.5 0.5 0.09)
(0.55 0.5 0.09)
(0.6 0.5 0.09)
(0.65 0.5 0.09)
(0.7 0.5 0.09)
(0.75 0.5 0.09)
(0.8 0.5 0.09)
(0.85 0.5 0.09)
(0.9 0.5 0.09)
(0.95 0.5 0.09)
(1 0.5 0.09)
(1.05 0.5 0.09)
(1.1 0.5 0.09)
(1.15 0.5 0.09)
(1.2 0.5 0.09)
(1.25 0.5 0.09)
(1.3 0.5 0.09)
(1.35 0.5 0.09)
(1.4 0.5 0.09)
(1.45 0.5 0.09)
(1.5 0.5 0.09)
(1.55 0.5 0.09)
(1.6 0.5 0.09)
(1.65 0.5 0.09)
(1.7 0.5 0.09)
(1.75 0.5 0.09)
(1.8 0.5 0.09)
(1.85 0.5 0.09)
(1.9 0.5 0.09)
(1.95 0.5 0.09)
(2 0.5 0.09)
(2.05 0.5 0.09)
(2.1 0.5 0.09)
(2.15 0.5 0.09)
(2.2 0.5 0.09)
(2.25 0.5 0.09)
(2.3 0.5 0.09)
(2.35 0.5 0.09)
(2.4 0.5 0.09)
(2.45 0.5 0.09)
(2.5 0.5 0.09)
(2.55 0.5 0.09)
(2.6 0.5 0.09)
(2.65 0.5 0.09)
(2.7 0.5 0.09)
(2.75 0.5 0.09)
(2.8 0.5 0.09)
(2.85 0.5 0.09)
(2.9 0.5 0.09)
(2.95 0.5 0.09)
(3 0.5 0.09)
(3.05 0.5 0.09)
(3.1 0.5 0.09)
(3.15 0.5 0.09)
(3.2 0.5 0.09)
(3.25 0.5 0.09)
(3.3 0.5 0.09)
(3.35 0.5 0.09)
(3.4 0.5 0.09)
(3.45 0.5 0.09)
(3.5 0.5 0.09)
(3.55 0.5 0.09)
(3.6 0.5 0.09)
(3.65 0.5 0.09)
(3.7 0.5 0.09)
(3.75 0.5 0.09)
(3.8 0.5 0.09)
(3.85 0.5 0.09)
(3.9 0.5 0.09)
(3.95 0.5 0.09)
(4 0.5 0.09)
(4.05 0.5 0.09)
(4.1 0.5 0.09)
(4.15 0.5 0.09)
(4.2 0.5 0.09)
(4.25 0.5 0.09)
(4.3 0.5 0.09)
(4.35 0.5 0.09)
(4.4 0.5 0.09)
(4.45 0.5 0.09)
(4.5 0.5 0.09)
(4.55 0.5 0.09)
(4.6 0.5 0.09)
(4.65 0.5 0.09)
(4.7 0.5 0.09)
(4.75 0.5 0.09)
(4.8 0.5 0.09)
(4.85 0.5 0.09)
(4.9 0.5 0.09)
(4.95 0.5 0.09)
(5 0.5 0.09)
(5.05 0.5 0.09)
(5.1 0.5 0.09)
(5.15 0.5 0.09)
(5.2 0.5 0.09)
(5.25 0.5 0.09)
(5.3 0.5 0.09)
(5.35 0.5 0.09)
(5.4 0.5 0.09)
(5.45 0.5 0.09)
(5.5 0.5 0.09)
(5.55 0.5 0.09)
(5.6 0.5 0.09)
(5.65 0.5 0.09)
(5.7 0.5 0.09)
(5.75 0.5 0.09)
(5.8 0.5 0.09)
(5.85 0.5 0.09)
(5.9 0.5 0.09)
(5.95 0.5 0.09)
(6 0.5 0.09)
(6.05 0.5 0.09)
(6.1 0.5 0.09)
(6.15 0.5 0.09)
(6.2 0.5 0.09)
(6.25 0.5 0.09)
(6.3 0.5 0.09)
(6.35 0.5 0.09)
(6.4 0.5 0.09)
(6.45 0.5 0.09)
(6.5 0.5 0.09)
(6.55 0.5 0.09)
(6.6 0.5 0.09)
(6.65 0.5 0.09)
(6.7 0.5 0.09)
(6.75 0.5 0.09)
(6.8 0.5 0.09)
(6.85 0.5 0.09)
(6.9 0.5 0.09)
(6.95 0.5 0.09)
(7 0.5 0.09)
(7.05 0.5 0.09)
(7.1 0.5 0.09)
(7.15 0.5 0.09)
(7.2 0.5 0.09)
(7.25 0.5 0.09)
(7.3 0.5 0.09)
(7.35 0.5 0.09)
(7.4 0.5 0.09)
(7.45 0.5 0.09)
(7.5 0.5 0.09)
(7.55 0.5 0.09)
(7.6 0.5 0.09)
(7.65 0.5 0.09)
(7.7 0.5 0.09)
(7.75 0.5 0.09)
(7.8 0.5 0.09)
(7.85 0.5 0.09)
(7.9 0.5 0.09)
(7.95 0.5 0.09)
(8 0.5 0.09)
(8.05 0.5 0.09)
(8.1 0.5 0.09)
(8.15 0.5 0.09)
(8.2 0.5 0.09)
(8.25 0.5 0.09)
(8.3 0.5 0.09)
(8.35 0.5 0.09)
(8.4 0.5 0.09)
(8.45 0.5 0.09)
(8.5 0.5 0.09)
(8.55 0.5 0.09)
(8.6 0.5 0.09)
(8.65 0.5 0.09)
(8.7 0.5 0.09)
(8.75 0.5 0.09)
(8.8 0.5 0.09)
(8.85 0.5 0.09)
(8.9 0.5 0.09)
(8.95 0.5 0.09)
(9 0.5 0.09)
(9.05 0.5 0.09)
(9.1 0.5 0.09)
(9.15 0.5 0.09)
(9.2 0.5 0.09)
(9.25 0.5 0.09)
(9.3 0.5 0.09)
(9.35 0.5 0.09)
(9.4 0.5 0.09)
(9.45 0.5 0.09)
(9.5 0.5 0.09)
(9.55 0.5 0.09)
(9.6 0.5 0.09)
(9.65 0.5 0.09)
(9.7 0.5 0.09)
(9.75 0.5 0.09)
(9.8 0.5 0.09)
(9.85 0.5 0.09)
(9.9 0.5 0.09)
(9.95 0.5 0.09)
(10 0.5 0.09)
(0 0.55 0.09)
(0.05 0.55 0.09)
(0.1 0.55 0.09)
(0.15 0.55 0.09)
(0.2 0.55 0.09)
(0.25 0.55 0.09)
(0.3 0.55 0.09)
(0.35 0.55 0.09)
(0.4 0.55 0.09)
(0.45 0.55 0.09)
(0.5 0.55 0.09)
(0.55 0.55 0.09)
(0.6 0.55 0.09)
(0.65 0.55 0.09)
(0.7 0.55 0.09)
(0.75 0.55 0.09)
(0.8 0.55 0.09)
(0.85 0.55 0.09)
(0.9 0.55 0.09)
(0.95 0.55 0.09)
(1 0.55 0.09)
(1.05 0.55 0.09)
(1.1 0.55 0.09)
(1.15 0.55 0.09)
(1.2 0.55 0.09)
(1.25 0.55 0.09)
(1.3 0.55 0.09)
(1.35 0.55 0.09)
(1.4 0.55 0.09)
(1.45 0.55 0.09)
(1.5 0.55 0.09)
(1.55 0.55 0.09)
(1.6 0.55 0.09)
(1.65 0.55 0.09)
(1.7 0.55 0.09)
(1.75 0.55 0.09)
(1.8 0.55 0.09)
(1.85 0.55 0.09)
(1.9 0.55 0.09)
(1.95 0.55 0.09)
(2 0.55 0.09)
(2.05 0.55 0.09)
(2.1 0.55 0.09)
(2.15 0.55 0.09)
(2.2 0.55 0.09)
(2.25 0.55 0.09)
(2.3 0.55 0.09)
(2.35 0.55 0.09)
(2.4 0.55 0.09)
(2.45 0.55 0.09)
(2.5 0.55 0.09)
(2.55 0.55 0.09)
(2.6 0.55 0.09)
(2.65 0.55 0.09)
(2.7 0.55 0.09)
(2.75 0.55 0.09)
(2.8 0.55 0.09)
(2.85 0.55 0.09)
(2.9 0.55 0.09)
(2.95 0.55 0.09)
(3 0.55 0.09)
(3.05 0.55 0.09)
(3.1 0.55 0.09)
(3.15 0.55 0.09)
(3.2 0.55 0.09)
(3.25 0.55 0.09)
(3.3 0.55 0.09)
(3.35 0.55 0.09)
(3.4 0.55 0.09)
(3.45 0.55 0.09)
(3.5 0.55 0.09)
(3.55 0.55 0.09)
(3.6 0.55 0.09)
(3.65 0.55 0.09)
(3.7 0.55 0.09)
(3.75 0.55 0.09)
(3.8 0.55 0.09)
(3.85 0.55 0.09)
(3.9 0.55 0.09)
(3.95 0.55 0.09)
(4 0.55 0.09)
(4.05 0.55 0.09)
(4.1 0.55 0.09)
(4.15 0.55 0.09)
(4.2 0.55 0.09)
(4.25 0.55 0.09)
(4.3 0.55 0.09)
(4.35 0.55 0.09)
(4.4 0.55 0.09)
(4.45 0.55 0.09)
(4.5 0.55 0.09)
(4.55 0.55 0.09)
(4.6 0.55 0.09)
(4.65 0.55 0.09)
(4.7 0.55 0.09)
(4.75 0.55 0.09)
(4.8 0.55 0.09)
(4.85 0.55 0.09)
(4.9 0.55 0.09)
(4.95 0.55 0.09)
(5 0.55 0.09)
(5.05 0.55 0.09)
(5.1 0.55 0.09)
(5.15 0.55 0.09)
(5.2 0.55 0.09)
(5.25 0.55 0.09)
(5.3 0.55 0.09)
(5.35 0.55 0.09)
(5.4 0.55 0.09)
(5.45 0.55 0.09)
(5.5 0.55 0.09)
(5.55 0.55 0.09)
(5.6 0.55 0.09)
(5.65 0.55 0.09)
(5.7 0.55 0.09)
(5.75 0.55 0.09)
(5.8 0.55 0.09)
(5.85 0.55 0.09)
(5.9 0.55 0.09)
(5.95 0.55 0.09)
(6 0.55 0.09)
(6.05 0.55 0.09)
(6.1 0.55 0.09)
(6.15 0.55 0.09)
(6.2 0.55 0.09)
(6.25 0.55 0.09)
(6.3 0.55 0.09)
(6.35 0.55 0.09)
(6.4 0.55 0.09)
(6.45 0.55 0.09)
(6.5 0.55 0.09)
(6.55 0.55 0.09)
(6.6 0.55 0.09)
(6.65 0.55 0.09)
(6.7 0.55 0.09)
(6.75 0.55 0.09)
(6.8 0.55 0.09)
(6.85 0.55 0.09)
(6.9 0.55 0.09)
(6.95 0.55 0.09)
(7 0.55 0.09)
(7.05 0.55 0.09)
(7.1 0.55 0.09)
(7.15 0.55 0.09)
(7.2 0.55 0.09)
(7.25 0.55 0.09)
(7.3 0.55 0.09)
(7.35 0.55 0.09)
(7.4 0.55 0.09)
(7.45 0.55 0.09)
(7.5 0.55 0.09)
(7.55 0.55 0.09)
(7.6 0.55 0.09)
(7.65 0.55 0.09)
(7.7 0.55 0.09)
(7.75 0.55 0.09)
(7.8 0.55 0.09)
(7.85 0.55 0.09)
(7.9 0.55 0.09)
(7.95 0.55 0.09)
(8 0.55 0.09)
(8.05 0.55 0.09)
(8.1 0.55 0.09)
(8.15 0.55 0.09)
(8.2 0.55 0.09)
(8.25 0.55 0.09)
(8.3 0.55 0.09)
(8.35 0.55 0.09)
(8.4 0.55 0.09)
(8.45 0.55 0.09)
(8.5 0.55 0.09)
(8.55 0.55 0.09)
(8.6 0.55 0.09)
(8.65 0.55 0.09)
(8.7 0.55 0.09)
(8.75 0.55 0.09)
(8.8 0.55 0.09)
(8.85 0.55 0.09)
(8.9 0.55 0.09)
(8.95 0.55 0.09)
(9 0.55 0.09)
(9.05 0.55 0.09)
(9.1 0.55 0.09)
(9.15 0.55 0.09)
(9.2 0.55 0.09)
(9.25 0.55 0.09)
(9.3 0.55 0.09)
(9.35 0.55 0.09)
(9.4 0.55 0.09)
(9.45 0.55 0.09)
(9.5 0.55 0.09)
(9.55 0.55 0.09)
(9.6 0.55 0.09)
(9.65 0.55 0.09)
(9.7 0.55 0.09)
(9.75 0.55 0.09)
(9.8 0.55 0.09)
(9.85 0.55 0.09)
(9.9 0.55 0.09)
(9.95 0.55 0.09)
(10 0.55 0.09)
(0 0.6 0.09)
(0.05 0.6 0.09)
(0.1 0.6 0.09)
(0.15 0.6 0.09)
(0.2 0.6 0.09)
(0.25 0.6 0.09)
(0.3 0.6 0.09)
(0.35 0.6 0.09)
(0.4 0.6 0.09)
(0.45 0.6 0.09)
(0.5 0.6 0.09)
(0.55 0.6 0.09)
(0.6 0.6 0.09)
(0.65 0.6 0.09)
(0.7 0.6 0.09)
(0.75 0.6 0.09)
(0.8 0.6 0.09)
(0.85 0.6 0.09)
(0.9 0.6 0.09)
(0.95 0.6 0.09)
(1 0.6 0.09)
(1.05 0.6 0.09)
(1.1 0.6 0.09)
(1.15 0.6 0.09)
(1.2 0.6 0.09)
(1.25 0.6 0.09)
(1.3 0.6 0.09)
(1.35 0.6 0.09)
(1.4 0.6 0.09)
(1.45 0.6 0.09)
(1.5 0.6 0.09)
(1.55 0.6 0.09)
(1.6 0.6 0.09)
(1.65 0.6 0.09)
(1.7 0.6 0.09)
(1.75 0.6 0.09)
(1.8 0.6 0.09)
(1.85 0.6 0.09)
(1.9 0.6 0.09)
(1.95 0.6 0.09)
(2 0.6 0.09)
(2.05 0.6 0.09)
(2.1 0.6 0.09)
(2.15 0.6 0.09)
(2.2 0.6 0.09)
(2.25 0.6 0.09)
(2.3 0.6 0.09)
(2.35 0.6 0.09)
(2.4 0.6 0.09)
(2.45 0.6 0.09)
(2.5 0.6 0.09)
(2.55 0.6 0.09)
(2.6 0.6 0.09)
(2.65 0.6 0.09)
(2.7 0.6 0.09)
(2.75 0.6 0.09)
(2.8 0.6 0.09)
(2.85 0.6 0.09)
(2.9 0.6 0.09)
(2.95 0.6 0.09)
(3 0.6 0.09)
(3.05 0.6 0.09)
(3.1 0.6 0.09)
(3.15 0.6 0.09)
(3.2 0.6 0.09)
(3.25 0.6 0.09)
(3.3 0.6 0.09)
(3.35 0.6 0.09)
(3.4 0.6 0.09)
(3.45 0.6 0.09)
(3.5 0.6 0.09)
(3.55 0.6 0.09)
(3.6 0.6 0.09)
(3.65 0.6 0.09)
(3.7 0.6 0.09)
(3.75 0.6 0.09)
(3.8 0.6 0.09)
(3.85 0.6 0.09)
(3.9 0.6 0.09)
(3.95 0.6 0.09)
(4 0.6 0.09)
(4.05 0.6 0.09)
(4.1 0.6 0.09)
(4.15 0.6 0.09)
(4.2 0.6 0.09)
(4.25 0.6 0.09)
(4.3 0.6 0.09)
(4.35 0.6 0.09)
(4.4 0.6 0.09)
(4.45 0.6 0.09)
(4.5 0.6 0.09)
(4.55 0.6 0.09)
(4.6 0.6 0.09)
(4.65 0.6 0.09)
(4.7 0.6 0.09)
(4.75 0.6 0.09)
(4.8 0.6 0.09)
(4.85 0.6 0.09)
(4.9 0.6 0.09)
(4.95 0.6 0.09)
(5 0.6 0.09)
(5.05 0.6 0.09)
(5.1 0.6 0.09)
(5.15 0.6 0.09)
(5.2 0.6 0.09)
(5.25 0.6 0.09)
(5.3 0.6 0.09)
(5.35 0.6 0.09)
(5.4 0.6 0.09)
(5.45 0.6 0.09)
(5.5 0.6 0.09)
(5.55 0.6 0.09)
(5.6 0.6 0.09)
(5.65 0.6 0.09)
(5.7 0.6 0.09)
(5.75 0.6 0.09)
(5.8 0.6 0.09)
(5.85 0.6 0.09)
(5.9 0.6 0.09)
(5.95 0.6 0.09)
(6 0.6 0.09)
(6.05 0.6 0.09)
(6.1 0.6 0.09)
(6.15 0.6 0.09)
(6.2 0.6 0.09)
(6.25 0.6 0.09)
(6.3 0.6 0.09)
(6.35 0.6 0.09)
(6.4 0.6 0.09)
(6.45 0.6 0.09)
(6.5 0.6 0.09)
(6.55 0.6 0.09)
(6.6 0.6 0.09)
(6.65 0.6 0.09)
(6.7 0.6 0.09)
(6.75 0.6 0.09)
(6.8 0.6 0.09)
(6.85 0.6 0.09)
(6.9 0.6 0.09)
(6.95 0.6 0.09)
(7 0.6 0.09)
(7.05 0.6 0.09)
(7.1 0.6 0.09)
(7.15 0.6 0.09)
(7.2 0.6 0.09)
(7.25 0.6 0.09)
(7.3 0.6 0.09)
(7.35 0.6 0.09)
(7.4 0.6 0.09)
(7.45 0.6 0.09)
(7.5 0.6 0.09)
(7.55 0.6 0.09)
(7.6 0.6 0.09)
(7.65 0.6 0.09)
(7.7 0.6 0.09)
(7.75 0.6 0.09)
(7.8 0.6 0.09)
(7.85 0.6 0.09)
(7.9 0.6 0.09)
(7.95 0.6 0.09)
(8 0.6 0.09)
(8.05 0.6 0.09)
(8.1 0.6 0.09)
(8.15 0.6 0.09)
(8.2 0.6 0.09)
(8.25 0.6 0.09)
(8.3 0.6 0.09)
(8.35 0.6 0.09)
(8.4 0.6 0.09)
(8.45 0.6 0.09)
(8.5 0.6 0.09)
(8.55 0.6 0.09)
(8.6 0.6 0.09)
(8.65 0.6 0.09)
(8.7 0.6 0.09)
(8.75 0.6 0.09)
(8.8 0.6 0.09)
(8.85 0.6 0.09)
(8.9 0.6 0.09)
(8.95 0.6 0.09)
(9 0.6 0.09)
(9.05 0.6 0.09)
(9.1 0.6 0.09)
(9.15 0.6 0.09)
(9.2 0.6 0.09)
(9.25 0.6 0.09)
(9.3 0.6 0.09)
(9.35 0.6 0.09)
(9.4 0.6 0.09)
(9.45 0.6 0.09)
(9.5 0.6 0.09)
(9.55 0.6 0.09)
(9.6 0.6 0.09)
(9.65 0.6 0.09)
(9.7 0.6 0.09)
(9.75 0.6 0.09)
(9.8 0.6 0.09)
(9.85 0.6 0.09)
(9.9 0.6 0.09)
(9.95 0.6 0.09)
(10 0.6 0.09)
(0 0.65 0.09)
(0.05 0.65 0.09)
(0.1 0.65 0.09)
(0.15 0.65 0.09)
(0.2 0.65 0.09)
(0.25 0.65 0.09)
(0.3 0.65 0.09)
(0.35 0.65 0.09)
(0.4 0.65 0.09)
(0.45 0.65 0.09)
(0.5 0.65 0.09)
(0.55 0.65 0.09)
(0.6 0.65 0.09)
(0.65 0.65 0.09)
(0.7 0.65 0.09)
(0.75 0.65 0.09)
(0.8 0.65 0.09)
(0.85 0.65 0.09)
(0.9 0.65 0.09)
(0.95 0.65 0.09)
(1 0.65 0.09)
(1.05 0.65 0.09)
(1.1 0.65 0.09)
(1.15 0.65 0.09)
(1.2 0.65 0.09)
(1.25 0.65 0.09)
(1.3 0.65 0.09)
(1.35 0.65 0.09)
(1.4 0.65 0.09)
(1.45 0.65 0.09)
(1.5 0.65 0.09)
(1.55 0.65 0.09)
(1.6 0.65 0.09)
(1.65 0.65 0.09)
(1.7 0.65 0.09)
(1.75 0.65 0.09)
(1.8 0.65 0.09)
(1.85 0.65 0.09)
(1.9 0.65 0.09)
(1.95 0.65 0.09)
(2 0.65 0.09)
(2.05 0.65 0.09)
(2.1 0.65 0.09)
(2.15 0.65 0.09)
(2.2 0.65 0.09)
(2.25 0.65 0.09)
(2.3 0.65 0.09)
(2.35 0.65 0.09)
(2.4 0.65 0.09)
(2.45 0.65 0.09)
(2.5 0.65 0.09)
(2.55 0.65 0.09)
(2.6 0.65 0.09)
(2.65 0.65 0.09)
(2.7 0.65 0.09)
(2.75 0.65 0.09)
(2.8 0.65 0.09)
(2.85 0.65 0.09)
(2.9 0.65 0.09)
(2.95 0.65 0.09)
(3 0.65 0.09)
(3.05 0.65 0.09)
(3.1 0.65 0.09)
(3.15 0.65 0.09)
(3.2 0.65 0.09)
(3.25 0.65 0.09)
(3.3 0.65 0.09)
(3.35 0.65 0.09)
(3.4 0.65 0.09)
(3.45 0.65 0.09)
(3.5 0.65 0.09)
(3.55 0.65 0.09)
(3.6 0.65 0.09)
(3.65 0.65 0.09)
(3.7 0.65 0.09)
(3.75 0.65 0.09)
(3.8 0.65 0.09)
(3.85 0.65 0.09)
(3.9 0.65 0.09)
(3.95 0.65 0.09)
(4 0.65 0.09)
(4.05 0.65 0.09)
(4.1 0.65 0.09)
(4.15 0.65 0.09)
(4.2 0.65 0.09)
(4.25 0.65 0.09)
(4.3 0.65 0.09)
(4.35 0.65 0.09)
(4.4 0.65 0.09)
(4.45 0.65 0.09)
(4.5 0.65 0.09)
(4.55 0.65 0.09)
(4.6 0.65 0.09)
(4.65 0.65 0.09)
(4.7 0.65 0.09)
(4.75 0.65 0.09)
(4.8 0.65 0.09)
(4.85 0.65 0.09)
(4.9 0.65 0.09)
(4.95 0.65 0.09)
(5 0.65 0.09)
(5.05 0.65 0.09)
(5.1 0.65 0.09)
(5.15 0.65 0.09)
(5.2 0.65 0.09)
(5.25 0.65 0.09)
(5.3 0.65 0.09)
(5.35 0.65 0.09)
(5.4 0.65 0.09)
(5.45 0.65 0.09)
(5.5 0.65 0.09)
(5.55 0.65 0.09)
(5.6 0.65 0.09)
(5.65 0.65 0.09)
(5.7 0.65 0.09)
(5.75 0.65 0.09)
(5.8 0.65 0.09)
(5.85 0.65 0.09)
(5.9 0.65 0.09)
(5.95 0.65 0.09)
(6 0.65 0.09)
(6.05 0.65 0.09)
(6.1 0.65 0.09)
(6.15 0.65 0.09)
(6.2 0.65 0.09)
(6.25 0.65 0.09)
(6.3 0.65 0.09)
(6.35 0.65 0.09)
(6.4 0.65 0.09)
(6.45 0.65 0.09)
(6.5 0.65 0.09)
(6.55 0.65 0.09)
(6.6 0.65 0.09)
(6.65 0.65 0.09)
(6.7 0.65 0.09)
(6.75 0.65 0.09)
(6.8 0.65 0.09)
(6.85 0.65 0.09)
(6.9 0.65 0.09)
(6.95 0.65 0.09)
(7 0.65 0.09)
(7.05 0.65 0.09)
(7.1 0.65 0.09)
(7.15 0.65 0.09)
(7.2 0.65 0.09)
(7.25 0.65 0.09)
(7.3 0.65 0.09)
(7.35 0.65 0.09)
(7.4 0.65 0.09)
(7.45 0.65 0.09)
(7.5 0.65 0.09)
(7.55 0.65 0.09)
(7.6 0.65 0.09)
(7.65 0.65 0.09)
(7.7 0.65 0.09)
(7.75 0.65 0.09)
(7.8 0.65 0.09)
(7.85 0.65 0.09)
(7.9 0.65 0.09)
(7.95 0.65 0.09)
(8 0.65 0.09)
(8.05 0.65 0.09)
(8.1 0.65 0.09)
(8.15 0.65 0.09)
(8.2 0.65 0.09)
(8.25 0.65 0.09)
(8.3 0.65 0.09)
(8.35 0.65 0.09)
(8.4 0.65 0.09)
(8.45 0.65 0.09)
(8.5 0.65 0.09)
(8.55 0.65 0.09)
(8.6 0.65 0.09)
(8.65 0.65 0.09)
(8.7 0.65 0.09)
(8.75 0.65 0.09)
(8.8 0.65 0.09)
(8.85 0.65 0.09)
(8.9 0.65 0.09)
(8.95 0.65 0.09)
(9 0.65 0.09)
(9.05 0.65 0.09)
(9.1 0.65 0.09)
(9.15 0.65 0.09)
(9.2 0.65 0.09)
(9.25 0.65 0.09)
(9.3 0.65 0.09)
(9.35 0.65 0.09)
(9.4 0.65 0.09)
(9.45 0.65 0.09)
(9.5 0.65 0.09)
(9.55 0.65 0.09)
(9.6 0.65 0.09)
(9.65 0.65 0.09)
(9.7 0.65 0.09)
(9.75 0.65 0.09)
(9.8 0.65 0.09)
(9.85 0.65 0.09)
(9.9 0.65 0.09)
(9.95 0.65 0.09)
(10 0.65 0.09)
(0 0.7 0.09)
(0.05 0.7 0.09)
(0.1 0.7 0.09)
(0.15 0.7 0.09)
(0.2 0.7 0.09)
(0.25 0.7 0.09)
(0.3 0.7 0.09)
(0.35 0.7 0.09)
(0.4 0.7 0.09)
(0.45 0.7 0.09)
(0.5 0.7 0.09)
(0.55 0.7 0.09)
(0.6 0.7 0.09)
(0.65 0.7 0.09)
(0.7 0.7 0.09)
(0.75 0.7 0.09)
(0.8 0.7 0.09)
(0.85 0.7 0.09)
(0.9 0.7 0.09)
(0.95 0.7 0.09)
(1 0.7 0.09)
(1.05 0.7 0.09)
(1.1 0.7 0.09)
(1.15 0.7 0.09)
(1.2 0.7 0.09)
(1.25 0.7 0.09)
(1.3 0.7 0.09)
(1.35 0.7 0.09)
(1.4 0.7 0.09)
(1.45 0.7 0.09)
(1.5 0.7 0.09)
(1.55 0.7 0.09)
(1.6 0.7 0.09)
(1.65 0.7 0.09)
(1.7 0.7 0.09)
(1.75 0.7 0.09)
(1.8 0.7 0.09)
(1.85 0.7 0.09)
(1.9 0.7 0.09)
(1.95 0.7 0.09)
(2 0.7 0.09)
(2.05 0.7 0.09)
(2.1 0.7 0.09)
(2.15 0.7 0.09)
(2.2 0.7 0.09)
(2.25 0.7 0.09)
(2.3 0.7 0.09)
(2.35 0.7 0.09)
(2.4 0.7 0.09)
(2.45 0.7 0.09)
(2.5 0.7 0.09)
(2.55 0.7 0.09)
(2.6 0.7 0.09)
(2.65 0.7 0.09)
(2.7 0.7 0.09)
(2.75 0.7 0.09)
(2.8 0.7 0.09)
(2.85 0.7 0.09)
(2.9 0.7 0.09)
(2.95 0.7 0.09)
(3 0.7 0.09)
(3.05 0.7 0.09)
(3.1 0.7 0.09)
(3.15 0.7 0.09)
(3.2 0.7 0.09)
(3.25 0.7 0.09)
(3.3 0.7 0.09)
(3.35 0.7 0.09)
(3.4 0.7 0.09)
(3.45 0.7 0.09)
(3.5 0.7 0.09)
(3.55 0.7 0.09)
(3.6 0.7 0.09)
(3.65 0.7 0.09)
(3.7 0.7 0.09)
(3.75 0.7 0.09)
(3.8 0.7 0.09)
(3.85 0.7 0.09)
(3.9 0.7 0.09)
(3.95 0.7 0.09)
(4 0.7 0.09)
(4.05 0.7 0.09)
(4.1 0.7 0.09)
(4.15 0.7 0.09)
(4.2 0.7 0.09)
(4.25 0.7 0.09)
(4.3 0.7 0.09)
(4.35 0.7 0.09)
(4.4 0.7 0.09)
(4.45 0.7 0.09)
(4.5 0.7 0.09)
(4.55 0.7 0.09)
(4.6 0.7 0.09)
(4.65 0.7 0.09)
(4.7 0.7 0.09)
(4.75 0.7 0.09)
(4.8 0.7 0.09)
(4.85 0.7 0.09)
(4.9 0.7 0.09)
(4.95 0.7 0.09)
(5 0.7 0.09)
(5.05 0.7 0.09)
(5.1 0.7 0.09)
(5.15 0.7 0.09)
(5.2 0.7 0.09)
(5.25 0.7 0.09)
(5.3 0.7 0.09)
(5.35 0.7 0.09)
(5.4 0.7 0.09)
(5.45 0.7 0.09)
(5.5 0.7 0.09)
(5.55 0.7 0.09)
(5.6 0.7 0.09)
(5.65 0.7 0.09)
(5.7 0.7 0.09)
(5.75 0.7 0.09)
(5.8 0.7 0.09)
(5.85 0.7 0.09)
(5.9 0.7 0.09)
(5.95 0.7 0.09)
(6 0.7 0.09)
(6.05 0.7 0.09)
(6.1 0.7 0.09)
(6.15 0.7 0.09)
(6.2 0.7 0.09)
(6.25 0.7 0.09)
(6.3 0.7 0.09)
(6.35 0.7 0.09)
(6.4 0.7 0.09)
(6.45 0.7 0.09)
(6.5 0.7 0.09)
(6.55 0.7 0.09)
(6.6 0.7 0.09)
(6.65 0.7 0.09)
(6.7 0.7 0.09)
(6.75 0.7 0.09)
(6.8 0.7 0.09)
(6.85 0.7 0.09)
(6.9 0.7 0.09)
(6.95 0.7 0.09)
(7 0.7 0.09)
(7.05 0.7 0.09)
(7.1 0.7 0.09)
(7.15 0.7 0.09)
(7.2 0.7 0.09)
(7.25 0.7 0.09)
(7.3 0.7 0.09)
(7.35 0.7 0.09)
(7.4 0.7 0.09)
(7.45 0.7 0.09)
(7.5 0.7 0.09)
(7.55 0.7 0.09)
(7.6 0.7 0.09)
(7.65 0.7 0.09)
(7.7 0.7 0.09)
(7.75 0.7 0.09)
(7.8 0.7 0.09)
(7.85 0.7 0.09)
(7.9 0.7 0.09)
(7.95 0.7 0.09)
(8 0.7 0.09)
(8.05 0.7 0.09)
(8.1 0.7 0.09)
(8.15 0.7 0.09)
(8.2 0.7 0.09)
(8.25 0.7 0.09)
(8.3 0.7 0.09)
(8.35 0.7 0.09)
(8.4 0.7 0.09)
(8.45 0.7 0.09)
(8.5 0.7 0.09)
(8.55 0.7 0.09)
(8.6 0.7 0.09)
(8.65 0.7 0.09)
(8.7 0.7 0.09)
(8.75 0.7 0.09)
(8.8 0.7 0.09)
(8.85 0.7 0.09)
(8.9 0.7 0.09)
(8.95 0.7 0.09)
(9 0.7 0.09)
(9.05 0.7 0.09)
(9.1 0.7 0.09)
(9.15 0.7 0.09)
(9.2 0.7 0.09)
(9.25 0.7 0.09)
(9.3 0.7 0.09)
(9.35 0.7 0.09)
(9.4 0.7 0.09)
(9.45 0.7 0.09)
(9.5 0.7 0.09)
(9.55 0.7 0.09)
(9.6 0.7 0.09)
(9.65 0.7 0.09)
(9.7 0.7 0.09)
(9.75 0.7 0.09)
(9.8 0.7 0.09)
(9.85 0.7 0.09)
(9.9 0.7 0.09)
(9.95 0.7 0.09)
(10 0.7 0.09)
(0 0.75 0.09)
(0.05 0.75 0.09)
(0.1 0.75 0.09)
(0.15 0.75 0.09)
(0.2 0.75 0.09)
(0.25 0.75 0.09)
(0.3 0.75 0.09)
(0.35 0.75 0.09)
(0.4 0.75 0.09)
(0.45 0.75 0.09)
(0.5 0.75 0.09)
(0.55 0.75 0.09)
(0.6 0.75 0.09)
(0.65 0.75 0.09)
(0.7 0.75 0.09)
(0.75 0.75 0.09)
(0.8 0.75 0.09)
(0.85 0.75 0.09)
(0.9 0.75 0.09)
(0.95 0.75 0.09)
(1 0.75 0.09)
(1.05 0.75 0.09)
(1.1 0.75 0.09)
(1.15 0.75 0.09)
(1.2 0.75 0.09)
(1.25 0.75 0.09)
(1.3 0.75 0.09)
(1.35 0.75 0.09)
(1.4 0.75 0.09)
(1.45 0.75 0.09)
(1.5 0.75 0.09)
(1.55 0.75 0.09)
(1.6 0.75 0.09)
(1.65 0.75 0.09)
(1.7 0.75 0.09)
(1.75 0.75 0.09)
(1.8 0.75 0.09)
(1.85 0.75 0.09)
(1.9 0.75 0.09)
(1.95 0.75 0.09)
(2 0.75 0.09)
(2.05 0.75 0.09)
(2.1 0.75 0.09)
(2.15 0.75 0.09)
(2.2 0.75 0.09)
(2.25 0.75 0.09)
(2.3 0.75 0.09)
(2.35 0.75 0.09)
(2.4 0.75 0.09)
(2.45 0.75 0.09)
(2.5 0.75 0.09)
(2.55 0.75 0.09)
(2.6 0.75 0.09)
(2.65 0.75 0.09)
(2.7 0.75 0.09)
(2.75 0.75 0.09)
(2.8 0.75 0.09)
(2.85 0.75 0.09)
(2.9 0.75 0.09)
(2.95 0.75 0.09)
(3 0.75 0.09)
(3.05 0.75 0.09)
(3.1 0.75 0.09)
(3.15 0.75 0.09)
(3.2 0.75 0.09)
(3.25 0.75 0.09)
(3.3 0.75 0.09)
(3.35 0.75 0.09)
(3.4 0.75 0.09)
(3.45 0.75 0.09)
(3.5 0.75 0.09)
(3.55 0.75 0.09)
(3.6 0.75 0.09)
(3.65 0.75 0.09)
(3.7 0.75 0.09)
(3.75 0.75 0.09)
(3.8 0.75 0.09)
(3.85 0.75 0.09)
(3.9 0.75 0.09)
(3.95 0.75 0.09)
(4 0.75 0.09)
(4.05 0.75 0.09)
(4.1 0.75 0.09)
(4.15 0.75 0.09)
(4.2 0.75 0.09)
(4.25 0.75 0.09)
(4.3 0.75 0.09)
(4.35 0.75 0.09)
(4.4 0.75 0.09)
(4.45 0.75 0.09)
(4.5 0.75 0.09)
(4.55 0.75 0.09)
(4.6 0.75 0.09)
(4.65 0.75 0.09)
(4.7 0.75 0.09)
(4.75 0.75 0.09)
(4.8 0.75 0.09)
(4.85 0.75 0.09)
(4.9 0.75 0.09)
(4.95 0.75 0.09)
(5 0.75 0.09)
(5.05 0.75 0.09)
(5.1 0.75 0.09)
(5.15 0.75 0.09)
(5.2 0.75 0.09)
(5.25 0.75 0.09)
(5.3 0.75 0.09)
(5.35 0.75 0.09)
(5.4 0.75 0.09)
(5.45 0.75 0.09)
(5.5 0.75 0.09)
(5.55 0.75 0.09)
(5.6 0.75 0.09)
(5.65 0.75 0.09)
(5.7 0.75 0.09)
(5.75 0.75 0.09)
(5.8 0.75 0.09)
(5.85 0.75 0.09)
(5.9 0.75 0.09)
(5.95 0.75 0.09)
(6 0.75 0.09)
(6.05 0.75 0.09)
(6.1 0.75 0.09)
(6.15 0.75 0.09)
(6.2 0.75 0.09)
(6.25 0.75 0.09)
(6.3 0.75 0.09)
(6.35 0.75 0.09)
(6.4 0.75 0.09)
(6.45 0.75 0.09)
(6.5 0.75 0.09)
(6.55 0.75 0.09)
(6.6 0.75 0.09)
(6.65 0.75 0.09)
(6.7 0.75 0.09)
(6.75 0.75 0.09)
(6.8 0.75 0.09)
(6.85 0.75 0.09)
(6.9 0.75 0.09)
(6.95 0.75 0.09)
(7 0.75 0.09)
(7.05 0.75 0.09)
(7.1 0.75 0.09)
(7.15 0.75 0.09)
(7.2 0.75 0.09)
(7.25 0.75 0.09)
(7.3 0.75 0.09)
(7.35 0.75 0.09)
(7.4 0.75 0.09)
(7.45 0.75 0.09)
(7.5 0.75 0.09)
(7.55 0.75 0.09)
(7.6 0.75 0.09)
(7.65 0.75 0.09)
(7.7 0.75 0.09)
(7.75 0.75 0.09)
(7.8 0.75 0.09)
(7.85 0.75 0.09)
(7.9 0.75 0.09)
(7.95 0.75 0.09)
(8 0.75 0.09)
(8.05 0.75 0.09)
(8.1 0.75 0.09)
(8.15 0.75 0.09)
(8.2 0.75 0.09)
(8.25 0.75 0.09)
(8.3 0.75 0.09)
(8.35 0.75 0.09)
(8.4 0.75 0.09)
(8.45 0.75 0.09)
(8.5 0.75 0.09)
(8.55 0.75 0.09)
(8.6 0.75 0.09)
(8.65 0.75 0.09)
(8.7 0.75 0.09)
(8.75 0.75 0.09)
(8.8 0.75 0.09)
(8.85 0.75 0.09)
(8.9 0.75 0.09)
(8.95 0.75 0.09)
(9 0.75 0.09)
(9.05 0.75 0.09)
(9.1 0.75 0.09)
(9.15 0.75 0.09)
(9.2 0.75 0.09)
(9.25 0.75 0.09)
(9.3 0.75 0.09)
(9.35 0.75 0.09)
(9.4 0.75 0.09)
(9.45 0.75 0.09)
(9.5 0.75 0.09)
(9.55 0.75 0.09)
(9.6 0.75 0.09)
(9.65 0.75 0.09)
(9.7 0.75 0.09)
(9.75 0.75 0.09)
(9.8 0.75 0.09)
(9.85 0.75 0.09)
(9.9 0.75 0.09)
(9.95 0.75 0.09)
(10 0.75 0.09)
(0 0.8 0.09)
(0.05 0.8 0.09)
(0.1 0.8 0.09)
(0.15 0.8 0.09)
(0.2 0.8 0.09)
(0.25 0.8 0.09)
(0.3 0.8 0.09)
(0.35 0.8 0.09)
(0.4 0.8 0.09)
(0.45 0.8 0.09)
(0.5 0.8 0.09)
(0.55 0.8 0.09)
(0.6 0.8 0.09)
(0.65 0.8 0.09)
(0.7 0.8 0.09)
(0.75 0.8 0.09)
(0.8 0.8 0.09)
(0.85 0.8 0.09)
(0.9 0.8 0.09)
(0.95 0.8 0.09)
(1 0.8 0.09)
(1.05 0.8 0.09)
(1.1 0.8 0.09)
(1.15 0.8 0.09)
(1.2 0.8 0.09)
(1.25 0.8 0.09)
(1.3 0.8 0.09)
(1.35 0.8 0.09)
(1.4 0.8 0.09)
(1.45 0.8 0.09)
(1.5 0.8 0.09)
(1.55 0.8 0.09)
(1.6 0.8 0.09)
(1.65 0.8 0.09)
(1.7 0.8 0.09)
(1.75 0.8 0.09)
(1.8 0.8 0.09)
(1.85 0.8 0.09)
(1.9 0.8 0.09)
(1.95 0.8 0.09)
(2 0.8 0.09)
(2.05 0.8 0.09)
(2.1 0.8 0.09)
(2.15 0.8 0.09)
(2.2 0.8 0.09)
(2.25 0.8 0.09)
(2.3 0.8 0.09)
(2.35 0.8 0.09)
(2.4 0.8 0.09)
(2.45 0.8 0.09)
(2.5 0.8 0.09)
(2.55 0.8 0.09)
(2.6 0.8 0.09)
(2.65 0.8 0.09)
(2.7 0.8 0.09)
(2.75 0.8 0.09)
(2.8 0.8 0.09)
(2.85 0.8 0.09)
(2.9 0.8 0.09)
(2.95 0.8 0.09)
(3 0.8 0.09)
(3.05 0.8 0.09)
(3.1 0.8 0.09)
(3.15 0.8 0.09)
(3.2 0.8 0.09)
(3.25 0.8 0.09)
(3.3 0.8 0.09)
(3.35 0.8 0.09)
(3.4 0.8 0.09)
(3.45 0.8 0.09)
(3.5 0.8 0.09)
(3.55 0.8 0.09)
(3.6 0.8 0.09)
(3.65 0.8 0.09)
(3.7 0.8 0.09)
(3.75 0.8 0.09)
(3.8 0.8 0.09)
(3.85 0.8 0.09)
(3.9 0.8 0.09)
(3.95 0.8 0.09)
(4 0.8 0.09)
(4.05 0.8 0.09)
(4.1 0.8 0.09)
(4.15 0.8 0.09)
(4.2 0.8 0.09)
(4.25 0.8 0.09)
(4.3 0.8 0.09)
(4.35 0.8 0.09)
(4.4 0.8 0.09)
(4.45 0.8 0.09)
(4.5 0.8 0.09)
(4.55 0.8 0.09)
(4.6 0.8 0.09)
(4.65 0.8 0.09)
(4.7 0.8 0.09)
(4.75 0.8 0.09)
(4.8 0.8 0.09)
(4.85 0.8 0.09)
(4.9 0.8 0.09)
(4.95 0.8 0.09)
(5 0.8 0.09)
(5.05 0.8 0.09)
(5.1 0.8 0.09)
(5.15 0.8 0.09)
(5.2 0.8 0.09)
(5.25 0.8 0.09)
(5.3 0.8 0.09)
(5.35 0.8 0.09)
(5.4 0.8 0.09)
(5.45 0.8 0.09)
(5.5 0.8 0.09)
(5.55 0.8 0.09)
(5.6 0.8 0.09)
(5.65 0.8 0.09)
(5.7 0.8 0.09)
(5.75 0.8 0.09)
(5.8 0.8 0.09)
(5.85 0.8 0.09)
(5.9 0.8 0.09)
(5.95 0.8 0.09)
(6 0.8 0.09)
(6.05 0.8 0.09)
(6.1 0.8 0.09)
(6.15 0.8 0.09)
(6.2 0.8 0.09)
(6.25 0.8 0.09)
(6.3 0.8 0.09)
(6.35 0.8 0.09)
(6.4 0.8 0.09)
(6.45 0.8 0.09)
(6.5 0.8 0.09)
(6.55 0.8 0.09)
(6.6 0.8 0.09)
(6.65 0.8 0.09)
(6.7 0.8 0.09)
(6.75 0.8 0.09)
(6.8 0.8 0.09)
(6.85 0.8 0.09)
(6.9 0.8 0.09)
(6.95 0.8 0.09)
(7 0.8 0.09)
(7.05 0.8 0.09)
(7.1 0.8 0.09)
(7.15 0.8 0.09)
(7.2 0.8 0.09)
(7.25 0.8 0.09)
(7.3 0.8 0.09)
(7.35 0.8 0.09)
(7.4 0.8 0.09)
(7.45 0.8 0.09)
(7.5 0.8 0.09)
(7.55 0.8 0.09)
(7.6 0.8 0.09)
(7.65 0.8 0.09)
(7.7 0.8 0.09)
(7.75 0.8 0.09)
(7.8 0.8 0.09)
(7.85 0.8 0.09)
(7.9 0.8 0.09)
(7.95 0.8 0.09)
(8 0.8 0.09)
(8.05 0.8 0.09)
(8.1 0.8 0.09)
(8.15 0.8 0.09)
(8.2 0.8 0.09)
(8.25 0.8 0.09)
(8.3 0.8 0.09)
(8.35 0.8 0.09)
(8.4 0.8 0.09)
(8.45 0.8 0.09)
(8.5 0.8 0.09)
(8.55 0.8 0.09)
(8.6 0.8 0.09)
(8.65 0.8 0.09)
(8.7 0.8 0.09)
(8.75 0.8 0.09)
(8.8 0.8 0.09)
(8.85 0.8 0.09)
(8.9 0.8 0.09)
(8.95 0.8 0.09)
(9 0.8 0.09)
(9.05 0.8 0.09)
(9.1 0.8 0.09)
(9.15 0.8 0.09)
(9.2 0.8 0.09)
(9.25 0.8 0.09)
(9.3 0.8 0.09)
(9.35 0.8 0.09)
(9.4 0.8 0.09)
(9.45 0.8 0.09)
(9.5 0.8 0.09)
(9.55 0.8 0.09)
(9.6 0.8 0.09)
(9.65 0.8 0.09)
(9.7 0.8 0.09)
(9.75 0.8 0.09)
(9.8 0.8 0.09)
(9.85 0.8 0.09)
(9.9 0.8 0.09)
(9.95 0.8 0.09)
(10 0.8 0.09)
(0 0.85 0.09)
(0.05 0.85 0.09)
(0.1 0.85 0.09)
(0.15 0.85 0.09)
(0.2 0.85 0.09)
(0.25 0.85 0.09)
(0.3 0.85 0.09)
(0.35 0.85 0.09)
(0.4 0.85 0.09)
(0.45 0.85 0.09)
(0.5 0.85 0.09)
(0.55 0.85 0.09)
(0.6 0.85 0.09)
(0.65 0.85 0.09)
(0.7 0.85 0.09)
(0.75 0.85 0.09)
(0.8 0.85 0.09)
(0.85 0.85 0.09)
(0.9 0.85 0.09)
(0.95 0.85 0.09)
(1 0.85 0.09)
(1.05 0.85 0.09)
(1.1 0.85 0.09)
(1.15 0.85 0.09)
(1.2 0.85 0.09)
(1.25 0.85 0.09)
(1.3 0.85 0.09)
(1.35 0.85 0.09)
(1.4 0.85 0.09)
(1.45 0.85 0.09)
(1.5 0.85 0.09)
(1.55 0.85 0.09)
(1.6 0.85 0.09)
(1.65 0.85 0.09)
(1.7 0.85 0.09)
(1.75 0.85 0.09)
(1.8 0.85 0.09)
(1.85 0.85 0.09)
(1.9 0.85 0.09)
(1.95 0.85 0.09)
(2 0.85 0.09)
(2.05 0.85 0.09)
(2.1 0.85 0.09)
(2.15 0.85 0.09)
(2.2 0.85 0.09)
(2.25 0.85 0.09)
(2.3 0.85 0.09)
(2.35 0.85 0.09)
(2.4 0.85 0.09)
(2.45 0.85 0.09)
(2.5 0.85 0.09)
(2.55 0.85 0.09)
(2.6 0.85 0.09)
(2.65 0.85 0.09)
(2.7 0.85 0.09)
(2.75 0.85 0.09)
(2.8 0.85 0.09)
(2.85 0.85 0.09)
(2.9 0.85 0.09)
(2.95 0.85 0.09)
(3 0.85 0.09)
(3.05 0.85 0.09)
(3.1 0.85 0.09)
(3.15 0.85 0.09)
(3.2 0.85 0.09)
(3.25 0.85 0.09)
(3.3 0.85 0.09)
(3.35 0.85 0.09)
(3.4 0.85 0.09)
(3.45 0.85 0.09)
(3.5 0.85 0.09)
(3.55 0.85 0.09)
(3.6 0.85 0.09)
(3.65 0.85 0.09)
(3.7 0.85 0.09)
(3.75 0.85 0.09)
(3.8 0.85 0.09)
(3.85 0.85 0.09)
(3.9 0.85 0.09)
(3.95 0.85 0.09)
(4 0.85 0.09)
(4.05 0.85 0.09)
(4.1 0.85 0.09)
(4.15 0.85 0.09)
(4.2 0.85 0.09)
(4.25 0.85 0.09)
(4.3 0.85 0.09)
(4.35 0.85 0.09)
(4.4 0.85 0.09)
(4.45 0.85 0.09)
(4.5 0.85 0.09)
(4.55 0.85 0.09)
(4.6 0.85 0.09)
(4.65 0.85 0.09)
(4.7 0.85 0.09)
(4.75 0.85 0.09)
(4.8 0.85 0.09)
(4.85 0.85 0.09)
(4.9 0.85 0.09)
(4.95 0.85 0.09)
(5 0.85 0.09)
(5.05 0.85 0.09)
(5.1 0.85 0.09)
(5.15 0.85 0.09)
(5.2 0.85 0.09)
(5.25 0.85 0.09)
(5.3 0.85 0.09)
(5.35 0.85 0.09)
(5.4 0.85 0.09)
(5.45 0.85 0.09)
(5.5 0.85 0.09)
(5.55 0.85 0.09)
(5.6 0.85 0.09)
(5.65 0.85 0.09)
(5.7 0.85 0.09)
(5.75 0.85 0.09)
(5.8 0.85 0.09)
(5.85 0.85 0.09)
(5.9 0.85 0.09)
(5.95 0.85 0.09)
(6 0.85 0.09)
(6.05 0.85 0.09)
(6.1 0.85 0.09)
(6.15 0.85 0.09)
(6.2 0.85 0.09)
(6.25 0.85 0.09)
(6.3 0.85 0.09)
(6.35 0.85 0.09)
(6.4 0.85 0.09)
(6.45 0.85 0.09)
(6.5 0.85 0.09)
(6.55 0.85 0.09)
(6.6 0.85 0.09)
(6.65 0.85 0.09)
(6.7 0.85 0.09)
(6.75 0.85 0.09)
(6.8 0.85 0.09)
(6.85 0.85 0.09)
(6.9 0.85 0.09)
(6.95 0.85 0.09)
(7 0.85 0.09)
(7.05 0.85 0.09)
(7.1 0.85 0.09)
(7.15 0.85 0.09)
(7.2 0.85 0.09)
(7.25 0.85 0.09)
(7.3 0.85 0.09)
(7.35 0.85 0.09)
(7.4 0.85 0.09)
(7.45 0.85 0.09)
(7.5 0.85 0.09)
(7.55 0.85 0.09)
(7.6 0.85 0.09)
(7.65 0.85 0.09)
(7.7 0.85 0.09)
(7.75 0.85 0.09)
(7.8 0.85 0.09)
(7.85 0.85 0.09)
(7.9 0.85 0.09)
(7.95 0.85 0.09)
(8 0.85 0.09)
(8.05 0.85 0.09)
(8.1 0.85 0.09)
(8.15 0.85 0.09)
(8.2 0.85 0.09)
(8.25 0.85 0.09)
(8.3 0.85 0.09)
(8.35 0.85 0.09)
(8.4 0.85 0.09)
(8.45 0.85 0.09)
(8.5 0.85 0.09)
(8.55 0.85 0.09)
(8.6 0.85 0.09)
(8.65 0.85 0.09)
(8.7 0.85 0.09)
(8.75 0.85 0.09)
(8.8 0.85 0.09)
(8.85 0.85 0.09)
(8.9 0.85 0.09)
(8.95 0.85 0.09)
(9 0.85 0.09)
(9.05 0.85 0.09)
(9.1 0.85 0.09)
(9.15 0.85 0.09)
(9.2 0.85 0.09)
(9.25 0.85 0.09)
(9.3 0.85 0.09)
(9.35 0.85 0.09)
(9.4 0.85 0.09)
(9.45 0.85 0.09)
(9.5 0.85 0.09)
(9.55 0.85 0.09)
(9.6 0.85 0.09)
(9.65 0.85 0.09)
(9.7 0.85 0.09)
(9.75 0.85 0.09)
(9.8 0.85 0.09)
(9.85 0.85 0.09)
(9.9 0.85 0.09)
(9.95 0.85 0.09)
(10 0.85 0.09)
(0 0.9 0.09)
(0.05 0.9 0.09)
(0.1 0.9 0.09)
(0.15 0.9 0.09)
(0.2 0.9 0.09)
(0.25 0.9 0.09)
(0.3 0.9 0.09)
(0.35 0.9 0.09)
(0.4 0.9 0.09)
(0.45 0.9 0.09)
(0.5 0.9 0.09)
(0.55 0.9 0.09)
(0.6 0.9 0.09)
(0.65 0.9 0.09)
(0.7 0.9 0.09)
(0.75 0.9 0.09)
(0.8 0.9 0.09)
(0.85 0.9 0.09)
(0.9 0.9 0.09)
(0.95 0.9 0.09)
(1 0.9 0.09)
(1.05 0.9 0.09)
(1.1 0.9 0.09)
(1.15 0.9 0.09)
(1.2 0.9 0.09)
(1.25 0.9 0.09)
(1.3 0.9 0.09)
(1.35 0.9 0.09)
(1.4 0.9 0.09)
(1.45 0.9 0.09)
(1.5 0.9 0.09)
(1.55 0.9 0.09)
(1.6 0.9 0.09)
(1.65 0.9 0.09)
(1.7 0.9 0.09)
(1.75 0.9 0.09)
(1.8 0.9 0.09)
(1.85 0.9 0.09)
(1.9 0.9 0.09)
(1.95 0.9 0.09)
(2 0.9 0.09)
(2.05 0.9 0.09)
(2.1 0.9 0.09)
(2.15 0.9 0.09)
(2.2 0.9 0.09)
(2.25 0.9 0.09)
(2.3 0.9 0.09)
(2.35 0.9 0.09)
(2.4 0.9 0.09)
(2.45 0.9 0.09)
(2.5 0.9 0.09)
(2.55 0.9 0.09)
(2.6 0.9 0.09)
(2.65 0.9 0.09)
(2.7 0.9 0.09)
(2.75 0.9 0.09)
(2.8 0.9 0.09)
(2.85 0.9 0.09)
(2.9 0.9 0.09)
(2.95 0.9 0.09)
(3 0.9 0.09)
(3.05 0.9 0.09)
(3.1 0.9 0.09)
(3.15 0.9 0.09)
(3.2 0.9 0.09)
(3.25 0.9 0.09)
(3.3 0.9 0.09)
(3.35 0.9 0.09)
(3.4 0.9 0.09)
(3.45 0.9 0.09)
(3.5 0.9 0.09)
(3.55 0.9 0.09)
(3.6 0.9 0.09)
(3.65 0.9 0.09)
(3.7 0.9 0.09)
(3.75 0.9 0.09)
(3.8 0.9 0.09)
(3.85 0.9 0.09)
(3.9 0.9 0.09)
(3.95 0.9 0.09)
(4 0.9 0.09)
(4.05 0.9 0.09)
(4.1 0.9 0.09)
(4.15 0.9 0.09)
(4.2 0.9 0.09)
(4.25 0.9 0.09)
(4.3 0.9 0.09)
(4.35 0.9 0.09)
(4.4 0.9 0.09)
(4.45 0.9 0.09)
(4.5 0.9 0.09)
(4.55 0.9 0.09)
(4.6 0.9 0.09)
(4.65 0.9 0.09)
(4.7 0.9 0.09)
(4.75 0.9 0.09)
(4.8 0.9 0.09)
(4.85 0.9 0.09)
(4.9 0.9 0.09)
(4.95 0.9 0.09)
(5 0.9 0.09)
(5.05 0.9 0.09)
(5.1 0.9 0.09)
(5.15 0.9 0.09)
(5.2 0.9 0.09)
(5.25 0.9 0.09)
(5.3 0.9 0.09)
(5.35 0.9 0.09)
(5.4 0.9 0.09)
(5.45 0.9 0.09)
(5.5 0.9 0.09)
(5.55 0.9 0.09)
(5.6 0.9 0.09)
(5.65 0.9 0.09)
(5.7 0.9 0.09)
(5.75 0.9 0.09)
(5.8 0.9 0.09)
(5.85 0.9 0.09)
(5.9 0.9 0.09)
(5.95 0.9 0.09)
(6 0.9 0.09)
(6.05 0.9 0.09)
(6.1 0.9 0.09)
(6.15 0.9 0.09)
(6.2 0.9 0.09)
(6.25 0.9 0.09)
(6.3 0.9 0.09)
(6.35 0.9 0.09)
(6.4 0.9 0.09)
(6.45 0.9 0.09)
(6.5 0.9 0.09)
(6.55 0.9 0.09)
(6.6 0.9 0.09)
(6.65 0.9 0.09)
(6.7 0.9 0.09)
(6.75 0.9 0.09)
(6.8 0.9 0.09)
(6.85 0.9 0.09)
(6.9 0.9 0.09)
(6.95 0.9 0.09)
(7 0.9 0.09)
(7.05 0.9 0.09)
(7.1 0.9 0.09)
(7.15 0.9 0.09)
(7.2 0.9 0.09)
(7.25 0.9 0.09)
(7.3 0.9 0.09)
(7.35 0.9 0.09)
(7.4 0.9 0.09)
(7.45 0.9 0.09)
(7.5 0.9 0.09)
(7.55 0.9 0.09)
(7.6 0.9 0.09)
(7.65 0.9 0.09)
(7.7 0.9 0.09)
(7.75 0.9 0.09)
(7.8 0.9 0.09)
(7.85 0.9 0.09)
(7.9 0.9 0.09)
(7.95 0.9 0.09)
(8 0.9 0.09)
(8.05 0.9 0.09)
(8.1 0.9 0.09)
(8.15 0.9 0.09)
(8.2 0.9 0.09)
(8.25 0.9 0.09)
(8.3 0.9 0.09)
(8.35 0.9 0.09)
(8.4 0.9 0.09)
(8.45 0.9 0.09)
(8.5 0.9 0.09)
(8.55 0.9 0.09)
(8.6 0.9 0.09)
(8.65 0.9 0.09)
(8.7 0.9 0.09)
(8.75 0.9 0.09)
(8.8 0.9 0.09)
(8.85 0.9 0.09)
(8.9 0.9 0.09)
(8.95 0.9 0.09)
(9 0.9 0.09)
(9.05 0.9 0.09)
(9.1 0.9 0.09)
(9.15 0.9 0.09)
(9.2 0.9 0.09)
(9.25 0.9 0.09)
(9.3 0.9 0.09)
(9.35 0.9 0.09)
(9.4 0.9 0.09)
(9.45 0.9 0.09)
(9.5 0.9 0.09)
(9.55 0.9 0.09)
(9.6 0.9 0.09)
(9.65 0.9 0.09)
(9.7 0.9 0.09)
(9.75 0.9 0.09)
(9.8 0.9 0.09)
(9.85 0.9 0.09)
(9.9 0.9 0.09)
(9.95 0.9 0.09)
(10 0.9 0.09)
(0 0.95 0.09)
(0.05 0.95 0.09)
(0.1 0.95 0.09)
(0.15 0.95 0.09)
(0.2 0.95 0.09)
(0.25 0.95 0.09)
(0.3 0.95 0.09)
(0.35 0.95 0.09)
(0.4 0.95 0.09)
(0.45 0.95 0.09)
(0.5 0.95 0.09)
(0.55 0.95 0.09)
(0.6 0.95 0.09)
(0.65 0.95 0.09)
(0.7 0.95 0.09)
(0.75 0.95 0.09)
(0.8 0.95 0.09)
(0.85 0.95 0.09)
(0.9 0.95 0.09)
(0.95 0.95 0.09)
(1 0.95 0.09)
(1.05 0.95 0.09)
(1.1 0.95 0.09)
(1.15 0.95 0.09)
(1.2 0.95 0.09)
(1.25 0.95 0.09)
(1.3 0.95 0.09)
(1.35 0.95 0.09)
(1.4 0.95 0.09)
(1.45 0.95 0.09)
(1.5 0.95 0.09)
(1.55 0.95 0.09)
(1.6 0.95 0.09)
(1.65 0.95 0.09)
(1.7 0.95 0.09)
(1.75 0.95 0.09)
(1.8 0.95 0.09)
(1.85 0.95 0.09)
(1.9 0.95 0.09)
(1.95 0.95 0.09)
(2 0.95 0.09)
(2.05 0.95 0.09)
(2.1 0.95 0.09)
(2.15 0.95 0.09)
(2.2 0.95 0.09)
(2.25 0.95 0.09)
(2.3 0.95 0.09)
(2.35 0.95 0.09)
(2.4 0.95 0.09)
(2.45 0.95 0.09)
(2.5 0.95 0.09)
(2.55 0.95 0.09)
(2.6 0.95 0.09)
(2.65 0.95 0.09)
(2.7 0.95 0.09)
(2.75 0.95 0.09)
(2.8 0.95 0.09)
(2.85 0.95 0.09)
(2.9 0.95 0.09)
(2.95 0.95 0.09)
(3 0.95 0.09)
(3.05 0.95 0.09)
(3.1 0.95 0.09)
(3.15 0.95 0.09)
(3.2 0.95 0.09)
(3.25 0.95 0.09)
(3.3 0.95 0.09)
(3.35 0.95 0.09)
(3.4 0.95 0.09)
(3.45 0.95 0.09)
(3.5 0.95 0.09)
(3.55 0.95 0.09)
(3.6 0.95 0.09)
(3.65 0.95 0.09)
(3.7 0.95 0.09)
(3.75 0.95 0.09)
(3.8 0.95 0.09)
(3.85 0.95 0.09)
(3.9 0.95 0.09)
(3.95 0.95 0.09)
(4 0.95 0.09)
(4.05 0.95 0.09)
(4.1 0.95 0.09)
(4.15 0.95 0.09)
(4.2 0.95 0.09)
(4.25 0.95 0.09)
(4.3 0.95 0.09)
(4.35 0.95 0.09)
(4.4 0.95 0.09)
(4.45 0.95 0.09)
(4.5 0.95 0.09)
(4.55 0.95 0.09)
(4.6 0.95 0.09)
(4.65 0.95 0.09)
(4.7 0.95 0.09)
(4.75 0.95 0.09)
(4.8 0.95 0.09)
(4.85 0.95 0.09)
(4.9 0.95 0.09)
(4.95 0.95 0.09)
(5 0.95 0.09)
(5.05 0.95 0.09)
(5.1 0.95 0.09)
(5.15 0.95 0.09)
(5.2 0.95 0.09)
(5.25 0.95 0.09)
(5.3 0.95 0.09)
(5.35 0.95 0.09)
(5.4 0.95 0.09)
(5.45 0.95 0.09)
(5.5 0.95 0.09)
(5.55 0.95 0.09)
(5.6 0.95 0.09)
(5.65 0.95 0.09)
(5.7 0.95 0.09)
(5.75 0.95 0.09)
(5.8 0.95 0.09)
(5.85 0.95 0.09)
(5.9 0.95 0.09)
(5.95 0.95 0.09)
(6 0.95 0.09)
(6.05 0.95 0.09)
(6.1 0.95 0.09)
(6.15 0.95 0.09)
(6.2 0.95 0.09)
(6.25 0.95 0.09)
(6.3 0.95 0.09)
(6.35 0.95 0.09)
(6.4 0.95 0.09)
(6.45 0.95 0.09)
(6.5 0.95 0.09)
(6.55 0.95 0.09)
(6.6 0.95 0.09)
(6.65 0.95 0.09)
(6.7 0.95 0.09)
(6.75 0.95 0.09)
(6.8 0.95 0.09)
(6.85 0.95 0.09)
(6.9 0.95 0.09)
(6.95 0.95 0.09)
(7 0.95 0.09)
(7.05 0.95 0.09)
(7.1 0.95 0.09)
(7.15 0.95 0.09)
(7.2 0.95 0.09)
(7.25 0.95 0.09)
(7.3 0.95 0.09)
(7.35 0.95 0.09)
(7.4 0.95 0.09)
(7.45 0.95 0.09)
(7.5 0.95 0.09)
(7.55 0.95 0.09)
(7.6 0.95 0.09)
(7.65 0.95 0.09)
(7.7 0.95 0.09)
(7.75 0.95 0.09)
(7.8 0.95 0.09)
(7.85 0.95 0.09)
(7.9 0.95 0.09)
(7.95 0.95 0.09)
(8 0.95 0.09)
(8.05 0.95 0.09)
(8.1 0.95 0.09)
(8.15 0.95 0.09)
(8.2 0.95 0.09)
(8.25 0.95 0.09)
(8.3 0.95 0.09)
(8.35 0.95 0.09)
(8.4 0.95 0.09)
(8.45 0.95 0.09)
(8.5 0.95 0.09)
(8.55 0.95 0.09)
(8.6 0.95 0.09)
(8.65 0.95 0.09)
(8.7 0.95 0.09)
(8.75 0.95 0.09)
(8.8 0.95 0.09)
(8.85 0.95 0.09)
(8.9 0.95 0.09)
(8.95 0.95 0.09)
(9 0.95 0.09)
(9.05 0.95 0.09)
(9.1 0.95 0.09)
(9.15 0.95 0.09)
(9.2 0.95 0.09)
(9.25 0.95 0.09)
(9.3 0.95 0.09)
(9.35 0.95 0.09)
(9.4 0.95 0.09)
(9.45 0.95 0.09)
(9.5 0.95 0.09)
(9.55 0.95 0.09)
(9.6 0.95 0.09)
(9.65 0.95 0.09)
(9.7 0.95 0.09)
(9.75 0.95 0.09)
(9.8 0.95 0.09)
(9.85 0.95 0.09)
(9.9 0.95 0.09)
(9.95 0.95 0.09)
(10 0.95 0.09)
(0 1 0.09)
(0.05 1 0.09)
(0.1 1 0.09)
(0.15 1 0.09)
(0.2 1 0.09)
(0.25 1 0.09)
(0.3 1 0.09)
(0.35 1 0.09)
(0.4 1 0.09)
(0.45 1 0.09)
(0.5 1 0.09)
(0.55 1 0.09)
(0.6 1 0.09)
(0.65 1 0.09)
(0.7 1 0.09)
(0.75 1 0.09)
(0.8 1 0.09)
(0.85 1 0.09)
(0.9 1 0.09)
(0.95 1 0.09)
(1 1 0.09)
(1.05 1 0.09)
(1.1 1 0.09)
(1.15 1 0.09)
(1.2 1 0.09)
(1.25 1 0.09)
(1.3 1 0.09)
(1.35 1 0.09)
(1.4 1 0.09)
(1.45 1 0.09)
(1.5 1 0.09)
(1.55 1 0.09)
(1.6 1 0.09)
(1.65 1 0.09)
(1.7 1 0.09)
(1.75 1 0.09)
(1.8 1 0.09)
(1.85 1 0.09)
(1.9 1 0.09)
(1.95 1 0.09)
(2 1 0.09)
(2.05 1 0.09)
(2.1 1 0.09)
(2.15 1 0.09)
(2.2 1 0.09)
(2.25 1 0.09)
(2.3 1 0.09)
(2.35 1 0.09)
(2.4 1 0.09)
(2.45 1 0.09)
(2.5 1 0.09)
(2.55 1 0.09)
(2.6 1 0.09)
(2.65 1 0.09)
(2.7 1 0.09)
(2.75 1 0.09)
(2.8 1 0.09)
(2.85 1 0.09)
(2.9 1 0.09)
(2.95 1 0.09)
(3 1 0.09)
(3.05 1 0.09)
(3.1 1 0.09)
(3.15 1 0.09)
(3.2 1 0.09)
(3.25 1 0.09)
(3.3 1 0.09)
(3.35 1 0.09)
(3.4 1 0.09)
(3.45 1 0.09)
(3.5 1 0.09)
(3.55 1 0.09)
(3.6 1 0.09)
(3.65 1 0.09)
(3.7 1 0.09)
(3.75 1 0.09)
(3.8 1 0.09)
(3.85 1 0.09)
(3.9 1 0.09)
(3.95 1 0.09)
(4 1 0.09)
(4.05 1 0.09)
(4.1 1 0.09)
(4.15 1 0.09)
(4.2 1 0.09)
(4.25 1 0.09)
(4.3 1 0.09)
(4.35 1 0.09)
(4.4 1 0.09)
(4.45 1 0.09)
(4.5 1 0.09)
(4.55 1 0.09)
(4.6 1 0.09)
(4.65 1 0.09)
(4.7 1 0.09)
(4.75 1 0.09)
(4.8 1 0.09)
(4.85 1 0.09)
(4.9 1 0.09)
(4.95 1 0.09)
(5 1 0.09)
(5.05 1 0.09)
(5.1 1 0.09)
(5.15 1 0.09)
(5.2 1 0.09)
(5.25 1 0.09)
(5.3 1 0.09)
(5.35 1 0.09)
(5.4 1 0.09)
(5.45 1 0.09)
(5.5 1 0.09)
(5.55 1 0.09)
(5.6 1 0.09)
(5.65 1 0.09)
(5.7 1 0.09)
(5.75 1 0.09)
(5.8 1 0.09)
(5.85 1 0.09)
(5.9 1 0.09)
(5.95 1 0.09)
(6 1 0.09)
(6.05 1 0.09)
(6.1 1 0.09)
(6.15 1 0.09)
(6.2 1 0.09)
(6.25 1 0.09)
(6.3 1 0.09)
(6.35 1 0.09)
(6.4 1 0.09)
(6.45 1 0.09)
(6.5 1 0.09)
(6.55 1 0.09)
(6.6 1 0.09)
(6.65 1 0.09)
(6.7 1 0.09)
(6.75 1 0.09)
(6.8 1 0.09)
(6.85 1 0.09)
(6.9 1 0.09)
(6.95 1 0.09)
(7 1 0.09)
(7.05 1 0.09)
(7.1 1 0.09)
(7.15 1 0.09)
(7.2 1 0.09)
(7.25 1 0.09)
(7.3 1 0.09)
(7.35 1 0.09)
(7.4 1 0.09)
(7.45 1 0.09)
(7.5 1 0.09)
(7.55 1 0.09)
(7.6 1 0.09)
(7.65 1 0.09)
(7.7 1 0.09)
(7.75 1 0.09)
(7.8 1 0.09)
(7.85 1 0.09)
(7.9 1 0.09)
(7.95 1 0.09)
(8 1 0.09)
(8.05 1 0.09)
(8.1 1 0.09)
(8.15 1 0.09)
(8.2 1 0.09)
(8.25 1 0.09)
(8.3 1 0.09)
(8.35 1 0.09)
(8.4 1 0.09)
(8.45 1 0.09)
(8.5 1 0.09)
(8.55 1 0.09)
(8.6 1 0.09)
(8.65 1 0.09)
(8.7 1 0.09)
(8.75 1 0.09)
(8.8 1 0.09)
(8.85 1 0.09)
(8.9 1 0.09)
(8.95 1 0.09)
(9 1 0.09)
(9.05 1 0.09)
(9.1 1 0.09)
(9.15 1 0.09)
(9.2 1 0.09)
(9.25 1 0.09)
(9.3 1 0.09)
(9.35 1 0.09)
(9.4 1 0.09)
(9.45 1 0.09)
(9.5 1 0.09)
(9.55 1 0.09)
(9.6 1 0.09)
(9.65 1 0.09)
(9.7 1 0.09)
(9.75 1 0.09)
(9.8 1 0.09)
(9.85 1 0.09)
(9.9 1 0.09)
(9.95 1 0.09)
(10 1 0.09)
(0 0 0.1)
(0.05 0 0.1)
(0.1 0 0.1)
(0.15 0 0.1)
(0.2 0 0.1)
(0.25 0 0.1)
(0.3 0 0.1)
(0.35 0 0.1)
(0.4 0 0.1)
(0.45 0 0.1)
(0.5 0 0.1)
(0.55 0 0.1)
(0.6 0 0.1)
(0.65 0 0.1)
(0.7 0 0.1)
(0.75 0 0.1)
(0.8 0 0.1)
(0.85 0 0.1)
(0.9 0 0.1)
(0.95 0 0.1)
(1 0 0.1)
(1.05 0 0.1)
(1.1 0 0.1)
(1.15 0 0.1)
(1.2 0 0.1)
(1.25 0 0.1)
(1.3 0 0.1)
(1.35 0 0.1)
(1.4 0 0.1)
(1.45 0 0.1)
(1.5 0 0.1)
(1.55 0 0.1)
(1.6 0 0.1)
(1.65 0 0.1)
(1.7 0 0.1)
(1.75 0 0.1)
(1.8 0 0.1)
(1.85 0 0.1)
(1.9 0 0.1)
(1.95 0 0.1)
(2 0 0.1)
(2.05 0 0.1)
(2.1 0 0.1)
(2.15 0 0.1)
(2.2 0 0.1)
(2.25 0 0.1)
(2.3 0 0.1)
(2.35 0 0.1)
(2.4 0 0.1)
(2.45 0 0.1)
(2.5 0 0.1)
(2.55 0 0.1)
(2.6 0 0.1)
(2.65 0 0.1)
(2.7 0 0.1)
(2.75 0 0.1)
(2.8 0 0.1)
(2.85 0 0.1)
(2.9 0 0.1)
(2.95 0 0.1)
(3 0 0.1)
(3.05 0 0.1)
(3.1 0 0.1)
(3.15 0 0.1)
(3.2 0 0.1)
(3.25 0 0.1)
(3.3 0 0.1)
(3.35 0 0.1)
(3.4 0 0.1)
(3.45 0 0.1)
(3.5 0 0.1)
(3.55 0 0.1)
(3.6 0 0.1)
(3.65 0 0.1)
(3.7 0 0.1)
(3.75 0 0.1)
(3.8 0 0.1)
(3.85 0 0.1)
(3.9 0 0.1)
(3.95 0 0.1)
(4 0 0.1)
(4.05 0 0.1)
(4.1 0 0.1)
(4.15 0 0.1)
(4.2 0 0.1)
(4.25 0 0.1)
(4.3 0 0.1)
(4.35 0 0.1)
(4.4 0 0.1)
(4.45 0 0.1)
(4.5 0 0.1)
(4.55 0 0.1)
(4.6 0 0.1)
(4.65 0 0.1)
(4.7 0 0.1)
(4.75 0 0.1)
(4.8 0 0.1)
(4.85 0 0.1)
(4.9 0 0.1)
(4.95 0 0.1)
(5 0 0.1)
(5.05 0 0.1)
(5.1 0 0.1)
(5.15 0 0.1)
(5.2 0 0.1)
(5.25 0 0.1)
(5.3 0 0.1)
(5.35 0 0.1)
(5.4 0 0.1)
(5.45 0 0.1)
(5.5 0 0.1)
(5.55 0 0.1)
(5.6 0 0.1)
(5.65 0 0.1)
(5.7 0 0.1)
(5.75 0 0.1)
(5.8 0 0.1)
(5.85 0 0.1)
(5.9 0 0.1)
(5.95 0 0.1)
(6 0 0.1)
(6.05 0 0.1)
(6.1 0 0.1)
(6.15 0 0.1)
(6.2 0 0.1)
(6.25 0 0.1)
(6.3 0 0.1)
(6.35 0 0.1)
(6.4 0 0.1)
(6.45 0 0.1)
(6.5 0 0.1)
(6.55 0 0.1)
(6.6 0 0.1)
(6.65 0 0.1)
(6.7 0 0.1)
(6.75 0 0.1)
(6.8 0 0.1)
(6.85 0 0.1)
(6.9 0 0.1)
(6.95 0 0.1)
(7 0 0.1)
(7.05 0 0.1)
(7.1 0 0.1)
(7.15 0 0.1)
(7.2 0 0.1)
(7.25 0 0.1)
(7.3 0 0.1)
(7.35 0 0.1)
(7.4 0 0.1)
(7.45 0 0.1)
(7.5 0 0.1)
(7.55 0 0.1)
(7.6 0 0.1)
(7.65 0 0.1)
(7.7 0 0.1)
(7.75 0 0.1)
(7.8 0 0.1)
(7.85 0 0.1)
(7.9 0 0.1)
(7.95 0 0.1)
(8 0 0.1)
(8.05 0 0.1)
(8.1 0 0.1)
(8.15 0 0.1)
(8.2 0 0.1)
(8.25 0 0.1)
(8.3 0 0.1)
(8.35 0 0.1)
(8.4 0 0.1)
(8.45 0 0.1)
(8.5 0 0.1)
(8.55 0 0.1)
(8.6 0 0.1)
(8.65 0 0.1)
(8.7 0 0.1)
(8.75 0 0.1)
(8.8 0 0.1)
(8.85 0 0.1)
(8.9 0 0.1)
(8.95 0 0.1)
(9 0 0.1)
(9.05 0 0.1)
(9.1 0 0.1)
(9.15 0 0.1)
(9.2 0 0.1)
(9.25 0 0.1)
(9.3 0 0.1)
(9.35 0 0.1)
(9.4 0 0.1)
(9.45 0 0.1)
(9.5 0 0.1)
(9.55 0 0.1)
(9.6 0 0.1)
(9.65 0 0.1)
(9.7 0 0.1)
(9.75 0 0.1)
(9.8 0 0.1)
(9.85 0 0.1)
(9.9 0 0.1)
(9.95 0 0.1)
(10 0 0.1)
(0 0.05 0.1)
(0.05 0.05 0.1)
(0.1 0.05 0.1)
(0.15 0.05 0.1)
(0.2 0.05 0.1)
(0.25 0.05 0.1)
(0.3 0.05 0.1)
(0.35 0.05 0.1)
(0.4 0.05 0.1)
(0.45 0.05 0.1)
(0.5 0.05 0.1)
(0.55 0.05 0.1)
(0.6 0.05 0.1)
(0.65 0.05 0.1)
(0.7 0.05 0.1)
(0.75 0.05 0.1)
(0.8 0.05 0.1)
(0.85 0.05 0.1)
(0.9 0.05 0.1)
(0.95 0.05 0.1)
(1 0.05 0.1)
(1.05 0.05 0.1)
(1.1 0.05 0.1)
(1.15 0.05 0.1)
(1.2 0.05 0.1)
(1.25 0.05 0.1)
(1.3 0.05 0.1)
(1.35 0.05 0.1)
(1.4 0.05 0.1)
(1.45 0.05 0.1)
(1.5 0.05 0.1)
(1.55 0.05 0.1)
(1.6 0.05 0.1)
(1.65 0.05 0.1)
(1.7 0.05 0.1)
(1.75 0.05 0.1)
(1.8 0.05 0.1)
(1.85 0.05 0.1)
(1.9 0.05 0.1)
(1.95 0.05 0.1)
(2 0.05 0.1)
(2.05 0.05 0.1)
(2.1 0.05 0.1)
(2.15 0.05 0.1)
(2.2 0.05 0.1)
(2.25 0.05 0.1)
(2.3 0.05 0.1)
(2.35 0.05 0.1)
(2.4 0.05 0.1)
(2.45 0.05 0.1)
(2.5 0.05 0.1)
(2.55 0.05 0.1)
(2.6 0.05 0.1)
(2.65 0.05 0.1)
(2.7 0.05 0.1)
(2.75 0.05 0.1)
(2.8 0.05 0.1)
(2.85 0.05 0.1)
(2.9 0.05 0.1)
(2.95 0.05 0.1)
(3 0.05 0.1)
(3.05 0.05 0.1)
(3.1 0.05 0.1)
(3.15 0.05 0.1)
(3.2 0.05 0.1)
(3.25 0.05 0.1)
(3.3 0.05 0.1)
(3.35 0.05 0.1)
(3.4 0.05 0.1)
(3.45 0.05 0.1)
(3.5 0.05 0.1)
(3.55 0.05 0.1)
(3.6 0.05 0.1)
(3.65 0.05 0.1)
(3.7 0.05 0.1)
(3.75 0.05 0.1)
(3.8 0.05 0.1)
(3.85 0.05 0.1)
(3.9 0.05 0.1)
(3.95 0.05 0.1)
(4 0.05 0.1)
(4.05 0.05 0.1)
(4.1 0.05 0.1)
(4.15 0.05 0.1)
(4.2 0.05 0.1)
(4.25 0.05 0.1)
(4.3 0.05 0.1)
(4.35 0.05 0.1)
(4.4 0.05 0.1)
(4.45 0.05 0.1)
(4.5 0.05 0.1)
(4.55 0.05 0.1)
(4.6 0.05 0.1)
(4.65 0.05 0.1)
(4.7 0.05 0.1)
(4.75 0.05 0.1)
(4.8 0.05 0.1)
(4.85 0.05 0.1)
(4.9 0.05 0.1)
(4.95 0.05 0.1)
(5 0.05 0.1)
(5.05 0.05 0.1)
(5.1 0.05 0.1)
(5.15 0.05 0.1)
(5.2 0.05 0.1)
(5.25 0.05 0.1)
(5.3 0.05 0.1)
(5.35 0.05 0.1)
(5.4 0.05 0.1)
(5.45 0.05 0.1)
(5.5 0.05 0.1)
(5.55 0.05 0.1)
(5.6 0.05 0.1)
(5.65 0.05 0.1)
(5.7 0.05 0.1)
(5.75 0.05 0.1)
(5.8 0.05 0.1)
(5.85 0.05 0.1)
(5.9 0.05 0.1)
(5.95 0.05 0.1)
(6 0.05 0.1)
(6.05 0.05 0.1)
(6.1 0.05 0.1)
(6.15 0.05 0.1)
(6.2 0.05 0.1)
(6.25 0.05 0.1)
(6.3 0.05 0.1)
(6.35 0.05 0.1)
(6.4 0.05 0.1)
(6.45 0.05 0.1)
(6.5 0.05 0.1)
(6.55 0.05 0.1)
(6.6 0.05 0.1)
(6.65 0.05 0.1)
(6.7 0.05 0.1)
(6.75 0.05 0.1)
(6.8 0.05 0.1)
(6.85 0.05 0.1)
(6.9 0.05 0.1)
(6.95 0.05 0.1)
(7 0.05 0.1)
(7.05 0.05 0.1)
(7.1 0.05 0.1)
(7.15 0.05 0.1)
(7.2 0.05 0.1)
(7.25 0.05 0.1)
(7.3 0.05 0.1)
(7.35 0.05 0.1)
(7.4 0.05 0.1)
(7.45 0.05 0.1)
(7.5 0.05 0.1)
(7.55 0.05 0.1)
(7.6 0.05 0.1)
(7.65 0.05 0.1)
(7.7 0.05 0.1)
(7.75 0.05 0.1)
(7.8 0.05 0.1)
(7.85 0.05 0.1)
(7.9 0.05 0.1)
(7.95 0.05 0.1)
(8 0.05 0.1)
(8.05 0.05 0.1)
(8.1 0.05 0.1)
(8.15 0.05 0.1)
(8.2 0.05 0.1)
(8.25 0.05 0.1)
(8.3 0.05 0.1)
(8.35 0.05 0.1)
(8.4 0.05 0.1)
(8.45 0.05 0.1)
(8.5 0.05 0.1)
(8.55 0.05 0.1)
(8.6 0.05 0.1)
(8.65 0.05 0.1)
(8.7 0.05 0.1)
(8.75 0.05 0.1)
(8.8 0.05 0.1)
(8.85 0.05 0.1)
(8.9 0.05 0.1)
(8.95 0.05 0.1)
(9 0.05 0.1)
(9.05 0.05 0.1)
(9.1 0.05 0.1)
(9.15 0.05 0.1)
(9.2 0.05 0.1)
(9.25 0.05 0.1)
(9.3 0.05 0.1)
(9.35 0.05 0.1)
(9.4 0.05 0.1)
(9.45 0.05 0.1)
(9.5 0.05 0.1)
(9.55 0.05 0.1)
(9.6 0.05 0.1)
(9.65 0.05 0.1)
(9.7 0.05 0.1)
(9.75 0.05 0.1)
(9.8 0.05 0.1)
(9.85 0.05 0.1)
(9.9 0.05 0.1)
(9.95 0.05 0.1)
(10 0.05 0.1)
(0 0.1 0.1)
(0.05 0.1 0.1)
(0.1 0.1 0.1)
(0.15 0.1 0.1)
(0.2 0.1 0.1)
(0.25 0.1 0.1)
(0.3 0.1 0.1)
(0.35 0.1 0.1)
(0.4 0.1 0.1)
(0.45 0.1 0.1)
(0.5 0.1 0.1)
(0.55 0.1 0.1)
(0.6 0.1 0.1)
(0.65 0.1 0.1)
(0.7 0.1 0.1)
(0.75 0.1 0.1)
(0.8 0.1 0.1)
(0.85 0.1 0.1)
(0.9 0.1 0.1)
(0.95 0.1 0.1)
(1 0.1 0.1)
(1.05 0.1 0.1)
(1.1 0.1 0.1)
(1.15 0.1 0.1)
(1.2 0.1 0.1)
(1.25 0.1 0.1)
(1.3 0.1 0.1)
(1.35 0.1 0.1)
(1.4 0.1 0.1)
(1.45 0.1 0.1)
(1.5 0.1 0.1)
(1.55 0.1 0.1)
(1.6 0.1 0.1)
(1.65 0.1 0.1)
(1.7 0.1 0.1)
(1.75 0.1 0.1)
(1.8 0.1 0.1)
(1.85 0.1 0.1)
(1.9 0.1 0.1)
(1.95 0.1 0.1)
(2 0.1 0.1)
(2.05 0.1 0.1)
(2.1 0.1 0.1)
(2.15 0.1 0.1)
(2.2 0.1 0.1)
(2.25 0.1 0.1)
(2.3 0.1 0.1)
(2.35 0.1 0.1)
(2.4 0.1 0.1)
(2.45 0.1 0.1)
(2.5 0.1 0.1)
(2.55 0.1 0.1)
(2.6 0.1 0.1)
(2.65 0.1 0.1)
(2.7 0.1 0.1)
(2.75 0.1 0.1)
(2.8 0.1 0.1)
(2.85 0.1 0.1)
(2.9 0.1 0.1)
(2.95 0.1 0.1)
(3 0.1 0.1)
(3.05 0.1 0.1)
(3.1 0.1 0.1)
(3.15 0.1 0.1)
(3.2 0.1 0.1)
(3.25 0.1 0.1)
(3.3 0.1 0.1)
(3.35 0.1 0.1)
(3.4 0.1 0.1)
(3.45 0.1 0.1)
(3.5 0.1 0.1)
(3.55 0.1 0.1)
(3.6 0.1 0.1)
(3.65 0.1 0.1)
(3.7 0.1 0.1)
(3.75 0.1 0.1)
(3.8 0.1 0.1)
(3.85 0.1 0.1)
(3.9 0.1 0.1)
(3.95 0.1 0.1)
(4 0.1 0.1)
(4.05 0.1 0.1)
(4.1 0.1 0.1)
(4.15 0.1 0.1)
(4.2 0.1 0.1)
(4.25 0.1 0.1)
(4.3 0.1 0.1)
(4.35 0.1 0.1)
(4.4 0.1 0.1)
(4.45 0.1 0.1)
(4.5 0.1 0.1)
(4.55 0.1 0.1)
(4.6 0.1 0.1)
(4.65 0.1 0.1)
(4.7 0.1 0.1)
(4.75 0.1 0.1)
(4.8 0.1 0.1)
(4.85 0.1 0.1)
(4.9 0.1 0.1)
(4.95 0.1 0.1)
(5 0.1 0.1)
(5.05 0.1 0.1)
(5.1 0.1 0.1)
(5.15 0.1 0.1)
(5.2 0.1 0.1)
(5.25 0.1 0.1)
(5.3 0.1 0.1)
(5.35 0.1 0.1)
(5.4 0.1 0.1)
(5.45 0.1 0.1)
(5.5 0.1 0.1)
(5.55 0.1 0.1)
(5.6 0.1 0.1)
(5.65 0.1 0.1)
(5.7 0.1 0.1)
(5.75 0.1 0.1)
(5.8 0.1 0.1)
(5.85 0.1 0.1)
(5.9 0.1 0.1)
(5.95 0.1 0.1)
(6 0.1 0.1)
(6.05 0.1 0.1)
(6.1 0.1 0.1)
(6.15 0.1 0.1)
(6.2 0.1 0.1)
(6.25 0.1 0.1)
(6.3 0.1 0.1)
(6.35 0.1 0.1)
(6.4 0.1 0.1)
(6.45 0.1 0.1)
(6.5 0.1 0.1)
(6.55 0.1 0.1)
(6.6 0.1 0.1)
(6.65 0.1 0.1)
(6.7 0.1 0.1)
(6.75 0.1 0.1)
(6.8 0.1 0.1)
(6.85 0.1 0.1)
(6.9 0.1 0.1)
(6.95 0.1 0.1)
(7 0.1 0.1)
(7.05 0.1 0.1)
(7.1 0.1 0.1)
(7.15 0.1 0.1)
(7.2 0.1 0.1)
(7.25 0.1 0.1)
(7.3 0.1 0.1)
(7.35 0.1 0.1)
(7.4 0.1 0.1)
(7.45 0.1 0.1)
(7.5 0.1 0.1)
(7.55 0.1 0.1)
(7.6 0.1 0.1)
(7.65 0.1 0.1)
(7.7 0.1 0.1)
(7.75 0.1 0.1)
(7.8 0.1 0.1)
(7.85 0.1 0.1)
(7.9 0.1 0.1)
(7.95 0.1 0.1)
(8 0.1 0.1)
(8.05 0.1 0.1)
(8.1 0.1 0.1)
(8.15 0.1 0.1)
(8.2 0.1 0.1)
(8.25 0.1 0.1)
(8.3 0.1 0.1)
(8.35 0.1 0.1)
(8.4 0.1 0.1)
(8.45 0.1 0.1)
(8.5 0.1 0.1)
(8.55 0.1 0.1)
(8.6 0.1 0.1)
(8.65 0.1 0.1)
(8.7 0.1 0.1)
(8.75 0.1 0.1)
(8.8 0.1 0.1)
(8.85 0.1 0.1)
(8.9 0.1 0.1)
(8.95 0.1 0.1)
(9 0.1 0.1)
(9.05 0.1 0.1)
(9.1 0.1 0.1)
(9.15 0.1 0.1)
(9.2 0.1 0.1)
(9.25 0.1 0.1)
(9.3 0.1 0.1)
(9.35 0.1 0.1)
(9.4 0.1 0.1)
(9.45 0.1 0.1)
(9.5 0.1 0.1)
(9.55 0.1 0.1)
(9.6 0.1 0.1)
(9.65 0.1 0.1)
(9.7 0.1 0.1)
(9.75 0.1 0.1)
(9.8 0.1 0.1)
(9.85 0.1 0.1)
(9.9 0.1 0.1)
(9.95 0.1 0.1)
(10 0.1 0.1)
(0 0.15 0.1)
(0.05 0.15 0.1)
(0.1 0.15 0.1)
(0.15 0.15 0.1)
(0.2 0.15 0.1)
(0.25 0.15 0.1)
(0.3 0.15 0.1)
(0.35 0.15 0.1)
(0.4 0.15 0.1)
(0.45 0.15 0.1)
(0.5 0.15 0.1)
(0.55 0.15 0.1)
(0.6 0.15 0.1)
(0.65 0.15 0.1)
(0.7 0.15 0.1)
(0.75 0.15 0.1)
(0.8 0.15 0.1)
(0.85 0.15 0.1)
(0.9 0.15 0.1)
(0.95 0.15 0.1)
(1 0.15 0.1)
(1.05 0.15 0.1)
(1.1 0.15 0.1)
(1.15 0.15 0.1)
(1.2 0.15 0.1)
(1.25 0.15 0.1)
(1.3 0.15 0.1)
(1.35 0.15 0.1)
(1.4 0.15 0.1)
(1.45 0.15 0.1)
(1.5 0.15 0.1)
(1.55 0.15 0.1)
(1.6 0.15 0.1)
(1.65 0.15 0.1)
(1.7 0.15 0.1)
(1.75 0.15 0.1)
(1.8 0.15 0.1)
(1.85 0.15 0.1)
(1.9 0.15 0.1)
(1.95 0.15 0.1)
(2 0.15 0.1)
(2.05 0.15 0.1)
(2.1 0.15 0.1)
(2.15 0.15 0.1)
(2.2 0.15 0.1)
(2.25 0.15 0.1)
(2.3 0.15 0.1)
(2.35 0.15 0.1)
(2.4 0.15 0.1)
(2.45 0.15 0.1)
(2.5 0.15 0.1)
(2.55 0.15 0.1)
(2.6 0.15 0.1)
(2.65 0.15 0.1)
(2.7 0.15 0.1)
(2.75 0.15 0.1)
(2.8 0.15 0.1)
(2.85 0.15 0.1)
(2.9 0.15 0.1)
(2.95 0.15 0.1)
(3 0.15 0.1)
(3.05 0.15 0.1)
(3.1 0.15 0.1)
(3.15 0.15 0.1)
(3.2 0.15 0.1)
(3.25 0.15 0.1)
(3.3 0.15 0.1)
(3.35 0.15 0.1)
(3.4 0.15 0.1)
(3.45 0.15 0.1)
(3.5 0.15 0.1)
(3.55 0.15 0.1)
(3.6 0.15 0.1)
(3.65 0.15 0.1)
(3.7 0.15 0.1)
(3.75 0.15 0.1)
(3.8 0.15 0.1)
(3.85 0.15 0.1)
(3.9 0.15 0.1)
(3.95 0.15 0.1)
(4 0.15 0.1)
(4.05 0.15 0.1)
(4.1 0.15 0.1)
(4.15 0.15 0.1)
(4.2 0.15 0.1)
(4.25 0.15 0.1)
(4.3 0.15 0.1)
(4.35 0.15 0.1)
(4.4 0.15 0.1)
(4.45 0.15 0.1)
(4.5 0.15 0.1)
(4.55 0.15 0.1)
(4.6 0.15 0.1)
(4.65 0.15 0.1)
(4.7 0.15 0.1)
(4.75 0.15 0.1)
(4.8 0.15 0.1)
(4.85 0.15 0.1)
(4.9 0.15 0.1)
(4.95 0.15 0.1)
(5 0.15 0.1)
(5.05 0.15 0.1)
(5.1 0.15 0.1)
(5.15 0.15 0.1)
(5.2 0.15 0.1)
(5.25 0.15 0.1)
(5.3 0.15 0.1)
(5.35 0.15 0.1)
(5.4 0.15 0.1)
(5.45 0.15 0.1)
(5.5 0.15 0.1)
(5.55 0.15 0.1)
(5.6 0.15 0.1)
(5.65 0.15 0.1)
(5.7 0.15 0.1)
(5.75 0.15 0.1)
(5.8 0.15 0.1)
(5.85 0.15 0.1)
(5.9 0.15 0.1)
(5.95 0.15 0.1)
(6 0.15 0.1)
(6.05 0.15 0.1)
(6.1 0.15 0.1)
(6.15 0.15 0.1)
(6.2 0.15 0.1)
(6.25 0.15 0.1)
(6.3 0.15 0.1)
(6.35 0.15 0.1)
(6.4 0.15 0.1)
(6.45 0.15 0.1)
(6.5 0.15 0.1)
(6.55 0.15 0.1)
(6.6 0.15 0.1)
(6.65 0.15 0.1)
(6.7 0.15 0.1)
(6.75 0.15 0.1)
(6.8 0.15 0.1)
(6.85 0.15 0.1)
(6.9 0.15 0.1)
(6.95 0.15 0.1)
(7 0.15 0.1)
(7.05 0.15 0.1)
(7.1 0.15 0.1)
(7.15 0.15 0.1)
(7.2 0.15 0.1)
(7.25 0.15 0.1)
(7.3 0.15 0.1)
(7.35 0.15 0.1)
(7.4 0.15 0.1)
(7.45 0.15 0.1)
(7.5 0.15 0.1)
(7.55 0.15 0.1)
(7.6 0.15 0.1)
(7.65 0.15 0.1)
(7.7 0.15 0.1)
(7.75 0.15 0.1)
(7.8 0.15 0.1)
(7.85 0.15 0.1)
(7.9 0.15 0.1)
(7.95 0.15 0.1)
(8 0.15 0.1)
(8.05 0.15 0.1)
(8.1 0.15 0.1)
(8.15 0.15 0.1)
(8.2 0.15 0.1)
(8.25 0.15 0.1)
(8.3 0.15 0.1)
(8.35 0.15 0.1)
(8.4 0.15 0.1)
(8.45 0.15 0.1)
(8.5 0.15 0.1)
(8.55 0.15 0.1)
(8.6 0.15 0.1)
(8.65 0.15 0.1)
(8.7 0.15 0.1)
(8.75 0.15 0.1)
(8.8 0.15 0.1)
(8.85 0.15 0.1)
(8.9 0.15 0.1)
(8.95 0.15 0.1)
(9 0.15 0.1)
(9.05 0.15 0.1)
(9.1 0.15 0.1)
(9.15 0.15 0.1)
(9.2 0.15 0.1)
(9.25 0.15 0.1)
(9.3 0.15 0.1)
(9.35 0.15 0.1)
(9.4 0.15 0.1)
(9.45 0.15 0.1)
(9.5 0.15 0.1)
(9.55 0.15 0.1)
(9.6 0.15 0.1)
(9.65 0.15 0.1)
(9.7 0.15 0.1)
(9.75 0.15 0.1)
(9.8 0.15 0.1)
(9.85 0.15 0.1)
(9.9 0.15 0.1)
(9.95 0.15 0.1)
(10 0.15 0.1)
(0 0.2 0.1)
(0.05 0.2 0.1)
(0.1 0.2 0.1)
(0.15 0.2 0.1)
(0.2 0.2 0.1)
(0.25 0.2 0.1)
(0.3 0.2 0.1)
(0.35 0.2 0.1)
(0.4 0.2 0.1)
(0.45 0.2 0.1)
(0.5 0.2 0.1)
(0.55 0.2 0.1)
(0.6 0.2 0.1)
(0.65 0.2 0.1)
(0.7 0.2 0.1)
(0.75 0.2 0.1)
(0.8 0.2 0.1)
(0.85 0.2 0.1)
(0.9 0.2 0.1)
(0.95 0.2 0.1)
(1 0.2 0.1)
(1.05 0.2 0.1)
(1.1 0.2 0.1)
(1.15 0.2 0.1)
(1.2 0.2 0.1)
(1.25 0.2 0.1)
(1.3 0.2 0.1)
(1.35 0.2 0.1)
(1.4 0.2 0.1)
(1.45 0.2 0.1)
(1.5 0.2 0.1)
(1.55 0.2 0.1)
(1.6 0.2 0.1)
(1.65 0.2 0.1)
(1.7 0.2 0.1)
(1.75 0.2 0.1)
(1.8 0.2 0.1)
(1.85 0.2 0.1)
(1.9 0.2 0.1)
(1.95 0.2 0.1)
(2 0.2 0.1)
(2.05 0.2 0.1)
(2.1 0.2 0.1)
(2.15 0.2 0.1)
(2.2 0.2 0.1)
(2.25 0.2 0.1)
(2.3 0.2 0.1)
(2.35 0.2 0.1)
(2.4 0.2 0.1)
(2.45 0.2 0.1)
(2.5 0.2 0.1)
(2.55 0.2 0.1)
(2.6 0.2 0.1)
(2.65 0.2 0.1)
(2.7 0.2 0.1)
(2.75 0.2 0.1)
(2.8 0.2 0.1)
(2.85 0.2 0.1)
(2.9 0.2 0.1)
(2.95 0.2 0.1)
(3 0.2 0.1)
(3.05 0.2 0.1)
(3.1 0.2 0.1)
(3.15 0.2 0.1)
(3.2 0.2 0.1)
(3.25 0.2 0.1)
(3.3 0.2 0.1)
(3.35 0.2 0.1)
(3.4 0.2 0.1)
(3.45 0.2 0.1)
(3.5 0.2 0.1)
(3.55 0.2 0.1)
(3.6 0.2 0.1)
(3.65 0.2 0.1)
(3.7 0.2 0.1)
(3.75 0.2 0.1)
(3.8 0.2 0.1)
(3.85 0.2 0.1)
(3.9 0.2 0.1)
(3.95 0.2 0.1)
(4 0.2 0.1)
(4.05 0.2 0.1)
(4.1 0.2 0.1)
(4.15 0.2 0.1)
(4.2 0.2 0.1)
(4.25 0.2 0.1)
(4.3 0.2 0.1)
(4.35 0.2 0.1)
(4.4 0.2 0.1)
(4.45 0.2 0.1)
(4.5 0.2 0.1)
(4.55 0.2 0.1)
(4.6 0.2 0.1)
(4.65 0.2 0.1)
(4.7 0.2 0.1)
(4.75 0.2 0.1)
(4.8 0.2 0.1)
(4.85 0.2 0.1)
(4.9 0.2 0.1)
(4.95 0.2 0.1)
(5 0.2 0.1)
(5.05 0.2 0.1)
(5.1 0.2 0.1)
(5.15 0.2 0.1)
(5.2 0.2 0.1)
(5.25 0.2 0.1)
(5.3 0.2 0.1)
(5.35 0.2 0.1)
(5.4 0.2 0.1)
(5.45 0.2 0.1)
(5.5 0.2 0.1)
(5.55 0.2 0.1)
(5.6 0.2 0.1)
(5.65 0.2 0.1)
(5.7 0.2 0.1)
(5.75 0.2 0.1)
(5.8 0.2 0.1)
(5.85 0.2 0.1)
(5.9 0.2 0.1)
(5.95 0.2 0.1)
(6 0.2 0.1)
(6.05 0.2 0.1)
(6.1 0.2 0.1)
(6.15 0.2 0.1)
(6.2 0.2 0.1)
(6.25 0.2 0.1)
(6.3 0.2 0.1)
(6.35 0.2 0.1)
(6.4 0.2 0.1)
(6.45 0.2 0.1)
(6.5 0.2 0.1)
(6.55 0.2 0.1)
(6.6 0.2 0.1)
(6.65 0.2 0.1)
(6.7 0.2 0.1)
(6.75 0.2 0.1)
(6.8 0.2 0.1)
(6.85 0.2 0.1)
(6.9 0.2 0.1)
(6.95 0.2 0.1)
(7 0.2 0.1)
(7.05 0.2 0.1)
(7.1 0.2 0.1)
(7.15 0.2 0.1)
(7.2 0.2 0.1)
(7.25 0.2 0.1)
(7.3 0.2 0.1)
(7.35 0.2 0.1)
(7.4 0.2 0.1)
(7.45 0.2 0.1)
(7.5 0.2 0.1)
(7.55 0.2 0.1)
(7.6 0.2 0.1)
(7.65 0.2 0.1)
(7.7 0.2 0.1)
(7.75 0.2 0.1)
(7.8 0.2 0.1)
(7.85 0.2 0.1)
(7.9 0.2 0.1)
(7.95 0.2 0.1)
(8 0.2 0.1)
(8.05 0.2 0.1)
(8.1 0.2 0.1)
(8.15 0.2 0.1)
(8.2 0.2 0.1)
(8.25 0.2 0.1)
(8.3 0.2 0.1)
(8.35 0.2 0.1)
(8.4 0.2 0.1)
(8.45 0.2 0.1)
(8.5 0.2 0.1)
(8.55 0.2 0.1)
(8.6 0.2 0.1)
(8.65 0.2 0.1)
(8.7 0.2 0.1)
(8.75 0.2 0.1)
(8.8 0.2 0.1)
(8.85 0.2 0.1)
(8.9 0.2 0.1)
(8.95 0.2 0.1)
(9 0.2 0.1)
(9.05 0.2 0.1)
(9.1 0.2 0.1)
(9.15 0.2 0.1)
(9.2 0.2 0.1)
(9.25 0.2 0.1)
(9.3 0.2 0.1)
(9.35 0.2 0.1)
(9.4 0.2 0.1)
(9.45 0.2 0.1)
(9.5 0.2 0.1)
(9.55 0.2 0.1)
(9.6 0.2 0.1)
(9.65 0.2 0.1)
(9.7 0.2 0.1)
(9.75 0.2 0.1)
(9.8 0.2 0.1)
(9.85 0.2 0.1)
(9.9 0.2 0.1)
(9.95 0.2 0.1)
(10 0.2 0.1)
(0 0.25 0.1)
(0.05 0.25 0.1)
(0.1 0.25 0.1)
(0.15 0.25 0.1)
(0.2 0.25 0.1)
(0.25 0.25 0.1)
(0.3 0.25 0.1)
(0.35 0.25 0.1)
(0.4 0.25 0.1)
(0.45 0.25 0.1)
(0.5 0.25 0.1)
(0.55 0.25 0.1)
(0.6 0.25 0.1)
(0.65 0.25 0.1)
(0.7 0.25 0.1)
(0.75 0.25 0.1)
(0.8 0.25 0.1)
(0.85 0.25 0.1)
(0.9 0.25 0.1)
(0.95 0.25 0.1)
(1 0.25 0.1)
(1.05 0.25 0.1)
(1.1 0.25 0.1)
(1.15 0.25 0.1)
(1.2 0.25 0.1)
(1.25 0.25 0.1)
(1.3 0.25 0.1)
(1.35 0.25 0.1)
(1.4 0.25 0.1)
(1.45 0.25 0.1)
(1.5 0.25 0.1)
(1.55 0.25 0.1)
(1.6 0.25 0.1)
(1.65 0.25 0.1)
(1.7 0.25 0.1)
(1.75 0.25 0.1)
(1.8 0.25 0.1)
(1.85 0.25 0.1)
(1.9 0.25 0.1)
(1.95 0.25 0.1)
(2 0.25 0.1)
(2.05 0.25 0.1)
(2.1 0.25 0.1)
(2.15 0.25 0.1)
(2.2 0.25 0.1)
(2.25 0.25 0.1)
(2.3 0.25 0.1)
(2.35 0.25 0.1)
(2.4 0.25 0.1)
(2.45 0.25 0.1)
(2.5 0.25 0.1)
(2.55 0.25 0.1)
(2.6 0.25 0.1)
(2.65 0.25 0.1)
(2.7 0.25 0.1)
(2.75 0.25 0.1)
(2.8 0.25 0.1)
(2.85 0.25 0.1)
(2.9 0.25 0.1)
(2.95 0.25 0.1)
(3 0.25 0.1)
(3.05 0.25 0.1)
(3.1 0.25 0.1)
(3.15 0.25 0.1)
(3.2 0.25 0.1)
(3.25 0.25 0.1)
(3.3 0.25 0.1)
(3.35 0.25 0.1)
(3.4 0.25 0.1)
(3.45 0.25 0.1)
(3.5 0.25 0.1)
(3.55 0.25 0.1)
(3.6 0.25 0.1)
(3.65 0.25 0.1)
(3.7 0.25 0.1)
(3.75 0.25 0.1)
(3.8 0.25 0.1)
(3.85 0.25 0.1)
(3.9 0.25 0.1)
(3.95 0.25 0.1)
(4 0.25 0.1)
(4.05 0.25 0.1)
(4.1 0.25 0.1)
(4.15 0.25 0.1)
(4.2 0.25 0.1)
(4.25 0.25 0.1)
(4.3 0.25 0.1)
(4.35 0.25 0.1)
(4.4 0.25 0.1)
(4.45 0.25 0.1)
(4.5 0.25 0.1)
(4.55 0.25 0.1)
(4.6 0.25 0.1)
(4.65 0.25 0.1)
(4.7 0.25 0.1)
(4.75 0.25 0.1)
(4.8 0.25 0.1)
(4.85 0.25 0.1)
(4.9 0.25 0.1)
(4.95 0.25 0.1)
(5 0.25 0.1)
(5.05 0.25 0.1)
(5.1 0.25 0.1)
(5.15 0.25 0.1)
(5.2 0.25 0.1)
(5.25 0.25 0.1)
(5.3 0.25 0.1)
(5.35 0.25 0.1)
(5.4 0.25 0.1)
(5.45 0.25 0.1)
(5.5 0.25 0.1)
(5.55 0.25 0.1)
(5.6 0.25 0.1)
(5.65 0.25 0.1)
(5.7 0.25 0.1)
(5.75 0.25 0.1)
(5.8 0.25 0.1)
(5.85 0.25 0.1)
(5.9 0.25 0.1)
(5.95 0.25 0.1)
(6 0.25 0.1)
(6.05 0.25 0.1)
(6.1 0.25 0.1)
(6.15 0.25 0.1)
(6.2 0.25 0.1)
(6.25 0.25 0.1)
(6.3 0.25 0.1)
(6.35 0.25 0.1)
(6.4 0.25 0.1)
(6.45 0.25 0.1)
(6.5 0.25 0.1)
(6.55 0.25 0.1)
(6.6 0.25 0.1)
(6.65 0.25 0.1)
(6.7 0.25 0.1)
(6.75 0.25 0.1)
(6.8 0.25 0.1)
(6.85 0.25 0.1)
(6.9 0.25 0.1)
(6.95 0.25 0.1)
(7 0.25 0.1)
(7.05 0.25 0.1)
(7.1 0.25 0.1)
(7.15 0.25 0.1)
(7.2 0.25 0.1)
(7.25 0.25 0.1)
(7.3 0.25 0.1)
(7.35 0.25 0.1)
(7.4 0.25 0.1)
(7.45 0.25 0.1)
(7.5 0.25 0.1)
(7.55 0.25 0.1)
(7.6 0.25 0.1)
(7.65 0.25 0.1)
(7.7 0.25 0.1)
(7.75 0.25 0.1)
(7.8 0.25 0.1)
(7.85 0.25 0.1)
(7.9 0.25 0.1)
(7.95 0.25 0.1)
(8 0.25 0.1)
(8.05 0.25 0.1)
(8.1 0.25 0.1)
(8.15 0.25 0.1)
(8.2 0.25 0.1)
(8.25 0.25 0.1)
(8.3 0.25 0.1)
(8.35 0.25 0.1)
(8.4 0.25 0.1)
(8.45 0.25 0.1)
(8.5 0.25 0.1)
(8.55 0.25 0.1)
(8.6 0.25 0.1)
(8.65 0.25 0.1)
(8.7 0.25 0.1)
(8.75 0.25 0.1)
(8.8 0.25 0.1)
(8.85 0.25 0.1)
(8.9 0.25 0.1)
(8.95 0.25 0.1)
(9 0.25 0.1)
(9.05 0.25 0.1)
(9.1 0.25 0.1)
(9.15 0.25 0.1)
(9.2 0.25 0.1)
(9.25 0.25 0.1)
(9.3 0.25 0.1)
(9.35 0.25 0.1)
(9.4 0.25 0.1)
(9.45 0.25 0.1)
(9.5 0.25 0.1)
(9.55 0.25 0.1)
(9.6 0.25 0.1)
(9.65 0.25 0.1)
(9.7 0.25 0.1)
(9.75 0.25 0.1)
(9.8 0.25 0.1)
(9.85 0.25 0.1)
(9.9 0.25 0.1)
(9.95 0.25 0.1)
(10 0.25 0.1)
(0 0.3 0.1)
(0.05 0.3 0.1)
(0.1 0.3 0.1)
(0.15 0.3 0.1)
(0.2 0.3 0.1)
(0.25 0.3 0.1)
(0.3 0.3 0.1)
(0.35 0.3 0.1)
(0.4 0.3 0.1)
(0.45 0.3 0.1)
(0.5 0.3 0.1)
(0.55 0.3 0.1)
(0.6 0.3 0.1)
(0.65 0.3 0.1)
(0.7 0.3 0.1)
(0.75 0.3 0.1)
(0.8 0.3 0.1)
(0.85 0.3 0.1)
(0.9 0.3 0.1)
(0.95 0.3 0.1)
(1 0.3 0.1)
(1.05 0.3 0.1)
(1.1 0.3 0.1)
(1.15 0.3 0.1)
(1.2 0.3 0.1)
(1.25 0.3 0.1)
(1.3 0.3 0.1)
(1.35 0.3 0.1)
(1.4 0.3 0.1)
(1.45 0.3 0.1)
(1.5 0.3 0.1)
(1.55 0.3 0.1)
(1.6 0.3 0.1)
(1.65 0.3 0.1)
(1.7 0.3 0.1)
(1.75 0.3 0.1)
(1.8 0.3 0.1)
(1.85 0.3 0.1)
(1.9 0.3 0.1)
(1.95 0.3 0.1)
(2 0.3 0.1)
(2.05 0.3 0.1)
(2.1 0.3 0.1)
(2.15 0.3 0.1)
(2.2 0.3 0.1)
(2.25 0.3 0.1)
(2.3 0.3 0.1)
(2.35 0.3 0.1)
(2.4 0.3 0.1)
(2.45 0.3 0.1)
(2.5 0.3 0.1)
(2.55 0.3 0.1)
(2.6 0.3 0.1)
(2.65 0.3 0.1)
(2.7 0.3 0.1)
(2.75 0.3 0.1)
(2.8 0.3 0.1)
(2.85 0.3 0.1)
(2.9 0.3 0.1)
(2.95 0.3 0.1)
(3 0.3 0.1)
(3.05 0.3 0.1)
(3.1 0.3 0.1)
(3.15 0.3 0.1)
(3.2 0.3 0.1)
(3.25 0.3 0.1)
(3.3 0.3 0.1)
(3.35 0.3 0.1)
(3.4 0.3 0.1)
(3.45 0.3 0.1)
(3.5 0.3 0.1)
(3.55 0.3 0.1)
(3.6 0.3 0.1)
(3.65 0.3 0.1)
(3.7 0.3 0.1)
(3.75 0.3 0.1)
(3.8 0.3 0.1)
(3.85 0.3 0.1)
(3.9 0.3 0.1)
(3.95 0.3 0.1)
(4 0.3 0.1)
(4.05 0.3 0.1)
(4.1 0.3 0.1)
(4.15 0.3 0.1)
(4.2 0.3 0.1)
(4.25 0.3 0.1)
(4.3 0.3 0.1)
(4.35 0.3 0.1)
(4.4 0.3 0.1)
(4.45 0.3 0.1)
(4.5 0.3 0.1)
(4.55 0.3 0.1)
(4.6 0.3 0.1)
(4.65 0.3 0.1)
(4.7 0.3 0.1)
(4.75 0.3 0.1)
(4.8 0.3 0.1)
(4.85 0.3 0.1)
(4.9 0.3 0.1)
(4.95 0.3 0.1)
(5 0.3 0.1)
(5.05 0.3 0.1)
(5.1 0.3 0.1)
(5.15 0.3 0.1)
(5.2 0.3 0.1)
(5.25 0.3 0.1)
(5.3 0.3 0.1)
(5.35 0.3 0.1)
(5.4 0.3 0.1)
(5.45 0.3 0.1)
(5.5 0.3 0.1)
(5.55 0.3 0.1)
(5.6 0.3 0.1)
(5.65 0.3 0.1)
(5.7 0.3 0.1)
(5.75 0.3 0.1)
(5.8 0.3 0.1)
(5.85 0.3 0.1)
(5.9 0.3 0.1)
(5.95 0.3 0.1)
(6 0.3 0.1)
(6.05 0.3 0.1)
(6.1 0.3 0.1)
(6.15 0.3 0.1)
(6.2 0.3 0.1)
(6.25 0.3 0.1)
(6.3 0.3 0.1)
(6.35 0.3 0.1)
(6.4 0.3 0.1)
(6.45 0.3 0.1)
(6.5 0.3 0.1)
(6.55 0.3 0.1)
(6.6 0.3 0.1)
(6.65 0.3 0.1)
(6.7 0.3 0.1)
(6.75 0.3 0.1)
(6.8 0.3 0.1)
(6.85 0.3 0.1)
(6.9 0.3 0.1)
(6.95 0.3 0.1)
(7 0.3 0.1)
(7.05 0.3 0.1)
(7.1 0.3 0.1)
(7.15 0.3 0.1)
(7.2 0.3 0.1)
(7.25 0.3 0.1)
(7.3 0.3 0.1)
(7.35 0.3 0.1)
(7.4 0.3 0.1)
(7.45 0.3 0.1)
(7.5 0.3 0.1)
(7.55 0.3 0.1)
(7.6 0.3 0.1)
(7.65 0.3 0.1)
(7.7 0.3 0.1)
(7.75 0.3 0.1)
(7.8 0.3 0.1)
(7.85 0.3 0.1)
(7.9 0.3 0.1)
(7.95 0.3 0.1)
(8 0.3 0.1)
(8.05 0.3 0.1)
(8.1 0.3 0.1)
(8.15 0.3 0.1)
(8.2 0.3 0.1)
(8.25 0.3 0.1)
(8.3 0.3 0.1)
(8.35 0.3 0.1)
(8.4 0.3 0.1)
(8.45 0.3 0.1)
(8.5 0.3 0.1)
(8.55 0.3 0.1)
(8.6 0.3 0.1)
(8.65 0.3 0.1)
(8.7 0.3 0.1)
(8.75 0.3 0.1)
(8.8 0.3 0.1)
(8.85 0.3 0.1)
(8.9 0.3 0.1)
(8.95 0.3 0.1)
(9 0.3 0.1)
(9.05 0.3 0.1)
(9.1 0.3 0.1)
(9.15 0.3 0.1)
(9.2 0.3 0.1)
(9.25 0.3 0.1)
(9.3 0.3 0.1)
(9.35 0.3 0.1)
(9.4 0.3 0.1)
(9.45 0.3 0.1)
(9.5 0.3 0.1)
(9.55 0.3 0.1)
(9.6 0.3 0.1)
(9.65 0.3 0.1)
(9.7 0.3 0.1)
(9.75 0.3 0.1)
(9.8 0.3 0.1)
(9.85 0.3 0.1)
(9.9 0.3 0.1)
(9.95 0.3 0.1)
(10 0.3 0.1)
(0 0.35 0.1)
(0.05 0.35 0.1)
(0.1 0.35 0.1)
(0.15 0.35 0.1)
(0.2 0.35 0.1)
(0.25 0.35 0.1)
(0.3 0.35 0.1)
(0.35 0.35 0.1)
(0.4 0.35 0.1)
(0.45 0.35 0.1)
(0.5 0.35 0.1)
(0.55 0.35 0.1)
(0.6 0.35 0.1)
(0.65 0.35 0.1)
(0.7 0.35 0.1)
(0.75 0.35 0.1)
(0.8 0.35 0.1)
(0.85 0.35 0.1)
(0.9 0.35 0.1)
(0.95 0.35 0.1)
(1 0.35 0.1)
(1.05 0.35 0.1)
(1.1 0.35 0.1)
(1.15 0.35 0.1)
(1.2 0.35 0.1)
(1.25 0.35 0.1)
(1.3 0.35 0.1)
(1.35 0.35 0.1)
(1.4 0.35 0.1)
(1.45 0.35 0.1)
(1.5 0.35 0.1)
(1.55 0.35 0.1)
(1.6 0.35 0.1)
(1.65 0.35 0.1)
(1.7 0.35 0.1)
(1.75 0.35 0.1)
(1.8 0.35 0.1)
(1.85 0.35 0.1)
(1.9 0.35 0.1)
(1.95 0.35 0.1)
(2 0.35 0.1)
(2.05 0.35 0.1)
(2.1 0.35 0.1)
(2.15 0.35 0.1)
(2.2 0.35 0.1)
(2.25 0.35 0.1)
(2.3 0.35 0.1)
(2.35 0.35 0.1)
(2.4 0.35 0.1)
(2.45 0.35 0.1)
(2.5 0.35 0.1)
(2.55 0.35 0.1)
(2.6 0.35 0.1)
(2.65 0.35 0.1)
(2.7 0.35 0.1)
(2.75 0.35 0.1)
(2.8 0.35 0.1)
(2.85 0.35 0.1)
(2.9 0.35 0.1)
(2.95 0.35 0.1)
(3 0.35 0.1)
(3.05 0.35 0.1)
(3.1 0.35 0.1)
(3.15 0.35 0.1)
(3.2 0.35 0.1)
(3.25 0.35 0.1)
(3.3 0.35 0.1)
(3.35 0.35 0.1)
(3.4 0.35 0.1)
(3.45 0.35 0.1)
(3.5 0.35 0.1)
(3.55 0.35 0.1)
(3.6 0.35 0.1)
(3.65 0.35 0.1)
(3.7 0.35 0.1)
(3.75 0.35 0.1)
(3.8 0.35 0.1)
(3.85 0.35 0.1)
(3.9 0.35 0.1)
(3.95 0.35 0.1)
(4 0.35 0.1)
(4.05 0.35 0.1)
(4.1 0.35 0.1)
(4.15 0.35 0.1)
(4.2 0.35 0.1)
(4.25 0.35 0.1)
(4.3 0.35 0.1)
(4.35 0.35 0.1)
(4.4 0.35 0.1)
(4.45 0.35 0.1)
(4.5 0.35 0.1)
(4.55 0.35 0.1)
(4.6 0.35 0.1)
(4.65 0.35 0.1)
(4.7 0.35 0.1)
(4.75 0.35 0.1)
(4.8 0.35 0.1)
(4.85 0.35 0.1)
(4.9 0.35 0.1)
(4.95 0.35 0.1)
(5 0.35 0.1)
(5.05 0.35 0.1)
(5.1 0.35 0.1)
(5.15 0.35 0.1)
(5.2 0.35 0.1)
(5.25 0.35 0.1)
(5.3 0.35 0.1)
(5.35 0.35 0.1)
(5.4 0.35 0.1)
(5.45 0.35 0.1)
(5.5 0.35 0.1)
(5.55 0.35 0.1)
(5.6 0.35 0.1)
(5.65 0.35 0.1)
(5.7 0.35 0.1)
(5.75 0.35 0.1)
(5.8 0.35 0.1)
(5.85 0.35 0.1)
(5.9 0.35 0.1)
(5.95 0.35 0.1)
(6 0.35 0.1)
(6.05 0.35 0.1)
(6.1 0.35 0.1)
(6.15 0.35 0.1)
(6.2 0.35 0.1)
(6.25 0.35 0.1)
(6.3 0.35 0.1)
(6.35 0.35 0.1)
(6.4 0.35 0.1)
(6.45 0.35 0.1)
(6.5 0.35 0.1)
(6.55 0.35 0.1)
(6.6 0.35 0.1)
(6.65 0.35 0.1)
(6.7 0.35 0.1)
(6.75 0.35 0.1)
(6.8 0.35 0.1)
(6.85 0.35 0.1)
(6.9 0.35 0.1)
(6.95 0.35 0.1)
(7 0.35 0.1)
(7.05 0.35 0.1)
(7.1 0.35 0.1)
(7.15 0.35 0.1)
(7.2 0.35 0.1)
(7.25 0.35 0.1)
(7.3 0.35 0.1)
(7.35 0.35 0.1)
(7.4 0.35 0.1)
(7.45 0.35 0.1)
(7.5 0.35 0.1)
(7.55 0.35 0.1)
(7.6 0.35 0.1)
(7.65 0.35 0.1)
(7.7 0.35 0.1)
(7.75 0.35 0.1)
(7.8 0.35 0.1)
(7.85 0.35 0.1)
(7.9 0.35 0.1)
(7.95 0.35 0.1)
(8 0.35 0.1)
(8.05 0.35 0.1)
(8.1 0.35 0.1)
(8.15 0.35 0.1)
(8.2 0.35 0.1)
(8.25 0.35 0.1)
(8.3 0.35 0.1)
(8.35 0.35 0.1)
(8.4 0.35 0.1)
(8.45 0.35 0.1)
(8.5 0.35 0.1)
(8.55 0.35 0.1)
(8.6 0.35 0.1)
(8.65 0.35 0.1)
(8.7 0.35 0.1)
(8.75 0.35 0.1)
(8.8 0.35 0.1)
(8.85 0.35 0.1)
(8.9 0.35 0.1)
(8.95 0.35 0.1)
(9 0.35 0.1)
(9.05 0.35 0.1)
(9.1 0.35 0.1)
(9.15 0.35 0.1)
(9.2 0.35 0.1)
(9.25 0.35 0.1)
(9.3 0.35 0.1)
(9.35 0.35 0.1)
(9.4 0.35 0.1)
(9.45 0.35 0.1)
(9.5 0.35 0.1)
(9.55 0.35 0.1)
(9.6 0.35 0.1)
(9.65 0.35 0.1)
(9.7 0.35 0.1)
(9.75 0.35 0.1)
(9.8 0.35 0.1)
(9.85 0.35 0.1)
(9.9 0.35 0.1)
(9.95 0.35 0.1)
(10 0.35 0.1)
(0 0.4 0.1)
(0.05 0.4 0.1)
(0.1 0.4 0.1)
(0.15 0.4 0.1)
(0.2 0.4 0.1)
(0.25 0.4 0.1)
(0.3 0.4 0.1)
(0.35 0.4 0.1)
(0.4 0.4 0.1)
(0.45 0.4 0.1)
(0.5 0.4 0.1)
(0.55 0.4 0.1)
(0.6 0.4 0.1)
(0.65 0.4 0.1)
(0.7 0.4 0.1)
(0.75 0.4 0.1)
(0.8 0.4 0.1)
(0.85 0.4 0.1)
(0.9 0.4 0.1)
(0.95 0.4 0.1)
(1 0.4 0.1)
(1.05 0.4 0.1)
(1.1 0.4 0.1)
(1.15 0.4 0.1)
(1.2 0.4 0.1)
(1.25 0.4 0.1)
(1.3 0.4 0.1)
(1.35 0.4 0.1)
(1.4 0.4 0.1)
(1.45 0.4 0.1)
(1.5 0.4 0.1)
(1.55 0.4 0.1)
(1.6 0.4 0.1)
(1.65 0.4 0.1)
(1.7 0.4 0.1)
(1.75 0.4 0.1)
(1.8 0.4 0.1)
(1.85 0.4 0.1)
(1.9 0.4 0.1)
(1.95 0.4 0.1)
(2 0.4 0.1)
(2.05 0.4 0.1)
(2.1 0.4 0.1)
(2.15 0.4 0.1)
(2.2 0.4 0.1)
(2.25 0.4 0.1)
(2.3 0.4 0.1)
(2.35 0.4 0.1)
(2.4 0.4 0.1)
(2.45 0.4 0.1)
(2.5 0.4 0.1)
(2.55 0.4 0.1)
(2.6 0.4 0.1)
(2.65 0.4 0.1)
(2.7 0.4 0.1)
(2.75 0.4 0.1)
(2.8 0.4 0.1)
(2.85 0.4 0.1)
(2.9 0.4 0.1)
(2.95 0.4 0.1)
(3 0.4 0.1)
(3.05 0.4 0.1)
(3.1 0.4 0.1)
(3.15 0.4 0.1)
(3.2 0.4 0.1)
(3.25 0.4 0.1)
(3.3 0.4 0.1)
(3.35 0.4 0.1)
(3.4 0.4 0.1)
(3.45 0.4 0.1)
(3.5 0.4 0.1)
(3.55 0.4 0.1)
(3.6 0.4 0.1)
(3.65 0.4 0.1)
(3.7 0.4 0.1)
(3.75 0.4 0.1)
(3.8 0.4 0.1)
(3.85 0.4 0.1)
(3.9 0.4 0.1)
(3.95 0.4 0.1)
(4 0.4 0.1)
(4.05 0.4 0.1)
(4.1 0.4 0.1)
(4.15 0.4 0.1)
(4.2 0.4 0.1)
(4.25 0.4 0.1)
(4.3 0.4 0.1)
(4.35 0.4 0.1)
(4.4 0.4 0.1)
(4.45 0.4 0.1)
(4.5 0.4 0.1)
(4.55 0.4 0.1)
(4.6 0.4 0.1)
(4.65 0.4 0.1)
(4.7 0.4 0.1)
(4.75 0.4 0.1)
(4.8 0.4 0.1)
(4.85 0.4 0.1)
(4.9 0.4 0.1)
(4.95 0.4 0.1)
(5 0.4 0.1)
(5.05 0.4 0.1)
(5.1 0.4 0.1)
(5.15 0.4 0.1)
(5.2 0.4 0.1)
(5.25 0.4 0.1)
(5.3 0.4 0.1)
(5.35 0.4 0.1)
(5.4 0.4 0.1)
(5.45 0.4 0.1)
(5.5 0.4 0.1)
(5.55 0.4 0.1)
(5.6 0.4 0.1)
(5.65 0.4 0.1)
(5.7 0.4 0.1)
(5.75 0.4 0.1)
(5.8 0.4 0.1)
(5.85 0.4 0.1)
(5.9 0.4 0.1)
(5.95 0.4 0.1)
(6 0.4 0.1)
(6.05 0.4 0.1)
(6.1 0.4 0.1)
(6.15 0.4 0.1)
(6.2 0.4 0.1)
(6.25 0.4 0.1)
(6.3 0.4 0.1)
(6.35 0.4 0.1)
(6.4 0.4 0.1)
(6.45 0.4 0.1)
(6.5 0.4 0.1)
(6.55 0.4 0.1)
(6.6 0.4 0.1)
(6.65 0.4 0.1)
(6.7 0.4 0.1)
(6.75 0.4 0.1)
(6.8 0.4 0.1)
(6.85 0.4 0.1)
(6.9 0.4 0.1)
(6.95 0.4 0.1)
(7 0.4 0.1)
(7.05 0.4 0.1)
(7.1 0.4 0.1)
(7.15 0.4 0.1)
(7.2 0.4 0.1)
(7.25 0.4 0.1)
(7.3 0.4 0.1)
(7.35 0.4 0.1)
(7.4 0.4 0.1)
(7.45 0.4 0.1)
(7.5 0.4 0.1)
(7.55 0.4 0.1)
(7.6 0.4 0.1)
(7.65 0.4 0.1)
(7.7 0.4 0.1)
(7.75 0.4 0.1)
(7.8 0.4 0.1)
(7.85 0.4 0.1)
(7.9 0.4 0.1)
(7.95 0.4 0.1)
(8 0.4 0.1)
(8.05 0.4 0.1)
(8.1 0.4 0.1)
(8.15 0.4 0.1)
(8.2 0.4 0.1)
(8.25 0.4 0.1)
(8.3 0.4 0.1)
(8.35 0.4 0.1)
(8.4 0.4 0.1)
(8.45 0.4 0.1)
(8.5 0.4 0.1)
(8.55 0.4 0.1)
(8.6 0.4 0.1)
(8.65 0.4 0.1)
(8.7 0.4 0.1)
(8.75 0.4 0.1)
(8.8 0.4 0.1)
(8.85 0.4 0.1)
(8.9 0.4 0.1)
(8.95 0.4 0.1)
(9 0.4 0.1)
(9.05 0.4 0.1)
(9.1 0.4 0.1)
(9.15 0.4 0.1)
(9.2 0.4 0.1)
(9.25 0.4 0.1)
(9.3 0.4 0.1)
(9.35 0.4 0.1)
(9.4 0.4 0.1)
(9.45 0.4 0.1)
(9.5 0.4 0.1)
(9.55 0.4 0.1)
(9.6 0.4 0.1)
(9.65 0.4 0.1)
(9.7 0.4 0.1)
(9.75 0.4 0.1)
(9.8 0.4 0.1)
(9.85 0.4 0.1)
(9.9 0.4 0.1)
(9.95 0.4 0.1)
(10 0.4 0.1)
(0 0.45 0.1)
(0.05 0.45 0.1)
(0.1 0.45 0.1)
(0.15 0.45 0.1)
(0.2 0.45 0.1)
(0.25 0.45 0.1)
(0.3 0.45 0.1)
(0.35 0.45 0.1)
(0.4 0.45 0.1)
(0.45 0.45 0.1)
(0.5 0.45 0.1)
(0.55 0.45 0.1)
(0.6 0.45 0.1)
(0.65 0.45 0.1)
(0.7 0.45 0.1)
(0.75 0.45 0.1)
(0.8 0.45 0.1)
(0.85 0.45 0.1)
(0.9 0.45 0.1)
(0.95 0.45 0.1)
(1 0.45 0.1)
(1.05 0.45 0.1)
(1.1 0.45 0.1)
(1.15 0.45 0.1)
(1.2 0.45 0.1)
(1.25 0.45 0.1)
(1.3 0.45 0.1)
(1.35 0.45 0.1)
(1.4 0.45 0.1)
(1.45 0.45 0.1)
(1.5 0.45 0.1)
(1.55 0.45 0.1)
(1.6 0.45 0.1)
(1.65 0.45 0.1)
(1.7 0.45 0.1)
(1.75 0.45 0.1)
(1.8 0.45 0.1)
(1.85 0.45 0.1)
(1.9 0.45 0.1)
(1.95 0.45 0.1)
(2 0.45 0.1)
(2.05 0.45 0.1)
(2.1 0.45 0.1)
(2.15 0.45 0.1)
(2.2 0.45 0.1)
(2.25 0.45 0.1)
(2.3 0.45 0.1)
(2.35 0.45 0.1)
(2.4 0.45 0.1)
(2.45 0.45 0.1)
(2.5 0.45 0.1)
(2.55 0.45 0.1)
(2.6 0.45 0.1)
(2.65 0.45 0.1)
(2.7 0.45 0.1)
(2.75 0.45 0.1)
(2.8 0.45 0.1)
(2.85 0.45 0.1)
(2.9 0.45 0.1)
(2.95 0.45 0.1)
(3 0.45 0.1)
(3.05 0.45 0.1)
(3.1 0.45 0.1)
(3.15 0.45 0.1)
(3.2 0.45 0.1)
(3.25 0.45 0.1)
(3.3 0.45 0.1)
(3.35 0.45 0.1)
(3.4 0.45 0.1)
(3.45 0.45 0.1)
(3.5 0.45 0.1)
(3.55 0.45 0.1)
(3.6 0.45 0.1)
(3.65 0.45 0.1)
(3.7 0.45 0.1)
(3.75 0.45 0.1)
(3.8 0.45 0.1)
(3.85 0.45 0.1)
(3.9 0.45 0.1)
(3.95 0.45 0.1)
(4 0.45 0.1)
(4.05 0.45 0.1)
(4.1 0.45 0.1)
(4.15 0.45 0.1)
(4.2 0.45 0.1)
(4.25 0.45 0.1)
(4.3 0.45 0.1)
(4.35 0.45 0.1)
(4.4 0.45 0.1)
(4.45 0.45 0.1)
(4.5 0.45 0.1)
(4.55 0.45 0.1)
(4.6 0.45 0.1)
(4.65 0.45 0.1)
(4.7 0.45 0.1)
(4.75 0.45 0.1)
(4.8 0.45 0.1)
(4.85 0.45 0.1)
(4.9 0.45 0.1)
(4.95 0.45 0.1)
(5 0.45 0.1)
(5.05 0.45 0.1)
(5.1 0.45 0.1)
(5.15 0.45 0.1)
(5.2 0.45 0.1)
(5.25 0.45 0.1)
(5.3 0.45 0.1)
(5.35 0.45 0.1)
(5.4 0.45 0.1)
(5.45 0.45 0.1)
(5.5 0.45 0.1)
(5.55 0.45 0.1)
(5.6 0.45 0.1)
(5.65 0.45 0.1)
(5.7 0.45 0.1)
(5.75 0.45 0.1)
(5.8 0.45 0.1)
(5.85 0.45 0.1)
(5.9 0.45 0.1)
(5.95 0.45 0.1)
(6 0.45 0.1)
(6.05 0.45 0.1)
(6.1 0.45 0.1)
(6.15 0.45 0.1)
(6.2 0.45 0.1)
(6.25 0.45 0.1)
(6.3 0.45 0.1)
(6.35 0.45 0.1)
(6.4 0.45 0.1)
(6.45 0.45 0.1)
(6.5 0.45 0.1)
(6.55 0.45 0.1)
(6.6 0.45 0.1)
(6.65 0.45 0.1)
(6.7 0.45 0.1)
(6.75 0.45 0.1)
(6.8 0.45 0.1)
(6.85 0.45 0.1)
(6.9 0.45 0.1)
(6.95 0.45 0.1)
(7 0.45 0.1)
(7.05 0.45 0.1)
(7.1 0.45 0.1)
(7.15 0.45 0.1)
(7.2 0.45 0.1)
(7.25 0.45 0.1)
(7.3 0.45 0.1)
(7.35 0.45 0.1)
(7.4 0.45 0.1)
(7.45 0.45 0.1)
(7.5 0.45 0.1)
(7.55 0.45 0.1)
(7.6 0.45 0.1)
(7.65 0.45 0.1)
(7.7 0.45 0.1)
(7.75 0.45 0.1)
(7.8 0.45 0.1)
(7.85 0.45 0.1)
(7.9 0.45 0.1)
(7.95 0.45 0.1)
(8 0.45 0.1)
(8.05 0.45 0.1)
(8.1 0.45 0.1)
(8.15 0.45 0.1)
(8.2 0.45 0.1)
(8.25 0.45 0.1)
(8.3 0.45 0.1)
(8.35 0.45 0.1)
(8.4 0.45 0.1)
(8.45 0.45 0.1)
(8.5 0.45 0.1)
(8.55 0.45 0.1)
(8.6 0.45 0.1)
(8.65 0.45 0.1)
(8.7 0.45 0.1)
(8.75 0.45 0.1)
(8.8 0.45 0.1)
(8.85 0.45 0.1)
(8.9 0.45 0.1)
(8.95 0.45 0.1)
(9 0.45 0.1)
(9.05 0.45 0.1)
(9.1 0.45 0.1)
(9.15 0.45 0.1)
(9.2 0.45 0.1)
(9.25 0.45 0.1)
(9.3 0.45 0.1)
(9.35 0.45 0.1)
(9.4 0.45 0.1)
(9.45 0.45 0.1)
(9.5 0.45 0.1)
(9.55 0.45 0.1)
(9.6 0.45 0.1)
(9.65 0.45 0.1)
(9.7 0.45 0.1)
(9.75 0.45 0.1)
(9.8 0.45 0.1)
(9.85 0.45 0.1)
(9.9 0.45 0.1)
(9.95 0.45 0.1)
(10 0.45 0.1)
(0 0.5 0.1)
(0.05 0.5 0.1)
(0.1 0.5 0.1)
(0.15 0.5 0.1)
(0.2 0.5 0.1)
(0.25 0.5 0.1)
(0.3 0.5 0.1)
(0.35 0.5 0.1)
(0.4 0.5 0.1)
(0.45 0.5 0.1)
(0.5 0.5 0.1)
(0.55 0.5 0.1)
(0.6 0.5 0.1)
(0.65 0.5 0.1)
(0.7 0.5 0.1)
(0.75 0.5 0.1)
(0.8 0.5 0.1)
(0.85 0.5 0.1)
(0.9 0.5 0.1)
(0.95 0.5 0.1)
(1 0.5 0.1)
(1.05 0.5 0.1)
(1.1 0.5 0.1)
(1.15 0.5 0.1)
(1.2 0.5 0.1)
(1.25 0.5 0.1)
(1.3 0.5 0.1)
(1.35 0.5 0.1)
(1.4 0.5 0.1)
(1.45 0.5 0.1)
(1.5 0.5 0.1)
(1.55 0.5 0.1)
(1.6 0.5 0.1)
(1.65 0.5 0.1)
(1.7 0.5 0.1)
(1.75 0.5 0.1)
(1.8 0.5 0.1)
(1.85 0.5 0.1)
(1.9 0.5 0.1)
(1.95 0.5 0.1)
(2 0.5 0.1)
(2.05 0.5 0.1)
(2.1 0.5 0.1)
(2.15 0.5 0.1)
(2.2 0.5 0.1)
(2.25 0.5 0.1)
(2.3 0.5 0.1)
(2.35 0.5 0.1)
(2.4 0.5 0.1)
(2.45 0.5 0.1)
(2.5 0.5 0.1)
(2.55 0.5 0.1)
(2.6 0.5 0.1)
(2.65 0.5 0.1)
(2.7 0.5 0.1)
(2.75 0.5 0.1)
(2.8 0.5 0.1)
(2.85 0.5 0.1)
(2.9 0.5 0.1)
(2.95 0.5 0.1)
(3 0.5 0.1)
(3.05 0.5 0.1)
(3.1 0.5 0.1)
(3.15 0.5 0.1)
(3.2 0.5 0.1)
(3.25 0.5 0.1)
(3.3 0.5 0.1)
(3.35 0.5 0.1)
(3.4 0.5 0.1)
(3.45 0.5 0.1)
(3.5 0.5 0.1)
(3.55 0.5 0.1)
(3.6 0.5 0.1)
(3.65 0.5 0.1)
(3.7 0.5 0.1)
(3.75 0.5 0.1)
(3.8 0.5 0.1)
(3.85 0.5 0.1)
(3.9 0.5 0.1)
(3.95 0.5 0.1)
(4 0.5 0.1)
(4.05 0.5 0.1)
(4.1 0.5 0.1)
(4.15 0.5 0.1)
(4.2 0.5 0.1)
(4.25 0.5 0.1)
(4.3 0.5 0.1)
(4.35 0.5 0.1)
(4.4 0.5 0.1)
(4.45 0.5 0.1)
(4.5 0.5 0.1)
(4.55 0.5 0.1)
(4.6 0.5 0.1)
(4.65 0.5 0.1)
(4.7 0.5 0.1)
(4.75 0.5 0.1)
(4.8 0.5 0.1)
(4.85 0.5 0.1)
(4.9 0.5 0.1)
(4.95 0.5 0.1)
(5 0.5 0.1)
(5.05 0.5 0.1)
(5.1 0.5 0.1)
(5.15 0.5 0.1)
(5.2 0.5 0.1)
(5.25 0.5 0.1)
(5.3 0.5 0.1)
(5.35 0.5 0.1)
(5.4 0.5 0.1)
(5.45 0.5 0.1)
(5.5 0.5 0.1)
(5.55 0.5 0.1)
(5.6 0.5 0.1)
(5.65 0.5 0.1)
(5.7 0.5 0.1)
(5.75 0.5 0.1)
(5.8 0.5 0.1)
(5.85 0.5 0.1)
(5.9 0.5 0.1)
(5.95 0.5 0.1)
(6 0.5 0.1)
(6.05 0.5 0.1)
(6.1 0.5 0.1)
(6.15 0.5 0.1)
(6.2 0.5 0.1)
(6.25 0.5 0.1)
(6.3 0.5 0.1)
(6.35 0.5 0.1)
(6.4 0.5 0.1)
(6.45 0.5 0.1)
(6.5 0.5 0.1)
(6.55 0.5 0.1)
(6.6 0.5 0.1)
(6.65 0.5 0.1)
(6.7 0.5 0.1)
(6.75 0.5 0.1)
(6.8 0.5 0.1)
(6.85 0.5 0.1)
(6.9 0.5 0.1)
(6.95 0.5 0.1)
(7 0.5 0.1)
(7.05 0.5 0.1)
(7.1 0.5 0.1)
(7.15 0.5 0.1)
(7.2 0.5 0.1)
(7.25 0.5 0.1)
(7.3 0.5 0.1)
(7.35 0.5 0.1)
(7.4 0.5 0.1)
(7.45 0.5 0.1)
(7.5 0.5 0.1)
(7.55 0.5 0.1)
(7.6 0.5 0.1)
(7.65 0.5 0.1)
(7.7 0.5 0.1)
(7.75 0.5 0.1)
(7.8 0.5 0.1)
(7.85 0.5 0.1)
(7.9 0.5 0.1)
(7.95 0.5 0.1)
(8 0.5 0.1)
(8.05 0.5 0.1)
(8.1 0.5 0.1)
(8.15 0.5 0.1)
(8.2 0.5 0.1)
(8.25 0.5 0.1)
(8.3 0.5 0.1)
(8.35 0.5 0.1)
(8.4 0.5 0.1)
(8.45 0.5 0.1)
(8.5 0.5 0.1)
(8.55 0.5 0.1)
(8.6 0.5 0.1)
(8.65 0.5 0.1)
(8.7 0.5 0.1)
(8.75 0.5 0.1)
(8.8 0.5 0.1)
(8.85 0.5 0.1)
(8.9 0.5 0.1)
(8.95 0.5 0.1)
(9 0.5 0.1)
(9.05 0.5 0.1)
(9.1 0.5 0.1)
(9.15 0.5 0.1)
(9.2 0.5 0.1)
(9.25 0.5 0.1)
(9.3 0.5 0.1)
(9.35 0.5 0.1)
(9.4 0.5 0.1)
(9.45 0.5 0.1)
(9.5 0.5 0.1)
(9.55 0.5 0.1)
(9.6 0.5 0.1)
(9.65 0.5 0.1)
(9.7 0.5 0.1)
(9.75 0.5 0.1)
(9.8 0.5 0.1)
(9.85 0.5 0.1)
(9.9 0.5 0.1)
(9.95 0.5 0.1)
(10 0.5 0.1)
(0 0.55 0.1)
(0.05 0.55 0.1)
(0.1 0.55 0.1)
(0.15 0.55 0.1)
(0.2 0.55 0.1)
(0.25 0.55 0.1)
(0.3 0.55 0.1)
(0.35 0.55 0.1)
(0.4 0.55 0.1)
(0.45 0.55 0.1)
(0.5 0.55 0.1)
(0.55 0.55 0.1)
(0.6 0.55 0.1)
(0.65 0.55 0.1)
(0.7 0.55 0.1)
(0.75 0.55 0.1)
(0.8 0.55 0.1)
(0.85 0.55 0.1)
(0.9 0.55 0.1)
(0.95 0.55 0.1)
(1 0.55 0.1)
(1.05 0.55 0.1)
(1.1 0.55 0.1)
(1.15 0.55 0.1)
(1.2 0.55 0.1)
(1.25 0.55 0.1)
(1.3 0.55 0.1)
(1.35 0.55 0.1)
(1.4 0.55 0.1)
(1.45 0.55 0.1)
(1.5 0.55 0.1)
(1.55 0.55 0.1)
(1.6 0.55 0.1)
(1.65 0.55 0.1)
(1.7 0.55 0.1)
(1.75 0.55 0.1)
(1.8 0.55 0.1)
(1.85 0.55 0.1)
(1.9 0.55 0.1)
(1.95 0.55 0.1)
(2 0.55 0.1)
(2.05 0.55 0.1)
(2.1 0.55 0.1)
(2.15 0.55 0.1)
(2.2 0.55 0.1)
(2.25 0.55 0.1)
(2.3 0.55 0.1)
(2.35 0.55 0.1)
(2.4 0.55 0.1)
(2.45 0.55 0.1)
(2.5 0.55 0.1)
(2.55 0.55 0.1)
(2.6 0.55 0.1)
(2.65 0.55 0.1)
(2.7 0.55 0.1)
(2.75 0.55 0.1)
(2.8 0.55 0.1)
(2.85 0.55 0.1)
(2.9 0.55 0.1)
(2.95 0.55 0.1)
(3 0.55 0.1)
(3.05 0.55 0.1)
(3.1 0.55 0.1)
(3.15 0.55 0.1)
(3.2 0.55 0.1)
(3.25 0.55 0.1)
(3.3 0.55 0.1)
(3.35 0.55 0.1)
(3.4 0.55 0.1)
(3.45 0.55 0.1)
(3.5 0.55 0.1)
(3.55 0.55 0.1)
(3.6 0.55 0.1)
(3.65 0.55 0.1)
(3.7 0.55 0.1)
(3.75 0.55 0.1)
(3.8 0.55 0.1)
(3.85 0.55 0.1)
(3.9 0.55 0.1)
(3.95 0.55 0.1)
(4 0.55 0.1)
(4.05 0.55 0.1)
(4.1 0.55 0.1)
(4.15 0.55 0.1)
(4.2 0.55 0.1)
(4.25 0.55 0.1)
(4.3 0.55 0.1)
(4.35 0.55 0.1)
(4.4 0.55 0.1)
(4.45 0.55 0.1)
(4.5 0.55 0.1)
(4.55 0.55 0.1)
(4.6 0.55 0.1)
(4.65 0.55 0.1)
(4.7 0.55 0.1)
(4.75 0.55 0.1)
(4.8 0.55 0.1)
(4.85 0.55 0.1)
(4.9 0.55 0.1)
(4.95 0.55 0.1)
(5 0.55 0.1)
(5.05 0.55 0.1)
(5.1 0.55 0.1)
(5.15 0.55 0.1)
(5.2 0.55 0.1)
(5.25 0.55 0.1)
(5.3 0.55 0.1)
(5.35 0.55 0.1)
(5.4 0.55 0.1)
(5.45 0.55 0.1)
(5.5 0.55 0.1)
(5.55 0.55 0.1)
(5.6 0.55 0.1)
(5.65 0.55 0.1)
(5.7 0.55 0.1)
(5.75 0.55 0.1)
(5.8 0.55 0.1)
(5.85 0.55 0.1)
(5.9 0.55 0.1)
(5.95 0.55 0.1)
(6 0.55 0.1)
(6.05 0.55 0.1)
(6.1 0.55 0.1)
(6.15 0.55 0.1)
(6.2 0.55 0.1)
(6.25 0.55 0.1)
(6.3 0.55 0.1)
(6.35 0.55 0.1)
(6.4 0.55 0.1)
(6.45 0.55 0.1)
(6.5 0.55 0.1)
(6.55 0.55 0.1)
(6.6 0.55 0.1)
(6.65 0.55 0.1)
(6.7 0.55 0.1)
(6.75 0.55 0.1)
(6.8 0.55 0.1)
(6.85 0.55 0.1)
(6.9 0.55 0.1)
(6.95 0.55 0.1)
(7 0.55 0.1)
(7.05 0.55 0.1)
(7.1 0.55 0.1)
(7.15 0.55 0.1)
(7.2 0.55 0.1)
(7.25 0.55 0.1)
(7.3 0.55 0.1)
(7.35 0.55 0.1)
(7.4 0.55 0.1)
(7.45 0.55 0.1)
(7.5 0.55 0.1)
(7.55 0.55 0.1)
(7.6 0.55 0.1)
(7.65 0.55 0.1)
(7.7 0.55 0.1)
(7.75 0.55 0.1)
(7.8 0.55 0.1)
(7.85 0.55 0.1)
(7.9 0.55 0.1)
(7.95 0.55 0.1)
(8 0.55 0.1)
(8.05 0.55 0.1)
(8.1 0.55 0.1)
(8.15 0.55 0.1)
(8.2 0.55 0.1)
(8.25 0.55 0.1)
(8.3 0.55 0.1)
(8.35 0.55 0.1)
(8.4 0.55 0.1)
(8.45 0.55 0.1)
(8.5 0.55 0.1)
(8.55 0.55 0.1)
(8.6 0.55 0.1)
(8.65 0.55 0.1)
(8.7 0.55 0.1)
(8.75 0.55 0.1)
(8.8 0.55 0.1)
(8.85 0.55 0.1)
(8.9 0.55 0.1)
(8.95 0.55 0.1)
(9 0.55 0.1)
(9.05 0.55 0.1)
(9.1 0.55 0.1)
(9.15 0.55 0.1)
(9.2 0.55 0.1)
(9.25 0.55 0.1)
(9.3 0.55 0.1)
(9.35 0.55 0.1)
(9.4 0.55 0.1)
(9.45 0.55 0.1)
(9.5 0.55 0.1)
(9.55 0.55 0.1)
(9.6 0.55 0.1)
(9.65 0.55 0.1)
(9.7 0.55 0.1)
(9.75 0.55 0.1)
(9.8 0.55 0.1)
(9.85 0.55 0.1)
(9.9 0.55 0.1)
(9.95 0.55 0.1)
(10 0.55 0.1)
(0 0.6 0.1)
(0.05 0.6 0.1)
(0.1 0.6 0.1)
(0.15 0.6 0.1)
(0.2 0.6 0.1)
(0.25 0.6 0.1)
(0.3 0.6 0.1)
(0.35 0.6 0.1)
(0.4 0.6 0.1)
(0.45 0.6 0.1)
(0.5 0.6 0.1)
(0.55 0.6 0.1)
(0.6 0.6 0.1)
(0.65 0.6 0.1)
(0.7 0.6 0.1)
(0.75 0.6 0.1)
(0.8 0.6 0.1)
(0.85 0.6 0.1)
(0.9 0.6 0.1)
(0.95 0.6 0.1)
(1 0.6 0.1)
(1.05 0.6 0.1)
(1.1 0.6 0.1)
(1.15 0.6 0.1)
(1.2 0.6 0.1)
(1.25 0.6 0.1)
(1.3 0.6 0.1)
(1.35 0.6 0.1)
(1.4 0.6 0.1)
(1.45 0.6 0.1)
(1.5 0.6 0.1)
(1.55 0.6 0.1)
(1.6 0.6 0.1)
(1.65 0.6 0.1)
(1.7 0.6 0.1)
(1.75 0.6 0.1)
(1.8 0.6 0.1)
(1.85 0.6 0.1)
(1.9 0.6 0.1)
(1.95 0.6 0.1)
(2 0.6 0.1)
(2.05 0.6 0.1)
(2.1 0.6 0.1)
(2.15 0.6 0.1)
(2.2 0.6 0.1)
(2.25 0.6 0.1)
(2.3 0.6 0.1)
(2.35 0.6 0.1)
(2.4 0.6 0.1)
(2.45 0.6 0.1)
(2.5 0.6 0.1)
(2.55 0.6 0.1)
(2.6 0.6 0.1)
(2.65 0.6 0.1)
(2.7 0.6 0.1)
(2.75 0.6 0.1)
(2.8 0.6 0.1)
(2.85 0.6 0.1)
(2.9 0.6 0.1)
(2.95 0.6 0.1)
(3 0.6 0.1)
(3.05 0.6 0.1)
(3.1 0.6 0.1)
(3.15 0.6 0.1)
(3.2 0.6 0.1)
(3.25 0.6 0.1)
(3.3 0.6 0.1)
(3.35 0.6 0.1)
(3.4 0.6 0.1)
(3.45 0.6 0.1)
(3.5 0.6 0.1)
(3.55 0.6 0.1)
(3.6 0.6 0.1)
(3.65 0.6 0.1)
(3.7 0.6 0.1)
(3.75 0.6 0.1)
(3.8 0.6 0.1)
(3.85 0.6 0.1)
(3.9 0.6 0.1)
(3.95 0.6 0.1)
(4 0.6 0.1)
(4.05 0.6 0.1)
(4.1 0.6 0.1)
(4.15 0.6 0.1)
(4.2 0.6 0.1)
(4.25 0.6 0.1)
(4.3 0.6 0.1)
(4.35 0.6 0.1)
(4.4 0.6 0.1)
(4.45 0.6 0.1)
(4.5 0.6 0.1)
(4.55 0.6 0.1)
(4.6 0.6 0.1)
(4.65 0.6 0.1)
(4.7 0.6 0.1)
(4.75 0.6 0.1)
(4.8 0.6 0.1)
(4.85 0.6 0.1)
(4.9 0.6 0.1)
(4.95 0.6 0.1)
(5 0.6 0.1)
(5.05 0.6 0.1)
(5.1 0.6 0.1)
(5.15 0.6 0.1)
(5.2 0.6 0.1)
(5.25 0.6 0.1)
(5.3 0.6 0.1)
(5.35 0.6 0.1)
(5.4 0.6 0.1)
(5.45 0.6 0.1)
(5.5 0.6 0.1)
(5.55 0.6 0.1)
(5.6 0.6 0.1)
(5.65 0.6 0.1)
(5.7 0.6 0.1)
(5.75 0.6 0.1)
(5.8 0.6 0.1)
(5.85 0.6 0.1)
(5.9 0.6 0.1)
(5.95 0.6 0.1)
(6 0.6 0.1)
(6.05 0.6 0.1)
(6.1 0.6 0.1)
(6.15 0.6 0.1)
(6.2 0.6 0.1)
(6.25 0.6 0.1)
(6.3 0.6 0.1)
(6.35 0.6 0.1)
(6.4 0.6 0.1)
(6.45 0.6 0.1)
(6.5 0.6 0.1)
(6.55 0.6 0.1)
(6.6 0.6 0.1)
(6.65 0.6 0.1)
(6.7 0.6 0.1)
(6.75 0.6 0.1)
(6.8 0.6 0.1)
(6.85 0.6 0.1)
(6.9 0.6 0.1)
(6.95 0.6 0.1)
(7 0.6 0.1)
(7.05 0.6 0.1)
(7.1 0.6 0.1)
(7.15 0.6 0.1)
(7.2 0.6 0.1)
(7.25 0.6 0.1)
(7.3 0.6 0.1)
(7.35 0.6 0.1)
(7.4 0.6 0.1)
(7.45 0.6 0.1)
(7.5 0.6 0.1)
(7.55 0.6 0.1)
(7.6 0.6 0.1)
(7.65 0.6 0.1)
(7.7 0.6 0.1)
(7.75 0.6 0.1)
(7.8 0.6 0.1)
(7.85 0.6 0.1)
(7.9 0.6 0.1)
(7.95 0.6 0.1)
(8 0.6 0.1)
(8.05 0.6 0.1)
(8.1 0.6 0.1)
(8.15 0.6 0.1)
(8.2 0.6 0.1)
(8.25 0.6 0.1)
(8.3 0.6 0.1)
(8.35 0.6 0.1)
(8.4 0.6 0.1)
(8.45 0.6 0.1)
(8.5 0.6 0.1)
(8.55 0.6 0.1)
(8.6 0.6 0.1)
(8.65 0.6 0.1)
(8.7 0.6 0.1)
(8.75 0.6 0.1)
(8.8 0.6 0.1)
(8.85 0.6 0.1)
(8.9 0.6 0.1)
(8.95 0.6 0.1)
(9 0.6 0.1)
(9.05 0.6 0.1)
(9.1 0.6 0.1)
(9.15 0.6 0.1)
(9.2 0.6 0.1)
(9.25 0.6 0.1)
(9.3 0.6 0.1)
(9.35 0.6 0.1)
(9.4 0.6 0.1)
(9.45 0.6 0.1)
(9.5 0.6 0.1)
(9.55 0.6 0.1)
(9.6 0.6 0.1)
(9.65 0.6 0.1)
(9.7 0.6 0.1)
(9.75 0.6 0.1)
(9.8 0.6 0.1)
(9.85 0.6 0.1)
(9.9 0.6 0.1)
(9.95 0.6 0.1)
(10 0.6 0.1)
(0 0.65 0.1)
(0.05 0.65 0.1)
(0.1 0.65 0.1)
(0.15 0.65 0.1)
(0.2 0.65 0.1)
(0.25 0.65 0.1)
(0.3 0.65 0.1)
(0.35 0.65 0.1)
(0.4 0.65 0.1)
(0.45 0.65 0.1)
(0.5 0.65 0.1)
(0.55 0.65 0.1)
(0.6 0.65 0.1)
(0.65 0.65 0.1)
(0.7 0.65 0.1)
(0.75 0.65 0.1)
(0.8 0.65 0.1)
(0.85 0.65 0.1)
(0.9 0.65 0.1)
(0.95 0.65 0.1)
(1 0.65 0.1)
(1.05 0.65 0.1)
(1.1 0.65 0.1)
(1.15 0.65 0.1)
(1.2 0.65 0.1)
(1.25 0.65 0.1)
(1.3 0.65 0.1)
(1.35 0.65 0.1)
(1.4 0.65 0.1)
(1.45 0.65 0.1)
(1.5 0.65 0.1)
(1.55 0.65 0.1)
(1.6 0.65 0.1)
(1.65 0.65 0.1)
(1.7 0.65 0.1)
(1.75 0.65 0.1)
(1.8 0.65 0.1)
(1.85 0.65 0.1)
(1.9 0.65 0.1)
(1.95 0.65 0.1)
(2 0.65 0.1)
(2.05 0.65 0.1)
(2.1 0.65 0.1)
(2.15 0.65 0.1)
(2.2 0.65 0.1)
(2.25 0.65 0.1)
(2.3 0.65 0.1)
(2.35 0.65 0.1)
(2.4 0.65 0.1)
(2.45 0.65 0.1)
(2.5 0.65 0.1)
(2.55 0.65 0.1)
(2.6 0.65 0.1)
(2.65 0.65 0.1)
(2.7 0.65 0.1)
(2.75 0.65 0.1)
(2.8 0.65 0.1)
(2.85 0.65 0.1)
(2.9 0.65 0.1)
(2.95 0.65 0.1)
(3 0.65 0.1)
(3.05 0.65 0.1)
(3.1 0.65 0.1)
(3.15 0.65 0.1)
(3.2 0.65 0.1)
(3.25 0.65 0.1)
(3.3 0.65 0.1)
(3.35 0.65 0.1)
(3.4 0.65 0.1)
(3.45 0.65 0.1)
(3.5 0.65 0.1)
(3.55 0.65 0.1)
(3.6 0.65 0.1)
(3.65 0.65 0.1)
(3.7 0.65 0.1)
(3.75 0.65 0.1)
(3.8 0.65 0.1)
(3.85 0.65 0.1)
(3.9 0.65 0.1)
(3.95 0.65 0.1)
(4 0.65 0.1)
(4.05 0.65 0.1)
(4.1 0.65 0.1)
(4.15 0.65 0.1)
(4.2 0.65 0.1)
(4.25 0.65 0.1)
(4.3 0.65 0.1)
(4.35 0.65 0.1)
(4.4 0.65 0.1)
(4.45 0.65 0.1)
(4.5 0.65 0.1)
(4.55 0.65 0.1)
(4.6 0.65 0.1)
(4.65 0.65 0.1)
(4.7 0.65 0.1)
(4.75 0.65 0.1)
(4.8 0.65 0.1)
(4.85 0.65 0.1)
(4.9 0.65 0.1)
(4.95 0.65 0.1)
(5 0.65 0.1)
(5.05 0.65 0.1)
(5.1 0.65 0.1)
(5.15 0.65 0.1)
(5.2 0.65 0.1)
(5.25 0.65 0.1)
(5.3 0.65 0.1)
(5.35 0.65 0.1)
(5.4 0.65 0.1)
(5.45 0.65 0.1)
(5.5 0.65 0.1)
(5.55 0.65 0.1)
(5.6 0.65 0.1)
(5.65 0.65 0.1)
(5.7 0.65 0.1)
(5.75 0.65 0.1)
(5.8 0.65 0.1)
(5.85 0.65 0.1)
(5.9 0.65 0.1)
(5.95 0.65 0.1)
(6 0.65 0.1)
(6.05 0.65 0.1)
(6.1 0.65 0.1)
(6.15 0.65 0.1)
(6.2 0.65 0.1)
(6.25 0.65 0.1)
(6.3 0.65 0.1)
(6.35 0.65 0.1)
(6.4 0.65 0.1)
(6.45 0.65 0.1)
(6.5 0.65 0.1)
(6.55 0.65 0.1)
(6.6 0.65 0.1)
(6.65 0.65 0.1)
(6.7 0.65 0.1)
(6.75 0.65 0.1)
(6.8 0.65 0.1)
(6.85 0.65 0.1)
(6.9 0.65 0.1)
(6.95 0.65 0.1)
(7 0.65 0.1)
(7.05 0.65 0.1)
(7.1 0.65 0.1)
(7.15 0.65 0.1)
(7.2 0.65 0.1)
(7.25 0.65 0.1)
(7.3 0.65 0.1)
(7.35 0.65 0.1)
(7.4 0.65 0.1)
(7.45 0.65 0.1)
(7.5 0.65 0.1)
(7.55 0.65 0.1)
(7.6 0.65 0.1)
(7.65 0.65 0.1)
(7.7 0.65 0.1)
(7.75 0.65 0.1)
(7.8 0.65 0.1)
(7.85 0.65 0.1)
(7.9 0.65 0.1)
(7.95 0.65 0.1)
(8 0.65 0.1)
(8.05 0.65 0.1)
(8.1 0.65 0.1)
(8.15 0.65 0.1)
(8.2 0.65 0.1)
(8.25 0.65 0.1)
(8.3 0.65 0.1)
(8.35 0.65 0.1)
(8.4 0.65 0.1)
(8.45 0.65 0.1)
(8.5 0.65 0.1)
(8.55 0.65 0.1)
(8.6 0.65 0.1)
(8.65 0.65 0.1)
(8.7 0.65 0.1)
(8.75 0.65 0.1)
(8.8 0.65 0.1)
(8.85 0.65 0.1)
(8.9 0.65 0.1)
(8.95 0.65 0.1)
(9 0.65 0.1)
(9.05 0.65 0.1)
(9.1 0.65 0.1)
(9.15 0.65 0.1)
(9.2 0.65 0.1)
(9.25 0.65 0.1)
(9.3 0.65 0.1)
(9.35 0.65 0.1)
(9.4 0.65 0.1)
(9.45 0.65 0.1)
(9.5 0.65 0.1)
(9.55 0.65 0.1)
(9.6 0.65 0.1)
(9.65 0.65 0.1)
(9.7 0.65 0.1)
(9.75 0.65 0.1)
(9.8 0.65 0.1)
(9.85 0.65 0.1)
(9.9 0.65 0.1)
(9.95 0.65 0.1)
(10 0.65 0.1)
(0 0.7 0.1)
(0.05 0.7 0.1)
(0.1 0.7 0.1)
(0.15 0.7 0.1)
(0.2 0.7 0.1)
(0.25 0.7 0.1)
(0.3 0.7 0.1)
(0.35 0.7 0.1)
(0.4 0.7 0.1)
(0.45 0.7 0.1)
(0.5 0.7 0.1)
(0.55 0.7 0.1)
(0.6 0.7 0.1)
(0.65 0.7 0.1)
(0.7 0.7 0.1)
(0.75 0.7 0.1)
(0.8 0.7 0.1)
(0.85 0.7 0.1)
(0.9 0.7 0.1)
(0.95 0.7 0.1)
(1 0.7 0.1)
(1.05 0.7 0.1)
(1.1 0.7 0.1)
(1.15 0.7 0.1)
(1.2 0.7 0.1)
(1.25 0.7 0.1)
(1.3 0.7 0.1)
(1.35 0.7 0.1)
(1.4 0.7 0.1)
(1.45 0.7 0.1)
(1.5 0.7 0.1)
(1.55 0.7 0.1)
(1.6 0.7 0.1)
(1.65 0.7 0.1)
(1.7 0.7 0.1)
(1.75 0.7 0.1)
(1.8 0.7 0.1)
(1.85 0.7 0.1)
(1.9 0.7 0.1)
(1.95 0.7 0.1)
(2 0.7 0.1)
(2.05 0.7 0.1)
(2.1 0.7 0.1)
(2.15 0.7 0.1)
(2.2 0.7 0.1)
(2.25 0.7 0.1)
(2.3 0.7 0.1)
(2.35 0.7 0.1)
(2.4 0.7 0.1)
(2.45 0.7 0.1)
(2.5 0.7 0.1)
(2.55 0.7 0.1)
(2.6 0.7 0.1)
(2.65 0.7 0.1)
(2.7 0.7 0.1)
(2.75 0.7 0.1)
(2.8 0.7 0.1)
(2.85 0.7 0.1)
(2.9 0.7 0.1)
(2.95 0.7 0.1)
(3 0.7 0.1)
(3.05 0.7 0.1)
(3.1 0.7 0.1)
(3.15 0.7 0.1)
(3.2 0.7 0.1)
(3.25 0.7 0.1)
(3.3 0.7 0.1)
(3.35 0.7 0.1)
(3.4 0.7 0.1)
(3.45 0.7 0.1)
(3.5 0.7 0.1)
(3.55 0.7 0.1)
(3.6 0.7 0.1)
(3.65 0.7 0.1)
(3.7 0.7 0.1)
(3.75 0.7 0.1)
(3.8 0.7 0.1)
(3.85 0.7 0.1)
(3.9 0.7 0.1)
(3.95 0.7 0.1)
(4 0.7 0.1)
(4.05 0.7 0.1)
(4.1 0.7 0.1)
(4.15 0.7 0.1)
(4.2 0.7 0.1)
(4.25 0.7 0.1)
(4.3 0.7 0.1)
(4.35 0.7 0.1)
(4.4 0.7 0.1)
(4.45 0.7 0.1)
(4.5 0.7 0.1)
(4.55 0.7 0.1)
(4.6 0.7 0.1)
(4.65 0.7 0.1)
(4.7 0.7 0.1)
(4.75 0.7 0.1)
(4.8 0.7 0.1)
(4.85 0.7 0.1)
(4.9 0.7 0.1)
(4.95 0.7 0.1)
(5 0.7 0.1)
(5.05 0.7 0.1)
(5.1 0.7 0.1)
(5.15 0.7 0.1)
(5.2 0.7 0.1)
(5.25 0.7 0.1)
(5.3 0.7 0.1)
(5.35 0.7 0.1)
(5.4 0.7 0.1)
(5.45 0.7 0.1)
(5.5 0.7 0.1)
(5.55 0.7 0.1)
(5.6 0.7 0.1)
(5.65 0.7 0.1)
(5.7 0.7 0.1)
(5.75 0.7 0.1)
(5.8 0.7 0.1)
(5.85 0.7 0.1)
(5.9 0.7 0.1)
(5.95 0.7 0.1)
(6 0.7 0.1)
(6.05 0.7 0.1)
(6.1 0.7 0.1)
(6.15 0.7 0.1)
(6.2 0.7 0.1)
(6.25 0.7 0.1)
(6.3 0.7 0.1)
(6.35 0.7 0.1)
(6.4 0.7 0.1)
(6.45 0.7 0.1)
(6.5 0.7 0.1)
(6.55 0.7 0.1)
(6.6 0.7 0.1)
(6.65 0.7 0.1)
(6.7 0.7 0.1)
(6.75 0.7 0.1)
(6.8 0.7 0.1)
(6.85 0.7 0.1)
(6.9 0.7 0.1)
(6.95 0.7 0.1)
(7 0.7 0.1)
(7.05 0.7 0.1)
(7.1 0.7 0.1)
(7.15 0.7 0.1)
(7.2 0.7 0.1)
(7.25 0.7 0.1)
(7.3 0.7 0.1)
(7.35 0.7 0.1)
(7.4 0.7 0.1)
(7.45 0.7 0.1)
(7.5 0.7 0.1)
(7.55 0.7 0.1)
(7.6 0.7 0.1)
(7.65 0.7 0.1)
(7.7 0.7 0.1)
(7.75 0.7 0.1)
(7.8 0.7 0.1)
(7.85 0.7 0.1)
(7.9 0.7 0.1)
(7.95 0.7 0.1)
(8 0.7 0.1)
(8.05 0.7 0.1)
(8.1 0.7 0.1)
(8.15 0.7 0.1)
(8.2 0.7 0.1)
(8.25 0.7 0.1)
(8.3 0.7 0.1)
(8.35 0.7 0.1)
(8.4 0.7 0.1)
(8.45 0.7 0.1)
(8.5 0.7 0.1)
(8.55 0.7 0.1)
(8.6 0.7 0.1)
(8.65 0.7 0.1)
(8.7 0.7 0.1)
(8.75 0.7 0.1)
(8.8 0.7 0.1)
(8.85 0.7 0.1)
(8.9 0.7 0.1)
(8.95 0.7 0.1)
(9 0.7 0.1)
(9.05 0.7 0.1)
(9.1 0.7 0.1)
(9.15 0.7 0.1)
(9.2 0.7 0.1)
(9.25 0.7 0.1)
(9.3 0.7 0.1)
(9.35 0.7 0.1)
(9.4 0.7 0.1)
(9.45 0.7 0.1)
(9.5 0.7 0.1)
(9.55 0.7 0.1)
(9.6 0.7 0.1)
(9.65 0.7 0.1)
(9.7 0.7 0.1)
(9.75 0.7 0.1)
(9.8 0.7 0.1)
(9.85 0.7 0.1)
(9.9 0.7 0.1)
(9.95 0.7 0.1)
(10 0.7 0.1)
(0 0.75 0.1)
(0.05 0.75 0.1)
(0.1 0.75 0.1)
(0.15 0.75 0.1)
(0.2 0.75 0.1)
(0.25 0.75 0.1)
(0.3 0.75 0.1)
(0.35 0.75 0.1)
(0.4 0.75 0.1)
(0.45 0.75 0.1)
(0.5 0.75 0.1)
(0.55 0.75 0.1)
(0.6 0.75 0.1)
(0.65 0.75 0.1)
(0.7 0.75 0.1)
(0.75 0.75 0.1)
(0.8 0.75 0.1)
(0.85 0.75 0.1)
(0.9 0.75 0.1)
(0.95 0.75 0.1)
(1 0.75 0.1)
(1.05 0.75 0.1)
(1.1 0.75 0.1)
(1.15 0.75 0.1)
(1.2 0.75 0.1)
(1.25 0.75 0.1)
(1.3 0.75 0.1)
(1.35 0.75 0.1)
(1.4 0.75 0.1)
(1.45 0.75 0.1)
(1.5 0.75 0.1)
(1.55 0.75 0.1)
(1.6 0.75 0.1)
(1.65 0.75 0.1)
(1.7 0.75 0.1)
(1.75 0.75 0.1)
(1.8 0.75 0.1)
(1.85 0.75 0.1)
(1.9 0.75 0.1)
(1.95 0.75 0.1)
(2 0.75 0.1)
(2.05 0.75 0.1)
(2.1 0.75 0.1)
(2.15 0.75 0.1)
(2.2 0.75 0.1)
(2.25 0.75 0.1)
(2.3 0.75 0.1)
(2.35 0.75 0.1)
(2.4 0.75 0.1)
(2.45 0.75 0.1)
(2.5 0.75 0.1)
(2.55 0.75 0.1)
(2.6 0.75 0.1)
(2.65 0.75 0.1)
(2.7 0.75 0.1)
(2.75 0.75 0.1)
(2.8 0.75 0.1)
(2.85 0.75 0.1)
(2.9 0.75 0.1)
(2.95 0.75 0.1)
(3 0.75 0.1)
(3.05 0.75 0.1)
(3.1 0.75 0.1)
(3.15 0.75 0.1)
(3.2 0.75 0.1)
(3.25 0.75 0.1)
(3.3 0.75 0.1)
(3.35 0.75 0.1)
(3.4 0.75 0.1)
(3.45 0.75 0.1)
(3.5 0.75 0.1)
(3.55 0.75 0.1)
(3.6 0.75 0.1)
(3.65 0.75 0.1)
(3.7 0.75 0.1)
(3.75 0.75 0.1)
(3.8 0.75 0.1)
(3.85 0.75 0.1)
(3.9 0.75 0.1)
(3.95 0.75 0.1)
(4 0.75 0.1)
(4.05 0.75 0.1)
(4.1 0.75 0.1)
(4.15 0.75 0.1)
(4.2 0.75 0.1)
(4.25 0.75 0.1)
(4.3 0.75 0.1)
(4.35 0.75 0.1)
(4.4 0.75 0.1)
(4.45 0.75 0.1)
(4.5 0.75 0.1)
(4.55 0.75 0.1)
(4.6 0.75 0.1)
(4.65 0.75 0.1)
(4.7 0.75 0.1)
(4.75 0.75 0.1)
(4.8 0.75 0.1)
(4.85 0.75 0.1)
(4.9 0.75 0.1)
(4.95 0.75 0.1)
(5 0.75 0.1)
(5.05 0.75 0.1)
(5.1 0.75 0.1)
(5.15 0.75 0.1)
(5.2 0.75 0.1)
(5.25 0.75 0.1)
(5.3 0.75 0.1)
(5.35 0.75 0.1)
(5.4 0.75 0.1)
(5.45 0.75 0.1)
(5.5 0.75 0.1)
(5.55 0.75 0.1)
(5.6 0.75 0.1)
(5.65 0.75 0.1)
(5.7 0.75 0.1)
(5.75 0.75 0.1)
(5.8 0.75 0.1)
(5.85 0.75 0.1)
(5.9 0.75 0.1)
(5.95 0.75 0.1)
(6 0.75 0.1)
(6.05 0.75 0.1)
(6.1 0.75 0.1)
(6.15 0.75 0.1)
(6.2 0.75 0.1)
(6.25 0.75 0.1)
(6.3 0.75 0.1)
(6.35 0.75 0.1)
(6.4 0.75 0.1)
(6.45 0.75 0.1)
(6.5 0.75 0.1)
(6.55 0.75 0.1)
(6.6 0.75 0.1)
(6.65 0.75 0.1)
(6.7 0.75 0.1)
(6.75 0.75 0.1)
(6.8 0.75 0.1)
(6.85 0.75 0.1)
(6.9 0.75 0.1)
(6.95 0.75 0.1)
(7 0.75 0.1)
(7.05 0.75 0.1)
(7.1 0.75 0.1)
(7.15 0.75 0.1)
(7.2 0.75 0.1)
(7.25 0.75 0.1)
(7.3 0.75 0.1)
(7.35 0.75 0.1)
(7.4 0.75 0.1)
(7.45 0.75 0.1)
(7.5 0.75 0.1)
(7.55 0.75 0.1)
(7.6 0.75 0.1)
(7.65 0.75 0.1)
(7.7 0.75 0.1)
(7.75 0.75 0.1)
(7.8 0.75 0.1)
(7.85 0.75 0.1)
(7.9 0.75 0.1)
(7.95 0.75 0.1)
(8 0.75 0.1)
(8.05 0.75 0.1)
(8.1 0.75 0.1)
(8.15 0.75 0.1)
(8.2 0.75 0.1)
(8.25 0.75 0.1)
(8.3 0.75 0.1)
(8.35 0.75 0.1)
(8.4 0.75 0.1)
(8.45 0.75 0.1)
(8.5 0.75 0.1)
(8.55 0.75 0.1)
(8.6 0.75 0.1)
(8.65 0.75 0.1)
(8.7 0.75 0.1)
(8.75 0.75 0.1)
(8.8 0.75 0.1)
(8.85 0.75 0.1)
(8.9 0.75 0.1)
(8.95 0.75 0.1)
(9 0.75 0.1)
(9.05 0.75 0.1)
(9.1 0.75 0.1)
(9.15 0.75 0.1)
(9.2 0.75 0.1)
(9.25 0.75 0.1)
(9.3 0.75 0.1)
(9.35 0.75 0.1)
(9.4 0.75 0.1)
(9.45 0.75 0.1)
(9.5 0.75 0.1)
(9.55 0.75 0.1)
(9.6 0.75 0.1)
(9.65 0.75 0.1)
(9.7 0.75 0.1)
(9.75 0.75 0.1)
(9.8 0.75 0.1)
(9.85 0.75 0.1)
(9.9 0.75 0.1)
(9.95 0.75 0.1)
(10 0.75 0.1)
(0 0.8 0.1)
(0.05 0.8 0.1)
(0.1 0.8 0.1)
(0.15 0.8 0.1)
(0.2 0.8 0.1)
(0.25 0.8 0.1)
(0.3 0.8 0.1)
(0.35 0.8 0.1)
(0.4 0.8 0.1)
(0.45 0.8 0.1)
(0.5 0.8 0.1)
(0.55 0.8 0.1)
(0.6 0.8 0.1)
(0.65 0.8 0.1)
(0.7 0.8 0.1)
(0.75 0.8 0.1)
(0.8 0.8 0.1)
(0.85 0.8 0.1)
(0.9 0.8 0.1)
(0.95 0.8 0.1)
(1 0.8 0.1)
(1.05 0.8 0.1)
(1.1 0.8 0.1)
(1.15 0.8 0.1)
(1.2 0.8 0.1)
(1.25 0.8 0.1)
(1.3 0.8 0.1)
(1.35 0.8 0.1)
(1.4 0.8 0.1)
(1.45 0.8 0.1)
(1.5 0.8 0.1)
(1.55 0.8 0.1)
(1.6 0.8 0.1)
(1.65 0.8 0.1)
(1.7 0.8 0.1)
(1.75 0.8 0.1)
(1.8 0.8 0.1)
(1.85 0.8 0.1)
(1.9 0.8 0.1)
(1.95 0.8 0.1)
(2 0.8 0.1)
(2.05 0.8 0.1)
(2.1 0.8 0.1)
(2.15 0.8 0.1)
(2.2 0.8 0.1)
(2.25 0.8 0.1)
(2.3 0.8 0.1)
(2.35 0.8 0.1)
(2.4 0.8 0.1)
(2.45 0.8 0.1)
(2.5 0.8 0.1)
(2.55 0.8 0.1)
(2.6 0.8 0.1)
(2.65 0.8 0.1)
(2.7 0.8 0.1)
(2.75 0.8 0.1)
(2.8 0.8 0.1)
(2.85 0.8 0.1)
(2.9 0.8 0.1)
(2.95 0.8 0.1)
(3 0.8 0.1)
(3.05 0.8 0.1)
(3.1 0.8 0.1)
(3.15 0.8 0.1)
(3.2 0.8 0.1)
(3.25 0.8 0.1)
(3.3 0.8 0.1)
(3.35 0.8 0.1)
(3.4 0.8 0.1)
(3.45 0.8 0.1)
(3.5 0.8 0.1)
(3.55 0.8 0.1)
(3.6 0.8 0.1)
(3.65 0.8 0.1)
(3.7 0.8 0.1)
(3.75 0.8 0.1)
(3.8 0.8 0.1)
(3.85 0.8 0.1)
(3.9 0.8 0.1)
(3.95 0.8 0.1)
(4 0.8 0.1)
(4.05 0.8 0.1)
(4.1 0.8 0.1)
(4.15 0.8 0.1)
(4.2 0.8 0.1)
(4.25 0.8 0.1)
(4.3 0.8 0.1)
(4.35 0.8 0.1)
(4.4 0.8 0.1)
(4.45 0.8 0.1)
(4.5 0.8 0.1)
(4.55 0.8 0.1)
(4.6 0.8 0.1)
(4.65 0.8 0.1)
(4.7 0.8 0.1)
(4.75 0.8 0.1)
(4.8 0.8 0.1)
(4.85 0.8 0.1)
(4.9 0.8 0.1)
(4.95 0.8 0.1)
(5 0.8 0.1)
(5.05 0.8 0.1)
(5.1 0.8 0.1)
(5.15 0.8 0.1)
(5.2 0.8 0.1)
(5.25 0.8 0.1)
(5.3 0.8 0.1)
(5.35 0.8 0.1)
(5.4 0.8 0.1)
(5.45 0.8 0.1)
(5.5 0.8 0.1)
(5.55 0.8 0.1)
(5.6 0.8 0.1)
(5.65 0.8 0.1)
(5.7 0.8 0.1)
(5.75 0.8 0.1)
(5.8 0.8 0.1)
(5.85 0.8 0.1)
(5.9 0.8 0.1)
(5.95 0.8 0.1)
(6 0.8 0.1)
(6.05 0.8 0.1)
(6.1 0.8 0.1)
(6.15 0.8 0.1)
(6.2 0.8 0.1)
(6.25 0.8 0.1)
(6.3 0.8 0.1)
(6.35 0.8 0.1)
(6.4 0.8 0.1)
(6.45 0.8 0.1)
(6.5 0.8 0.1)
(6.55 0.8 0.1)
(6.6 0.8 0.1)
(6.65 0.8 0.1)
(6.7 0.8 0.1)
(6.75 0.8 0.1)
(6.8 0.8 0.1)
(6.85 0.8 0.1)
(6.9 0.8 0.1)
(6.95 0.8 0.1)
(7 0.8 0.1)
(7.05 0.8 0.1)
(7.1 0.8 0.1)
(7.15 0.8 0.1)
(7.2 0.8 0.1)
(7.25 0.8 0.1)
(7.3 0.8 0.1)
(7.35 0.8 0.1)
(7.4 0.8 0.1)
(7.45 0.8 0.1)
(7.5 0.8 0.1)
(7.55 0.8 0.1)
(7.6 0.8 0.1)
(7.65 0.8 0.1)
(7.7 0.8 0.1)
(7.75 0.8 0.1)
(7.8 0.8 0.1)
(7.85 0.8 0.1)
(7.9 0.8 0.1)
(7.95 0.8 0.1)
(8 0.8 0.1)
(8.05 0.8 0.1)
(8.1 0.8 0.1)
(8.15 0.8 0.1)
(8.2 0.8 0.1)
(8.25 0.8 0.1)
(8.3 0.8 0.1)
(8.35 0.8 0.1)
(8.4 0.8 0.1)
(8.45 0.8 0.1)
(8.5 0.8 0.1)
(8.55 0.8 0.1)
(8.6 0.8 0.1)
(8.65 0.8 0.1)
(8.7 0.8 0.1)
(8.75 0.8 0.1)
(8.8 0.8 0.1)
(8.85 0.8 0.1)
(8.9 0.8 0.1)
(8.95 0.8 0.1)
(9 0.8 0.1)
(9.05 0.8 0.1)
(9.1 0.8 0.1)
(9.15 0.8 0.1)
(9.2 0.8 0.1)
(9.25 0.8 0.1)
(9.3 0.8 0.1)
(9.35 0.8 0.1)
(9.4 0.8 0.1)
(9.45 0.8 0.1)
(9.5 0.8 0.1)
(9.55 0.8 0.1)
(9.6 0.8 0.1)
(9.65 0.8 0.1)
(9.7 0.8 0.1)
(9.75 0.8 0.1)
(9.8 0.8 0.1)
(9.85 0.8 0.1)
(9.9 0.8 0.1)
(9.95 0.8 0.1)
(10 0.8 0.1)
(0 0.85 0.1)
(0.05 0.85 0.1)
(0.1 0.85 0.1)
(0.15 0.85 0.1)
(0.2 0.85 0.1)
(0.25 0.85 0.1)
(0.3 0.85 0.1)
(0.35 0.85 0.1)
(0.4 0.85 0.1)
(0.45 0.85 0.1)
(0.5 0.85 0.1)
(0.55 0.85 0.1)
(0.6 0.85 0.1)
(0.65 0.85 0.1)
(0.7 0.85 0.1)
(0.75 0.85 0.1)
(0.8 0.85 0.1)
(0.85 0.85 0.1)
(0.9 0.85 0.1)
(0.95 0.85 0.1)
(1 0.85 0.1)
(1.05 0.85 0.1)
(1.1 0.85 0.1)
(1.15 0.85 0.1)
(1.2 0.85 0.1)
(1.25 0.85 0.1)
(1.3 0.85 0.1)
(1.35 0.85 0.1)
(1.4 0.85 0.1)
(1.45 0.85 0.1)
(1.5 0.85 0.1)
(1.55 0.85 0.1)
(1.6 0.85 0.1)
(1.65 0.85 0.1)
(1.7 0.85 0.1)
(1.75 0.85 0.1)
(1.8 0.85 0.1)
(1.85 0.85 0.1)
(1.9 0.85 0.1)
(1.95 0.85 0.1)
(2 0.85 0.1)
(2.05 0.85 0.1)
(2.1 0.85 0.1)
(2.15 0.85 0.1)
(2.2 0.85 0.1)
(2.25 0.85 0.1)
(2.3 0.85 0.1)
(2.35 0.85 0.1)
(2.4 0.85 0.1)
(2.45 0.85 0.1)
(2.5 0.85 0.1)
(2.55 0.85 0.1)
(2.6 0.85 0.1)
(2.65 0.85 0.1)
(2.7 0.85 0.1)
(2.75 0.85 0.1)
(2.8 0.85 0.1)
(2.85 0.85 0.1)
(2.9 0.85 0.1)
(2.95 0.85 0.1)
(3 0.85 0.1)
(3.05 0.85 0.1)
(3.1 0.85 0.1)
(3.15 0.85 0.1)
(3.2 0.85 0.1)
(3.25 0.85 0.1)
(3.3 0.85 0.1)
(3.35 0.85 0.1)
(3.4 0.85 0.1)
(3.45 0.85 0.1)
(3.5 0.85 0.1)
(3.55 0.85 0.1)
(3.6 0.85 0.1)
(3.65 0.85 0.1)
(3.7 0.85 0.1)
(3.75 0.85 0.1)
(3.8 0.85 0.1)
(3.85 0.85 0.1)
(3.9 0.85 0.1)
(3.95 0.85 0.1)
(4 0.85 0.1)
(4.05 0.85 0.1)
(4.1 0.85 0.1)
(4.15 0.85 0.1)
(4.2 0.85 0.1)
(4.25 0.85 0.1)
(4.3 0.85 0.1)
(4.35 0.85 0.1)
(4.4 0.85 0.1)
(4.45 0.85 0.1)
(4.5 0.85 0.1)
(4.55 0.85 0.1)
(4.6 0.85 0.1)
(4.65 0.85 0.1)
(4.7 0.85 0.1)
(4.75 0.85 0.1)
(4.8 0.85 0.1)
(4.85 0.85 0.1)
(4.9 0.85 0.1)
(4.95 0.85 0.1)
(5 0.85 0.1)
(5.05 0.85 0.1)
(5.1 0.85 0.1)
(5.15 0.85 0.1)
(5.2 0.85 0.1)
(5.25 0.85 0.1)
(5.3 0.85 0.1)
(5.35 0.85 0.1)
(5.4 0.85 0.1)
(5.45 0.85 0.1)
(5.5 0.85 0.1)
(5.55 0.85 0.1)
(5.6 0.85 0.1)
(5.65 0.85 0.1)
(5.7 0.85 0.1)
(5.75 0.85 0.1)
(5.8 0.85 0.1)
(5.85 0.85 0.1)
(5.9 0.85 0.1)
(5.95 0.85 0.1)
(6 0.85 0.1)
(6.05 0.85 0.1)
(6.1 0.85 0.1)
(6.15 0.85 0.1)
(6.2 0.85 0.1)
(6.25 0.85 0.1)
(6.3 0.85 0.1)
(6.35 0.85 0.1)
(6.4 0.85 0.1)
(6.45 0.85 0.1)
(6.5 0.85 0.1)
(6.55 0.85 0.1)
(6.6 0.85 0.1)
(6.65 0.85 0.1)
(6.7 0.85 0.1)
(6.75 0.85 0.1)
(6.8 0.85 0.1)
(6.85 0.85 0.1)
(6.9 0.85 0.1)
(6.95 0.85 0.1)
(7 0.85 0.1)
(7.05 0.85 0.1)
(7.1 0.85 0.1)
(7.15 0.85 0.1)
(7.2 0.85 0.1)
(7.25 0.85 0.1)
(7.3 0.85 0.1)
(7.35 0.85 0.1)
(7.4 0.85 0.1)
(7.45 0.85 0.1)
(7.5 0.85 0.1)
(7.55 0.85 0.1)
(7.6 0.85 0.1)
(7.65 0.85 0.1)
(7.7 0.85 0.1)
(7.75 0.85 0.1)
(7.8 0.85 0.1)
(7.85 0.85 0.1)
(7.9 0.85 0.1)
(7.95 0.85 0.1)
(8 0.85 0.1)
(8.05 0.85 0.1)
(8.1 0.85 0.1)
(8.15 0.85 0.1)
(8.2 0.85 0.1)
(8.25 0.85 0.1)
(8.3 0.85 0.1)
(8.35 0.85 0.1)
(8.4 0.85 0.1)
(8.45 0.85 0.1)
(8.5 0.85 0.1)
(8.55 0.85 0.1)
(8.6 0.85 0.1)
(8.65 0.85 0.1)
(8.7 0.85 0.1)
(8.75 0.85 0.1)
(8.8 0.85 0.1)
(8.85 0.85 0.1)
(8.9 0.85 0.1)
(8.95 0.85 0.1)
(9 0.85 0.1)
(9.05 0.85 0.1)
(9.1 0.85 0.1)
(9.15 0.85 0.1)
(9.2 0.85 0.1)
(9.25 0.85 0.1)
(9.3 0.85 0.1)
(9.35 0.85 0.1)
(9.4 0.85 0.1)
(9.45 0.85 0.1)
(9.5 0.85 0.1)
(9.55 0.85 0.1)
(9.6 0.85 0.1)
(9.65 0.85 0.1)
(9.7 0.85 0.1)
(9.75 0.85 0.1)
(9.8 0.85 0.1)
(9.85 0.85 0.1)
(9.9 0.85 0.1)
(9.95 0.85 0.1)
(10 0.85 0.1)
(0 0.9 0.1)
(0.05 0.9 0.1)
(0.1 0.9 0.1)
(0.15 0.9 0.1)
(0.2 0.9 0.1)
(0.25 0.9 0.1)
(0.3 0.9 0.1)
(0.35 0.9 0.1)
(0.4 0.9 0.1)
(0.45 0.9 0.1)
(0.5 0.9 0.1)
(0.55 0.9 0.1)
(0.6 0.9 0.1)
(0.65 0.9 0.1)
(0.7 0.9 0.1)
(0.75 0.9 0.1)
(0.8 0.9 0.1)
(0.85 0.9 0.1)
(0.9 0.9 0.1)
(0.95 0.9 0.1)
(1 0.9 0.1)
(1.05 0.9 0.1)
(1.1 0.9 0.1)
(1.15 0.9 0.1)
(1.2 0.9 0.1)
(1.25 0.9 0.1)
(1.3 0.9 0.1)
(1.35 0.9 0.1)
(1.4 0.9 0.1)
(1.45 0.9 0.1)
(1.5 0.9 0.1)
(1.55 0.9 0.1)
(1.6 0.9 0.1)
(1.65 0.9 0.1)
(1.7 0.9 0.1)
(1.75 0.9 0.1)
(1.8 0.9 0.1)
(1.85 0.9 0.1)
(1.9 0.9 0.1)
(1.95 0.9 0.1)
(2 0.9 0.1)
(2.05 0.9 0.1)
(2.1 0.9 0.1)
(2.15 0.9 0.1)
(2.2 0.9 0.1)
(2.25 0.9 0.1)
(2.3 0.9 0.1)
(2.35 0.9 0.1)
(2.4 0.9 0.1)
(2.45 0.9 0.1)
(2.5 0.9 0.1)
(2.55 0.9 0.1)
(2.6 0.9 0.1)
(2.65 0.9 0.1)
(2.7 0.9 0.1)
(2.75 0.9 0.1)
(2.8 0.9 0.1)
(2.85 0.9 0.1)
(2.9 0.9 0.1)
(2.95 0.9 0.1)
(3 0.9 0.1)
(3.05 0.9 0.1)
(3.1 0.9 0.1)
(3.15 0.9 0.1)
(3.2 0.9 0.1)
(3.25 0.9 0.1)
(3.3 0.9 0.1)
(3.35 0.9 0.1)
(3.4 0.9 0.1)
(3.45 0.9 0.1)
(3.5 0.9 0.1)
(3.55 0.9 0.1)
(3.6 0.9 0.1)
(3.65 0.9 0.1)
(3.7 0.9 0.1)
(3.75 0.9 0.1)
(3.8 0.9 0.1)
(3.85 0.9 0.1)
(3.9 0.9 0.1)
(3.95 0.9 0.1)
(4 0.9 0.1)
(4.05 0.9 0.1)
(4.1 0.9 0.1)
(4.15 0.9 0.1)
(4.2 0.9 0.1)
(4.25 0.9 0.1)
(4.3 0.9 0.1)
(4.35 0.9 0.1)
(4.4 0.9 0.1)
(4.45 0.9 0.1)
(4.5 0.9 0.1)
(4.55 0.9 0.1)
(4.6 0.9 0.1)
(4.65 0.9 0.1)
(4.7 0.9 0.1)
(4.75 0.9 0.1)
(4.8 0.9 0.1)
(4.85 0.9 0.1)
(4.9 0.9 0.1)
(4.95 0.9 0.1)
(5 0.9 0.1)
(5.05 0.9 0.1)
(5.1 0.9 0.1)
(5.15 0.9 0.1)
(5.2 0.9 0.1)
(5.25 0.9 0.1)
(5.3 0.9 0.1)
(5.35 0.9 0.1)
(5.4 0.9 0.1)
(5.45 0.9 0.1)
(5.5 0.9 0.1)
(5.55 0.9 0.1)
(5.6 0.9 0.1)
(5.65 0.9 0.1)
(5.7 0.9 0.1)
(5.75 0.9 0.1)
(5.8 0.9 0.1)
(5.85 0.9 0.1)
(5.9 0.9 0.1)
(5.95 0.9 0.1)
(6 0.9 0.1)
(6.05 0.9 0.1)
(6.1 0.9 0.1)
(6.15 0.9 0.1)
(6.2 0.9 0.1)
(6.25 0.9 0.1)
(6.3 0.9 0.1)
(6.35 0.9 0.1)
(6.4 0.9 0.1)
(6.45 0.9 0.1)
(6.5 0.9 0.1)
(6.55 0.9 0.1)
(6.6 0.9 0.1)
(6.65 0.9 0.1)
(6.7 0.9 0.1)
(6.75 0.9 0.1)
(6.8 0.9 0.1)
(6.85 0.9 0.1)
(6.9 0.9 0.1)
(6.95 0.9 0.1)
(7 0.9 0.1)
(7.05 0.9 0.1)
(7.1 0.9 0.1)
(7.15 0.9 0.1)
(7.2 0.9 0.1)
(7.25 0.9 0.1)
(7.3 0.9 0.1)
(7.35 0.9 0.1)
(7.4 0.9 0.1)
(7.45 0.9 0.1)
(7.5 0.9 0.1)
(7.55 0.9 0.1)
(7.6 0.9 0.1)
(7.65 0.9 0.1)
(7.7 0.9 0.1)
(7.75 0.9 0.1)
(7.8 0.9 0.1)
(7.85 0.9 0.1)
(7.9 0.9 0.1)
(7.95 0.9 0.1)
(8 0.9 0.1)
(8.05 0.9 0.1)
(8.1 0.9 0.1)
(8.15 0.9 0.1)
(8.2 0.9 0.1)
(8.25 0.9 0.1)
(8.3 0.9 0.1)
(8.35 0.9 0.1)
(8.4 0.9 0.1)
(8.45 0.9 0.1)
(8.5 0.9 0.1)
(8.55 0.9 0.1)
(8.6 0.9 0.1)
(8.65 0.9 0.1)
(8.7 0.9 0.1)
(8.75 0.9 0.1)
(8.8 0.9 0.1)
(8.85 0.9 0.1)
(8.9 0.9 0.1)
(8.95 0.9 0.1)
(9 0.9 0.1)
(9.05 0.9 0.1)
(9.1 0.9 0.1)
(9.15 0.9 0.1)
(9.2 0.9 0.1)
(9.25 0.9 0.1)
(9.3 0.9 0.1)
(9.35 0.9 0.1)
(9.4 0.9 0.1)
(9.45 0.9 0.1)
(9.5 0.9 0.1)
(9.55 0.9 0.1)
(9.6 0.9 0.1)
(9.65 0.9 0.1)
(9.7 0.9 0.1)
(9.75 0.9 0.1)
(9.8 0.9 0.1)
(9.85 0.9 0.1)
(9.9 0.9 0.1)
(9.95 0.9 0.1)
(10 0.9 0.1)
(0 0.95 0.1)
(0.05 0.95 0.1)
(0.1 0.95 0.1)
(0.15 0.95 0.1)
(0.2 0.95 0.1)
(0.25 0.95 0.1)
(0.3 0.95 0.1)
(0.35 0.95 0.1)
(0.4 0.95 0.1)
(0.45 0.95 0.1)
(0.5 0.95 0.1)
(0.55 0.95 0.1)
(0.6 0.95 0.1)
(0.65 0.95 0.1)
(0.7 0.95 0.1)
(0.75 0.95 0.1)
(0.8 0.95 0.1)
(0.85 0.95 0.1)
(0.9 0.95 0.1)
(0.95 0.95 0.1)
(1 0.95 0.1)
(1.05 0.95 0.1)
(1.1 0.95 0.1)
(1.15 0.95 0.1)
(1.2 0.95 0.1)
(1.25 0.95 0.1)
(1.3 0.95 0.1)
(1.35 0.95 0.1)
(1.4 0.95 0.1)
(1.45 0.95 0.1)
(1.5 0.95 0.1)
(1.55 0.95 0.1)
(1.6 0.95 0.1)
(1.65 0.95 0.1)
(1.7 0.95 0.1)
(1.75 0.95 0.1)
(1.8 0.95 0.1)
(1.85 0.95 0.1)
(1.9 0.95 0.1)
(1.95 0.95 0.1)
(2 0.95 0.1)
(2.05 0.95 0.1)
(2.1 0.95 0.1)
(2.15 0.95 0.1)
(2.2 0.95 0.1)
(2.25 0.95 0.1)
(2.3 0.95 0.1)
(2.35 0.95 0.1)
(2.4 0.95 0.1)
(2.45 0.95 0.1)
(2.5 0.95 0.1)
(2.55 0.95 0.1)
(2.6 0.95 0.1)
(2.65 0.95 0.1)
(2.7 0.95 0.1)
(2.75 0.95 0.1)
(2.8 0.95 0.1)
(2.85 0.95 0.1)
(2.9 0.95 0.1)
(2.95 0.95 0.1)
(3 0.95 0.1)
(3.05 0.95 0.1)
(3.1 0.95 0.1)
(3.15 0.95 0.1)
(3.2 0.95 0.1)
(3.25 0.95 0.1)
(3.3 0.95 0.1)
(3.35 0.95 0.1)
(3.4 0.95 0.1)
(3.45 0.95 0.1)
(3.5 0.95 0.1)
(3.55 0.95 0.1)
(3.6 0.95 0.1)
(3.65 0.95 0.1)
(3.7 0.95 0.1)
(3.75 0.95 0.1)
(3.8 0.95 0.1)
(3.85 0.95 0.1)
(3.9 0.95 0.1)
(3.95 0.95 0.1)
(4 0.95 0.1)
(4.05 0.95 0.1)
(4.1 0.95 0.1)
(4.15 0.95 0.1)
(4.2 0.95 0.1)
(4.25 0.95 0.1)
(4.3 0.95 0.1)
(4.35 0.95 0.1)
(4.4 0.95 0.1)
(4.45 0.95 0.1)
(4.5 0.95 0.1)
(4.55 0.95 0.1)
(4.6 0.95 0.1)
(4.65 0.95 0.1)
(4.7 0.95 0.1)
(4.75 0.95 0.1)
(4.8 0.95 0.1)
(4.85 0.95 0.1)
(4.9 0.95 0.1)
(4.95 0.95 0.1)
(5 0.95 0.1)
(5.05 0.95 0.1)
(5.1 0.95 0.1)
(5.15 0.95 0.1)
(5.2 0.95 0.1)
(5.25 0.95 0.1)
(5.3 0.95 0.1)
(5.35 0.95 0.1)
(5.4 0.95 0.1)
(5.45 0.95 0.1)
(5.5 0.95 0.1)
(5.55 0.95 0.1)
(5.6 0.95 0.1)
(5.65 0.95 0.1)
(5.7 0.95 0.1)
(5.75 0.95 0.1)
(5.8 0.95 0.1)
(5.85 0.95 0.1)
(5.9 0.95 0.1)
(5.95 0.95 0.1)
(6 0.95 0.1)
(6.05 0.95 0.1)
(6.1 0.95 0.1)
(6.15 0.95 0.1)
(6.2 0.95 0.1)
(6.25 0.95 0.1)
(6.3 0.95 0.1)
(6.35 0.95 0.1)
(6.4 0.95 0.1)
(6.45 0.95 0.1)
(6.5 0.95 0.1)
(6.55 0.95 0.1)
(6.6 0.95 0.1)
(6.65 0.95 0.1)
(6.7 0.95 0.1)
(6.75 0.95 0.1)
(6.8 0.95 0.1)
(6.85 0.95 0.1)
(6.9 0.95 0.1)
(6.95 0.95 0.1)
(7 0.95 0.1)
(7.05 0.95 0.1)
(7.1 0.95 0.1)
(7.15 0.95 0.1)
(7.2 0.95 0.1)
(7.25 0.95 0.1)
(7.3 0.95 0.1)
(7.35 0.95 0.1)
(7.4 0.95 0.1)
(7.45 0.95 0.1)
(7.5 0.95 0.1)
(7.55 0.95 0.1)
(7.6 0.95 0.1)
(7.65 0.95 0.1)
(7.7 0.95 0.1)
(7.75 0.95 0.1)
(7.8 0.95 0.1)
(7.85 0.95 0.1)
(7.9 0.95 0.1)
(7.95 0.95 0.1)
(8 0.95 0.1)
(8.05 0.95 0.1)
(8.1 0.95 0.1)
(8.15 0.95 0.1)
(8.2 0.95 0.1)
(8.25 0.95 0.1)
(8.3 0.95 0.1)
(8.35 0.95 0.1)
(8.4 0.95 0.1)
(8.45 0.95 0.1)
(8.5 0.95 0.1)
(8.55 0.95 0.1)
(8.6 0.95 0.1)
(8.65 0.95 0.1)
(8.7 0.95 0.1)
(8.75 0.95 0.1)
(8.8 0.95 0.1)
(8.85 0.95 0.1)
(8.9 0.95 0.1)
(8.95 0.95 0.1)
(9 0.95 0.1)
(9.05 0.95 0.1)
(9.1 0.95 0.1)
(9.15 0.95 0.1)
(9.2 0.95 0.1)
(9.25 0.95 0.1)
(9.3 0.95 0.1)
(9.35 0.95 0.1)
(9.4 0.95 0.1)
(9.45 0.95 0.1)
(9.5 0.95 0.1)
(9.55 0.95 0.1)
(9.6 0.95 0.1)
(9.65 0.95 0.1)
(9.7 0.95 0.1)
(9.75 0.95 0.1)
(9.8 0.95 0.1)
(9.85 0.95 0.1)
(9.9 0.95 0.1)
(9.95 0.95 0.1)
(10 0.95 0.1)
(0 1 0.1)
(0.05 1 0.1)
(0.1 1 0.1)
(0.15 1 0.1)
(0.2 1 0.1)
(0.25 1 0.1)
(0.3 1 0.1)
(0.35 1 0.1)
(0.4 1 0.1)
(0.45 1 0.1)
(0.5 1 0.1)
(0.55 1 0.1)
(0.6 1 0.1)
(0.65 1 0.1)
(0.7 1 0.1)
(0.75 1 0.1)
(0.8 1 0.1)
(0.85 1 0.1)
(0.9 1 0.1)
(0.95 1 0.1)
(1 1 0.1)
(1.05 1 0.1)
(1.1 1 0.1)
(1.15 1 0.1)
(1.2 1 0.1)
(1.25 1 0.1)
(1.3 1 0.1)
(1.35 1 0.1)
(1.4 1 0.1)
(1.45 1 0.1)
(1.5 1 0.1)
(1.55 1 0.1)
(1.6 1 0.1)
(1.65 1 0.1)
(1.7 1 0.1)
(1.75 1 0.1)
(1.8 1 0.1)
(1.85 1 0.1)
(1.9 1 0.1)
(1.95 1 0.1)
(2 1 0.1)
(2.05 1 0.1)
(2.1 1 0.1)
(2.15 1 0.1)
(2.2 1 0.1)
(2.25 1 0.1)
(2.3 1 0.1)
(2.35 1 0.1)
(2.4 1 0.1)
(2.45 1 0.1)
(2.5 1 0.1)
(2.55 1 0.1)
(2.6 1 0.1)
(2.65 1 0.1)
(2.7 1 0.1)
(2.75 1 0.1)
(2.8 1 0.1)
(2.85 1 0.1)
(2.9 1 0.1)
(2.95 1 0.1)
(3 1 0.1)
(3.05 1 0.1)
(3.1 1 0.1)
(3.15 1 0.1)
(3.2 1 0.1)
(3.25 1 0.1)
(3.3 1 0.1)
(3.35 1 0.1)
(3.4 1 0.1)
(3.45 1 0.1)
(3.5 1 0.1)
(3.55 1 0.1)
(3.6 1 0.1)
(3.65 1 0.1)
(3.7 1 0.1)
(3.75 1 0.1)
(3.8 1 0.1)
(3.85 1 0.1)
(3.9 1 0.1)
(3.95 1 0.1)
(4 1 0.1)
(4.05 1 0.1)
(4.1 1 0.1)
(4.15 1 0.1)
(4.2 1 0.1)
(4.25 1 0.1)
(4.3 1 0.1)
(4.35 1 0.1)
(4.4 1 0.1)
(4.45 1 0.1)
(4.5 1 0.1)
(4.55 1 0.1)
(4.6 1 0.1)
(4.65 1 0.1)
(4.7 1 0.1)
(4.75 1 0.1)
(4.8 1 0.1)
(4.85 1 0.1)
(4.9 1 0.1)
(4.95 1 0.1)
(5 1 0.1)
(5.05 1 0.1)
(5.1 1 0.1)
(5.15 1 0.1)
(5.2 1 0.1)
(5.25 1 0.1)
(5.3 1 0.1)
(5.35 1 0.1)
(5.4 1 0.1)
(5.45 1 0.1)
(5.5 1 0.1)
(5.55 1 0.1)
(5.6 1 0.1)
(5.65 1 0.1)
(5.7 1 0.1)
(5.75 1 0.1)
(5.8 1 0.1)
(5.85 1 0.1)
(5.9 1 0.1)
(5.95 1 0.1)
(6 1 0.1)
(6.05 1 0.1)
(6.1 1 0.1)
(6.15 1 0.1)
(6.2 1 0.1)
(6.25 1 0.1)
(6.3 1 0.1)
(6.35 1 0.1)
(6.4 1 0.1)
(6.45 1 0.1)
(6.5 1 0.1)
(6.55 1 0.1)
(6.6 1 0.1)
(6.65 1 0.1)
(6.7 1 0.1)
(6.75 1 0.1)
(6.8 1 0.1)
(6.85 1 0.1)
(6.9 1 0.1)
(6.95 1 0.1)
(7 1 0.1)
(7.05 1 0.1)
(7.1 1 0.1)
(7.15 1 0.1)
(7.2 1 0.1)
(7.25 1 0.1)
(7.3 1 0.1)
(7.35 1 0.1)
(7.4 1 0.1)
(7.45 1 0.1)
(7.5 1 0.1)
(7.55 1 0.1)
(7.6 1 0.1)
(7.65 1 0.1)
(7.7 1 0.1)
(7.75 1 0.1)
(7.8 1 0.1)
(7.85 1 0.1)
(7.9 1 0.1)
(7.95 1 0.1)
(8 1 0.1)
(8.05 1 0.1)
(8.1 1 0.1)
(8.15 1 0.1)
(8.2 1 0.1)
(8.25 1 0.1)
(8.3 1 0.1)
(8.35 1 0.1)
(8.4 1 0.1)
(8.45 1 0.1)
(8.5 1 0.1)
(8.55 1 0.1)
(8.6 1 0.1)
(8.65 1 0.1)
(8.7 1 0.1)
(8.75 1 0.1)
(8.8 1 0.1)
(8.85 1 0.1)
(8.9 1 0.1)
(8.95 1 0.1)
(9 1 0.1)
(9.05 1 0.1)
(9.1 1 0.1)
(9.15 1 0.1)
(9.2 1 0.1)
(9.25 1 0.1)
(9.3 1 0.1)
(9.35 1 0.1)
(9.4 1 0.1)
(9.45 1 0.1)
(9.5 1 0.1)
(9.55 1 0.1)
(9.6 1 0.1)
(9.65 1 0.1)
(9.7 1 0.1)
(9.75 1 0.1)
(9.8 1 0.1)
(9.85 1 0.1)
(9.9 1 0.1)
(9.95 1 0.1)
(10 1 0.1)
)


// ************************************************************************* //
